subreddit,post_id,post_title,post_score,post_url,post_content_url,post_text,timestamp,post_upvote_ratio,post_ups,post_total_awards_received,post_link_flair_text,post_author,post_num_comments,has_images,num_images,is_gallery,content_type
15minutefood,1nlkiqu,What are some good protein sources for my picky eater who is now dairy free??,4,https://reddit.com/r/15minutefood/comments/1nlkiqu/what_are_some_good_protein_sources_for_my_picky/,/r/Mommit/comments/1nlkifm/what_are_some_good_protein_sources_for_my_picky/,,1758329337.0,0.75,4,0,,Cat-cat1987,11,False,0,False,text
15minutefood,1nkhsx8,My reaction when I found these lil smore kits at our local meijer! So convenient! And a nice price! Yum!!! 😋,33,https://reddit.com/r/15minutefood/comments/1nkhsx8/my_reaction_when_i_found_these_lil_smore_kits_at/,https://www.reddit.com/gallery/1nkhsx8,Just in time for end of the “summer” weather! ,1758223673.0,0.8,33,0,5 minutes,mactonite95,1,True,3,True,text
15minutefood,1nj2d8m,DalChawal💜,40,https://reddit.com/r/15minutefood/comments/1nj2d8m/dalchawal/,https://i.redd.it/7vsvts87ekpf1.jpeg,,1758079573.0,0.84,40,0,,pontinEtegmentm,6,True,1,False,image
15minutefood,1nht0nh,Left over rice & kimchi for lunch,70,https://reddit.com/r/15minutefood/comments/1nht0nh/left_over_rice_kimchi_for_lunch/,https://i.redd.it/4ufg5wboadpf1.jpeg,,1757959002.0,0.98,70,0,Leftovers,Norah_D,7,True,1,False,image
15minutefood,1ni7bbd,protein foods,3,https://reddit.com/r/15minutefood/comments/1ni7bbd/protein_foods/,/r/PickyEaters/comments/1ni5hp1/protein_foods/,,1757994969.0,1.0,3,0,Question,sparklecow13,2,False,0,False,text
15minutefood,1nfhlo5,Tempura Zucchini and okra,104,https://reddit.com/r/15minutefood/comments/1nfhlo5/tempura_zucchini_and_okra/,https://www.reddit.com/gallery/1nfhlo5,,1757717876.0,0.98,104,0,,Cheffinitup254,2,True,2,True,text
15minutefood,1nf8cez,Bacon Cheese Tater Tots,1,https://reddit.com/r/15minutefood/comments/1nf8cez/bacon_cheese_tater_tots/,https://www.reddit.com/r/15minutefood/comments/1nf8cez/bacon_cheese_tater_tots/,Quick and easy dish that’s a favorite of my family!,1757695753.0,0.6,1,0,15 minutes,Character-Bird-3838,1,False,0,False,text
15minutefood,1ncrk86,Dill Pickle/ Sweet Bread& Butter Pickle with Sharp Cheddar on Pita Bread toast with Garlic Herb butter on flat top.🥒🧀🍞🧈,58,https://reddit.com/r/15minutefood/comments/1ncrk86/dill_pickle_sweet_bread_butter_pickle_with_sharp/,https://i.redd.it/3mq4iectp6of1.jpeg,,1757444044.0,0.94,58,0,15 minutes,Conflict_Cutie_Pie98,10,True,1,False,image
15minutefood,1nbxpad,Alfredo sauce is ridiculously easy from scratch,121,https://reddit.com/r/15minutefood/comments/1nbxpad/alfredo_sauce_is_ridiculously_easy_from_scratch/,https://www.reddit.com/r/15minutefood/comments/1nbxpad/alfredo_sauce_is_ridiculously_easy_from_scratch/,"1.5 cups of heavy cream and a stick of butter, simmered for a couple minutes with hella parm, salt + seasonings of choice. insanely delicious, better than a jar, & impressive to anyone you’re serving who doesn’t know it’s so easy 😊",1757360580.0,0.97,121,0,5 minutes,applepieprincess111,23,False,0,False,text
15minutefood,1nb6uci,"Made a quick turkey club for dinner tonight. Think I will toast the bread longer next time. Still came out tasty though.  (Toast, tomato, red onion, Colby jack, bacon, lettuce, mayo, pickles, and turkey)",98,https://reddit.com/r/15minutefood/comments/1nb6uci/made_a_quick_turkey_club_for_dinner_tonight_think/,https://i.redd.it/flr9552mjtnf1.jpeg,,1757284049.0,1.0,98,0,,kibby83,5,True,1,False,image
15minutefood,1n8e8xt,Easy Taco Pockets,61,https://reddit.com/r/15minutefood/comments/1n8e8xt/easy_taco_pockets/,https://i.redd.it/co6y5c0p76nf1.jpeg,,1757001794.0,0.98,61,0,15 minutes,cooksmartr,1,True,1,False,image
15minutefood,1n7lmdc,Pizza burrito,49,https://reddit.com/r/15minutefood/comments/1n7lmdc/pizza_burrito/,https://i.redd.it/gqwl1unhlzmf1.jpeg,"A pizza burrito for when you want pizza, but don't have a pizza at home. My neighbours cat wouldn't leave me a lonely at lunch today

1 tortilla wrap
2 eggs
1 handful of mozzarella 
1 mushroom 
2 teaspoons of sundried tomato paste",1756921478.0,0.96,49,0,10 minutes,Illustrious-Rub7543,3,True,1,False,image
15minutefood,1n7rif9,What kind of cold dip should I make for my daughters birthday,11,https://reddit.com/r/15minutefood/comments/1n7rif9/what_kind_of_cold_dip_should_i_make_for_my/,https://www.reddit.com/r/15minutefood/comments/1n7rif9/what_kind_of_cold_dip_should_i_make_for_my/,"I have really been on a dip kick as it thrills me to watch everyone devour something I made 🤪 I have made Texas caviar and a corn dip recently for my family. I want to make a new dip that I can serve with Fritos or with tortilla chips that people will love that I haven’t made before. It’s going to be a hot day so I want a cold dip. 

Please everyone send me your favorite go to dips!!!
",1756934797.0,1.0,11,0,,Total_Program7682,55,False,0,False,text
15minutefood,1n6ziau,Soy chili oil rice paper noodles,102,https://reddit.com/r/15minutefood/comments/1n6ziau/soy_chili_oil_rice_paper_noodles/,https://i.redd.it/irxeq6rj7umf1.jpeg,"Saw recipes for this all over my reels, and decided to buy some circular rice paper sheets at my local Asian market. It took about 5 min. I used low sodium soy sauce, rice vinegar, chili flakes, scallion and fresh minced garlic, then heated up veg oil to pour over said mixture, then tossed the rehydrated noodles in it. Soo good. The oil pouring part is optional, I've also made it without and added black vinegar for more depth. ",1756856788.0,0.99,102,0,5 minutes,Isntthatenough,5,True,1,False,image
15minutefood,1n62z04,3 ingredient Eastern European Dinner,67,https://reddit.com/r/15minutefood/comments/1n62z04/3_ingredient_eastern_european_dinner/,https://i.redd.it/tmg1ks7sqmmf1.jpeg,"Polenta, sardines and feta cheese.

Just bring a pot of water to boil, add polenta and salt and stir until thick. 

Transfer to a bowl, add a can of sardines (I like mine in tomato sauce) and top with feta cheese. 7min30 without rushing! 

Pro-tip for leftover polenta: have it with runny eggs the next morning.",1756766287.0,0.94,67,0,10 minutes,eldenfingers,5,True,1,False,image
15minutefood,1n6ch4z,Travel friendly food for picky eater,0,https://reddit.com/r/15minutefood/comments/1n6ch4z/travel_friendly_food_for_picky_eater/,/r/Parenting/comments/1n6cgbi/travel_friendly_food_for_picky_eater/,,1756795708.0,0.5,0,0,5 minutes,dakshmommy,2,False,0,False,text
15minutefood,1n4id0n,Rosemary focaccia Sammy!,27,https://reddit.com/r/15minutefood/comments/1n4id0n/rosemary_focaccia_sammy/,https://www.reddit.com/gallery/1n4gtvi,,1756604292.0,0.87,27,0,,reckless_rachel,5,False,0,False,text
15minutefood,1n40x7k,"Quick, Colorful, Fiber-Loaded Salad",42,https://reddit.com/r/15minutefood/comments/1n40x7k/quick_colorful_fiberloaded_salad/,https://i.redd.it/djtlgwa6m5mf1.gif,,1756558470.0,0.94,42,0,10 minutes,lnfinity,7,True,1,False,image
15minutefood,1n3ansy,Simple plate.,70,https://reddit.com/r/15minutefood/comments/1n3ansy/simple_plate/,https://www.reddit.com/gallery/1n3ansy,,1756481631.0,0.87,70,0,,International-Soil73,16,True,2,True,text
15minutefood,1n0y3c8,"Two over easy eggs, minute rice and thick cut bacon- Brunch",134,https://reddit.com/r/15minutefood/comments/1n0y3c8/two_over_easy_eggs_minute_rice_and_thick_cut/,https://i.redd.it/bcsu7rkijflf1.jpeg,,1756242796.0,0.97,134,0,,Norah_D,12,True,1,False,image
15minutefood,1mztgq4,Fresh Tomato Basil Pasta,124,https://reddit.com/r/15minutefood/comments/1mztgq4/fresh_tomato_basil_pasta/,https://i.redd.it/vwf0fb15o6lf1.jpeg,,1756135398.0,1.0,124,0,Vegetarian,cooksmartr,6,True,1,False,image
15minutefood,1mzufkf,Club sandwich,53,https://reddit.com/r/15minutefood/comments/1mzufkf/club_sandwich/,https://www.reddit.com/gallery/1mzuf9v,,1756137535.0,0.98,53,0,,Gab71no,8,False,0,False,text
15minutefood,1mvuu3k,Hot dog burritos,70,https://reddit.com/r/15minutefood/comments/1mvuu3k/hot_dog_burritos/,https://i.redd.it/w6w56hxgd9kf1.jpeg,,1755732308.0,0.83,70,0,,blinkersix2,22,True,1,False,image
15minutefood,1mvqbmc,Lunch/dinner or even a light snack,50,https://reddit.com/r/15minutefood/comments/1mvqbmc/lunchdinner_or_even_a_light_snack/,https://i.redd.it/0t48m26xh8kf1.jpeg,"Prosciutto,melon and arugula with soy sauce and truffle pomegranate sauce.

Less than 10 minutes ;)",1755721664.0,0.98,50,0,10 minutes,[deleted],6,True,1,False,image
15minutefood,1mv1t87,"Sourdough toast, mashed avocado & boiled eggs topped w/ chili crisp and balsamic vinegar. Side of strawberries",92,https://reddit.com/r/15minutefood/comments/1mv1t87/sourdough_toast_mashed_avocado_boiled_eggs_topped/,https://i.redd.it/iden0m21y2kf1.jpeg,,1755654440.0,0.98,92,0,,Norah_D,4,True,1,False,image
15minutefood,1mvg3vl,looking for ideas,2,https://reddit.com/r/15minutefood/comments/1mvg3vl/looking_for_ideas/,https://www.reddit.com/r/15minutefood/comments/1mvg3vl/looking_for_ideas/,"Please tell me what I can do quickly and easily with a few eggplants? I can't stand up straight because of a broken finger, and I don't want it to spoil in the fridge.",1755699531.0,0.75,2,0,,vin4o,9,False,0,False,text
15minutefood,1mswycm,Tried a quick and tasty rice bowl last night,126,https://reddit.com/r/15minutefood/comments/1mswycm/tried_a_quick_and_tasty_rice_bowl_last_night/,https://i.redd.it/lf11u6o37mjf1.jpeg,"The longest part of this dish was making the rice! 

I cooked the beef in soy sauce, rice vinegar, sesame oil, chili oil, honey, garlic powder, and ginger powder. I did not measure and just added things to the sauce until it tasted good to me. 

I chopped up radishes and cucumbers while that was cooking and soaked them in rice vinegar and some sugar.

It came out super well! Loved it! ",1755451674.0,0.98,126,0,,Tiny-Yellow-5215,5,True,1,False,image
15minutefood,1mrcprb,Calabrian Chili Tuna Pasta,79,https://reddit.com/r/15minutefood/comments/1mrcprb/calabrian_chili_tuna_pasta/,https://www.reddit.com/gallery/1mrcprb,,1755297336.0,1.0,79,0,,Lola_Jay_Yum,3,True,2,True,text
15minutefood,1mqtf6o,Quick late night stir-fry,86,https://reddit.com/r/15minutefood/comments/1mqtf6o/quick_late_night_stirfry/,https://i.redd.it/orks3g6lp5jf1.jpeg,"Had to use vegetable some going bad. This comprised of frozen shrimps with mushrooms, Savoy cabbage, an egg mixed with potato starch and tapioca starch slurry for a chewy effect.
Topped with a dash of sesame seeds and fish sauce~",1755252246.0,1.0,86,0,,Isntthatenough,2,True,1,False,image
15minutefood,1mp1eu5,Bolognese pasta with all its secrets for a distinctive taste better than restaurants,8,https://reddit.com/r/15minutefood/comments/1mp1eu5/bolognese_pasta_with_all_its_secrets_for_a/,https://i.redd.it/4r29szxbrrif1.jpeg,https://youtu.be/zZWoT2H3G-k?si=EGiRx8S1rG5lvMIC,1755083164.0,0.56,8,0,,Nagla___,52,True,1,False,image
15minutefood,1moa6vi,[homemade] bucatini all'amatriciana,32,https://reddit.com/r/15minutefood/comments/1moa6vi/homemade_bucatini_allamatriciana/,https://i.redd.it/ttsxxn71mlif1.jpeg,,1755008772.0,0.94,32,0,,snail_Velocity,2,True,1,False,image
15minutefood,1mkm31i,High Protein Shakshuka (Cottage cheese on top),285,https://reddit.com/r/15minutefood/comments/1mkm31i/high_protein_shakshuka_cottage_cheese_on_top/,https://i.redd.it/1moup1957qhf1.jpeg,,1754628421.0,0.98,285,0,15 minutes,parthinthekitchen,14,True,1,False,image
15minutefood,1ml4t5y,"Yo, Butter the skillet (optional if adding ground garlic, onion, olive oil and chili 🌶️ here). Add ground beef, cumin, plenty of chili powder/flakes, and salt. Add more chili if you like. Serve with raw or caramelized banana 🍌. Optionally, serve with rice.",3,https://reddit.com/r/15minutefood/comments/1ml4t5y/yo_butter_the_skillet_optional_if_adding_ground/,https://www.reddit.com/r/15minutefood/comments/1ml4t5y/yo_butter_the_skillet_optional_if_adding_ground/,,1754681772.0,0.6,3,0,,Mindless_Rest1072,0,False,0,False,text
15minutefood,1mhdmfq,Fried bitter melon and egg on toasted bread😋,40,https://reddit.com/r/15minutefood/comments/1mhdmfq/fried_bitter_melon_and_egg_on_toasted_bread/,https://i.imgur.com/7WHT7ya.jpeg,,1754314526.0,0.93,40,0,10 minutes,vindolin,6,True,1,False,image
15minutefood,1mg55sq,Rice & beans....,9,https://reddit.com/r/15minutefood/comments/1mg55sq/rice_beans/,https://www.reddit.com/r/15minutefood/comments/1mg55sq/rice_beans/,"When Venezuela collapsed due to hyperinflation, a family I know survived largely on a 50 lb bag of rice & a few garden veggies.

When faced with this type of situation, what foods or spices would you acquire now if you knew that the US was barreling towards a similar economic collapse?

I have the recipe & ingredients for Taco Bell sauce.

I have lemon, lime, and cilantro oil.

I grow fresh basil, garlic, & rosemary in my garden.

I have a flock of chickens that produce about 9 eggs per day.

I have several cases (#10 cans) of black beans, pinto beans, and white beans. Lots of red wheat & lentils, too.

I have dehydrated spinach, bell peppers, carrots, and onions.

I have cocoa, cinnamon, & shelf-stable cream.

Give me your recipes & desserts, please! ❤️

I'm not particularly paranoid but I despise lack of variety & being hangry. 😎",1754179402.0,0.8,9,0,,HRUndercover222,2,False,0,False,text
15minutefood,1mfoqoz,"The best dish you can try is chicken breasts with cream, with added high nutritional value.",10,https://reddit.com/r/15minutefood/comments/1mfoqoz/the_best_dish_you_can_try_is_chicken_breasts_with/,https://i.redd.it/tia5hqtcilgf1.jpeg,https://youtu.be/aPh3NCVt8nk?si=vMCPGCBnNMXF_KmP,1754135810.0,0.63,10,0,,Nagla___,3,True,1,False,image
15minutefood,1mggorn,"A slide of bread, a slice of cheese, and ketchup! Voila the snack is ready",0,https://reddit.com/r/15minutefood/comments/1mggorn/a_slide_of_bread_a_slice_of_cheese_and_ketchup/,https://i.redd.it/gx6ei2wlfsgf1.jpeg,,1754219634.0,0.3,0,0,5 minutes,Antique-Abrocoma-271,20,True,1,False,image
15minutefood,1mcxuic,"How come when I boil eggs for potato salad, they come out of the shell perfectly smooth, but when I need boiled eggs for deviled eggs they look like the goats had a go at them?",96,https://reddit.com/r/15minutefood/comments/1mcxuic/how_come_when_i_boil_eggs_for_potato_salad_they/,https://www.reddit.com/r/15minutefood/comments/1mcxuic/how_come_when_i_boil_eggs_for_potato_salad_they/,,1753851883.0,0.96,96,0,,KaleidoscopeDear754,44,False,0,False,text
15minutefood,1mbrcsu,The most delicious dish Zucchini  with yogurt(Shikh ElMahshi),4,https://reddit.com/r/15minutefood/comments/1mbrcsu/the_most_delicious_dish_zucchini_with_yogurtshikh/,https://youtu.be/OnbKoZkaq7E?si=2v34Z8NBuDX_13z5,,1753734403.0,0.7,4,0,15 minutes,Nagla___,4,False,0,False,text
15minutefood,1masisg,Easy Black Bean and Corn Dip,24,https://reddit.com/r/15minutefood/comments/1masisg/easy_black_bean_and_corn_dip/,https://i.redd.it/81maowf3egff1.jpeg,"Full recipe: [Black Bean Corn Feta Dip - Thermo Spoons](https://thermospoons.com/black-bean-corn-feta-dip/)

Ingredients

# Black Bean and Corn Dip

* ▢1 400 g 14oz canned corn drained and rinsed - see notes below.
* ▢1 400 g 14oz black beans drained and rinsed - see notes below.
* ▢1 small red onion chopped
* ▢1 teaspoon ground cumin
* ▢½ cup kalamata or black olives halved
* ▢1 red bell pepper chopped
* ▢1 cup or 150g feta cheese cubed
* ▢a handful chopped cilantro or parsley (to garnish)

# Italian Dressing

* ▢⅓ cup fresh lemon juice
* ▢3 Tablespoon red wine vinegar
* ▢1 teaspoon mustard
* ▢½ teaspoon dried oregano
* ▢1 clove garlic minced
* ▢1-2 teaspoon honey
* ▢½ cup olive oil
* ▢½ teaspoon kosher salt use more or less, to taste
* ▢½ teaspoon pepper use more or less, to taste
* ▢a handful sliced fresh basil (optional)

# Instructions 

* Add the lemon juice, red wine vinegar, mustard, oregano, garlic, honey, olive oil, salt, and pepper to a jar with a lid. Close the lid tightly and shake well until fully combined. Stir in the basil if using.
* In a large bowl, combine the corn, black beans, red onion, cumin, olives, red bell pepper, cilantro or parsley, and feta cheese. Stir gently to mix, taking care not to break the beans.
* Pour the dressing over the salad, and toss everything together until evenly coated.
* Cover and chill for at least 30 minutes before serving. Serve with tortilla chips, as a side dish, or enjoy it as is.",1753638112.0,0.87,24,0,,paleolowcarbkat,2,True,1,False,image
15minutefood,1m96dn4,Peach Crostini Recipe,72,https://reddit.com/r/15minutefood/comments/1m96dn4/peach_crostini_recipe/,https://i.redd.it/wz7m7hpx82ff1.jpeg,,1753466762.0,0.99,72,0,,cooksmartr,9,True,1,False,image
15minutefood,1m7tf7j,"Made this for breakfast, took me under 10mins. What could I do better here ? Posting video in comment",83,https://reddit.com/r/15minutefood/comments/1m7tf7j/made_this_for_breakfast_took_me_under_10mins_what/,https://i.redd.it/dh4x0v2moqef1.jpeg,,1753326750.0,0.84,83,0,,skipperzz007,60,True,1,False,image
15minutefood,1m6sti3,Easy No Bake App or Snack,51,https://reddit.com/r/15minutefood/comments/1m6sti3/easy_no_bake_app_or_snack/,https://i.redd.it/94qihdgl9ief1.jpeg,Recipe in comments- perfect crunch healthy-ish snack! ,1753224844.0,0.96,51,0,15 minutes,Yasss_girl_,5,True,1,False,image
15minutefood,1m6hqte,What is that?,10,https://reddit.com/r/15minutefood/comments/1m6hqte/what_is_that/,https://i.redd.it/yx1gkuh46gef1.jpeg,"I cracked an egg and these came out along with it, does anyone have any clue what it is? ",1753199463.0,0.65,10,0,,Sparkle_bunny69,19,True,1,False,image
15minutefood,1m5fiy0,Pinsa Mediterrana (Prep + Baking 15 Mins.),25,https://reddit.com/r/15minutefood/comments/1m5fiy0/pinsa_mediterrana_prep_baking_15_mins/,https://www.reddit.com/gallery/1m5ffyr,,1753094416.0,0.93,25,0,15 minutes,Gulliveig,4,False,0,False,text
15minutefood,1m52zau,"Easy Tomato Soup (My recipe, and no cream)",22,https://reddit.com/r/15minutefood/comments/1m52zau/easy_tomato_soup_my_recipe_and_no_cream/,https://www.reddit.com/r/15minutefood/comments/1m52zau/easy_tomato_soup_my_recipe_and_no_cream/,"Hello! I made a bowl of tomato soup using onions, olive oil, chicken broth, and some canned diced tomatoes. (Along with some other seasonings) this recipe makes 2 bowls of tomato soup.

——Ingredients——

1/4 of an onion, finely chopped.
1 can of 14.5 oz diced tomatoes
2 tbsp of olive oil
1 1/2 cup of chicken stock
Salt (to sweat down the onions and make more room for the tomatoes)
1tsp of garlic powder
2tsp of Kirkland Organic Seasoning no salt (Not sponsored it just had most of the ingredients needed.)

——Method——

I heated up the stove top on a medium heat, with the saucepan on it, and then added in the olive oil, and the diced onion. I stirred them around until they were translucent, using salt to quicken the process with sweating the onion it doesn’t have to he perfect, we’ll be blending it up later. 

After about 5-10 minutes, I then put in the whole can of diced tomatoes. Stirring occasionally. I then added the chicken broth, along with the Kirkland seasoning, and Garlic powder, stirring it up into the “soup” slightly to get the flavors incorporated. I then put the lid on, and turned the heat to a medium high heat, letting it go to a light simmer. 

After it was done, I used an immersion blender in the pot, and carefully puréed everything together. You can use a normal blender if you don’t have an immersion blender yourself. Hope you enjoy!",1753052974.0,1.0,22,0,,Xeroh_01,2,False,0,False,text
15minutefood,1m2refb,Simple avocado on croissant and cappuccino,135,https://reddit.com/r/15minutefood/comments/1m2refb/simple_avocado_on_croissant_and_cappuccino/,https://i.redd.it/fb2ir3siujdf1.jpeg,,1752808146.0,0.97,135,0,10 minutes,1mz99,12,True,1,False,image
15minutefood,1m0ahp0,What are things you can do with Flour in 15 minutes?,21,https://reddit.com/r/15minutefood/comments/1m0ahp0/what_are_things_you_can_do_with_flour_in_15/,https://www.reddit.com/r/15minutefood/comments/1m0ahp0/what_are_things_you_can_do_with_flour_in_15/,,1752561044.0,0.92,21,0,Question,[deleted],44,False,0,False,text
15minutefood,1lwzpnf,[homemade] I made Chakuli (called in Odia) in breakfast today.,38,https://reddit.com/r/15minutefood/comments/1lwzpnf/homemade_i_made_chakuli_called_in_odia_in/,https://www.reddit.com/gallery/1lwzpfm,,1752215192.0,0.96,38,0,,Born_Maestro,9,False,0,False,text
15minutefood,1lwai82,[homemade] I made crab masala at home,20,https://reddit.com/r/15minutefood/comments/1lwai82/homemade_i_made_crab_masala_at_home/,https://www.reddit.com/gallery/1lwai82,,1752147552.0,0.72,20,0,,Born_Maestro,9,True,2,True,text
15minutefood,1lssq49,What are some easy to make high protein meals?,30,https://reddit.com/r/15minutefood/comments/1lssq49/what_are_some_easy_to_make_high_protein_meals/,https://www.reddit.com/r/15minutefood/comments/1lssq49/what_are_some_easy_to_make_high_protein_meals/,I have been working out for quite some time but I think my diet is standing in the way of my dream physique. I have never really cooked besides pasta. So what are some good healthy(ideally high Protien) meals that a beginner cook like me can make? I have breakfast covered but I need some stuff for dinner and lunch. Thank you! ,1751776585.0,0.93,30,0,Question,Americanidiot29,41,False,0,False,text
15minutefood,1lpe1ox,5 ish minute dip for camping this weekend!,29,https://reddit.com/r/15minutefood/comments/1lpe1ox/5_ish_minute_dip_for_camping_this_weekend/,https://i.redd.it/5xcn7djezbaf1.jpeg,"Taco dip 😋 

3/4 cup Plain Greek Yogurt or Sour Cream (I prefer full fat)
3/4 cup Mayonaiise
1-2 tbsp taco seasoning
1/2 cup shredded cheese cheddar, mexican blend
1/3 c salsa
optional: lettuce, diced tomatoes, olives to top it.",1751405383.0,0.93,29,0,5 minutes,Yasss_girl_,11,True,1,False,image
15minutefood,1lixl9s,Chicken Pot Pie,32,https://reddit.com/r/15minutefood/comments/1lixl9s/chicken_pot_pie/,https://www.reddit.com/r/15minutefood/comments/1lixl9s/chicken_pot_pie/,"It's not a new revelation but shred rotisserie chicken with frozen veggies, some milk or heavy cream, cornstarch to thicken, season to taste. Bake some instant biscuits and voila, it's an easy meal for days or toss in the freezer to share. It's one of like 7 recipes with my rotisserie chicken from Costco. ",1750726131.0,0.94,32,0,,miranda310,11,False,0,False,text
15minutefood,1li23gv,Mediterranean Hummus Bowl,259,https://reddit.com/r/15minutefood/comments/1li23gv/mediterranean_hummus_bowl/,https://www.reddit.com/gallery/1li23gv,,1750635739.0,0.99,259,0,Vegetarian,Lola_Jay_Yum,15,True,2,True,text
15minutefood,1lghsnq,Mexican Bean Dip,102,https://reddit.com/r/15minutefood/comments/1lghsnq/mexican_bean_dip/,https://i.redd.it/ydst0ouly58f1.jpeg,,1750460781.0,0.99,102,0,15 minutes,cooksmartr,9,True,1,False,image
15minutefood,1ldntnw,California Roll Cucumber Salad,80,https://reddit.com/r/15minutefood/comments/1ldntnw/california_roll_cucumber_salad/,https://i.redd.it/eabitnfzth7f1.png,,1750168671.0,0.96,80,0,15 minutes,mommalewsblog,16,True,1,False,image
15minutefood,1lbpo37,Thai Green Papaya Salad (Vegan Som Tum),79,https://reddit.com/r/15minutefood/comments/1lbpo37/thai_green_papaya_salad_vegan_som_tum/,https://berryberrylife.com/papaya-salad-recipe/,,1749954770.0,0.98,79,0,Vegan,BerryBerryLife,8,True,2,True,text
15minutefood,1l9mg0o,Shanghai Scallion Noodles,130,https://reddit.com/r/15minutefood/comments/1l9mg0o/shanghai_scallion_noodles/,https://i.redd.it/pggtdl8wzh6f1.gif,,1749734798.0,0.99,130,0,15 minutes,lnfinity,8,True,1,False,image
15minutefood,1l9xky2,Cosmic Brownie Inspired Cookies!,5,https://reddit.com/r/15minutefood/comments/1l9xky2/cosmic_brownie_inspired_cookies/,https://www.reddit.com/r/15minutefood/comments/1l9xky2/cosmic_brownie_inspired_cookies/,"Cosmic Brownie Inspired Cookies 🍫🍪 Bursting with chocolate, happiness, and delicious crunch with Fancy Sprinkles's Rainbow Baking Confetti that you can now grab from Walmart!🎊 I added the Rainbow Baking Confetti to the cookie dough itself, the chocolate shards, and then rolled the shaped cookies in it ~ the Confetti bake up perfectly, keeping it's shape, color, and the crunch, I'm in love with them 🥹🌈🍭

#bakingconfetti #chocolatecookies #cookies #fancysprinkles #funfetticookies #funfetti #confetti #cookies #baking
                    https://www.instagram.com/reel/DKzpofSsceK/?igsh=aTRlaDZpbTIxcjZn",1749761517.0,0.78,5,0,,SashaNary,0,False,0,False,text
15minutefood,1l2ry64,BBQ Chicken Salad,222,https://reddit.com/r/15minutefood/comments/1l2ry64/bbq_chicken_salad/,https://i.redd.it/qek3z1y81t4f1.jpeg,,1748996736.0,0.99,222,0,,cooksmartr,16,True,1,False,image
15minutefood,1l1qpoq,Ramen 🍜,43,https://reddit.com/r/15minutefood/comments/1l1qpoq/ramen/,https://i.redd.it/dx496yfvbk4f1.jpeg,,1748891354.0,0.74,43,0,10 minutes,PutRoutine8002,16,True,1,False,image
15minutefood,1kz6gp6,Protein Peanut butter stuffed sweet potatoes. 74g of protein,63,https://reddit.com/r/15minutefood/comments/1kz6gp6/protein_peanut_butter_stuffed_sweet_potatoes_74g/,https://i.redd.it/1p0z66l1px3f1.jpeg,,1748617316.0,0.92,63,0,10 minutes,thebodybuildingvegan,18,True,1,False,image
15minutefood,1kxwi2w,Chickpea Salad,116,https://reddit.com/r/15minutefood/comments/1kxwi2w/chickpea_salad/,https://www.reddit.com/gallery/1kxwi2w,https://proteindeficientvegan.com/recipes/creamy-no-mayo-chickpea-salad,1748476559.0,0.98,116,0,Vegan,proteindeficientveg,7,True,4,True,text
15minutefood,1kwljc4,High Protein Butter Beans Salad,10,https://reddit.com/r/15minutefood/comments/1kwljc4/high_protein_butter_beans_salad/,https://thermospoons.com/high-protein-butter-beans-salad/,,1748347531.0,0.87,10,0,,paleolowcarbkat,0,False,0,False,text
15minutefood,1ktmnsc,High-Protein Peanut Butter & Jelly Rice Cakes (50g Protein),65,https://reddit.com/r/15minutefood/comments/1ktmnsc/highprotein_peanut_butter_jelly_rice_cakes_50g/,https://www.reddit.com/gallery/1ktmnsc,,1748014689.0,0.95,65,0,5 minutes,thebodybuildingvegan,7,True,2,True,text
15minutefood,1kqqxzp,Daiso Stir Fry,15,https://reddit.com/r/15minutefood/comments/1kqqxzp/daiso_stir_fry/,https://www.reddit.com/r/15minutefood/comments/1kqqxzp/daiso_stir_fry/,"https://preview.redd.it/v311i6blpt1f1.jpg?width=1920&format=pjpg&auto=webp&s=01ab5566d6f7b3f1e0c8c3f803d18dcd71b18440

I made this stir fry after I discovered Daiso, aka the Japanese Five Below. They've got tons of housewares, food, and other cool trinkets for everyday use. In fact, the bowl, plate, and noodles you're looking at are from Daiso!! This recipe is something I just threw together and it ended up tasting pretty good, so I hope you all enjoy!

# YOU WILL NEED:

* Matcha Buckwheat Noodles (or regular buckwheat noodles if you can't find matcha ones)
* edamame
   * If edamame isn't enough protein for you, you can add tofu or meat to this recipe
* mushrooms
* bean sprouts
* mixed greens (preferably nutritious greens like kale, cabbage, spinach, etc., Do not use Iceberg lettuce for this recipe)
   * if mixed greens are not available, opt for Broccoli Slaw (shredded broccoli, shredded cabbage, shredded carrots)
* neutral cooking oil
* the following spices, sauces and oils: soy sauce, sesame oil, garlic powder, ginger powder, onion powder, red pepper flakes, white pepper
* OPTIONAL: green onion, sesame seeds, shredded nori for garnish

# DIRECTIONS:

1. Cook noodles according to package directions. Once they're finished, blanch them after draining to prevent them from overcooking.
2. In a small bowl, combine oils and seasonings with soy sauce. Set aside.
3. In a large frying pan, add some neutral oil and begin frying the mushrooms, edamame, and other vegetables. Do not cook them all the way.
   1. **NOTE:** if you plan on adding any tofu or meat, cook those thoroughly before adding the mushrooms, veggies, and edamame
4. Add buckwheat noodles and greens to the pan.
5. Add seasoned soy sauce and stir continuously until everything is evenly coated.
6. Remove from heat and add bean sprouts. Serve with or without garnishes.",1747698636.0,0.95,15,0,15 minutes,blackarov,4,True,1,False,text
15minutefood,1kq1mhe,Today is my birthday,16,https://reddit.com/r/15minutefood/comments/1kq1mhe/today_is_my_birthday/,https://www.reddit.com/r/15minutefood/comments/1kq1mhe/today_is_my_birthday/,Nag iisip ako ng food na pwedeng lutuin for my birthday na masarap at mabilis lang lutuin. Mga 5 dishes sana. Any suggestions po?,1747623918.0,0.77,16,0,Question,RomlovesGensan,8,False,0,False,text
15minutefood,1kof0h4,Vegan 'Tuna' Salad with chickpeas,53,https://reddit.com/r/15minutefood/comments/1kof0h4/vegan_tuna_salad_with_chickpeas/,https://berryberrylife.com/vegan-tuna-salad/,,1747438187.0,0.98,53,0,Vegan,BerryBerryLife,12,True,2,True,text
15minutefood,1ko7yu7,First try pork tenderloin 🐷🥩,6,https://reddit.com/r/15minutefood/comments/1ko7yu7/first_try_pork_tenderloin/,https://www.reddit.com/gallery/1ko7xjp,,1747419688.0,0.69,6,0,,kubesak97,3,False,0,False,text
15minutefood,1kliiix,My favorite 15 minute food...what's yours?,80,https://reddit.com/r/15minutefood/comments/1kliiix/my_favorite_15_minute_foodwhats_yours/,https://www.reddit.com/r/15minutefood/comments/1kliiix/my_favorite_15_minute_foodwhats_yours/,"Is an open face tuna melt with cheese, red onion and home grown tomatoes! The store bought cherry tomatoes will do too.",1747132163.0,0.97,80,0,,PieSecret9174,87,False,0,False,text
15minutefood,1kl5lm0,Chinese Style Steamed Fish in the Microwave,191,https://reddit.com/r/15minutefood/comments/1kl5lm0/chinese_style_steamed_fish_in_the_microwave/,https://i.redd.it/5b9ala97df0f1.jpeg,,1747087890.0,0.93,191,0,15 minutes,cooksmartr,9,True,1,False,image
15minutefood,1kiuct6,Vegetable Dumpling Salad with Spicy Homemade Salad Dressing,93,https://reddit.com/r/15minutefood/comments/1kiuct6/vegetable_dumpling_salad_with_spicy_homemade/,https://berryberrylife.com/dumpling-salad/,,1746827464.0,1.0,93,0,Vegan,BerryBerryLife,9,True,2,True,text
15minutefood,1kde2hp,Tofu Scramble with Vegetables,57,https://reddit.com/r/15minutefood/comments/1kde2hp/tofu_scramble_with_vegetables/,https://berryberrylife.com/tofu-scramble/,,1746225833.0,0.98,57,0,15 minutes,BerryBerryLife,7,True,2,True,text
15minutefood,1kd4c05,Meal that reminds you of summer?,167,https://reddit.com/r/15minutefood/comments/1kd4c05/meal_that_reminds_you_of_summer/,https://www.reddit.com/r/15minutefood/comments/1kd4c05/meal_that_reminds_you_of_summer/,Looking for easy and yummy meal options that make you think of summer time and are good for families on the go! ,1746201011.0,0.98,167,0,,Cindy-Smith-,453,False,0,False,text
15minutefood,1kd49do,Say grace protein pasta with green beans and nutritional yeast,29,https://reddit.com/r/15minutefood/comments/1kd49do/say_grace_protein_pasta_with_green_beans_and/,https://i.redd.it/ydvf3mal3eye1.jpeg,,1746200831.0,0.97,29,0,10 minutes,thebodybuildingvegan,2,True,1,False,image
15minutefood,1kbon9o,"No-Mayo, No-Problem: Spring Asparagus Pasta Salad That Screams Freshness!",57,https://reddit.com/r/15minutefood/comments/1kbon9o/nomayo_noproblem_spring_asparagus_pasta_salad/,https://i.redd.it/cgo3vu2ct0ye1.jpeg,,1746040148.0,0.97,57,0,15 minutes,theFoodOlic,14,True,1,False,image
15minutefood,1k6lvdu,Banana pancakes under 15mins,89,https://reddit.com/r/15minutefood/comments/1k6lvdu/banana_pancakes_under_15mins/,https://www.reddit.com/gallery/1k6lvdu,,1745477733.0,0.93,89,0,,Existing-Charge5200,28,True,2,True,text
15minutefood,1k0tham,Restaurant-Style Crispy Salmon in 15 Minutes,24,https://reddit.com/r/15minutefood/comments/1k0tham/restaurantstyle_crispy_salmon_in_15_minutes/,https://www.reddit.com/r/15minutefood/comments/1k0tham/restaurantstyle_crispy_salmon_in_15_minutes/,"This is one of my favorite, weekday meals that...you guessed it - I eat every week :)

I often switch out the greens for asparagus, or sometimes roasted cauliflower. I know some people (like myself) are more of a visual person, so I created a video for y'all to follow along to. LMK how you like it - recipe below!

[https://youtu.be/565bSGa9H\_s?si=aQozS8uWng9mZ-Ng](https://youtu.be/565bSGa9H_s?si=aQozS8uWng9mZ-Ng)

# Ingredients

**For the Salmon:**

* 2 salmon fillets (6 oz each – Atlantic or King work best)
* 1 tbsp olive oil
* 1 tsp kosher salt
* ½ tsp fresh cracked black pepper

**For the Tangy Dipping Sauce:**

* ½ shallot, minced
* 3 tbsp fresh dill, chopped
* 2 tsp capers
* Juice of ½ lemon
* ¼ cup sour cream
* ¼ cup mayonnaise
* Salt & pepper to taste

**Optional Side:**

* 1 bunch broccolini, sautéed in olive oil with a pinch of salt

# Directions

**1. Make the sauce:**  
In a small bowl, combine the minced shallot, dill, capers, lemon juice, salt, and pepper. Let it sit for 5 minutes to mellow out the shallot. Stir in the sour cream and mayo. Chill in the fridge until you're ready to serve.

**2. Cook the broccolini (optional):**  
Heat a bit of olive oil in a pan over medium-high heat. Sauté the broccolini for \~5 minutes until tender and slightly crispy.

**3. Cook the salmon:**  
Heat olive oil in a non-stick skillet. Pat the salmon dry and season both sides with salt and pepper.

* Cook skin-side *up* for 4 minutes
* Flip and cook skin-side *down* for another 4 minutes, or until cooked through and skin is crisp.

# Serve it up

Plate the salmon with the broccolini and that tangy dill sauce on the side (or spooned on top—no judgment). It's super simple, but tastes like something you'd order at a restaurant.

Let me know if you give it a try or tweak it your way! Always down to hear sauce upgrades or favorite sides that go with it.",1744832614.0,1.0,24,0,,AHwCaroline,5,False,0,False,text
15minutefood,1jysrfj,"[homemade] I like cooking, it's my dopamine hit.",70,https://reddit.com/r/15minutefood/comments/1jysrfj/homemade_i_like_cooking_its_my_dopamine_hit/,https://i.redd.it/qt7b02xl1rue1.png,"I experimented the rice with korean gochujang sauce and some onions, egg, bell peppers, salt. It was uniquely savoury. I'm insecure of my plating as I don't have good utensils.",1744614161.0,0.97,70,0,15 minutes,Existing-Charge5200,10,True,1,False,image
15minutefood,1jw91fv,Burger,224,https://reddit.com/r/15minutefood/comments/1jw91fv/burger/,https://i.redd.it/49dn3p37q2ue1.jpeg,"Ingredients:  (for one)

Ground beef (300 g) 
Salt and pepper to taste Burger buns (2 pieces) 
Camembert cheese (50 g) 
Breadcrumbs (50 g) 
Egg (1 piece) 
Lettuce leaves Tomato (1 piece) 
Sauce (to taste, such as mayo or mustard) 
Oil for frying Instructions:

The Patties: In a bowl, mix the ground beef with salt and pepper. Shape the mixture into two patties. Coat each patty in breadcrumbs, then fry them in a skillet with vegetable oil for 3-4 minutes on each side until golden brown. Camembert in Breadcrumbs: Cut the camembert cheese into small pieces. In a separate bowl, beat the egg. Dip the cheese pieces in the egg, then coat them in breadcrumbs. Fry the cheese in a skillet until golden and crispy. Assembling the Burger: Slice the buns in half and toast them in a skillet until golden brown. On the bottom half of the bun, place the lettuce, then the beef patty, followed by the breadcrumb-coated camembert, tomato, and sauce. Top with the other half of the bun",1744319757.0,0.98,224,0,15 minutes,Suitable-City2088,24,True,1,False,image
15minutefood,1jrznrx,Doesn't get much easier than bruschetta,100,https://reddit.com/r/15minutefood/comments/1jrznrx/doesnt_get_much_easier_than_bruschetta/,https://i.redd.it/mcp96ugnjzse1.jpeg,"You can get the full recipe with instruction pictures here: [https://lordsoftheplants.com/epic-vegan-bruschetta/](https://lordsoftheplants.com/epic-vegan-bruschetta/)

* 4 toasts or other bread
* 1/2 onion small one
* handful basil
* 300 grams/ 1 3/4 cups tomatoes
* 2 cloves of garlic
* 2 tbsp olive oil



* Preheat the oven to 180ºC (350ºF). Rub the toast slices with some olive oil before placing them in the oven to bake for about 10 minutes or until nicely golden-brown. 
* In the meantime dice the tomatoes and place them in a medium bowl and chop the basil and onions.
* Add the minced garlic, basil and finely chopped red onion to the tomatoes. Drizzle 2 tablespoons of olive oil over the mixture. Season with salt and pepper to taste. Stir the mixture gently to combine all ingredients. Set aside to let the flavors meld.
* Lastly, let the now nicely baked toast cool for a moment and finish off the recipe by spooning the tomato mixture generously onto each slice of toasted bread. Enjoy!

  
",1743845395.0,0.94,100,0,10 minutes,lordsoftheplants,19,True,1,False,image
15minutefood,1jojwnf,Easy Greek style flatbread,107,https://reddit.com/r/15minutefood/comments/1jojwnf/easy_greek_style_flatbread/,https://i.redd.it/y89f9p38m4se1.jpeg,"Naan style flatbread 
Mozzarella
Feta crumbles
Olives
Onion (thinly sliced)
Italian seasoning 
Olive oil (quick drizzle)
Optional: sliced chicken thighs (this obviously will add to the time but I am eating these all week so marinaded thighs in lemon vinaigrette then oven roasted)

Bake at 425 for 10 minutes.

Customize it to your liking! Super easy and delicious.
",1743470940.0,0.96,107,0,,True-Influence0505,12,True,1,False,image
15minutefood,1jn3flb,Lazy Being's Cookbook,24,https://reddit.com/r/15minutefood/comments/1jn3flb/lazy_beings_cookbook/,https://www.reddit.com/r/15minutefood/comments/1jn3flb/lazy_beings_cookbook/,"1) boil an egg (3 minutes)
2) spread tartar sauce on half a slice of bread. 
3) spread a little mustard on the other half of the bread. 
4) sprinkle the tarnish sauce with a little paprika. 
5) add salt and pepper to taste. 
6) cut the egg in half after shelling it. 
7) Fold between the pieces of the bread.
Bada boom bada bing lazy being's egg salad sandwich.",1743304136.0,0.93,24,0,10 minutes,Fun_Cap3666,5,False,0,False,text
15minutefood,1jlpdum,Make this ull love me ( quick yummy recipe),26,https://reddit.com/r/15minutefood/comments/1jlpdum/make_this_ull_love_me_quick_yummy_recipe/,https://www.reddit.com/r/15minutefood/comments/1jlpdum/make_this_ull_love_me_quick_yummy_recipe/,"2 onion 
2 tomatoes

1 cup curd / dahi / yogurt 
( dairy product I don't know what u call it) 

Cut tomatoes / onion very 🤏 thin 

Put oil in pan fry them together till brown a bit little

Then add curry masala mixture from packet like mutton masala Or chicken masala Or if u don't have then ( chilly powder + salt + a bit little 🤏 turmeric powder sprinkle ) 

Shake ur pan mix properly while frying .. Wait for some minutes 10 minutes to fry masala in it.. 

Then add curd/yogurt/dahi cup in it... 

Again shake pan and mix them up nicely wait for 5 minutes then stop gas or stove and cover that curry with a utensil for 15 minutes.. 

Have ur food ready ull love it with bread or Indian roti. 

Men's who don't know cook.. Is best for u... 

",1743145912.0,0.85,26,0,15 minutes,[deleted],2,False,0,False,text
15minutefood,1jlfiw3,Grilled Salmon & Couscous Salad,47,https://reddit.com/r/15minutefood/comments/1jlfiw3/grilled_salmon_couscous_salad/,https://i.redd.it/4npub53v4bre1.jpeg,"Ingredients
1 salmon fillet (120–150g)
dry Mediterranean style couscous 110g
boiling water 170ml
Handful cherry tomatoes, halved
1/4 cucumber, diced
1 tbsp olive oil
1/4 red onion, finely chopped
1/4 tsp cumin
Salt, pepper, lemon juice
30g feta or mozzarella (optional)

Halved the couscous as made 2 portions


Instructions
Preheat oven to 200°C (fan 180°C).
Rub salmon with 1/2 olive oil, cumin, salt, pepper.
Bake salmon for 15 minutes.
Place couscous in a bowl, pour over boiling water, cover and leave 5 minutes.
Fluff couscous and mix with vegetables, 1/2 olive oil, and lemon juice.
Top with cooked salmon and crumbled cheese.
",1743114000.0,0.93,47,0,,Rosssseay,2,True,1,False,image
15minutefood,1jjyrgy,Flavored butter rice for anything on top,29,https://reddit.com/r/15minutefood/comments/1jjyrgy/flavored_butter_rice_for_anything_on_top/,https://www.reddit.com/r/15minutefood/comments/1jjyrgy/flavored_butter_rice_for_anything_on_top/,"First off, rice is like the most consumed thing on earth in every culture so put down your bread or whatever and get on the rice train! You can throw anything on rice and it's great. Beans, meat, veggies, tomato sauce, mayo whatever. I literally put anything on it. I'm eating rice with pesto, beans, kale and canned tuna on it right now. I opened a jar of pesto, can of beans, can of tuna, and pre packaged kale and I just threw it on top and microwaved it. Bam.

Second, get a rice cooker. Once you start eating rice daily, get a rice cooker.

Third, this is something I kind of just learned after I ate at a Mediterranean restaurant. Throw a piece of butter and meat/veggie stock from a box like Swanson or buillon like the cubes or powder in the rice cooker with the rice and water. Bam you have amazing flavored rice. Honestly with this rice it only needs like one thing. Like you can put some canned beans on it and you're good for a great meal. If I did that when I had regular non flavored white rice it would have been doable but not great.

So yeah buy rice (I get like a 10 pound bag on amazon), buy a rice cooker, throw rice water stock/bullion and some butter (optional) into it and let it auto cook. Then eat some of the rice and store the rest of it in the refrigerator and eat the rice throughout the week with whatever you choose to put on top.",1742948128.0,0.98,29,0,5 minutes,poopyfacemcpooper,5,False,0,False,text
15minutefood,1jeb9rv,Super quick snack,76,https://reddit.com/r/15minutefood/comments/1jeb9rv/super_quick_snack/,https://i.redd.it/364a4voulhpe1.jpeg,Salad and mayonnaise rolls 😋,1742320659.0,0.93,76,0,,[deleted],20,True,1,False,image
15minutefood,1jdvb90,Chicken Sandwich 🥖🍗🧀,102,https://reddit.com/r/15minutefood/comments/1jdvb90/chicken_sandwich/,https://www.reddit.com/gallery/1jdvb90,"Sandwich recipe:
French bread 
Ground chicken (with seasonings)
- bell pepper (red/green)
- cheese 
- paprika 
- salt
- pepper
- soy sauce
- ginger powder
- onion and garlic (powder will also do)
Lettuce
Cheese

I hope this helps, just 15 minutes preparation! ❤️
 


",1742266384.0,0.96,102,0,15 minutes,Lush-Ivy,6,True,5,True,text
15minutefood,1jcjjna,1 pot Hainanese Chicken Rice,28,https://reddit.com/r/15minutefood/comments/1jcjjna/1_pot_hainanese_chicken_rice/,https://www.reddit.com/r/15minutefood/comments/1jcjjna/1_pot_hainanese_chicken_rice/,"Is Rice Cooker stuff allowed? Hands on time 15min then leave it in the rice cooker and it's done.

3 options: Instant Pot, Rice Cooker or Pan (pan takes long time...)

[One-pot Hainanese Chicken Rice - Red House Spice](https://redhousespice.com/chinese-style-one-pot-chicken-rice/)

I haven't tried Instant Pot.",1742125011.0,0.94,28,0,,nulto,8,False,0,False,text
15minutefood,1j37c77,Mafalde Pasta with Spinach and Goat Cheese,213,https://reddit.com/r/15minutefood/comments/1j37c77/mafalde_pasta_with_spinach_and_goat_cheese/,https://i.redd.it/89rkcyemanme1.jpeg,,1741081987.0,1.0,213,0,15 minutes,amuseyourbouche,34,True,1,False,image
15minutefood,1iyn4qn,Cheesy Garlic Egg Toast (Korean-inspired),71,https://reddit.com/r/15minutefood/comments/1iyn4qn/cheesy_garlic_egg_toast_koreaninspired/,https://i.redd.it/lhkbira6ghle1.jpeg,"Cheesy Garlic Egg Toast (Korean-inspired)
Ingredients:
	•	5-6 garlic cloves
	•	Butter
	•	Parsley
	•	1 slice of bread
       •     1 slice of cheese 
	•	2 eggs
	•	Salt (to taste)
	•	Black pepper (optional)
 
Instructions:
	1.	Melt butter in a pan, then add finely minced garlic and parsley. Season with salt.
	2.	Take a slice of bread and cut it into two halves.
	3.	Spread the garlic and parsley butter mixture on one side of each bread half.
	4.	In a separate pan, melt a little butter and pour in the whisked eggs.
	5.	Carefully place the bread halves, with the buttered side facing up, into the pan with the eggs.
	6.	Flip the bread once the eggs are cooked.
	7.	Gently fold the edges of the omelette inward and add a slice of cheese.
	8.	Fold the bread when it turns golden brown and serve.

Enjoy your cheesy garlic egg toast!",1740575358.0,0.97,71,0,5 minutes,kindredspirit_-,7,True,1,False,image
15minutefood,1ixd7tc,My 5-min/week overnight oats that I've been eating for 5+ years,194,https://reddit.com/r/15minutefood/comments/1ixd7tc/my_5minweek_overnight_oats_that_ive_been_eating/,https://www.reddit.com/r/15minutefood/comments/1ixd7tc/my_5minweek_overnight_oats_that_ive_been_eating/,"I've been eating the same breakfast every day for many years. It takes 5 minutes to prepare each Sunday for a week's batch (so that's less than 1min / day prepping). Wanted to share here how I prep them, since it's 1) delicious, 2) healthy, and 3) has saved me hours in aggregate. Ingredient list for a weeks worth for 1 hungry breakfast person:

\- 1.5 cups old-fashioned oats

\- 1/4 cup chia seeds

\- 1/3-1/2 cup nuts of your choice (pecans and walnuts are great)

\- your pick of shredded coconuts (\~1/3 cup) or ground cinnamon (about 1 teaspoon)

\- 1 grated apple or 1 grapefruit

Mix all of that in a big bowl

\- 3 cups almond milk 

Mix again.

Cover and put in fridge. Eat for the entire week. Mix with fresh fruits and greek yoghurt. Enjoy.",1740431708.0,0.99,194,0,,Educational-Event534,50,False,0,False,text
15minutefood,1ivzduc,HELP!!,36,https://reddit.com/r/15minutefood/comments/1ivzduc/help/,https://www.reddit.com/r/15minutefood/comments/1ivzduc/help/,"Hey guys

I desperately need help to be honest! 

I (20F) recently got into a good relationship with my boyfriend (20M).

At the beginning of our relationship, I did mention to him that I can cook. I have cooked him a couple meals since we have been together, however I'm a bit lost now...

I've tried looking at Tiktok, Pinterest, Instagram YOU NAME IT every single social media app for some fun, tasty dishes but all of them are the same! Either garlic butter steak bites (already made) or some potato skillet. I do follow a whole bunch of cooking influencers that post up their recipes and such however he doesn't eat pork and prefers beef. 

Please please! Help a girl out, what are some easy beef/mince recipes that I can make him? Some of our favourite mince dishes would be nachos and burgers. For some context, I'm ethnic and hes not so hes open to trying more seasoned food etc. :) ",1740276555.0,0.79,36,0,,[deleted],102,False,0,False,text
15minutefood,1ivhv9n,How do you plan what to eat in a week?,25,https://reddit.com/r/15minutefood/comments/1ivhv9n/how_do_you_plan_what_to_eat_in_a_week/,https://www.reddit.com/r/15minutefood/comments/1ivhv9n/how_do_you_plan_what_to_eat_in_a_week/,Do you plan day of by looking what you have at home or do you plan out the whole week over the weekend?,1740228066.0,0.87,25,0,,BoredAndGroovy,44,False,0,False,text
15minutefood,1iu88v3,Stuff to grab out of the fridge that doesn’t require cooking for severely depressed person,1528,https://reddit.com/r/15minutefood/comments/1iu88v3/stuff_to_grab_out_of_the_fridge_that_doesnt/,https://www.reddit.com/r/15minutefood/comments/1iu88v3/stuff_to_grab_out_of_the_fridge_that_doesnt/,"Someone I know has clinical depression and can’t cook because of the depression, and ends up not eating at all. There are no family members to help or anything. They are on disability and can’t afford very expensive food, they live off of $1200 a month. What are some (very affordable) grocery items that can stock up a fridge so they can open it and it’s ready to eat? The simpler the better. Thank you for your thoughts and understanding. :) I live in another state and can’t go over and help.

(Edit): Wow, thanks you guys. I’m overwhelmed (in a good way) by everyone’s help with so many ideas that actually feel doable, and realistic, and achievable. I was actually writing this post on my own behalf, I’m the friend.. I was just embarrassed to admit that I’m at such a low place right now. Thank you everyone for your help. I have screenshotted so many of these comments, and feel a lot better about making my grocery list. Thank you so much. ",1740082735.0,0.99,1528,0,,poemsforghosts,833,False,0,False,text
15minutefood,1isnsgx,Philly cheese steak sandwich,451,https://reddit.com/r/15minutefood/comments/1isnsgx/philly_cheese_steak_sandwich/,https://i.redd.it/itwokhlnqyje1.jpeg,"Thin shaved steak from Fry's, frozen onion and peppers with cheese and a keto bun. Delicious ",1739913006.0,0.99,451,0,,rc20kj,22,True,1,False,image
15minutefood,1ipocbb,Egg fillings,20,https://reddit.com/r/15minutefood/comments/1ipocbb/egg_fillings/,https://www.reddit.com/r/15minutefood/comments/1ipocbb/egg_fillings/,"People tend to put all kinda fillings in their omelettes. What’s your favorite filling, for me it’s burnt garlic and feta cheese.",1739576354.0,0.86,20,0,,laylazy,43,False,0,False,text
15minutefood,1imzeny,Burnt Butter and Sage gnocchi with fish wings,106,https://reddit.com/r/15minutefood/comments/1imzeny/burnt_butter_and_sage_gnocchi_with_fish_wings/,https://www.reddit.com/gallery/1imzeny,"I just had punched 2 cones and now I’m feeling like so food, and this was so easy, the thing that took the longest was waiting for the water to boil.

I first put some salted water on to boil, and after a few minutes, started with 60-70 grams of unsalted butter in a large saucepan on medium low heat. After the butter melts, I added in a handful of fresh sage that I sliced quite small (saving some for garnish), and a pinch of salt, and then letting it cook and the butter brown, stiring occasionally. 

Once the water is boiling I added 500 grams of store bought gnocchi (I’d normally make it myself but I’m lazy tonight) to the water to cook. Once they start to float I scoop then out, drain most of the water, and add it to the butter, letting it fry for a few minutes. Before plating

Once plated, increase the heat of the remaining butter and sage to high. After 1-2 minutes when the pan is extremely hot, add the fish wings, or a small fillet of fish, skin side down, salting and cooking for a minute and a half on each side, then placing on top of the gnocchi. I used the fish wings of a red morwong that I had speared 2 days ago. Then garnish with the rest of the sage and salt and pepper.",1739283015.0,0.91,106,0,15 minutes,Womlet_,21,True,2,True,text
15minutefood,1ikzeyx,Perfect morning = Perfect breakfast,382,https://reddit.com/r/15minutefood/comments/1ikzeyx/perfect_morning_perfect_breakfast/,https://www.reddit.com/gallery/1ikzeyx,"Good morning ☀️ 
Oats pancakes 🥞 healthy and tasty 😋
",1739053407.0,0.98,382,0,15 minutes,Busy-Detail9302,28,True,2,True,text
15minutefood,1ij4j2z,Stir-Fried Pork Belly with Peanut Sprouts！I think peanut sprouts taste better than soybean sprouts and mung bean sprouts.,105,https://reddit.com/r/15minutefood/comments/1ij4j2z/stirfried_pork_belly_with_peanut_sproutsi_think/,https://www.reddit.com/gallery/1ij4j2z,,1738854140.0,0.97,105,0,15 minutes,CantoneseCook_Jun,26,True,2,True,text
15minutefood,1ihij0i,Office burrito bowl,198,https://reddit.com/r/15minutefood/comments/1ihij0i/office_burrito_bowl/,https://i.redd.it/6606buacr4he1.jpeg,"90-second Spanish-style packet rice
Leftover chicken 
Leftover black beans
Leftover cheese 
Store-bought guac
Last of my sour cream
Hot sauce (not pictured)

The entire meal was comprised of Aldi products except for the hot sauce. 

",1738678336.0,0.87,198,0,Leftovers,teatimehaiku,48,True,1,False,image
15minutefood,1if70bg,🍤 Creamy Thai Coconut Shrimp Curry 🥥🔥😋 - RECIPE BELOW,203,https://reddit.com/r/15minutefood/comments/1if70bg/creamy_thai_coconut_shrimp_curry_recipe_below/,https://i.redd.it/zfingcnlecge1.jpeg,,1738418750.0,0.98,203,0,,Putrid-K,21,True,1,False,image
15minutefood,1ieyknc,Salmon tacos,390,https://reddit.com/r/15minutefood/comments/1ieyknc/salmon_tacos/,https://www.reddit.com/gallery/1ieyknc,"Quick taco dish: Salmon cooked in airfryer topped with mango pico, cotija cheese and green salsa ",1738384671.0,0.99,390,0,15 minutes,hardtoosay,18,True,2,True,text
15minutefood,1ibawz3,20 minute grilled cheese and fresh tomato soup,2853,https://reddit.com/r/15minutefood/comments/1ibawz3/20_minute_grilled_cheese_and_fresh_tomato_soup/,https://www.reddit.com/gallery/1ibawz3,"Its 1:00am and I’ve just had a J and to feed those munchies I decided to make something fucking good. I got some inspiration from this video I saw by Chef Tyler (in comments).

Started off by dicing a carrot, half an onion, 2 cloves of garlic, and a spring onion into very small pieces, before adding the onion and garlic to a saucepan with some olive oil on medium heat. Then once fragrant, I added the carrot and spring onion with some more olive oil. Then after salting and cooking on medium for roughly 2 minutes I set the heat to low and put on the lid, stirring occasionally. 

Then I started with the grilled cheeses. I used sourdough, every side layered with kewpi, and I made 4, 2 with anchovies and capers, and 2 with tomato paste. 

Then back to the soup i added a can of diced tomatos, and then I filled the can with water and added that and another half can of water. Then I added salt and pepper to taste, along with dried oregano and dried basil. 

Back to the grilled cheese, I added tasty cheese, and shredded mozzarella and put then in the sandwhich press for 5 minutes. 

While that was grilling I took the soup off the heat and added it to a blender then blended on high for a minute. Then I poured it into my bowl with a drizzle of cream and olive oil, and garnished with fresh coriander.

As for the grilled cheeses, I sliced them in half then plated, and garnished with fresh basil. Both tasted so good, and dipping the grilled cheeses in the tomato soup was a combination beyond comprehension. Definitely would recommend.",1737989725.0,1.0,2853,0,,Womlet_,72,True,4,True,text
15minutefood,1iaq0p8,Stuffed fried slices a fantastic breakfast,145,https://reddit.com/r/15minutefood/comments/1iaq0p8/stuffed_fried_slices_a_fantastic_breakfast/,https://i.redd.it/tok6bqoliefe1.jpeg,,1737924764.0,0.93,145,0,15 minutes,Mr_ND_Cooking,24,True,1,False,image
15minutefood,1i924k8,Broccoli & Tofu Spaghetti,69,https://reddit.com/r/15minutefood/comments/1i924k8/broccoli_tofu_spaghetti/,https://i.redd.it/ebpex76khzee1.jpeg,,1737742882.0,0.94,69,0,15 minutes,Lola_Jay_Yum,20,True,1,False,image
15minutefood,1i6zfsy,Chillin,407,https://reddit.com/r/15minutefood/comments/1i6zfsy/chillin/,https://i.redd.it/s2p07sbp8gee1.jpeg,You better have some.,1737509808.0,0.98,407,0,15 minutes,RelativeFragrant4019,29,True,1,False,image
15minutefood,1i6q38o,Chicken fajita with salsa & yogurt dressing in pita bread,162,https://reddit.com/r/15minutefood/comments/1i6q38o/chicken_fajita_with_salsa_yogurt_dressing_in_pita/,https://i.redd.it/wfvb0h7z8eee1.jpeg,,1737485681.0,0.99,162,0,15 minutes,Several_Tadpole7008,14,True,1,False,image
15minutefood,1i5xvov,Vegetable Soup with Millets ,45,https://reddit.com/r/15minutefood/comments/1i5xvov/vegetable_soup_with_millets/,https://i.redd.it/7bszoaaq47ee1.jpeg,In,1737399504.0,0.96,45,0,Vegetarian,OdiaBoy-024,8,True,1,False,image
15minutefood,1i3ieom,Avocado toast,267,https://reddit.com/r/15minutefood/comments/1i3ieom/avocado_toast/,https://i.redd.it/rg3jesuxkkde1.jpeg,,1737126495.0,0.98,267,0,,Success_Blessed1111,46,True,1,False,image
15minutefood,1i0vh9h,Thai peanut sauce,72,https://reddit.com/r/15minutefood/comments/1i0vh9h/thai_peanut_sauce/,https://i.redd.it/unpkbzfccvce1.jpeg,"This Thai peanut sauce took only 15 minutes to make. Can be served over rice noodles with fresh cilantro, grated carrots, peppers and bean sprouts. You can add a protein of your choice.
 In a sauce pan,
Sautee up 3 gloves of chopped garlic, 1 TBS fresh ginger chopped, 1-2TBS red Thai chilli paste.
Once cooked add
1/2 cup chicken broth
1TBS fish sauce
1-2 TBS brown sugar
1/2 cup peanut butter
1 TBS lime juice 
3/4 cup unsweetened coconut milk.
Bring to a gentle boil. Let it cool and thicken, or serve warm right away.",1736820933.0,0.96,72,0,,clairebondblog,9,True,1,False,image
15minutefood,1i0jnn2,Sweet 'n Salty Rolo Sandwiches,197,https://reddit.com/r/15minutefood/comments/1i0jnn2/sweet_n_salty_rolo_sandwiches/,https://www.reddit.com/gallery/1i0jnn2,,1736790143.0,0.99,197,0,10 minutes,Due-Improvement7128,23,True,2,True,text
15minutefood,1i0grv4,Chicken lettuce wraps,93,https://reddit.com/r/15minutefood/comments/1i0grv4/chicken_lettuce_wraps/,https://i.redd.it/9dnzqjva7sce1.jpeg,,1736782917.0,1.0,93,0,15 minutes,Mykitchencreations,19,True,1,False,image
15minutefood,1htm6id,Pan-fried potatoes with aromatic herbs.,467,https://reddit.com/r/15minutefood/comments/1htm6id/panfried_potatoes_with_aromatic_herbs/,https://i.redd.it/roi05dui31be1.jpeg,"fast, without waste, tasty, economical",1736018917.0,1.0,467,0,15 minutes,techlira,52,True,1,False,image
15minutefood,1ho6f0n,5-Minute Microwaveable Hotpot,283,https://reddit.com/r/15minutefood/comments/1ho6f0n/5minute_microwaveable_hotpot/,https://i.imgur.com/HvaoVPO.gifv,,1735395077.0,0.95,283,0,5 minutes,lnfinity,25,True,1,False,image
15minutefood,1hl6mpn,Air fried burger.  Less than 15 mins to create this masterpiece lol,274,https://reddit.com/r/15minutefood/comments/1hl6mpn/air_fried_burger_less_than_15_mins_to_create_this/,https://www.reddit.com/gallery/1hl6mpn,"Mixed mayo, Filipino ketchup and sriracha sauce. ",1735017776.0,0.86,274,0,,Gracia__talugtug,77,True,4,True,text
15minutefood,1hl8431,What are your favorite Christmas snacks or meals to make? ,26,https://reddit.com/r/15minutefood/comments/1hl8431/what_are_your_favorite_christmas_snacks_or_meals/,https://www.reddit.com/r/15minutefood/comments/1hl8431/what_are_your_favorite_christmas_snacks_or_meals/,"Comment with your favorite recipe to make (which takes up to 20 minutes to make) for the holidays! 

Name, recipe (ingredients and measurements), and method. Include pic if you can. 

Happy holidays!! ",1735023738.0,0.94,26,0,Theme Challenge,niketyname,101,False,0,False,text
15minutefood,1hl3sk1,What Are Your Quickest and Most Eco-Friendly Meals?,12,https://reddit.com/r/15minutefood/comments/1hl3sk1/what_are_your_quickest_and_most_ecofriendly_meals/,https://www.reddit.com/r/15minutefood/comments/1hl3sk1/what_are_your_quickest_and_most_ecofriendly_meals/,"Let’s swap recipes! Share dishes that are not only fast but also minimize waste, use local ingredients, or are planet-friendly in some way.",1735007637.0,0.78,12,0,,ramakrishnasurathu,17,False,0,False,text
15minutefood,1hi7jxl,Matzo! w/ salt,176,https://reddit.com/r/15minutefood/comments/1hi7jxl/matzo_w_salt/,https://www.reddit.com/gallery/1hi7jxl,"Ingredients: 
1 cup water
2 cups flour
1 tsp salt

Make:
0. Set oven to 475 F
1. In a bowl add flour
2. Add water, half at a time
3. Mix until dough like
4. Add more flour if too sticky & more water if too dry
5. Work dough on flat surface and divide into 16 pieces
6. Roll out each piece till thin and put them on a lined baking tray 
7. Season with salt and poke holes into dough pieces with fork 
8. Put in oven for 4 minutes until golden color 
9.Enjoy with butter, oil, sauce, or in soup",1734654837.0,0.98,176,0,,Due-Improvement7128,9,True,3,True,text
15minutefood,1hhge1d,Mi Goreng instant noodles ,347,https://reddit.com/r/15minutefood/comments/1hhge1d/mi_goreng_instant_noodles/,https://i.redd.it/y676vatvap7e1.jpeg,"1.25cents Mi Goreng , just added eggs, bokchoy, and onions 😂
",1734568560.0,1.0,347,0,,Gracia__talugtug,12,True,1,False,image
15minutefood,1hgslye,I was down so I made this to cheer me up. ,3764,https://reddit.com/r/15minutefood/comments/1hgslye/i_was_down_so_i_made_this_to_cheer_me_up/,https://i.redd.it/amm47vm10j7e1.jpeg,,1734492275.0,0.99,3764,0,,RaspberryPositive518,165,True,1,False,image
15minutefood,1hesdsb,"i crave tomato soup,, but its 2am",32,https://reddit.com/r/15minutefood/comments/1hesdsb/i_crave_tomato_soup_but_its_2am/,https://www.reddit.com/r/15minutefood/comments/1hesdsb/i_crave_tomato_soup_but_its_2am/,any way to make tomato soup without simmering tomatos for 40mintues?,1734268650.0,0.85,32,0,Question,Silvysnugglez,40,False,0,False,text
15minutefood,1hc2l6c,Sadza sausage and tomato with spring onion ,63,https://reddit.com/r/15minutefood/comments/1hc2l6c/sadza_sausage_and_tomato_with_spring_onion/,https://i.redd.it/7cnn6vstz96e1.jpeg,"2large salad tomatoes 
3 medium spring onions 
Maize flour 
Chilli chipolatas 
",1733947392.0,0.94,63,0,,Incantationsloth,21,True,1,False,image
15minutefood,1h7xu2k,Shakshuka,431,https://reddit.com/r/15minutefood/comments/1h7xu2k/shakshuka/,https://i.redd.it/vol083mu875e1.jpeg,"2 eggs

Olive oil

Garlic by preference, I used 5 cloves (like a single piece? English is not native to me) but you can do more

Spicy and Sweet paprika

Salt and pepper

1 can of Italian-style diced tomatoes

2 roasted peppers


Preparation:

Dice/crush all the garlic

Chop roasted pepper to size preference (I chop in half, then 4 strips, then each strip in half)
Break the 2 eggs into a bowl


The actual recipe:

Dice/crush the garlic

Cover the pan in oil, on high heat

When oil is hot add garlic until it's golden

Add the peppers

Mix and stir until it's kinda single consistency

Add the tomato can, stir until even and bubbling 

Add Paprika, salt, pepper to taste

Reduce to medium heat, add eggs

Cook until the eggs are ready. If you want the yellow to be solid you probably need a lid


Bonus tips: try to ""tuck"" the white of the egg under the sauce, it cooks better imo, and if you want to add feta cheese or sausages or something, do it after the spices and mixing but before the eggs.


Roasting peppers:

I couldn't find any in the store so I made my own, it's a bonus and not needed if you find in the store


Simply wash, dry, and chop the pepper in half, also removing all the seeds and gut and tip.

Cover in a thick amount of olive oil, stick in a preheated 190° oven for 25min (yes, this possibly is breaking the sub rules, but I didn't see a reason to post as 2 recipes)

If you do end up making your own peppers, I suggest making double/triple what you need, and put the rest in a jar filled to the brim with olive oil. Save some for next time/other recipes ",1733478256.0,0.99,431,0,15 minutes,MidnightCardFight,34,True,1,False,image
15minutefood,1h5li3b,"Fast, tasty, cheap.....red radicchio with pan-fried violin squash.",68,https://reddit.com/r/15minutefood/comments/1h5li3b/fast_tasty_cheapred_radicchio_with_panfried/,https://www.reddit.com/gallery/1h5li3b,,1733226022.0,0.97,68,0,,techlira,13,True,2,True,text
15minutefood,1h4yudl,Try this pasta it was so good ,275,https://reddit.com/r/15minutefood/comments/1h4yudl/try_this_pasta_it_was_so_good/,https://www.reddit.com/gallery/1h4yudl,"Here is recipe:
Boil pasta and Add salt (as per your taste)
Soak boiled pasta in cold water then extract that pasta water now pour some oil in pasta so it will not stick with each other 

Chopped vegies: 

Onion
Green chilli
Dry red chilli 
Tomatoes 
Garlic paste 
Capsicum (optional)

Method:

Pour some oil or butter ( butter is better option)
Add cumin,dry red chilli, green chilli, garlic paste and onion 
Soated onion until they not turn slight pink brown colour then 
Add remaining vegies and then Add spices 

U can use red chilli powder, any kind of pasta maker according to your spice level 

Now Add 1/4th cup of water(pasta water) and cook vegies 
& then Add oragano chilli flakes (optional) 
Red chilli sauce ( if u want spicy) 
Some drops of soya sauce for colour and if u dont like spicy and want sour taste u can add ketchup 

Now Add boiled pasta and mix them 

      AND yours pasta is READY.... 

NOTE:  balance spice level if u Add more spice then taste will be worse so use it in limit. And if u dont like that much spicy u can add only pasta maker or organo&chilli flakes. ",1733156684.0,0.97,275,0,15 minutes,Fragrant_Ad_365,42,True,2,True,text
15minutefood,1gy23aq,"Cilantro Stir-Fried Pork Belly！Although I don't eat cilantro, my husband loves it. However, the flavor of cilantro is quite refreshing and pairs well with pork belly.（recipe in comment）",310,https://reddit.com/r/15minutefood/comments/1gy23aq/cilantro_stirfried_pork_bellyalthough_i_dont_eat/,https://www.reddit.com/gallery/1gy23aq,,1732375601.0,0.99,310,0,15 minutes,CantoneseCook_Jun,56,True,2,True,text
15minutefood,1gx7imi,Sesame Paste Noodles in 5 minutes,230,https://reddit.com/r/15minutefood/comments/1gx7imi/sesame_paste_noodles_in_5_minutes/,https://i.imgur.com/vpV5Ebm.gifv,,1732281144.0,1.0,230,0,5 minutes,lnfinity,20,True,1,False,image
15minutefood,1gx4blk,Spicy Hummus Recipe- Indian Style,60,https://reddit.com/r/15minutefood/comments/1gx4blk/spicy_hummus_recipe_indian_style/,https://i.redd.it/abe1vlicdf2e1.jpeg,,1732269121.0,0.94,60,0,5 minutes,VegBuffetR,15,True,1,False,image
15minutefood,1gvqpzp,Braised Red Mullet! This fish goes really well with yellow bean paste. ,74,https://reddit.com/r/15minutefood/comments/1gvqpzp/braised_red_mullet_this_fish_goes_really_well/,https://www.reddit.com/gallery/1gvqpzp,,1732112899.0,0.97,74,0,15 minutes,CantoneseCook_Jun,7,True,3,True,text
15minutefood,1gvlj5u,White Bean Hummus with Lemon and Feta [OC],88,https://reddit.com/r/15minutefood/comments/1gvlj5u/white_bean_hummus_with_lemon_and_feta_oc/,https://i.redd.it/vgmp3yssw02e1.jpeg,,1732094021.0,1.0,88,0,5 minutes,amuseyourbouche,11,True,1,False,image
15minutefood,1gv1a3h,Beef with Chinese Broccoli (Gai Lan),299,https://reddit.com/r/15minutefood/comments/1gv1a3h/beef_with_chinese_broccoli_gai_lan/,https://www.reddit.com/gallery/1gv1a3h,,1732033895.0,0.99,299,0,15 minutes,CantoneseCook_Jun,17,True,4,True,text
15minutefood,1gsw2tc,Mexican food,11,https://reddit.com/r/15minutefood/comments/1gsw2tc/mexican_food/,https://www.reddit.com/r/15minutefood/comments/1gsw2tc/mexican_food/,Question what to add to enchilada sauce to help it taste more like red chili sauce for homemade posole. Closest place to get red chili sauce. Is an hour away. Help,1731788529.0,0.84,11,0,,dee_gail_,0,False,0,False,text
15minutefood,1gphi6t,Mediterranean Scrambled Eggs [vegetarian],154,https://reddit.com/r/15minutefood/comments/1gphi6t/mediterranean_scrambled_eggs_vegetarian/,https://i.redd.it/3t3zxvel3g0e1.jpeg,,1731406233.0,0.98,154,0,15 minutes,amuseyourbouche,30,True,1,False,image
15minutefood,1gnxm26,Good Old Upma,99,https://reddit.com/r/15minutefood/comments/1gnxm26/good_old_upma/,https://i.redd.it/a0vhpjmsu10e1.jpeg,,1731233755.0,0.95,99,0,,Informal-Chance-6607,37,True,1,False,image
15minutefood,1gne4yp,Lean wafers with nuts and biscuits,85,https://reddit.com/r/15minutefood/comments/1gne4yp/lean_wafers_with_nuts_and_biscuits/,https://i.redd.it/rx6frz4vmwzd1.png,,1731170564.0,0.99,85,0,15 minutes,Mr_ND_Cooking,16,True,1,False,image
15minutefood,1gmgc1i,Quick Red Thai Curry Noodle Soup [vegetarian][OC],103,https://reddit.com/r/15minutefood/comments/1gmgc1i/quick_red_thai_curry_noodle_soup_vegetarianoc/,https://i.redd.it/jqmve286xnzd1.jpeg,,1731065105.0,0.97,103,0,15 minutes,amuseyourbouche,12,True,1,False,image
15minutefood,1ghrkyh,Crispy fried Kerala bitter guard ,55,https://reddit.com/r/15minutefood/comments/1ghrkyh/crispy_fried_kerala_bitter_guard/,https://i.redd.it/1xojjxn13gyd1.jpeg,,1730534330.0,0.97,55,0,,Fancy_Deer1505,21,True,1,False,image
15minutefood,1ge3xr9,Pork belly chops and mash Sweet Potato ,138,https://reddit.com/r/15minutefood/comments/1ge3xr9/pork_belly_chops_and_mash_sweet_potato/,https://i.redd.it/p313eumwfixd1.jpeg,"- 3 big potatoes 
- Pork belly (Aldi store)
- Bell peppers 
- Garlic 
- Cheese (200g)
- 1 cup of milk
- Seasonings

Recipe: 
1. Season and marinate your pork belly chops 
2. Let the marinate sit overnight or if you’re in a rush like me 30mins in the freezer
3. Place the chops in the oven @210 degrees Celsius for 30minutes - flip it half way through (throw in your bell peppers and garlic cloves at this time) - until golden brown or done to your preference 
4. Boil the sweet potato until soft and drain the water
5. Add milk, cheese and 2 tbsp of salted butter to the sweet potato then mash it up 
6. Make a side sauce - I did a bbq cocktail sauce (mix honey, soy sauce, pesto, bbq sauce and stock water)
7. Voilà 

Not 15mins but it’s a nice go to Sunday hearty meal if you have an extra 15’🤪",1730127020.0,0.99,138,0,Leftovers,Ali3nGirlxoxo,12,True,1,False,image
15minutefood,1gcgp8x,Onion Tomato Chutney- Indian Chutney for Dosa,39,https://reddit.com/r/15minutefood/comments/1gcgp8x/onion_tomato_chutney_indian_chutney_for_dosa/,https://i.redd.it/y4t6fzhqc2xd1.jpeg,,1729932401.0,0.98,39,0,15 minutes,VegBuffetR,5,True,1,False,image
15minutefood,1gc2tur,Mushroom Bok Choy Stir Fry,383,https://reddit.com/r/15minutefood/comments/1gc2tur/mushroom_bok_choy_stir_fry/,https://berryberrylife.com/mushroom-and-bok-choy-stir-fry/,,1729885282.0,1.0,383,0,Vegan,BerryBerryLife,6,True,2,True,text
15minutefood,1gc40do,Soup season 🥣 ,151,https://reddit.com/r/15minutefood/comments/1gc40do/soup_season/,https://i.redd.it/s1jm6ac7qywd1.jpeg,"Carrot and potato soup

5 carrots

Half a cauliflower

2 golden potatoes

One yellow onion

Whole garlic 

Salt and spices and necessary 


Put on a pot of boiling water. on the side, cook chopped onion, cauliflower, potatoes, carrot and garlic in butter and salt for about 3 minutes then add in 4 cups of water. I chop the veggies quite small. Boil water and veggies on high for about 10 minutes or until mushy. Use immersion blender to blend everything in the pot. Cook for another few minutes, adding any additional spices or more butter. enjoy with bread! ",1729888346.0,0.99,151,0,15 minutes,niketyname,6,True,1,False,image
15minutefood,1gauu7k,Easy Mushroom Masala Recipe- Indian Style,60,https://reddit.com/r/15minutefood/comments/1gauu7k/easy_mushroom_masala_recipe_indian_style/,https://i.redd.it/ttp7tqoixmwd1.jpeg,,1729745730.0,0.98,60,0,15 minutes,VegBuffetR,8,True,1,False,image
15minutefood,1gb0uwj,What's Your Must-Have Ingredient for Vegetarian Cooking?,4,https://reddit.com/r/15minutefood/comments/1gb0uwj/whats_your_musthave_ingredient_for_vegetarian/,/r/SimpleVegRecipes/comments/1gb0uij/whats_your_musthave_ingredient_for_vegetarian/,,1729771000.0,0.75,4,0,Question,VegBuffetR,13,False,0,False,text
15minutefood,1ga9yer,Spaghetti with gorgonzola cheese,128,https://reddit.com/r/15minutefood/comments/1ga9yer/spaghetti_with_gorgonzola_cheese/,https://i.redd.it/smfeztxm7iwd1.jpeg,"Quick and easy for cheese lovers. After preparing the linguine, heat a slice of gorgonzola in a saucepan with a drop of milk.  Once melted, mix with the pasta. Drizzle with a drizzle of EVO oil on the plate.",1729688394.0,0.99,128,0,,techlira,22,True,1,False,image
15minutefood,1g8utkc,Easy One-Pan Chocolate Skillet Cake Recipe with Rich Chocolate Sauce,273,https://reddit.com/r/15minutefood/comments/1g8utkc/easy_onepan_chocolate_skillet_cake_recipe_with/,https://i.redd.it/eop5kwsv45wd1.jpeg,,1729530255.0,0.99,273,0,15 minutes,Greedy_Leek5479,37,True,1,False,image
15minutefood,1g6w5an,Easy Mapo Tofu with Shiitake Mushrooms to make it vegan,120,https://reddit.com/r/15minutefood/comments/1g6w5an/easy_mapo_tofu_with_shiitake_mushrooms_to_make_it/,https://berryberrylife.com/best-tofu-recipes-to-try-at-home/,,1729295451.0,0.98,120,0,Vegan,BerryBerryLife,26,True,2,True,text
15minutefood,1g758pq,I made a cat’s vomit sandwich ,11,https://reddit.com/r/15minutefood/comments/1g758pq/i_made_a_cats_vomit_sandwich/,https://i.redd.it/5uy86k5vmovd1.jpeg,"Kidding,haha.
This is natto bean sandwich.
Try it. It’s salty and addictive!

1. Buying a natto and bread
2. Put natto on the bread like a spreads",1729330307.0,0.6,11,0,5 minutes,unhappy-rat,49,True,1,False,image
15minutefood,1g5ks0f,Bread Pakora Recipe,107,https://reddit.com/r/15minutefood/comments/1g5ks0f/bread_pakora_recipe/,https://i.redd.it/e2dw3e2zi9vd1.jpeg,,1729147451.0,0.97,107,0,15 minutes,VegBuffetR,18,True,1,False,image
15minutefood,1g41rj0,Air Fryer Broccoli Potatoes Recipe (Best Vegan GF),70,https://reddit.com/r/15minutefood/comments/1g41rj0/air_fryer_broccoli_potatoes_recipe_best_vegan_gf/,https://i.redd.it/vz911d8wavud1.jpeg,,1728975222.0,0.98,70,0,15 minutes,VegBuffetR,10,True,1,False,image
15minutefood,1g319iz,Spaghetti Alla Carbonara ,129,https://reddit.com/r/15minutefood/comments/1g319iz/spaghetti_alla_carbonara/,https://i.redd.it/9zzadmu8llud1.jpeg,,1728857593.0,0.96,129,0,,shartlord42069,25,True,1,False,image
15minutefood,1g25j8x,My favorite ramen in 5 minutes and a shot of soju. A good dinner after a hard day (and all in just 5 minutes),50,https://reddit.com/r/15minutefood/comments/1g25j8x/my_favorite_ramen_in_5_minutes_and_a_shot_of_soju/,https://i.redd.it/4q82utr84dud1.jpeg,,1728755039.0,0.83,50,0,5 minutes,B-Simple_88,21,True,1,False,image
15minutefood,1fzxibj,Cheesy Rotel Chicken,222,https://reddit.com/r/15minutefood/comments/1fzxibj/cheesy_rotel_chicken/,https://www.reddit.com/gallery/1fzxibj,"I’ve never had Rotel, wanted to try and didn’t want a dip that it’s famous for so I mixed this dish together. Came out tasty. 

Ingredients:

1 rotisserie chicken
8oz block of Velveeta cheese (cut into chunks)
10oz can of Rotel
Rice of your choosing (I used Ben’s ready rice in the microwave)

Deconstruct and cut the chicken. Set aside. 
In sauce pan on medium-low heat, begin to melt cheese. Once nearly melted, dump can of Rotel and add in chicken. Mix together, cover and let heat up.

Prepare rice in microwave (cooking regular rice intimidates me! If you choose that route, it’ll take longer)

Once rice was done, I emptied in a bowl and scooped the chicken mixture on top. 
I really loved the taste and will make again!

I’m sure you could really jazz this recipe up by adding veggies or a different type of meat.",1728496161.0,0.99,222,0,15 minutes,TalouseLee,39,True,2,True,text
15minutefood,1fzq91j,15 Minute Tahini Pasta,190,https://reddit.com/r/15minutefood/comments/1fzq91j/15_minute_tahini_pasta/,https://i.imgur.com/7Y6f7hr.gifv,,1728477049.0,0.98,190,0,15 minutes,lnfinity,16,True,1,False,image
15minutefood,1fzju0a,Air Fryer Crispy Rice Paper Dumplings Recipe,86,https://reddit.com/r/15minutefood/comments/1fzju0a/air_fryer_crispy_rice_paper_dumplings_recipe/,https://i.redd.it/vgwndi8swntd1.jpeg,,1728449928.0,0.98,86,0,15 minutes,VegBuffetR,3,True,1,False,image
15minutefood,1fz9ehw,Halloween cookie cheesecake!,284,https://reddit.com/r/15minutefood/comments/1fz9ehw/halloween_cookie_cheesecake/,https://www.reddit.com/gallery/1fz9ehw,"Saw on TikTok and had to make this afternoon. 

Ingredients:
Pillsbury Halloween cookies (in refrigerated section of my grocery store)
Jello-o zero sugar cheesecake instant pudding
2 cups milk
Baking pan 


Layer cookies in pan however you’d like. 
Bake according to instructions on box. 
I did circular and baked for 15 minutes @ 350F. 
Remove from oven. While cooling, prepare cheesecake mix (box instructions says powder mix and 2 cups milk). Whisk together. Once thickened, pour over cookies. Sprinkles optional! I chilled in fridge for 2 hours. Easy little dessert. ",1728418447.0,0.97,284,0,15 minutes,TalouseLee,39,True,4,True,text
15minutefood,1fy8asl,"Tagliatelle...zucca,radicchio",94,https://reddit.com/r/15minutefood/comments/1fy8asl/tagliatellezuccaradicchio/,https://i.redd.it/y5g1o0kkbctd1.jpeg,"tagliatelle...pumpkin, chicory to start the week.",1728309533.0,1.0,94,0,15 minutes,techlira,12,True,1,False,image
15minutefood,1fwxk3t,Rice paper Dumplings with a twist ,63,https://reddit.com/r/15minutefood/comments/1fwxk3t/rice_paper_dumplings_with_a_twist/,https://www.reddit.com/gallery/1fwxk3t,"Ingredients 
- Turkey minced meat ( I didn’t have shrimp)
- 6 rice paper sheets
- 3 spring onions
- 2 cloves garlic
- 1 tsp chilli oil/ flakes
- 1 tsp sesame oil
- dark soy sauce 

Recipe:
1. Fry half a tray of your mince meat until crispy brown
2. Add spices of your choosing (mine I have garlic and herb, rosemary, chilli, turmeric, black pepper, Namibian spice) - I love seasoning clearly😏
3. Add a tsp of tomato purée and mix well.
4. To a separate bowl, put all the contents together- the mince, the chopped spring onion, then chilli oil, and a healthy amount of soy sauce and mix thoroughly. 
5. Time to prepare your rice paper. Don’t make it too soft. You should still be able to cut with one sheet with a pair of kitchen scissors. 
6. To one half, add the a spoonful or so( depending on what size you want your dumplings to be) and have fun rolling/wrapping. 
7. You will need a palette cleanser - I only had carrot in my fridge with some tartar sauce 🤌🏾, cucumber would’ve been perfect here.
8. And voilá, delicious 8min dinner!
And Enjoyyy!

",1728154650.0,0.93,63,0,,Ali3nGirlxoxo,13,True,2,True,text
15minutefood,1fwjwok,Roasted Makhana Recipe- Phool Makhana,19,https://reddit.com/r/15minutefood/comments/1fwjwok/roasted_makhana_recipe_phool_makhana/,https://i.redd.it/csnfska0ovsd1.jpeg,,1728108590.0,0.92,19,0,15 minutes,VegBuffetR,3,True,1,False,image
15minutefood,1fvfs9l,I made couscous with minced beef - So delicious ,185,https://reddit.com/r/15minutefood/comments/1fvfs9l/i_made_couscous_with_minced_beef_so_delicious/,https://i.redd.it/sja2icixclsd1.jpeg,"- Mince meat (any of your choice - I used beef)
- 1 cup couscous
- carrot
- onion 
- tomato puree
- mushroom 
- any spices of your choice 

1. To your hot pan with a drop of oil add your minced beef and fry until golden brown
2. Put that aside and to the same pan, add your diced carrots, you can add mince garlic to sautée until crispy then add your onions
3. Once the onions have browned a bit add back the mince and (if you have fresh diced tomato/sun-dried you can add here as well) then go on to season your mixture how you like. 
- I put black pepper, a bit of tumeric, ground ginger, garlic and herb spice and some rosemary. 
4. Add your tomato puree. Add a bit of water. Let it sit for 2mins and it’s ready to serve. 

5. Boil a cup of water separately in a pot. In the boiling water add some salt and then add the couscous and set aside for 5mins, or until soft.
6. Add the couscous to the simmering pan of mince meat, mix throughly, add some 
7. Serve whilst hot and don’t forget to add the cheese on top😘


- Let me know if you guys try this recipe ",1727983101.0,0.98,185,0,,Ali3nGirlxoxo,19,True,1,False,image
15minutefood,1fv9ibp,Short pasta and beans,85,https://reddit.com/r/15minutefood/comments/1fv9ibp/short_pasta_and_beans/,https://i.redd.it/un22niro0ksd1.jpeg,,1727966877.0,0.94,85,0,,techlira,13,True,1,False,image
15minutefood,1fv4qjv,Chilli hot oil hakka noodles ,72,https://reddit.com/r/15minutefood/comments/1fv4qjv/chilli_hot_oil_hakka_noodles/,https://i.redd.it/rhmqqik2tisd1.jpeg,,1727952209.0,0.98,72,0,15 minutes,Ok_Charity_7254,6,True,1,False,image
15minutefood,1fue6we,Kala Chana Salad Recipe (Black Chickpea Salad)- VegBuffet,28,https://reddit.com/r/15minutefood/comments/1fue6we/kala_chana_salad_recipe_black_chickpea_salad/,https://i.redd.it/zgb1fb85zbsd1.jpeg,,1727869588.0,0.9,28,0,Vegan,VegBuffetR,8,True,1,False,image
15minutefood,1fs24s0,Congee with toasted oyster mushrooms,172,https://reddit.com/r/15minutefood/comments/1fs24s0/congee_with_toasted_oyster_mushrooms/,https://i.redd.it/meb4dquagqrd1.jpeg,,1727608920.0,0.98,172,0,,CornerLocal6801,15,True,1,False,image
15minutefood,1frhrey,Fancy ‘2 minute noodles’,127,https://reddit.com/r/15minutefood/comments/1frhrey/fancy_2_minute_noodles/,https://www.reddit.com/gallery/1frhrey,"it’s 2:00am, I’d just had a cone and to please the munchies, I decided to make some 2 minute noodles. I don’t know about in other countries, but here in Australia we call them 2 minute noodles however I think it can be called ‘instant ramen’ too. But I wanted to make it taste really good, so I decided to take it to the next level, and it turned out great.

I started off with preparing 2 packets of 2 minute noodles (I used ‘mi goreng’ flavour by ‘IndoMie’) as packet instructions, then I added a splash extra kechap manis (sweet soy sauce) than what was in the packet, as well as a splash of lemon juice, a splash on sesame oil, and an egg, then I mixed It with chopsticks until combined and the egg coverd every noodle. Then I grated on a fair amount of tasty cheese and microwaved it for a minute to slightly melt the cheese, and cook the egg. Then I placed it in the oven for 5 minutes under the grill while I prepared my toppings. I sliced one tomato with the seeds and pith taken out into small cubes, and I peeled half an avocado and sliced it thin. Then once the cheese was fully melted and slightly browned I added the tomato and avocado, making sure to take time to make it look nice. Then a drizzle of kewpi mayonase and a cheeky sprinkle of sushi seasoning.

Best part is its literally only one bowl, so no washing up!! Now I’m going to watch star wars revenge of the sith and devoure these banger noodles, enjoy guys!!",1727539909.0,0.93,127,0,10 minutes,Womlet_,26,True,6,True,text
15minutefood,1fr84b0,Easy Vegan Latkes (Potato Pancakes)- Gluten Free!,54,https://reddit.com/r/15minutefood/comments/1fr84b0/easy_vegan_latkes_potato_pancakes_gluten_free/,https://i.redd.it/7lwccbvythrd1.jpeg,,1727504680.0,0.97,54,0,15 minutes,VegBuffetR,11,True,1,False,image
15minutefood,1fpbwk8,Eggs Benny!,348,https://reddit.com/r/15minutefood/comments/1fpbwk8/eggs_benny/,https://www.reddit.com/gallery/1fpbwk8,,1727289687.0,0.99,348,0,,shartlord42069,18,True,2,True,text
15minutefood,1fpsd1j,Amla Chutney Recipe- Indian Gooseberry Chutney,16,https://reddit.com/r/15minutefood/comments/1fpsd1j/amla_chutney_recipe_indian_gooseberry_chutney/,https://i.redd.it/ei43fwgrj4rd1.jpeg,,1727343952.0,0.93,16,0,10 minutes,VegBuffetR,5,True,1,False,image
15minutefood,1fp9iox,Double Chocolate Chip Cookies recipe in the comments ,83,https://reddit.com/r/15minutefood/comments/1fp9iox/double_chocolate_chip_cookies_recipe_in_the/,https://i.redd.it/o5qkotkblzqd1.jpeg,,1727283723.0,0.96,83,0,15 minutes,mothers_recipes,11,True,1,False,image
15minutefood,1fmtz7q,Tofu Udon Noodle Soup with Mushrooms and Vegetables,90,https://reddit.com/r/15minutefood/comments/1fmtz7q/tofu_udon_noodle_soup_with_mushrooms_and/,https://www.reddit.com/gallery/1fmtz7q,,1727013693.0,0.98,90,0,Vegan,BerryBerryLife,23,True,2,True,text
15minutefood,1fmkxb1,Easy Vegan Energy Balls Recipe- No Bake Granola Balls,19,https://reddit.com/r/15minutefood/comments/1fmkxb1/easy_vegan_energy_balls_recipe_no_bake_granola/,https://i.redd.it/g8gz1368eaqd1.jpeg,,1726978722.0,0.83,19,0,15 minutes,VegBuffetR,13,True,1,False,image
15minutefood,1fks3xu,Surf n Turf with a white wine peppercorn sauce and mashed potatoes,113,https://reddit.com/r/15minutefood/comments/1fks3xu/surf_n_turf_with_a_white_wine_peppercorn_sauce/,https://www.reddit.com/gallery/1fks3xu,,1726770895.0,0.96,113,0,,shartlord42069,17,True,2,True,text
15minutefood,1fhwy5a,Creole Salmon,221,https://reddit.com/r/15minutefood/comments/1fhwy5a/creole_salmon/,https://i.redd.it/iv2f2yv7v3pd1.jpeg,,1726463782.0,0.96,221,0,,shartlord42069,38,True,1,False,image
15minutefood,1fg8u2v,Smoky Zucchini Baba Ganoush,50,https://reddit.com/r/15minutefood/comments/1fg8u2v/smoky_zucchini_baba_ganoush/,https://berryberrylife.com/smoky-zucchini-baba-ganoush/,,1726270694.0,0.93,50,0,15 minutes,BerryBerryLife,9,True,2,True,text
15minutefood,1ff7bbd,Eggs Benedict,174,https://reddit.com/r/15minutefood/comments/1ff7bbd/eggs_benedict/,https://i.redd.it/4l4qz5ygreod1.jpeg,,1726159849.0,0.97,174,0,,shartlord42069,11,True,1,False,image
15minutefood,1fee0xs,"Homemade red wine tomato sauce and garlic bread, st*rebought pasta",67,https://reddit.com/r/15minutefood/comments/1fee0xs/homemade_red_wine_tomato_sauce_and_garlic_bread/,https://www.reddit.com/gallery/1fee0xs,"Usually not a big fan of store bought pasta but it carried this sauce so well!
Sauce consists of
- yellow onion
- garlic
- olive oil
- garlic paste
- cabernet sauvignon
- san marzono tomatoes
- parmesan
- oregano, salt, pepper",1726071120.0,0.9,67,0,,shartlord42069,11,True,2,True,text
15minutefood,1fd2n09,Kipper Snacks Salad on toast w/ sweet & spicy beets,45,https://reddit.com/r/15minutefood/comments/1fd2n09/kipper_snacks_salad_on_toast_w_sweet_spicy_beets/,https://i.redd.it/ie5tk7af2vnd1.jpeg,"For 1 serving
Ingredients -
• 1 tin kipper snacks (smoke herring)
• 1 small cucumber 
• sliced sourdough bread (or bread of choice) approx. 2 normal slices 
• 1 Tbsp Mayo 
• 1 tsp Dijon mustard
• large handful sprouts
• Love Beets Sweet & Spicy beets

Directions -
- toast your bread and set aside
- slice the cucumber in half.  If preparing ahead scoop out the seeds. Cut again into 4ths and chop into small pieces.
- open kipper snacks and drain
- In a bowl mix together the cucumber, kipper snacks, mayo, and mustard.
- pile kipper salad onto toast.
- pile sprouts on top of the salad.
- Add a side of the sweet and spicy beets

Cheap, quick, easy, and nutritious.",1725921395.0,0.95,45,0,10 minutes,TheFeintingCouch,7,True,1,False,image
15minutefood,1fc1to2,Brunch Spread,64,https://reddit.com/r/15minutefood/comments/1fc1to2/brunch_spread/,https://i.redd.it/df1a8vur3mnd1.jpeg,"Thinly sliced ambrosia apple to dip in vanilla Greek yogurt. Carrots and humus.  a halved black plum. and toast with a wedge of brie (rind removed) and topped with strawberry jam. Coffee cup is NSFW, so not pictured.",1725812886.0,0.96,64,0,5 minutes,[deleted],9,True,1,False,image
15minutefood,1fbruu7,Spaghetti Pasta- Indian Style Pasta,0,https://reddit.com/r/15minutefood/comments/1fbruu7/spaghetti_pasta_indian_style_pasta/,https://i.redd.it/5yjyprijajnd1.jpeg,,1725778930.0,0.5,0,0,15 minutes,VegBuffetR,9,True,1,False,image
15minutefood,1fb1qni,Amla Pickle Recipe Without Boiling - Veg Buffet,37,https://reddit.com/r/15minutefood/comments/1fb1qni/amla_pickle_recipe_without_boiling_veg_buffet/,https://i.redd.it/6xbi05cvdcnd1.jpeg,,1725695297.0,0.96,37,0,15 minutes,VegBuffetR,8,True,1,False,image
15minutefood,1f9dv9s,Delicious quick meal (Indian),62,https://reddit.com/r/15minutefood/comments/1f9dv9s/delicious_quick_meal_indian/,https://i.redd.it/zt583hyb4xmd1.jpeg,"Tried this from Aldi and it was absolutely delicious, cheap, and quick. 

What I did was just swear the chicken thighs for about 4 mins a side. After flipping at the veggies of your choice, I used bell pepper and onion. After that side is done searing take the chicken out and cut it up and then put it back in. Add the sauce and let it simmer to your liking. Ideally the longer the better but it tastes great as soon as it gets hot. I didn’t have any rice but I warmed up some naan and ate it with that.",1725510402.0,0.88,62,0,15 minutes,exboxthreesixty,18,True,1,False,image
15minutefood,1f90wsb,Pollo alla Parmigiana,33,https://reddit.com/r/15minutefood/comments/1f90wsb/pollo_alla_parmigiana/,https://i.redd.it/2n4k0ckt6umd1.jpeg,With a house made red wine tomato sauce,1725474918.0,0.91,33,0,,shartlord42069,8,True,1,False,image
15minutefood,1f8ftft,Pan Seared Salmon and Asparagus with a Glazed Carrot Purée ,243,https://reddit.com/r/15minutefood/comments/1f8ftft/pan_seared_salmon_and_asparagus_with_a_glazed/,https://i.redd.it/w6hhzopdtomd1.jpeg,,1725409865.0,0.99,243,0,,shartlord42069,36,True,1,False,image
15minutefood,1f4t5js,Bread Rolls Recipe- Indian Potato Croquettes,92,https://reddit.com/r/15minutefood/comments/1f4t5js/bread_rolls_recipe_indian_potato_croquettes/,https://i.redd.it/enos7auggsld1.jpeg,,1725018222.0,0.98,92,0,15 minutes,VegBuffetR,9,True,1,False,image
15minutefood,1f3yjli,"Italian flag..lettuce, stracchino, tomatoes, extra virgin olive oil",183,https://reddit.com/r/15minutefood/comments/1f3yjli/italian_flaglettuce_stracchino_tomatoes_extra/,https://i.redd.it/9yz6fqo5tkld1.jpeg,"Super fast, tasty...",1724925526.0,0.97,183,0,5 minutes,techlira,29,True,1,False,image
15minutefood,1f3f3w6,Super Creamy Dessert without Oven!,73,https://reddit.com/r/15minutefood/comments/1f3f3w6/super_creamy_dessert_without_oven/,https://i.redd.it/li8hhwubpfld1.png,,1724863744.0,0.97,73,0,,Futuzucooking,14,True,1,False,image
15minutefood,1f2w3gk,Chopped Italian sub!,91,https://reddit.com/r/15minutefood/comments/1f2w3gk/chopped_italian_sub/,https://i.redd.it/ybgtyqdcoald1.jpeg,"I’m a NJ gal and I loveeeeeee Italian subs. Saw this idea on social media and had to try. 

I used:
1/2lb boiled ham
1/2lb salami
1/2lb provolone
2 cups chopped tomato
2 handfuls iceberg lettuce 
Balsamic vinegar to taste
Drizzle of olive oil
Lots of oregano!

Chopped everything then mixed together. 
Ate on fresh sub roll. 

Gosh, it was SOOO GOOD!",1724802828.0,0.99,91,0,15 minutes,TalouseLee,19,True,1,False,image
15minutefood,1f0xsq3,Quick Simple and Delicious cookies ! Melts in your mouth,73,https://reddit.com/r/15minutefood/comments/1f0xsq3/quick_simple_and_delicious_cookies_melts_in_your/,https://i.redd.it/bycbz1fxmtkd1.png,,1724596642.0,0.99,73,0,,Futuzucooking,9,True,1,False,image
15minutefood,1eyg8x1,Tricolor bruschetta,130,https://reddit.com/r/15minutefood/comments/1eyg8x1/tricolor_bruschetta/,https://i.redd.it/tz8xl24247kd1.jpeg,"super simple, quick, tasty.",1724323841.0,0.99,130,0,5 minutes,techlira,28,True,1,False,image
15minutefood,1eyq11w,Frozen Coconut Limeade,14,https://reddit.com/r/15minutefood/comments/1eyq11w/frozen_coconut_limeade/,https://www.reddit.com/r/15minutefood/comments/1eyq11w/frozen_coconut_limeade/,"You put the lime in the coconut, you drink 'em bot' up.     

You put the lime in the coconut, you drink 'em bot' up....     



* Makes 3 cups    
* 2 1/2 cups crushed or small ice cubes     
* 1 cup coconut milk, well-shaken if from a can    
* 1/3 cup lime juice (from about 3 limes    
* 3 tablespoons granulated or superfine sugar (more or less to taste)     
* Lime slices for garnish     

Blend every thing until it reaches your desired consistency — almost smooth, for a crunchier effect, or fully smooth, for a milkshake/creamier effect. Pour into glasses, garnish with lime and don’t forget to share.",1724349515.0,0.89,14,0,,GeorgeOrrBinks,5,False,0,False,text
15minutefood,1ex0cl4,Creamy lemon dessert Without Eggs,80,https://reddit.com/r/15minutefood/comments/1ex0cl4/creamy_lemon_dessert_without_eggs/,https://i.redd.it/hjwuakmhkujd1.png,,1724172006.0,0.99,80,0,,Futuzucooking,10,True,1,False,image
15minutefood,1evaspg,"Cilbir - Turkish Poached Eggs with Garlicky Yogurt, Mint and Chili Butter",135,https://reddit.com/r/15minutefood/comments/1evaspg/cilbir_turkish_poached_eggs_with_garlicky_yogurt/,https://i.redd.it/h5c7r1xyofjd1.png,,1723991919.0,0.99,135,0,10 minutes,IAmLucasRodrigues,19,True,1,False,image
15minutefood,1eu2n9r,Peanut and Chili Oil Cucumber Salad,72,https://reddit.com/r/15minutefood/comments/1eu2n9r/peanut_and_chili_oil_cucumber_salad/,https://berryberrylife.com/peanut-and-chili-oil-cucumber-salad/,,1723849305.0,0.97,72,0,Vegan,BerryBerryLife,17,True,2,True,text
15minutefood,1es0syk,Cheat's Pad Thai,234,https://reddit.com/r/15minutefood/comments/1es0syk/cheats_pad_thai/,https://i.imgur.com/KcR8tDY.gifv,,1723639923.0,0.9,234,0,15 minutes,lnfinity,37,True,1,False,image
15minutefood,1epd56x,Guess the main ingredient. HINT: It is Indian Raita / Curd,4,https://reddit.com/r/15minutefood/comments/1epd56x/guess_the_main_ingredient_hint_it_is_indian_raita/,https://i.redd.it/8t79k79szyhd1.jpeg,,1723354083.0,0.58,4,0,Question,VegBuffetR,20,True,1,False,image
15minutefood,1eo281e,Quick and Easy Biscuit Dessert Recipe,29,https://reddit.com/r/15minutefood/comments/1eo281e/quick_and_easy_biscuit_dessert_recipe/,https://i.redd.it/czk92vupmnhd1.png,,1723216344.0,0.98,29,0,,Futuzucooking,17,True,1,False,image
15minutefood,1ena8xd,"Potatoes in their skin, pan-fried, with rosemary, sage, extra virgin olive oil.",158,https://reddit.com/r/15minutefood/comments/1ena8xd/potatoes_in_their_skin_panfried_with_rosemary/,https://i.redd.it/gv54f0q8ughd1.jpeg,,1723134061.0,1.0,158,0,15 minutes,techlira,38,True,1,False,image
15minutefood,1ehf4s0,Coconut Dessert | Easy No Oven,102,https://reddit.com/r/15minutefood/comments/1ehf4s0/coconut_dessert_easy_no_oven/,https://i.redd.it/pd6iiwaqn1gd1.png,,1722514426.0,0.99,102,0,,Futuzucooking,26,True,1,False,image
15minutefood,1ehcvp0,"penne, cherry tomatoes, salmon, extra virgin olive oil",91,https://reddit.com/r/15minutefood/comments/1ehcvp0/penne_cherry_tomatoes_salmon_extra_virgin_olive/,https://i.redd.it/1m3n5yra01gd1.jpeg,,1722506542.0,0.92,91,0,,techlira,26,True,1,False,image
15minutefood,1ehawbv,Vegan Mango Avocado Cucumber Salad,61,https://reddit.com/r/15minutefood/comments/1ehawbv/vegan_mango_avocado_cucumber_salad/,https://i.redd.it/kle8l69ub0gd1.jpeg,,1722498356.0,0.98,61,0,15 minutes,VegBuffetR,8,True,1,False,image
15minutefood,1eg54pb,Spring onions fritters - Kanda paat bhaji,107,https://reddit.com/r/15minutefood/comments/1eg54pb/spring_onions_fritters_kanda_paat_bhaji/,https://i.redd.it/saaeq0no3qfd1.jpeg,Full recipe in comments ,1722374500.0,0.99,107,0,15 minutes,Ruchira_Recipes,14,True,1,False,image
15minutefood,1ee07l1,"Broiled Salmon, Chicken Flavored Rice, Salad & Sliced Avocado ",84,https://reddit.com/r/15minutefood/comments/1ee07l1/broiled_salmon_chicken_flavored_rice_salad_sliced/,https://i.redd.it/ax95cdcc47fd1.png,"Medium avocado (sliced)

Salmon
Minced garlic
Olive oil
Salt 
Pepper
Honey
Lemon juice

Parboiled rice
Knorr chicken broth mix
Butter

Spring mix w/spinach
Olives
Boiled eggs
Almonds
Cucumber
Parmesan cheese

Boil eggs. Boil water for rice and add knorr broth and butter. Cook rice as instructed on package. Chop cucumbers. Slice avocado and  drizzle with lemon juice. Cover and chill. Season salmon and drizzle with olive oil and lemon. Broil salmon. Add honey and lemon on top of salmon halfway through cooking. Broil until desired finish. While salmon is broiling, and rice is cooking... toss salad ingredients together and chill. Top salad with eggs. Plate food and enjoy.
",1722144691.0,0.99,84,0,,MoonsFurrBaby,9,True,1,False,image
15minutefood,1edygxu,"Chicken SUYA BURGER, (RECIPE IN COMMENT)",58,https://reddit.com/r/15minutefood/comments/1edygxu/chicken_suya_burger_recipe_in_comment/,https://www.reddit.com/gallery/1edygmr,,1722138352.0,0.92,58,0,15 minutes,Linarecipe,3,False,0,False,text
15minutefood,1ed1gao,Broccoli Caesar Salad,70,https://reddit.com/r/15minutefood/comments/1ed1gao/broccoli_caesar_salad/,https://berryberrylife.com/broccoli-caesar-salad/,,1722034566.0,0.99,70,0,Vegetarian,BerryBerryLife,13,True,2,True,text
15minutefood,1ecwhnh,Tuna mayo rice bowl with soy sauce marinated cucumber,32,https://reddit.com/r/15minutefood/comments/1ecwhnh/tuna_mayo_rice_bowl_with_soy_sauce_marinated/,https://i.redd.it/xs8cg5sbywed1.jpeg,"Ingredients:
Tuna 
Sushi rice
Cucumber
Japanese mayo 
Tamari soy sauce
Honey
Seaweed flakes 
Toasted sesame seeds

Steps: 
(I didn’t really use any measurements, I just kind of eyeballed everything so any measurements I use here will be estimates)

If you don’t have any leftover rice, then cook that first. I used sushi rice this time, but I also like jasmine rice. 

While the rice is cooking I sliced my cucumbers then added them to a small bowl where I mixed about a teaspoon of honey into a couple tablespoons of soy sauce to let them marinade while I prepared everything else. 

Then I took a packet of tuna, drained the water out and put it in a bowl. I mixed in about a tablespoon and a half of Japanese mayonnaise and then a couple teaspoons of tamari soy sauce. The ratio of mayo and soy sauce is really up to your preference though. 

Once I had my rice I layered the bottom of my bowl with it, then put my tuna mixture on top with the marinated cucumber slices. I didn’t put the rest of the marinade itself in my rice bowl but I did a light drizzle of soy sauce over my bowl. Then I topped everything with seaweed flakes and sesame seeds. 

This was my first attempt at something like this but I really enjoyed it. I think next time I’ll also marinade some shredded carrot with the cucumber. I’d also like to try adding rice vinegar to the marinade mix but I don’t currently have any. ",1722021599.0,0.91,32,0,,_Bo_Nanners_,4,True,1,False,image
15minutefood,1ecdst3,Blackstone Caramel Apple Pie,41,https://reddit.com/r/15minutefood/comments/1ecdst3/blackstone_caramel_apple_pie/,https://www.reddit.com/gallery/1ecdst3,"Surprisingly, this can be done in 15 minutes lol didn't expect that when I started....

Blackstone Caramel Apple Pie

I don't usually make desserts but someone asked for caramel apple pie so I asked myself ""Will it Blackstone?""

Start my melting some butter on medium heat then add diced apples.

Let them cook until soft then add some honey whiskey, after the alcohol cooks off they should be pretty soft and changing color. If they're still too firm add more whiskey and let the alcohol cook off then check again.

Turn the temp to low, add brown sugar and butter, stir as the butter melts, once it starts to combine with the brown sugar move it off heat but keep it warm. You don't want the sugar to burn but you do want everything to be sticky.

The crust is a piece of premade pillsbury pie crust, the refrigerated ones that come rolled up in a 2 pack. In a clean spot, pretty much anywhere there isn't melted butter and sugar lol sprinkle the top with cinnamon and toast the bottom on low-medium heat, after it browns flip it and let it finish cookihg until it's not doughy when you poke it.

Pile the apples on top, shot of whipped cream, sprinkle with powdered sugar and cinnamon.",1721963264.0,0.93,41,0,,XRPcook,1,True,8,True,text
15minutefood,1ebya1a,Easy Sautéed Sweet Potatoes-Vegan Quick Recipe,17,https://reddit.com/r/15minutefood/comments/1ebya1a/easy_sautéed_sweet_potatoesvegan_quick_recipe/,https://i.redd.it/uh5qgaynroed1.jpeg,,1721922644.0,0.92,17,0,15 minutes,VegBuffetR,1,True,1,False,image
15minutefood,1e7up46,"When you're girl asks you to throw on a grilled cheese while you're cooking, you make it dangerously cheesy 😂",344,https://reddit.com/r/15minutefood/comments/1e7up46/when_youre_girl_asks_you_to_throw_on_a_grilled/,https://www.reddit.com/gallery/1e7up46,"Bread, butter, cheese, brown, flip, brown again, eat",1721479083.0,0.9,344,0,,XRPcook,60,True,8,True,text
15minutefood,1e88ot1,Easy Chicken Salad Recipe With Grapes,40,https://reddit.com/r/15minutefood/comments/1e88ot1/easy_chicken_salad_recipe_with_grapes/,https://i.redd.it/6jwfiwvadrdd1.png,,1721518256.0,0.8,40,0,,justrecipesspace,16,True,1,False,image
15minutefood,1e7d5w5,Sichuan Bok Choy Tofu Stir Fry,38,https://reddit.com/r/15minutefood/comments/1e7d5w5/sichuan_bok_choy_tofu_stir_fry/,https://berryberrylife.com/sichuan-tofu-stir-fry/,,1721419810.0,1.0,38,0,Vegetarian,BerryBerryLife,5,True,2,True,text
15minutefood,1dzto6t,Fridge raid tempeh and broccoli noodles,116,https://reddit.com/r/15minutefood/comments/1dzto6t/fridge_raid_tempeh_and_broccoli_noodles/,https://i.imgur.com/GgHhVKz.gifv,,1720611784.0,0.95,116,0,10 minutes,lnfinity,23,True,1,False,image
15minutefood,1dzrwpv,Sweet Amla Achar- Instant Indian Gooseberry Pickle,33,https://reddit.com/r/15minutefood/comments/1dzrwpv/sweet_amla_achar_instant_indian_gooseberry_pickle/,https://i.redd.it/3g983re7znbd1.jpeg,,1720605461.0,0.97,33,0,15 minutes,VegBuffetR,9,True,1,False,image
15minutefood,1dxlic6,CHILI CHEESE TOAST,85,https://reddit.com/r/15minutefood/comments/1dxlic6/chili_cheese_toast/,https://i.redd.it/uwv73chdq4bd1.jpeg,,1720372393.0,0.99,85,0,15 minutes,homelyplatter,20,True,1,False,image
15minutefood,1dxdbjl,Salad - grilled chicken and veggies,43,https://reddit.com/r/15minutefood/comments/1dxdbjl/salad_grilled_chicken_and_veggies/,https://i.redd.it/v3pqo0bco2bd1.jpeg,"Slice the chicken and grill both sides
Couscous- add boiling water to a pack
In a large bowl mix 3tbs of olive oil, 4 tbs of lemon juice, some zest and Zatar (or herbs)
Finally chop curly parsley and mint- add to the bowl
Drain a tin of lentils - add some to the bowl
Chop- cherry tomatoes, cucumber, onion, chilli, peppers (whatever you wish)- add to bowl
Add crumbled feta and chicken chopped
Mix- serve! 
",1720347490.0,0.97,43,0,,TheOGGinQueen,10,True,1,False,image
15minutefood,1dw7a6v,What are some good egg pairings?,37,https://reddit.com/r/15minutefood/comments/1dw7a6v/what_are_some_good_egg_pairings/,https://www.reddit.com/r/15minutefood/comments/1dw7a6v/what_are_some_good_egg_pairings/,"I'm on an egg kick right now--scrambled, over medium, hard & soft boiled--and looking for some creative pairings, whether on top, on the side, or incorporated into them while cooking. Some of my favorite egg ""dishes"" right now, for reference, are deviled eggs with bacon, eggs scrambled with boursin cheese, and over medium eggs topped with cheese and chili oil. Not a huge fan of omelettes. Odd request, but would appreciate some creative ideas. Important info: I dislike anything pickled, as well as onions and straight up mustard. Lol.

  
EDIT: If anyone's interested, I've found my newest snack obsession based off of some of these comments that I've been eating waaay too much of over the last couple days, lol. Hard boiled egg (medium boiled, actually) cut in halves, topped with parmesan, bacon, ranch seasoning, curry powder, a tiny dollop of spicy mayo, and pepper. Literally one of the best snacks I've ever had. Sounds weird but INSANELY good! ",1720210383.0,0.93,37,0,,CutiePie156,143,False,0,False,text
15minutefood,1dtbu2y,Italian White Beans In Tomato Sauce,52,https://reddit.com/r/15minutefood/comments/1dtbu2y/italian_white_beans_in_tomato_sauce/,https://i.redd.it/8fmtuggmv0ad1.jpeg,"Dinner tonight and it was incredible ! 

Recipe here ",1719889879.0,0.92,52,0,,[deleted],11,True,1,False,image
15minutefood,1drasw8,"Air Fryer Corn On The Cob in Indian Style {Vegan, Healthy}",53,https://reddit.com/r/15minutefood/comments/1drasw8/air_fryer_corn_on_the_cob_in_indian_style_vegan/,https://i.redd.it/fmv5w1zyei9d1.jpeg,,1719666413.0,0.93,53,0,15 minutes,VegBuffetR,7,True,1,False,image
15minutefood,1dr70oz,My cheesecake 🍓🍓,7,https://reddit.com/r/15minutefood/comments/1dr70oz/my_cheesecake/,https://www.reddit.com/r/15minutefood/comments/1dr70oz/my_cheesecake/,,1719651648.0,0.82,7,0,,abady97,5,False,0,False,text
15minutefood,1dosne7,Air Fryer Fried Bananas,47,https://reddit.com/r/15minutefood/comments/1dosne7/air_fryer_fried_bananas/,https://i.redd.it/qtt55kugav8d1.jpeg,,1719386448.0,0.97,47,0,15 minutes,VegBuffetR,5,True,1,False,image
15minutefood,1dl5qgx,Meal planning tips,14,https://reddit.com/r/15minutefood/comments/1dl5qgx/meal_planning_tips/,https://www.reddit.com/r/15minutefood/comments/1dl5qgx/meal_planning_tips/,How do you guys meal plan and stick to it every night?  Meals are a struggle lately.  I feel like I’m out of ideas.,1718981123.0,0.87,14,0,,SparkDBowles,12,False,0,False,text
15minutefood,1dkaa77,Pepperoni Pizza,232,https://reddit.com/r/15minutefood/comments/1dkaa77/pepperoni_pizza/,https://www.reddit.com/gallery/1dkaa77,"Stretch store bought pizza dough to size, assemble on skillet over medium-high heat while broiler warms up, dough, sauce, mozzarella, pepperoni, parmesan, and place under broiler until cheese melts. If you like the crust more done leave it on the burner longer, less done use a lower temp while assembling.",1718886126.0,0.98,232,0,,XRPcook,39,True,12,True,text
15minutefood,1djc7lj,Air Fryer Cucumber Chips (Vegan Quick Snack),43,https://reddit.com/r/15minutefood/comments/1djc7lj/air_fryer_cucumber_chips_vegan_quick_snack/,https://i.redd.it/a7ix64sb0h7d1.jpeg,,1718777676.0,0.89,43,0,15 minutes,VegBuffetR,10,True,1,False,image
15minutefood,1djr1m1,"How would you classify a donut with cream cheese if it were cut in half, and what criteria differentiate it from a bagel?",0,https://reddit.com/r/15minutefood/comments/1djr1m1/how_would_you_classify_a_donut_with_cream_cheese/,https://www.reddit.com/r/15minutefood/comments/1djr1m1/how_would_you_classify_a_donut_with_cream_cheese/,"If a person put cream cheese on a donut and then cut it in half, is it bagel ?",1718823571.0,0.29,0,0,,DrCastillo18,16,False,0,False,text
15minutefood,1dfst0o,Creamy Gochujang Pasta,110,https://reddit.com/r/15minutefood/comments/1dfst0o/creamy_gochujang_pasta/,https://berryberrylife.com/creamy-gochujang-pasta/,,1718376994.0,0.99,110,0,Vegetarian,BerryBerryLife,15,True,2,True,text
15minutefood,1dfnpx3,Pizza from 2 tortillas ready in 15 minutes,113,https://reddit.com/r/15minutefood/comments/1dfnpx3/pizza_from_2_tortillas_ready_in_15_minutes/,https://i.redd.it/w99vwrgxli6d1.jpeg,,1718361149.0,0.92,113,0,15 minutes,Mr_ND_Cooking,28,True,1,False,image
15minutefood,1dcqbwd,Tortellini de Alfredo ,69,https://reddit.com/r/15minutefood/comments/1dcqbwd/tortellini_de_alfredo/,https://i.redd.it/p3h4kxw8yr5d1.jpeg,"Stuffed Tortellini noodles (Costco), Prego alfredo sauce, grilled chicken with Italian seasoning. And of course garlic bread. (Around 14 minutes for me to make)",1718038406.0,0.9,69,0,15 minutes,DutchBlaz3r,15,True,1,False,image
15minutefood,1dck2lr,"Handheld Steak, it's better than a Slim Jim",114,https://reddit.com/r/15minutefood/comments/1dck2lr/handheld_steak_its_better_than_a_slim_jim/,https://www.reddit.com/gallery/1dck2lr,"Salt, pepper, butter, grill to desired doneness",1718021806.0,0.95,114,0,,XRPcook,33,True,6,True,text
15minutefood,1db20ie,Amla Pickle - Indian Gooseberry Pickle Recipe,31,https://reddit.com/r/15minutefood/comments/1db20ie/amla_pickle_indian_gooseberry_pickle_recipe/,https://i.redd.it/0lsbr9tkec5d1.jpeg,,1717850240.0,0.92,31,0,15 minutes,VegBuffetR,7,True,1,False,image
15minutefood,1d9fp5z,Grilled Pizza,72,https://reddit.com/r/15minutefood/comments/1d9fp5z/grilled_pizza/,https://www.reddit.com/gallery/1d9fp5z,"Stretch dough, add sauce & cheese, toss on hot flat top with cornmeal until crust is cooked to your preference",1717672569.0,0.93,72,0,,XRPcook,18,True,5,True,text
15minutefood,1d8k7az,10-Minute Easy Air Fryer Carrot Fries,85,https://reddit.com/r/15minutefood/comments/1d8k7az/10minute_easy_air_fryer_carrot_fries/,https://i.redd.it/x7vyva6dip4d1.jpeg,,1717573077.0,0.96,85,0,10 minutes,VegBuffetR,23,True,1,False,image
15minutefood,1d8x853,Need ideas for picnic/beach days,8,https://reddit.com/r/15minutefood/comments/1d8x853/need_ideas_for_picnicbeach_days/,https://www.reddit.com/r/15minutefood/comments/1d8x853/need_ideas_for_picnicbeach_days/,"I always do sandwiches, chips, watermelon and drinks like soda or water. I need some better ideas!

edit: We have 5 kids ages 10-3",1717612473.0,0.9,8,0,Question,Reed-_-,9,False,0,False,text
15minutefood,1d710n2,"Pepper Fried Eggs (15 mins, very customisable)",98,https://reddit.com/r/15minutefood/comments/1d710n2/pepper_fried_eggs_15_mins_very_customisable/,https://i.redd.it/esh1qz001c4d1.jpeg,,1717409826.0,0.98,98,0,15 minutes,amuseyourbouche,21,True,1,False,image
15minutefood,1d5fja5,Easy Cucumber Apple Salad Recipe With Peanut Butter,58,https://reddit.com/r/15minutefood/comments/1d5fja5/easy_cucumber_apple_salad_recipe_with_peanut/,https://i.redd.it/ua0o9xjp8w3d1.jpeg,,1717218659.0,0.98,58,0,15 minutes,VegBuffetR,16,True,1,False,image
15minutefood,1d55vr6,Chinese Broccoli with a Chili Garlic Sauce,46,https://reddit.com/r/15minutefood/comments/1d55vr6/chinese_broccoli_with_a_chili_garlic_sauce/,https://berryberrylife.com/chinese-broccoli-gai-lan/,,1717188704.0,0.98,46,0,,BerryBerryLife,6,True,2,True,text
15minutefood,1d4vw9t,Olive Pesto Pasta,136,https://reddit.com/r/15minutefood/comments/1d4vw9t/olive_pesto_pasta/,https://i.redd.it/ierddbojmr3d1.jpeg,,1717162856.0,1.0,136,0,15 minutes,Zardyplants,16,True,1,False,image
15minutefood,1d4j2g4,Air Fryer broccolini with Garlic and Lemon,134,https://reddit.com/r/15minutefood/comments/1d4j2g4/air_fryer_broccolini_with_garlic_and_lemon/,https://i.redd.it/pntysns6sn3d1.jpeg,,1717116262.0,0.99,134,0,15 minutes,Piece_of_Lulu,18,True,1,False,image
15minutefood,1d4a57g,What else is good to cook the pasta with instead of shrimp?,15,https://reddit.com/r/15minutefood/comments/1d4a57g/what_else_is_good_to_cook_the_pasta_with_instead/,https://www.reddit.com/r/15minutefood/comments/1d4a57g/what_else_is_good_to_cook_the_pasta_with_instead/,,1717091995.0,0.94,15,0,,Both_Gas_5685,42,False,0,False,text
15minutefood,1d41ii7,I made turkish eggs or cilbir the other day and the world is sleeping on this dish.,34,https://reddit.com/r/15minutefood/comments/1d41ii7/i_made_turkish_eggs_or_cilbir_the_other_day_and/,https://www.reddit.com/r/15minutefood/comments/1d41ii7/i_made_turkish_eggs_or_cilbir_the_other_day_and/,"This dish is literally so easy if you know to poach an egg and it just tastes so delicious. Gets ready in just 15 minutes and its such a healthy breakfast too. It just ticks all the boxes for me: low in calories, high in protein, and absolutely delicious. SO, it has three different parts and I'll share the recipe for all of those differently.

  
Yogurt Dip: base of the dish

1. Grate some garlic (use less because the flavour would be intense), add salt to it and mix it well, this will help bring out the juices in garlic and give that amazing flavour (this is the main trick that helps bring out the best flavour).

2. Add greek yogurt to it and make sure it is room temperature. Followed by pepper and mix.

3. Your yogurt dip is ready. Now, take a plate or bowl and spread it as the base for it.

  
Poached Eggs

This could be tricky but i think some youtube videos will help you better understand it.  Place your poached eggs on top of your yogurt base.

  
Chilli Oil/Butter

1. Put butter in the pan (butter is used originally but you could use olive oil for less fat or mix them both together to get the best of both worlds). let it turn brown and make that crackling sound.

2. Add chili powder or paprika or whatever red pepper powder you have. Mix it well enough and let it simmer on low heat and quickly switch it off. Remember you don't need a lot of it because you only need to drizzle it on top of your base.



Toast some bread in butter or oil or plain in a toaster and enjoy the feast.",1717067557.0,0.94,34,0,,Remarkable_Double195,2,False,0,False,text
15minutefood,1d3wxrv,Cilantro Mint Chutney (Indian Green Dip),51,https://reddit.com/r/15minutefood/comments/1d3wxrv/cilantro_mint_chutney_indian_green_dip/,https://i.redd.it/17s3r7eu5i3d1.jpeg,,1717048201.0,0.97,51,0,15 minutes,VegBuffetR,3,True,1,False,image
15minutefood,1d2pujo,Which Recipe is Made in 5 Minutes?,12,https://reddit.com/r/15minutefood/comments/1d2pujo/which_recipe_is_made_in_5_minutes/,https://www.reddit.com/r/15minutefood/comments/1d2pujo/which_recipe_is_made_in_5_minutes/,"Plz tell me Which Recipe is Made in 5 Minutes? Any types recipe veg, non veg all accpeted.",1716919177.0,0.8,12,0,Question,KetoSnacks16,63,False,0,False,text
15minutefood,1cztyrn,✨boi dinner✨,159,https://reddit.com/r/15minutefood/comments/1cztyrn/boi_dinner/,https://i.redd.it/k5wtikn2lf2d1.jpeg,,1716581147.0,0.88,159,0,,Arya-graves,23,True,1,False,image
15minutefood,1d0d2re,I want to make a special dinner tonight. Can you plz help me. If you have any suggetions plz tell me.,3,https://reddit.com/r/15minutefood/comments/1d0d2re/i_want_to_make_a_special_dinner_tonight_can_you/,https://www.reddit.com/r/15minutefood/comments/1d0d2re/i_want_to_make_a_special_dinner_tonight_can_you/,Help me to make a special dinner tonight. Any kind of suggetion do you have?,1716646821.0,0.64,3,0,Question,KetoSnacks16,13,False,0,False,text
15minutefood,1cyr9af,Breakfast Burrito,198,https://reddit.com/r/15minutefood/comments/1cyr9af/breakfast_burrito/,https://www.reddit.com/gallery/1cyr9af,"Cut and cook bacon, drain excess fat, add eggs and scallions, mix together in pan while cooking, top with cheese, cover with tortilla to warm it (makes it easier to roll), fill and roll the coat with grated parm and toast.",1716466314.0,0.99,198,0,,XRPcook,23,True,16,True,text
15minutefood,1cwsrw1,The EASIEST BBQ Chicken Pita Pizza Recipe,73,https://reddit.com/r/15minutefood/comments/1cwsrw1/the_easiest_bbq_chicken_pita_pizza_recipe/,https://i.redd.it/dn21dh6ipn1d1.jpeg,,1716245205.0,0.99,73,0,15 minutes,HalfMovieGirl,24,True,1,False,image
15minutefood,1cwqu2i,Stuffed fried slices a fantastic breakfast,89,https://reddit.com/r/15minutefood/comments/1cwqu2i/stuffed_fried_slices_a_fantastic_breakfast/,https://i.redd.it/zhebz6o2fn1d1.jpeg,,1716240138.0,0.96,89,0,15 minutes,Mr_ND_Cooking,15,True,1,False,image
15minutefood,1cvuz0j,Savory oatmeal’s?,7,https://reddit.com/r/15minutefood/comments/1cvuz0j/savory_oatmeals/,https://www.reddit.com/r/15minutefood/comments/1cvuz0j/savory_oatmeals/,"Drop your recipes in comments. Looking for new, healthy breakfasts.",1716143669.0,0.74,7,0,Question,SparkDBowles,7,False,0,False,text
15minutefood,1cuk2v2,"Asian Chopped Salad with a homemade Asian style dressing
",49,https://reddit.com/r/15minutefood/comments/1cuk2v2/asian_chopped_salad_with_a_homemade_asian_style/,https://youtu.be/8SgHQIhp8P8,,1715990324.0,0.99,49,0,,BerryBerryLife,17,True,2,True,text
15minutefood,1cu2gtl,Coronation Chickpeas [OC],65,https://reddit.com/r/15minutefood/comments/1cu2gtl/coronation_chickpeas_oc/,https://i.redd.it/zle047qkyy0d1.jpeg,,1715944039.0,0.96,65,0,5 minutes,amuseyourbouche,17,True,1,False,image
15minutefood,1cq9z21,Delicious chocolate Crepes recipe,90,https://reddit.com/r/15minutefood/comments/1cq9z21/delicious_chocolate_crepes_recipe/,https://i.redd.it/vmdl3ydsg00d1.png,,1715526523.0,1.0,90,0,,Futuzucooking,13,True,1,False,image
15minutefood,1cn4sly,"Easy Tiramisu Without Mold, Without Mascarpone",56,https://reddit.com/r/15minutefood/comments/1cn4sly/easy_tiramisu_without_mold_without_mascarpone/,https://i.redd.it/t78dsel9h7zc1.png,,1715175534.0,0.93,56,0,,Futuzucooking,25,True,1,False,image
15minutefood,1cm72vw,Smoked Salmon Savory Oats Recipe,53,https://reddit.com/r/15minutefood/comments/1cm72vw/smoked_salmon_savory_oats_recipe/,https://i.redd.it/2y6ykj9avyyc1.jpeg,,1715071245.0,0.96,53,0,15 minutes,ramblist,10,True,1,False,image
15minutefood,1ckmgcu,Creamy Canned tuna pasta,62,https://reddit.com/r/15minutefood/comments/1ckmgcu/creamy_canned_tuna_pasta/,https://i.redd.it/ccpsif41hkyc1.png,,1714897035.0,0.96,62,0,,DSilverwing,2,True,1,False,image
15minutefood,1ck2vq3,This is a real Fluffy Cloud☁️Dessert! It just melts in your mouth!,76,https://reddit.com/r/15minutefood/comments/1ck2vq3/this_is_a_real_fluffy_clouddessert_it_just_melts/,https://i.redd.it/homgy8ewgfyc1.png,,1714836447.0,0.97,76,0,,Futuzucooking,5,True,1,False,image
15minutefood,1cjxtnb,Smoked Salmon Jicama 'Tacos',36,https://reddit.com/r/15minutefood/comments/1cjxtnb/smoked_salmon_jicama_tacos/,https://www.reddit.com/gallery/1cjxtnb,,1714820969.0,1.0,36,0,15 minutes,ramblist,8,True,2,True,text
15minutefood,1cj6a2q,High-Fiber & High-Protein Arugula and Chickpea Bowl with Romesco Sauce,73,https://reddit.com/r/15minutefood/comments/1cj6a2q/highfiber_highprotein_arugula_and_chickpea_bowl/,https://i.redd.it/ofn4cnz457yc1.jpeg,,1714735559.0,0.99,73,0,15 minutes,ramblist,30,True,1,False,image
15minutefood,1cfw335,"[I ate] apple yoghurt granola parfait, also homemade",39,https://reddit.com/r/15minutefood/comments/1cfw335/i_ate_apple_yoghurt_granola_parfait_also_homemade/,https://i.redd.it/ooxlppnqgcxc1.png,,1714387855.0,0.96,39,0,5 minutes,youcanlickmyass,3,True,1,False,image
15minutefood,1cfx9zh,No Technique And Cheap 15 Minute Unique Milk Tea Recipe with Shaoxing Wine. Very Strong Milk and Very Strong Tea Flavor ,16,https://reddit.com/r/15minutefood/comments/1cfx9zh/no_technique_and_cheap_15_minute_unique_milk_tea/,https://www.reddit.com/r/15minutefood/comments/1cfx9zh/no_technique_and_cheap_15_minute_unique_milk_tea/,"I'm a Taiwanese person living In California. 

Here is my recipe for Milk Tea. 

Ingredients About 1.30 per drink 
1. 1.5 Tablespoon Of Milk Oolong Tea Leaves .83 cents 
2. 1 Cup 2 percent Milk .25 cents 
3. 1 Teaspoon Premium 52 Shaoxing Wine From Amazon 20 Cents 
4. 2 Teaspoons Sugar 2 cents 

Recipe
1. Pour milk, tea leaves , and SW into pot. 
2. Heat on high for 5 minutes
3. Pour into glass. 
4. Take out leaves
 5. Put in sugar
 6. Put in freezer for 10 minutes. 
Done! 


I am curious what part of the world likes to drink milk tea that is more tea infused milk than milk infused tea? ",1714391901.0,0.9,16,0,15 minutes,JimmyFallonSucksDick,4,False,0,False,text
15minutefood,1ced7gt,Easy Chili Garlic Noodles,83,https://reddit.com/r/15minutefood/comments/1ced7gt/easy_chili_garlic_noodles/,https://youtu.be/UMu0HQQbyz0,,1714220329.0,0.98,83,0,Vegan,BerryBerryLife,5,True,2,True,text
15minutefood,1ce3bkq,How can I make decent sesame chicken with frozen breaded chicken? ,9,https://reddit.com/r/15minutefood/comments/1ce3bkq/how_can_i_make_decent_sesame_chicken_with_frozen/,https://www.reddit.com/r/15minutefood/comments/1ce3bkq/how_can_i_make_decent_sesame_chicken_with_frozen/,"Someone told me they did this, and I tried it twice, and it didn’t turn out well. It seems like it should be able to turn out okay if I used the right chicken. The first I tried was Purdue lightly breaded chicken chunks, and it didn’t seem breaded enough. I don’t recall the second but it wasn’t the right breading or was too breaded. Any suggestions on which chicken to use? 
",1714184086.0,0.91,9,0,Question,Roonil-B_Wazlib,21,False,0,False,text
15minutefood,1cb534l,Super Fluffy Souffle Omelette Recipe,57,https://reddit.com/r/15minutefood/comments/1cb534l/super_fluffy_souffle_omelette_recipe/,https://i.redd.it/lef1bgzxg8wc1.png,,1713880051.0,0.94,57,0,,Futuzucooking,15,True,1,False,image
15minutefood,1caf8l1,A Taste of the Spring: Black Locust Flower Patties with Clams or Cheese and Bacon,44,https://reddit.com/r/15minutefood/comments/1caf8l1/a_taste_of_the_spring_black_locust_flower_patties/,https://www.reddit.com/gallery/1caf8l1,,1713803402.0,0.97,44,0,,Patty_Huang,15,True,5,True,text
15minutefood,1c9voho,Very Very Sweet And Nutty Buttered Pasta Using Nutmeg and Shaoxing Wine  In Less Than 15 Minutes! ,13,https://reddit.com/r/15minutefood/comments/1c9voho/very_very_sweet_and_nutty_buttered_pasta_using/,https://www.reddit.com/r/15minutefood/comments/1c9voho/very_very_sweet_and_nutty_buttered_pasta_using/,"Who says buttered pasta needs to taste like crap, and its flavor isn't good for sophisticated pallettes? Screw those people. 

Ingredients: 

1. .5 teaspoon Ground Nutmeg. 
2. 2 Teaspoon Shaoxing Wine 
3. 2 Teaspoon Sugar 
4. 2 Tablespoon Unsalted Butter 
5. Quarter Cup Of Barilla Elbow Pasta 

Recipe: 
1. In a large pot cook Barilla Pasta on high. 
2. Mix wine and sugar and 1/4 teaspoon of nutmeg together in a bowl. 
3. Drain pasta. Do not turn heat off. 
4. Put butter into large pot. 
5. Wait 2 minutes. 
6. Turn to low. 
7. Pour in mixture from step 2 and pasta into pot. Use a spoon to scrape off the nutmeg. 
8. Mix for about 15 seconds. 
9. Pour everything into bowl. 
10. Garnish with 1/2 teaspoon of nutmeg. 

Done! 

When the heat has been on high for a while, butter gets to brown butter or almost brown butter much more quickly. In this case it only takes about 2 minutes on high. 

Shaoxing wine is great for sweet dishes. Hopefully, western cooks realize that one day. 

Shaoxing wine gives sweetness a luxurious depth of flavor. 

I hate alcohol. I hate drinking. If you don't like alcohol you'll still probably like using it. The alcohol flavor in the wine is very very mild. 

This recipe costs about 1 dollar! 

If you want a more traditionally tasting buttered pasta, you can omit the nutmeg to have a sweet  brown butter flavored buttered pasta. 

As you can see from my recipe I love using intense ingredients. I love throwing mild ingredients into the trash. 

",1713741136.0,0.81,13,0,15 minutes,JimmyFallonSucksDick,10,False,0,False,text
15minutefood,1c8qli4,Sweet Sichuan Peppercorn Broccoli In Less Than 15 Minutes,14,https://reddit.com/r/15minutefood/comments/1c8qli4/sweet_sichuan_peppercorn_broccoli_in_less_than_15/,https://www.reddit.com/r/15minutefood/comments/1c8qli4/sweet_sichuan_peppercorn_broccoli_in_less_than_15/,"Sichuan Peppercorns can be used for sweet dishes too! 
A. Get 1/2 pound broccoli. 
B
 Cut off the florets. 
1. Blanch the florets. 
2. Put 2 tablespoons of unsalted butter into a large stainless steel pot on hot heat. 
3. Put in about 25 Sichuan peppercorns. 
4. Stir for about 30 seconds. 
5. After 3 minutes after putting in butter put in a mixture of 1 teaspoon sugar and 1 teaspoon of Shaoxing wine. 
6. Stir for about 30 seconds. 
7. Serve. Don't be a wuss. Eat the peppercorns. No point in using them if you don't bite into them directly. 

First you'll taste the butter , than the Sweetness , then you taste the citrusness of the peppercorns. The milder orange peppercorms are not actually spicy. For the most part they are only mind numbing in spicy dishes. They are citrusy in sweet dishes. 

FYI Cook the butter in the same pot as the pot you used to Blanche the broccoli. That way the heat will be hot enough to brown or almost brown your butter in 3.5 minutes. 

I estimate this to be about 1.81 per serving. 
",1713621408.0,0.89,14,0,15 minutes,JimmyFallonSucksDick,2,False,0,False,text
15minutefood,1c89owr,"Aldi’s ham slice, mandoline cut potatoes fried in avocado oil, and canned green beans with chopped fried bacon and chopped onion",72,https://reddit.com/r/15minutefood/comments/1c89owr/aldis_ham_slice_mandoline_cut_potatoes_fried_in/,https://i.redd.it/cespsexugivc1.jpeg,,1713565115.0,0.83,72,0,,littleoldlady71,35,True,1,False,image
15minutefood,1c6o4ua,Delicious and easy Cookies with chocolate chips and butter,788,https://reddit.com/r/15minutefood/comments/1c6o4ua/delicious_and_easy_cookies_with_chocolate_chips/,https://www.reddit.com/gallery/1c6o4ua,[Recipe link](https://youtu.be/eqY0_Kp5poQ?si=vqGboI5R-XcJZfyA),1713395246.0,0.98,788,0,15 minutes,Nagla___,198,True,2,True,text
15minutefood,1c7582y,Less than 10 minutes Sweet Buttery Sesame Flavored Broccoli ,20,https://reddit.com/r/15minutefood/comments/1c7582y/less_than_10_minutes_sweet_buttery_sesame/,https://www.reddit.com/r/15minutefood/comments/1c7582y/less_than_10_minutes_sweet_buttery_sesame/,"1. Cut off florets from about .5 pound of broccoli. 
2. Blanche the florets. 
3. Mix in 1 tablespoon of sugar with 1 tablespoon of shaoxing wine in a bowl. 
4. Cook 3 tbsp of unsalted butter for about 4 minutes on high. 
5. Pour in mixture. Stir. 
6. Pour in broccoli. Stir for about 30 seconds. 
7. Let it cook without stirring for about 30 minutes. 
8. Mix in 1 Tablespoon Of Kadoya Roasted Sesame Oil. 
8. Serve! 

Butter, sugar, Shaoxing wine is an amazing base for a Fuck load of dishes. ",1713451765.0,0.92,20,0,10 minutes,JimmyFallonSucksDick,1,False,0,False,text
15minutefood,1c6unn9,Hard boiled eggs,21,https://reddit.com/r/15minutefood/comments/1c6unn9/hard_boiled_eggs/,https://www.reddit.com/r/15minutefood/comments/1c6unn9/hard_boiled_eggs/,I boiled some eggs since they were about to expire. Any ideas what to do with them besides egg salad?,1713414898.0,0.83,21,0,,bluelizard5555,43,False,0,False,text
15minutefood,1c44bm8,Ideas?,11,https://reddit.com/r/15minutefood/comments/1c44bm8/ideas/,https://www.reddit.com/r/15minutefood/comments/1c44bm8/ideas/,"Alright guys, im incompotent in the kitchen. All my meals are either ramen or made by someone else. My culinary expertise stops at the microwave, and ive screwed that up a few times too. Does anyone have violently simple meals or recipies for someone like me? ",1713128891.0,1.0,11,0,Question,General_One3419,33,False,0,False,text
15minutefood,1c2r7x5,Dan Dan Noodles at home,49,https://reddit.com/r/15minutefood/comments/1c2r7x5/dan_dan_noodles_at_home/,https://youtu.be/6MdHuzkyEkA,,1712975268.0,0.99,49,0,Vegan,BerryBerryLife,4,True,2,True,text
15minutefood,1c0est6,Made this abomination for my friend's 18th birthday,148,https://reddit.com/r/15minutefood/comments/1c0est6/made_this_abomination_for_my_friends_18th_birthday/,https://i.redd.it/itoxglruhltc1.png,"It tasted funny (surprise surprise), but ask me if you want to know",1712730076.0,0.88,148,0,,X_Stonetoad56680_X,39,True,1,False,image
15minutefood,1bz25ij,HONEY WALNUT SALMON,48,https://reddit.com/r/15minutefood/comments/1bz25ij/honey_walnut_salmon/,https://i.redd.it/ysdiekk36atc1.jpeg,,1712593368.0,0.95,48,0,15 minutes,Successful-Stop9191,3,True,1,False,image
15minutefood,1bxv4q6,Give me your Potato recipes?,38,https://reddit.com/r/15minutefood/comments/1bxv4q6/give_me_your_potato_recipes/,https://www.reddit.com/r/15minutefood/comments/1bxv4q6/give_me_your_potato_recipes/,So we all know that potato is the ultimate tuber vegetable & so now I must request help as I have so many potatoes & not so many ideas. Give me your best potato recipe/s! Thank you in advance ♡,1712462687.0,0.92,38,0,Question,Pickled_Faeces,41,False,0,False,text
15minutefood,1bxd4z0,Spaghetti All'Assassina or Assassin's Spaghetti,49,https://reddit.com/r/15minutefood/comments/1bxd4z0/spaghetti_allassassina_or_assassins_spaghetti/,https://youtu.be/eFZn2fJivb8,,1712414370.0,0.96,49,0,Vegetarian,BerryBerryLife,7,True,2,True,text
15minutefood,1bww2fb,Celebration dinner,51,https://reddit.com/r/15minutefood/comments/1bww2fb/celebration_dinner/,https://www.reddit.com/gallery/1bww2fb,"Tuna steak one had everything but the bagel seasoning & the other had lemon pepper. Cooked  1 min on each side. 1st time cooking them should have done 30 sec per side. 
Potatoes had paprika, Mrs dash garlic & Herb, Parmesan cheese & olive oil. They were small so they took 15 min in the oven.
Salad had red leaf lettuce(don't know name) broccoli & alfalfa sprouts mix, baby white turnips, roasted red peppers with blue cheese dressing.",1712358297.0,0.94,51,0,15 minutes,recipestalker,6,True,2,True,text
15minutefood,1bu8bsa,I,22,https://reddit.com/r/15minutefood/comments/1bu8bsa/i/,https://www.reddit.com/r/15minutefood/comments/1bu8bsa/i/,"I invented a new (rot me at least) sandwich for lunch today! It was so delicious I wanted to share:

GRILLED CHEESE WITH APPLE BUTTER SANDWICH 

2 slices of good quality sandwich bread (I used Orowheat buttermilk)

2Tbs softened butter 

2 slices sharp cheddar cheese

1 Tbs apple butter

Butter both pieces of bread on one side. Place one slice, butter side down in skillet warmed to medium heat. Place cheese on top of bread. On second slice of buttered bread, slather the apple butter on the side of bread not containing the butter. Place this slice with apple butter down (so it touches the cheese) and grill it as you would a regular grilled cheese, until bread is golden brown on both sides of sandwich!  Enjoy!",1712087617.0,0.82,22,0,10 minutes,ReadyNeedleworker424,11,False,0,False,text
15minutefood,1btgv1l,Grilled Cordon Bleu recipe with mushrooms and cheese,137,https://reddit.com/r/15minutefood/comments/1btgv1l/grilled_cordon_bleu_recipe_with_mushrooms_and/,https://www.reddit.com/gallery/1btgv1l,[Recipe link](https://youtu.be/diuGbDS67ow?si=l6lEo2oQLu6AsxZI),1712008133.0,0.97,137,0,15 minutes,Nagla___,34,True,2,True,text
15minutefood,1bqtbzz,"Half penne with tuna, beans, mint, oil, evo oil.",78,https://reddit.com/r/15minutefood/comments/1bqtbzz/half_penne_with_tuna_beans_mint_oil_evo_oil/,https://i.redd.it/qqfc8coztarc1.jpeg,once the pasta is made the sauce is very quick.,1711729288.0,0.95,78,0,15 minutes,techlira,13,True,1,False,image
15minutefood,1bpjmw0,Chicken bbq bake (carbless),85,https://reddit.com/r/15minutefood/comments/1bpjmw0/chicken_bbq_bake_carbless/,https://i.redd.it/unofwxmadzqc1.jpeg,"Took leftover chicken mince and laid down a layer in a baking pan. Topped with red onions, cheddar cheese spicy pickled jalapenos and black pepper. Backed in oven for 10 minutes and then drizzled BBQ sauce on top. ",1711590493.0,0.94,85,0,Leftovers,niketyname,22,True,1,False,image
15minutefood,1bpd1y2,"Rice with minced meat ,peans and nuts(optional):",111,https://reddit.com/r/15minutefood/comments/1bpd1y2/rice_with_minced_meat_peans_and_nutsoptional/,https://i.redd.it/ebrsmkp4zxqc1.jpeg,[Recipe link](https://youtu.be/p-ozcc8mz6w?si=2W_GYHsWx9NtMikq),1711573626.0,0.85,111,0,15 minutes,Nagla___,54,True,1,False,image
15minutefood,1bolpsq,1rst attempt at making lentils,173,https://reddit.com/r/15minutefood/comments/1bolpsq/1rst_attempt_at_making_lentils/,https://i.redd.it/u2m1man8crqc1.jpeg,"Chicken ( salt +pepper+chili powder+ habanero powder) air fried on fry 

Lentil (boil with salt for 10-20mn)

Sauté onion + tomatoes in olive oil

Mix all them up ",1711493285.0,0.91,173,0,15 minutes,[deleted],79,True,1,False,image
15minutefood,1bnn19p,Favorite chicken breast recipe ,12,https://reddit.com/r/15minutefood/comments/1bnn19p/favorite_chicken_breast_recipe/,https://www.reddit.com/r/15minutefood/comments/1bnn19p/favorite_chicken_breast_recipe/,"Doesn’t have to be 15 min, but the shorter the better. Any chicken breast recipes for grill, oven, or stove top. Running out of ideas lately. ",1711396180.0,0.93,12,0,,Sea_Local_2095,33,False,0,False,text
15minutefood,1blp9je,Chicken thighs recipe with healthy magic sauce without cream,233,https://reddit.com/r/15minutefood/comments/1blp9je/chicken_thighs_recipe_with_healthy_magic_sauce/,https://i.redd.it/3qqq8npyb2qc1.jpeg,[Recipe link](https://youtu.be/KnIwHoXEflg?si=Szt1alJbnLTHHyAl),1711190521.0,0.81,233,0,15 minutes,Nagla___,55,True,1,False,image
15minutefood,1blcb48,Watermelon and Feta Salad,135,https://reddit.com/r/15minutefood/comments/1blcb48/watermelon_and_feta_salad/,https://i.redd.it/tmysh6njqypc1.jpeg,,1711147004.0,0.93,135,0,10 minutes,BerryBerryLife,17,True,1,False,image
15minutefood,1bjnmnd,Gyro...fried rice?,23,https://reddit.com/r/15minutefood/comments/1bjnmnd/gyrofried_rice/,https://www.reddit.com/r/15minutefood/comments/1bjnmnd/gyrofried_rice/,OK...I've got a shit ton of cooked rice and gyro meat (from consecutive dinners).  I was thinking about using the meat as the base for a fried rice but that's where my creativity ends.  All I can think of are Asian flavors...anyone got any inspiration for a greek spin on fried rice?,1710966849.0,0.93,23,0,,Mattimvs,17,False,0,False,text
15minutefood,1berbe0,What are good foods to help weight gain?,331,https://reddit.com/r/15minutefood/comments/1berbe0/what_are_good_foods_to_help_weight_gain/,https://www.reddit.com/r/15minutefood/comments/1berbe0/what_are_good_foods_to_help_weight_gain/,"I'm 54 years old, and a little on the skeletal side. Looking at myself in the mirror is a kinda... whoa,  I need to get bigger. I'm not a picky eater, either,  I'm just not eating enough calories. Really cheap suggestions appreciated. ",1710438726.0,0.97,331,0,,Aggravating_Onion300,434,False,0,False,text
15minutefood,1bey8x2,Favorite leftover taco meat recipes?,41,https://reddit.com/r/15minutefood/comments/1bey8x2/favorite_leftover_taco_meat_recipes/,https://www.reddit.com/r/15minutefood/comments/1bey8x2/favorite_leftover_taco_meat_recipes/,"We usually just do a simple taco casserole, which is super unhealthy but brings me straight back to my childhood... (recipe at the end)
What are your favorite ways to use up leftover taco meat?

Taco casserole:
(I usually just eyeball everything, depending on how much leftover meat I have)

1-2c leftover taco meat
8-10oz macaroni noodles
1 can cream of celery soup
1-2tbsp mayonnaise
1-2tbsp butter
Celery salt, salt & pepper to taste

Cook noodles to al dente
Add remaining ingredients and mix together
Top with shredded cheddar cheese if you're feeling extra fancy",1710455818.0,0.93,41,0,,PorcupineYoga,88,False,0,False,text
15minutefood,1bcixvj,Second attempt at making carbonara,195,https://reddit.com/r/15minutefood/comments/1bcixvj/second_attempt_at_making_carbonara/,https://www.reddit.com/gallery/1bcixvj,,1710202070.0,0.84,195,0,15 minutes,DryRespect358,108,True,2,True,text
15minutefood,1bas8e6,"ground beef, green beans n white rice",457,https://reddit.com/r/15minutefood/comments/1bas8e6/ground_beef_green_beans_n_white_rice/,https://i.redd.it/dqmbe6voidnc1.jpeg,,1710018412.0,0.95,457,0,,shadycyn_,107,True,1,False,image
15minutefood,1bann8a,"pan-fried cauliflower, with anchovies, chilli pepper, extra virgin olive oil, white wine",83,https://reddit.com/r/15minutefood/comments/1bann8a/panfried_cauliflower_with_anchovies_chilli_pepper/,https://i.redd.it/w7mu30v5kcnc1.jpeg,,1710006823.0,0.97,83,0,,techlira,16,True,1,False,image
15minutefood,1ba59py,Wood Ear Mushroom Salad,48,https://reddit.com/r/15minutefood/comments/1ba59py/wood_ear_mushroom_salad/,https://www.reddit.com/gallery/1ba59py,,1709947226.0,0.94,48,0,Vegan,BerryBerryLife,7,True,2,True,text
15minutefood,1b8ux32,Garlic Butter Spaghetti w/ Yolk,681,https://reddit.com/r/15minutefood/comments/1b8ux32/garlic_butter_spaghetti_w_yolk/,https://www.reddit.com/gallery/1b8ux32,"Cook noodles, while they cook separate an egg yolk and set it aside, drain noodles, add butter and let it melt, toss in garlic, parm, basil, oregano, and onion flakes, top w/ yolk, sprinkle of cracked pepper, parm, and parsley",1709818861.0,0.98,681,0,,XRPcook,67,True,5,True,text
15minutefood,1b8d7kx,Air fried Gochujang Tofu,107,https://reddit.com/r/15minutefood/comments/1b8d7kx/air_fried_gochujang_tofu/,https://www.youtube.com/watch?v=0-iP3ddSASs,,1709763843.0,0.97,107,0,Vegan,BerryBerryLife,8,True,2,True,text
15minutefood,1b616rb,Cheesee Lays Chat,79,https://reddit.com/r/15minutefood/comments/1b616rb/cheesee_lays_chat/,https://i.redd.it/hi3cqwahp8mc1.jpeg,"Come let’s how to make this cheese Lays chat

1. Choose your preferred flavor of Lay's chips. I opted for blue Lay's.

2. Arrange the Lay's chips on a plate and generously spread mint chutney and mayonnaise over them.

3. Layer on chopped vegetables of your choice. I used onions, corn, tomatoes, and bell peppers.

4. Garnish with fresh coriander leaves and sprinkle some cheese on top.

5. Enjoy your delicious snack! 🧀",1709524314.0,0.9,79,0,5 minutes,wowhow6,27,True,1,False,image
15minutefood,1b4po2y,Chickpea Feta Salad,385,https://reddit.com/r/15minutefood/comments/1b4po2y/chickpea_feta_salad/,https://i.redd.it/fh8uku1imxlc1.jpeg,,1709390150.0,1.0,385,0,10 minutes,BerryBerryLife,40,True,1,False,image
15minutefood,1b4enrf,Super simple and quick pink sauce pasta with chicken and spinach.,67,https://reddit.com/r/15minutefood/comments/1b4enrf/super_simple_and_quick_pink_sauce_pasta_with/,https://i.redd.it/nidrgj8jeulc1.jpeg,"My step daughter and i speak different languages and bond through cooking. She wanted to make
""pink sauce pasta"" because of the colour. Maybe it's orange but this was damn good. The process is in our bio 

Here’s ingredients ☺️
350 grams pasta we used Rigatoni
2 chicken breast, diced
1 cup spinach, chopped,
2 tablespoon butter,
1 tablespoon olive oil,
1 red onion, minced, 
3 garlic cloves, minced,
1.5 cups tomato passata,
1 teaspoon dried basil,
1 chicken bouillon cube red chili flakes to liking salt and pepper,
1/2 cup heavy cream,
1/2 cup milk,
1/2 cup mozzarella cheese",1709351135.0,0.99,67,0,15 minutes,Suridanoi,14,True,1,False,image
15minutefood,1b38i27,Sichuan Mapo Tofu,86,https://reddit.com/r/15minutefood/comments/1b38i27/sichuan_mapo_tofu/,https://www.reddit.com/gallery/1b38i27,,1709233881.0,1.0,86,0,Vegan,BerryBerryLife,12,True,2,True,text
15minutefood,1b0kvdm,"""Biscuits"" and Gravy Bowl topped with Scrambled Eggs and Swiss",84,https://reddit.com/r/15minutefood/comments/1b0kvdm/biscuits_and_gravy_bowl_topped_with_scrambled/,https://i.redd.it/ud4jfogybykc1.jpeg,,1708962923.0,0.98,84,0,10 minutes,moolight,14,True,1,False,image
15minutefood,1b0uyqx,Breakfast Burrito,18,https://reddit.com/r/15minutefood/comments/1b0uyqx/breakfast_burrito/,https://www.reddit.com/r/15minutefood/comments/1b0uyqx/breakfast_burrito/,"This is a fast meal for breakfast on the run.

BREAKFAST BURRITO

1 kg flour burrito
1 lg egg 
1 sausage patty 1oz
Favorite shredded cheese
Salt and Pepper to taste
Onion finely chopped (Optional)

Set out the burrito and cover the inner 2/5 from one end to 2 inches from the opposite end.

Put sausage patty in a microwave-safe dish and microwave for 45 seconds covered then turn over the microwave for 30 seconds or until done covered.

Chop sausage into small bits. Put egg into bowl with sausage add salt and pepper and scramble.

Add oil to fry egg in to pan fry chopped onions for at least 1 minute.

Add egg mixture to skillet and cook on medium covered if possible cooks faster. Flip cook the other side. 
When cooked lay on the edge with cheese on it. Fold the wrap like a burrito with an open end. Wrap in waxed paper. Enjoy.

HINTS
I cut a sausage roll that is frozen into slices and store it in a freezer bag.  

You can just cook the sausage by the roll into crumbles and make 8-12 of them at a time and then wrap with waxed paper and out in an airtight freezer bag and take one out as needed and regeat in the microwave.unwrap burrito and losely wrap and sit on plate microwave on high for 50 seconds and then roll over and repeat till cooked thru and hot.",1708986665.0,0.95,18,0,5 minutes,[deleted],5,False,0,False,text
15minutefood,1az3uz2,Two ingredient chocolate mousse,515,https://reddit.com/r/15minutefood/comments/1az3uz2/two_ingredient_chocolate_mousse/,https://i.redd.it/8aqpho7oalkc1.jpeg,Quick to make - chill for a couple hours before enjoying it as a set mousse.,1708805026.0,0.99,515,0,,PurpleCatIsWatching,44,True,1,False,image
15minutefood,1ayt4ky,Yaki Udon Noodles with Tofu Mushroom and Vegetables,83,https://reddit.com/r/15minutefood/comments/1ayt4ky/yaki_udon_noodles_with_tofu_mushroom_and/,https://www.youtube.com/watch?v=iHNcptWKFmU,,1708776782.0,0.97,83,0,Vegan,BerryBerryLife,11,True,2,True,text
15minutefood,1aypvmn,"I came home, took out what I had from the refrigerator and it turned out to be a good dinner in 15 minutes.",33,https://reddit.com/r/15minutefood/comments/1aypvmn/i_came_home_took_out_what_i_had_from_the/,https://i.redd.it/9ppokuohxhkc1.jpeg,,1708764276.0,0.66,33,0,,Hanako_Sun,36,True,1,False,image
15minutefood,1axaz06,Garlic Pepper Pita Chips (Plain w/ Tumeric for Dogs),35,https://reddit.com/r/15minutefood/comments/1axaz06/garlic_pepper_pita_chips_plain_w_tumeric_for_dogs/,https://www.reddit.com/gallery/1axaz06,"Cut pita, toss w/ olive oil, season to taste, bake @ 300° until crispy",1708620187.0,0.97,35,0,,XRPcook,7,True,6,True,text
15minutefood,1aut5rc,This is not carbonara,128,https://reddit.com/r/15minutefood/comments/1aut5rc/this_is_not_carbonara/,https://i.redd.it/6xbn89rjvkjc1.jpeg,With seafood and broccoli - an absolute go to for me when my 14 year old is hungry. He doesn’t know that carbonara is sacred and shouldn’t be hijacked by other ingredients but I use the leftovers or freezer raider to fill him up in less than 15 minutes,1708364093.0,0.96,128,0,15 minutes,PurpleCatIsWatching,38,True,1,False,image
15minutefood,1aspi9d,Black Pepper Tofu in the air fryer,144,https://reddit.com/r/15minutefood/comments/1aspi9d/black_pepper_tofu_in_the_air_fryer/,https://i.redd.it/4p9tov7kr1jc1.jpeg,,1708132796.0,0.99,144,0,Vegan,BerryBerryLife,11,True,1,False,image
15minutefood,1ascxk3,Tortilla pizza triangle delicious and crispy,77,https://reddit.com/r/15minutefood/comments/1ascxk3/tortilla_pizza_triangle_delicious_and_crispy/,https://i.redd.it/mo2ie2d06zic1.png,,1708101259.0,0.91,77,0,15 minutes,Mr_ND_Cooking,13,True,1,False,image
15minutefood,1apz24l,I have 1lb of hamburger,27,https://reddit.com/r/15minutefood/comments/1apz24l/i_have_1lb_of_hamburger/,https://www.reddit.com/r/15minutefood/comments/1apz24l/i_have_1lb_of_hamburger/,"I don't know what to cook, I have a taco thing I'm making tonight but after that I'll still have hamburger. What is cheap and easy that doesn't involve pasta?",1707845214.0,1.0,27,0,,Direct-Mind1468,111,False,0,False,text
15minutefood,1aokt9a,I think I invented a new dessert..... but who knows.....,57,https://reddit.com/r/15minutefood/comments/1aokt9a/i_think_i_invented_a_new_dessert_but_who_knows/,https://www.reddit.com/r/15minutefood/comments/1aokt9a/i_think_i_invented_a_new_dessert_but_who_knows/,"It's a mixture of peanut butter, dark chocolate, chocolate, mega and double stuffed  oreos, crushed and mixed together. Then I begin to basically make popcorn balls, only using  the oreos instead of popcorn, and putting it in a casserole dish instead of rolling into balls. And with the popcorn ball recipe I found you use jello to flavor the balls, and I chose cherry, to go with the chocolate.   And i tell you what, boy did that sure turn out..... well today i wanted to do it again,but only wanted to make 1/4  of the amount as last time. Well im going along and its time to add the oreos *which happen to be all the oreos in the house* and low and behold,* because i eye balled to marshmallow content i had made more marshmallowmix then i had oreos.... figured they were going to be bars, so what they heck, why not .  . Only it pooled in the casserole dish, and a last ditch effort to save the dish, i went for taffy like bars, pouring the mixture onto a flat silicone baking sheet then stuck it in the freezer. And out came some interesting cherry chocolate taffy marshmallow bars, that, lol, even my own dog was following me around for.... it was so funny to see this 2 ft red string of marshmallow  stretch from my hand to his mouth.... oh what a sight lol",1707691423.0,0.8,57,0,,hottiefromalaska,34,False,0,False,text
15minutefood,1anhdnt,Made this Four Bean Salad with Homemade Dressing,462,https://reddit.com/r/15minutefood/comments/1anhdnt/made_this_four_bean_salad_with_homemade_dressing/,https://www.reddit.com/gallery/1anhdnt,,1707574864.0,0.99,462,0,Vegan,BerryBerryLife,48,True,2,True,text
15minutefood,1angvdb,Dessert jelly cup,73,https://reddit.com/r/15minutefood/comments/1angvdb/dessert_jelly_cup/,https://i.redd.it/xqq71yrakrhc1.jpeg,,1707573373.0,0.99,73,0,15 minutes,Taste-Blade,11,True,1,False,image
15minutefood,1ammgfg,Quick and Easy Breakfast Baked Pizza Slices,38,https://reddit.com/r/15minutefood/comments/1ammgfg/quick_and_easy_breakfast_baked_pizza_slices/,https://i.redd.it/snufhdgmtjhc1.jpeg,,1707479644.0,0.96,38,0,15 minutes,Mr_ND_Cooking,6,True,1,False,image
15minutefood,1amnl9d,Bevzilla Coffee,8,https://reddit.com/r/15minutefood/comments/1amnl9d/bevzilla_coffee/,https://www.reddit.com/r/15minutefood/comments/1amnl9d/bevzilla_coffee/,"Aight, coffee enthusiasts! If you've tried Bevzilla, how's it? Is it worth it or does it taste like horse shit? I usually stick to Nescafe, Bru and stuff. Classic brands but I wanted to make a switch and I'm also tight on cash these days. Bevzilla is so cheap and that makes me seriously doubt it's potential. Good things rarely come cheap.",1707483552.0,0.9,8,0,,Thick-Macaron-5019,12,False,0,False,text
15minutefood,1amjdrw,Crispy Bread Pizza Cones In The Air Fryer,6,https://reddit.com/r/15minutefood/comments/1amjdrw/crispy_bread_pizza_cones_in_the_air_fryer/,https://www.reddit.com/r/15minutefood/comments/1amjdrw/crispy_bread_pizza_cones_in_the_air_fryer/,"&#x200B;

https://preview.redd.it/uxcft6bnqihc1.jpg?width=1070&format=pjpg&auto=webp&s=4df9c9c1294f85a0931e379f668b3259310286f9

**Ingredients**

*  3-4 slices of Bread: Choose your favorite white or whole wheat bread (quantity specified for 2 servings).
* Mozzarella Cheese: 1/2 cup shredded.
* Chilli Flakes: 1 teaspoon.
* Italian Seasoning: 1 teaspoon.

**For Filling** 

* Chicken (boiled or fried), chopped: 1/2 cup.
* Capsicum, chopped: 1/4 cup.
* Carrots, chopped: 1/4 cup.
* Mayonnaise: 2 tablespoons.
* Tomato Sauce: 2 tablespoons.
* Italian Seasoning: 1 teaspoon.
* Salt and pepper to taste.

  Instructions

1. **Prepare Bread Cones:**  

* Cut the edges of the bread slices and press them lightly.
* Spread some mayonnaise on one side of each bread slice.
* Shape each bread slice into a cone.
* Air fry the bread cones at 200°C for 1-2 minutes to make them crispy.

1. **Prepare Filling:**  

* Mix chopped chicken, capsicum, carrots, mayonnaise, tomato sauce, and Italian seasoning in a bowl.
* Season with salt and pepper.

1. **Assemble and Air Fry:**  

* Fill the bread cones with the prepared filling mixture.
* Sprinkle mozzarella cheese, chilli flakes, and Italian seasoning on top of the filling.
* Air fry the filled bread cones at 200°C for 3-4 minutes, until the cheese melts and the cones are crispy.

1. **Serve:**  

* Once done, serve the Bread Pizza Cones hot.
* Enjoy!
* Read more about this recipe  [https://www.5minutemunch.com/crispy-bread-pizza-cones-in-the-air-fryer-a-quick-and-easy-recipe/](https://www.5minutemunch.com/crispy-bread-pizza-cones-in-the-air-fryer-a-quick-and-easy-recipe/)",1707466619.0,0.8,6,0,,5minutemunch,2,True,1,False,text
15minutefood,1al7mft,Chicken Caesar Wraps,99,https://reddit.com/r/15minutefood/comments/1al7mft/chicken_caesar_wraps/,https://www.reddit.com/gallery/1al7mft,"Season chicken w/ salt, pepper, and paprika then brown in butter w/ garlic, onion, and a sprig of rosemary. Assemble on tortilla w/ leaf of lettuce, croutons, caesar dressing, and shredded parmesan cheese.",1707325053.0,0.99,99,0,,XRPcook,8,True,4,True,text
15minutefood,1al18ph,Homemade Japanese noodles,68,https://reddit.com/r/15minutefood/comments/1al18ph/homemade_japanese_noodles/,https://i.redd.it/dg5wcm70k5hc1.jpeg,"Noodles, with scallions,  6.5 minutes half boiled eggs.

Soup: A mixture of soy sauce, sugar , ginger paste and a lil bit of chicken stock.",1707306914.0,0.99,68,0,,Mrplatinumblondelife,10,True,1,False,image
15minutefood,1al53ke,Healthy dessert Bar recipe without flour! Energy dessert recipe!,30,https://reddit.com/r/15minutefood/comments/1al53ke/healthy_dessert_bar_recipe_without_flour_energy/,https://i.redd.it/4oy14ktki6hc1.png,,1707318608.0,0.9,30,0,,Futuzucooking,4,True,1,False,image
15minutefood,1al2t02,Microwave Ghee Mysore Pak,3,https://reddit.com/r/15minutefood/comments/1al2t02/microwave_ghee_mysore_pak/,https://www.reddit.com/r/15minutefood/comments/1al2t02/microwave_ghee_mysore_pak/,"&#x200B;

https://preview.redd.it/4yljanzry5hc1.jpg?width=980&format=pjpg&auto=webp&s=1c01a10e0fb5527daa44bbcc7999dc715216290b

 Ingredients:

* Gram Flour/Besan: 1 Cup
* Powdered Sugar: 1 Cup
* Melted Ghee: 3/4 Cup

&#x200B;

Method:

1. Begin by preparing a tray, greasing it with ghee or lining it with aluminum foil for easy removal later.
2. In a bowl, combine the gram flour with a tablespoon of ghee, ensuring it's well mixed. Sieve the mixture to ensure a smooth texture.
3. Transfer the gram flour mixture to a pan and dry roast it over medium flame for about 4 to 5 minutes, or until a delightful aroma fills the air. Set aside.
4. In a microwave-safe bowl, blend together the melted ghee and powdered sugar until they form a smooth mixture.
5. Gradually incorporate the roasted gram flour into the ghee-sugar mixture, stirring continuously to prevent any lumps from forming.
6. Microwave the mixture on high power for 1 minute intervals, stirring in between each interval. Repeat until the mixture becomes foamy and airy, ensuring the correct texture is achieved.
7. Carefully pour the mixture into the prepared tray, taking caution as the bowl will be hot.
8. Allow the Mysore Pak to cool and set completely. You can speed up the process by refrigerating it.
9. Once set, cut the Mysore Pak into desired pieces using a sharp knife.
10. Serve and enjoy the irresistible flavors of homemade Mysore Pak!

Notes:

* Microwave the mixture for only 1 minute at a time to avoid overheating.
* Cooking time may vary depending on the wattage of your microwave. Adjust accordingly.
* Achieving the correct texture is essential for the perfect Mysore Pak, ensuring it neither crumbles nor remains too soft.

In my experience with an 800-watt microwave, it took approximately 4  minutes and 30 seconds to achieve the desired consistency. However, the  cooking time may vary depending on the wattage of your microwave. Adjust  accordingly, as higher-wattage microwaves may require less time. 

For step by step instruction and images and more, visit [https://www.5minutemunch.com/microwave-magic-easy-ghee-mysore-pak-recipe/](https://www.5minutemunch.com/microwave-magic-easy-ghee-mysore-pak-recipe/)",1707312166.0,1.0,3,0,,5minutemunch,1,True,1,False,text
15minutefood,1ajgfns,Scrambled eggs wrap,69,https://reddit.com/r/15minutefood/comments/1ajgfns/scrambled_eggs_wrap/,https://i.redd.it/cdcjtx68qrgc1.jpeg,Easy and quick. 2 eggs with scallions and wrap em up.,1707139508.0,0.88,69,0,,Mrplatinumblondelife,27,True,1,False,image
15minutefood,1ajkz0x,Chicken Parm Toast,22,https://reddit.com/r/15minutefood/comments/1ajkz0x/chicken_parm_toast/,https://www.reddit.com/r/15minutefood/comments/1ajkz0x/chicken_parm_toast/,"This comes together quick, is filling and satisfying.

Chicken Parm Toast is what I call it even though I make it with a mozzarella product, and it can be made with no meat or with any protein you like and whatever bread and cheese you like, in the air fryer or oven.

Lightly toast a large piece of sourdough bread in the air fryer.  Not too much.

On top, lay 2 or 3 COOKED breaded chicken tenders (I do them in the air fryer first at 400 for about 5 minutes), then pizza sauce (I like the Contadina Pizza Squeeze) and then cheese.  I am currently obsessed with Miyoko's Creamery pourable mozzarella.  It's a cashew based very thick liquid ""cheese"" that when baked solidifies and becomes this delightfully ooey gooey topping that you would never guess is not dairy based.

This goes back into the air fryer at 400 until the cheese is browned.

https://preview.redd.it/t4vhzlf3qsgc1.jpg?width=3024&format=pjpg&auto=webp&s=b61e3ac4b9c794af99b249a235e467dfed04ca68",1707151480.0,1.0,22,0,10 minutes,Disastrous_Window_41,2,True,1,False,text
15minutefood,1ajid7w,Food Experiments,15,https://reddit.com/r/15minutefood/comments/1ajid7w/food_experiments/,https://www.reddit.com/r/15minutefood/comments/1ajid7w/food_experiments/,"Have you ever tried a mix of food thinking, ""This isn't going to taste very good together!"" But went through with it anyways, coming to realize, ""Wow! This is actually great together!"" 

Sort of like Alfredo sauce mixed with spaghetti sauce.... which I haven't even tried yet.  or peanut butter with coffee. 

My mother inlaw eats cheese with her coffee. Only one cheese at a time, but a variety of kinds. 

I've also witnessed someone mix hard boiled eggs and peanut butter into their oatmeal! 🤢 They didn't seem to mind...

I also mixed something recently and was pretty surprised by the outcome. I am trying to rememberwhat it was though.. 🤔.What are some crazy foods you mix together that to you may seem normal, but not to others?

Edit: Some foods I like to eat, but didn't think it was worth mentioning, cream cheese on toast with sliced fruit on top,  (Peaches, nectarines, plums) and those Chicken in a Biscuit crackers dip in guacamole. 
When I was a kid, I love BBQ sauce on rice. 
My husband really likes ketchup on rice.... eh .. hahaha
My son likes smashing hard boiled eggs with mayo, mustard and Parmesan cheese. 😬

But I still can't remember the other thing that I tried recently though.... ",1707144865.0,0.89,15,0,,Electronic_Pop5383,84,False,0,False,text
15minutefood,1ah0fp4,Mango Chia Seed Pudding,9,https://reddit.com/r/15minutefood/comments/1ah0fp4/mango_chia_seed_pudding/,https://www.reddit.com/r/15minutefood/comments/1ah0fp4/mango_chia_seed_pudding/," 

https://preview.redd.it/dgtxzql9d5gc1.jpg?width=580&format=pjpg&auto=webp&s=36b9294d16ffd88dc76900c00a75de87c7ed898b

**Ingredients** 

* Chia seeds: 2 tablespoons
* Milk: 3/4 cup
* Honey: 1 tablespoon
* Mango: 1 ripe mango

**Instructions:**

1. Begin by soaking the chia seeds in milk and honey for 10-20 minutes until they achieve a gel-like consistency.
2. While the chia seeds soak, peel and grate the ripe mango, reserving some slices for garnish.
3. In serving glasses or bowls, layer the soaked chia seeds with the grated mango, creating a visually appealing pattern.
4. Top the pudding with mango slices for an extra burst of tropical flavor.
5. Refrigerate the Mango Chia Seed Pudding for at least an hour to chill and set.
6. Serve chilled and savor the tropical bliss of this refreshing dessert.

[https://www.5minutemunch.com/healthy-mango-chia-seed-pudding-recipe-sugar-free-delight/#](https://www.5minutemunch.com/healthy-mango-chia-seed-pudding-recipe-sugar-free-delight/#)

&#x200B;

&#x200B;",1706868823.0,1.0,9,0,,5minutemunch,2,True,1,False,text
15minutefood,1agk0c0,amazing spicy lentils with rice,19,https://reddit.com/r/15minutefood/comments/1agk0c0/amazing_spicy_lentils_with_rice/,https://www.reddit.com/r/15minutefood/comments/1agk0c0/amazing_spicy_lentils_with_rice/,"This is my lazy day meal but it’s a good one. 
This is also a good recipe for those who want more protein in their diet since lentils have a decent amount of protein
1) boil the lentils in a pot and the rice in another pot/rice cooker, I also use bone broth instead of water to boil
2) add any veggies or beans (I added mixed veggies and diced tomatoes this time)
3) add a lot of seasonings like salt, pepper, garlic, gochujang/sriracha, sazon goya whatever you’d like but be sure to add lemon juice as well 
4) turn up the heat and let the liquid boil down a bit, mix often 

1 cup of dry lentils makes around 2.5-3 cups of cooked lentils",1706817498.0,1.0,19,0,15 minutes,xxemera,5,False,0,False,text
15minutefood,1ag7byk,Beetroot Moru Curry,4,https://reddit.com/r/15minutefood/comments/1ag7byk/beetroot_moru_curry/,https://www.reddit.com/r/15minutefood/comments/1ag7byk/beetroot_moru_curry/,"[https://www.5minutemunch.com/beetroot-moru-curry-recipe-quick-delightful-blend-of-flavor/](https://www.5minutemunch.com/beetroot-moru-curry-recipe-quick-delightful-blend-of-flavor/)

  

https://preview.redd.it/xi0a483w2yfc1.jpg?width=1358&format=pjpg&auto=webp&s=53a1cf7c8056c8a8e43851c432df04bde60fbbd6

### Ingredients

   1 cup yogurt (curd)  
2-3 small onions  
1 small beetroot, grated  
1 green chili  
1 stalk of curry leaves  
1 tablespoon coconut oil  
1/4 teaspoon mustard seeds  
1/4 teaspoon fenugreek seeds  
1/4 teaspoon cumin seeds  
2 dried red chilies  
1/2 cup water  
Salt to taste

&#x200B;

### Instructions

&#x200B;

1. In a blender, mix together yogurt, water, and salt. Blend until smooth. If you have buttermilk, you can use that instead.
2. Heat coconut oil in a pan over medium heat. Add mustard seeds,  fenugreek seeds, cumin seeds, dried red chilies, and curry leaves. Allow  them to splutter.  
 
3. Add crushed green chili and small onions to the pan. Sauté until the onions become soft.  
 
4. Add grated beetroot to the pan and mix well. Cover and cook over low flame until the beetroot is cooked through.  
 
5. Once the beetroot is cooked, turn off the flame. After 2 minutes, stir in the buttermilk mixture.  
 
6. Return the pan to the lowest flame and stir continuously. Turn off  the flame when it starts steaming a little.Your Beetroot Moru Curry/  Beetroot Seasoned Buttermilk is ready to be served. Enjoy!  
 ",1706780585.0,1.0,4,0,,5minutemunch,3,True,1,False,text
15minutefood,1afny8m,Lean wafers with nuts and biscuits for 15 min,73,https://reddit.com/r/15minutefood/comments/1afny8m/lean_wafers_with_nuts_and_biscuits_for_15_min/,https://i.redd.it/y3yhu62vdtfc1.jpeg,,1706723716.0,1.0,73,0,15 minutes,Mr_ND_Cooking,8,True,1,False,image
15minutefood,1ad87w2,Finnish Winter Salad,245,https://reddit.com/r/15minutefood/comments/1ad87w2/finnish_winter_salad/,https://i.redd.it/z8nizrvyw7fc1.jpeg,,1706463803.0,0.99,245,0,10 minutes,FinnTricks,34,True,1,False,image
15minutefood,1acxecz,Advice for upping protein,46,https://reddit.com/r/15minutefood/comments/1acxecz/advice_for_upping_protein/,https://www.reddit.com/r/15minutefood/comments/1acxecz/advice_for_upping_protein/,"A little bit of background: I’m a med student who has a hard time eating meat that I cook myself. I don’t have much time to do anything but sleep and study but want to ensure I am fueling my body with good brain food.

I am a relatively picky eater but I’m willing (and want to) branch out to eating possibly non-meat proteins. What are some of your go-to meals that help you stay alert that also isn’t too overwhelming to cook?",1706427842.0,0.91,46,0,,Adventurous-Egg641,97,False,0,False,text
15minutefood,1acfrsw,Vegan Lentil and Spinach Recipe,37,https://reddit.com/r/15minutefood/comments/1acfrsw/vegan_lentil_and_spinach_recipe/,https://www.reddit.com/gallery/1acfrsw,,1706375906.0,0.91,37,0,Vegan,BerryBerryLife,8,True,2,True,text
15minutefood,19fna3c,Chicken Wontons and Kale,43,https://reddit.com/r/15minutefood/comments/19fna3c/chicken_wontons_and_kale/,https://i.redd.it/ekg3170l9oec1.jpeg,"Frozen chicken wontons
Bagged chopped kale
Olive oil
Minced garlic
Low sodium soy sauce
Sesame oil
Turmeric
Ginger powder
Dried parsley
Trader Joe’s Umami Seasoning 
Sesame seeds
Apple cider Vinegar

1. Heat pan, reduce heat then add enough olive oil to coat pan and cook frozen wontons until brown
2. Add about tsp minced garlic, stir
3. Add kale, I used about half of a large bag but you can do more. Stir until kale is bright green
4. Add generous amount of turmeric and parsley, 1/4 tsp of ginger, a few shakes of Umami seasoning, and however many sesame seeds
5. Pour soy sauce all over pan, about 2-3 seconds. Add a few shakes of sesame oil. Stir
6. Once well mixed, turn off heat. Add a few table spoons of ACV
7. Done!",1706225892.0,0.99,43,0,10 minutes,alittlewaysaway,9,True,1,False,image
15minutefood,19fez9q,2 minute cucumber rolls,38,https://reddit.com/r/15minutefood/comments/19fez9q/2_minute_cucumber_rolls/,https://i.redd.it/1c7ujdpqhmec1.jpeg,"It’s lunch time! Looking for an easy and healthy lunch or snack?! Ready in 2 minutes and can be made for a keto diet. Try these Cucumber Rolls, they are egg free and nut free too! Perfect for people with allergies to eggs or peanuts or tree nuts. 



https://yesyumgo.com/easy-and-healthy-cucumber-rolls/



INGREDIENTS
  
4 mini seedless cucumbers peeled and cut into circles
4 soft flour tortillas or option to use deli meat/ham/turkey etc.
4 tablespoons whipped cream cheese divided 1 tbsp per tortilla
‘Everything’ seasoning as desired or other preferred seasoning
INSTRUCTIONS
 
Peel and thinly slice the cucumber along the diameter. Peeling is optional.
Spread the cream cheese across the entire tortilla (or deli meat if using)
Add your sliced cucumbers over whole tortilla, with a little space between each one.
Sprinkle seasoning on half the tortilla, and roll beginning with seasoned side.
Cut into pieces like a sushi roll or serve as a burrito!",1706204422.0,0.71,38,0,5 minutes,bread_userr,35,True,1,False,image
15minutefood,19euv00,What is something quick and Healthy to make in 5 mins?,191,https://reddit.com/r/15minutefood/comments/19euv00/what_is_something_quick_and_healthy_to_make_in_5/,https://www.reddit.com/r/15minutefood/comments/19euv00/what_is_something_quick_and_healthy_to_make_in_5/,I want a quick healthy warm bite to eat . What are ideas?,1706139241.0,0.96,191,0,Question,Inevitable_General50,332,False,0,False,text
15minutefood,19emm6g,Fried chicken,120,https://reddit.com/r/15minutefood/comments/19emm6g/fried_chicken/,https://i.redd.it/imgcuqzdbfec1.jpeg,,1706117538.0,0.98,120,0,15 minutes,kjanemx,27,True,1,False,image
15minutefood,19f2j1s,Quick and easy meals for dorm living,8,https://reddit.com/r/15minutefood/comments/19f2j1s/quick_and_easy_meals_for_dorm_living/,https://www.reddit.com/r/15minutefood/comments/19f2j1s/quick_and_easy_meals_for_dorm_living/,"Reposting this with the tag

Hi all!

I live in a dorm and share a kitchen with everyone on my floor, so cooking is difficult. I was wondering if anyone could give me some ideas for high protein (and fiber if possible), quick and easy meals that won’t take up too much space in my mini fridge? I do have an air fryer and a microwave! I don’t eat any seafood and I’m allergic to almonds, cashews, walnuts, and pecans. I also do my grocery shopping at Aldi, in case that’s something that might play into the recipes. 

Thanks so much!!",1706162482.0,1.0,8,0,Question,holyheck99,19,False,0,False,text
15minutefood,19dpasv,Pizza Crackers,245,https://reddit.com/r/15minutefood/comments/19dpasv/pizza_crackers/,https://i.redd.it/b2rthb8r67ec1.jpeg,Tops saltines with pizza sauce and favorite toppings. Air Fry for 3-5 minutes,1706019128.0,0.97,245,0,,[deleted],29,True,1,False,image
15minutefood,19dm9nw,Pushing the boat out for breakfast lately,48,https://reddit.com/r/15minutefood/comments/19dm9nw/pushing_the_boat_out_for_breakfast_lately/,https://i.redd.it/uvn48i8zt5ec1.jpeg,,1706009033.0,0.93,48,0,,ElSidHellYeah,9,True,1,False,image
15minutefood,19d6z8d,Fantastic Dessert Chocolate Lava Cake,80,https://reddit.com/r/15minutefood/comments/19d6z8d/fantastic_dessert_chocolate_lava_cake/,https://i.redd.it/czsw2bk682ec1.jpeg,,1705959071.0,0.93,80,0,15 minutes,Mr_ND_Cooking,4,True,1,False,image
15minutefood,19c8wtd,Speedy Spaghetti & Minced Meat Sauce For Busy Weeknights,25,https://reddit.com/r/15minutefood/comments/19c8wtd/speedy_spaghetti_minced_meat_sauce_for_busy/,https://i.redd.it/i0cem2bjytdc1.jpeg,,1705859015.0,0.94,25,0,,FinnTricks,1,True,1,False,image
15minutefood,19b13pk,Fried chicken with coleslaw,81,https://reddit.com/r/15minutefood/comments/19b13pk/fried_chicken_with_coleslaw/,https://i.redd.it/9agqlfy2bidc1.jpeg,"My boss told me that I was able to do whatever I want, so I made this fried chicken burgers 🍔 very simple but delicious.",1705717907.0,0.98,81,0,,98Chris98Alex,9,True,1,False,image
15minutefood,19a98s2,What are some ideas for hidden fruit or vegetable snacks or meals for toddlers?,68,https://reddit.com/r/15minutefood/comments/19a98s2/what_are_some_ideas_for_hidden_fruit_or_vegetable/,https://www.reddit.com/r/15minutefood/comments/19a98s2/what_are_some_ideas_for_hidden_fruit_or_vegetable/,My toddler is made of 95% chicken nugget and 5% pizza. I need ideas for anything that has even remotely healthy ingredients (or at least one lol) for snacks and meals,1705634479.0,0.9,68,0,,privremeni,147,False,0,False,text
15minutefood,199uhp0,Fried Cheese in Breadcrumbs as in a Restaurant,103,https://reddit.com/r/15minutefood/comments/199uhp0/fried_cheese_in_breadcrumbs_as_in_a_restaurant/,https://i.redd.it/f4xkrlfo98dc1.jpeg,,1705596367.0,0.96,103,0,15 minutes,Mr_ND_Cooking,14,True,1,False,image
15minutefood,19a8082,Cheese on Eggos,13,https://reddit.com/r/15minutefood/comments/19a8082/cheese_on_eggos/,https://www.reddit.com/r/15minutefood/comments/19a8082/cheese_on_eggos/,"1. grab frozen eggos
2. slap a slice o gruyere on each
3. toss it in a toaster oven
4. remove and garnish with green onion
5. Bone apple tea and put'it in your mouth

I was wondering if this is an actual thing people do.

I've made it but I don't have a picture for it right now. 

It was... good, actually. Yeah, pretty good.",1705630823.0,0.74,13,0,10 minutes,KnightandMare,24,False,0,False,text
15minutefood,199h5zl,What is thinly sliced potatoes in a bowl of cheese called?,166,https://reddit.com/r/15minutefood/comments/199h5zl/what_is_thinly_sliced_potatoes_in_a_bowl_of/,https://www.reddit.com/r/15minutefood/comments/199h5zl/what_is_thinly_sliced_potatoes_in_a_bowl_of/,"I suddenly remembers some random shit I had a couple years ago and i feel like that all it was, thinly sliced potatoes in a bowl of melty cheese. ",1705550973.0,0.94,166,0,Question,Firefist-Akatsuki69,112,False,0,False,text
15minutefood,1986mh4,Eastern Dessert without oven(konafa),31,https://reddit.com/r/15minutefood/comments/1986mh4/eastern_dessert_without_ovenkonafa/,https://i.redd.it/ohb610kcutcc1.jpeg,[Recipe link](https://youtu.be/M049ipmDxl8?feature=shared),1705421714.0,0.94,31,0,,Nagla___,6,True,1,False,image
15minutefood,193zhse,Chicken with white sauce without cream,13,https://reddit.com/r/15minutefood/comments/193zhse/chicken_with_white_sauce_without_cream/,https://i.redd.it/q7qe5395qsbc1.jpeg,[Recipe link](https://youtu.be/EwXmtO5NJNc?feature=shared),1704972346.0,0.65,13,0,15 minutes,Nagla___,5,True,1,False,image
15minutefood,1924mn9,Sausage & Egg McMuffin (Healthy),200,https://reddit.com/r/15minutefood/comments/1924mn9/sausage_egg_mcmuffin_healthy/,https://www.reddit.com/gallery/1924mn9,,1704770388.0,0.93,200,0,,RizzNetwork,77,True,4,True,text
15minutefood,192c3on,Jello Shots,10,https://reddit.com/r/15minutefood/comments/192c3on/jello_shots/,https://www.reddit.com/r/15minutefood/comments/192c3on/jello_shots/,"Odd question here. I'm wanting to make thick but not solid jello shots. Almost like slushie or syrup consistency I guess is the easiest way to explain it. Reason being (long story short) a buddy of mine is having a bachelor party soon so we need drinks and I recently watched Ant-Man Quantum mania and I think it would be hilarious to have jello shots so we can all chant ""Drink the ooze! Drink the ooze!"" Like they do in the movie.. that said does anyone know how I might achieve said ooze like jello shots?",1704797756.0,0.92,10,0,5 minutes,ChampionChristmas,14,False,0,False,text
15minutefood,191666i,How to make chocolate popcorn in 10 min,37,https://reddit.com/r/15minutefood/comments/191666i/how_to_make_chocolate_popcorn_in_10_min/,https://i.redd.it/qmdl9wd3s3bc1.png,,1704670330.0,0.96,37,0,10 minutes,Mr_ND_Cooking,11,True,1,False,image
15minutefood,190y831,Healthy & Delicious: 15-Minute Steamed Chicken with Shiitake Mushrooms,30,https://reddit.com/r/15minutefood/comments/190y831/healthy_delicious_15minute_steamed_chicken_with/,https://i.redd.it/ksfh5vb662bc1.jpeg,"This simple dish of steamed chicken with shiitake mushrooms, ginger, and rice wine is a flavorful and healthy way to start the new year. The chicken is marinated then steamed until tender and juicy. The shiitake mushrooms add an earthy richness to the dish, while the ginger provides a touch of warmth. This dish is easy to make and requires just a few simple ingredients, making it perfect for busy weeknights or weekend meals. This dish reheats well, making it perfect for preparing in advance and storing any extras for later!

Serves 2: 
12 oz chicken dark meat
1 tbsp Shaoxing rice wine (sub white rice wine)
1 tsp sesame oil
1 tsp salt
1 tsp corn starch
¼ tsp sugar
¼ tsp white pepper 
2 inch knob Ginger 
3 fresh shiitake mushrooms

Instructions: 
Slice chicken, mushrooms, and ginger. Mix with all other ingredients. Steam for 10 minutes on high heat.",1704650850.0,0.86,30,0,,LL_2007,6,True,1,False,image
15minutefood,1907z6q,goto brunch,40,https://reddit.com/r/15minutefood/comments/1907z6q/goto_brunch/,https://i.redd.it/8jf162oggvac1.jpeg,"killer daves bagel
garden veggie shmear
spinach
lox
feta
egg
cholula",1704569563.0,0.86,40,0,10 minutes,adanae411,6,True,1,False,image
15minutefood,1900b7i,Chicken Salad,36,https://reddit.com/r/15minutefood/comments/1900b7i/chicken_salad/,https://i.redd.it/xpi9vojlqtac1.jpeg,"Easy and quick preparation for lunch/dinner. Fried chicken chopped, lettuce, purple cabbage, Kewpie Mayonnaise, black pepper seasoning.",1704548764.0,0.94,36,0,,Mrplatinumblondelife,6,True,1,False,image
15minutefood,18z4mk6,What's Your Go-To 15-Minute Global Dish? Here's Mine!,118,https://reddit.com/r/15minutefood/comments/18z4mk6/whats_your_goto_15minute_global_dish_heres_mine/,https://www.reddit.com/r/15minutefood/comments/18z4mk6/whats_your_goto_15minute_global_dish_heres_mine/," 

Hey r/15minutefood foodies! 🍳

Do you have a favorite quick recipe that brings a taste of the world to your table in just 15 minutes? I've been experimenting with global flavors that are easy and fast to whip up. Here's a recent favorite of mine I'd love to share with you all:

**Quick Thai Basil Chicken (Pad Krapow Gai) 🌿🐔**

*Ingredients:*

* 2 tbsp vegetable oil
* 3 cloves garlic, finely chopped
* 1 small red chili, sliced (adjust to your heat preference)
* 250g ground chicken
* 1 tbsp soy sauce
* 1 tbsp oyster sauce
* 1 tsp sugar
* A bunch of fresh basil leaves
* Salt and pepper, to taste

*Instructions:*

1. Heat oil in a pan over medium-high heat. Add garlic and chili, sauté for 30 seconds.
2. Add the ground chicken. Cook until it’s no longer pink, breaking it up into small bits.
3. Stir in soy sauce, oyster sauce, and sugar. Cook for another minute.
4. Toss in a handful of basil leaves until wilted. Season with salt and pepper.
5. Serve hot with rice or your favorite side.

This dish is a lifesaver on busy nights! What's your favorite 15-minute recipe that brings a bit of global cuisine into your kitchen? I'm always looking for new ideas to try!",1704453632.0,0.96,118,0,,allaroundrecipes,34,False,0,False,text
15minutefood,18z4iei,"Quick, Tasty, and Global: 15-Minute Recipes from Around the World!",4,https://reddit.com/r/15minutefood/comments/18z4iei/quick_tasty_and_global_15minute_recipes_from/,https://www.reddit.com/r/15minutefood/comments/18z4iei/quick_tasty_and_global_15minute_recipes_from/," 

Hey r/15minutefood enthusiasts! 👋🕒

Are you in a rush but still craving something delicious and unique? I've got just the thing for you! I'm excited to introduce [AllAroundRecipes.net](https://allaroundrecipes.net/), a treasure trove of recipes from all over the globe, and guess what? We've got a special section just for quick and easy meals that are ready in 15 minutes or less! 🌍⏰🍴

**Why Check Out AllAroundRecipes.net?**

* **Globally Inspired, Quick Recipes**: We have a diverse range of recipes from various cultures, all tailored to fit into your busy schedule.
* **Simple and Clear Instructions**: Our recipes are user-friendly, with straightforward steps and tips for beginners.
* **Community Driven**: Share your own quick recipes and become part of a food-loving community.
* **Regularly Updated**: We’re constantly adding new recipes to keep your quick meals exciting and diverse.

**Featured 15-Minute Recipe: \[Share a popular quick recipe from your site here\]**

Here's a sneak peek at one of our community favorites: \[Recipe Name\]. It’s flavorful, easy, and, best of all, quick to make! Check out the full recipe on our site and spice up your next meal.

**We’d Love Your Input!**

Your feedback makes us better! Visit [AllAroundRecipes.net](https://allaroundrecipes.net/) and dive into our quick recipe section. Let us know how it goes and what you’d like to see more of. What’s your go-to 15-minute dish?

Can't wait to see your quick culinary creations and read your suggestions! Let's make fast and delicious meals together! 🚀🍲",1704453189.0,1.0,4,0,,allaroundrecipes,3,False,0,False,text
15minutefood,18ycw16,What’s your best quick bread recipe?,15,https://reddit.com/r/15minutefood/comments/18ycw16/whats_your_best_quick_bread_recipe/,https://www.reddit.com/r/15minutefood/comments/18ycw16/whats_your_best_quick_bread_recipe/,"I don’t even have a working oven in my apartment so I need to use the microwave. Also, I am no expert at utilizing yeast so I’m thinking to go the baking power route. Does anyone have quick and easy bread suggestions? I’m not looking for delicious bread, just stuff that gets the job done.",1704374024.0,0.89,15,0,,TheBlokington,11,False,0,False,text
15minutefood,18x9t13,Fuck-It Soup,116,https://reddit.com/r/15minutefood/comments/18x9t13/fuckit_soup/,https://www.reddit.com/r/15minutefood/comments/18x9t13/fuckit_soup/,"This is probably the laziest and dumbest meal I've ever made, but it's cheap and barely takes 15 minutes. I call it... Fuck-It Soup. Not the most luxurious thing in the world but it's balanced and it'll fill you up.

&#x200B;

INGREDIENTS:

* Canned chicken or beans - price varies depending on what you get
* Canned or frozen mixed vegetables - price varies
* Packet of microwave rice - $2 probably 
* Vegetable broth - also probably $2
* Optional: additional spices, seasonings, and herbs

&#x200B;

STEPS:

1. Bring the broth to a boil and add any additional seasonings of your choosing
2. Break up the packet of microwave rice and add that to the mix
3. Add your canned protein of choice
4. Add your canned or frozen mixed vegetables
5. Let it boil for a lil bit, I personally boil mine for like 10 minutes
6. Once you're tired of looking at it boil, turn the stove off
7. Eat your soup",1704254327.0,0.95,116,0,15 minutes,blackarov,29,False,0,False,text
15minutefood,18vye6r,Happy new year,26,https://reddit.com/r/15minutefood/comments/18vye6r/happy_new_year/,https://i.redd.it/6b7igc79fu9c1.jpeg,"I´m making a appetizer for the familie, how do you guys celebrate christmas?",1704121211.0,0.78,26,0,,blokkiesaar2,13,True,1,False,image
15minutefood,18tqhrx,Pastrami/1k Island/Red Onion/Cheddar/Scallions,97,https://reddit.com/r/15minutefood/comments/18tqhrx/pastrami1k_islandred_onioncheddarscallions/,https://www.reddit.com/gallery/18tqhrx,,1703865922.0,0.96,97,0,,XRPcook,26,True,5,True,text
15minutefood,18t8vlg,Healthier lifestyle,30,https://reddit.com/r/15minutefood/comments/18t8vlg/healthier_lifestyle/,https://www.reddit.com/r/15minutefood/comments/18t8vlg/healthier_lifestyle/,"My partner and I are working on establishing a healthier lifestyle and we really want to eat healthier without sacrificing good tasting food. Right now we have a lot of pastas and just too much greasy foods. I cook every night but I have been through and through Pinterest,lemon8, TikTok and YouTube and I just can’t seem to find any good recipes. If you have any nutritional and healthy meals or links to some I would be so very grateful!",1703808642.0,1.0,30,0,,Tallulahwrites,16,False,0,False,text
15minutefood,18rmwbp,"What are some quick, hearty, meals for a man who's working 12+ hours a day?",940,https://reddit.com/r/15minutefood/comments/18rmwbp/what_are_some_quick_hearty_meals_for_a_man_whos/,https://www.reddit.com/r/15minutefood/comments/18rmwbp/what_are_some_quick_hearty_meals_for_a_man_whos/,"I am the man in question, please don't roast me. All I can think of rn are soups, sandwiches, eggs, and cereal. Bonus points if it's pescatarian!",1703636992.0,0.99,940,0,15 minutes,Undead_Octopus,483,False,0,False,text
15minutefood,18rrn0t,Simple roast beef tacos. (If you have leftover roast meat),99,https://reddit.com/r/15minutefood/comments/18rrn0t/simple_roast_beef_tacos_if_you_have_leftover/,https://i.redd.it/wtxfykqzkr8c1.jpeg,"IF you have leftover roast meat these are super easy

Its street taco style Corn tortillas

Sliced munster chees (can be any) 

Roast meat

I dipped them in some packet au-jus sauce we had in the cupboard but they're good without it


Just heat up your leftover roast meat

Put a pan on with a little oil on 8 or 9/high 

Put the tortilla in and the slice of cheese on the tortilla

Cook until the cheese is just starting to bubble and get all melted

Put them on the plate Put your roast meat in the center and fold them over and your done.

(Credit to my mom for the idea)",1703650962.0,0.97,99,0,,OrionTheSkullDog,9,True,1,False,image
15minutefood,18pfu36,Korean Style Burger,352,https://reddit.com/r/15minutefood/comments/18pfu36/korean_style_burger/,https://i.redd.it/f39yb2m4248c1.jpeg,,1703367811.0,0.99,352,0,,Hanako_Sun,31,True,1,False,image
15minutefood,18p5iyr,2 ingredients and 10min dessert👌 peanut nougat easy crunchy and delicious,59,https://reddit.com/r/15minutefood/comments/18p5iyr/2_ingredients_and_10min_dessert_peanut_nougat/,https://i.redd.it/og8d87x1p18c1.jpeg,,1703337548.0,0.97,59,0,10 minutes,mothers_recipes,5,True,1,False,image
15minutefood,18nv73o,"Onion side dish for Rice, Paratha",66,https://reddit.com/r/15minutefood/comments/18nv73o/onion_side_dish_for_rice_paratha/,https://i.redd.it/qm92nti1ap7c1.png,Full recipe in comments,1703187217.0,0.98,66,0,15 minutes,Ruchira_Recipes,6,True,1,False,image
15minutefood,18n6m4f,Paneer Chili recipe - Indo Chinese cuisine,30,https://reddit.com/r/15minutefood/comments/18n6m4f/paneer_chili_recipe_indo_chinese_cuisine/,https://i.redd.it/5cbtni3fwi7c1.jpeg,Full recipe in comments,1703109994.0,0.93,30,0,15 minutes,Ruchira_Recipes,3,True,1,False,image
15minutefood,18mszbm,"I rolled it in cereal, baked it for 15 minutes, even 13 minutes",134,https://reddit.com/r/15minutefood/comments/18mszbm/i_rolled_it_in_cereal_baked_it_for_15_minutes/,https://i.redd.it/n38jkc0zvf7c1.jpeg,,1703073607.0,0.9,134,0,,Hanako_Sun,34,True,1,False,image
15minutefood,18mt5x2,Fettuccine carbonara,67,https://reddit.com/r/15minutefood/comments/18mt5x2/fettuccine_carbonara/,https://i.redd.it/pg0w5xl1yf7c1.jpeg,,1703074237.0,0.91,67,0,,Asyakerem50,4,True,1,False,image
15minutefood,18lrd17,Heart attack sandwich lol,171,https://reddit.com/r/15minutefood/comments/18lrd17/heart_attack_sandwich_lol/,https://i.redd.it/0mek8j0b267c1.jpeg,,1702954584.0,0.93,171,0,,Dreadheadmarlee,30,True,1,False,image
15minutefood,18j6cyf,Tortilla Pizza,112,https://reddit.com/r/15minutefood/comments/18j6cyf/tortilla_pizza/,https://www.reddit.com/gallery/18j6cyf,,1702663914.0,0.97,112,0,,XRPcook,41,True,4,True,text
15minutefood,18ildee,Creamy Cucumber Yogurt Sauce,123,https://reddit.com/r/15minutefood/comments/18ildee/creamy_cucumber_yogurt_sauce/,https://i.redd.it/byif7456dc6c1.jpeg,,1702595033.0,0.96,123,0,,[deleted],35,True,1,False,image
15minutefood,18i0uom,Masala papad - crispy appetizers recipe,20,https://reddit.com/r/15minutefood/comments/18i0uom/masala_papad_crispy_appetizers_recipe/,https://i.redd.it/b5gmg3ixy66c1.jpg,Full recipe in comments,1702529710.0,0.95,20,0,15 minutes,Ruchira_Recipes,7,True,1,False,image
15minutefood,18fdapr,Frozen Cauliflower Rice (Recipe in comments),34,https://reddit.com/r/15minutefood/comments/18fdapr/frozen_cauliflower_rice_recipe_in_comments/,https://i.redd.it/2daub2xo7j5c1.png,,1702242090.0,0.92,34,0,15 minutes,Ruchira_Recipes,16,True,1,False,image
15minutefood,18btmd0,STUFFED BREAD (two options),66,https://reddit.com/r/15minutefood/comments/18btmd0/stuffed_bread_two_options/,https://i.redd.it/mj6q4x4g6l4c1.jpeg,"Ingredients for 2 people:

1. Small breads 4
2. Chicken breast 300g
3. Garlic 1tbsp
4. Olive oil 2tbsp
5. Eggs 2 (or 4 if you want it in all of the breads)
6. Leek 1piece
7. Tomato sauce 4tbsp
8. Seasoning - I used curry, salt, pepper and paprika

Method:

1. Start by boiling the chicken breast with the seasoning and garlic. Meanwhile, cut the top of the bread and remove the interior.

2. Slice the leek and take it to the stove with the olive oil and when it starts to wilt it’s time to add the shredded chicken breast

4. Add half a cup of water from boiling the chicken breast and the tomato sauce and let it boil until the water disappears. Adjust the seasoning if necessary

5. Pre-heat your oven (upper heat option is better and quicker) at a high temperature

6. Stuff the bread with the chicken and the raw egg on top. Finish with salt and pepper and take it to the oven for around 10 minutes

7. If you want it even quicker, skip the egg part and just take it to the oven with some cheese on top and wait until the cheese melts.",1701830037.0,0.96,66,0,15 minutes,kjanemx,14,True,1,False,image
15minutefood,1894i7q,Burrata Apple Panzanella made with Homemade Croutons and Honey Crisp apple,75,https://reddit.com/r/15minutefood/comments/1894i7q/burrata_apple_panzanella_made_with_homemade/,https://www.reddit.com/gallery/1894i7q,,1701526109.0,0.97,75,0,Vegetarian,BerryBerryLife,13,True,2,True,text
15minutefood,1881msr,Soft Snickerdoodle Cookies,128,https://reddit.com/r/15minutefood/comments/1881msr/soft_snickerdoodle_cookies/,https://i.redd.it/ie0mwtqaql3c1.jpg,,1701400883.0,0.99,128,0,,[deleted],18,True,1,False,image
15minutefood,1877u5t,Thanksgiving sliders,52,https://reddit.com/r/15minutefood/comments/1877u5t/thanksgiving_sliders/,https://i.redd.it/8gc5uww4ge3c1.jpeg,"I used left over homemade cranberry sauce, turkey, and Parmesan cheese with Hawaiian rolls.i also used other leftovers to make coleslaw to go with it.",1701312701.0,0.93,52,0,,Interesting_Edge_805,10,True,1,False,image
15minutefood,1834erd,Creamy Harissa Pasta,73,https://reddit.com/r/15minutefood/comments/1834erd/creamy_harissa_pasta/,https://www.reddit.com/gallery/1834erd,,1700866047.0,0.97,73,0,15 minutes,BerryBerryLife,12,True,2,True,text
15minutefood,182q9yv,Is this bad? Bottom of refried beans or just settled lard? Discoloration has me worried,16,https://reddit.com/r/15minutefood/comments/182q9yv/is_this_bad_bottom_of_refried_beans_or_just/,https://www.reddit.com/gallery/182q9yv,,1700826064.0,0.62,16,0,,Original_Tourist_,79,True,2,True,text
15minutefood,1823xkz,The tastiest Soft and Chewy cookies that melt in your mouth with Few Ingredients,37,https://reddit.com/r/15minutefood/comments/1823xkz/the_tastiest_soft_and_chewy_cookies_that_melt_in/,https://i.redd.it/20657vz5b42c1.png,,1700754200.0,0.91,37,0,,Futuzucooking,5,True,1,False,image
15minutefood,1822wch,Quinoa salad,36,https://reddit.com/r/15minutefood/comments/1822wch/quinoa_salad/,https://i.redd.it/j0hs6cwt242c1.jpg,"Just added some shredded carrots and diced cucumber and seasoned with salt, pepper, lemon juice, and honey 😋😘",1700751307.0,0.93,36,0,,GLMSISNF,7,True,1,False,image
15minutefood,180qzii,How to Make Hummus at Home in 10 Minutes,68,https://reddit.com/r/15minutefood/comments/180qzii/how_to_make_hummus_at_home_in_10_minutes/,https://i.redd.it/xwa7fl4njr1c1.jpg,,1700599575.0,0.97,68,0,10 minutes,[deleted],26,True,1,False,image
15minutefood,17xihfv,Oatmeal Cookies - The Perfect Base Recipe,115,https://reddit.com/r/15minutefood/comments/17xihfv/oatmeal_cookies_the_perfect_base_recipe/,https://i.redd.it/urhwrv0tmx0c1.jpg,,1700237431.0,1.0,115,0,,[deleted],11,True,1,False,image
15minutefood,17xaqsj,Do you have Orange? Make this delicious dessert!,64,https://reddit.com/r/15minutefood/comments/17xaqsj/do_you_have_orange_make_this_delicious_dessert/,https://i.redd.it/p721w1gwev0c1.png,,1700210574.0,0.96,64,0,,Futuzucooking,11,True,1,False,image
15minutefood,17wrvjq,"Olive Oil, Garlic, Onion, Hot Sauce, Parmesan, and Oregano on Pita Bread",80,https://reddit.com/r/15minutefood/comments/17wrvjq/olive_oil_garlic_onion_hot_sauce_parmesan_and/,https://www.reddit.com/gallery/17wrvjq,,1700154109.0,0.95,80,0,,XRPcook,9,True,4,True,text
15minutefood,17vy84y,Corned Beef Melt,153,https://reddit.com/r/15minutefood/comments/17vy84y/corned_beef_melt/,https://www.reddit.com/gallery/17vy84y,,1700067986.0,0.97,153,0,,XRPcook,31,True,2,True,text
15minutefood,17u7m9n,Delicious shrimps soup amazing color and tasty,31,https://reddit.com/r/15minutefood/comments/17u7m9n/delicious_shrimps_soup_amazing_color_and_tasty/,https://www.reddit.com/gallery/17u7m9n,[Recipe link](https://youtu.be/8wEps4WAIfY?feature=shared),1699870483.0,0.92,31,0,15 minutes,Nagla___,7,True,3,True,text
15minutefood,17sdvwv,3 Ingredient Butter Cookies,127,https://reddit.com/r/15minutefood/comments/17sdvwv/3_ingredient_butter_cookies/,https://i.redd.it/pecovybt5lzb1.jpg,,1699650585.0,0.98,127,0,,[deleted],25,True,1,False,image
15minutefood,17r5yqg,Ultimate Grilled Cheese Sandwich,125,https://reddit.com/r/15minutefood/comments/17r5yqg/ultimate_grilled_cheese_sandwich/,https://i.redd.it/5qirksx3d9zb1.jpg,,1699507756.0,0.98,125,0,10 minutes,[deleted],31,True,1,False,image
15minutefood,17qhoi9,Ok agree or disagree. Chili oil goes with grilled cheese?,15,https://reddit.com/r/15minutefood/comments/17qhoi9/ok_agree_or_disagree_chili_oil_goes_with_grilled/,https://www.reddit.com/r/15minutefood/comments/17qhoi9/ok_agree_or_disagree_chili_oil_goes_with_grilled/,Also I should’ve clarified this is used on the outside to replace either mayo/butter not used to dip with.,1699434395.0,0.8,15,0,,Cold_Course_9132,26,False,0,False,text
15minutefood,17pqlkx,3-ingredient Cinnamon Bites,100,https://reddit.com/r/15minutefood/comments/17pqlkx/3ingredient_cinnamon_bites/,https://i.redd.it/4ug1lr31bwyb1.png,,1699349753.0,0.91,100,0,15 minutes,SkillOutrageous,17,True,1,False,image
15minutefood,17nvab6,So simple & cheap.,47,https://reddit.com/r/15minutefood/comments/17nvab6/so_simple_cheap/,https://i.redd.it/2ftwi5x1aeyb1.jpg,"I’m a big fitness nut. I like to save money “who doesn’t!?” Chicken, rice with eggs, toast and mandarin oranges. I usually have string beans included, just out atm. Happy eating 💪🏼",1699131413.0,0.71,47,0,10 minutes,a_typical_day,43,True,1,False,image
15minutefood,17nkw5i,Vegetables and Tofu Stir-Fry,64,https://reddit.com/r/15minutefood/comments/17nkw5i/vegetables_and_tofu_stirfry/,https://www.reddit.com/gallery/17nkw5i,,1699101875.0,0.98,64,0,Vegan,BerryBerryLife,12,True,2,True,text
15minutefood,17np8hu,Food,0,https://reddit.com/r/15minutefood/comments/17np8hu/food/,https://www.reddit.com/r/15minutefood/comments/17np8hu/food/,Any suggestions for hot badam milk centers near secunderabad?? Craving so badly,1699115026.0,0.5,0,0,,shreyathati,4,False,0,False,text
15minutefood,17md5fy,Peanut Butter Cookies That Melt in Your Mouth!,98,https://reddit.com/r/15minutefood/comments/17md5fy/peanut_butter_cookies_that_melt_in_your_mouth/,https://i.redd.it/npgxht4wwzxb1.jpg,,1698957545.0,0.97,98,0,15 minutes,[deleted],16,True,1,False,image
15minutefood,17m94h5,Carrot paratha without stuffing in just 15 mins - Vegan and Weight loss too,20,https://reddit.com/r/15minutefood/comments/17m94h5/carrot_paratha_without_stuffing_in_just_15_mins/,https://i.redd.it/09trhv0o1zxb1.jpg,Full recipe in comments,1698946989.0,0.95,20,0,15 minutes,Ruchira_Recipes,8,True,1,False,image
15minutefood,17k12kp,Pepperoni Pizza Bagel,124,https://reddit.com/r/15minutefood/comments/17k12kp/pepperoni_pizza_bagel/,https://www.reddit.com/gallery/17k12kp,,1698693142.0,0.96,124,0,,XRPcook,26,True,3,True,text
15minutefood,17g2e1q,Best baked good to make for your builders??,37,https://reddit.com/r/15minutefood/comments/17g2e1q/best_baked_good_to_make_for_your_builders/,https://www.reddit.com/r/15minutefood/comments/17g2e1q/best_baked_good_to_make_for_your_builders/,"We have a wonderful group of builders at our home, redoing our bathroom that was done completely wrong when it was originally built. They have done an amazing job, going the extra mile to make sure everything is done right this time. I've given them coffee/teas with stroopwaffles every day, but I'd love to bake/cook something to show our true appreciation. I've just moved from America to England, and I want to know, what are some good ideas of what to make for them? Where I'm from, you always show hospitality to those you've hired to do a job. So all you builders out there, what's something you'd appreciate to get for working so hard?",1698232667.0,0.92,37,0,Question,ShaninJo,45,False,0,False,text
15minutefood,17d0zmh,Fettuccine Alfredo,198,https://reddit.com/r/15minutefood/comments/17d0zmh/fettuccine_alfredo/,https://i.redd.it/tmk0ydzkpjvb1.jpg,"• fettuccine pasta
• Milk and Dairy Cream
• Mixed Herbs
• Oregano, Chilli Powder
• Cooking oil",1697889689.0,0.98,198,0,10 minutes,Front_Investigator14,29,True,1,False,image
15minutefood,17ceiny,Crunchy Onion Rings,66,https://reddit.com/r/15minutefood/comments/17ceiny/crunchy_onion_rings/,https://i.redd.it/l51iu1e5qdvb1.png,,1697817220.0,0.92,66,0,,Futuzucooking,9,True,1,False,image
15minutefood,179ro2n,Quesadillas,43,https://reddit.com/r/15minutefood/comments/179ro2n/quesadillas/,https://i.redd.it/nj7sq07hfpub1.jpg,"-cheese
- flour/corn tortillas
- sauce on the side",1697523022.0,0.82,43,0,5 minutes,One-Bee-9660,33,True,1,False,image
15minutefood,179ecrl,Flower shape garlic cheese bread,65,https://reddit.com/r/15minutefood/comments/179ecrl/flower_shape_garlic_cheese_bread/,https://i.redd.it/viglp7lq8mub1.jpg,Full recipe in comments,1697484435.0,0.89,65,0,15 minutes,Ruchira_Recipes,4,True,1,False,image
15minutefood,178mly9,Strawberry Spinach Salad,101,https://reddit.com/r/15minutefood/comments/178mly9/strawberry_spinach_salad/,https://i.redd.it/ghp2yyza1fub1.jpg,"I’ve never been a fruit-in-salad type of person, but this strawberry spinach salad changed my mind. I tried it at an event last year and now I can’t get enough of it! Just slice the strawberries and onions, toss, and eat! 

* Spinach
* Strawberries
* Feta cheese
* Nuts (almonds, walnuts, or pecans) 
* Onions (red is best but I only had yellow on hand) 
* Balsamic vinaigrette",1697397191.0,0.93,101,0,5 minutes,Anxious_Asparagus488,11,True,1,False,image
15minutefood,176zvvm,Make Apple Donuts easily at home! Crispy on the outside and soft on the inside,53,https://reddit.com/r/15minutefood/comments/176zvvm/make_apple_donuts_easily_at_home_crispy_on_the/,https://i.redd.it/1ikqqm2hbztb1.png,,1697206905.0,0.97,53,0,,Futuzucooking,8,True,1,False,image
15minutefood,174j4rs,"Fancy Fruit, Granola, Yogurt parfait breakfast.",28,https://reddit.com/r/15minutefood/comments/174j4rs/fancy_fruit_granola_yogurt_parfait_breakfast/,https://i.redd.it/xdzyu2xw4dtb1.png,"It can be 5 or 15 minutes depending on the trouble you want to go to, this was 15 bc I'm slow and went fancy. Layers of yogurt and different fruits and granolas in a nice glass is a great start.
Maybe I went overboard with the Nestle Powder dusted strawberries, but she loves the stuff. I put chia seeds on it to compensate!",1696938337.0,0.77,28,0,15 minutes,WV_Dame-in-the-Rough,12,True,1,False,image
15minutefood,1712l7h,Bread addict,16,https://reddit.com/r/15minutefood/comments/1712l7h/bread_addict/,https://www.reddit.com/r/15minutefood/comments/1712l7h/bread_addict/,"I recently started to bake just to kill time, but after baking a couple of times I found myself enjoying it a lot, especially bread.  just out of curiosity, does the shape of the bread matter?

what's the best bread shape?

Baguette, rectangle, triangle, rolls, round...",1696564708.0,0.9,16,0,,Upbeat-Category7114,11,False,0,False,text
15minutefood,16zzm1s,How about a sourdough BLT wth these rings? 😋 ~S~,190,https://reddit.com/r/15minutefood/comments/16zzm1s/how_about_a_sourdough_blt_wth_these_rings_s/,https://v.redd.it/8wba5vj3a9sb1,,1696455825.0,0.91,190,0,,rutgerbadcat,21,False,0,False,text
15minutefood,16zqxk3,Grilled Cheese & Bacon,104,https://reddit.com/r/15minutefood/comments/16zqxk3/grilled_cheese_bacon/,https://www.reddit.com/gallery/16zqxk3,,1696435007.0,0.94,104,0,,XRPcook,32,True,2,True,text
15minutefood,16yx9vt,Delicious sweet potatoes recipe,20,https://reddit.com/r/15minutefood/comments/16yx9vt/delicious_sweet_potatoes_recipe/,https://www.reddit.com/gallery/16yx9vt,[Recipe link](https://youtu.be/FDrTwgX7AxY?feature=shared),1696352391.0,0.86,20,0,10 minutes,Nagla___,3,True,3,True,text
15minutefood,16x2w04,[ 2 INGREDIENT ] CRISPY YOGURT DONUTS IN 5 minutes,63,https://reddit.com/r/15minutefood/comments/16x2w04/2_ingredient_crispy_yogurt_donuts_in_5_minutes/,https://i.redd.it/rpr9qg86rlrb1.png,,1696171019.0,0.99,63,0,,Futuzucooking,8,True,1,False,image
15minutefood,16w80mn,"Holy crap, I just made the best breakfast I have EVER had and it took under ten minutes.",91,https://reddit.com/r/15minutefood/comments/16w80mn/holy_crap_i_just_made_the_best_breakfast_i_have/,https://www.reddit.com/r/15minutefood/comments/16w80mn/holy_crap_i_just_made_the_best_breakfast_i_have/,"Started out with instant maple brown sugar oatmeal. Diced an apple and some candies pecans, then fried on high in about two tbs of butter. Towards the end, I added a liberal sprinkle of brown sugar and some maple syrup to the pan, then let it simmer. (Total cook time about 7 minutes). I added the entire contents of the pan, juice included, to the oatmeal, and finished with heavy cream. My God. So SO good.",1696083532.0,0.79,91,0,,[deleted],57,False,0,False,text
15minutefood,16wan7j,Easy breakfast,26,https://reddit.com/r/15minutefood/comments/16wan7j/easy_breakfast/,https://www.reddit.com/r/15minutefood/comments/16wan7j/easy_breakfast/,"Sautee baby spinach in a little butter, scramble an egg or two with the spinach, top with grated cheese of your choice. Delicious and done in 5 to 10 minutes. Enjoy.",1696089878.0,0.93,26,0,,[deleted],3,False,0,False,text
15minutefood,16sfth2,Chicken & sundrie tomato pasta,126,https://reddit.com/r/15minutefood/comments/16sfth2/chicken_sundrie_tomato_pasta/,https://i.redd.it/0gja1aeskjqb1.jpg,,1695708799.0,0.98,126,0,,recime,28,True,1,False,image
15minutefood,16rtj7f,Burrata salad !,48,https://reddit.com/r/15minutefood/comments/16rtj7f/burrata_salad/,https://i.redd.it/ao2d2yviveqb1.jpg,,1695651864.0,0.92,48,0,10 minutes,foodalcoholic23,8,True,1,False,image
15minutefood,16mv5rl,Knife Cut Ramen,63,https://reddit.com/r/15minutefood/comments/16mv5rl/knife_cut_ramen/,https://i.redd.it/v01u9skal8pb1.jpg,"Made w/ soy sauce, sesame oil, garlic, ginger, gochujang, rice vinegar and peanut butter and I threw in a little tteokbokki on the side",1695139919.0,0.98,63,0,,Norah_D,18,True,1,False,image
15minutefood,16mf7jx,Chili Garlic Noodles,140,https://reddit.com/r/15minutefood/comments/16mf7jx/chili_garlic_noodles/,https://i.redd.it/q5ssxnd0l4pb1.jpg,,1695091413.0,0.99,140,0,15 minutes,GreatWazaa,18,True,1,False,image
15minutefood,16m82n5,My 15 Min Shrimp Pasta,78,https://reddit.com/r/15minutefood/comments/16m82n5/my_15_min_shrimp_pasta/,https://www.reddit.com/gallery/16m82n5,"My Garlicky Shrimp  Pesto Pasta 
I cooked the pasta within 10 min and meanwhile i prepared the shrimps then threw my homemade avocado pesto sauce (i add avocado to everything)
Ingredients used 
-Pasta 
Let is cook For 10 min 
-Shrimp 
On the meanwhile the pasta is boiling we season the shrimp with paprika garlic powder onion powder i like a bit of cumin , salt pepper and also add some minced garlic and olive oil .Fry for 3 min then set aside 
-Avocado Pesto Pasta
Drain the water from the pasta then i throw the pesto 3 big spoons and then mix it all up .While the pasta is hot i love to add butter to i before i throw the pesto .After i throw the shrimp in then taddaaaaa .Yum Pasta .",1695072837.0,0.96,78,0,,iLikeToEatAndCook,30,True,2,True,text
15minutefood,16mcsdg,italian pasta salad (forgot picture),12,https://reddit.com/r/15minutefood/comments/16mcsdg/italian_pasta_salad_forgot_picture/,https://www.reddit.com/r/15minutefood/comments/16mcsdg/italian_pasta_salad_forgot_picture/,"cook/prep time 15 minutes 

boil
1/2 box barilla protein + rotini

dice
1/2 cucumber 
1/2 red onion
1/2 yellow squash
10 oz cherry tomatoes 
8 oz mozzarella pearls
 
mix with italian dressing when ready to eat",1695084642.0,0.88,12,0,15 minutes,adanae411,3,False,0,False,text
15minutefood,16mbss0,Fish Taco Bowl,5,https://reddit.com/r/15minutefood/comments/16mbss0/fish_taco_bowl/,https://www.helpfuldietitian.com/helpful-blog/fish-taco-bowl-easy-dinner-idea,"Ingredients
1 box battered halibut nuggets

1 bag coleslaw kit with dressing (see the photo above for my choice)

1 medium avocado

1 15 oz can black beans

Directions
1. Cook the battered halibut nuggets according to the air fryer directions on the box.
2. While the halibut is cooking, mix together the coleslaw kit, rinse and drain the black beans, and slice or cube your avocado.
3. Place the black beans into a small pot and heat on low-medium, stirring regularly, until warmed through.
4. Once the fish has finished cooking, assemble the ingredients together in a bowl, top with some lime juice, chipotle aioli, or a crema of choice, and you're ready to enjoy a healthy, balanced meal!
‍

This couldn't be easier! You can turn these into fish tacos super easily, just wrap the ingredients up in a corn tortilla. You can also add rice if you already have it prepared from a previous night or use minute rice.",1695081981.0,0.86,5,0,,Jess_the_Dietitian,3,False,0,False,text
15minutefood,16lzqaq,Easy foods for someone who struggles with sensory issues?,17,https://reddit.com/r/15minutefood/comments/16lzqaq/easy_foods_for_someone_who_struggles_with_sensory/,https://www.reddit.com/r/15minutefood/comments/16lzqaq/easy_foods_for_someone_who_struggles_with_sensory/,"I probably have ARFID and the things i won't eat are: onion (fresh, baked, whatever), ground meat or any type of meat that might potentially have a cartilage thingy (any vein, weird fat), vegetables that have ""strings"" like celery, egg whites (unless i cant taste or see them), boiled or stewed vegetables in general, spicy food.
I dont know what to eat anymore. Its also important that its relatively quick- maybe more than 15 minutes but less than an hour.",1695053539.0,0.76,17,0,Question,decayingtonight,41,False,0,False,text
15minutefood,16lhljb,Filled Crescent rolls,61,https://reddit.com/r/15minutefood/comments/16lhljb/filled_crescent_rolls/,https://i.redd.it/1mbzwdm7ywob1.jpg,"I take a tube of Crescent rolls and fill them with cream cheese, and jam (whichever you like). Fold corners over each other, Brush with an egg wash (1 egg yolk about 1tbs water) . Bake as directed by tube instructions. Yummy late-night snack!",1694998982.0,0.99,61,0,15 minutes,tattoedcat11,8,True,1,False,image
15minutefood,16l7fs8,Potatoes soup with mushroom alternative of creamy soup,26,https://reddit.com/r/15minutefood/comments/16l7fs8/potatoes_soup_with_mushroom_alternative_of_creamy/,https://i.redd.it/94g2238muuob1.jpg,[Recipe link](https://youtu.be/AJ3JcdAdqk0?feature=shared),1694973559.0,0.91,26,0,10 minutes,Nagla___,6,True,1,False,image
15minutefood,16jxn5r,Milk powder sweet balls,36,https://reddit.com/r/15minutefood/comments/16jxn5r/milk_powder_sweet_balls/,https://i.redd.it/t2sbxz5ijjob1.jpg,Full recipe in comments,1694836645.0,0.97,36,0,15 minutes,Ruchira_Recipes,13,True,1,False,image
15minutefood,16iap9r,Vegan Falafel & Hummus Wrap,80,https://reddit.com/r/15minutefood/comments/16iap9r/vegan_falafel_hummus_wrap/,https://i.redd.it/qfb5ecp7z5ob1.jpg,,1694672605.0,0.96,80,0,10 minutes,GreatWazaa,19,True,1,False,image
15minutefood,16ifvug,Easy and healthy recipes to learn for beginners?,13,https://reddit.com/r/15minutefood/comments/16ifvug/easy_and_healthy_recipes_to_learn_for_beginners/,https://www.reddit.com/r/15minutefood/comments/16ifvug/easy_and_healthy_recipes_to_learn_for_beginners/,"Hey everyone! I'll be going off to university for next year which means I'll have to cook for myself.

Here's the problem: besides toast and coffee, I can't make anything

I want to learn easy and healthy recipes that I can cook.

Any suggestions?",1694690833.0,0.92,13,0,Question,chcolatecake,16,False,0,False,text
15minutefood,16hd2yt,Potato and Onion Frittata,94,https://reddit.com/r/15minutefood/comments/16hd2yt/potato_and_onion_frittata/,https://i.redd.it/y1o0yd4a8ynb1.jpg,,1694578627.0,0.97,94,0,15 minutes,italianpapi123,12,True,1,False,image
15minutefood,16h58ni,Soy & Sesame Udon Noodles,70,https://reddit.com/r/15minutefood/comments/16h58ni/soy_sesame_udon_noodles/,https://i.redd.it/e5i64rcshwnb1.jpg,,1694557639.0,0.97,70,0,15 minutes,GreatWazaa,8,True,1,False,image
15minutefood,16e4jvt,Instant Ramen,178,https://reddit.com/r/15minutefood/comments/16e4jvt/instant_ramen/,https://www.reddit.com/gallery/16e4jvt,,1694262595.0,0.98,178,0,,XRPcook,26,True,5,True,text
15minutefood,16dsqhn,Beef Stroganoff,96,https://reddit.com/r/15minutefood/comments/16dsqhn/beef_stroganoff/,https://i.redd.it/5rar9rv6w4nb1.jpg,,1694223462.0,0.97,96,0,15 minutes,Mykitchencreations,19,True,1,False,image
15minutefood,16cnr8e,What 15-minute food recipe is good for this weekend?,13,https://reddit.com/r/15minutefood/comments/16cnr8e/what_15minute_food_recipe_is_good_for_this_weekend/,https://www.reddit.com/r/15minutefood/comments/16cnr8e/what_15minute_food_recipe_is_good_for_this_weekend/,"It's football season, somewhere between summer and fall and it won't be long before everything will be about pumpkins and Christmas candy. I still want to enjoy what's left of this late season. Give me some ideas?",1694114713.0,0.89,13,0,Question,mintleaf_bergamot,15,False,0,False,text
15minutefood,16axa8g,Breakfast sausage with egg and a hash brown,53,https://reddit.com/r/15minutefood/comments/16axa8g/breakfast_sausage_with_egg_and_a_hash_brown/,https://i.redd.it/1m8px0sxlhmb1.jpg,,1693941555.0,0.91,53,0,15 minutes,[deleted],6,True,1,False,image
15minutefood,16a93j2,Spaghetti carbonara,212,https://reddit.com/r/15minutefood/comments/16a93j2/spaghetti_carbonara/,https://i.redd.it/orc64tu10cmb1.jpg,,1693873663.0,0.99,212,0,15 minutes,italianpapi123,9,True,1,False,image
15minutefood,169bti6,DIY: “fancy” steak dinner,342,https://reddit.com/r/15minutefood/comments/169bti6/diy_fancy_steak_dinner/,https://i.redd.it/9gl7wi9pk4mb1.jpg,"Hopefully, my presentation of the food is decent. I tried making my own, at home, version of Outback Steakhouse for my hubby. All-in-all, meal took about 15 minutes to make and was delicious. (We normally like medium-rare, but wanted to do something different this time). 

ETA: the meal looks bland, dry, etc, but I’m telling you.. it was amazing and far from any of those words!",1693783750.0,0.84,342,0,,Skiesrfullxo,82,True,1,False,image
15minutefood,167jhas,Ground beef and fire roasted veggies!,145,https://reddit.com/r/15minutefood/comments/167jhas/ground_beef_and_fire_roasted_veggies/,https://i.redd.it/tgix7151oplb1.jpg,Been eating this all week. Sometimes with some rice. So good.,1693603266.0,0.96,145,0,,watchforwaspess,12,True,1,False,image
15minutefood,166b9se,Steak & Potatoes,777,https://reddit.com/r/15minutefood/comments/166b9se/steak_potatoes/,https://www.reddit.com/gallery/166b9se,,1693488694.0,0.96,777,0,,XRPcook,47,True,2,True,text
15minutefood,165h50a,Salty vegetable cake,74,https://reddit.com/r/15minutefood/comments/165h50a/salty_vegetable_cake/,https://i.redd.it/i3oahsoji9lb1.jpg,"It is a very easy recipe ‘italian’
3 big potatoes 
3/4 zucchini 
3/4 carrots 
3 eggs 
2 Mozzarella 
Onion
Butter 
Oil 
Boil the potatoes and let it cool a little to take off the peel, squeeze them with a fork and add some small piece of butter .. that will melt down wile mixing it 
Then cut onion and carrot and zucchini 
Put in a wok onion and oil, let it get a little bit gold 
Then add zucchini and carrots (either grated or round cut) cover and let it cook. 
Take a piece of paper for oven, put inside a baking dish, cover the base with potatoes mixed with butter … pour inside the cooked vegetables after adding and mixing eggs, salt .. on top cut a fresh mozzarella or scamorza in very thin slices … and put in the oven maximum temperature (200 degrees ) for. 15 20 minutes … usually, as the ingredients are already cooked, I just watch the top to see when the cheese is melted and gold like in the picture .. let me know if you try .. it is easy and delicious 😋",1693407714.0,0.92,74,0,,Solarissima82,8,True,1,False,image
15minutefood,164b2m7,Greek salad,101,https://reddit.com/r/15minutefood/comments/164b2m7/greek_salad/,https://i.redd.it/to4efbzfzzkb1.jpg,,1693292327.0,0.91,101,0,15 minutes,Complex_Loquat,19,True,1,False,image
15minutefood,1649xbe,High Protein salad made in 10 mins,8,https://reddit.com/r/15minutefood/comments/1649xbe/high_protein_salad_made_in_10_mins/,https://youtu.be/Ot22asGOPBI,,1693288366.0,1.0,8,0,10 minutes,breakfastkitchen5853,2,False,0,False,text
15minutefood,163r0hw,"15 minute steak, chanterelles and potatoes",52,https://reddit.com/r/15minutefood/comments/163r0hw/15_minute_steak_chanterelles_and_potatoes/,https://i.redd.it/waduulkcqvkb1.jpg,"This is my monthly treat and I never get tired of it!

The local supermarket had some entrecôte on sale as it was getting old so I couldn't pass it up!
Freshly picked chanterelles from the forest behind my house too.

A dollop of bernaise sauce on the side too",1693240840.0,0.93,52,0,15 minutes,[deleted],7,True,1,False,image
15minutefood,1615ok0,"3 Ingredients Creamy Lemon dessert🍋 no eggs, no starch, no flour",72,https://reddit.com/r/15minutefood/comments/1615ok0/3_ingredients_creamy_lemon_dessert_no_eggs_no/,https://i.redd.it/ndaf0obtkakb1.png,,1692984751.0,0.94,72,0,,Futuzucooking,11,True,1,False,image
15minutefood,160ms4t,Cheese-Omelet Wrap w/ Balanced Macros,51,https://reddit.com/r/15minutefood/comments/160ms4t/cheeseomelet_wrap_w_balanced_macros/,https://i.redd.it/r3iytkyz66kb1.jpg,,1692931664.0,0.96,51,0,15 minutes,unitedcuisines,8,True,1,False,image
15minutefood,160906s,Is there any easy-to-make food that I could make for a three-people road trip?,25,https://reddit.com/r/15minutefood/comments/160906s/is_there_any_easytomake_food_that_i_could_make/,https://www.reddit.com/r/15minutefood/comments/160906s/is_there_any_easytomake_food_that_i_could_make/,"I'm going on a car road trip with my parents this weekend, and I would love to make a food meal that is, preferably, not sandwiches, and is easy to make and pack for three people.

We've got breakfast and dinner covered, so I need something that would make a delicious on-the-road lunch. Does anyone have any ideas?",1692899428.0,0.93,25,0,Question,LauraEats,37,False,0,False,text
15minutefood,160nzin,Garlic Parsley Dipping Oil #garlicrecipe #parsley #homemadefood #simplerecipe #easyrecipe,2,https://reddit.com/r/15minutefood/comments/160nzin/garlic_parsley_dipping_oil_garlicrecipe_parsley/,https://www.instagram.com/reel/CwVXb4zofla/?igshid=MzRlODBiNWFlZA==,,1692935098.0,1.0,2,0,10 minutes,JennyN22,3,False,0,False,text
15minutefood,15y0n49,Platter I made for girls night.,316,https://reddit.com/r/15minutefood/comments/15y0n49/platter_i_made_for_girls_night/,https://www.reddit.com/gallery/15y0n49,My first cheese/meat platter I ever made. I may have found a new hobby. Relaxing and delicious 🤤,1692696700.0,0.97,316,0,,Mean_Mouse1005,35,True,2,True,text
15minutefood,15yub2l,Comida,2,https://reddit.com/r/15minutefood/comments/15yub2l/comida/,https://www.reddit.com/r/15minutefood/comments/15yub2l/comida/,https://www.instagram.com/reel/CwRmurYg8PG/?igshid=MTc4MmM1YmI2Ng==,1692768457.0,0.6,2,0,,guidotinto,0,False,0,False,text
15minutefood,15xdaqe,Prosciutto Melt,156,https://reddit.com/r/15minutefood/comments/15xdaqe/prosciutto_melt/,https://www.reddit.com/gallery/15xdaqe,,1692637118.0,0.99,156,0,,XRPcook,18,True,4,True,text
15minutefood,15y0mxq,Anyone ever made a peanut butter muffin with just peanut butter and 2 eggs?,0,https://reddit.com/r/15minutefood/comments/15y0mxq/anyone_ever_made_a_peanut_butter_muffin_with_just/,https://www.reddit.com/r/15minutefood/comments/15y0mxq/anyone_ever_made_a_peanut_butter_muffin_with_just/,,1692696680.0,0.5,0,0,,breakfastkitchen5853,20,False,0,False,text
15minutefood,15wsio9,super easy work lunch,53,https://reddit.com/r/15minutefood/comments/15wsio9/super_easy_work_lunch/,https://i.redd.it/p1bayira3djb1.jpg,"ranch style beans, baked chicken, and green giant veggie mix
super simple to prepare, and will keep you going through the work day",1692579316.0,0.89,53,0,,adanae411,14,True,1,False,image
15minutefood,15u6ya4,"A dessert of melon, strawberries, mint-and a little powdered sugar",131,https://reddit.com/r/15minutefood/comments/15u6ya4/a_dessert_of_melon_strawberries_mintand_a_little/,https://www.reddit.com/gallery/15u6ya4,,1692323984.0,0.99,131,0,15 minutes,Independent_Trick_78,15,True,3,True,text
15minutefood,15tojq2,For those looking to make quick High Protein and Healthy Breakfast,6,https://reddit.com/r/15minutefood/comments/15tojq2/for_those_looking_to_make_quick_high_protein_and/,https://youtu.be/GCbQMfij61M,,1692280979.0,0.64,6,0,,breakfastkitchen5853,7,False,0,False,text
15minutefood,15t5cjo,Garlic buttered langostinos and air fried African eggplant,67,https://reddit.com/r/15minutefood/comments/15t5cjo/garlic_buttered_langostinos_and_air_fried_african/,https://i.redd.it/rwjx3zar0kib1.jpg,"Quick meal tonight.  Used the electric kettle to boil water, which I then used to boil the noodles.  While they were boiling, I sliced the African eggplant in my potato slicer. Salted them, added red pepper flakes, and put them in the air fryer at 400f. Avocado oil and 1T of butter fried the sliced garlic, and then the thawed langostinos were added.  By the time the noodles were cooked, the eggplant was crispy.  Next time, we’re gonna cook waaay more eggplant, because they disappeared!",1692227361.0,0.97,67,0,15 minutes,littleoldlady71,8,True,1,False,image
15minutefood,15ryg89,Tricolor salad rice bowl | Healthy easy and quick recipe,60,https://reddit.com/r/15minutefood/comments/15ryg89/tricolor_salad_rice_bowl_healthy_easy_and_quick/,https://i.redd.it/gfw0iykb3bib1.png,,1692119260.0,0.82,60,0,15 minutes,Ruchira_Recipes,14,True,1,False,image
15minutefood,15r2b36,Steak & Chimichurri,114,https://reddit.com/r/15minutefood/comments/15r2b36/steak_chimichurri/,https://i.redd.it/at3ynzsx94ib1.jpg,,1692036737.0,0.95,114,0,,XRPcook,15,True,1,False,image
15minutefood,15pucqf,Easy Iced TEA Latte 🧋❤️🧋 recipe,33,https://reddit.com/r/15minutefood/comments/15pucqf/easy_iced_tea_latte_recipe/,https://i.redd.it/1fkp9dbkiuhb1.png,,1691918617.0,0.87,33,0,,Futuzucooking,4,True,1,False,image
15minutefood,15p51hm,10 Minute Chili Garlic Silken Tofu,172,https://reddit.com/r/15minutefood/comments/15p51hm/10_minute_chili_garlic_silken_tofu/,https://i.imgur.com/tmE7KIY.gifv,,1691848005.0,0.93,172,0,10 minutes,lnfinity,8,True,1,False,image
15minutefood,15pf8t6,Broccoli salad - Healthy quick meal,39,https://reddit.com/r/15minutefood/comments/15pf8t6/broccoli_salad_healthy_quick_meal/,https://i.redd.it/cw7m5usfsqhb1.jpg,Full recipe in comments,1691873462.0,0.93,39,0,15 minutes,Ruchira_Recipes,5,True,1,False,image
15minutefood,15oanw8,Healthy morning meals,19,https://reddit.com/r/15minutefood/comments/15oanw8/healthy_morning_meals/,https://www.reddit.com/r/15minutefood/comments/15oanw8/healthy_morning_meals/,"Starting school season soon I’m looking to find some quick healthy meal options.
I am allergic to eggs, bananas, oranges, and grapefruit so I’m struggling to find options.
I’ve tried greens but they never fill me up- just make me more hungry. And caffeine makes me crash.
Suggestions?",1691764655.0,0.88,19,0,,thatbitch-3,17,False,0,False,text
15minutefood,15neyfu,HOW TO MAKE ICED COFFEE🧋QUICK AND EASY RECIPE,31,https://reddit.com/r/15minutefood/comments/15neyfu/how_to_make_iced_coffeequick_and_easy_recipe/,https://i.redd.it/gn6u7b4nsahb1.png,,1691679838.0,0.7,31,0,,Futuzucooking,7,True,1,False,image
15minutefood,15mv7h7,Whats the most nutritional thing I can slap together in 15 minutes?,51,https://reddit.com/r/15minutefood/comments/15mv7h7/whats_the_most_nutritional_thing_i_can_slap/,https://www.reddit.com/r/15minutefood/comments/15mv7h7/whats_the_most_nutritional_thing_i_can_slap/,,1691623532.0,0.89,51,0,,Undead_Octopus,61,False,0,False,text
15minutefood,15mfq6u,SIMPLE High Protein Salad that has 36g of Proteins + Other Macros,35,https://reddit.com/r/15minutefood/comments/15mfq6u/simple_high_protein_salad_that_has_36g_of/,https://i.redd.it/32kte0dc93hb1.jpg,,1691588580.0,0.91,35,0,,breakfastkitchen5853,6,True,1,False,image
15minutefood,15hbo8x,Hakka noodles recipe,106,https://reddit.com/r/15minutefood/comments/15hbo8x/hakka_noodles_recipe/,https://i.redd.it/rmt3oxrgtxfb1.png,Recipe Link in comments,1691086860.0,1.0,106,0,15 minutes,Ruchira_Recipes,10,True,1,False,image
15minutefood,15ghnbs,Breakfast burger,23,https://reddit.com/r/15minutefood/comments/15ghnbs/breakfast_burger/,https://i.redd.it/5tcttcmcwqfb1.jpg,"Brioche bun, ham, cheese, sour cream with chives and garic, fried egg with runny yolk",1691003082.0,0.92,23,0,,Anetaguest,8,True,1,False,image
15minutefood,15fcbtx,10-min sesame ginger scallion noodles,151,https://reddit.com/r/15minutefood/comments/15fcbtx/10min_sesame_ginger_scallion_noodles/,https://i.imgur.com/xp6vjoO.gifv,,1690895752.0,0.98,151,0,10 minutes,lnfinity,13,True,1,False,image
15minutefood,15f85l9,How to Make Chocolate Popcorn at Home in 10 min,27,https://reddit.com/r/15minutefood/comments/15f85l9/how_to_make_chocolate_popcorn_at_home_in_10_min/,https://i.redd.it/51vvmm073hfb1.jpg,,1690884314.0,0.86,27,0,,Mr_ND_Cooking,6,True,1,False,image
15minutefood,15emzbw,Tuscan chicken with frozen chicken tenderloins,9,https://reddit.com/r/15minutefood/comments/15emzbw/tuscan_chicken_with_frozen_chicken_tenderloins/,https://www.reddit.com/r/15minutefood/comments/15emzbw/tuscan_chicken_with_frozen_chicken_tenderloins/,I air fried the chicken for six minutes and then followed the usual recipe. Fastest chicken I made for entire week,1690825863.0,0.91,9,0,,bookreadermak,4,False,0,False,text
15minutefood,15do874,Guys you actually have to try this: 15 min Garlic Shrimp Pasta,71,https://reddit.com/r/15minutefood/comments/15do874/guys_you_actually_have_to_try_this_15_min_garlic/,https://www.reddit.com/r/15minutefood/comments/15do874/guys_you_actually_have_to_try_this_15_min_garlic/,"Guys no joke I saw this on TikTok and I knew I had to post this here. I've got so many useful recipes from this group and it's my time to pay back with this amazing garlic shrimp pasta. It's flavorful, easy to make, and will be ready in no time! 

Garlic Shrimp Pasta

**Ingredients:**

* 8 ounces of your favorite pasta (linguine, spaghetti, or fettuccine work great!)
* 1/2 pound of medium-sized shrimp, peeled and deveined
* 3 tablespoons of olive oil
* 4 cloves of garlic, minced
* 1/4 teaspoon of red pepper flakes (optional, for a little kick)
* 1 tablespoon of lemon juice
* Salt and pepper, to taste
* Fresh parsley, chopped (for garnish)

**Instructions:**

1. Cook the Pasta: Bring a pot of salted water to a boil and cook the pasta according to the package instructions until it's al dente. Drain the pasta and set it aside.
2. Sauté the Shrimp: While the pasta is cooking, heat 2 tablespoons of olive oil in a large skillet over medium-high heat. Add the minced garlic and red pepper flakes (if using) and sauté for about 30 seconds until the garlic becomes fragrant.
3. Add the Shrimp: Add the peeled and deveined shrimp to the skillet. Cook the shrimp for 2-3 minutes per side until they turn pink and opaque. Don't overcook them; they should be tender and juicy!
4. Combine the Pasta and Shrimp: Add the cooked pasta to the skillet with the shrimp and toss everything together until the pasta is evenly coated with the garlicky goodness.
5. Season and Finish: Drizzle the remaining tablespoon of olive oil and lemon juice over the pasta and shrimp. Season with salt and pepper to your taste. Toss everything together one more time to combine all the flavors.
6. Serve: Transfer the Garlic Shrimp Pasta to serving plates and garnish with chopped fresh parsley. Add a sprinkle of grated Parmesan cheese if you like.

Don't even bother to comment how good it was, just enjoy it. And pass it forward, someone in this small world is waiting for you to send them this recipe ",1690730628.0,0.96,71,0,10 minutes,kevinden34,11,False,0,False,text
15minutefood,15dghxv,Pasta Al Limone - The Frank Prisinzano Method,94,https://reddit.com/r/15minutefood/comments/15dghxv/pasta_al_limone_the_frank_prisinzano_method/,https://www.reddit.com/gallery/15dghxv,,1690706443.0,0.97,94,0,,flashyellowboxer,11,True,2,True,text
15minutefood,15dqcdd,Diabetes 2,7,https://reddit.com/r/15minutefood/comments/15dqcdd/diabetes_2/,https://www.reddit.com/r/15minutefood/comments/15dqcdd/diabetes_2/,"Maybe some suggestions for quick recepts🤩
Low carb / high protein",1690736009.0,0.82,7,0,,Big-Yam2723,8,False,0,False,text
15minutefood,157kaxy,Quick and delicious FRIED NOODLES with GROUND BEEF,119,https://reddit.com/r/15minutefood/comments/157kaxy/quick_and_delicious_fried_noodles_with_ground_beef/,https://i.redd.it/sozgbuy4zqdb1.jpg,,1690132327.0,0.98,119,0,,Successful-Stop9191,21,True,1,False,image
15minutefood,1570jej,Smoked Salmon Dip,135,https://reddit.com/r/15minutefood/comments/1570jej/smoked_salmon_dip/,https://i.redd.it/ymgw93834mdb1.jpg,,1690073457.0,0.97,135,0,,[deleted],15,True,1,False,image
15minutefood,15617aa,Simple Custom Trail Mix To Snack On,9,https://reddit.com/r/15minutefood/comments/15617aa/simple_custom_trail_mix_to_snack_on/,https://www.reddit.com/r/15minutefood/comments/15617aa/simple_custom_trail_mix_to_snack_on/," Full Recipe Article: [https://healthyliving-tips.com/energy-boosting-trail-mix/](https://healthyliving-tips.com/energy-boosting-trail-mix/)

## Ingredients:

* 1 cup mixed nuts (such as almonds, cashews, and walnuts)
* 1/2 cup dried fruits (such as raisins, cranberries, and apricots)
* 1/2 cup whole grain cereal or granola
* 1/4 cup dark chocolate chips or chunks (optional)
* 1/4 cup pumpkin seeds or sunflower seeds
* 1/4 cup coconut flakes (unsweetened)
* 1/4 teaspoon cinnamon (optional)
* Pinch of salt (optional)

## Instructions:

1. In a large bowl, combine the mixed nuts, dried fruits, whole grain cereal or granola, dark chocolate chips or chunks (if using), pumpkin seeds or sunflower seeds, coconut flakes, cinnamon (if desired), and a pinch of salt (if desired).
2. Mix all the ingredients together until well combined.
3. Transfer the trail mix to an airtight container or portion it into individual snack-sized bags for convenience.
4. Store the trail mix in a cool, dry place for up to several weeks.",1689975839.0,0.9,9,0,,kipling279,1,False,0,False,text
15minutefood,154pv9d,Bibim Guksu,204,https://reddit.com/r/15minutefood/comments/154pv9d/bibim_guksu/,https://i.imgur.com/vnN31NK.gifv,,1689856900.0,0.93,204,0,10 minutes,lnfinity,20,True,1,False,image
15minutefood,15481ei,English Breakfast,74,https://reddit.com/r/15minutefood/comments/15481ei/english_breakfast/,https://i.redd.it/zsl4k7tgszcb1.jpg,,1689803289.0,0.87,74,0,15 minutes,_W1T3W1N3_,23,True,1,False,image
15minutefood,1526a7w,GARLIC SHRIMP PASTA,111,https://reddit.com/r/15minutefood/comments/1526a7w/garlic_shrimp_pasta/,https://i.redd.it/uo7xv5w0vjcb1.jpg,,1689610356.0,0.97,111,0,15 minutes,Successful-Stop9191,15,True,1,False,image
15minutefood,150gi5p,"It has been a while since my last post, but here I am again with your avocado toast with a twist",120,https://reddit.com/r/15minutefood/comments/150gi5p/it_has_been_a_while_since_my_last_post_but_here_i/,https://i.redd.it/dvx867dfp5cb1.jpg,,1689438963.0,0.94,120,0,,Cutebabygirl2002,14,True,1,False,image
15minutefood,14zgg7i,Potato Chips (recipe in comments),90,https://reddit.com/r/15minutefood/comments/14zgg7i/potato_chips_recipe_in_comments/,https://i.redd.it/s973m0rqmxbb1.jpg,,1689341208.0,0.95,90,0,,[deleted],19,True,1,False,image
15minutefood,14xmy9i,Turkish Flatbread in a pan (recipe in comments),119,https://reddit.com/r/15minutefood/comments/14xmy9i/turkish_flatbread_in_a_pan_recipe_in_comments/,https://i.redd.it/v65qc1tf0jbb1.jpg,,1689164209.0,0.98,119,0,15 minutes,[deleted],11,True,1,False,image
15minutefood,14x83eo,Meal prep tips for chicken to speed up cooking,14,https://reddit.com/r/15minutefood/comments/14x83eo/meal_prep_tips_for_chicken_to_speed_up_cooking/,https://www.reddit.com/r/15minutefood/comments/14x83eo/meal_prep_tips_for_chicken_to_speed_up_cooking/," Full article: [https://healthyliving-tips.com/flavorful-and-easy-to-make-chicken-marinade-for-meal-prep/](https://healthyliving-tips.com/flavorful-and-easy-to-make-chicken-marinade-for-meal-prep/)

## Marinade Ingredients: To create this tasty chicken marinade, you’ll need the following ingredients:

* 1-1.5 pounds of chicken breasts (thin-sliced or thicker breasts cut in half)
* 2 tablespoons of avocado oil
* 2 tablespoons of freshly squeezed lemon juice
* 1 teaspoon of cumin
* 1 teaspoon of oregano
* 1 teaspoon of paprika
* 1/2 teaspoon of garlic powder
* 1/2 teaspoon of salt

## Marinating Process: To prepare the chicken marinade, follow these simple steps:

1. Place the chicken breasts in a ziploc bag.
2. Add the avocado oil and lemon juice to the bag.
3. In a separate ramekin, combine the cumin, oregano, paprika, garlic powder, and salt. Stir well.
4. Pour the spice mixture into the bag with the chicken.
5. Toss and shake the bag thoroughly, ensuring the spices evenly coat the chicken.
6. Allow the chicken to marinate for at least 4 hours or overnight.
7. Cook the chicken as desired.

**Meal Pairing Suggestions:** This versatile chicken marinade pairs well with various dishes. Lindsay suggests serving it with rice and a refreshing salad. For an added twist, try her rice recipe:

* Sauté 1/2 cup of red onion and 2 cloves of garlic in a little oil in an instant pot.
* Add 1 cup of brown rice and 1.25 cups of water or broth. Cook for 16 minutes, then quick-release.
* Stir in a squirt of lemon juice, 2 tablespoons of chopped fresh parsley, and a sprinkle of salt.",1689120393.0,0.95,14,0,,kipling279,0,False,0,False,text
15minutefood,14wqdkp,[NO OVEN] Easy and Delicious Banana Pudding Dessert Recipe😋,86,https://reddit.com/r/15minutefood/comments/14wqdkp/no_oven_easy_and_delicious_banana_pudding_dessert/,https://i.redd.it/0rqjbawb0cbb1.png,,1689079459.0,0.97,86,0,,Futuzucooking,5,True,1,False,image
15minutefood,14w99pl,Lemon posset (recipe in comments),62,https://reddit.com/r/15minutefood/comments/14w99pl/lemon_posset_recipe_in_comments/,https://i.redd.it/csy8sryrw7bb1.jpg,,1689029803.0,0.97,62,0,,[deleted],8,True,1,False,image
15minutefood,14trp9t,Found a simple recipe for a good Healthy Low-Calorie Salsa Recipe,17,https://reddit.com/r/15minutefood/comments/14trp9t/found_a_simple_recipe_for_a_good_healthy/,https://www.reddit.com/r/15minutefood/comments/14trp9t/found_a_simple_recipe_for_a_good_healthy/,"Found full recipe/article here: [https://healthyliving-tips.com/healthy-low-calorie-salsa-recipe/](https://healthyliving-tips.com/healthy-low-calorie-salsa-recipe/)

 

## Ingredients:

* 4 ripe tomatoes, diced
* 1 small red onion, finely chopped
* 1 jalapeno pepper, seeded and minced
* 1 garlic clove, minced
* 1/4 cup fresh cilantro, chopped
* Juice of 1 lime
* Salt and pepper to taste

## Instructions:

1. In a bowl, combine the diced tomatoes, red onion, jalapeno pepper, garlic, and cilantro.
2. Squeeze the lime juice over the mixture and season with salt and pepper.
3. Gently toss all the ingredients together until well combined.
4. Allow the salsa to sit for at least 15 minutes to let the flavors meld together.
5. Taste and adjust the seasoning if needed.
6. Serve the low-calorie salsa with baked tortilla chips, as a topping for grilled chicken or fish, or as a flavorful addition to salads and wraps.",1688784980.0,0.84,17,0,,kipling279,5,False,0,False,text
15minutefood,14sh4c1,Pasta chips (recipe in comments),10,https://reddit.com/r/15minutefood/comments/14sh4c1/pasta_chips_recipe_in_comments/,https://i.redd.it/7wouw0k5ydab1.jpg,,1688667059.0,0.62,10,0,10 minutes,[deleted],8,True,1,False,image
15minutefood,14rp33o,Ideas for frozen chicken tenderloins Fritters,11,https://reddit.com/r/15minutefood/comments/14rp33o/ideas_for_frozen_chicken_tenderloins_fritters/,https://www.reddit.com/r/15minutefood/comments/14rp33o/ideas_for_frozen_chicken_tenderloins_fritters/,I have too much frozen chicken tenderloins Fritters from restaurant depot and I am tired of frying them in air fryer. What else can I do? Did anyone tried butter chicken with them?,1688595003.0,0.79,11,0,,bookreadermak,14,False,0,False,text
15minutefood,14qix7m,KFC crispy Chicken at home (recipe in comments),107,https://reddit.com/r/15minutefood/comments/14qix7m/kfc_crispy_chicken_at_home_recipe_in_comments/,https://i.redd.it/u3hxi8mszy9b1.jpg,,1688486007.0,0.95,107,0,15 minutes,[deleted],19,True,1,False,image
15minutefood,14oet93,Pan Pizza. No Yeast (recipe in comments),126,https://reddit.com/r/15minutefood/comments/14oet93/pan_pizza_no_yeast_recipe_in_comments/,https://i.redd.it/3wqhc5wjah9b1.jpg,,1688271701.0,0.94,126,0,15 minutes,[deleted],30,True,1,False,image
15minutefood,14oi7t1,Neem with eggplant - Bengali traditional cuisine for health benefits,14,https://reddit.com/r/15minutefood/comments/14oi7t1/neem_with_eggplant_bengali_traditional_cuisine/,https://www.reddit.com/r/15minutefood/comments/14oi7t1/neem_with_eggplant_bengali_traditional_cuisine/,"[Neem with eggplant - Bengali traditional cuisine for health](https://the-calcutta-kitchen.blogspot.com/2023/07/neem-and-eggplant-traditional-bengali.html)[ benefits](https://the-calcutta-kitchen.blogspot.com/2023/07/neem-and-eggplant-traditional-bengali.html)

 

'Neem’ is accepted worldwide today for its medicinal qualities, but it was our Ayurveda that invented its benefits in ancient times. Traditionally, Indian kitchens have always used medicinal herbs, roots and plants in regular cuisines like neem, turmeric, ginger, garlic, mint, cinnamon, and Brahmi. The list is long, but neem, because of its extremely bitter taste, was never popular.

In our traditional Bengali kitchen, our grandmothers and their mothers were aware of the qualities of neem. In the olden days, Pox was a dreaded disease in Bengal and the whole of India. Neem has the medicinal qualities to kill this virus. Just after the winter was over, with the onset of spring, Poxvirus was a common disease, sometimes turning fatal. During this very time, the neem trees shed their leaves, and new leaves start blooming. As if it were a natural medicine to cure the Poxvirus.

Our mostly illiterate women in the kitchen those days knew the marvellous qualities of the Neem through traditions and to prevent the virus attack made it mandatory to begin the lunch with ‘Neem Begun’ - a simple dish, presented today.

**Ingredients:**

Baby Neem leaves – 2 twigs, fresh

Egg-plant, brinjal – 1 medium

Turmeric powder – 1 tsp

Salt to taste

Sugar – ½ tsp

Mustard oil – 2 tbsp

**Instructions:**

Wash the neem leaves thoroughly and pluck them separately from the twig.

Cut the eggplant into small cubes and apply salt with turmeric.

Dry roast the neem leaves on a wok on low heat for a minute and set them aside.

Heat the oil in a skillet. Add the eggplant cubes coated with salt and turmeric.

Fry them on medium heat until the eggplant is cooked soft.

Add the neem leaves and mix well with the eggplant.

Add the sugar and stir a little gently. Adjust the salt to taste.

When the oil starts to release from the eggplant, take off the heat.

Serve with rice. It goes well with little ghee or kasundi but it's optional.",1688283537.0,0.79,14,0,15 minutes,ForeverCalcatian,2,False,0,False,text
15minutefood,14o0ws2,Mashed Prawns - Chingri makha from Bengal,13,https://reddit.com/r/15minutefood/comments/14o0ws2/mashed_prawns_chingri_makha_from_bengal/,https://www.reddit.com/r/15minutefood/comments/14o0ws2/mashed_prawns_chingri_makha_from_bengal/,"[Mashed Prawns - Chingri makha from Bengal](https://the-calcutta-kitchen.blogspot.com/2023/06/mashed-prawns-chingri-makha.html)

Many of the Bengali cuisines originating from rural east Bengal are simple to make, with the most basic ingredients, and absolutely delightful. One such cuisine is the ‘makha’ or ‘bhate’ termed ‘bhorta’ in Bangladesh. There are hundreds of various types of ‘bhorta’ in Bangladesh. In the olden days, during our grandmothers’ era, they dedicated their lives to the kitchen to keep the family well-fed with whatever little they could manage. Superstores, multi-brand outlets, shopping malls, and Retail stores were all distant possibilities no one could even dream of. I often wonder how efficient cooks they were because the dishes they invented, still keep us drooling.

The cuisine described below is called ‘Chingri Machher Bhorta or Makha’ or to put it simply in English, – mashed prawn. I can assure you it’ll be fun cooking this dish.

**Ingredients:**

Prawns – 12 nos. washed cleaned and deveined.

Dry Red Chilli – 3 nos.

Green Chilli – 3 nos. chopped.

Turmeric powder – ½ teaspoon

Salt to taste

Onion – 2 nos. sliced.

Garlic – 6 - 8 pods chopped.

Ginger – ½ in. chopped.

Cilantro – a few sprigs chopped.

Mustard oil – 6 tablespoons.

**Instructions:**

Mix the Prawns with salt and turmeric powder, and keep it all aside for 15 mins.

Fry the Dry Red chillis in oil and set aside.

Fry the salted Prawns lightly and set aside.

Then fry the sliced Onions, chopped Garlic and chopped Ginger.

Then grind the fried Prawns with fried Red Chillis, fried onions, ginger and garlic coarsely in a blender or a mortar and pestle.

Add the chopped chillis, cilantro and further blend a little.

Now add a spoonful of Mustard oil and knead the mixture into balls.

Serve it with rice.",1688233171.0,0.99,13,0,15 minutes,ForeverCalcatian,0,False,0,False,text
15minutefood,14nv97q,my kitchen garden 's Spinach and prawn spaghetti pasta,15,https://reddit.com/r/15minutefood/comments/14nv97q/my_kitchen_garden_s_spinach_and_prawn_spaghetti/,https://i.redd.it/asoixbhpvc9b1.png,,1688218333.0,0.86,15,0,,Any-District9655,6,True,1,False,image
15minutefood,14nj2qe,Easy and healthy snack recipe I found yesterday (roasted chickpeas),32,https://reddit.com/r/15minutefood/comments/14nj2qe/easy_and_healthy_snack_recipe_i_found_yesterday/,https://www.reddit.com/r/15minutefood/comments/14nj2qe/easy_and_healthy_snack_recipe_i_found_yesterday/,"Found recipe here: [https://healthyliving-tips.com/wholesome-and-crunchy-roasted-chickpeas/](https://healthyliving-tips.com/wholesome-and-crunchy-roasted-chickpeas/)  
Ingredients:

1 can (15 ounces) chickpeas (garbanzo beans)

1 tablespoon olive oil

1 teaspoon paprika

1/2 teaspoon cumin

1/2 teaspoon garlic powder

1/4 teaspoon salt

Optional: a pinch of cayenne pepper for a spicy kick

 

## Instructions:

1. Preheat your oven to 400°F (200°C).
2. Drain and rinse the chickpeas thoroughly, then pat them dry using a paper towel.
3. In a bowl, combine the chickpeas, olive oil, paprika, cumin, garlic powder, salt, and cayenne pepper (if desired). Mix well to coat the chickpeas evenly.
4. Spread the seasoned chickpeas in a single layer on a baking sheet lined with parchment paper.
5. Place the baking sheet in the preheated oven and roast for 25-30 minutes, or until the chickpeas are crispy and golden brown. Make sure to shake the baking sheet every 10 minutes to ensure even cooking.
6. Remove the roasted chickpeas from the oven and let them cool for a few minutes before enjoying.

&#x200B;

&#x200B;",1688177932.0,1.0,32,0,,kipling279,14,False,0,False,text
15minutefood,14lgbe9,Potato shreds - easy and quick recipe,73,https://reddit.com/r/15minutefood/comments/14lgbe9/potato_shreds_easy_and_quick_recipe/,https://i.redd.it/mbfbn1odss8b1.jpg,Recipe in comments,1687975023.0,0.97,73,0,15 minutes,Ruchira_Recipes,22,True,1,False,image
15minutefood,14li5tm,What's everyone's favorite flavor?,9,https://reddit.com/r/15minutefood/comments/14li5tm/whats_everyones_favorite_flavor/,https://www.reddit.com/r/15minutefood/comments/14li5tm/whats_everyones_favorite_flavor/,"Hey all! I've been on an aioli kick lately and wanna make a special one for our BBQ this weekend. It's super simple and quick to whip up. What flavors would ya'll be excited to try?

[View Poll](https://www.reddit.com/poll/14li5tm)",1687979332.0,0.8,9,0,,AsparagusWise514,4,False,0,False,text
15minutefood,14j7rb5,Suggestion for cooking meatball from restaurant depot,24,https://reddit.com/r/15minutefood/comments/14j7rb5/suggestion_for_cooking_meatball_from_restaurant/,https://www.reddit.com/r/15minutefood/comments/14j7rb5/suggestion_for_cooking_meatball_from_restaurant/,I bought Rosina beef chicken meatballs from restaurant depot and I don't like it. I tried some recipes but there was a distinct smell I couldn't get rid of. Anyone have suggestions what can I do with it?,1687755855.0,0.97,24,0,,bookreadermak,8,False,0,False,text
15minutefood,14i6nze,Creamy Lemon cest pasta with lemon chicken,227,https://reddit.com/r/15minutefood/comments/14i6nze/creamy_lemon_cest_pasta_with_lemon_chicken/,https://i.redd.it/6w2ovu3iu18b1.jpg,"Tasty and awesome pasta with lemon chicken. 
It is super easy and very fresh 🤤🤤

Steps: 
Boil water / salt it heavy 
Cook pasta 
In a bowl mix Parmesan, lemon cest, lemon juice from 1 lemon and parsley. 
Heat a pan with oil and cook the lemon marinated chicken. 
Once done take of the heat and throw the pasta in the pan with the oil and some pasta water. 
Now add the Parmesan mix and mix well 
Lastly cut the chicken and enjoy 🤤

If you like this and want more food inspiration I hope you would join my new insta profile featuring foods and drinks 
Foodby.Simon 
It would be much appreciated if you would follow my journey ❤️",1687648853.0,0.99,227,0,15 minutes,Horror_Tradition3277,34,True,1,False,image
15minutefood,14fcqxx,Foodsies,22,https://reddit.com/r/15minutefood/comments/14fcqxx/foodsies/,https://www.reddit.com/gallery/14fcqxx,Made chicken and rice for dinner the other day.,1687365834.0,0.82,22,0,,[deleted],9,True,2,True,text
15minutefood,14bnmod,No Gelatin | No Eggs | Delicious Mango🥭 Dessert Recipe😋,204,https://reddit.com/r/15minutefood/comments/14bnmod/no_gelatin_no_eggs_delicious_mango_dessert_recipe/,https://i.redd.it/idx47y5i2k6b1.png,,1686997794.0,0.99,204,0,,Futuzucooking,28,True,1,False,image
15minutefood,14bo23d,The best crepes you'll ever make !,54,https://reddit.com/r/15minutefood/comments/14bo23d/the_best_crepes_youll_ever_make/,https://i.redd.it/o31jyxmp6k6b1.jpg,,1686999212.0,0.97,54,0,15 minutes,foodalcoholic23,15,True,1,False,image
15minutefood,14b20zi,Strawberry Balsamic Dressing,95,https://reddit.com/r/15minutefood/comments/14b20zi/strawberry_balsamic_dressing/,https://i.redd.it/2i2rrx92ve6b1.jpg,"Just blend until smooth and creamy:

1 cup Strawberries, stems removed 
1 Spring Onion or Scallion, roughly chopped 
1/4 cup Balsamic Vinegar 
1/2 cup EVOO
1/2 tsp Sea Salt
1/4 tsp Black Pepper

I love this dressing with kale, arugula, or spinach based salads, you can see an example at the link if you like!

https://www.instagram.com/reel/CtjsLOXO6oT/?igshid=MzRlODBiNWFlZA==",1686934736.0,0.94,95,0,,forfoodandforests,18,True,1,False,image
15minutefood,14a9usw,Pink Pasta in under 10 minutes . Thoughts? (recipe in comments),23,https://reddit.com/r/15minutefood/comments/14a9usw/pink_pasta_in_under_10_minutes_thoughts_recipe_in/,https://i.redd.it/iw7whbyy886b1.jpg,,1686854664.0,0.67,23,0,10 minutes,[deleted],42,True,1,False,image
15minutefood,148by8a,Buttella on toast,171,https://reddit.com/r/15minutefood/comments/148by8a/buttella_on_toast/,https://i.redd.it/iz8wdihggr5b1.jpg,"Healthy stoner snacks:

1 banana 
1 tsp cocoa powder
1 tsp peanut butter powder (or peanut butter)
1 tsp sugar (optional)
1 slice toast

Mash em up and spread on toast! You can vary the quantities to suit your preferences!

I call it buttella because that’s what it looks like 😄",1686651364.0,0.85,171,0,5 minutes,FowlOnTheHill,39,True,1,False,image
15minutefood,147723d,Masala Pav - dinner buns topped with spiced veggie mixture,174,https://reddit.com/r/15minutefood/comments/147723d/masala_pav_dinner_buns_topped_with_spiced_veggie/,https://i.redd.it/y4mqp4rfqg5b1.jpg,Check out the full recipe in comments,1686521543.0,0.98,174,0,15 minutes,Ruchira_Recipes,23,True,1,False,image
15minutefood,14667sj,"The Best Tahini Sauce for Everything [vegan, gf]",114,https://reddit.com/r/15minutefood/comments/14667sj/the_best_tahini_sauce_for_everything_vegan_gf/,https://i.redd.it/qpam192k885b1.jpg,,1686418718.0,0.96,114,0,5 minutes,gimmeconfetti,23,True,1,False,image
15minutefood,140vtyv,Quick and easy breakfast ideas?,63,https://reddit.com/r/15minutefood/comments/140vtyv/quick_and_easy_breakfast_ideas/,https://www.reddit.com/r/15minutefood/comments/140vtyv/quick_and_easy_breakfast_ideas/,"     Not sure if this is the right place to ask but My bf and I have been going out for several months now. We’re making a long distance relationship work until he can come back home in a few months but he gets leave every few weeks and something I’ve come to learn and love is that he LOVES breakfast. He will not miss breakfast for anything! I think it’s awesome and I love to see him get excited about starting the day! 

     The issue is, before him, I’d been single for ~2 years and I’m horrible about getting up in the morning. I forget meals in general but tend to skip breakfast because I don’t know what to make or I don’t have the time or energy. I just have some coffee and work until lunch. This is something I’ve been wanting to change and not had the motivation or really reason to do so but he’ll be home for good soon and I’d like to get a jump on getting this new routine down so I have some time for trial and error. 

     I want to be able to at least help him get breakfast ready in the mornings if not then be self sufficient. No joke I have not made or had a timely breakfast unless it’s a bowl of cereal on the weekend in close to 3 years at this point. I’d like some ideas for a quick but fresh breakfast. I’m starting to work on getting up earlier but I’m pretty new to cooking altogether and my mind goes blank in the morning. 

     Does anyone have any tasty and simple recipes I can try? He’s an amazing man and treats me like a goddess, Ill never be able to express to him how he makes me feel and how much I adore him. I would like to at least try to give him this in the mornings but I really don’t know where to start. Any suggestions on breakfast revenues that aren’t cereal would be greatly appreciated!",1685924271.0,0.95,63,0,Question,WanderingOakTree523,59,False,0,False,text
15minutefood,13yeg7m,Whole wheat pasta with white sauce and veggies,55,https://reddit.com/r/15minutefood/comments/13yeg7m/whole_wheat_pasta_with_white_sauce_and_veggies/,https://i.redd.it/h55khnih8m3b1.jpg,"What are the Ingredients for making whole wheat white sauce pasta?
- List of ingredients 
1 1/2 cups whole wheat pasta
1 tsp salt
Mozzarella cheese 
Vegetables 
garlic
milk
olive oil 
chili flakes 
pepper

How to cook whole wheat pasta?
- In a pan boil 4 cup water along with 1tsp olive oil and 1 tsp salt. Add 1 1/2 cup whole wheat pasta and cook properly

How to saute vegetables for pasta?
- Heat a pan add 2 tbsp olive oil and saute vegetables of your choice - broccoli, green red and yellow bellpepper, nushrooms etc and set aside

How to make white sauce for pasta?
- Again heat 2 tbsp olive oil and saute chopped garlic. Then add wheat flour and add 2 cups milk. 

Once the sauce is cook add cooked whole wheat penne pasta and the sauteed veggies.
Top with chili flakes, salt & pepper and serve this whole wheat white sauce penne pasta",1685716451.0,0.89,55,0,15 minutes,Ruchira_Recipes,13,True,1,False,image
15minutefood,13wnjrr,Low Calorie healthy snacks - fox nuts / Makhana,58,https://reddit.com/r/15minutefood/comments/13wnjrr/low_calorie_healthy_snacks_fox_nuts_makhana/,https://i.redd.it/ienpydmrv73b1.png,Check out the comments for full recipe,1685542677.0,0.89,58,0,15 minutes,Ruchira_Recipes,16,True,1,False,image
15minutefood,13unzs8,sliced zucchini and sliced yellow crook neck squash,9,https://reddit.com/r/15minutefood/comments/13unzs8/sliced_zucchini_and_sliced_yellow_crook_neck/,https://www.reddit.com/r/15minutefood/comments/13unzs8/sliced_zucchini_and_sliced_yellow_crook_neck/,slice and fry in butter,1685345396.0,0.64,9,0,Vegan,lizardxqueen,5,False,0,False,text
