subreddit,post_id,post_title,post_score,post_url,post_content_url,post_text,timestamp,post_upvote_ratio,post_ups,post_total_awards_received,post_link_flair_text,post_author,post_num_comments,has_images,num_images,is_gallery,content_type
explainlikeimfive,1n5svtv,ELI5: Monthly Current Events Megathread,6,https://reddit.com/r/explainlikeimfive/comments/1n5svtv/eli5_monthly_current_events_megathread/,https://www.reddit.com/r/explainlikeimfive/comments/1n5svtv/eli5_monthly_current_events_megathread/,"Hi Everyone,

This is your monthly megathread for current/ongoing events. We recognize there is a lot of interest in objective explanations to ongoing events so we have created this space to allow those types of questions.

Please ask your question as top level comments (replies to the post) for others to reply to. The rules are still in effect, so no politics, no soapboxing, no medical advice, etc. We will ban users who use this space to make political, bigoted, or otherwise inflammatory points rather than objective topics/explanations.",1756743037.0,0.6,6,0,Other,AutoModerator,46,False,0,False,text
explainlikeimfive,1npfaod,"ELI5: What is the economics of car colors?  For example, I see a lot of white cars, but I don’t know a many people who WANT a white car. Then why do they make so many? Is it cheaper?",504,https://reddit.com/r/explainlikeimfive/comments/1npfaod/eli5_what_is_the_economics_of_car_colors_for/,https://www.reddit.com/r/explainlikeimfive/comments/1npfaod/eli5_what_is_the_economics_of_car_colors_for/,,1758727910.0,0.87,504,0,Economics,Mapuches_on_Fire,376,False,0,False,text
explainlikeimfive,1npa5g1,"ELI5: Why do we tend to think/talk about ""deeper"" subjects when we are high?",459,https://reddit.com/r/explainlikeimfive/comments/1npa5g1/eli5_why_do_we_tend_to_thinktalk_about_deeper/,https://www.reddit.com/r/explainlikeimfive/comments/1npa5g1/eli5_why_do_we_tend_to_thinktalk_about_deeper/,"Hi! When you smoke and get high for example you tend to think and talk about ""deeper"" subjects. This happens even more with other substances or situations. Great artists/scholars/writers developed their greatest ideas under the influence of said substances.

Why is that? What's the link between the two things?",1758715073.0,0.74,459,0,Chemistry,Successful_Guide5845,257,False,0,False,text
explainlikeimfive,1npb3wb,ELI5: Why is peanut allergy so severe and widespread as compared to lets say carrot allergy?,154,https://reddit.com/r/explainlikeimfive/comments/1npb3wb/eli5_why_is_peanut_allergy_so_severe_and/,https://www.reddit.com/r/explainlikeimfive/comments/1npb3wb/eli5_why_is_peanut_allergy_so_severe_and/,Same for celiac disease. Why there is no celiac disease for carrots?,1758717773.0,0.87,154,0,Biology,Kotja,91,False,0,False,text
explainlikeimfive,1nozvv3,ELI5 What corrupts X chromosomes to cause fragile X?,265,https://reddit.com/r/explainlikeimfive/comments/1nozvv3/eli5_what_corrupts_x_chromosomes_to_cause_fragile/,https://www.reddit.com/r/explainlikeimfive/comments/1nozvv3/eli5_what_corrupts_x_chromosomes_to_cause_fragile/,"A friend of mine got her genetic paneling run while she was pregnant and got diagnosed with “gray zone fragile x”.  Apparently it has something to do with corrupted X chromosomes? Her doctor acknowledged it’s why autism is more prevalent in boys; she asserted autism is caused by corruptions on the X chromosomes, and XYs don’t have a backup. 



Is my rudimentary understanding correct? If so, why are we still talking about paracetamol and vaccines?  


What corrupts X chromosomes?

",1758678772.0,0.86,265,0,Biology,randijeanw,24,False,0,False,text
explainlikeimfive,1npj5x6,ELI5 How do psychedelics work?,11,https://reddit.com/r/explainlikeimfive/comments/1npj5x6/eli5_how_do_psychedelics_work/,https://www.reddit.com/r/explainlikeimfive/comments/1npj5x6/eli5_how_do_psychedelics_work/,Why is it that when I use shrooms or LSD I can see/hear/feel things differently than sober? What’s the mechanism of action and are there non-drug alternatives to achieve a similar result? ,1758736686.0,0.65,11,0,Biology,Space_tool,10,False,0,False,text
explainlikeimfive,1npksxf,Eli5 why do people sometimes hear things when they’re tired?,10,https://reddit.com/r/explainlikeimfive/comments/1npksxf/eli5_why_do_people_sometimes_hear_things_when/,https://www.reddit.com/r/explainlikeimfive/comments/1npksxf/eli5_why_do_people_sometimes_hear_things_when/,,1758740390.0,0.7,10,0,Other,Suspicious_Tell3963,1,False,0,False,text
explainlikeimfive,1npgf1p,ELI5: how is rice/pasta made to be shelf stable?,13,https://reddit.com/r/explainlikeimfive/comments/1npgf1p/eli5_how_is_ricepasta_made_to_be_shelf_stable/,https://www.reddit.com/r/explainlikeimfive/comments/1npgf1p/eli5_how_is_ricepasta_made_to_be_shelf_stable/,"They say cereus bacteria spores lives even through harsh environments such as boiling, so how is fully cooked ready to eat rice and pasta made to be shelf stable and safe?
",1758730418.0,0.65,13,0,Biology,marcy_vampirequeen,19,False,0,False,text
explainlikeimfive,1nojxgc,"ELI5 How does lime juice ""cook"" the shrimps in ceviche?",896,https://reddit.com/r/explainlikeimfive/comments/1nojxgc/eli5_how_does_lime_juice_cook_the_shrimps_in/,https://www.reddit.com/r/explainlikeimfive/comments/1nojxgc/eli5_how_does_lime_juice_cook_the_shrimps_in/,,1758640069.0,0.9,896,0,Chemistry,Similar-Plenty-6429,238,False,0,False,text
explainlikeimfive,1novdim,ELI5 How does oxygen loss at birth cause brain damage and cognitive issues?,118,https://reddit.com/r/explainlikeimfive/comments/1novdim/eli5_how_does_oxygen_loss_at_birth_cause_brain/,https://www.reddit.com/r/explainlikeimfive/comments/1novdim/eli5_how_does_oxygen_loss_at_birth_cause_brain/,"I'm sure you've come across the recent popular video where a male nurse carefully operates on a newborn baby who is not breathing and visibly turning blue. It takes him more than 2 minutes to help baby start breathing, during this period the baby's brain receives no oxygen. As far as I know when brain receives no oxygen it can cause permanent damages, leaving the person with limited cognitive skills. How are the two concepts related?",1758666303.0,0.73,118,0,Biology,L0J1MA,33,False,0,False,text
explainlikeimfive,1nplu6o,ELI5 whether people need to be concerned about data brokers,2,https://reddit.com/r/explainlikeimfive/comments/1nplu6o/eli5_whether_people_need_to_be_concerned_about/,https://www.reddit.com/r/explainlikeimfive/comments/1nplu6o/eli5_whether_people_need_to_be_concerned_about/,,1758742771.0,0.63,2,0,Technology,Leads_1,3,False,0,False,text
explainlikeimfive,1nombys,"ELI5, why is it that mobile games ""run out"" of ads?",142,https://reddit.com/r/explainlikeimfive/comments/1nombys/eli5_why_is_it_that_mobile_games_run_out_of_ads/,https://www.reddit.com/r/explainlikeimfive/comments/1nombys/eli5_why_is_it_that_mobile_games_run_out_of_ads/,"Like, the game will show you the same 3-5 optional ads over and over with absolutely no issue when you're trying to get something, but all of a sudden with full connection there'll be no more ads ""available,"" and when they are available it's one of those ads that you've been watching over and over anyway! It can't just be artificial scarcity, right? ",1758645461.0,0.8,142,0,Technology,Booklover4211,34,False,0,False,text
explainlikeimfive,1no694x,"ELI5, Why do newborn babies cry after being born?",1092,https://reddit.com/r/explainlikeimfive/comments/1no694x/eli5_why_do_newborn_babies_cry_after_being_born/,https://www.reddit.com/r/explainlikeimfive/comments/1no694x/eli5_why_do_newborn_babies_cry_after_being_born/,,1758596071.0,0.86,1092,0,Biology,booty-pal,327,False,0,False,text
explainlikeimfive,1noej7d,ELI5: How do streaming services make a profit on a movie?,230,https://reddit.com/r/explainlikeimfive/comments/1noej7d/eli5_how_do_streaming_services_make_a_profit_on_a/,https://www.reddit.com/r/explainlikeimfive/comments/1noej7d/eli5_how_do_streaming_services_make_a_profit_on_a/,"I read somewhere that Netflix bought K-pop Demon Hunters from Sony for like $100 million. Since Netflix doesn't charge people just for the movie, how do they analyse the ROI of this, and similar, purchases? 

Do they ""make money"" when they get new customers to sign up following a big release like this? Or is it all a meta analysis at the end of the year that takes into account customer subscriptions minus purchases like this? Seems like it'd be difficult to get a specific ROI number",1758626054.0,0.85,230,0,Other,Level-Event2188,43,False,0,False,text
explainlikeimfive,1no4q4k,ELI5: What do hallucinogens do to the brain that causes it to hallucinate? What causes fractals and auditory discrepancies?,913,https://reddit.com/r/explainlikeimfive/comments/1no4q4k/eli5_what_do_hallucinogens_do_to_the_brain_that/,https://www.reddit.com/r/explainlikeimfive/comments/1no4q4k/eli5_what_do_hallucinogens_do_to_the_brain_that/,,1758591566.0,0.92,913,0,Biology,occasionallyvertical,219,False,0,False,text
explainlikeimfive,1no95iw,ELI5: How can we transfer program that require to be fully error-free over a network without any noise just tripping things up?,370,https://reddit.com/r/explainlikeimfive/comments/1no95iw/eli5_how_can_we_transfer_program_that_require_to/,https://www.reddit.com/r/explainlikeimfive/comments/1no95iw/eli5_how_can_we_transfer_program_that_require_to/,"Take a simple Python program for instance. Switch out a single letter in a keyword and all hell goes loose. Binary program? That changed bit could completely change the instructions or data supplied to the computer and make the program go haywire



Now from what I know, there are internet protocols that only check if the transferred packet has an error, usually a 16 bit checksum


But out of the billions of packets sent daily on TCP, how is it that the checksum itself doesn't arrive corrupted but still match the rest of the packet even once? Just that happening once could absolutely derail a program that has been downloaded right? 


And even if it's transferred via tcp properly, some noise due to poor quality wiring in the physical cabling could flip bits here and there, still causing the checksum to be corrupted and match up by chance, introducing another avenue by which a file can get corrupted 



So how do files end up getting sent properly all the time? Even though it should be statistically possible to happen to someone somewhere in the world atleast once a day, you never hear of it happening right? ",1758605573.0,0.83,370,0,Technology,hurricane_news,97,False,0,False,text
explainlikeimfive,1nphiup,"ELI5, dermatomes vs cutaneous nerve distribution.",0,https://reddit.com/r/explainlikeimfive/comments/1nphiup/eli5_dermatomes_vs_cutaneous_nerve_distribution/,https://www.reddit.com/r/explainlikeimfive/comments/1nphiup/eli5_dermatomes_vs_cutaneous_nerve_distribution/,"Dermatome: the area served by a specific spinal nerve.
Cutaneous nerve distribution: area of skin which is supplied by a specific cutaneous nerve.

How are they two different things? Are not all areas of skin supplied by a cutaneous nerve, and there are specific areas that are supplied by a spinal nerve?",1758732928.0,0.25,0,0,Biology,Rsf4v,1,False,0,False,text
explainlikeimfive,1nok4pn,ELI5: How do different animals stay safe during heavy rainstorms/windstorms?,54,https://reddit.com/r/explainlikeimfive/comments/1nok4pn/eli5_how_do_different_animals_stay_safe_during/,https://www.reddit.com/r/explainlikeimfive/comments/1nok4pn/eli5_how_do_different_animals_stay_safe_during/,"Any animals, especially ones in an urban setting where shelter may not be easy to come by.",1758640517.0,0.79,54,0,Biology,TraditionalParsley67,11,False,0,False,text
explainlikeimfive,1noam7d,ELI5: why are those yellow barrels on highway exits filled with water?,184,https://reddit.com/r/explainlikeimfive/comments/1noam7d/eli5_why_are_those_yellow_barrels_on_highway/,https://www.reddit.com/r/explainlikeimfive/comments/1noam7d/eli5_why_are_those_yellow_barrels_on_highway/,"why are those yellow barrels on highway exits
filled with water?",1758611004.0,0.69,184,0,Engineering,lunaxdiaz,121,False,0,False,text
explainlikeimfive,1nowj1i,ELI5 Why is there good pain and bad pain?,9,https://reddit.com/r/explainlikeimfive/comments/1nowj1i/eli5_why_is_there_good_pain_and_bad_pain/,https://www.reddit.com/r/explainlikeimfive/comments/1nowj1i/eli5_why_is_there_good_pain_and_bad_pain/,"Like how working out, stretching, scratching a bad itch, removing a splinter they all HURT but they hurt good?

But stubbing your toe, accidental scratch from someone else, and injuries from sports hurt bad 
",1758669320.0,0.6,9,0,Biology,alilhelpplzz,13,False,0,False,text
explainlikeimfive,1npaum1,ELI5: Cat allergy that appeared last years,0,https://reddit.com/r/explainlikeimfive/comments/1npaum1/eli5_cat_allergy_that_appeared_last_years/,https://www.reddit.com/r/explainlikeimfive/comments/1npaum1/eli5_cat_allergy_that_appeared_last_years/,"I have an allergy since when I was born. Around 7 years ago I wasa tested for specific allergens to know, which will trigger allergy and which one won't. Among these allergies there wasn't a cat allergy. I have 2 cats at home and I really love them. Their presence help me to cope with stress at study. Even videogames didn't provide such relaxation and mental support. And last year I was tested for allergens again. And boom! I have a veeeery strong cat allergy. So my brain understands what a cat is. Cat = good. Cat= mental health. But it developed a cat allergy anyway, like, ""Bro I know we like cats but... uh... I mean... stay nervous I guess"", so now contacting with a cat triggers not only allergy but also weakens immune system making me more vulnerable to viruses.  
I get even more confused because of another fact. The worst allergen I have is birch tree. So my doctor told me to do Allergen-specific immunotherapy with Staloral Birch. The idea of it (if i remember correctly) to give my organism a tiny dose of birch allergen every day so it could get used to it. So in order to get rid of birch allergy I have to take a dose of birch allergen every day. BUT. In order to develop cat allergy I had to contact with a cat everyday, thus taking a dose of cat allergen. How does it even work?",1758717060.0,0.42,0,0,Biology,Terrible-Prompt3493,4,False,0,False,text
explainlikeimfive,1nny3vn,ELI5: How did we figure out plants take in CO2 and push out Oxygen? It's not like we've ever seen trees puffing air,605,https://reddit.com/r/explainlikeimfive/comments/1nny3vn/eli5_how_did_we_figure_out_plants_take_in_co2_and/,https://www.reddit.com/r/explainlikeimfive/comments/1nny3vn/eli5_how_did_we_figure_out_plants_take_in_co2_and/,,1758573988.0,0.87,605,0,Biology,SantaCruznonsurfer,53,False,0,False,text
explainlikeimfive,1nplk9u,ELI5 Why do dog like stinky smell and human don’t?,0,https://reddit.com/r/explainlikeimfive/comments/1nplk9u/eli5_why_do_dog_like_stinky_smell_and_human_dont/,https://www.reddit.com/r/explainlikeimfive/comments/1nplk9u/eli5_why_do_dog_like_stinky_smell_and_human_dont/,,1758742129.0,0.24,0,0,Biology,Aley98,5,False,0,False,text
explainlikeimfive,1npehfk,"ELI5: What even is a Roth IRA, how does it work, is it worth setting one up? (And how do you set one up?)",0,https://reddit.com/r/explainlikeimfive/comments/1npehfk/eli5_what_even_is_a_roth_ira_how_does_it_work_is/,https://www.reddit.com/r/explainlikeimfive/comments/1npehfk/eli5_what_even_is_a_roth_ira_how_does_it_work_is/,"I’m aware I could do some research on my own, and I will, but I just wanted to hear it from people who may be experienced with them first, in a more simple way. I’m so confused by investing and money in general. ",1758726095.0,0.33,0,0,Economics,_professional_loner_,20,False,0,False,text
explainlikeimfive,1nnob1q,ELI5: How did the US national emergency telephone number ultimately end up being 911?,1346,https://reddit.com/r/explainlikeimfive/comments/1nnob1q/eli5_how_did_the_us_national_emergency_telephone/,https://www.reddit.com/r/explainlikeimfive/comments/1nnob1q/eli5_how_did_the_us_national_emergency_telephone/,,1758552025.0,0.92,1346,0,Other,NotTheBee1,448,False,0,False,text
explainlikeimfive,1nntq8m,"ELI5: Why do we have to sleep? If our body is just lying there, why can't we use that time to do things?",703,https://reddit.com/r/explainlikeimfive/comments/1nntq8m/eli5_why_do_we_have_to_sleep_if_our_body_is_just/,https://www.reddit.com/r/explainlikeimfive/comments/1nntq8m/eli5_why_do_we_have_to_sleep_if_our_body_is_just/,"My five-year-old nephew asked me this yesterday and I realized I didn't have a great answer for him! He said, ""Sleeping is boring. Why can't I just watch cartoons all night if I'm just lying in bed anyway?""

I tried to explain that our bodies need rest, but he said his body is resting when he sits on the couch watching TV. He's not wrong! So what's really happening when we sleep that's so important?

Please explain it like I would to a curious five-year-old. What's the simple version of why sleep isn't just ""boring time"" but actually important work our body and brain are doing?",1758564102.0,0.84,703,0,Other,heart714,196,False,0,False,text
explainlikeimfive,1npifdu,ELI5: why are some watches so incredibly expensive?,0,https://reddit.com/r/explainlikeimfive/comments/1npifdu/eli5_why_are_some_watches_so_incredibly_expensive/,https://www.reddit.com/r/explainlikeimfive/comments/1npifdu/eli5_why_are_some_watches_so_incredibly_expensive/,"Richard Mille, Patek Phillipe, Rolex and so on. What makes them worth so much?",1758734976.0,0.42,0,0,Economics,Theodoresdad,89,False,0,False,text
explainlikeimfive,1nok6ic,"ELI5-What is the difference between osteopathy, chiropractic treatment, physiotherapy, massage therapy and occupational therapy",4,https://reddit.com/r/explainlikeimfive/comments/1nok6ic/eli5what_is_the_difference_between_osteopathy/,https://www.reddit.com/r/explainlikeimfive/comments/1nok6ic/eli5what_is_the_difference_between_osteopathy/,"Basically what the title says. For some of these, whenever I read the description, they just have a bunch of vague terms like “wholistic” treatment but I can’t seen to figure out the difference.",1758640629.0,0.53,4,0,Other,NikkyTiky,22,False,0,False,text
explainlikeimfive,1nnyo2d,ELI5 - Why is blue ink supposed to be easier to forge?,191,https://reddit.com/r/explainlikeimfive/comments/1nnyo2d/eli5_why_is_blue_ink_supposed_to_be_easier_to/,https://www.reddit.com/r/explainlikeimfive/comments/1nnyo2d/eli5_why_is_blue_ink_supposed_to_be_easier_to/,"I’ve seen a few posts/articles etc over the over the years about celebrities refusing to sign autographs with blue ink. I often read that this is because signatures written in blue ink are allegedly easier to forge, but I can never find a clear explanation as to WHY it’s supposed to be easier to forge. I’ve seen some snippets about photocopying and contrast but it just makes no sense to me. 

I have gathered that is it potentially a myth but also that it may have been the case many years ago but is now outdated. I have no concrete answers",1758575311.0,0.85,191,0,Other,lizzie55555,46,False,0,False,text
explainlikeimfive,1np6kiz,ELI5:  In football how does the OC communicate with the sideline / position coaches?,0,https://reddit.com/r/explainlikeimfive/comments/1np6kiz/eli5_in_football_how_does_the_oc_communicate_with/,https://www.reddit.com/r/explainlikeimfive/comments/1np6kiz/eli5_in_football_how_does_the_oc_communicate_with/,"Watching the NFL, the OC largely sits in the box and calls plays from there.  
I assume position coaches make sure the right players sub in / out.  
I've always wondered how postion coaches learn about personnel grouping / play.    
  
Are they on the same ""radio"" as the QB?    
  
Bottom line how does the OC communciate with his position coaches during a game, to make sure the right players on the field?",1758701793.0,0.41,0,0,Other,jcc1978,3,False,0,False,text
explainlikeimfive,1npd0uq,ELI5: Why does cockroach repellant/pest control smell like popcorn?,0,https://reddit.com/r/explainlikeimfive/comments/1npd0uq/eli5_why_does_cockroach_repellantpest_control/,https://www.reddit.com/r/explainlikeimfive/comments/1npd0uq/eli5_why_does_cockroach_repellantpest_control/,,1758722641.0,0.32,0,0,Chemistry,CaliforniaSpeedKing,17,False,0,False,text
explainlikeimfive,1np8jff,ELI5: how come plants can grow uphill if water goes downhill?,0,https://reddit.com/r/explainlikeimfive/comments/1np8jff/eli5_how_come_plants_can_grow_uphill_if_water/,https://www.reddit.com/r/explainlikeimfive/comments/1np8jff/eli5_how_come_plants_can_grow_uphill_if_water/,,1758709643.0,0.25,0,0,Biology,achromaticchrononomy,14,False,0,False,text
explainlikeimfive,1nom8rr,ELI5 the difference between mephedrone and meth,3,https://reddit.com/r/explainlikeimfive/comments/1nom8rr/eli5_the_difference_between_mephedrone_and_meth/,https://www.reddit.com/r/explainlikeimfive/comments/1nom8rr/eli5_the_difference_between_mephedrone_and_meth/,"Hello

i was wondering what differentiates mephedrone (3/4mmc) from meth mechanism-wise, behaviour-wise of the compound and their nature.  
  
i understood the following by reading:  
1) cathinones has beta-keto group= mephedrones?  
sub-amphs hasn't beta-ketogroup= e.g. meth?

2) amph= is amph;  
meth= sub-amph is (core amph w/ diff atoms or added groups) - keto group;  
mephedrone= sub-cath is sub-amph + keto group.

3) ""cathinones are amphetamines, but not all amphetamines are cathinones"".

4) ""amphs is like saying fruit and caths is like saying oranges.""  
(what is meth then? bananas or citrus)

could someone **correct/add/explain** how it really works in a nutshell please? :)

my friends say ""meph is basically meth"", i dont know to agree because i dont know for facts. Just eager to learn.

extra question: if meth & caths arent the same. then what is methcathinone?

Thanks for reading!



",1758645264.0,0.57,3,0,Chemistry,stoofvlees666,5,False,0,False,text
explainlikeimfive,1nou135,ELI5: what are cap tables and how do they relate to when Meta bought Scale?,0,https://reddit.com/r/explainlikeimfive/comments/1nou135/eli5_what_are_cap_tables_and_how_do_they_relate/,https://www.reddit.com/r/explainlikeimfive/comments/1nou135/eli5_what_are_cap_tables_and_how_do_they_relate/,,1758663003.0,0.43,0,0,Technology,Nearby-Ant-6411,1,False,0,False,text
explainlikeimfive,1np8t3d,ELI5: Is 150mbps faster than 65 mb/s?,0,https://reddit.com/r/explainlikeimfive/comments/1np8t3d/eli5_is_150mbps_faster_than_65_mbs/,https://www.reddit.com/r/explainlikeimfive/comments/1np8t3d/eli5_is_150mbps_faster_than_65_mbs/,Trying to switch broadband providers as we're currently paying way too much lol and I cant seem to wrap my head around the different speeds and broadband options. Our current speed is 65mb/s and I'm looking to switch to some cheaper deals I found online which offer 150mbps. Is this faster or slower than 65mb/s (I ask because it seems the units are different). And in general is 150mbps good enough/fast enough?,1758710627.0,0.28,0,0,Technology,sunnysu97,41,False,0,False,text
explainlikeimfive,1np4oer,Eli5: natural selection with humans,0,https://reddit.com/r/explainlikeimfive/comments/1np4oer/eli5_natural_selection_with_humans/,https://www.reddit.com/r/explainlikeimfive/comments/1np4oer/eli5_natural_selection_with_humans/,"Edit: (I know it is not ethical ofc but if we do it without the ethics) 

If we let humans with, for example, heart diseases die without treatment, and also with other diseases, will we get a new human kind in the future that develops immunity to these diseases?

I am speaking as in nature, where the weak animals die and the strong ones survive, and there are many examples, as you already know.

Examples like peppered moths evolving camouflage against polluted trees, giraffes developing longer necks to reach food, Darwin's finches with specialized beaks for different foods, and antibiotic-resistant bacteria thriving in the presence of antibiotics.",1758694270.0,0.36,0,0,Biology,ConsciousCandidate97,16,False,0,False,text
explainlikeimfive,1noaxz4,ELI5: Can someone explain how a pituitary disorder can affect smell?,11,https://reddit.com/r/explainlikeimfive/comments/1noaxz4/eli5_can_someone_explain_how_a_pituitary_disorder/,https://www.reddit.com/r/explainlikeimfive/comments/1noaxz4/eli5_can_someone_explain_how_a_pituitary_disorder/,I have Kallmann Syndrome and have never really had the opportunity to fully understand how a seemingly unrelated aspect of my brain can impact my sense of smell. Any specific explanations from people who understandwhat the connection is would be much appreciated.,1758612294.0,0.65,11,0,Biology,tkdcondor,13,False,0,False,text
explainlikeimfive,1np2agx,"ELI5 what is the difference between PC resolution and HD, UHD, SD in nvidia?",0,https://reddit.com/r/explainlikeimfive/comments/1np2agx/eli5_what_is_the_difference_between_pc_resolution/,https://www.reddit.com/r/explainlikeimfive/comments/1np2agx/eli5_what_is_the_difference_between_pc_resolution/,"as title says, what is the difference between PC and HD, UHD, SD in nvidia resolution, and does using one (both 1080) vs the other affect quality?",1758685974.0,0.35,0,0,Technology,kwitties,10,False,0,False,text
explainlikeimfive,1np3c2h,ELI5- Why does bread expire so fast?,0,https://reddit.com/r/explainlikeimfive/comments/1np3c2h/eli5_why_does_bread_expire_so_fast/,https://www.reddit.com/r/explainlikeimfive/comments/1np3c2h/eli5_why_does_bread_expire_so_fast/,,1758689517.0,0.35,0,0,Chemistry,Suspicious-Net8396,18,False,0,False,text
explainlikeimfive,1nn799d,"ELI5: How come the first 3 dimensions are just shapes, but then the 4th is suddenly time?",2516,https://reddit.com/r/explainlikeimfive/comments/1nn799d/eli5_how_come_the_first_3_dimensions_are_just/,https://www.reddit.com/r/explainlikeimfive/comments/1nn799d/eli5_how_come_the_first_3_dimensions_are_just/,,1758498085.0,0.88,2516,0,Physics,nematjon_isthe1,820,False,0,False,text
explainlikeimfive,1nnvgb5,ELI5: How do multiple pieces of media get to use copyrighted material while others don't,62,https://reddit.com/r/explainlikeimfive/comments/1nnvgb5/eli5_how_do_multiple_pieces_of_media_get_to_use/,https://www.reddit.com/r/explainlikeimfive/comments/1nnvgb5/eli5_how_do_multiple_pieces_of_media_get_to_use/,"Mainly shows and movie. Basically pop-culture references. Unless I'm misunderstanding and merely name-dropping other IPs isn't enough to face copyright (even then, some of these medias directly show other characters from media, Family Guy for example has *tons* of cutaway gags with *tons* of copyrighted characters they do not own)",1758567908.0,0.71,62,0,Other,NotTheCatMask,51,False,0,False,text
explainlikeimfive,1notjwk,ELI5: What does “countertransference” mean in the context of psychology/ counseling?,0,https://reddit.com/r/explainlikeimfive/comments/1notjwk/eli5_what_does_countertransference_mean_in_the/,https://www.reddit.com/r/explainlikeimfive/comments/1notjwk/eli5_what_does_countertransference_mean_in_the/,I have read the definition over several times but somehow it does not compute when I read the word in context. What does countertransference mean and what does it look or feel like in a therapy/psychology/counseling setting?,1758661871.0,0.47,0,0,Chemistry,princesvsprisons,5,False,0,False,text
explainlikeimfive,1npaegq,ELI5: why hasn't anyone created a universal language that is the best language that has all the benefits,0,https://reddit.com/r/explainlikeimfive/comments/1npaegq/eli5_why_hasnt_anyone_created_a_universal/,https://www.reddit.com/r/explainlikeimfive/comments/1npaegq/eli5_why_hasnt_anyone_created_a_universal/,"I've seen some post about this but no one has addressed the fact that this language will be the best language. It will be super easy to learn, all letter will sound the same based on what is typed and it be very efficient. Also if you have the argument that it would erase culture than why not teach it in schools so people will grow up learning it. ",1758715784.0,0.21,0,0,Other,North-Advance-9045,60,False,0,False,text
explainlikeimfive,1nn89sz,ELI5: How do animals that eat their prey whole avoid getting sick from ingesting feces?,1700,https://reddit.com/r/explainlikeimfive/comments/1nn89sz/eli5_how_do_animals_that_eat_their_prey_whole/,https://www.reddit.com/r/explainlikeimfive/comments/1nn89sz/eli5_how_do_animals_that_eat_their_prey_whole/,"I get that some animals are coprophages, but wouldn't that catch up to a predator eventually?",1758500954.0,0.93,1700,0,Biology,MattwiththeST,286,False,0,False,text
explainlikeimfive,1nnq5g1,ELI5 Why don't black holes reverse entropy in the universe?,102,https://reddit.com/r/explainlikeimfive/comments/1nnq5g1/eli5_why_dont_black_holes_reverse_entropy_in_the/,https://www.reddit.com/r/explainlikeimfive/comments/1nnq5g1/eli5_why_dont_black_holes_reverse_entropy_in_the/,"
As black holes absorb matter, the matter becomes lost in the event horizon. Total disorder decreases, as there is less space these matters can be present in and they cannot enter a state higher than their fundamental's as the black hole's gravity prevents that.

I know black holes emits hawking radiation, but it's a slow process -- by the time one particle escapes many more are swallowed. Shouldn't we be moving towards reversed entropy for these swallowed matter will have lower possible arrangements and states?",1758556146.0,0.79,102,0,Physics,Jakeyloransen,29,False,0,False,text
explainlikeimfive,1nndrta,ELI5: How is shipping from across the world so cheap?,687,https://reddit.com/r/explainlikeimfive/comments/1nndrta/eli5_how_is_shipping_from_across_the_world_so/,https://www.reddit.com/r/explainlikeimfive/comments/1nndrta/eli5_how_is_shipping_from_across_the_world_so/,"I live in Brazil and I often buy stuff from Aliexpress, Temu etc. How is it even possible that stuff from China, across the globe, arrive in about 2 weeks or so for so cheap?

It's incredible how this is a possibility nowadays, and your order isn't even something special, it can be stuff like cups, phone cases or even stickers. And they don't charge you much, sometimes it's for free... It doesn't take that long either, given the distance it has to travel.  
  
I'm just really impressed that this is a thing, given that it takes so much fuel for planes or cargo ships.",1758517750.0,0.89,687,0,Other,epicnicity,102,False,0,False,text
explainlikeimfive,1noy0vs,ELI5: How are the time zones named and who named/names them?,0,https://reddit.com/r/explainlikeimfive/comments/1noy0vs/eli5_how_are_the_time_zones_named_and_who/,https://www.reddit.com/r/explainlikeimfive/comments/1noy0vs/eli5_how_are_the_time_zones_named_and_who/,"By ""how"", I mean - what conditions/factors goes into consideration to name it.
By who ""names"" it, I mean can there be a situation when the name of an existing time zone is to be changed or a new time zone is to be added, if yes then who would do the honors that time?",1758673423.0,0.44,0,0,Planetary Science,jainyash0007,9,False,0,False,text
explainlikeimfive,1nosk65,ELI5: First three rounds of PCR,0,https://reddit.com/r/explainlikeimfive/comments/1nosk65/eli5_first_three_rounds_of_pcr/,https://www.reddit.com/r/explainlikeimfive/comments/1nosk65/eli5_first_three_rounds_of_pcr/,"So my bio lab is having us draw the first three rounds of pcr, like the dna strand. i guess i kinda get that the first round the dna strand splits and it makes two new strands but i don’t understand the whole thing about how you have two original strands that just go on, and the diagrams on google just straight up skip to the third round and i have no idea whats happening with the strand that has no original dna. nothing adds up at all and im so confused",1758659565.0,0.22,0,0,Biology,eliteharvest15,1,False,0,False,text
explainlikeimfive,1nnmhhu,ELI5 what happens to a human body I a low gravity environment?,54,https://reddit.com/r/explainlikeimfive/comments/1nnmhhu/eli5_what_happens_to_a_human_body_i_a_low_gravity/,https://www.reddit.com/r/explainlikeimfive/comments/1nnmhhu/eli5_what_happens_to_a_human_body_i_a_low_gravity/,"Let’s say a bunch of people with varied lifestyles and diets all moved to a habitat on the moon or mars. And while there, they keep up the same lifestyle and diets. What would change about them?",1758547669.0,0.74,54,0,Biology,OverloadedSofa,16,False,0,False,text
explainlikeimfive,1notf3e,ELI5: How do you get utilization ratio on a credit card and keep it under a certain amount?,0,https://reddit.com/r/explainlikeimfive/comments/1notf3e/eli5_how_do_you_get_utilization_ratio_on_a_credit/,https://www.reddit.com/r/explainlikeimfive/comments/1notf3e/eli5_how_do_you_get_utilization_ratio_on_a_credit/,,1758661556.0,0.39,0,0,Economics,Careless_Quality9527,39,False,0,False,text
explainlikeimfive,1nnfsc4,ELI5 How does smart watches measure your stress levels,140,https://reddit.com/r/explainlikeimfive/comments/1nnfsc4/eli5_how_does_smart_watches_measure_your_stress/,https://www.reddit.com/r/explainlikeimfive/comments/1nnfsc4/eli5_how_does_smart_watches_measure_your_stress/,,1758525187.0,0.85,140,0,Engineering,stoic_menace,28,False,0,False,text
explainlikeimfive,1nnlr92,ELI5 what happens in our body when we cry? Why are we so tired afterwards?,44,https://reddit.com/r/explainlikeimfive/comments/1nnlr92/eli5_what_happens_in_our_body_when_we_cry_why_are/,https://www.reddit.com/r/explainlikeimfive/comments/1nnlr92/eli5_what_happens_in_our_body_when_we_cry_why_are/,"More than just having a tear or two, what happens when we’re full on sobbing ",1758545869.0,0.75,44,0,Biology,wonkax,4,False,0,False,text
explainlikeimfive,1nolmp8,ELI5 how does Exponention work in maths?,0,https://reddit.com/r/explainlikeimfive/comments/1nolmp8/eli5_how_does_exponention_work_in_maths/,https://www.reddit.com/r/explainlikeimfive/comments/1nolmp8/eli5_how_does_exponention_work_in_maths/,"I have dyscalculia and am trying to wrap my brain around exponention, but keep hitting walls of algebraic formula that hurt to look at. 

Can someone please use plain English to explain how exponention is calculated, and why it is useful? 

Thanks! ",1758643908.0,0.43,0,0,Mathematics,MethodNo3901,14,False,0,False,text
explainlikeimfive,1noldav,ELI5 What is an annuity??,0,https://reddit.com/r/explainlikeimfive/comments/1noldav/eli5_what_is_an_annuity/,https://www.reddit.com/r/explainlikeimfive/comments/1noldav/eli5_what_is_an_annuity/,I recently inherited some money and was looking for accounts with the highest apy and found an annuity with a 5 year term and a fixed guaranteed apy………should I do it??,1758643314.0,0.45,0,0,Other,HealthyTrade7522,28,False,0,False,text
explainlikeimfive,1nmqqqf,"ELI5: Calorie-dense foods can cause weight gain, but where does the weight actually come from?",830,https://reddit.com/r/explainlikeimfive/comments/1nmqqqf/eli5_caloriedense_foods_can_cause_weight_gain_but/,https://www.reddit.com/r/explainlikeimfive/comments/1nmqqqf/eli5_caloriedense_foods_can_cause_weight_gain_but/,"Let's say, as an extreme example, you live on a diet of 15 Mars bars a day. Roughly 4000 calories, which will cause most people to gain weight very rapidly.Mars bars are about 50g, so at most that’s 750g a day or 1.6lbs of food. The human body loses 2lbs+ each day just from functioning at a sedentary level, right (if you don’t count food)?So this food is very caloric, but very light in weight - but you can expect to get a lot heavier very quickly - where does the surplus bodyweight come from?

",1758457946.0,0.81,830,0,Biology,terminus_tommy,200,False,0,False,text
explainlikeimfive,1noba9e,ELI5 Stationary in space,0,https://reddit.com/r/explainlikeimfive/comments/1noba9e/eli5_stationary_in_space/,https://www.reddit.com/r/explainlikeimfive/comments/1noba9e/eli5_stationary_in_space/,"Can an object be truly stationary in space, and if space time is expanding where does the extra space time come from",1758613717.0,0.4,0,0,Planetary Science,AwkwardEntertainer41,32,False,0,False,text
explainlikeimfive,1nod7lc,"ELI5 if the U.S. is only a dozen generations old or so, how is there such a difference in speech/accents between the North and South?",0,https://reddit.com/r/explainlikeimfive/comments/1nod7lc/eli5_if_the_us_is_only_a_dozen_generations_old_or/,https://www.reddit.com/r/explainlikeimfive/comments/1nod7lc/eli5_if_the_us_is_only_a_dozen_generations_old_or/,"I get why for countries in other continents being that the cultures there are thousands of years in the making, but the US is basically a newbie.",1758621434.0,0.29,0,0,Other,ComprehensiveSun843,14,False,0,False,text
explainlikeimfive,1no7f1p,ELI5: ESOL and why does it matter if it works fine?,0,https://reddit.com/r/explainlikeimfive/comments/1no7f1p/eli5_esol_and_why_does_it_matter_if_it_works_fine/,https://www.reddit.com/r/explainlikeimfive/comments/1no7f1p/eli5_esol_and_why_does_it_matter_if_it_works_fine/,"Talking about Windows 10, ChromeOS, or any other software that stops receiving updates and support. What does ""support"" mean in this case?",1758599670.0,0.48,0,0,Technology,JiN88reddit,9,False,0,False,text
explainlikeimfive,1nn09df,ELI5 How does border security find out if the person that is presenting a valid passport had had their citizenship revoked by the issueing country?,172,https://reddit.com/r/explainlikeimfive/comments/1nn09df/eli5_how_does_border_security_find_out_if_the/,https://www.reddit.com/r/explainlikeimfive/comments/1nn09df/eli5_how_does_border_security_find_out_if_the/,Do countries share a global database where they alert each other about this issue? Is the Interpole usually involved in the checking process?,1758480823.0,0.82,172,0,Other,dkfkckssddedz,74,False,0,False,text
explainlikeimfive,1nn7jc5,"ELI5, Toddler Eyeglasses",53,https://reddit.com/r/explainlikeimfive/comments/1nn7jc5/eli5_toddler_eyeglasses/,https://www.reddit.com/r/explainlikeimfive/comments/1nn7jc5/eli5_toddler_eyeglasses/,I see them putting glasses on toddlers and younger….. how do they possibly know what prescription to use? ,1758498871.0,0.71,53,0,Biology,Vito-1974,56,False,0,False,text
explainlikeimfive,1nodnzx,"ELI5 - why do mirrors swap the left and right, but not the top and bottom?",0,https://reddit.com/r/explainlikeimfive/comments/1nodnzx/eli5_why_do_mirrors_swap_the_left_and_right_but/,https://www.reddit.com/r/explainlikeimfive/comments/1nodnzx/eli5_why_do_mirrors_swap_the_left_and_right_but/,,1758623068.0,0.38,0,0,Physics,sknnypup,18,False,0,False,text
explainlikeimfive,1nocqe2,Eli5 How the heck do I breath in air and breath out carbon dioxide,0,https://reddit.com/r/explainlikeimfive/comments/1nocqe2/eli5_how_the_heck_do_i_breath_in_air_and_breath/,https://www.reddit.com/r/explainlikeimfive/comments/1nocqe2/eli5_how_the_heck_do_i_breath_in_air_and_breath/,,1758619574.0,0.29,0,0,Biology,TraditionalEbb3942,7,False,0,False,text
explainlikeimfive,1nmtf52,ELI5: Can you explain how chess ratings are determined?,163,https://reddit.com/r/explainlikeimfive/comments/1nmtf52/eli5_can_you_explain_how_chess_ratings_are/,https://www.reddit.com/r/explainlikeimfive/comments/1nmtf52/eli5_can_you_explain_how_chess_ratings_are/,"For example, what’s the difference between a 1,000 rated player and a 2,000?",1758464904.0,0.83,163,0,Other,Toomad316,56,False,0,False,text
explainlikeimfive,1no9eyy,ELI5 Are these allergies?,0,https://reddit.com/r/explainlikeimfive/comments/1no9eyy/eli5_are_these_allergies/,https://www.reddit.com/r/explainlikeimfive/comments/1no9eyy/eli5_are_these_allergies/,"I hear people say they “have allergies”, but like… what exactly does that mean? What is happening to your body that causes allergies? ",1758606539.0,0.32,0,0,Biology,Unable-Knee7374,5,False,0,False,text
explainlikeimfive,1nmqlko,"ELI5: What does it mean when a military begins “mobilization,” and why can the process take so long?",158,https://reddit.com/r/explainlikeimfive/comments/1nmqlko/eli5_what_does_it_mean_when_a_military_begins/,https://www.reddit.com/r/explainlikeimfive/comments/1nmqlko/eli5_what_does_it_mean_when_a_military_begins/,"Was watching a WW1 documentary about America declaring war on Germany and then mobilizing its military, but that the process would take many months. Just didn’t really understand why.",1758457521.0,0.82,158,0,Economics,kerkie8,82,False,0,False,text
explainlikeimfive,1nn22mn,ELI5 Why there is such a drastic difference between dental/health insurance?,35,https://reddit.com/r/explainlikeimfive/comments/1nn22mn/eli5_why_there_is_such_a_drastic_difference/,https://www.reddit.com/r/explainlikeimfive/comments/1nn22mn/eli5_why_there_is_such_a_drastic_difference/,"Dental insurance is typically high copayments and low annual max amounts. It doesn't make sense when healthcare is generally more costly, in one visit, as well as in the long term. For example, my last trip to the dentist cost me more than the copays for 9mos of prenatal, a c section, and week in the NICU. ",1758484989.0,0.68,35,0,Other,calnel85,28,False,0,False,text
explainlikeimfive,1nma6vq,ELI5 why do some artists/bands put a big rug under their setup when performing on stage,1499,https://reddit.com/r/explainlikeimfive/comments/1nma6vq/eli5_why_do_some_artistsbands_put_a_big_rug_under/,https://www.reddit.com/r/explainlikeimfive/comments/1nma6vq/eli5_why_do_some_artistsbands_put_a_big_rug_under/,I assumed it was to do with bass rumble?,1758403906.0,0.91,1499,0,Other,stu_watts,274,False,0,False,text
explainlikeimfive,1no31ma,ELI5: What is the end of a pregnancy like?,0,https://reddit.com/r/explainlikeimfive/comments/1no31ma/eli5_what_is_the_end_of_a_pregnancy_like/,https://www.reddit.com/r/explainlikeimfive/comments/1no31ma/eli5_what_is_the_end_of_a_pregnancy_like/,"I am trying so, *so* hard to understand and I feel like I'm dumb for still not understanding despite reading through so many sites. I really need a simpler more straight forward explanation.

What is the end of pregnancy like? Like, when does labor start, what's it look like, how long, etc.",1758586754.0,0.3,0,0,Biology,SpookySquid19,12,False,0,False,text
explainlikeimfive,1nnuwsx,ELI5: What are Delta V and rocket inital impulse andhow to calculate those manually,0,https://reddit.com/r/explainlikeimfive/comments/1nnuwsx/eli5_what_are_delta_v_and_rocket_inital_impulse/,https://www.reddit.com/r/explainlikeimfive/comments/1nnuwsx/eli5_what_are_delta_v_and_rocket_inital_impulse/,,1758566700.0,0.35,0,0,Physics,DrunkMonsters,13,False,0,False,text
explainlikeimfive,1nni3lu,"ELI5: How can a molecule have a Improper axis of rotation, isn't it that if it can rotate, it has an axis of rotation? So a ""proper"" one?",2,https://reddit.com/r/explainlikeimfive/comments/1nni3lu/eli5_how_can_a_molecule_have_a_improper_axis_of/,https://www.reddit.com/r/explainlikeimfive/comments/1nni3lu/eli5_how_can_a_molecule_have_a_improper_axis_of/,,1758534346.0,0.55,2,0,Chemistry,ProudWararar,5,False,0,False,text
explainlikeimfive,1nnux4w,ELI5: The link between Tylenol and Autism,0,https://reddit.com/r/explainlikeimfive/comments/1nnux4w/eli5_the_link_between_tylenol_and_autism/,https://www.reddit.com/r/explainlikeimfive/comments/1nnux4w/eli5_the_link_between_tylenol_and_autism/,Can anyone explain the recent articles about the government linking Tylenol to autism? Is it completely unfounded? Or is there some possible truth to it?,1758566721.0,0.37,0,0,Biology,meechmeechmeecho,36,False,0,False,text
explainlikeimfive,1nnsf85,ELI5: What are photons really made of ?,0,https://reddit.com/r/explainlikeimfive/comments/1nnsf85/eli5_what_are_photons_really_made_of/,https://www.reddit.com/r/explainlikeimfive/comments/1nnsf85/eli5_what_are_photons_really_made_of/,"All I know is they are massless and chargeless particles(and waves?) and I know photons are released when electron lowers from high to low energy level.  
Are they inside electrons ?   
Where do they actually come from and what are they made of ?  
Also, why do they only travel in a straight line ? (i assume because light travels in a straight line)  
",1758561199.0,0.41,0,0,Chemistry,Silent-Mistake-9170,31,False,0,False,text
explainlikeimfive,1nm0yec,ELI5 Why when we're sick we lose our appetite? Don't we need nutrients more then ever when sick?,1197,https://reddit.com/r/explainlikeimfive/comments/1nm0yec/eli5_why_when_were_sick_we_lose_our_appetite_dont/,https://www.reddit.com/r/explainlikeimfive/comments/1nm0yec/eli5_why_when_were_sick_we_lose_our_appetite_dont/,"Typing from my apartment I've been stuck in for two days now hopefully I can go to work on Monday. I ate one meal yesterday and bowl of pistachios, tried forcing myself to eat dinner ate two spoonfuls and didn't touch the rest. Again today ate one meal my sister bought me groceries and I'm not even craving the sweets. 

So that got me thinking.. is our body putting all it's energy fighting off the virus? Hence it shuts off the hunger? Is that what it is?",1758381663.0,0.92,1197,0,Biology,LOV6DERY,143,False,0,False,text
explainlikeimfive,1nnszz7,"ELI5 is it bad to eat laying down on your stomach and if so, why?",0,https://reddit.com/r/explainlikeimfive/comments/1nnszz7/eli5_is_it_bad_to_eat_laying_down_on_your_stomach/,https://www.reddit.com/r/explainlikeimfive/comments/1nnszz7/eli5_is_it_bad_to_eat_laying_down_on_your_stomach/,"TLDR: yes, not fatal but still not great, water bottle physics but with stomach acid ",1758562492.0,0.39,0,0,Other,leftfield38,17,False,0,False,text
explainlikeimfive,1nmeery,ELI5: Where do all the dead animals go?,199,https://reddit.com/r/explainlikeimfive/comments/1nmeery/eli5_where_do_all_the_dead_animals_go/,https://www.reddit.com/r/explainlikeimfive/comments/1nmeery/eli5_where_do_all_the_dead_animals_go/,"I’m sitting on my deck in my backyard in Calgary, Canada. We live on the edge of the city. I’m watching a couple of squirrels and a bunch of birds hanging around doing their thing. We commonly see deer and moose in our neighbourhood. We also have coyotes and the occasional bobcat too.

Why don’t I ever run into dead animals? Where do these squirrels go when they die? Why don’t I ever see animal cadavers around?",1758415557.0,0.75,199,0,Biology,famous_chalupa,131,False,0,False,text
explainlikeimfive,1nnlcvr,ELI5: interactions between acid and base that would occur in day-to-day setting,0,https://reddit.com/r/explainlikeimfive/comments/1nnlcvr/eli5_interactions_between_acid_and_base_that/,https://www.reddit.com/r/explainlikeimfive/comments/1nnlcvr/eli5_interactions_between_acid_and_base_that/,"Sorry if this isn't exactly fitting the theme of this sub but here's a little story time that will then require someone to help me with an ELI5.

Context: In my household, we usually have a bowl-like container wherein we mix dishwashing liquid with water and dip the dish sponges in to then clean the dishes with. Given the dishwashing liquid is lime-scented and one day we were using lime juice to cook and mom then proceed to threw some of the lime wedges into the soapy-water bowl to ""enhance the degreasing power"".

So my chemistry knowledge is limited to what I remember from high school, but in my mind the acid from the lime and the detergent being base will basically neutralize each other (to a degree) and will render the detergent less effective, but then I found myself to be in a place where mentioning acid-base neutralization doesn't mean anything to her but also questioning if my understanding of the situation is correct.",1758544820.0,0.4,0,0,Chemistry,Jestgryt21,9,False,0,False,text
explainlikeimfive,1nmidt7,ELI5: Why do different languages tend to produce specific types of voices?,80,https://reddit.com/r/explainlikeimfive/comments/1nmidt7/eli5_why_do_different_languages_tend_to_produce/,https://www.reddit.com/r/explainlikeimfive/comments/1nmidt7/eli5_why_do_different_languages_tend_to_produce/,"Not really an accent but maybe? For example: native German speakers can often sound sort of nasal-y when they speak English, even without any other discernable accent. It's more about the quality of the voice than an accent",1758428049.0,0.81,80,0,Other,BucketListM,22,False,0,False,text
explainlikeimfive,1nnknrk,ELI5 what tech & apps do I need for beginner digital illustration?,0,https://reddit.com/r/explainlikeimfive/comments/1nnknrk/eli5_what_tech_apps_do_i_need_for_beginner/,https://www.reddit.com/r/explainlikeimfive/comments/1nnknrk/eli5_what_tech_apps_do_i_need_for_beginner/,"Hi, I enjoy illustrating in pen & watercolour. 

I'd like to try digital illustration. 

Im finding research into tech & apps to be a bit overwhelming.

Can anyone recommend beginner friendly tech to enable me to achieve the following:

-Drawing with a pen directly onto tablet screen

-Drawing & blending with multiple brushes

-Drawing onto a tablet/screen that translates onto my PC screen(like a graphics tablet)

If one device/app can provide this then great! If not im open to a bundle of things I need :)

Thank you",1758542836.0,0.27,0,0,Technology,Responsible-Pie24601,2,False,0,False,text
explainlikeimfive,1nnmz21,ELI5 What is the difference between a patent and a copyright,0,https://reddit.com/r/explainlikeimfive/comments/1nnmz21/eli5_what_is_the_difference_between_a_patent_and/,https://www.reddit.com/r/explainlikeimfive/comments/1nnmz21/eli5_what_is_the_difference_between_a_patent_and/,"Basically the one party documents. How do they even work. The word ""agreement"" itself needs atleast two parties. How can we create an agreement with an entity which doesn't exists yet",1758548901.0,0.36,0,0,Engineering,atleast_shubh,14,False,0,False,text
explainlikeimfive,1nmudpk,ELI5: Why do seasonal allergies get worse after waking up/later in the day?,6,https://reddit.com/r/explainlikeimfive/comments/1nmudpk/eli5_why_do_seasonal_allergies_get_worse_after/,https://www.reddit.com/r/explainlikeimfive/comments/1nmudpk/eli5_why_do_seasonal_allergies_get_worse_after/,"I wake up at 8a in a hotel room with absolutely no allergy symptoms. No congestion, no sneezing. No allergy symptoms at night before bed either. I don’t leave my room, I make coffee, use the bathroom, go back to lie in bed. 2 hours later (10a), I’m sneezing and congested. Why? 
",1758467189.0,0.57,6,0,Biology,twa3435,6,False,0,False,text
explainlikeimfive,1nmp68x,ELI5: watts/volts/amps/amp-hours on a phone charger. What do these determine?,11,https://reddit.com/r/explainlikeimfive/comments/1nmp68x/eli5_wattsvoltsampsamphours_on_a_phone_charger/,https://www.reddit.com/r/explainlikeimfive/comments/1nmp68x/eli5_wattsvoltsampsamphours_on_a_phone_charger/,"I know amp-hours is for portable chargers, how much battery it holds. But the rest of them? Which one determines charge speed? What do the rest of them mean? Is there a correlation from amp-hours to charge speed? Like how a cars acceleration is determined by its top speed?",1758452923.0,0.57,11,0,Engineering,krakn-slayr,22,False,0,False,text
explainlikeimfive,1nnj0k8,ELI5: California Prop 50,0,https://reddit.com/r/explainlikeimfive/comments/1nnj0k8/eli5_california_prop_50/,https://www.reddit.com/r/explainlikeimfive/comments/1nnj0k8/eli5_california_prop_50/,"I don't understand politics and am kinda null on most aspects of them. I keep trying to read up on what it is but i just can't make any sense it. So literally, ELI5: what does prop 50 entail? What exactly would it change? And how is it different to how things are now?",1758537605.0,0.38,0,0,Other,BigBossSquirtle,16,False,0,False,text
explainlikeimfive,1nnl2hz,"ELI5: when going down a flight of stairs, why do we feel like we're going to fall if we don't look down?",0,https://reddit.com/r/explainlikeimfive/comments/1nnl2hz/eli5_when_going_down_a_flight_of_stairs_why_do_we/,https://www.reddit.com/r/explainlikeimfive/comments/1nnl2hz/eli5_when_going_down_a_flight_of_stairs_why_do_we/,,1758544007.0,0.26,0,0,Biology,subuso,8,False,0,False,text
explainlikeimfive,1nnkdi9,ELI5: What are the psychological principles or cognitive biases that lead people to use voting systems in a way that deviates from their intended purpose?,0,https://reddit.com/r/explainlikeimfive/comments/1nnkdi9/eli5_what_are_the_psychological_principles_or/,https://www.reddit.com/r/explainlikeimfive/comments/1nnkdi9/eli5_what_are_the_psychological_principles_or/,,1758541996.0,0.18,0,0,Other,TheRenegadeBCBA,6,False,0,False,text
explainlikeimfive,1nng29s,ELI5: Why are do clouds form at different heights?,0,https://reddit.com/r/explainlikeimfive/comments/1nng29s/eli5_why_are_do_clouds_form_at_different_heights/,https://www.reddit.com/r/explainlikeimfive/comments/1nng29s/eli5_why_are_do_clouds_form_at_different_heights/,"If clouds are made of water vapour and that forms ice crystals at a particular temperature, how is it possible that at a given time, you can have clouds at different height? I would expect all clouds to form at the same height that is, the same temperature",1758526246.0,0.43,0,0,Planetary Science,Ok-Job7676,6,False,0,False,text
explainlikeimfive,1nmc4ox,ELI5 how do LED's produce light and color?,69,https://reddit.com/r/explainlikeimfive/comments/1nmc4ox/eli5_how_do_leds_produce_light_and_color/,https://www.reddit.com/r/explainlikeimfive/comments/1nmc4ox/eli5_how_do_leds_produce_light_and_color/,"
",1758409025.0,0.8,69,0,Technology,Exotic-Ego,24,False,0,False,text
explainlikeimfive,1nlv6q1,ELI5 What is diplomatic immunity for?,621,https://reddit.com/r/explainlikeimfive/comments/1nlv6q1/eli5_what_is_diplomatic_immunity_for/,https://www.reddit.com/r/explainlikeimfive/comments/1nlv6q1/eli5_what_is_diplomatic_immunity_for/,,1758365893.0,0.88,621,0,Other,Similar-Plenty-6429,251,False,0,False,text
explainlikeimfive,1nlxjql,ELI5: What is the deal with (St.) Carlo Acutis' body's state of decomposition?,241,https://reddit.com/r/explainlikeimfive/comments/1nlxjql/eli5_what_is_the_deal_with_st_carlo_acutis_bodys/,https://www.reddit.com/r/explainlikeimfive/comments/1nlxjql/eli5_what_is_the_deal_with_st_carlo_acutis_bodys/,"So, I happened to be talking to a co-worker today, and she is, like most of my colleagues at this place, in her late teens to early 20s and a devout Catholic (the kind that has fasting ""pacts"" for some reason or the other). I'm in my 30s, skeptical, unbelieving and a dick in general and while I think it is sweet that she believes in the following, I'd like to get to the bottom of this.

She tells me today of some guy called Carlo Acutis (of whom I'd never heard) and how his body's lack of decomposition since his death in 2006 is proof of the divine (and that it led to his veneration), tells me she got this information from a reel (of course) and shows me a screenshot or grab of a guy who looks like he's sleeping in a glass casket. I tried to explain it away with ""embalming"", ""mummification"", etc, but her adamance made me want to look it up. Turns out what she said is *somewhat* true? His body was exhumed at some point and found to have undergone a normal rate of decay but his organs were *intact* (whatever that means?) and *integral*.

However, all the information on the articles I managed to find was obfuscatory (or seemed that way). Reels, of course, use half-truths or straight up lies using that picture. For example:

https://www.ncregister.com/cna/carlo-acutis-what-did-he-die-of-and-where-is-he-buried

They seemed to call his body ""integral"" but not ""incorrupt"" or ""intact"", which seemed to me a bunch of words they used to say ""hey, he's rotting like everyone else, but we want you to believe he isn't, because you don't completely understand what these words mean"". Some of these articles say that his organs were found ""intact"" and that for his veneration, a silicone or wax face mask was created to emulate his living likeness (which explains the Sleeping Beauty reels that she got taken by). Wouldn't the body continue to decay from the inside even if they somehow managed to control the humidity, temperature and any kind of growth within the casket?

So, please ELI5, what's going on here? I couldn't find older posts on this matter on the sub.",1758373178.0,0.86,241,0,Biology,YeOldUnjusteBan,80,False,0,False,text
explainlikeimfive,1nm29cp,ELI5 where does the extra energy go right before water evaporates?,71,https://reddit.com/r/explainlikeimfive/comments/1nm29cp/eli5_where_does_the_extra_energy_go_right_before/,https://www.reddit.com/r/explainlikeimfive/comments/1nm29cp/eli5_where_does_the_extra_energy_go_right_before/,"So from what I know it takes a specific amount of energy to raise let's say a gram of water by a specific temperature but I have also heard it takes even mote energy to mske it go into a gaseous state, so in the time between it reaches boiling snd gets enough energy to transition, since the extra energy doesent make it hotter where does it go?",1758384731.0,0.79,71,0,Physics,Lexi_Bean21,40,False,0,False,text
explainlikeimfive,1nmblth,ELI5 how do people translate ancient languages on artefacts,16,https://reddit.com/r/explainlikeimfive/comments/1nmblth/eli5_how_do_people_translate_ancient_languages_on/,https://www.reddit.com/r/explainlikeimfive/comments/1nmblth/eli5_how_do_people_translate_ancient_languages_on/,i can’t see how it would be possible,1758407606.0,0.67,16,0,Planetary Science,Aggravating-Humor413,13,False,0,False,text
explainlikeimfive,1nn6tbo,ELI5: interest rates,0,https://reddit.com/r/explainlikeimfive/comments/1nn6tbo/eli5_interest_rates/,https://www.reddit.com/r/explainlikeimfive/comments/1nn6tbo/eli5_interest_rates/,I don’t really know what the fed rate is but why can’t it just be a fixed rate? Wouldn’t this cause house and auto loans to also be a standard fixed rate? ,1758496847.0,0.38,0,0,Economics,psa_itsme,21,False,0,False,text
explainlikeimfive,1nllfwj,"ELI5 If there was a live video feed between us on earth and a ship traveling at light speed, what would we see?",558,https://reddit.com/r/explainlikeimfive/comments/1nllfwj/eli5_if_there_was_a_live_video_feed_between_us_on/,https://www.reddit.com/r/explainlikeimfive/comments/1nllfwj/eli5_if_there_was_a_live_video_feed_between_us_on/,"Would they see us age rapidly? Would we see them stay young? How would that even work, assuming it was possible?",1758332088.0,0.87,558,0,Physics,Azthioth,261,False,0,False,text
explainlikeimfive,1nn5d8y,ELI5: Meshtastic,0,https://reddit.com/r/explainlikeimfive/comments/1nn5d8y/eli5_meshtastic/,https://www.reddit.com/r/explainlikeimfive/comments/1nn5d8y/eli5_meshtastic/,"I know what meshtastic is and how it works, but my question is: why isn't the internet work like this from the beginning? Can we have an internet without ISPs?",1758492993.0,0.29,0,0,Engineering,Zephos65,18,False,0,False,text
explainlikeimfive,1nm48mp,ELI5 why are aminos (the functional group) a weak base?,20,https://reddit.com/r/explainlikeimfive/comments/1nm48mp/eli5_why_are_aminos_the_functional_group_a_weak/,https://www.reddit.com/r/explainlikeimfive/comments/1nm48mp/eli5_why_are_aminos_the_functional_group_a_weak/,"My teacher said that aminos (like NH2 and NH3+) are weak bases because they can accept H+, but wouldn’t H+ make it acidic? Why is it weakly basic then?",1758389423.0,0.66,20,0,Chemistry,Jaded-Mycologist-831,22,False,0,False,text
explainlikeimfive,1nmtea7,ELI5: What does sampling distribution mean?,0,https://reddit.com/r/explainlikeimfive/comments/1nmtea7/eli5_what_does_sampling_distribution_mean/,https://www.reddit.com/r/explainlikeimfive/comments/1nmtea7/eli5_what_does_sampling_distribution_mean/,I'm in a college statistics class and I can't figure out what sampling distribution means. There are are also other terms like sampling distribution of the sample proportion and sampling distribution of the sample mean that I just don't understand. I can't wrap my head around old posts that discuss this topic. ,1758464847.0,0.44,0,0,Mathematics,unicorn_52,5,False,0,False,text
explainlikeimfive,1nlrycw,ELI5 How does a computer remember where in memory its stores things,139,https://reddit.com/r/explainlikeimfive/comments/1nlrycw/eli5_how_does_a_computer_remember_where_in_memory/,https://www.reddit.com/r/explainlikeimfive/comments/1nlrycw/eli5_how_does_a_computer_remember_where_in_memory/,"I get that a hard drive has a file table to record where files are kept. 

But when a file or code is loaded in to memory, how does it know what / where the next executable line of code is and where has it put things

In more detail, code says get value in memory position A add it with value in position B, write answer into C. How does it know where the next instruction is has completed reading A?",1758353811.0,0.83,139,0,Technology,UniquePotato,45,False,0,False,text
explainlikeimfive,1nmzdgm,ELI5 why does the sensations in the foot disappear after having them up in the air/against a wall for a long time ? like what happens in the foot?,0,https://reddit.com/r/explainlikeimfive/comments/1nmzdgm/eli5_why_does_the_sensations_in_the_foot/,https://www.reddit.com/r/explainlikeimfive/comments/1nmzdgm/eli5_why_does_the_sensations_in_the_foot/,,1758478814.0,0.33,0,0,Biology,Dizzy_Possession9533,3,False,0,False,text
explainlikeimfive,1nmf14f,ELI5 what are color revolutions?,5,https://reddit.com/r/explainlikeimfive/comments/1nmf14f/eli5_what_are_color_revolutions/,https://www.reddit.com/r/explainlikeimfive/comments/1nmf14f/eli5_what_are_color_revolutions/,I see this term gets tossed around a lot lately but can't seem to come to a solid definition.,1758417467.0,0.56,5,0,Other,lolminecraftlol,7,False,0,False,text
explainlikeimfive,1nlh1we,ELI5 why are road fatalities per capita in the US so high?,493,https://reddit.com/r/explainlikeimfive/comments/1nlh1we/eli5_why_are_road_fatalities_per_capita_in_the_us/,https://www.reddit.com/r/explainlikeimfive/comments/1nlh1we/eli5_why_are_road_fatalities_per_capita_in_the_us/,"According to the Wikipedia page, the US is 111 out of 191 in the world for road fatalities per capita, lower numbers being better: https://en.m.wikipedia.org/wiki/List_of_countries_by_traffic-related_death_rate

This is  _way_ worse than basically all Western nations. It's worse than even the poorest European countries, and at the same level as Bangladesh and Syria. (China, Brazil and South Africa are still worse, however)

Maybe the US is more car dependent, and more people own cars? But Canada is probably similar enough and it is in 32nd place.

[EDIT: to be clear, this was an honest question. I've only driven in the US once, in LA in 2019, and it seemed pretty civilized. In many ways the driving felt easier than back home.]",1758319949.0,0.83,493,0,Other,indistrait,567,False,0,False,text
explainlikeimfive,1nl4rd5,ELI5: How do TSA/customs agents open our luggage with their special keys? What's stopping thieves or criminals from making the same keys?,1987,https://reddit.com/r/explainlikeimfive/comments/1nl4rd5/eli5_how_do_tsacustoms_agents_open_our_luggage/,https://www.reddit.com/r/explainlikeimfive/comments/1nl4rd5/eli5_how_do_tsacustoms_agents_open_our_luggage/,,1758291332.0,0.92,1987,0,Other,r-salekeen,935,False,0,False,text
explainlikeimfive,1nlqv5y,ELI5: How do humans breed dogs to have specific behaviors?,101,https://reddit.com/r/explainlikeimfive/comments/1nlqv5y/eli5_how_do_humans_breed_dogs_to_have_specific/,https://www.reddit.com/r/explainlikeimfive/comments/1nlqv5y/eli5_how_do_humans_breed_dogs_to_have_specific/,"I came across this message:

""Boarder Collies were bred to work with a human to herd livestock. They play by structured rules and abhor the chaos of a scattered herd.

Huskies were bred to use their own judgement. When pulling a sled, they may detect something the human doesn't notice and will refuse to follow an order against their judgement. This makes them more likely to be stubborn.""

Do dogs need to be born with a behavior to pass it on to their offspring, or can a trained behavior increase the chance their puppies inherit it?
",1758349806.0,0.83,101,0,Biology,Home_MD13,37,False,0,False,text
explainlikeimfive,1nmwz7w,ELI5 How can you go to bed feeling fine but wake up sick as a dog?,0,https://reddit.com/r/explainlikeimfive/comments/1nmwz7w/eli5_how_can_you_go_to_bed_feeling_fine_but_wake/,https://www.reddit.com/r/explainlikeimfive/comments/1nmwz7w/eli5_how_can_you_go_to_bed_feeling_fine_but_wake/,,1758473295.0,0.46,0,0,Other,SnooWoofers530,19,False,0,False,text
explainlikeimfive,1nmzuea,Eli5 going faster then the speed of light when things are moving in different directions.,0,https://reddit.com/r/explainlikeimfive/comments/1nmzuea/eli5_going_faster_then_the_speed_of_light_when/,https://www.reddit.com/r/explainlikeimfive/comments/1nmzuea/eli5_going_faster_then_the_speed_of_light_when/,"So supposedly you can't go faster than the speed of light, but things move in different directions. Let's say for sake of argument that there are three points in the universe A,B,and C. A is in the middle and B and C are both moving and the same direction at 100 miles an hour. If leaving from A to B then you could go one mile an hour under the speed of light from a to b. Technically C would be moving away from you at over the speed of light. If the ship was moving towards the other planet at one mile an hour under the speed of light and you ran towards the planet in the ship then you would be going faster than the speed of light towards the planet. That speed is relative and determined by you going from one point to another how would you measure it. Just like moving in a car you are moving at 60 mph if you measure you and the  road, you are not moving compared to the person sitting in the passenger seat, you and incoming traffic driving at 60 you are going 120 mph is measured from the other car,  and if you measure between you and the moon then you are moving way faster and you and the sun even faster and you and other planets incredibly fast. So when people say you can't go faster than the speed of light. Where and how do you measure the speed? ",1758479888.0,0.33,0,0,Planetary Science,Beemer_me_up_Scotty,27,False,0,False,text
explainlikeimfive,1nmtrav,"ELI5 Why do my eyes water and squint in bright sunlight, but animals like eagles and houseflies with super-sensitive eyes don't seem to react the same way?",0,https://reddit.com/r/explainlikeimfive/comments/1nmtrav/eli5_why_do_my_eyes_water_and_squint_in_bright/,https://www.reddit.com/r/explainlikeimfive/comments/1nmtrav/eli5_why_do_my_eyes_water_and_squint_in_bright/,,1758465718.0,0.31,0,0,Biology,NOT__A_POTATO,1,False,0,False,text
explainlikeimfive,1nmsu1n,"ELI5: why flow separation causes loss of lift (or propulsion), considering the boundary cases",0,https://reddit.com/r/explainlikeimfive/comments/1nmsu1n/eli5_why_flow_separation_causes_loss_of_lift_or/,https://www.reddit.com/r/explainlikeimfive/comments/1nmsu1n/eli5_why_flow_separation_causes_loss_of_lift_or/,"This question has been beat to death and back on this sub, the askscience sub, and on the general google search. We all know that flow separation in wings reduces lift, and in propellers reduces thrust. I don't understand why, because it seems the boundary cases don't reflect this. 

The fundamental cause of flow separation is having too high of an angle of attack for a given flow velocity. So what are the two boundaries? 

The first boundary is zero angle. At zero angle, it's as if you were swing a sheet edgewise into a fluid (air or water). There's virtually zero resistance, and (ideally) the sheet's velocity vector is exactly in line with its structure. It is not experiencing ""lift"" or any deviation in the up or down direction. 

The second boundary is at perpendicular angle. When pushing a plane perpendicularly into a fluid, you have the most resistance and the sheet's velocity vector is exactly out of plane; you basically have a really shitty parachute. From the perspective of the sheet, it is experiencing the maximum amount of ""lift"". Even if you go faster and faster, intuitively (I haven't done the math) the sheet should experience more or less a [power growth](https://en.wikipedia.org/wiki/Drag_(physics)) of ""lift"" without limit. 

So within the bounds of 0 and 90 degrees, why is there a point where suddenly lift just stops existing?",1758463468.0,0.31,0,0,Engineering,tylerchu,12,False,0,False,text
explainlikeimfive,1nms8ke,ELI5: How do they print onto metal and plastic?,0,https://reddit.com/r/explainlikeimfive/comments/1nms8ke/eli5_how_do_they_print_onto_metal_and_plastic/,https://www.reddit.com/r/explainlikeimfive/comments/1nms8ke/eli5_how_do_they_print_onto_metal_and_plastic/,Think about something like a beer can (not the kind with paper labels). That's pure metal but somehow has complex printing on it. Or a yogurt cup - some of them do have paper labels but some just seem embedded in the plastic somehow.,1758461980.0,0.33,0,0,Technology,Annual-Sky-8138,7,False,0,False,text
explainlikeimfive,1nmrvpr,"ELI5 In most countries that have Marines, are they utilized as naval infantry or as quasi SOF unit? Are they essentially expeditionary forces?",0,https://reddit.com/r/explainlikeimfive/comments/1nmrvpr/eli5_in_most_countries_that_have_marines_are_they/,https://www.reddit.com/r/explainlikeimfive/comments/1nmrvpr/eli5_in_most_countries_that_have_marines_are_they/,,1758461057.0,0.17,0,0,Other,TravelingHomeless,3,False,0,False,text
explainlikeimfive,1nmoee4,"ELI5 what encryption is, how TDES works, why is it considered weak and why is it allowed to be used in some cases (until 2023?)",0,https://reddit.com/r/explainlikeimfive/comments/1nmoee4/eli5_what_encryption_is_how_tdes_works_why_is_it/,https://www.reddit.com/r/explainlikeimfive/comments/1nmoee4/eli5_what_encryption_is_how_tdes_works_why_is_it/,"No like literally think I'm 5. I don't know anything about this, not tech savvy and not from a science background. But I am doing a moot and I have to argue both sides, that government was negligent in using TDES for their database (similar to Social security number) and also that it was an industry standard at the time the database was made (2015) and that transfer to AES is costly and risky. 

I tried reading other answers here on this topic but didn't really understand it. 😭. I don't need in depth knowledge just a basic idea to back up my arguments.

Thanks in advance.  ",1758450141.0,0.44,0,0,Technology,family_mess46,16,False,0,False,text
explainlikeimfive,1nmsvau,ELI5: Why is tinfoil safe for the oven but not the microwave?,0,https://reddit.com/r/explainlikeimfive/comments/1nmsvau/eli5_why_is_tinfoil_safe_for_the_oven_but_not_the/,https://www.reddit.com/r/explainlikeimfive/comments/1nmsvau/eli5_why_is_tinfoil_safe_for_the_oven_but_not_the/,,1758463555.0,0.32,0,0,Planetary Science,Comfortable_Mind8812,11,False,0,False,text
explainlikeimfive,1nl5mpq,ELI5. Why don’t brain biopsies kill you?,530,https://reddit.com/r/explainlikeimfive/comments/1nl5mpq/eli5_why_dont_brain_biopsies_kill_you/,https://www.reddit.com/r/explainlikeimfive/comments/1nl5mpq/eli5_why_dont_brain_biopsies_kill_you/,"ELI5. Basically the title. How do brain biopsies not further damage people? How does it not hurt people more? Does the brain grow back if missing small piece?

Thanks!",1758293379.0,0.9,530,0,Biology,Lidster29,63,False,0,False,text
explainlikeimfive,1nmge20,Eli5 how do you absorb or get viruses or bacteria,0,https://reddit.com/r/explainlikeimfive/comments/1nmge20/eli5_how_do_you_absorb_or_get_viruses_or_bacteria/,https://www.reddit.com/r/explainlikeimfive/comments/1nmge20/eli5_how_do_you_absorb_or_get_viruses_or_bacteria/,I don’t really know how you do it or even how do they transmit. ,1758421608.0,0.44,0,0,Biology,Black_Box0182,6,False,0,False,text
explainlikeimfive,1nkycuy,ELI5 how rice-cookers make better rice than just boiling the rice in a pan?,1028,https://reddit.com/r/explainlikeimfive/comments/1nkycuy/eli5_how_ricecookers_make_better_rice_than_just/,https://www.reddit.com/r/explainlikeimfive/comments/1nkycuy/eli5_how_ricecookers_make_better_rice_than_just/,"I understand the benefit of the rice cooker to keep rice warm after it’s cooked, but I just fail to see how the _cooking_ differs between a rice-cooker and a basic pan.

Rice + boiling water (in a pan) = Rice + boiling water (in a rice-cooker)

What am I missing? ",1758271924.0,0.89,1028,0,Other,Fantastic_Puppeter,382,False,0,False,text
explainlikeimfive,1nlh267,Eli5 how do we know how heavy gasses are?,57,https://reddit.com/r/explainlikeimfive/comments/1nlh267/eli5_how_do_we_know_how_heavy_gasses_are/,https://www.reddit.com/r/explainlikeimfive/comments/1nlh267/eli5_how_do_we_know_how_heavy_gasses_are/,How did we ever find out the weight of anything that's lighter than air since we can't just put them on a scale?,1758319967.0,0.77,57,0,Chemistry,TraditionalEbb3942,53,False,0,False,text
explainlikeimfive,1nmhjat,ELI5: why are the exchange rates currencies of English speaking countries and the Euro relatively close to parity?,0,https://reddit.com/r/explainlikeimfive/comments/1nmhjat/eli5_why_are_the_exchange_rates_currencies_of/,https://www.reddit.com/r/explainlikeimfive/comments/1nmhjat/eli5_why_are_the_exchange_rates_currencies_of/,"If you see a value in GBP, USD, AUD, EUR, NZD or CAD, you can easily have a rough idea without doing calculations, of the value in the other currencies, and of the order of magnitude of the price because the currencies are close to parity.

Is it because of shared monetary polices? No hyperinflation? Strong bilateral trading relationships? Something else?",1758425262.0,0.45,0,0,Economics,rrfe,19,False,0,False,text
explainlikeimfive,1nkz8n7,ELI5: Can satellites in space detect the B-2 bomber?,209,https://reddit.com/r/explainlikeimfive/comments/1nkz8n7/eli5_can_satellites_in_space_detect_the_b2_bomber/,https://www.reddit.com/r/explainlikeimfive/comments/1nkz8n7/eli5_can_satellites_in_space_detect_the_b2_bomber/,,1758275339.0,0.85,209,0,Technology,thevishal365,78,False,0,False,text
explainlikeimfive,1nl1crz,ELI5 how do factories take feathers off the chicken?,130,https://reddit.com/r/explainlikeimfive/comments/1nl1crz/eli5_how_do_factories_take_feathers_off_the/,https://www.reddit.com/r/explainlikeimfive/comments/1nl1crz/eli5_how_do_factories_take_feathers_off_the/,"When people mass produce chicken how do they efficiently take all the feathers out?
",1758282470.0,0.8,130,0,Other,TraditionalEbb3942,133,False,0,False,text
explainlikeimfive,1nkdhbs,ELI5: why do horses get shot once they have a broken leg? Or is this just a joke?,2500,https://reddit.com/r/explainlikeimfive/comments/1nkdhbs/eli5_why_do_horses_get_shot_once_they_have_a/,https://www.reddit.com/r/explainlikeimfive/comments/1nkdhbs/eli5_why_do_horses_get_shot_once_they_have_a/,,1758213954.0,0.89,2500,0,Biology,ReniRiese,732,False,0,False,text
explainlikeimfive,1nl4e35,ELI5: How do astronomers figure out a distant planet’s mass if they can’t even see the planet directly?,48,https://reddit.com/r/explainlikeimfive/comments/1nl4e35/eli5_how_do_astronomers_figure_out_a_distant/,https://www.reddit.com/r/explainlikeimfive/comments/1nl4e35/eli5_how_do_astronomers_figure_out_a_distant/,,1758290464.0,0.77,48,0,Planetary Science,DifferentRice2453,11,False,0,False,text
explainlikeimfive,1nm9vg6,"ELI5: If e=mc2 and just a few particles contain astronomical amounts of energy when split, how are our own bodies able to convert the matter we eat and drink into thermal energy every day without any problems?",0,https://reddit.com/r/explainlikeimfive/comments/1nm9vg6/eli5_if_emc2_and_just_a_few_particles_contain/,https://www.reddit.com/r/explainlikeimfive/comments/1nm9vg6/eli5_if_emc2_and_just_a_few_particles_contain/,"I'm sorry if this sounds incredibly stupid. I'm wondering how matter is converted to energy in our bodies through ATP seemingly without any effort, when physicists talk all the time about the enormous amounts of energy it takes just to just split the atom.",1758403097.0,0.4,0,0,Physics,RegularNormalAdult,29,False,0,False,text
explainlikeimfive,1nmf3ik,"ELI5…what is the difference between esta, estas and estoy?",0,https://reddit.com/r/explainlikeimfive/comments/1nmf3ik/eli5what_is_the_difference_between_esta_estas_and/,https://www.reddit.com/r/explainlikeimfive/comments/1nmf3ik/eli5what_is_the_difference_between_esta_estas_and/,,1758417667.0,0.23,0,0,Other,MamaLlama629,14,False,0,False,text
explainlikeimfive,1nkgvzk,ELI5: why is Saffron so expensive in the modern age?,1429,https://reddit.com/r/explainlikeimfive/comments/1nkgvzk/eli5_why_is_saffron_so_expensive_in_the_modern_age/,https://www.reddit.com/r/explainlikeimfive/comments/1nkgvzk/eli5_why_is_saffron_so_expensive_in_the_modern_age/,"I just came back from a supermarket and i saw that Saffron was ~26,000 USD per Pound(~57,000 USD per KG). I did a quick comparison against gold, and it's almost half the value(~58,000 USD per Pound or ~128,000 USD per KG). I can understand how, in the past, it may have been expensive with spice trade stuff. 

Why is it so absurdly expensive in this day and age? Even more important, what's keeping it from being mass-produced like other spices? Thanks!

Edit: wow! Lots of responses really quick, thank you all! 

As a Tldr; for people who just want to read and go, basically it is a very fragile crocus flower that requires very specific environmental conditions and produces a significantly small yield per plant. Automation is virtually impossible because of damage and expensive residue. There's a lot of cool info in the comments about the specifics.",1758221564.0,0.92,1429,0,Economics,demongoku,234,False,0,False,text
explainlikeimfive,1nll90i,ELI5 is it possible to make certain aspects of a project open source while others closed?,4,https://reddit.com/r/explainlikeimfive/comments/1nll90i/eli5_is_it_possible_to_make_certain_aspects_of_a/,https://www.reddit.com/r/explainlikeimfive/comments/1nll90i/eli5_is_it_possible_to_make_certain_aspects_of_a/,im not too knowledgeable about stuff like this but i was curious about how open and closed sourcing works. i was just wondering if i make a website or app is it possible to make only certain things open source like features or how the project is designed but everything else closed? is it possible to pick and choose what i want to release or would that be impossible without releasing all the codes?,1758331510.0,0.55,4,0,Technology,Curious_King_6954,22,False,0,False,text
explainlikeimfive,1nl5f10,ELI5: How do broadcast licenses like abc work?,36,https://reddit.com/r/explainlikeimfive/comments/1nl5f10/eli5_how_do_broadcast_licenses_like_abc_work/,https://www.reddit.com/r/explainlikeimfive/comments/1nl5f10/eli5_how_do_broadcast_licenses_like_abc_work/,I’m confused how the FCC controls them. From the outside it looks like the government can regulate what they show in some capacity. Wouldn’t it just really be like a state TV network then if the government has to approve the license? I don’t want to be political I’m just asking how they choose to regulate what can be shown. ,1758292874.0,0.7,36,0,Other,kenny_powers7,27,False,0,False,text
explainlikeimfive,1nm9kvg,"ELI5: What separates science, religion and philosophy?",0,https://reddit.com/r/explainlikeimfive/comments/1nm9kvg/eli5_what_separates_science_religion_and/,https://www.reddit.com/r/explainlikeimfive/comments/1nm9kvg/eli5_what_separates_science_religion_and/,,1758402360.0,0.38,0,0,Other,Acrobatic_Isopod9261,29,False,0,False,text
explainlikeimfive,1nlcngg,ELI5: How do analog computers work?,12,https://reddit.com/r/explainlikeimfive/comments/1nlcngg/eli5_how_do_analog_computers_work/,https://www.reddit.com/r/explainlikeimfive/comments/1nlcngg/eli5_how_do_analog_computers_work/,,1758309268.0,0.63,12,0,Technology,mjmilian,17,False,0,False,text
explainlikeimfive,1nm5m07,ELI5 how was internet made?,0,https://reddit.com/r/explainlikeimfive/comments/1nm5m07/eli5_how_was_internet_made/,https://www.reddit.com/r/explainlikeimfive/comments/1nm5m07/eli5_how_was_internet_made/,,1758392669.0,0.36,0,0,Technology,Nice5037,23,False,0,False,text
explainlikeimfive,1nl6q7j,ELI5- CRISPR technology,18,https://reddit.com/r/explainlikeimfive/comments/1nl6q7j/eli5_crispr_technology/,https://www.reddit.com/r/explainlikeimfive/comments/1nl6q7j/eli5_crispr_technology/,I saw a thing that said some scientists had killed HIV with CRISPR. I looked it up and left more confused than I came. So...someone help me out here.,1758295852.0,0.68,18,0,Biology,CodRevolutionary5029,10,False,0,False,text
explainlikeimfive,1nm0xv7,ELI5: Why does packaged food usually last so much longer before opening it than after?,0,https://reddit.com/r/explainlikeimfive/comments/1nm0xv7/eli5_why_does_packaged_food_usually_last_so_much/,https://www.reddit.com/r/explainlikeimfive/comments/1nm0xv7/eli5_why_does_packaged_food_usually_last_so_much/,"Probably a stupid question, but why ? Because sure, they have contact with air but they surely do before getting packaged, right ?​​​​",1758381629.0,0.33,0,0,Chemistry,Mrrowp,13,False,0,False,text
explainlikeimfive,1nm0yst,ELI5: How come certain unoptimzied games like Borderlands 4 stutters for some configs but not on others?,0,https://reddit.com/r/explainlikeimfive/comments/1nm0yst/eli5_how_come_certain_unoptimzied_games_like/,https://www.reddit.com/r/explainlikeimfive/comments/1nm0yst/eli5_how_come_certain_unoptimzied_games_like/,"I mean recently all of us heard how terribly optimized this game is, and it stutters everywhere because of shader compilation, I recently got the game, I have a ryzen 7 5800x and a 7800 XT gpu, but for me since I started playing I only saw 1 or 2 stutters in the first couple of hours, but for others with much more high-end cards have insane stutters, what is the difference, how come some of us are lucky?",1758381692.0,0.37,0,0,Technology,TheHungryRabbit,10,False,0,False,text
explainlikeimfive,1nlc8oa,Eli5 how/when is fat stored?,6,https://reddit.com/r/explainlikeimfive/comments/1nlc8oa/eli5_howwhen_is_fat_stored/,https://www.reddit.com/r/explainlikeimfive/comments/1nlc8oa/eli5_howwhen_is_fat_stored/,"When we eat fatty foods, what happens to the fat in the food? How is it stored and how quickly do you gain weight?

Say you eat a huge meal with 500gr of fat, a lot of protein and carbs. What does you body do with the contents and do you ""gain"" the 500gr immediately?",1758308333.0,0.55,6,0,Biology,Think-Witness-9399,7,False,0,False,text
explainlikeimfive,1nlpjh5,ELI5: why do we need Amortized analysis?,0,https://reddit.com/r/explainlikeimfive/comments/1nlpjh5/eli5_why_do_we_need_amortized_analysis/,https://www.reddit.com/r/explainlikeimfive/comments/1nlpjh5/eli5_why_do_we_need_amortized_analysis/,"like why do we need it if we have Asymptotic analysis which tells the worst , best  , avg time...in what case do we need Amortized and more importantly why?",1758345150.0,0.46,0,0,Engineering,patrickbatemanreddy,12,False,0,False,text
explainlikeimfive,1nlzmv7,"ELI5: What is topology, and how can it but used?",0,https://reddit.com/r/explainlikeimfive/comments/1nlzmv7/eli5_what_is_topology_and_how_can_it_but_used/,https://www.reddit.com/r/explainlikeimfive/comments/1nlzmv7/eli5_what_is_topology_and_how_can_it_but_used/,,1758378505.0,0.25,0,0,Mathematics,oldschoolfan23,31,False,0,False,text
explainlikeimfive,1nk4shi,ELI5: why do athletes specifically eat bananas for quick fuel?,2034,https://reddit.com/r/explainlikeimfive/comments/1nk4shi/eli5_why_do_athletes_specifically_eat_bananas_for/,https://www.reddit.com/r/explainlikeimfive/comments/1nk4shi/eli5_why_do_athletes_specifically_eat_bananas_for/,"Why bananas and not oranges or a watermelon?

Or a chocolate chip cookie?",1758191951.0,0.89,2034,0,Biology,Dangerous-Hour6062,536,False,0,False,text
explainlikeimfive,1nlt1me,ELI5 How do people move an entire house/building from one place to another without taking it fully apart?,0,https://reddit.com/r/explainlikeimfive/comments/1nlt1me/eli5_how_do_people_move_an_entire_housebuilding/,https://www.reddit.com/r/explainlikeimfive/comments/1nlt1me/eli5_how_do_people_move_an_entire_housebuilding/,,1758358011.0,0.43,0,0,Engineering,FrailDogg,8,False,0,False,text
explainlikeimfive,1nlvps7,"ELI5: how do Coke Zero, diet coke, and all the “sugar free”/“calorie free” energy drinks and sparkling waters manage to taste sweet?",0,https://reddit.com/r/explainlikeimfive/comments/1nlvps7/eli5_how_do_coke_zero_diet_coke_and_all_the_sugar/,https://www.reddit.com/r/explainlikeimfive/comments/1nlvps7/eli5_how_do_coke_zero_diet_coke_and_all_the_sugar/,"And if they truly contain no sugar/calorie, does it mean I can enjoy these beverages without jeopardizing my workout plan?",1758367657.0,0.33,0,0,Chemistry,Dull-Cobbler-7709,26,False,0,False,text
explainlikeimfive,1nk5kd4,ELI5 Is 20km/hr the top pace a human can run at distance?,538,https://reddit.com/r/explainlikeimfive/comments/1nk5kd4/eli5_is_20kmhr_the_top_pace_a_human_can_run_at/,https://www.reddit.com/r/explainlikeimfive/comments/1nk5kd4/eli5_is_20kmhr_the_top_pace_a_human_can_run_at/,Watching world athletics championship and was wondering..if marathon runners can run at approx 20km/hr for 2 hours why is pace for the 5000m only about 21-23 km hour (13-14 mins) ? Given the huge difference in distance I would expect that for the much shorter distance they could run faster than that. At what distance does human speed start to exponentially taper off? ,1758194516.0,0.89,538,0,Biology,WallyWallyWallyx3,81,False,0,False,text
explainlikeimfive,1nldqmt,ELI5: How does electricity power stuff like motors?,0,https://reddit.com/r/explainlikeimfive/comments/1nldqmt/eli5_how_does_electricity_power_stuff_like_motors/,https://www.reddit.com/r/explainlikeimfive/comments/1nldqmt/eli5_how_does_electricity_power_stuff_like_motors/,I get how it works for a lightbulb but what does electricity actually do to move things?,1758311806.0,0.5,0,0,Technology,ChristOnABike122,59,False,0,False,text
explainlikeimfive,1nk9uea,ELI5: Why don’t we feel our blood moving?,205,https://reddit.com/r/explainlikeimfive/comments/1nk9uea/eli5_why_dont_we_feel_our_blood_moving/,https://www.reddit.com/r/explainlikeimfive/comments/1nk9uea/eli5_why_dont_we_feel_our_blood_moving/,,1758205776.0,0.87,205,0,Biology,polaristeria,69,False,0,False,text
explainlikeimfive,1nkhoj5,ELI5 Why we cannot swallow fast?,84,https://reddit.com/r/explainlikeimfive/comments/1nkhoj5/eli5_why_we_cannot_swallow_fast/,https://www.reddit.com/r/explainlikeimfive/comments/1nkhoj5/eli5_why_we_cannot_swallow_fast/,"If you try to swallow multiple times your body simply cannot do it, you have like a small cooldown to be able to swallow, why does that happen?",1758223387.0,0.78,84,0,Other,badwithnames5,47,False,0,False,text
explainlikeimfive,1nkejku,"ELI5, what does it mean when something is radioactive?",80,https://reddit.com/r/explainlikeimfive/comments/1nkejku/eli5_what_does_it_mean_when_something_is/,https://www.reddit.com/r/explainlikeimfive/comments/1nkejku/eli5_what_does_it_mean_when_something_is/,"And while I appreciate simplified versions for the layperson, I would love if someone can actually explain it as if talking to a five year old.",1758216319.0,0.79,80,0,Biology,somekindofpasta_,45,False,0,False,text
explainlikeimfive,1nkrh9t,ELI5: Why is the sky blue but sunsets orange and red,10,https://reddit.com/r/explainlikeimfive/comments/1nkrh9t/eli5_why_is_the_sky_blue_but_sunsets_orange_and/,https://www.reddit.com/r/explainlikeimfive/comments/1nkrh9t/eli5_why_is_the_sky_blue_but_sunsets_orange_and/,"I know the sky looks blue during the day, but when the sun is going down it turns orange, pink, or red. What’s actually happening that makes the colors change? Like, why isn’t it always blue, or always orange",1758248459.0,0.57,10,0,Planetary Science,Tynnillerobinson,21,False,0,False,text
explainlikeimfive,1nlk2le,"ELI5: Why can’t we distill ocean water? Use the steam to power turbines, and condense that steam water…",0,https://reddit.com/r/explainlikeimfive/comments/1nlk2le/eli5_why_cant_we_distill_ocean_water_use_the/,https://www.reddit.com/r/explainlikeimfive/comments/1nlk2le/eli5_why_cant_we_distill_ocean_water_use_the/,"…then you’ll have distilled water, sea salt and other needed minerals from the sea that you can sell as well?

This sounds too obvious. So, what am I missing?

Edit: I understand the laws of thermodynamics. I should have mentioned that. I realize power created by the turbines cannot be enough to power the whole distillation process. I was just thinking that it could be an added bonus. You get drinking water, salt and minerals, and a little electricity too.

I was thinking more of regions that have access to the sea, but don’t have easily available drinking water. Like in the Middle East. ",1758327998.0,0.42,0,0,Chemistry,ThisGuyWithTwoThums,83,False,0,False,text
explainlikeimfive,1nlmrhq,ELI5: how do we explain that plants and animals have the exact nutrients we need?,0,https://reddit.com/r/explainlikeimfive/comments/1nlmrhq/eli5_how_do_we_explain_that_plants_and_animals/,https://www.reddit.com/r/explainlikeimfive/comments/1nlmrhq/eli5_how_do_we_explain_that_plants_and_animals/,edit: thank you so much to everyone who answered i was not expecting this amount of replies ,1758336066.0,0.26,0,0,Biology,samsitolvsfelix,22,False,0,False,text
explainlikeimfive,1nkbwwk,Eli5:what exactly is the Bose-Einstein Condensate and does it count as a state of matter,53,https://reddit.com/r/explainlikeimfive/comments/1nkbwwk/eli5what_exactly_is_the_boseeinstein_condensate/,https://www.reddit.com/r/explainlikeimfive/comments/1nkbwwk/eli5what_exactly_is_the_boseeinstein_condensate/,,1758210475.0,0.81,53,0,Chemistry,Spotter24o5,16,False,0,False,text
explainlikeimfive,1njro2v,ELI5- Why do a lot of kids start out blonde and then become brunettes as they get older?,1219,https://reddit.com/r/explainlikeimfive/comments/1njro2v/eli5_why_do_a_lot_of_kids_start_out_blonde_and/,https://www.reddit.com/r/explainlikeimfive/comments/1njro2v/eli5_why_do_a_lot_of_kids_start_out_blonde_and/,This is pretty common but why?! ,1758149008.0,0.93,1219,0,Biology,LeopardFar6867,204,False,0,False,text
explainlikeimfive,1nknldb,ELI5:Why is factory and industrial construction so much more expensive than residential/commercial?,12,https://reddit.com/r/explainlikeimfive/comments/1nknldb/eli5why_is_factory_and_industrial_construction_so/,https://www.reddit.com/r/explainlikeimfive/comments/1nknldb/eli5why_is_factory_and_industrial_construction_so/,"When skyscrapers are built for luxury housing or offices, with fancy finishes and appliances and materials, the cost might be a couple billion at most. When a new factory or heavy industrial facility is announced in the news, typically built on an unoccupied greenfield site, the costs can be well north of $10 billion, in the dozens. And these facilities typically aren't especially fancy with much in the way of amenities. What drives the disparity? How much from those announced costs actually come down to physical construction, versus legal fees and permitting, and the industrial equipment?",1758237580.0,0.76,12,0,Engineering,spontaneouslypiqued,9,False,0,False,text
explainlikeimfive,1nkq6sr,ELI5 What is a developmental delay?,6,https://reddit.com/r/explainlikeimfive/comments/1nkq6sr/eli5_what_is_a_developmental_delay/,https://www.reddit.com/r/explainlikeimfive/comments/1nkq6sr/eli5_what_is_a_developmental_delay/,Someone told me it was like the brain stops developing at a certain age?,1758244827.0,0.58,6,0,Other,desserterthrowaway,11,False,0,False,text
explainlikeimfive,1nkf7py,ELI5 what the student's t-distribution is?,30,https://reddit.com/r/explainlikeimfive/comments/1nkf7py/eli5_what_the_students_tdistribution_is/,https://www.reddit.com/r/explainlikeimfive/comments/1nkf7py/eli5_what_the_students_tdistribution_is/,"Like. How it work? What is it about? How does it relate to the normal law distribution? I don't really underwhat it is and how to use it please help me.
Update: thank you everyone!! I got it :)",1758217806.0,0.69,30,0,Mathematics,Lilipop0,10,False,0,False,text
explainlikeimfive,1nlegcp,ELI5: What is the difference between internet browsers?,0,https://reddit.com/r/explainlikeimfive/comments/1nlegcp/eli5_what_is_the_difference_between_internet/,https://www.reddit.com/r/explainlikeimfive/comments/1nlegcp/eli5_what_is_the_difference_between_internet/,"For my iPhone, I mostly use safari obviously, but at my job, our windows computers default to Microsoft edge, although we are encouraged to use chrome.

I remember a few years back when I mostly used internet explorer and then Mozilla Firefox came out, and that was seen as a better browser, but why?

I never knew the difference really, but I do know that chrome works much better on my work laptop than edge.

Can someone explain the differences and benefits of one over the other?",1758313492.0,0.45,0,0,Technology,Normal-Being-2637,14,False,0,False,text
explainlikeimfive,1nlhz06,ELI5: How do many people eating huge amounts of food (food hoggers?) not gain weight?,0,https://reddit.com/r/explainlikeimfive/comments/1nlhz06/eli5_how_do_many_people_eating_huge_amounts_of/,https://www.reddit.com/r/explainlikeimfive/comments/1nlhz06/eli5_how_do_many_people_eating_huge_amounts_of/,"What makes them special for allowing them to do this but the average person cannot?
I'm talking about those who eat in food competitions and those videos we see online.",1758322361.0,0.24,0,0,Biology,jainyash0007,20,False,0,False,text
explainlikeimfive,1nkf7i9,Eli5: How is the working-age population affected by the number of retirees?,16,https://reddit.com/r/explainlikeimfive/comments/1nkf7i9/eli5_how_is_the_workingage_population_affected_by/,https://www.reddit.com/r/explainlikeimfive/comments/1nkf7i9/eli5_how_is_the_workingage_population_affected_by/,"I read a lot on the issue of aging population in some developed countries and how things are worse compared to a few decades ago. At the same time, if you look at most of those countries (Japan, Italy) GDP per capita has actually plateaued over the last decades rather than decreased. 

I understand there’s an increased tax burden with aging population, but if GDP/capita stays the same, then GDP/worker increases, as there’s fewer workers. So even with the increased taxation, workers should not be worse off as long as GDP/capita stays the same. 

Am I missing something?",1758217795.0,0.64,16,0,Economics,MelodicBed4180,31,False,0,False,text
explainlikeimfive,1nle06s,ELI5 Why injuring someone in sports doesn't carry the same weight as injuring someone irl?,0,https://reddit.com/r/explainlikeimfive/comments/1nle06s/eli5_why_injuring_someone_in_sports_doesnt_carry/,https://www.reddit.com/r/explainlikeimfive/comments/1nle06s/eli5_why_injuring_someone_in_sports_doesnt_carry/,"If i bite someone or headbutt them they would probably call cops on me, but when you do it during a football match then its somehow ok (other than receiving red card or something). Does law just ignore whatever happens during sporting event's??",1758312434.0,0.3,0,0,Other,vaultboy26,35,False,0,False,text
explainlikeimfive,1nlf5d1,ELI5: Why do Cows eat grass but Humans don't?,0,https://reddit.com/r/explainlikeimfive/comments/1nlf5d1/eli5_why_do_cows_eat_grass_but_humans_dont/,https://www.reddit.com/r/explainlikeimfive/comments/1nlf5d1/eli5_why_do_cows_eat_grass_but_humans_dont/,"like isnt grass rlly nutritious, why don't we eat it",1758315157.0,0.18,0,0,Biology,Difficult_End_7059,15,False,0,False,text
explainlikeimfive,1nj6ncn,ELI5 Why did audio jack never change through the years when all other cables for consumer electronics changed a lot?,2838,https://reddit.com/r/explainlikeimfive/comments/1nj6ncn/eli5_why_did_audio_jack_never_change_through_the/,https://www.reddit.com/r/explainlikeimfive/comments/1nj6ncn/eli5_why_did_audio_jack_never_change_through_the/,"Bought new expensive headphones and it came with same cable as most basic stuff from 20 years ago

Meanwhile all other cables changes. Had vga and dvi and the 3 color a/v cables. Now it’s all hdmi. 

Old mice and keyboards cables had special variants too that I don’t know the name of until changing to usb and then going through 3 variants of usb. 

Charging went through similar stuff, with non standard every manufacturer different stuff until usb came along and then finally usb type c standardization. 

Soundbars had a phase with optical cables before hdmi arc.

But for headphones, it’s been same cable for decades. Why?",1758094284.0,0.91,2838,0,Technology,AwkwardWillow5159,794,False,0,False,text
explainlikeimfive,1njittv,ELI5: How does my phone know where I am even without GPS turned on?,453,https://reddit.com/r/explainlikeimfive/comments/1njittv/eli5_how_does_my_phone_know_where_i_am_even/,https://www.reddit.com/r/explainlikeimfive/comments/1njittv/eli5_how_does_my_phone_know_where_i_am_even/,"Sometimes my phone shows my location on apps like maps or weather, even when I’ve got GPS off. How’s it figuring out where I am? 

",1758128557.0,0.87,453,0,Technology,Hot_Stay0797,145,False,0,False,text
explainlikeimfive,1nkyz5f,ELI5 Why are vowels special?,0,https://reddit.com/r/explainlikeimfive/comments/1nkyz5f/eli5_why_are_vowels_special/,https://www.reddit.com/r/explainlikeimfive/comments/1nkyz5f/eli5_why_are_vowels_special/,"I learned a long time ago that there are two kinds of letters, consonants and vowels.  Vowels were special and different than consonants. And you cannot have a word in English without a vowel. Nobody ever explained why vowels are special. So why are they different?",1758274345.0,0.42,0,0,Other,RoyalPuzzleheaded259,48,False,0,False,text
explainlikeimfive,1njwz4q,ELI5: Why does rocking a baby soothe them?,49,https://reddit.com/r/explainlikeimfive/comments/1njwz4q/eli5_why_does_rocking_a_baby_soothe_them/,https://www.reddit.com/r/explainlikeimfive/comments/1njwz4q/eli5_why_does_rocking_a_baby_soothe_them/,,1758163785.0,0.77,49,0,Biology,Chezburger8675,18,False,0,False,text
explainlikeimfive,1nk31n8,ELI5. Do orange male cats always produce calico daughters and mixed-color sons?,14,https://reddit.com/r/explainlikeimfive/comments/1nk31n8/eli5_do_orange_male_cats_always_produce_calico/,https://www.reddit.com/r/explainlikeimfive/comments/1nk31n8/eli5_do_orange_male_cats_always_produce_calico/,"Hi! Can you help me with this? I’m trying to map out the family tree of my calico cat and I want to understand the inheritance better — do all orange male cats always have calico (or orange) female kittens, while their male kittens can be different colors depending on the mother?",1758185355.0,0.66,14,0,Biology,Electrical-Power-748,5,False,0,False,text
explainlikeimfive,1nl0wea,ELI5 how do videos download so fast?,0,https://reddit.com/r/explainlikeimfive/comments/1nl0wea/eli5_how_do_videos_download_so_fast/,https://www.reddit.com/r/explainlikeimfive/comments/1nl0wea/eli5_how_do_videos_download_so_fast/,"I downloaded an entire 2 hour video of 24 frames every second for,2 hours and its like 12 seconds how the heck can it possibly download so fast but a photo downloas at the same speed?",1758281034.0,0.12,0,0,Technology,TraditionalEbb3942,10,False,0,False,text
explainlikeimfive,1njtaeg,ELI5 How does a tornado touch the ground?,30,https://reddit.com/r/explainlikeimfive/comments/1njtaeg/eli5_how_does_a_tornado_touch_the_ground/,https://www.reddit.com/r/explainlikeimfive/comments/1njtaeg/eli5_how_does_a_tornado_touch_the_ground/,"So to be clear I understand how a storm that creates a tornado is formed but for some reason whenever I try to imagine the mechanics at play that causes the cloud to create a wind turbine to spin up and hit the ground I just can’t seem to properly understand it. Also it doesn’t help that it seems to form in different ways? Like sometimes is a long, ropy wiggling tornado. Sometimes it looks like it starts from the cloud and comes down and other times from the ground up. 

I am just having so much trouble visualizing what  comes into play to actually get the thing to touch the ground. 

Thanks for your help!",1758153299.0,0.67,30,0,Other,Archereus,17,False,0,False,text
explainlikeimfive,1nkrgkx,ELI5: What's the difference between Chromebooks and Tablets?,0,https://reddit.com/r/explainlikeimfive/comments/1nkrgkx/eli5_whats_the_difference_between_chromebooks_and/,https://www.reddit.com/r/explainlikeimfive/comments/1nkrgkx/eli5_whats_the_difference_between_chromebooks_and/,"Just wondering. The only difference I can see is mainly Chromebooks being more expensive but more powerful software(Better than normal tablets, worse than more standard laptops). There's also the EOL for ChromeOS but isn't that the same with Android tablets as well?",1758248408.0,0.45,0,0,Technology,JiN88reddit,17,False,0,False,text
explainlikeimfive,1nkeqas,"ELI5 | Can someone explain ""The Standard Model Of Elementary Particles"", more so what each particle is and what it does, as well as its relation to an atom?",0,https://reddit.com/r/explainlikeimfive/comments/1nkeqas/eli5_can_someone_explain_the_standard_model_of/,https://www.reddit.com/r/explainlikeimfive/comments/1nkeqas/eli5_can_someone_explain_the_standard_model_of/,"As stated above, I'm curious as to what each particle does and how it relates to atoms/matter as a whole. The particles listed are ""QUARKS: up, down, charm, strange, top, bottom"", ""LEPTONS: electron, electron neutrino, muon, muon neutrino, tau, tau neutrino"", ""GAUGE BOSONS: gluon, photon, Z boson, W boson"", and ""SCALAR BOSONS: higgs"". I've also heard of Anti-Matter and Dark-Matter.",1758216732.0,0.45,0,0,Other,krazekiddo,7,False,0,False,text
explainlikeimfive,1nkgzbs,ELI5: how does PINCER search in data mining works?,0,https://reddit.com/r/explainlikeimfive/comments/1nkgzbs/eli5_how_does_pincer_search_in_data_mining_works/,https://www.reddit.com/r/explainlikeimfive/comments/1nkgzbs/eli5_how_does_pincer_search_in_data_mining_works/,can any please please drop a link for some solved examples ,1758221777.0,0.42,0,0,Engineering,patrickbatemanreddy,1,False,0,False,text
explainlikeimfive,1nkr6su,"ELI5: NFL Conferences, Brackets, Playoffs...",0,https://reddit.com/r/explainlikeimfive/comments/1nkr6su/eli5_nfl_conferences_brackets_playoffs/,https://www.reddit.com/r/explainlikeimfive/comments/1nkr6su/eli5_nfl_conferences_brackets_playoffs/,"I like watching football and can understand the game itself okay. But is it as easy as the best AFC team will play against the best NFC team, at the Superbowl? And what are Bye Weeks? TIA! ",1758247643.0,0.33,0,0,Other,Growing-The-Glooty,12,False,0,False,text
explainlikeimfive,1nkm07a,"ELI5 why do track and field athletes, especially runners in 100, 200 and 400meters seem to give up and slow down just before the finish line?",0,https://reddit.com/r/explainlikeimfive/comments/1nkm07a/eli5_why_do_track_and_field_athletes_especially/,https://www.reddit.com/r/explainlikeimfive/comments/1nkm07a/eli5_why_do_track_and_field_athletes_especially/,,1758233457.0,0.45,0,0,Other,therealviiru,14,False,0,False,text
explainlikeimfive,1nilvfp,ELI5: Why do phones and EVs say to keep the battery around 20–80%? What’s physically happening at the extremes that wears batteries faster?,3189,https://reddit.com/r/explainlikeimfive/comments/1nilvfp/eli5_why_do_phones_and_evs_say_to_keep_the/,https://www.reddit.com/r/explainlikeimfive/comments/1nilvfp/eli5_why_do_phones_and_evs_say_to_keep_the/,"I often see tips to avoid 0% and 100% on lithium batteries to make them last longer. Can you explain, in simple terms, what’s going on inside the battery near empty and near full that makes those levels rough on it?",1758039224.0,0.93,3189,0,Other,DifferentRice2453,465,False,0,False,text
explainlikeimfive,1nj2hsb,ELI5: how does Ozempic (or other weight loss jabs) work?,322,https://reddit.com/r/explainlikeimfive/comments/1nj2hsb/eli5_how_does_ozempic_or_other_weight_loss_jabs/,https://www.reddit.com/r/explainlikeimfive/comments/1nj2hsb/eli5_how_does_ozempic_or_other_weight_loss_jabs/,"Is it that they just suppress appetite? Or do they help in another way to lose weight? 

Say someone who is not on ozempic (A) makes sure to eat the exact same amount as someone who is taking it (B), would it achieve the same results had A been taking the jab? ",1758079958.0,0.74,322,0,Other,CommonSense28,268,False,0,False,text
explainlikeimfive,1nj66me,ELI5 How do they remove Metal particles from water/drinking water?,116,https://reddit.com/r/explainlikeimfive/comments/1nj66me/eli5_how_do_they_remove_metal_particles_from/,https://www.reddit.com/r/explainlikeimfive/comments/1nj66me/eli5_how_do_they_remove_metal_particles_from/,"For example:

People tend to sharpen their Knife/Knives then wipe it down and rinse it off.

Or rinse it off then wipe it down... How does the city remove all of these particles that are going down the drain",1758092508.0,0.83,116,0,Planetary Science,maurer6936,39,False,0,False,text
explainlikeimfive,1nkesa2,"ELI5: Engine mechanics, how does the result of the whole suck, squeeze, bang, pull process actually help the wheels move?",0,https://reddit.com/r/explainlikeimfive/comments/1nkesa2/eli5_engine_mechanics_how_does_the_result_of_the/,https://www.reddit.com/r/explainlikeimfive/comments/1nkesa2/eli5_engine_mechanics_how_does_the_result_of_the/,"I know how the fuel gets used in the cylinders, then it gets sent out but, to where, what does that exhausted gas do? How does the explosion in the cylinder actually turn the wheels?

  
Explained, I got it now",1758216861.0,0.31,0,0,Engineering,hands_off_mymacaroni,12,False,0,False,text
explainlikeimfive,1njwxo9,ELI5 What holds the atoms together in molecules?,2,https://reddit.com/r/explainlikeimfive/comments/1njwxo9/eli5_what_holds_the_atoms_together_in_molecules/,https://www.reddit.com/r/explainlikeimfive/comments/1njwxo9/eli5_what_holds_the_atoms_together_in_molecules/,I know if I delve into this question enough the answer will eventually be “because that’s what happens and it is the way it is” but I want to get as close to that point as possible. What forcé actually holds them together? Exchanging electrons? Why does that hold them together? ,1758163668.0,0.53,2,0,Chemistry,occasionallyvertical,13,False,0,False,text
explainlikeimfive,1nkh75z,ELI5: Monty Hall Alternatives,0,https://reddit.com/r/explainlikeimfive/comments/1nkh75z/eli5_monty_hall_alternatives/,https://www.reddit.com/r/explainlikeimfive/comments/1nkh75z/eli5_monty_hall_alternatives/,"In the traditional Monty Hall problem the chances of winning become 2 in 3 if you switch doors at the end.

Consider alternate problem ""1"" where Monty does not ask you to choose a door. He just immediately opens one of three doors, showing that it is a loser. He then asks you to choose a door. What are the chances that you choose the winner?

Consider alternate problem ""2"" where Monty asks you to choose one of three doors secretly and to tell no one. You choose door A. Monty knows which door has the prize. He randomly chooses one of the two doors that does not contain the prize. He opens door C to show that there is no prize. Will changing your choice now from A to B still improve your chance to 2 in 3?

What difference in action between problem ""1"" and problem ""2"" could result in the increased probability? If neither problem result in the increased probability, then what specific action results is the increased probability in the traditional problem?

I suspect that it has something to do with the contestant telling Monty their choice. Which makes Monty's choice of which door to show non-random. But I can't explain why.",1758222272.0,0.33,0,0,Mathematics,Sufficient-Brief2850,64,False,0,False,text
explainlikeimfive,1nitj20,ELI5 Why do humans live so much longer than other mammals?,411,https://reddit.com/r/explainlikeimfive/comments/1nitj20/eli5_why_do_humans_live_so_much_longer_than_other/,https://www.reddit.com/r/explainlikeimfive/comments/1nitj20/eli5_why_do_humans_live_so_much_longer_than_other/,,1758056143.0,0.88,411,0,Biology,Candid-Extension6599,87,False,0,False,text
explainlikeimfive,1nj0rio,ELI5: How do artists who make money off fanart not get sued/taken down?,154,https://reddit.com/r/explainlikeimfive/comments/1nj0rio/eli5_how_do_artists_who_make_money_off_fanart_not/,https://www.reddit.com/r/explainlikeimfive/comments/1nj0rio/eli5_how_do_artists_who_make_money_off_fanart_not/,"I’ve heard that for example, attempting to make money via writing fanfiction of existing characters is dangerous as you can be hit by copyright laws.

However, there are lots of digital artists with a strong online presence who draw fanart/fan animations, put them behind a paywall etc. but they have been going on strong for a long while. Some of these artists+animators are popular and make a LOT of money. 

So how come these artists are not being taken down for making money via existing content/characters?",1758074877.0,0.84,154,0,Other,One-Jelly8264,43,False,0,False,text
explainlikeimfive,1nj7owv,ELI5: How can a transformer create negative voltage in a system?,37,https://reddit.com/r/explainlikeimfive/comments/1nj7owv/eli5_how_can_a_transformer_create_negative/,https://www.reddit.com/r/explainlikeimfive/comments/1nj7owv/eli5_how_can_a_transformer_create_negative/,"I’m trying to understand power to submarine telecom cables but lack some very basic understanding of electricity - particularly voltage.

If a cable is attached to two continents at a cable landing station on each end, I’ve read that both stations will create a voltage differential along the cable. I just fundamentally don’t understand what the transformer in a receiving landing station is doing to create a negative voltage on a line that is has a positive voltage being created on the starting side.",1758098471.0,0.79,37,0,Engineering,TardWrangl3r,33,False,0,False,text
explainlikeimfive,1nk2wea,ELI5- why can’t a fan and dehumidifier be combined to make a cheap A/C?,0,https://reddit.com/r/explainlikeimfive/comments/1nk2wea/eli5_why_cant_a_fan_and_dehumidifier_be_combined/,https://www.reddit.com/r/explainlikeimfive/comments/1nk2wea/eli5_why_cant_a_fan_and_dehumidifier_be_combined/,"My friend said it was stupid. But if an AC works by blowing cool air while removing moisture to change the temperature, why can’t you just combine a fan and dehumidifier?",1758184757.0,0.49,0,0,Technology,B0llfondlr,43,False,0,False,text
explainlikeimfive,1niema5,ELI5: Why does it take forever for hot water to reach the shower?,848,https://reddit.com/r/explainlikeimfive/comments/1niema5/eli5_why_does_it_take_forever_for_hot_water_to/,https://www.reddit.com/r/explainlikeimfive/comments/1niema5/eli5_why_does_it_take_forever_for_hot_water_to/,"Every morning I turn on the shower and wait like two minutes before the water is hot. It’s the same with the sink. Honestly, those two minutes aren’t the worst though I usually just check my phone or play some slots on grizzly’s quest while I’m waiting. Where is the water “waiting” in those two minutes? Why can’t it just be hot right away?",1758021473.0,0.75,848,0,Other,OrbitingOtter-,563,False,0,False,text
explainlikeimfive,1nk2h2r,ELI5 Why do we see blue as a cold colour when it's the colour of the hottest fires and starts?,0,https://reddit.com/r/explainlikeimfive/comments/1nk2h2r/eli5_why_do_we_see_blue_as_a_cold_colour_when_its/,https://www.reddit.com/r/explainlikeimfive/comments/1nk2h2r/eli5_why_do_we_see_blue_as_a_cold_colour_when_its/,,1758183039.0,0.45,0,0,Other,BookWormPerson,49,False,0,False,text
explainlikeimfive,1nif6wn,"ELI5: Why do athletes from different track & field events all run in a specific way, unique to their discipline?",294,https://reddit.com/r/explainlikeimfive/comments/1nif6wn/eli5_why_do_athletes_from_different_track_field/,https://www.reddit.com/r/explainlikeimfive/comments/1nif6wn/eli5_why_do_athletes_from_different_track_field/,"Watching the Athletics world championships and noticed you can identify which discipline the athlete is competing in solely based on their running technique. For example, a high jump run-up starts with some long jumpy steps and then transitions into some normal ones... And a long jump run up has very pronounced high knees & arms? Almost all of the unique disciplines have their own styles that all the athletes seem to use.

Is there a performance related reason for this? Or did one world-beater just do it once and everyone copied?",1758023243.0,0.86,294,0,Other,Various_Good_6964,26,False,0,False,text
explainlikeimfive,1niz7y0,ELI5: Why do warm liquids disolve sugar faster than cold ones? Is that a universal thing?,22,https://reddit.com/r/explainlikeimfive/comments/1niz7y0/eli5_why_do_warm_liquids_disolve_sugar_faster/,https://www.reddit.com/r/explainlikeimfive/comments/1niz7y0/eli5_why_do_warm_liquids_disolve_sugar_faster/,"Well, that. ",1758070561.0,0.63,22,0,Chemistry,RandomHuman1138,31,False,0,False,text
explainlikeimfive,1njqkv9,ELI5: Isotropic quadratic form,0,https://reddit.com/r/explainlikeimfive/comments/1njqkv9/eli5_isotropic_quadratic_form/,https://www.reddit.com/r/explainlikeimfive/comments/1njqkv9/eli5_isotropic_quadratic_form/,"I’m in a rabbit hole within the possible shapes of the universe and had difficulty understanding what the quality of being isotropic means and how it relates to quadratic form. 
Since it’s something relating to the possible shapes of the universe it feels like planetary science would make more sense rather than math since it’s just geometry for math.",1758146318.0,0.33,0,0,Planetary Science,Worried-Guess9513,2,False,0,False,text
explainlikeimfive,1ni3dmm,"ELI5: How are cured meats, like sausages made from raw meat safe to eat?",833,https://reddit.com/r/explainlikeimfive/comments/1ni3dmm/eli5_how_are_cured_meats_like_sausages_made_from/,https://www.reddit.com/r/explainlikeimfive/comments/1ni3dmm/eli5_how_are_cured_meats_like_sausages_made_from/,"How come those are safe to eat even though they're made from raw meat? Like, at what point of its making depending on the sausage, do all the bacteria die and how?

  
edit: Solved. Thank y'all.",1757983606.0,0.89,833,0,Other,FlufferNotFound,236,False,0,False,text
explainlikeimfive,1nielgw,ELI5: why does creamer have such a long expiration date vs regular milk?,120,https://reddit.com/r/explainlikeimfive/comments/1nielgw/eli5_why_does_creamer_have_such_a_long_expiration/,https://www.reddit.com/r/explainlikeimfive/comments/1nielgw/eli5_why_does_creamer_have_such_a_long_expiration/,"Similar ingredients (milk, cream, sugar vs just milk) but a much longer life. My current creamer has a “use by” date of Feb 26, while my regular milk is usually 2-3 weeks.",1758021405.0,0.81,120,0,Biology,Ecstatic_Ad2433,48,False,0,False,text
explainlikeimfive,1njsy8u,"ELI5: Why isn't the cardinality of ℤ 2ℵ₀, why is it ℵ₀?",0,https://reddit.com/r/explainlikeimfive/comments/1njsy8u/eli5_why_isnt_the_cardinality_of_ℤ_2ℵ₀_why_is_it/,https://www.reddit.com/r/explainlikeimfive/comments/1njsy8u/eli5_why_isnt_the_cardinality_of_ℤ_2ℵ₀_why_is_it/,"It doesn't make intuitive sense to me. Each positive integer n can be paired with two elements of the integer set, +n and -n",1758152368.0,0.41,0,0,Mathematics,1007Con,13,False,0,False,text
explainlikeimfive,1niagkm,ELI5: Why do forces like gravity or electromagnetism only propagate at the speed of light?,133,https://reddit.com/r/explainlikeimfive/comments/1niagkm/eli5_why_do_forces_like_gravity_or/,https://www.reddit.com/r/explainlikeimfive/comments/1niagkm/eli5_why_do_forces_like_gravity_or/,,1758005924.0,0.84,133,0,Physics,nilsohnee,66,False,0,False,text
explainlikeimfive,1njm3jq,ELI5 Weight loss and sleep,0,https://reddit.com/r/explainlikeimfive/comments/1njm3jq/eli5_weight_loss_and_sleep/,https://www.reddit.com/r/explainlikeimfive/comments/1njm3jq/eli5_weight_loss_and_sleep/,"How does a lack of sleep affect weight loss, specifically in the face?",1758135725.0,0.29,0,0,Biology,Specialist_Neat_8727,8,False,0,False,text
explainlikeimfive,1nivpoh,ELi5 How Do Police Car Scanners Catch Drivers With Suspended License?,8,https://reddit.com/r/explainlikeimfive/comments/1nivpoh/eli5_how_do_police_car_scanners_catch_drivers/,https://www.reddit.com/r/explainlikeimfive/comments/1nivpoh/eli5_how_do_police_car_scanners_catch_drivers/,"Knowing several people with different degress of suspended. One had OWI another had suspension for speedings. OWI stopped driving but speeding kept going and never got caught.

How does it work when someone drives with a suspended license? Can the police scan their plates and immediately know or do they have to be pulled over?",1758061305.0,0.54,8,0,Other,Weird_Olive_4460,37,False,0,False,text
explainlikeimfive,1ni938j,ELI5 How does light always travel at a constant speed?,122,https://reddit.com/r/explainlikeimfive/comments/1ni938j/eli5_how_does_light_always_travel_at_a_constant/,https://www.reddit.com/r/explainlikeimfive/comments/1ni938j/eli5_how_does_light_always_travel_at_a_constant/,"
How does light travel at a constant speed? Isn’t speed relative to the observer always? How can I understand this fact without breaking everything I understand about speed intuitively? 
",1758000888.0,0.74,122,0,Planetary Science,lostInTranslation547,113,False,0,False,text
explainlikeimfive,1nji2hm,"ELI5 Can someone please explain the difference between promissory note, cheque and bill of exchange. I have tried so many times but can't understand it.",0,https://reddit.com/r/explainlikeimfive/comments/1nji2hm/eli5_can_someone_please_explain_the_difference/,https://www.reddit.com/r/explainlikeimfive/comments/1nji2hm/eli5_can_someone_please_explain_the_difference/,,1758126866.0,0.31,0,0,Economics,FreedomAway4724,2,False,0,False,text
explainlikeimfive,1nj4vd6,ELI5: What makes chocolate harden ?,2,https://reddit.com/r/explainlikeimfive/comments/1nj4vd6/eli5_what_makes_chocolate_harden/,https://www.reddit.com/r/explainlikeimfive/comments/1nj4vd6/eli5_what_makes_chocolate_harden/,What ingredient helps to harden chocolate so that it could remain hard at room temperature? Can I make use of any powdered ingredient with enough fat harden the same way?,1758087704.0,0.52,2,0,Chemistry,thaichillipepper,12,False,0,False,text
explainlikeimfive,1nhln57,Eli5 Why don’t we just drill really deep holes to let extra floodwater soak back into the ground?,1541,https://reddit.com/r/explainlikeimfive/comments/1nhln57/eli5_why_dont_we_just_drill_really_deep_holes_to/,https://www.reddit.com/r/explainlikeimfive/comments/1nhln57/eli5_why_dont_we_just_drill_really_deep_holes_to/,Edit: Thank you all so much for taking the time to reply. I really appreciate the way you explained so simply and clearly and I truly learned from your responses. ,1757942364.0,0.89,1541,0,Other,arztnur,217,False,0,False,text
explainlikeimfive,1njdvc6,ELI5: Why don't flash drives hold their advertised capacity?,0,https://reddit.com/r/explainlikeimfive/comments/1njdvc6/eli5_why_dont_flash_drives_hold_their_advertised/,https://www.reddit.com/r/explainlikeimfive/comments/1njdvc6/eli5_why_dont_flash_drives_hold_their_advertised/,"I recently bought some 64GB flash drives for a system back up, but when I went to use them, there wasn't enough memory for the 59GB worth of backup files. Sure enough, I check the drive properties and it shows 58.5GB of free space.

I get that every storage drive is going to require some system files for structure and whatnot, ***but 6GB worth***? That seems excessive. And if it's not, why isn't there a regulation stating the manufacturer has to advertise it as a 58GB drive? ",1758117411.0,0.42,0,0,Technology,IveGotDumbQuestions,48,False,0,False,text
explainlikeimfive,1nihgz5,ELI5: Why is it that most patterns in the nature only repeat at different scales instead of varying?,16,https://reddit.com/r/explainlikeimfive/comments/1nihgz5/eli5_why_is_it_that_most_patterns_in_the_nature/,https://www.reddit.com/r/explainlikeimfive/comments/1nihgz5/eli5_why_is_it_that_most_patterns_in_the_nature/,,1758029219.0,0.68,16,0,Physics,RegisterEmergency541,4,False,0,False,text
explainlikeimfive,1ni4l0a,ELI5: Why is our solar system organized the way it is?,120,https://reddit.com/r/explainlikeimfive/comments/1ni4l0a/eli5_why_is_our_solar_system_organized_the_way_it/,https://www.reddit.com/r/explainlikeimfive/comments/1ni4l0a/eli5_why_is_our_solar_system_organized_the_way_it/,"Like we have  
\-Sun  
\-All Terrestrial Planets  
\-Asteroid Belt  
\-All Gaseous Giants  
\-Asteroid Belt

and then like the gas giants are organized in descending order. like is there a physics explanation or is it just weird serendipity?",1757986939.0,0.77,120,0,Planetary Science,Chesnutthouse,51,False,0,False,text
explainlikeimfive,1njdi4d,ELI5: Why do people with schizophrenia believes in a story made of unrealated random ideas?,0,https://reddit.com/r/explainlikeimfive/comments/1njdi4d/eli5_why_do_people_with_schizophrenia_believes_in/,https://www.reddit.com/r/explainlikeimfive/comments/1njdi4d/eli5_why_do_people_with_schizophrenia_believes_in/,"I know a guy who believed that an ""organization"" was using lights in his house to control him through changing ideas in his mind to make him harm himself and that organization was ""collaborating"" with zombies who were disguised as his closest relatives to get him. And all these while explaining how his old radio was intercepting the garbled messages sent back and forth by the organization and zombies. 


Edit: User name was actually inspired by research on psychology.",1758116513.0,0.38,0,0,Biology,SchizoprenicZombie,43,False,0,False,text
explainlikeimfive,1nivs3z,ELI5 What is Oxygen Reduction Potential?,0,https://reddit.com/r/explainlikeimfive/comments/1nivs3z/eli5_what_is_oxygen_reduction_potential/,https://www.reddit.com/r/explainlikeimfive/comments/1nivs3z/eli5_what_is_oxygen_reduction_potential/,Working with an ORP probe and don't really understand what it's actually measuring. ,1758061472.0,0.45,0,0,Chemistry,ConsistentShoe8649,4,False,0,False,text
explainlikeimfive,1nhqadw,ELI5: Why is bread harder after heating it up and cooling it down than after doing nothing ?,176,https://reddit.com/r/explainlikeimfive/comments/1nhqadw/eli5_why_is_bread_harder_after_heating_it_up_and/,https://www.reddit.com/r/explainlikeimfive/comments/1nhqadw/eli5_why_is_bread_harder_after_heating_it_up_and/,,1757952990.0,0.82,176,0,Chemistry,Mrrowp,21,False,0,False,text
explainlikeimfive,1nhx0gh,Eli5 how can back/neck muscles get so tweaked while sleeping,83,https://reddit.com/r/explainlikeimfive/comments/1nhx0gh/eli5_how_can_backneck_muscles_get_so_tweaked/,https://www.reddit.com/r/explainlikeimfive/comments/1nhx0gh/eli5_how_can_backneck_muscles_get_so_tweaked/,The amount of muscle tightness and pain after “sleeping wrong” seems beyond what someone should be able to do while lying still and sleeping. ,1757967748.0,0.88,83,0,Biology,PalpitationMuted9816,3,False,0,False,text
explainlikeimfive,1ni37ox,ELI5: Why so many things have much more than the DRV of B Vitamins?,22,https://reddit.com/r/explainlikeimfive/comments/1ni37ox/eli5_why_so_many_things_have_much_more_than_the/,https://www.reddit.com/r/explainlikeimfive/comments/1ni37ox/eli5_why_so_many_things_have_much_more_than_the/,"On the average day I seem to be getting about 6-10 times the DRV of B vitamins from chicken I eat, Monster Zero Energy and my multivitamins. So many things seem to have many times the DRV. Why do they put so much?",1757983162.0,0.67,22,0,Biology,thatsguy1975,14,False,0,False,text
explainlikeimfive,1nj289c,ELI5: How does the internet move information across the world in a fraction of a second?,0,https://reddit.com/r/explainlikeimfive/comments/1nj289c/eli5_how_does_the_internet_move_information/,https://www.reddit.com/r/explainlikeimfive/comments/1nj289c/eli5_how_does_the_internet_move_information/,,1758079161.0,0.33,0,0,Engineering,Wooden-Lobster9917,19,False,0,False,text
explainlikeimfive,1nj4050,ELI5 the computation happen in LLM,0,https://reddit.com/r/explainlikeimfive/comments/1nj4050/eli5_the_computation_happen_in_llm/,https://www.reddit.com/r/explainlikeimfive/comments/1nj4050/eli5_the_computation_happen_in_llm/,I know till the part where a attention matrix is made . But I can't understand what after that . ,1758084706.0,0.2,0,0,Technology,Wooden-Bill-1432,1,False,0,False,text
explainlikeimfive,1nhw20q,"ELI5: In the Copenhagen interpretation of quantum mechanics, do particles really not exist fully until we observe them?",36,https://reddit.com/r/explainlikeimfive/comments/1nhw20q/eli5_in_the_copenhagen_interpretation_of_quantum/,https://www.reddit.com/r/explainlikeimfive/comments/1nhw20q/eli5_in_the_copenhagen_interpretation_of_quantum/,"I’ve been reading about the Copenhagen interpretation, and it says that a particle’s wave function “collapses” when we measure it. Does this mean that the particle isn’t fully real until someone looks at it, or is it just a way of describing our uncertainty? I’m not looking for heavy math, just a simple explanation or analogy that makes sense to a non-physicist.",1757965655.0,0.74,36,0,Physics,Ok-Quiet-945,78,False,0,False,text
explainlikeimfive,1nj2lxz,ELI5 Why don’t we have acidic ammunition in the same way we have incendiary rounds,0,https://reddit.com/r/explainlikeimfive/comments/1nj2lxz/eli5_why_dont_we_have_acidic_ammunition_in_the/,https://www.reddit.com/r/explainlikeimfive/comments/1nj2lxz/eli5_why_dont_we_have_acidic_ammunition_in_the/,"I’ve been brain storming about this from video games having different elemental effects, freeze fire etc and it makes sense why freezing weapons don’t exist by not being effective or efficient but why not acidic/corrosive? Rifle rounds with acid instead of white phosphorus seems like a good idea Becasue a grazed bullet or non lethal wound could be lethal with the acid burning and opening a vital blood stream. Or for shotguns corrosive would be good for breaching metal doors Becasue it eats the door away making it less sturdy, call is bilebreath rounds instead of dragon breath ",1758080312.0,0.33,0,0,Technology,Soggy-Inspection-945,38,False,0,False,text
explainlikeimfive,1nh7fh4,"ELI5: why is tobacco pipe, which is usually made from wood, not getting burned up when the tobacco is literally burning into ashes inside the pipe?",1083,https://reddit.com/r/explainlikeimfive/comments/1nh7fh4/eli5_why_is_tobacco_pipe_which_is_usually_made/,https://www.reddit.com/r/explainlikeimfive/comments/1nh7fh4/eli5_why_is_tobacco_pipe_which_is_usually_made/,,1757895759.0,0.91,1083,0,Other,Fabulous_Bathroom_92,106,False,0,False,text
explainlikeimfive,1nhnqf2,ELI5: How do private banks can even afford to lend cheap loans to rich? Treasury offers higher rate.,61,https://reddit.com/r/explainlikeimfive/comments/1nhnqf2/eli5_how_do_private_banks_can_even_afford_to_lend/,https://www.reddit.com/r/explainlikeimfive/comments/1nhnqf2/eli5_how_do_private_banks_can_even_afford_to_lend/,"
Read bloomberg article that private banks lend to ultra rich for 1-3% against their assets.
 
If the government treasury offers higher rate than what these private bank offer to ultra rich for their lifestyle, mortgages, how does this make economic sense for private banks??

Anybody here worked at private bank, can you explain?",1757947320.0,0.65,61,0,Other,Thin-Cheesecake-1619,86,False,0,False,text
explainlikeimfive,1nivzhn,ELI5: why are sore throats red?,0,https://reddit.com/r/explainlikeimfive/comments/1nivzhn/eli5_why_are_sore_throats_red/,https://www.reddit.com/r/explainlikeimfive/comments/1nivzhn/eli5_why_are_sore_throats_red/,"Whenever I goole this question, it just brings up symptoms for sore throats.   
Also, how does the human body repair the sore throat",1758061981.0,0.38,0,0,Biology,LawyerEmpty9837,2,False,0,False,text
explainlikeimfive,1nia82k,ELI5: Chimerism/ Mosaicism,3,https://reddit.com/r/explainlikeimfive/comments/1nia82k/eli5_chimerism_mosaicism/,https://www.reddit.com/r/explainlikeimfive/comments/1nia82k/eli5_chimerism_mosaicism/,"I don’t understand it- how it exists in many living organisms and how most humans aren’t even aware they possess it. How is it possible for a human being to possess multiple DNA and still have a normal functioning body? How do the two different types of cells know who’s doing what and as they are begun the process of dividing and multiplying to grow, why wouldn’t they try to create a whole body singularly instead of in tandem alongside another set of DNA?",1758005029.0,0.57,3,0,Biology,MrsBigglesworth-_-,5,False,0,False,text
explainlikeimfive,1nisj35,"ELI5: Why is fire a light orange-yellow looking colour usually, until it’s not",0,https://reddit.com/r/explainlikeimfive/comments/1nisj35/eli5_why_is_fire_a_light_orangeyellow_looking/,https://www.reddit.com/r/explainlikeimfive/comments/1nisj35/eli5_why_is_fire_a_light_orangeyellow_looking/,I was looking at my candle ,1758053875.0,0.43,0,0,Other,vampire-expert69,8,False,0,False,text
explainlikeimfive,1niomtz,ELI5- Study guide confusion. Pressure/volume/temp,0,https://reddit.com/r/explainlikeimfive/comments/1niomtz/eli5_study_guide_confusion_pressurevolumetemp/,https://www.reddit.com/r/explainlikeimfive/comments/1niomtz/eli5_study_guide_confusion_pressurevolumetemp/,"I have a study guide with a confusing question and answer.  
Q: 5-6(0). If the volume of a gas is allowed to increase, what effect does this have on its temperature if the pressure remains the same?  
A: 5-6(0). 2 Allowing the volume of a gas to increase, but maintaining the same pressure its temperature will decrease.



Please explain it like I am 4 1/2.  In my tiny mind, I picture, for example, a 1 cu.ft. tank of Hg at 100 psi and it is 80 degrees. If I increase it to a 3 cu.ft. container, still at 100psi, wouldn't the temp still be 80 degrees? Go easy on my plebeian brain sack.",1758045289.0,0.41,0,0,Physics,everydaystruggler,15,False,0,False,text
explainlikeimfive,1ngzg6y,ELI5: How do giraffes not pass out every time they bend down to drink water?,1335,https://reddit.com/r/explainlikeimfive/comments/1ngzg6y/eli5_how_do_giraffes_not_pass_out_every_time_they/,https://www.reddit.com/r/explainlikeimfive/comments/1ngzg6y/eli5_how_do_giraffes_not_pass_out_every_time_they/,"Their necks are so tall and their hearts have to pump blood all the way up there. So when they lower their head down, shouldn’t all the blood rush into their brain and make them feel really faint? ",1757875867.0,0.92,1335,0,Biology,SlinkyCues,122,False,0,False,text
explainlikeimfive,1nh52fk,ELI5: Why does cat pee smell so bad compared to other animal’s,620,https://reddit.com/r/explainlikeimfive/comments/1nh52fk/eli5_why_does_cat_pee_smell_so_bad_compared_to/,https://www.reddit.com/r/explainlikeimfive/comments/1nh52fk/eli5_why_does_cat_pee_smell_so_bad_compared_to/,I assume it’s because there’s more pneumonia in it than other animals pee but like why? Is it something to do with marking things or are cats just like that with their pee that burns my nose hairs,1757889310.0,0.78,620,0,Other,QubeTheAlt,215,False,0,False,text
explainlikeimfive,1nino1g,Eli5: Why our faces express emotions?,0,https://reddit.com/r/explainlikeimfive/comments/1nino1g/eli5_why_our_faces_express_emotions/,https://www.reddit.com/r/explainlikeimfive/comments/1nino1g/eli5_why_our_faces_express_emotions/,"Like, why do our faces muscles contort into certain poses to express certain emotions? Is it for communication? Because surely you can feel happy without smiling, what evolutionary benefit does that extra effort provide?",1758043209.0,0.44,0,0,Biology,Civil_Aside_359,5,False,0,False,text
explainlikeimfive,1ngw9ae,"ELI5: How did Germany build up its navy, army and airforce after WW1 without the other countries knowing? Didn't the Treaty of Versailles strictly limit these?",1181,https://reddit.com/r/explainlikeimfive/comments/1ngw9ae/eli5_how_did_germany_build_up_its_navy_army_and/,https://www.reddit.com/r/explainlikeimfive/comments/1ngw9ae/eli5_how_did_germany_build_up_its_navy_army_and/,,1757868495.0,0.93,1181,0,Other,Queltis6000,274,False,0,False,text
explainlikeimfive,1nhqncx,ELI5: How are neurons formed if they do not have centrosomes in human body?,16,https://reddit.com/r/explainlikeimfive/comments/1nhqncx/eli5_how_are_neurons_formed_if_they_do_not_have/,https://www.reddit.com/r/explainlikeimfive/comments/1nhqncx/eli5_how_are_neurons_formed_if_they_do_not_have/,Do they just like get longer throughout life?    ,1757953794.0,0.68,16,0,Biology,fvrrealangel,2,False,0,False,text
explainlikeimfive,1nijptg,ELI5 - Why is air necessary for bike tires to work?,0,https://reddit.com/r/explainlikeimfive/comments/1nijptg/eli5_why_is_air_necessary_for_bike_tires_to_work/,https://www.reddit.com/r/explainlikeimfive/comments/1nijptg/eli5_why_is_air_necessary_for_bike_tires_to_work/,"As far as my research has gone, tire pressure exists as a shock absorber, which gives the rider a smoother ride. Thing is, it seems to be doing a lot more than that, at least on mine. My bike recently lost all the air in its back tire, and I noticed this because I took more effort to pedal downhill than it did to walk uphill myself. The lack of air made it almost impossible to move the bike at all, for reasons I can’t quite pinpoint. 

I should clarify that part of the issue with mine seemed to be related to the inner tube, with it slipping out partially (though not enough to conflict with the chain at the time). If that’s more related to the question, I would appreciate an answer there. ",1758034421.0,0.38,0,0,Engineering,Ender_Serpent,37,False,0,False,text
explainlikeimfive,1nhotdy,ELI5: How do gold prices work?,10,https://reddit.com/r/explainlikeimfive/comments/1nhotdy/eli5_how_do_gold_prices_work/,https://www.reddit.com/r/explainlikeimfive/comments/1nhotdy/eli5_how_do_gold_prices_work/,"I want to better understand the economics behind how the interest rate changes will affect gold prices. I’m thinking of it in an opportunity cost scenario where lower interest rates will cause people to sell gold because they want to use that money to buy other things, but am I mistaken? What are the other possibilities?",1757949739.0,0.63,10,0,Economics,Killer-Frost-0,15,False,0,False,text
explainlikeimfive,1nij6dd,ELI5 How does an A.C works,0,https://reddit.com/r/explainlikeimfive/comments/1nij6dd/eli5_how_does_an_ac_works/,https://www.reddit.com/r/explainlikeimfive/comments/1nij6dd/eli5_how_does_an_ac_works/,,1758033207.0,0.45,0,0,Technology,EmbarrassedAdvance89,35,False,0,False,text
explainlikeimfive,1nh9oib,"ELI5, why does gore, specifically of humans, engrave into the mind?",84,https://reddit.com/r/explainlikeimfive/comments/1nh9oib/eli5_why_does_gore_specifically_of_humans_engrave/,https://www.reddit.com/r/explainlikeimfive/comments/1nh9oib/eli5_why_does_gore_specifically_of_humans_engrave/,"How does it work? I know it's called PTSD or being traumatized, but how and why?

It's just... My brain can just not process gore on humans. It engraves into the mind. You can't think about anything else for a long time.

You see roadkill and you don't have the same reaction, just sad for a moment. You'll probably forget the next day.

I could never get a simple response that wasn't complex and hard to understand. Why can't your brain process it? It can handle about any other animal? Please help me out here and don't be rude. Thanks.",1757902246.0,0.74,84,0,Biology,goinzzzk,34,False,0,False,text
explainlikeimfive,1ngmy28,"ELI5 how does some products (like Logitech's mice) have ""Faster than Wired"" latency?",1493,https://reddit.com/r/explainlikeimfive/comments/1ngmy28/eli5_how_does_some_products_like_logitechs_mice/,https://www.reddit.com/r/explainlikeimfive/comments/1ngmy28/eli5_how_does_some_products_like_logitechs_mice/,I'm just a bit confused since I'm plugging it into the same port and it's faster???,1757842566.0,0.92,1493,0,Technology,DomiTheDed,177,False,0,False,text
explainlikeimfive,1nidvyz,"ELI5 : What is p  , np , npc , nphard?",0,https://reddit.com/r/explainlikeimfive/comments/1nidvyz/eli5_what_is_p_np_npc_nphard/,https://www.reddit.com/r/explainlikeimfive/comments/1nidvyz/eli5_what_is_p_np_npc_nphard/,"why is reducing a already know npc problem to our problem make it also a npc problem as of now its not making any sense at all

",1758019057.0,0.3,0,0,Engineering,patrickbatemanreddy,8,False,0,False,text
explainlikeimfive,1nicjd5,ELI5: How does my wireless phone charger work? How can energy (the electricity) travel through empty air without any wires?,0,https://reddit.com/r/explainlikeimfive/comments/1nicjd5/eli5_how_does_my_wireless_phone_charger_work_how/,https://www.reddit.com/r/explainlikeimfive/comments/1nicjd5/eli5_how_does_my_wireless_phone_charger_work_how/,"I can understand a cable carrying electricity, but my new phone charger is just a pad. I put my phone on it and it magically gets power. There's nothing connecting them! It feels like actual wizardry.

How does the energy jump from the pad into my phone? What is actually happening in that tiny space between them?",1758014086.0,0.41,0,0,Technology,Destrictor,40,False,0,False,text
explainlikeimfive,1nh7qh4,ELI5: Ternary Computing?,54,https://reddit.com/r/explainlikeimfive/comments/1nh7qh4/eli5_ternary_computing/,https://www.reddit.com/r/explainlikeimfive/comments/1nh7qh4/eli5_ternary_computing/,"I was already kind of aware of ternary computing as a novelty, but with binary being the overwhelming standard, never paid much attention.

Now that Huawei's new ternary chips are hitting the market, it feels like its time to tune in. I get how they work, loosely. Each transistor has 3 states instead of 2 like in binary.

What I don't get is the efficiency and power stats. Huawei's claiming about 50% more computing power and about 50% less energy consumption.

In my head, it should be higher and I don't follow.

10 binary transistors can have 1,024 different combinations  
10 ternary transistors can have 59,049 different combinations

Modern CPUs have billions of transistors.

Why aren't ternary chips exponentially more powerful than binary chips?",1757896625.0,0.79,54,0,Technology,Bitter-Ad640,25,False,0,False,text
explainlikeimfive,1ngril2,ELI5: Why does a vehicle need a battery or alternator to keep running?,307,https://reddit.com/r/explainlikeimfive/comments/1ngril2/eli5_why_does_a_vehicle_need_a_battery_or/,https://www.reddit.com/r/explainlikeimfive/comments/1ngril2/eli5_why_does_a_vehicle_need_a_battery_or/,"I understand that the battery is required for the starter but once it’s moving, why is electric power required? I get that the headlights, ac, windows, etc require electricity but as i understand it, the driving part itself is mostly mechanical. So why does the car die when alternator/ battery dies?",1757857019.0,0.8,307,0,Engineering,cant_bother_me,345,False,0,False,text
explainlikeimfive,1nhmqyz,ELI5- Water droplets not breaking surface tension of water,3,https://reddit.com/r/explainlikeimfive/comments/1nhmqyz/eli5_water_droplets_not_breaking_surface_tension/,https://www.reddit.com/r/explainlikeimfive/comments/1nhmqyz/eli5_water_droplets_not_breaking_surface_tension/,"I was at a rave the other night standing right in front of a subwoofer, and noticed my water bottle had droplets of water that would stay and kind of dance on top of the surface of the water. If there was a low rumble, it seemed the water would spike, create a new droplet, then that droplet would just float on top until the bass was quiet enough for it to combine with the rest. I know this is a really bad explanation, and unfortunately the video I got doesn’t show enough for context, but if anyone knows what I’m talking about, please help me understand this! It was super cool. Bonus points if you can help me find a good video showing the",1757945044.0,0.55,3,0,Physics,thedrew_22,7,False,0,False,text
explainlikeimfive,1ni65fh,ELI5: How does Scorpion Venom work?,0,https://reddit.com/r/explainlikeimfive/comments/1ni65fh/eli5_how_does_scorpion_venom_work/,https://www.reddit.com/r/explainlikeimfive/comments/1ni65fh/eli5_how_does_scorpion_venom_work/,,1757991438.0,0.35,0,0,Other,iliedbro_,3,False,0,False,text
explainlikeimfive,1ni6keh,ELI5: What is inbreeding?,0,https://reddit.com/r/explainlikeimfive/comments/1ni6keh/eli5_what_is_inbreeding/,https://www.reddit.com/r/explainlikeimfive/comments/1ni6keh/eli5_what_is_inbreeding/,"I’m trying to settle a debate with a friend. Suppose you have a couple, A and B, with children. It just so happens that A’s uncle and B’s aunt are also married, and have children. And suppose A’s sister and B’s brother also marry and have children. Is there any inbreeding in this example? My friend thinks yes because you’re limiting the total gene pool of the families due to inbreeding. My argument is that since each couple share no genetics, there’s no inbreeding because each child’s genes are as diverse as possible (obviously it would be a different story if each child further married someone else in either family). Which definition is correct?",1757992657.0,0.42,0,0,Biology,ringorin,23,False,0,False,text
explainlikeimfive,1nicirg,ELI5: How do companies like Netflix lose billions of dollars every year but are still considered successful and don't shut down?,0,https://reddit.com/r/explainlikeimfive/comments/1nicirg/eli5_how_do_companies_like_netflix_lose_billions/,https://www.reddit.com/r/explainlikeimfive/comments/1nicirg/eli5_how_do_companies_like_netflix_lose_billions/,"I read that Netflix has lost huge amounts of money for years. If I lost that much money from my piggy bank, I'd be in big trouble. How can a company do that and not go broke? Who is giving them all this money to lose, and why do they keep doing it?",1758014014.0,0.33,0,0,Economics,MStrodl,30,False,0,False,text
explainlikeimfive,1ngxtbb,ELI5 why exactly does the energy in mass relate to the speed of light?,74,https://reddit.com/r/explainlikeimfive/comments/1ngxtbb/eli5_why_exactly_does_the_energy_in_mass_relate/,https://www.reddit.com/r/explainlikeimfive/comments/1ngxtbb/eli5_why_exactly_does_the_energy_in_mass_relate/,So the whole E=mc² is kinda confusing to me because why does the speed of light decide how much energy makes up a given piece of matter? I know light is a universal constant but to me it just seems a bit unrelated to mass and matter as a whole?,1757872066.0,0.83,74,0,Physics,Lexi_Bean21,56,False,0,False,text
explainlikeimfive,1ni8jxw,"ELI5: How does going “all in” work as a poker bet. In the movies everybody just pushes everything they have into the middle of the table. Like, what?",0,https://reddit.com/r/explainlikeimfive/comments/1ni8jxw/eli5_how_does_going_all_in_work_as_a_poker_bet_in/,https://www.reddit.com/r/explainlikeimfive/comments/1ni8jxw/eli5_how_does_going_all_in_work_as_a_poker_bet_in/,Is there any strategic advantage to doing this? Does this actually happen IRL?,1757999034.0,0.37,0,0,Other,thepixelpaint,37,False,0,False,text
explainlikeimfive,1ngop86,ELI5 - Pilots - why do you need to move the yoke so much when landing?,229,https://reddit.com/r/explainlikeimfive/comments/1ngop86/eli5_pilots_why_do_you_need_to_move_the_yoke_so/,https://www.reddit.com/r/explainlikeimfive/comments/1ngop86/eli5_pilots_why_do_you_need_to_move_the_yoke_so/,"When I watch videos of large aircraft landing, it looks like the pilot is moving the yoke all over the place, but the plane seems relatively stable. 

Does input from the yoke not have much effect or does it just take a lot of effort to make the plane go where you want it to?

",1757848773.0,0.81,229,0,Other,tommysqueaker1972,81,False,0,False,text
explainlikeimfive,1nh0t2w,ELI5: Why did old TV shows have weird pink trails whenever bright lights flashed?,48,https://reddit.com/r/explainlikeimfive/comments/1nh0t2w/eli5_why_did_old_tv_shows_have_weird_pink_trails/,https://www.reddit.com/r/explainlikeimfive/comments/1nh0t2w/eli5_why_did_old_tv_shows_have_weird_pink_trails/,"[For an example of what I mean, see this video.](https://youtu.be/GyxSvZOby54) At 0:23-29 and 2:28-31, the guitarist's guitar and shirt catch the lights of the studio very brightly. When that happens, they leave a kind of pink afterimage which rapidly fades. What caused this to happen? It's kind of cool, not gonna lie.",1757879038.0,0.73,48,0,Technology,LavaMeteor,24,False,0,False,text
explainlikeimfive,1ni3obq,Eli5 what's the difference between the Rock Cycle and the Wilson Cycle,0,https://reddit.com/r/explainlikeimfive/comments/1ni3obq/eli5_whats_the_difference_between_the_rock_cycle/,https://www.reddit.com/r/explainlikeimfive/comments/1ni3obq/eli5_whats_the_difference_between_the_rock_cycle/,I have an exam tomorrow and I'm trying to google the difference but there's way too many big words explaining the two of them and I can barely find any sources online for a compare and contrast,1757984413.0,0.33,0,0,Planetary Science,Few-Director3557,8,False,0,False,text
explainlikeimfive,1nh0lhz,"ELI5 Decibels, I’m very confused.",43,https://reddit.com/r/explainlikeimfive/comments/1nh0lhz/eli5_decibels_im_very_confused/,https://www.reddit.com/r/explainlikeimfive/comments/1nh0lhz/eli5_decibels_im_very_confused/,"As I understand it, the scale is logarithmic, so 60 decibels is ten times as intense as 50 decibels, but 60 decibels doesn’t feel like it’s 10 times louder than 50. I get especially confused when it comes to the examples. One source says a daisy Red Ryder BB gun is 97 decibels, which cannot be true. I’ve got like 3 of them and they don’t cause any ear strain whatsoever, which from my understanding, 97 decibels would cause your ears to ring a little bit. How the hell is something that is ten times as intense not sound ten times as loud? Is it something to do with the way the human brain processes sound? If I were to be punched in the arm at a set amount of force and speed, and then I was punched in the same spot (ignoring bruising and soreness) at exactly ten times the force, it would feel like I was hit ten times as hard, so how come a sound 10 times as intense only sounds twice as loud? I don’t get it.",1757878544.0,0.66,43,0,Mathematics,Braindead_Gunslinger,82,False,0,False,text
explainlikeimfive,1ngu2qb,ELI5 why some programs close instantly with no issues but others while closing freeze your computer?,92,https://reddit.com/r/explainlikeimfive/comments/1ngu2qb/eli5_why_some_programs_close_instantly_with_no/,https://www.reddit.com/r/explainlikeimfive/comments/1ngu2qb/eli5_why_some_programs_close_instantly_with_no/,,1757863423.0,0.81,92,0,Technology,jacksepthicceye,28,False,0,False,text
explainlikeimfive,1nhoqfr,ELI5: How does binary turn into sound?,2,https://reddit.com/r/explainlikeimfive/comments/1nhoqfr/eli5_how_does_binary_turn_into_sound/,https://www.reddit.com/r/explainlikeimfive/comments/1nhoqfr/eli5_how_does_binary_turn_into_sound/,"I don't want to know about how it is recording or sample rate, just how does binary convert to sound. ",1757949560.0,0.52,2,0,Technology,d2opy84t8b9ybiugrogr,52,False,0,False,text
explainlikeimfive,1ngdywa,"ELI5 Why name brand food cost significantly more than generics, in today’s environment?",648,https://reddit.com/r/explainlikeimfive/comments/1ngdywa/eli5_why_name_brand_food_cost_significantly_more/,https://www.reddit.com/r/explainlikeimfive/comments/1ngdywa/eli5_why_name_brand_food_cost_significantly_more/,"I’m an avid follower of business news and the likes of “name brand” foods sales are declining. Names like Heinz, Lays, Mondelz, General Mills, and more are losing noticeable share to private labels.

Take for instance Heinz Simply Ketchup 31oz is $6. Basically ketchup w/o HFC. My local grocer brand is $2, same ingredients and 32oz.
Similar examples for chips, cookies, milk, almond milk, cereal, etc. The generics are SIGNIFICANTLY cheaper and have caught up and in some cases surpassed the name brand in terms of quality. The generic almond milk is less watery than Silk.


I expect name brand to be more but 2x, 3x? Don’t they have the scale and volume to be more competitive? With declining sales why haven’t we seen price decrease for lays chips. I only buy name brand if they are similar or cheaper than generics due to sales or something.",1757811910.0,0.85,648,0,Economics,Tinre,289,False,0,False,text
explainlikeimfive,1ngyi24,ELI5: How can astronomers detect planets that are so far away that we can't see them with a telescope?,21,https://reddit.com/r/explainlikeimfive/comments/1ngyi24/eli5_how_can_astronomers_detect_planets_that_are/,https://www.reddit.com/r/explainlikeimfive/comments/1ngyi24/eli5_how_can_astronomers_detect_planets_that_are/,,1757873663.0,0.67,21,0,Other,Upbeat-Mess6040,15,False,0,False,text
explainlikeimfive,1ngd8ik,ELI5: why can't you move a bruise?,312,https://reddit.com/r/explainlikeimfive/comments/1ngd8ik/eli5_why_cant_you_move_a_bruise/,https://www.reddit.com/r/explainlikeimfive/comments/1ngd8ik/eli5_why_cant_you_move_a_bruise/,"If a bruise is just blood under the skin basically. Why can't it be ""broken up"" by rubbing it or something like that?",1757809730.0,0.8,312,0,Biology,nowayback25,57,False,0,False,text
explainlikeimfive,1nhoo7n,ELI5: how does the math behind rsa work,0,https://reddit.com/r/explainlikeimfive/comments/1nhoo7n/eli5_how_does_the_math_behind_rsa_work/,https://www.reddit.com/r/explainlikeimfive/comments/1nhoo7n/eli5_how_does_the_math_behind_rsa_work/,how does e and d work together to make this encrpytion and decryption work,1757949417.0,0.38,0,0,Engineering,patrickbatemanreddy,8,False,0,False,text
explainlikeimfive,1nhreg5,"ELI5: Why does a car's engine sound different when it's just starting, when it's accelerating, and when it's slowing down?",0,https://reddit.com/r/explainlikeimfive/comments/1nhreg5/eli5_why_does_a_cars_engine_sound_different_when/,https://www.reddit.com/r/explainlikeimfive/comments/1nhreg5/eli5_why_does_a_cars_engine_sound_different_when/,,1757955466.0,0.39,0,0,Engineering,Upbeat-Mess6040,12,False,0,False,text
explainlikeimfive,1ng1t3k,ELI5: Why do we need so many programming languages?,1077,https://reddit.com/r/explainlikeimfive/comments/1ng1t3k/eli5_why_do_we_need_so_many_programming_languages/,https://www.reddit.com/r/explainlikeimfive/comments/1ng1t3k/eli5_why_do_we_need_so_many_programming_languages/,,1757780733.0,0.9,1077,0,Technology,thevishal365,415,False,0,False,text
explainlikeimfive,1ngbc47,ELI5: why do text-genarative AIs write so differently from what we write if they have been trained on things that we wrote?,276,https://reddit.com/r/explainlikeimfive/comments/1ngbc47/eli5_why_do_textgenarative_ais_write_so/,https://www.reddit.com/r/explainlikeimfive/comments/1ngbc47/eli5_why_do_textgenarative_ais_write_so/,,1757804357.0,0.85,276,0,Technology,d-the-luc,114,False,0,False,text
explainlikeimfive,1nh51no,ELI5: What does neutralization mean in the context of acids and bases,5,https://reddit.com/r/explainlikeimfive/comments/1nh51no/eli5_what_does_neutralization_mean_in_the_context/,https://www.reddit.com/r/explainlikeimfive/comments/1nh51no/eli5_what_does_neutralization_mean_in_the_context/,body text (optional),1757889253.0,0.62,5,0,Chemistry,N9s8mping,8,False,0,False,text
explainlikeimfive,1nhlq4q,ELI5: How is bitrex the “most bitterest” substance in the world?,0,https://reddit.com/r/explainlikeimfive/comments/1nhlq4q/eli5_how_is_bitrex_the_most_bitterest_substance/,https://www.reddit.com/r/explainlikeimfive/comments/1nhlq4q/eli5_how_is_bitrex_the_most_bitterest_substance/,"Does it stick to the tongue better or something, or does it trigger your taste buds extremely well?",1757942571.0,0.33,0,0,Biology,iliferee,2,False,0,False,text
explainlikeimfive,1ngew5l,ELI5: What is soft power? Why does it matter?,89,https://reddit.com/r/explainlikeimfive/comments/1ngew5l/eli5_what_is_soft_power_why_does_it_matter/,https://www.reddit.com/r/explainlikeimfive/comments/1ngew5l/eli5_what_is_soft_power_why_does_it_matter/,,1757814697.0,0.76,89,0,Economics,Apart_Alfalfa_1862,52,False,0,False,text
explainlikeimfive,1ngfftb,ELI5: Why are oil deposits only found in specific places on earth?,63,https://reddit.com/r/explainlikeimfive/comments/1ngfftb/eli5_why_are_oil_deposits_only_found_in_specific/,https://www.reddit.com/r/explainlikeimfive/comments/1ngfftb/eli5_why_are_oil_deposits_only_found_in_specific/,"Im largely familiar with how oil is created (biomass compacted under high pressure for millions of years), but life has been around on earth for so long, shouldn't there be biomass deposits everywhere? Why do only specific regions of the world have oil.",1757816353.0,0.76,63,0,Planetary Science,aledethanlast,39,False,0,False,text
explainlikeimfive,1nfzft0,ELI5: How do scientists know what the inside of planets (like Earth or Jupiter) is made of if we can’t drill that deep?,433,https://reddit.com/r/explainlikeimfive/comments/1nfzft0/eli5_how_do_scientists_know_what_the_inside_of/,https://www.reddit.com/r/explainlikeimfive/comments/1nfzft0/eli5_how_do_scientists_know_what_the_inside_of/,,1757775088.0,0.91,433,0,Planetary Science,DifferentRice2453,68,False,0,False,text
explainlikeimfive,1ngmp2x,ELI5 - Do mountains/hills get shorter and shorter over time due to erosion?,11,https://reddit.com/r/explainlikeimfive/comments/1ngmp2x/eli5_do_mountainshills_get_shorter_and_shorter/,https://www.reddit.com/r/explainlikeimfive/comments/1ngmp2x/eli5_do_mountainshills_get_shorter_and_shorter/,"I understand that having tree and plants in the ground help to prevent soil erosion by holding the soil together by the roots etc.

But even with tree and plants, some soil will always be washed away each time it rains.

So does it mean they are shrinking every year?  
If you wait long enough, would it eventually come a flat piece of land?",1757841633.0,0.62,11,0,Other,Dispirit,17,False,0,False,text
explainlikeimfive,1nfwu8f,ELI5 how charging cables are safe,334,https://reddit.com/r/explainlikeimfive/comments/1nfwu8f/eli5_how_charging_cables_are_safe/,https://www.reddit.com/r/explainlikeimfive/comments/1nfwu8f/eli5_how_charging_cables_are_safe/,"I have an iPhone charging cable laying next to me on the bed. Even though it’s plugged in to the outlet, I can touch the metal bit on the end without being electrocuted. It’s not setting my bed on fire. How is that safe? Am I risking my life every night?",1757768228.0,0.76,334,0,Engineering,hananobira,139,False,0,False,text
explainlikeimfive,1nhbp6c,ELI5: What does Artificial Gravity mean?,0,https://reddit.com/r/explainlikeimfive/comments/1nhbp6c/eli5_what_does_artificial_gravity_mean/,https://www.reddit.com/r/explainlikeimfive/comments/1nhbp6c/eli5_what_does_artificial_gravity_mean/,,1757908288.0,0.45,0,0,Physics,thevishal365,25,False,0,False,text
explainlikeimfive,1nga2rg,[Eli5]‘Atomic clock’ method reveals dinosaur eggs to be around 86 million years old | CNN,44,https://reddit.com/r/explainlikeimfive/comments/1nga2rg/eli5atomic_clock_method_reveals_dinosaur_eggs_to/,https://www.reddit.com/r/explainlikeimfive/comments/1nga2rg/eli5atomic_clock_method_reveals_dinosaur_eggs_to/,"Okay, I understand that carbon 14 is mare in earth's upper at.osphere by solar rays, and so we can see how long ago an organc material stopped absorbing carbon from the atmosphere.

But why is uranium in these eggs decaying at a different rate than any other uranium on the planet. Surely they aren't saying uranium is made in earth's atmosphere, or that being part of a chemical molecule effects the decay rate of a uranium atom. Can someone pleaee eli5?",1757800990.0,0.7,44,0,Planetary Science,Eighth_Eve,7,False,0,False,text
explainlikeimfive,1ngt6j7,ELI5 What’s the point of bot accounts posting comments on videos?,3,https://reddit.com/r/explainlikeimfive/comments/1ngt6j7/eli5_whats_the_point_of_bot_accounts_posting/,https://www.reddit.com/r/explainlikeimfive/comments/1ngt6j7/eli5_whats_the_point_of_bot_accounts_posting/,"I’m talking about YouTube videos for example. The top rated comments on any music video always seem to be something like “anyone in 2025 still here” or on car crash videos “team XYZ —-> ❤️” and with thousands of thumbs ups, presumably from other bot accounts. What’s even the point to these comments? What are the people running these accounts getting out of it?",1757861274.0,0.55,3,0,Technology,poopnuts99,7,False,0,False,text
explainlikeimfive,1nhb3pj,ELI5: Weight Cutting,0,https://reddit.com/r/explainlikeimfive/comments/1nhb3pj/eli5_weight_cutting/,https://www.reddit.com/r/explainlikeimfive/comments/1nhb3pj/eli5_weight_cutting/,"I’ve been a fan and practitioner of MMA for a couple of years now, but one thing I still can’t wrap my head around is weight cutting. 

Like I get fighters need to make weight for the fight to be official, but there will be fighters who cut MASSIVE amounts of weight to gain “advantages”… of which I still don’t fully comprehend how you can gain an advantage cutting such huge amounts of weight…

(Brief edit: I get the idea of weight cutting in concept, I just don’t understand how it “helps” certain fighters. Like I don’t get how depriving your body of excess amounts of water then leads to you having more power, range, etc) ",1757906449.0,0.3,0,0,Other,BoganOtaku,20,False,0,False,text
explainlikeimfive,1nfu1jm,ELI5: why do some gas stations and stores require a minimum to be spent when using a debit/credit card?,228,https://reddit.com/r/explainlikeimfive/comments/1nfu1jm/eli5_why_do_some_gas_stations_and_stores_require/,https://www.reddit.com/r/explainlikeimfive/comments/1nfu1jm/eli5_why_do_some_gas_stations_and_stores_require/,,1757759069.0,0.78,228,0,Economics,lunaxdiaz,87,False,0,False,text
explainlikeimfive,1nflgc5,"ELI5: What would happen if a comet didn't actually hit the Earth, but got close enough that the ""tail"" passed through the Earth's atmosphere?",953,https://reddit.com/r/explainlikeimfive/comments/1nflgc5/eli5_what_would_happen_if_a_comet_didnt_actually/,https://www.reddit.com/r/explainlikeimfive/comments/1nflgc5/eli5_what_would_happen_if_a_comet_didnt_actually/,,1757728883.0,0.92,953,0,Planetary Science,nickitynock,190,False,0,False,text
explainlikeimfive,1ng4tqr,ELI5: WHY is new polaroid film thicker?,42,https://reddit.com/r/explainlikeimfive/comments/1ng4tqr/eli5_why_is_new_polaroid_film_thicker/,https://www.reddit.com/r/explainlikeimfive/comments/1ng4tqr/eli5_why_is_new_polaroid_film_thicker/,"If you buy a pack of SX-70 film, it will directly say that it contains 8 shots. When you load it into your camera, the camera will read 10 shots. Google tells you that the old film had 10 shots, but the new only has 8, because the new film is thicker. But, why? They have an original factory, the recipe for original film must be out there somewhere, and even if they DON’T have the recipe, can’t they just open a pack of old film and see what makes it tick? Did we somehow lose some critical piece of the formula between 2008 and 2019? It just confuses me.",1757787806.0,0.73,42,0,Technology,suggestedmeerkat,23,False,0,False,text
explainlikeimfive,1ngkvdx,ELI5: How so lengthy DNA fit into a tiny nucleus,4,https://reddit.com/r/explainlikeimfive/comments/1ngkvdx/eli5_how_so_lengthy_dna_fit_into_a_tiny_nucleus/,https://www.reddit.com/r/explainlikeimfive/comments/1ngkvdx/eli5_how_so_lengthy_dna_fit_into_a_tiny_nucleus/,"I read that the length of DNA in human body is around 74 billion km. That's 12 times the distance between Pluto and Earth.
Roughly, around 2 metre DNA is present in a single nucleus. That's like a compression ratio of 99.9997%.

How does such large length DNA fit into such a tiny nucleus?",1757834881.0,0.54,4,0,Biology,man_of_your_memes,13,False,0,False,text
explainlikeimfive,1nfygqf,ELI5 Euler’s Identity,80,https://reddit.com/r/explainlikeimfive/comments/1nfygqf/eli5_eulers_identity/,https://www.reddit.com/r/explainlikeimfive/comments/1nfygqf/eli5_eulers_identity/,"And when I say “5”, imagine I’m the most hard to teach, dumbest person you’ve ever met. And explain it so I can at least grasp why it’s a beautiful equation. ",1757772636.0,0.73,80,0,Mathematics,RelationKindly,64,False,0,False,text
explainlikeimfive,1nhamvb,ELI5 - different pronouns and sexual preferences,0,https://reddit.com/r/explainlikeimfive/comments/1nhamvb/eli5_different_pronouns_and_sexual_preferences/,https://www.reddit.com/r/explainlikeimfive/comments/1nhamvb/eli5_different_pronouns_and_sexual_preferences/,"Absolutely no hate to anyone intended. I’m genuinely clueless about the “non-traditional” pronouns like Zir. What does it mean? 
Also - I don’t understand different sexual preferences. Graysexual? Demisexual? Etc…
Although I don’t understand it, proud of y’all, don’t have to get it to support it. ",1757905045.0,0.38,0,0,Other,BroughtMyPartyPants,22,False,0,False,text
explainlikeimfive,1nh4gac,Eli5 what’s cloudflare and how are websites hosted on it?,0,https://reddit.com/r/explainlikeimfive/comments/1nh4gac/eli5_whats_cloudflare_and_how_are_websites_hosted/,https://www.reddit.com/r/explainlikeimfive/comments/1nh4gac/eli5_whats_cloudflare_and_how_are_websites_hosted/,"I’m probably already wrong by saying you can host a site on cloudflare but what exactly is it? When I see cool sites I like, I try to see what they’re built on and I’ll sometimes see the organization name as (for example) Shopify but then the host is cloudflare and the AS is cloudflare/cloudflare inc etc… 

So is it like Wix or Shopify or Wordpress or am I in the completely wrong direction? 

Edit: thank you everyone for the well written responses! ",1757887729.0,0.2,0,0,Technology,PeaceHead8723,12,False,0,False,text
explainlikeimfive,1nfr8xi,ELI5: Why are carrots and broccoli seemingly the go to vegetables for store bought pre-made meals.,206,https://reddit.com/r/explainlikeimfive/comments/1nfr8xi/eli5_why_are_carrots_and_broccoli_seemingly_the/,https://www.reddit.com/r/explainlikeimfive/comments/1nfr8xi/eli5_why_are_carrots_and_broccoli_seemingly_the/,And why is broccoli always just the stems. ,1757748340.0,0.85,206,0,Other,GoodDogsBark,44,False,0,False,text
explainlikeimfive,1nh1i8j,ELI5 how does Grip force and overall health related?,0,https://reddit.com/r/explainlikeimfive/comments/1nh1i8j/eli5_how_does_grip_force_and_overall_health/,https://www.reddit.com/r/explainlikeimfive/comments/1nh1i8j/eli5_how_does_grip_force_and_overall_health/,,1757880655.0,0.25,0,0,Biology,jucapiga,6,False,0,False,text
explainlikeimfive,1nf9q5i,ELI5 What is happening when a body part goes numb and ‘falls asleep’ and then gets pins and needles when blood flow comes back?,1736,https://reddit.com/r/explainlikeimfive/comments/1nf9q5i/eli5_what_is_happening_when_a_body_part_goes_numb/,https://www.reddit.com/r/explainlikeimfive/comments/1nf9q5i/eli5_what_is_happening_when_a_body_part_goes_numb/,,1757698990.0,0.93,1736,0,Biology,Slow-Touch1927,122,False,0,False,text
explainlikeimfive,1ngnchi,ELI5 Uniparental Genome Elimination?,0,https://reddit.com/r/explainlikeimfive/comments/1ngnchi/eli5_uniparental_genome_elimination/,https://www.reddit.com/r/explainlikeimfive/comments/1ngnchi/eli5_uniparental_genome_elimination/,"I have empire gudgeons, but I do know carp gudgeons live in my area (NSW coast, Australia). Anyway, while I was reading about carp gudgeons they mentioned a thing called Uniparental Genome Elimination. 
My, albeit dumb lmao, understanding is that Parent 1 is a carp gudgeon and breeds with a different fish Parent 2, and then the DNA from Parent 2 is deleted in the embryo in the egg? 

Is that right? ",1757844046.0,0.5,0,0,Biology,AdLeft7435,2,False,0,False,text
explainlikeimfive,1ngrkj3,"ELI5, How does buoyancy work and how do things float?",0,https://reddit.com/r/explainlikeimfive/comments/1ngrkj3/eli5_how_does_buoyancy_work_and_how_do_things/,https://www.reddit.com/r/explainlikeimfive/comments/1ngrkj3/eli5_how_does_buoyancy_work_and_how_do_things/,"Just curious on the science behind how ships, despite the enormous weight can stay afloat meanwhile objects significantly lighter can sink",1757857165.0,0.5,0,0,Physics,booty-pal,14,False,0,False,text
explainlikeimfive,1nfzzqh,ELI5: How can wind increase/decrease in strength? What is the force behind this acceleration/deceleration?,30,https://reddit.com/r/explainlikeimfive/comments/1nfzzqh/eli5_how_can_wind_increasedecrease_in_strength/,https://www.reddit.com/r/explainlikeimfive/comments/1nfzzqh/eli5_how_can_wind_increasedecrease_in_strength/,"
",1757776409.0,0.74,30,0,Planetary Science,In_the_loop,15,False,0,False,text
explainlikeimfive,1ng9r92,ELI5 how do birds mimick voices and sounds?,5,https://reddit.com/r/explainlikeimfive/comments/1ng9r92/eli5_how_do_birds_mimick_voices_and_sounds/,https://www.reddit.com/r/explainlikeimfive/comments/1ng9r92/eli5_how_do_birds_mimick_voices_and_sounds/,I know birds have pretty complex lungs and vocal cords and all for their singing but how exactly does a bird mimick sounds? I don't mean physically hoe but more how does the bird know how to recreate the exact sound of something it hears seemingly on the first try? Even if they don't understand what they are saying how do they automatically just know how to?,1757800177.0,0.58,5,0,Biology,Lexi_Bean21,9,False,0,False,text
explainlikeimfive,1nh201a,ELI5: Why do miniature versions of snacks always taste so off and not as good as the original size product?,0,https://reddit.com/r/explainlikeimfive/comments/1nh201a/eli5_why_do_miniature_versions_of_snacks_always/,https://www.reddit.com/r/explainlikeimfive/comments/1nh201a/eli5_why_do_miniature_versions_of_snacks_always/,"I feel like no matter what snack it is, the fun size or small portion version of them always tastes really off. Oreos for example have never tasted good coming out of small packs vs the normal family size packages. Always tasting a little funky like cardboard or something. Same with the Pringles i just had they were tasteless and bland from the minis. Are these rejects being packaged or what? or am i just getting bad batches?",1757881807.0,0.4,0,0,Other,terrydafiya,30,False,0,False,text
explainlikeimfive,1nh4woo,Eli5 Why do animals and plants feel the need to reproduce,0,https://reddit.com/r/explainlikeimfive/comments/1nh4woo/eli5_why_do_animals_and_plants_feel_the_need_to/,https://www.reddit.com/r/explainlikeimfive/comments/1nh4woo/eli5_why_do_animals_and_plants_feel_the_need_to/,"
I was thinking, humans ( or any pack animal really )? Yea that makes sense, to help the elderly, and to help run society.

But a fish who gives birth to their hundreds of eggs just to never see them again? Or what does a strawberry plant again from ( ideally ) overtaking the world in strawberry plants?

Edit: i don’t want any “ because the ones that didn’t reproduce died off “

That’s not a reason why, it’s just a result. WHY!",1757888896.0,0.12,0,0,Biology,Willr2645,40,False,0,False,text
explainlikeimfive,1nfb5jo,ELI5 100% humidity,511,https://reddit.com/r/explainlikeimfive/comments/1nfb5jo/eli5_100_humidity/,https://www.reddit.com/r/explainlikeimfive/comments/1nfb5jo/eli5_100_humidity/,Why is it not water?,1757702370.0,0.88,511,0,Biology,Amazing-Commission23,132,False,0,False,text
explainlikeimfive,1ngymjx,"ELI5: How does a quantum computer actually calculate 1+1=2, step by step?",0,https://reddit.com/r/explainlikeimfive/comments/1ngymjx/eli5_how_does_a_quantum_computer_actually/,https://www.reddit.com/r/explainlikeimfive/comments/1ngymjx/eli5_how_does_a_quantum_computer_actually/,,1757873958.0,0.27,0,0,Technology,Quincynessig,16,False,0,False,text
explainlikeimfive,1nfrk0c,ELI5: How are video files compressed?,42,https://reddit.com/r/explainlikeimfive/comments/1nfrk0c/eli5_how_are_video_files_compressed/,https://www.reddit.com/r/explainlikeimfive/comments/1nfrk0c/eli5_how_are_video_files_compressed/,"Hey, I’m currently downloading files from google drive onto my computer and then onto a usb. There are some videos that I really want to save, but added up, they take up around 50GB. I don’t have the space to store them individually, so I went to the internet for answers and ended up at file compression. As far as I can tell, the files end up scrambled (?) in some way? I’m worried that if the files get corrupted or something I won’t be able to retrieve the original videos. 

I’m using a Macbook air. Any advice / past experience with this would be very appreciated! ",1757749513.0,0.71,42,0,Technology,BadGirl828,58,False,0,False,text
explainlikeimfive,1ngzkzm,ELI5: How do phone screens show stuff that is found on the internet,0,https://reddit.com/r/explainlikeimfive/comments/1ngzkzm/eli5_how_do_phone_screens_show_stuff_that_is/,https://www.reddit.com/r/explainlikeimfive/comments/1ngzkzm/eli5_how_do_phone_screens_show_stuff_that_is/,"So I kinda understand how internet works (just connection between computers?) but I don’t understand how our phone can show that on the screen. I guess the screen is just a bunch of lights and pixels but why can it immediately show what is on somebody else’s computer, like right now when I’m typing this.",1757876177.0,0.24,0,0,Technology,Civil_File1516,31,False,0,False,text
explainlikeimfive,1nezvui,ELI5 How can machine be used to produce machine more precise that itself?,982,https://reddit.com/r/explainlikeimfive/comments/1nezvui/eli5_how_can_machine_be_used_to_produce_machine/,https://www.reddit.com/r/explainlikeimfive/comments/1nezvui/eli5_how_can_machine_be_used_to_produce_machine/,"Considering that technological progress is something that definitely exist, this is something that definitely is happening all the time. But how?",1757673995.0,0.88,982,0,Technology,Spozieracz,198,False,0,False,text
explainlikeimfive,1nfcxl2,ELI5 How does a speech therapist train stroke survivors to swallow using muscle exercises if the problem stems from brain damage and not muscle weakness?,173,https://reddit.com/r/explainlikeimfive/comments/1nfcxl2/eli5_how_does_a_speech_therapist_train_stroke/,https://www.reddit.com/r/explainlikeimfive/comments/1nfcxl2/eli5_how_does_a_speech_therapist_train_stroke/,"I understand there are other methods like electrical stimulation, but I'm focused on the muscle exercises the therapist has the patient perform. I don't understand how having the patient do physical tongue and throat strengthening exercises is different from the patient's brain sending a swallow signal and then just doing it. I could understand if this was used due to throat damage or weakening from long term disuse, but in a stroke patient the damage is literally in the brain. So how does this work to fix that?",1757706572.0,0.91,173,0,Biology,femmestem,14,False,0,False,text
explainlikeimfive,1ngnp2l,"ELI5: why do we need to increase the dosage of GLP-1 (tirzepatide etc) over time, yet other meds require the same dose consistently throughout our lives (paracetamol, ibuprofen)?",0,https://reddit.com/r/explainlikeimfive/comments/1ngnp2l/eli5_why_do_we_need_to_increase_the_dosage_of/,https://www.reddit.com/r/explainlikeimfive/comments/1ngnp2l/eli5_why_do_we_need_to_increase_the_dosage_of/,,1757845302.0,0.44,0,0,Biology,Traffodil,31,False,0,False,text
explainlikeimfive,1nf7tzn,ELI5: How do workers on large construction projects know what to do?,285,https://reddit.com/r/explainlikeimfive/comments/1nf7tzn/eli5_how_do_workers_on_large_construction/,https://www.reddit.com/r/explainlikeimfive/comments/1nf7tzn/eli5_how_do_workers_on_large_construction/,"There are a few ELI5s on here that ask about construction projects from a higher level of project management and such, but what about the individual worker? On a huge project like a road, building, ship or airliner, how does the average worker know to go over to X location and tighten 5 bolts? Or go to Y location and weld two beams together? Do they have an app on their phone? Does their supervisor tell them each step? Do they get a written ""roadmap"" of their next few tasks and they just go do them until they finish them all?",1757694564.0,0.84,285,0,Engineering,MattCW1701,93,False,0,False,text
explainlikeimfive,1ngbgc3,"ELI5 Why do the vocals of music sometimes cut out with a bad aux connection, but the instruments sounds mostly the same?",0,https://reddit.com/r/explainlikeimfive/comments/1ngbgc3/eli5_why_do_the_vocals_of_music_sometimes_cut_out/,https://www.reddit.com/r/explainlikeimfive/comments/1ngbgc3/eli5_why_do_the_vocals_of_music_sometimes_cut_out/,"Sometimes when my aux cable get worn out it cuts out, sometimes the audio sounds super distant, but sometimes mainly just the vocals get cut out while the instruments remain mostly intact. Why is that? Mainly asking for standard 3 section 3.5mm aux. Couldn't find an answer for it on the sub.",1757804665.0,0.5,0,0,Technology,ThatOneDegenerate69,3,False,0,False,text
explainlikeimfive,1nga4q4,ELI5: why is sugar typically shinier than salt to the naked eye?,0,https://reddit.com/r/explainlikeimfive/comments/1nga4q4/eli5_why_is_sugar_typically_shinier_than_salt_to/,https://www.reddit.com/r/explainlikeimfive/comments/1nga4q4/eli5_why_is_sugar_typically_shinier_than_salt_to/,,1757801133.0,0.5,0,0,Chemistry,Few_Distributions,4,False,0,False,text
explainlikeimfive,1ngjqy3,"ELI5: How can a phone's camera take a photo of an incredibly fast-moving object, like a spinning fan blade, and make it look completely still?",0,https://reddit.com/r/explainlikeimfive/comments/1ngjqy3/eli5_how_can_a_phones_camera_take_a_photo_of_an/,https://www.reddit.com/r/explainlikeimfive/comments/1ngjqy3/eli5_how_can_a_phones_camera_take_a_photo_of_an/,,1757830883.0,0.4,0,0,Technology,Upbeat-Mess6040,6,False,0,False,text
explainlikeimfive,1ngkqbe,ELI5 why does microwaving two frozen take longer than doing just one?,0,https://reddit.com/r/explainlikeimfive/comments/1ngkqbe/eli5_why_does_microwaving_two_frozen_take_longer/,https://www.reddit.com/r/explainlikeimfive/comments/1ngkqbe/eli5_why_does_microwaving_two_frozen_take_longer/,"Shouldn’t they absorb the same amount of — I wanna say, Micro-waves— regardless of their number?  Why does microwave cooking instructions say to add twice the amount of cooking time for two?",1757834367.0,0.3,0,0,Chemistry,Training_Newt_745,20,False,0,False,text
explainlikeimfive,1nfsniu,ELI5 : How sugar crystal shape is made to hexagonal prism.,7,https://reddit.com/r/explainlikeimfive/comments/1nfsniu/eli5_how_sugar_crystal_shape_is_made_to_hexagonal/,https://www.reddit.com/r/explainlikeimfive/comments/1nfsniu/eli5_how_sugar_crystal_shape_is_made_to_hexagonal/,"I was looking at sugar crystals closely and noticed their shape and edges, The edges are so well finished as if someone has made it that way by hand. 
it seemed so well carved. 
Obviously no one is doing it by hand but how are they making such a well finished shaped sugar crystal?

When i googled how sugar got its shape i found out the shape is called hexagonal prism, but I couldn't found any resource to look how sugar cane juice powder is converted to such fine sugar crystals.

",1757753742.0,0.67,7,0,Technology,TreatZealousideal375,5,False,0,False,text
explainlikeimfive,1nggexk,ELI5 The difference between an Elbow up and Elbow down equation.,0,https://reddit.com/r/explainlikeimfive/comments/1nggexk/eli5_the_difference_between_an_elbow_up_and_elbow/,https://www.reddit.com/r/explainlikeimfive/comments/1nggexk/eli5_the_difference_between_an_elbow_up_and_elbow/,"I'm in college engineering, having to deal with trigonometry, and I am stumped on the concept of ""Elbow down"" and ""Elbow up"" for two link planar robot arms, I can do the angles, just not the elbows. ",1757819445.0,0.4,0,0,Engineering,Cool-Constant9536,4,False,0,False,text
explainlikeimfive,1ngh9x6,ELI5: Why does metal taste metallic?,0,https://reddit.com/r/explainlikeimfive/comments/1ngh9x6/eli5_why_does_metal_taste_metallic/,https://www.reddit.com/r/explainlikeimfive/comments/1ngh9x6/eli5_why_does_metal_taste_metallic/,"If the “metallic smell“ is caused by metal ions reacting with oils on our skin, why does metal (or blood) also TASTE metallic?",1757822249.0,0.39,0,0,Chemistry,Dizzy_Tune8311,32,False,0,False,text
explainlikeimfive,1nesp15,ELI5: Why are there so many perpetually running animated shows now?,937,https://reddit.com/r/explainlikeimfive/comments/1nesp15/eli5_why_are_there_so_many_perpetually_running/,https://www.reddit.com/r/explainlikeimfive/comments/1nesp15/eli5_why_are_there_so_many_perpetually_running/,"I've always heard that animation is very expensive and that it takes forever to produce. Before the Simpsons, most animated shows seemed to only last a 1-3 seasons at the most.

So why is it that now we have so many zombie shows that have long passed their expiration date? The Simpsons, Family Guy, Spongebob, Bob's Burgers, American Dad are all still running. 

Why wouldn't Fox just cancel the Simpsons and save on costs? You'll still be making the same amount of money on merchandise. When people consume Simpsons stuff, its based off the 90s-early 00s show they remember, not the zombie show that hasn't been culturally relevant in 15+ years. Same thing with Spongebob.

What value are modern day Family Guy episodes adding that offsets the cost of producing them? ",1757647484.0,0.82,937,0,Other,Gohantrash,215,False,0,False,text
explainlikeimfive,1ngaffo,ELI5 why different programming language needs different syntax?,0,https://reddit.com/r/explainlikeimfive/comments/1ngaffo/eli5_why_different_programming_language_needs/,https://www.reddit.com/r/explainlikeimfive/comments/1ngaffo/eli5_why_different_programming_language_needs/,"Basically a sequel to a similar question 5ish hours ago.

Different programming language are used for different purposes, but why do they have to have a very different syntaxes? Python vs C(C++) vs perl vs cobol vs fortran ......


Airbus has small plane, medium plane, big plane, short plane, long plane, and fat plane. They behave differently due to their geometry but they or their control system are engineered to behave in similar war.

Someone give an example with saw for different materials, but I believe saw are used basically with the same technique? Similar with different shapes of spoon or knives.",1757801912.0,0.38,0,0,Technology,acakaacaka,37,False,0,False,text
explainlikeimfive,1nf4y52,"ELI5: What is the difference between TV Types (such as HD, OLED, UHD, etc.)?",56,https://reddit.com/r/explainlikeimfive/comments/1nf4y52/eli5_what_is_the_difference_between_tv_types_such/,https://www.reddit.com/r/explainlikeimfive/comments/1nf4y52/eli5_what_is_the_difference_between_tv_types_such/,"I'm trying to buy a new TV and I am confused between LED, Mini-LED, QLED, OLED, etc. How many of these things are marketing terms and which ones are actually meaningful in terms of a good TV.",1757687811.0,0.65,56,0,Technology,maaaaath2020,31,False,0,False,text
explainlikeimfive,1nex2oc,ELI5: Why do cats always land on their feet?,183,https://reddit.com/r/explainlikeimfive/comments/1nex2oc/eli5_why_do_cats_always_land_on_their_feet/,https://www.reddit.com/r/explainlikeimfive/comments/1nex2oc/eli5_why_do_cats_always_land_on_their_feet/,"I have two cats in our home and one of them named Cub likes to roam around heights. He always hop around hanging cabinets, ceilings where there are passages. One time, he missed a jump and fell on the ground and landed on his feet even he was from the second floor of the house. I wonder why cats always land on their feet?",1757663245.0,0.78,183,0,Biology,Suspicious-Compote31,77,False,0,False,text
explainlikeimfive,1nf4heo,"ELI5: when it comes to electoral systems, what is a Mixed Member Proportional (Hybrid System)?",32,https://reddit.com/r/explainlikeimfive/comments/1nf4heo/eli5_when_it_comes_to_electoral_systems_what_is_a/,https://www.reddit.com/r/explainlikeimfive/comments/1nf4heo/eli5_when_it_comes_to_electoral_systems_what_is_a/,,1757686688.0,0.73,32,0,Other,Aggravating_Orchid16,24,False,0,False,text
explainlikeimfive,1need9t,"ELI5: What's actually preventing smartphones from making the cameras flush? (like limits of optics/physics, not technologically advanced yet, not economically viable?)",1114,https://reddit.com/r/explainlikeimfive/comments/1need9t/eli5_whats_actually_preventing_smartphones_from/,https://www.reddit.com/r/explainlikeimfive/comments/1need9t/eli5_whats_actually_preventing_smartphones_from/,"Edit: I understand they can make the rest of the phone bigger, of course. I mean: assuming they want to keep making phones thinner (like the new iPhone air) without compromising on, say, 4K quality photos. What’s the current limitation on thinness.",1757610356.0,0.9,1114,0,Engineering,kappy2319,340,False,0,False,text
explainlikeimfive,1nel82m,ELI5: Kubernetes,423,https://reddit.com/r/explainlikeimfive/comments/1nel82m/eli5_kubernetes/,https://www.reddit.com/r/explainlikeimfive/comments/1nel82m/eli5_kubernetes/,"For context, I'm a computer science student and still relatively new to computer science as a whole. Kubernetes has been brought up before, but I just can't wrap my head around what the heck it is!! From a very bare bones perspective, I have no clue what Kubernetes and nodes and containers are - my head hurts lol

  
Edit: Thank you all for the comments/explanations!! I greatly appreciate all of the insight and feel like I have a much better grasp on this topic :)",1757626263.0,0.88,423,0,Technology,kelsey_41375,75,False,0,False,text
explainlikeimfive,1ng3r6a,ELI5: Why do butter dishes exist if butter goes bad outside of the fridge?,0,https://reddit.com/r/explainlikeimfive/comments/1ng3r6a/eli5_why_do_butter_dishes_exist_if_butter_goes/,https://www.reddit.com/r/explainlikeimfive/comments/1ng3r6a/eli5_why_do_butter_dishes_exist_if_butter_goes/,"All my life I've been told to keep butter in the fridge. The packaging even says ""must be refrigerated"". So why are butter dishes a thing? ",1757785344.0,0.41,0,0,Chemistry,Alaskan_Duck_Fart,50,False,0,False,text
explainlikeimfive,1nf067q,ELI5: What exactly is cache and cookies and are they related?,20,https://reddit.com/r/explainlikeimfive/comments/1nf067q/eli5_what_exactly_is_cache_and_cookies_and_are/,https://www.reddit.com/r/explainlikeimfive/comments/1nf067q/eli5_what_exactly_is_cache_and_cookies_and_are/,"I’ve always seen “clear cache” and “clear cookies” or “allow/accept cookies”. I see cookie acceptance, but never cache acceptance. Is cache related to cookies or is it a separate thing? ",1757674944.0,0.65,20,0,Technology,Fish-and-Water,16,False,0,False,text
explainlikeimfive,1netv2t,ELI5: What is the difference between Gasoline vs. diesel,65,https://reddit.com/r/explainlikeimfive/comments/1netv2t/eli5_what_is_the_difference_between_gasoline_vs/,https://www.reddit.com/r/explainlikeimfive/comments/1netv2t/eli5_what_is_the_difference_between_gasoline_vs/,"Always wondered which one is overall better for storage longevity, fuel economy, octane, efficient, best bang for your buck etc. Is gas better then diesel or is there certain lifestyles that fit the latter ?",1757651238.0,0.69,65,0,Chemistry,4wxy,142,False,0,False,text
explainlikeimfive,1nfxpek,ELI5 - Why is the air thicker in different countries?,0,https://reddit.com/r/explainlikeimfive/comments/1nfxpek/eli5_why_is_the_air_thicker_in_different_countries/,https://www.reddit.com/r/explainlikeimfive/comments/1nfxpek/eli5_why_is_the_air_thicker_in_different_countries/,"My parents were born and raised in the Philippines while I was born and raised in the United States (Los Angeles, CA). Whenever I visit I feel like I have a hard time breathing, like the air is thicker than in the states. I compared the humidity between the two and it’s the same??? We live in a province about an hour from the capital. Btw we live like an hour from the ocean too.

*Why does the air FEEL thicker in different places on the world?",1757770615.0,0.36,0,0,Planetary Science,sorariin,32,False,0,False,text
explainlikeimfive,1nf9zrk,ELI5: what is the significance of 3I/ATLAS apart from being big and fast?,4,https://reddit.com/r/explainlikeimfive/comments/1nf9zrk/eli5_what_is_the_significance_of_3iatlas_apart/,https://www.reddit.com/r/explainlikeimfive/comments/1nf9zrk/eli5_what_is_the_significance_of_3iatlas_apart/,Or are those two things all that makes it significant?,1757699616.0,0.58,4,0,Planetary Science,ChapterOk8004,9,False,0,False,text
explainlikeimfive,1necdjg,ELI5: why does a pair of scissors work in one hand but not the other?,343,https://reddit.com/r/explainlikeimfive/comments/1necdjg/eli5_why_does_a_pair_of_scissors_work_in_one_hand/,https://www.reddit.com/r/explainlikeimfive/comments/1necdjg/eli5_why_does_a_pair_of_scissors_work_in_one_hand/,"I know that scissors are left handed or right handed, but what is different about them when I’m cutting with one hand vs the other? I’m semi ashamed to say that I just stared at a pair of scissors in my hands trying to make it make sense for way too long, and now I’m finding it difficult to focus on anything else until I have this broken down for me. Please help.  ",1757605802.0,0.86,343,0,Engineering,Guitar_Guy81,90,False,0,False,text
explainlikeimfive,1ne72nq,"ELI5: Why does WiFi sometimes work better in one room than another, even if it’s the same distance from the router?",521,https://reddit.com/r/explainlikeimfive/comments/1ne72nq/eli5_why_does_wifi_sometimes_work_better_in_one/,https://www.reddit.com/r/explainlikeimfive/comments/1ne72nq/eli5_why_does_wifi_sometimes_work_better_in_one/,"I’ve noticed that in my house, sometimes my WiFi is amazing in one bedroom but terrible in another, even though both are roughly the same distance from the router. For example, my living room gets full speed while my kitchen (same distance away, just in the opposite direction) feels like dial-up, It’s extra frustrating when I’m trying to stream something or even just play a quick round of blackjack on Stаke and the connection drops completely. I always assumed WiFi just worked based on distance, but clearly there’s more to it. Can someone explain in simple terms why this happens, and if there’s a fix that doesn’t involve me buying a whole new router?",1757592521.0,0.86,521,0,Technology,ForsakenKnowledge767,94,False,0,False,text
explainlikeimfive,1nff6up,ELI5 College/University Funding Shortages,0,https://reddit.com/r/explainlikeimfive/comments/1nff6up/eli5_collegeuniversity_funding_shortages/,https://www.reddit.com/r/explainlikeimfive/comments/1nff6up/eli5_collegeuniversity_funding_shortages/,I just saw a post about someone’s spot in a university program was cancelled because of a lack of funding. How does funding work; does it not come from people paying to go to the university?,1757711896.0,0.5,0,0,Economics,No_Drawing3426,16,False,0,False,text
explainlikeimfive,1nfrea2,ELI5-Chess rating difference 2750s vs 2500s,0,https://reddit.com/r/explainlikeimfive/comments/1nfrea2/eli5chess_rating_difference_2750s_vs_2500s/,https://www.reddit.com/r/explainlikeimfive/comments/1nfrea2/eli5chess_rating_difference_2750s_vs_2500s/,"In basic terms how significance is the difference and their view point , calculation for say 300-400 difference of elo.",1757748909.0,0.33,0,0,Other,Necessary_Cress99,9,False,0,False,text
explainlikeimfive,1ne1vyq,"ELI5: If we, humans, are bilaterally symmetrical, why do we have only one not centered heart?",876,https://reddit.com/r/explainlikeimfive/comments/1ne1vyq/eli5_if_we_humans_are_bilaterally_symmetrical_why/,https://www.reddit.com/r/explainlikeimfive/comments/1ne1vyq/eli5_if_we_humans_are_bilaterally_symmetrical_why/,,1757573529.0,0.87,876,0,Biology,TheKaney,149,False,0,False,text
explainlikeimfive,1netjvs,ELI5: What is Genetic Algorithm?,16,https://reddit.com/r/explainlikeimfive/comments/1netjvs/eli5_what_is_genetic_algorithm/,https://www.reddit.com/r/explainlikeimfive/comments/1netjvs/eli5_what_is_genetic_algorithm/,,1757650208.0,0.68,16,0,Biology,thevishal365,32,False,0,False,text
explainlikeimfive,1nfo1ae,"ELI5: Why do some websites load instantly while others take forever, even on the same internet?",0,https://reddit.com/r/explainlikeimfive/comments/1nfo1ae/eli5_why_do_some_websites_load_instantly_while/,https://www.reddit.com/r/explainlikeimfive/comments/1nfo1ae/eli5_why_do_some_websites_load_instantly_while/,,1757737003.0,0.45,0,0,Technology,Professional_Bar2399,18,False,0,False,text
explainlikeimfive,1ned33q,ELI5: Loss of water on the planet.,144,https://reddit.com/r/explainlikeimfive/comments/1ned33q/eli5_loss_of_water_on_the_planet/,https://www.reddit.com/r/explainlikeimfive/comments/1ned33q/eli5_loss_of_water_on_the_planet/,"Is there an actual loss of water on Earth, or are we losing accessibility. I never understand where the loss in the cycle is. Do humans use more water than we expel? Are there not natural processes adding water back into the system?",1757607455.0,0.81,144,0,Other,gorz1244,114,False,0,False,text
explainlikeimfive,1nedf1p,ELI5  What is the purpose of a Fiscal Year,134,https://reddit.com/r/explainlikeimfive/comments/1nedf1p/eli5_what_is_the_purpose_of_a_fiscal_year/,https://www.reddit.com/r/explainlikeimfive/comments/1nedf1p/eli5_what_is_the_purpose_of_a_fiscal_year/,Why do some businesses end the year in like October?   What benefit does that provide? ,1757608223.0,0.84,134,0,Economics,lsarge442,63,False,0,False,text
explainlikeimfive,1nfo79g,ELI5: Why do legs go numb when someone sits cross-legged for a long time?,0,https://reddit.com/r/explainlikeimfive/comments/1nfo79g/eli5_why_do_legs_go_numb_when_someone_sits/,https://www.reddit.com/r/explainlikeimfive/comments/1nfo79g/eli5_why_do_legs_go_numb_when_someone_sits/,,1757737557.0,0.38,0,0,Biology,Professional_Bar2399,4,False,0,False,text
explainlikeimfive,1negbt2,ELI5: how does refinancing work?,39,https://reddit.com/r/explainlikeimfive/comments/1negbt2/eli5_how_does_refinancing_work/,https://www.reddit.com/r/explainlikeimfive/comments/1negbt2/eli5_how_does_refinancing_work/,I recently purchased a house I can afford but interest was 6.75 obviously if interest rates go down I’d want to get a lower one but I don’t understand how it works. Why would a bank let you do this wouldn’t they be the ones losing monkey in the end? How long do you usually have to wait to refinance? ,1757614810.0,0.75,39,0,Economics,throwaway28386482929,111,False,0,False,text
explainlikeimfive,1ne0hch,ELI5: How do computers using 32-bit/64-bits have such vast difference in RAM capacity (4GB to 16EB)?,380,https://reddit.com/r/explainlikeimfive/comments/1ne0hch/eli5_how_do_computers_using_32bit64bits_have_such/,https://www.reddit.com/r/explainlikeimfive/comments/1ne0hch/eli5_how_do_computers_using_32bit64bits_have_such/,,1757568222.0,0.81,380,0,Technology,Intelligent-Cod3377,255,False,0,False,text
explainlikeimfive,1nfgm8v,ELI5 The purpose of a system is what it does (POSIWID),0,https://reddit.com/r/explainlikeimfive/comments/1nfgm8v/eli5_the_purpose_of_a_system_is_what_it_does/,https://www.reddit.com/r/explainlikeimfive/comments/1nfgm8v/eli5_the_purpose_of_a_system_is_what_it_does/,,1757715352.0,0.39,0,0,Engineering,alphabetassassin,17,False,0,False,text
explainlikeimfive,1neylin,ELI5: How come Ayahuasca and DMT don't build up tolerance when both Psilocin and LSD do when they all bind to 5-HT2A?,3,https://reddit.com/r/explainlikeimfive/comments/1neylin/eli5_how_come_ayahuasca_and_dmt_dont_build_up/,https://www.reddit.com/r/explainlikeimfive/comments/1neylin/eli5_how_come_ayahuasca_and_dmt_dont_build_up/,Title,1757669290.0,0.52,3,0,Chemistry,zenzony,22,False,0,False,text
explainlikeimfive,1nemcou,ELI5 - How do Polaroid cameras work,12,https://reddit.com/r/explainlikeimfive/comments/1nemcou/eli5_how_do_polaroid_cameras_work/,https://www.reddit.com/r/explainlikeimfive/comments/1nemcou/eli5_how_do_polaroid_cameras_work/,Like how does the picture get on to the picture but not right away it comes later like huh ,1757629140.0,0.63,12,0,Technology,jillibean-,6,False,0,False,text
explainlikeimfive,1ndv2ya,ELI5: What did we do about wisdom teeth in the past?,369,https://reddit.com/r/explainlikeimfive/comments/1ndv2ya/eli5_what_did_we_do_about_wisdom_teeth_in_the_past/,https://www.reddit.com/r/explainlikeimfive/comments/1ndv2ya/eli5_what_did_we_do_about_wisdom_teeth_in_the_past/,"Before modern dentistry, what did we do about people's wisdom teeth? Do people just suffer the rest of their lives or were there like home remedies or is this just become a like modern problem??",1757551173.0,0.88,369,0,Biology,dreadmonster,207,False,0,False,text
explainlikeimfive,1ndot77,ELI5: Why do F1 cars sometimes spark on the track?,539,https://reddit.com/r/explainlikeimfive/comments/1ndot77/eli5_why_do_f1_cars_sometimes_spark_on_the_track/,https://www.reddit.com/r/explainlikeimfive/comments/1ndot77/eli5_why_do_f1_cars_sometimes_spark_on_the_track/,"Sometime ago I watched an F1 race at Monza and noticing bright sparks flying out from under some of the cars, especially on the straights.I wasn't that curious but after watching F1 The Movie I need to know lol,What’s actually scraping the track to cause that?And if it’s metal hitting the ground at those speeds, why doesn’t it damage the car or even start a fire on the vehicle itself??",1757534739.0,0.86,539,0,Engineering,yourloverboy66,122,False,0,False,text
explainlikeimfive,1ndn13h,"ELI5: When taking eye chart tests, why do our guesses change as we lose detail? E.g. wouldn't a blurry ""P"" still look more like a ""P"" than any other letter?",650,https://reddit.com/r/explainlikeimfive/comments/1ndn13h/eli5_when_taking_eye_chart_tests_why_do_our/,https://www.reddit.com/r/explainlikeimfive/comments/1ndn13h/eli5_when_taking_eye_chart_tests_why_do_our/,,1757530616.0,0.87,650,0,Biology,RyanW1019,72,False,0,False,text
explainlikeimfive,1nfilxk,ELI5 why doesnt flying a helicopter and letting the earth revolve underneath work like actually?,0,https://reddit.com/r/explainlikeimfive/comments/1nfilxk/eli5_why_doesnt_flying_a_helicopter_and_letting/,https://www.reddit.com/r/explainlikeimfive/comments/1nfilxk/eli5_why_doesnt_flying_a_helicopter_and_letting/, i pride myself to be very clever but i genuinely can not wrap my head around this shit.,1757720610.0,0.31,0,0,Planetary Science,lonely_little_cow,90,False,0,False,text
explainlikeimfive,1nfgu2f,ELI5: When the Titanic sank why didn't the people go wait on the iceberg till help arrived?,0,https://reddit.com/r/explainlikeimfive/comments/1nfgu2f/eli5_when_the_titanic_sank_why_didnt_the_people/,https://www.reddit.com/r/explainlikeimfive/comments/1nfgu2f/eli5_when_the_titanic_sank_why_didnt_the_people/,,1757715906.0,0.25,0,0,Other,Tehkast,25,False,0,False,text
explainlikeimfive,1neydzs,ELI5: TFSA accounts,0,https://reddit.com/r/explainlikeimfive/comments/1neydzs/eli5_tfsa_accounts/,https://www.reddit.com/r/explainlikeimfive/comments/1neydzs/eli5_tfsa_accounts/,"I literally don’t understand a single thing about banking, I know I can invest????? In things????? How???? I’m kinda very money desperate but I have genuine mental disabilities and I’m struggling to wrap my head around this. Bank teller didn’t explain it in a way i understand and googles still not getting me very far 💔",1757668496.0,0.17,0,0,Economics,Sanji_bird,5,False,0,False,text
explainlikeimfive,1nexj6b,"ELI5 surface gravity, surface gravity at the event horizon of a black hole and the zeroth law of black hole mechanics.",0,https://reddit.com/r/explainlikeimfive/comments/1nexj6b/eli5_surface_gravity_surface_gravity_at_the_event/,https://www.reddit.com/r/explainlikeimfive/comments/1nexj6b/eli5_surface_gravity_surface_gravity_at_the_event/,,1757665090.0,0.27,0,0,Physics,aloo_ka_parathaa,8,False,0,False,text
explainlikeimfive,1nebr8s,ELI5 Why doesn't gravity use up energy from mass,7,https://reddit.com/r/explainlikeimfive/comments/1nebr8s/eli5_why_doesnt_gravity_use_up_energy_from_mass/,https://www.reddit.com/r/explainlikeimfive/comments/1nebr8s/eli5_why_doesnt_gravity_use_up_energy_from_mass/,"Since Gravity is the curvature of space time caused by energy, i always thought energy ""leaks"" off what it's originally part off to randomly affect spacetime, like mass decays overtime to power gravity.

Please help me understand why this is a misinterpretation.",1757604336.0,0.54,7,0,Physics,obliterator123456,80,False,0,False,text
explainlikeimfive,1nd4p4z,"ELI5: If cryptic pregnancies can exist, why isn't it the default biologically?",1911,https://reddit.com/r/explainlikeimfive/comments/1nd4p4z/eli5_if_cryptic_pregnancies_can_exist_why_isnt_it/,https://www.reddit.com/r/explainlikeimfive/comments/1nd4p4z/eli5_if_cryptic_pregnancies_can_exist_why_isnt_it/,"Okay, I’m gonna preface this by saying I probably sound like an idiot here. But just hear me out.

The whole concept of pregnancy doesn’t really seem all that… productive? You’ve got all the painful symptoms, then a massive bump that makes just existing harder. Imagine if you had to run for your life or even just be quick on your feet. Good luck with a giant target sticking out of your body. And all this while you’re supposed to be protecting your unborn baby? it just seems kind of counterintuitive.

Now, if cryptic pregnancies were the norm, where you don’t really show. Wouldn’t that make way more sense? You’d still be able to function pretty normally, take care of yourself better, and probably have a higher survival rate in dangerous situations. And even attraction wise, in the wild, wouldn't it be more advantageous to remain as you were when you mated or whatever.

So my actual question is: biologically, why *isn’t* that the default? Is there some evolutionary reason for showing so much that I just don’t know about? Because if there is, I’d honestly love to learn it.

**edit: I feel like I can answer my own question in a sense that, it would totally be more efficient if humans were fireproof/burnproof. Oven burns are so unnecessary and inconvenient. We could probably take care of ourselves better should that not be the case.**",1757478222.0,0.87,1911,0,Biology,Lazy-Office7819,367,False,0,False,text
explainlikeimfive,1ndizfu,"ELI5: If my elderly dog is deaf, how does she know when my partner or I get home as soon as we do?",202,https://reddit.com/r/explainlikeimfive/comments/1ndizfu/eli5_if_my_elderly_dog_is_deaf_how_does_she_know/,https://www.reddit.com/r/explainlikeimfive/comments/1ndizfu/eli5_if_my_elderly_dog_is_deaf_how_does_she_know/,"Even if she's upstairs in her crate, she seems to always notice when one of us comes home. It could be a slightly different time of day even, but she seems to always know despite being old and totally deaf. She even seems to know when we're down the street from her or still in the car.

Is it vibrations? Could she smell somebody from all the way outside? ",1757521691.0,0.84,202,0,Biology,big_borno,36,False,0,False,text
explainlikeimfive,1ndfhx9,"ELI5: After a major building/construction failure, how is it possible for OSHA (etc) to determine what actually went wrong?",186,https://reddit.com/r/explainlikeimfive/comments/1ndfhx9/eli5_after_a_major_buildingconstruction_failure/,https://www.reddit.com/r/explainlikeimfive/comments/1ndfhx9/eli5_after_a_major_buildingconstruction_failure/,"When looking at things like the Hard Rock New Orleans or the Surfside collapse, how can they figure out what failed?  When everything is mangled and destroyed, how can they make accurate coal conclusions?  It's amazing to me that they can actually determine all the failures. ",1757513945.0,0.91,186,0,Engineering,seamar5130,35,False,0,False,text
explainlikeimfive,1ndoobk,ELI5: why do periods cause mood swings?,54,https://reddit.com/r/explainlikeimfive/comments/1ndoobk/eli5_why_do_periods_cause_mood_swings/,https://www.reddit.com/r/explainlikeimfive/comments/1ndoobk/eli5_why_do_periods_cause_mood_swings/,"i’m curious about the actual science behind it. i know why cramps happen and other physical symptoms like fatigue or nausea, but i’m not sure why they cause such mood swings and id really like to know",1757534420.0,0.71,54,0,Biology,ryry_x7,62,False,0,False,text
explainlikeimfive,1ndge1r,ELI5: How does an electronic device know when replaceable batteries are running low?,66,https://reddit.com/r/explainlikeimfive/comments/1ndge1r/eli5_how_does_an_electronic_device_know_when/,https://www.reddit.com/r/explainlikeimfive/comments/1ndge1r/eli5_how_does_an_electronic_device_know_when/,My thermostat takes replaceable AA batteries and lets me know when the batteries are low. How? Does it get different power from full batteries? Does it test battery level periodically? ,1757516016.0,0.76,66,0,Technology,TuxedoMasked,25,False,0,False,text
explainlikeimfive,1neqd5z,ELI5 How did the red scare go though America in the 50's but the American Nazi party survived?,0,https://reddit.com/r/explainlikeimfive/comments/1neqd5z/eli5_how_did_the_red_scare_go_though_america_in/,https://www.reddit.com/r/explainlikeimfive/comments/1neqd5z/eli5_how_did_the_red_scare_go_though_america_in/,,1757640437.0,0.46,0,0,Other,dontcha_wanna_fanta,48,False,0,False,text
explainlikeimfive,1nertp2,ELI5: How in the world do the streetlights know when to turn green?,0,https://reddit.com/r/explainlikeimfive/comments/1nertp2/eli5_how_in_the_world_do_the_streetlights_know/,https://www.reddit.com/r/explainlikeimfive/comments/1nertp2/eli5_how_in_the_world_do_the_streetlights_know/,,1757644797.0,0.3,0,0,Technology,JaQue_Da_JoQerr,19,False,0,False,text
explainlikeimfive,1ndm7nr,ELI5: Why does fog look less dense when you take a picture of it?,28,https://reddit.com/r/explainlikeimfive/comments/1ndm7nr/eli5_why_does_fog_look_less_dense_when_you_take_a/,https://www.reddit.com/r/explainlikeimfive/comments/1ndm7nr/eli5_why_does_fog_look_less_dense_when_you_take_a/,I moved to a new area that gets morning fogs regularly. I tried taking some pictures of it to send back home but the fog looks much less dense than what my eyes see. The camera seems to penetrate it to a degree.,1757528765.0,0.76,28,0,Physics,StartDoingTHIS,11,False,0,False,text
explainlikeimfive,1nenn4k,ELI5 Why is the bystander effect so real and why does it happen?,0,https://reddit.com/r/explainlikeimfive/comments/1nenn4k/eli5_why_is_the_bystander_effect_so_real_and_why/,https://www.reddit.com/r/explainlikeimfive/comments/1nenn4k/eli5_why_is_the_bystander_effect_so_real_and_why/,"I’m sure you know what it is, someone could be dying  in front of a crowd and not one person could step up to help. And this is a real, very real effect that happens so often. 

Why? Why is this implemented into human behavior, for what purpose. ",1757632588.0,0.31,0,0,Other,Aromatic-Bell-4000,17,False,0,False,text
explainlikeimfive,1nejp22,ELI5 How do we know that things don’t interact instantaneously?,0,https://reddit.com/r/explainlikeimfive/comments/1nejp22/eli5_how_do_we_know_that_things_dont_interact/,https://www.reddit.com/r/explainlikeimfive/comments/1nejp22/eli5_how_do_we_know_that_things_dont_interact/,"If the speed of any interaction that we can measure and understand tops out at the speed of light (vs speed of sound, or temperature conduction, other measurable phenomena capable of changing over time) what’s to stop some deeper underlying feature of the universe allowing interactions faster than that, or even actual instantaneous interaction, but what we observe is only the propagation of that interaction at the speed of light, because we are using that as the medium being observed?",1757622599.0,0.44,0,0,Physics,NLMusic10213,34,False,0,False,text
explainlikeimfive,1ncjdcl,"ELI5: If dogs have such great sense of smell, why do they have to get their noses right up against another dog's butt?",3690,https://reddit.com/r/explainlikeimfive/comments/1ncjdcl/eli5_if_dogs_have_such_great_sense_of_smell_why/,https://www.reddit.com/r/explainlikeimfive/comments/1ncjdcl/eli5_if_dogs_have_such_great_sense_of_smell_why/,,1757425583.0,0.92,3690,0,Other,Buck_Thorn,427,False,0,False,text
explainlikeimfive,1ndsxyc,ELI5 how does bulk shear work?,8,https://reddit.com/r/explainlikeimfive/comments/1ndsxyc/eli5_how_does_bulk_shear_work/,https://www.reddit.com/r/explainlikeimfive/comments/1ndsxyc/eli5_how_does_bulk_shear_work/,,1757545135.0,0.67,8,0,Physics,Whiskeyjack0729,2,False,0,False,text
explainlikeimfive,1neestg,"ELI5 Yogurt, Buttermilk, and Kefir?",0,https://reddit.com/r/explainlikeimfive/comments/1neestg/eli5_yogurt_buttermilk_and_kefir/,https://www.reddit.com/r/explainlikeimfive/comments/1neestg/eli5_yogurt_buttermilk_and_kefir/,"I actually checked out the video by Adam Ragusea (https://www.youtube.com/watch?v=xTiKv5-lJvM), and I am not certain if that is correct (basically Buttermilk == Kefir)",1757611336.0,0.33,0,0,Other,Jestersage,9,False,0,False,text
explainlikeimfive,1neep39,ELI5: Does weight placement/loading on a leg press machine effect muscle stimulation?,0,https://reddit.com/r/explainlikeimfive/comments/1neep39/eli5_does_weight_placementloading_on_a_leg_press/,https://www.reddit.com/r/explainlikeimfive/comments/1neep39/eli5_does_weight_placementloading_on_a_leg_press/,"Please someone smarter than me settle this debate for me. 

At the gym, my buddy and I are using an Atlantis Strength Unilateral leg press pro MODEL PW419. Link: [https://atlantisstrength.com/gym-equipment/pw419](https://atlantisstrength.com/gym-equipment/pw419)

The machine has 4 plate holders, two on each side, one above the other. On the left side, he put 3 45lb weights on the top holder and 2 on the bottom holder. The right side had 2 on top and 3 on bottom. When I asked him to fix this, he said it doesn't matter because the placement doesn't change the stimulus or tension, the bars are only there to add more weight to the machine.

Can someone prove or dispute this? ",1757611104.0,0.35,0,0,Engineering,sheikandstitch,4,False,0,False,text
explainlikeimfive,1neef7n,ELI5: How is stuff reflective like coats and other things?,0,https://reddit.com/r/explainlikeimfive/comments/1neef7n/eli5_how_is_stuff_reflective_like_coats_and_other/,https://www.reddit.com/r/explainlikeimfive/comments/1neef7n/eli5_how_is_stuff_reflective_like_coats_and_other/,It came to my head earlier earlier and I’ve been wondering ever since,1757610478.0,0.14,0,0,Other,Immediate-Bottle5587,5,False,0,False,text
explainlikeimfive,1nee62z,ELI5 - how do vehicle emission tests work when you have aftermarket parts on your engine or exhaust?,0,https://reddit.com/r/explainlikeimfive/comments/1nee62z/eli5_how_do_vehicle_emission_tests_work_when_you/,https://www.reddit.com/r/explainlikeimfive/comments/1nee62z/eli5_how_do_vehicle_emission_tests_work_when_you/,"Let's say that I have a 4.8 liter small block chevy that I want to put a hotter cam shaft in. The engine will inherently create different emissions than a stock cam shift. 

Is there some overall threshold that vehicles have to be under? Are the thresholds vehicle specific? Engine specific?",1757609931.0,0.35,0,0,Chemistry,pfftyeah,10,False,0,False,text
explainlikeimfive,1nedaty,ELI5 sound from headphones,0,https://reddit.com/r/explainlikeimfive/comments/1nedaty/eli5_sound_from_headphones/,https://www.reddit.com/r/explainlikeimfive/comments/1nedaty/eli5_sound_from_headphones/,"Why can I not hear what other people are listening to when they are wearing headphones/ ear buds?
",1757607946.0,0.18,0,0,Technology,Moron_Goron_,8,False,0,False,text
explainlikeimfive,1ndbvte,ELI5 How does dew form?,31,https://reddit.com/r/explainlikeimfive/comments/1ndbvte/eli5_how_does_dew_form/,https://www.reddit.com/r/explainlikeimfive/comments/1ndbvte/eli5_how_does_dew_form/,"We were up in the north west of Australia on the coast and every night just before the sun went down everything would get extremely wet and when we wake up in the morning it was like it had been raining everything was so wet with dew. I do not understand, and during the days it was very dry. The temperature change was not very drastic either, it was the most dew I have encountered.",1757504623.0,0.74,31,0,Chemistry,Mental_Hamster6394,14,False,0,False,text
explainlikeimfive,1ne9ctf,"ELI5: when a color changes in saturation, contrast or tone, what happens to the lightwaves emitted by it?",0,https://reddit.com/r/explainlikeimfive/comments/1ne9ctf/eli5_when_a_color_changes_in_saturation_contrast/,https://www.reddit.com/r/explainlikeimfive/comments/1ne9ctf/eli5_when_a_color_changes_in_saturation_contrast/,,1757598639.0,0.23,0,0,Physics,umbra002,3,False,0,False,text
explainlikeimfive,1ne703b,ELI5 what kind of radiation does CT scan emit,0,https://reddit.com/r/explainlikeimfive/comments/1ne703b/eli5_what_kind_of_radiation_does_ct_scan_emit/,https://www.reddit.com/r/explainlikeimfive/comments/1ne703b/eli5_what_kind_of_radiation_does_ct_scan_emit/,"And how does a CT create that radiation?
I doubt that a CT machine stores some Uranium 237 or Plutonium 239 or and other radioactive element?
Thanks.",1757592312.0,0.42,0,0,Planetary Science,narsil1,22,False,0,False,text
explainlikeimfive,1ne9za7,ELI5 Why bolt action rifles are the weapon of choice for long range kills.,0,https://reddit.com/r/explainlikeimfive/comments/1ne9za7/eli5_why_bolt_action_rifles_are_the_weapon_of/,https://www.reddit.com/r/explainlikeimfive/comments/1ne9za7/eli5_why_bolt_action_rifles_are_the_weapon_of/,,1757600188.0,0.44,0,0,Engineering,AajBahutKhushHogaTum,83,False,0,False,text
explainlikeimfive,1ndwoea,ELI5 how does an EKG work?,1,https://reddit.com/r/explainlikeimfive/comments/1ndwoea/eli5_how_does_an_ekg_work/,https://www.reddit.com/r/explainlikeimfive/comments/1ndwoea/eli5_how_does_an_ekg_work/,"I get placement, but why do the lines appear as they do when considering where the electrode pads are placed?",1757555903.0,0.52,1,0,Technology,Difficult_Guitar_862,14,False,0,False,text
explainlikeimfive,1ne61ok,ELI5: How does 20Q/Akinator work and were NNs that good already?,0,https://reddit.com/r/explainlikeimfive/comments/1ne61ok/eli5_how_does_20qakinator_work_and_were_nns_that/,https://www.reddit.com/r/explainlikeimfive/comments/1ne61ok/eli5_how_does_20qakinator_work_and_were_nns_that/,Saw a post about this on the sub but it was 10 years ago before the ai boom. saw a short on 20q where they asked a buncha questions and it got it right and apparently they used neural networks or something... i dont really get it. was it that good back then?,1757589373.0,0.27,0,0,Technology,Maximum-Meteor,10,False,0,False,text
explainlikeimfive,1ndbvkz,ELI5: How broadcasting deals for the NFL work,12,https://reddit.com/r/explainlikeimfive/comments/1ndbvkz/eli5_how_broadcasting_deals_for_the_nfl_work/,https://www.reddit.com/r/explainlikeimfive/comments/1ndbvkz/eli5_how_broadcasting_deals_for_the_nfl_work/,"As a European seems like a confusing hodgepodge of free to air public stations, paywalled cable stations, streaming sites, and in house NFL stations like the NFL network. How do they decide who gets what matches? They seem to do it by day with Thursday night or Sunday night games going to different companies. It also seems like geography plays a factor with different regions getting different matches and being blocked out of some markets.",1757504604.0,0.71,12,0,Other,No_Formal_9648,13,False,0,False,text
explainlikeimfive,1nd0d3g,Eli5 how do private/public keys work for authentication?,90,https://reddit.com/r/explainlikeimfive/comments/1nd0d3g/eli5_how_do_privatepublic_keys_work_for/,https://www.reddit.com/r/explainlikeimfive/comments/1nd0d3g/eli5_how_do_privatepublic_keys_work_for/,,1757465378.0,0.85,90,0,Technology,ocdtransta,54,False,0,False,text
explainlikeimfive,1ndgp3s,ELI5 selfi sticks not showing in videos,4,https://reddit.com/r/explainlikeimfive/comments/1ndgp3s/eli5_selfi_sticks_not_showing_in_videos/,https://www.reddit.com/r/explainlikeimfive/comments/1ndgp3s/eli5_selfi_sticks_not_showing_in_videos/,"In the link below, and a lot of videos I see taken with selfie sticks you cannot see any actual pile holding the phone. Is this edited out by the phones, edited out later?

At approx 30 seconds into this video you can see the lady slide a selfie stick mounted camera out of the helicopter. You can see her hands sliding it in and out but you cannot see the pole itself. Why?

https://www.reddit.com/r/LoveTrash/s/eeiE399Hv7
",1757516700.0,0.58,4,0,Engineering,Interesting_Worry202,5,False,0,False,text
explainlikeimfive,1nec18z,ELI5: Why does HIV always lead to AIDS? Why can't you just get infected with AIDS in the first place?,0,https://reddit.com/r/explainlikeimfive/comments/1nec18z/eli5_why_does_hiv_always_lead_to_aids_why_cant/,https://www.reddit.com/r/explainlikeimfive/comments/1nec18z/eli5_why_does_hiv_always_lead_to_aids_why_cant/,,1757604992.0,0.26,0,0,Biology,speedrunninglife,30,False,0,False,text
explainlikeimfive,1ncnyvh,ELI5: Play Calling in American Football,191,https://reddit.com/r/explainlikeimfive/comments/1ncnyvh/eli5_play_calling_in_american_football/,https://www.reddit.com/r/explainlikeimfive/comments/1ncnyvh/eli5_play_calling_in_american_football/,"First of all, I do watch American Football a lot. College is my favorite. 

From playing video games, I understand terms like Man, Zone, Shotgun, I-Form, etc.

So I know how the game is played. What I'm asking is, how do the players on the field get set so quickly? How do they communicate, especially with all the crowd noise?

Especially on Defense. I've seen coaching staff holding up flags with symbols all over them. I assume this is some sort of code for whatever play is being called. But often times, the flags don't change, yet the players will change formation and substitutions are being made.

What really baffles me is the ""No Huddle"" Offense. How is that done?

How does communication happen between the Coordinators, the Coaches, and the Players, and how is it done so quickly? 

",1757436115.0,0.82,191,0,Other,shootermcgvn,91,False,0,False,text
explainlikeimfive,1nceuro,"ELI5: Do most animals, say Horses and Birds, when they get injured has no chances of recovery? Why?",546,https://reddit.com/r/explainlikeimfive/comments/1nceuro/eli5_do_most_animals_say_horses_and_birds_when/,https://www.reddit.com/r/explainlikeimfive/comments/1nceuro/eli5_do_most_animals_say_horses_and_birds_when/,,1757412395.0,0.83,546,0,Biology,Emperor_Krimson,119,False,0,False,text
explainlikeimfive,1nd7ttw,ELI5: How do jet engines spin?,8,https://reddit.com/r/explainlikeimfive/comments/1nd7ttw/eli5_how_do_jet_engines_spin/,https://www.reddit.com/r/explainlikeimfive/comments/1nd7ttw/eli5_how_do_jet_engines_spin/,"Piston engines are easy to understand, explosions in cylinders push pistons which spin the prop shaft which spins the propeller. Jet engines (I believe) don’t have any of that? So how do they spin continuously?",1757489729.0,0.55,8,0,Engineering,Sorry_Priority8144,47,False,0,False,text
explainlikeimfive,1ndytjq,ELI5 Money Supply and Stocks,0,https://reddit.com/r/explainlikeimfive/comments/1ndytjq/eli5_money_supply_and_stocks/,https://www.reddit.com/r/explainlikeimfive/comments/1ndytjq/eli5_money_supply_and_stocks/,"When stock prices go up wildly (like Oracles did today: ~40% (and also making a new richest person in the world)) does that affect money supply/how we should view the fiat currency?

Is that wealth just new money that has just been created for our economy, and what would happen if they decided to sell their shares? Obviously, it would devalue the company, but there’s still supposedly a finite amount of money circulating in the economy at any given point, so for that wealth to just now be created, how does it affect money supply?",1757562512.0,0.35,0,0,Economics,OrangeReactor,7,False,0,False,text
explainlikeimfive,1ndynki,ELI5: What does vapour chamber in iphone means ?,0,https://reddit.com/r/explainlikeimfive/comments/1ndynki/eli5_what_does_vapour_chamber_in_iphone_means/,https://www.reddit.com/r/explainlikeimfive/comments/1ndynki/eli5_what_does_vapour_chamber_in_iphone_means/,,1757561985.0,0.38,0,0,Engineering,Visha1_khare,13,False,0,False,text
explainlikeimfive,1ncy45b,"ELI5, Guitar Pedals",32,https://reddit.com/r/explainlikeimfive/comments/1ncy45b/eli5_guitar_pedals/,https://www.reddit.com/r/explainlikeimfive/comments/1ncy45b/eli5_guitar_pedals/,How do guitar pedals work? Like would I need a cable that connects my guitar to a pedal and then another cable connecting my pedal to my amp? I’m so confused about all of it and i’m really relatively new to guitar. Can someone help me out?,1757459286.0,0.67,32,0,Other,Clean_Fudge2409,13,False,0,False,text
explainlikeimfive,1ndzms1,ELI5 why don't hot countries build wind towers like the ones in the middle east? Better yet why not ones that funnel the wind down into the streets so you don't have to stand in the tower? If the same country gets cold too they could build the tower to be closed in winter.,0,https://reddit.com/r/explainlikeimfive/comments/1ndzms1/eli5_why_dont_hot_countries_build_wind_towers/,https://www.reddit.com/r/explainlikeimfive/comments/1ndzms1/eli5_why_dont_hot_countries_build_wind_towers/,,1757565210.0,0.36,0,0,Engineering,Efficient_Cup_2511,5,False,0,False,text
explainlikeimfive,1nduu4j,ELI5 why is it you can only hear sirens from certain angles,0,https://reddit.com/r/explainlikeimfive/comments/1nduu4j/eli5_why_is_it_you_can_only_hear_sirens_from/,https://www.reddit.com/r/explainlikeimfive/comments/1nduu4j/eli5_why_is_it_you_can_only_hear_sirens_from/,Im sure its really obvious but I dont understand why you can hear a fire truck when its coming up behind you but if im facing it on the interstate I dont hear a thing and the same with an ambulance so on.,1757550443.0,0.45,0,0,Other,MemeForceAgent005,10,False,0,False,text
explainlikeimfive,1nc38l2,"ELI5: why is it so hard to sleep when you haven’t done anything all day, even if you were resting because you’re tired?",1613,https://reddit.com/r/explainlikeimfive/comments/1nc38l2/eli5_why_is_it_so_hard_to_sleep_when_you_havent/,https://www.reddit.com/r/explainlikeimfive/comments/1nc38l2/eli5_why_is_it_so_hard_to_sleep_when_you_havent/,,1757373887.0,0.93,1613,0,Other,HardAlmond,130,False,0,False,text
explainlikeimfive,1ndx1r2,ELI5 how come a wet phone cannot shock you if you touch it?,0,https://reddit.com/r/explainlikeimfive/comments/1ndx1r2/eli5_how_come_a_wet_phone_cannot_shock_you_if_you/,https://www.reddit.com/r/explainlikeimfive/comments/1ndx1r2/eli5_how_come_a_wet_phone_cannot_shock_you_if_you/,There's been many times where I see people get their phone drenched whenever they spill something on their phone or they drop it in a pool/toilet yet when they go and pick it up they never get shocked from it even though electricity and water are known to shock you when combined. ,1757557015.0,0.43,0,0,Technology,Posidengamer,15,False,0,False,text
explainlikeimfive,1nd1npl,ELI5 - What causes the moon to wax and wane?,11,https://reddit.com/r/explainlikeimfive/comments/1nd1npl/eli5_what_causes_the_moon_to_wax_and_wane/,https://www.reddit.com/r/explainlikeimfive/comments/1nd1npl/eli5_what_causes_the_moon_to_wax_and_wane/,"To my understanding, the moon is visible to us because the sun’s light reflects off of it. Is the curved shape of the moon when it’s not a new moon or full moon caused by the earth blocking the sun’s light a bit? I’d never thought about this before, my education was greatly lacking. The more details, the better! ",1757469051.0,0.58,11,0,Planetary Science,FourTwunnyBunny,22,False,0,False,text
explainlikeimfive,1nchnc5,ELI5: Why does friction create heat?,75,https://reddit.com/r/explainlikeimfive/comments/1nchnc5/eli5_why_does_friction_create_heat/,https://www.reddit.com/r/explainlikeimfive/comments/1nchnc5/eli5_why_does_friction_create_heat/,,1757421198.0,0.79,75,0,Physics,thepixelpaint,25,False,0,False,text
explainlikeimfive,1ndn1km,"ELI5: when you change saturation, contrast and tone in Photoshop, what happens to the lightwaves emitted by the screen?",0,https://reddit.com/r/explainlikeimfive/comments/1ndn1km/eli5_when_you_change_saturation_contrast_and_tone/,https://www.reddit.com/r/explainlikeimfive/comments/1ndn1km/eli5_when_you_change_saturation_contrast_and_tone/,,1757530645.0,0.45,0,0,Physics,umbra002,8,False,0,False,text
explainlikeimfive,1ndgygt,ELI5 Proboscis in worms,0,https://reddit.com/r/explainlikeimfive/comments/1ndgygt/eli5_proboscis_in_worms/,https://www.reddit.com/r/explainlikeimfive/comments/1ndgygt/eli5_proboscis_in_worms/,I just saw a video on my feed of a red ribbon worm or velvet worm or SOME bizarre creature and when it was poked it shot out a weird white substance that seemed to grow its own veins... can anyone explain this without the sciencey language that googling offers ,1757517277.0,0.4,0,0,Biology,evxtina,2,False,0,False,text
explainlikeimfive,1nbxpdo,ELI5: How does WiFi know where to send data in a crowded apartment building?,997,https://reddit.com/r/explainlikeimfive/comments/1nbxpdo/eli5_how_does_wifi_know_where_to_send_data_in_a/,https://www.reddit.com/r/explainlikeimfive/comments/1nbxpdo/eli5_how_does_wifi_know_where_to_send_data_in_a/,"Like, with everyone streaming and browsing, how does it not mix up signals? Explain it like I'm five!",1757360585.0,0.86,997,0,Technology,Hot_Stay0797,263,False,0,False,text
explainlikeimfive,1ndm538,ELI5: What’s a SQL window function and why is it useful?,0,https://reddit.com/r/explainlikeimfive/comments/1ndm538/eli5_whats_a_sql_window_function_and_why_is_it/,https://www.reddit.com/r/explainlikeimfive/comments/1ndm538/eli5_whats_a_sql_window_function_and_why_is_it/,"I’ve heard people mention SQL window functions when working with databases, but I have no clue what they do. Are they like regular queries or something totally different? Please explain it like I’m a five-year-old!",1757528602.0,0.17,0,0,Technology,Hot_Stay0797,17,False,0,False,text
explainlikeimfive,1ndlq4g,ELI5 What are catnips. And why do cats rub it on themselves.,0,https://reddit.com/r/explainlikeimfive/comments/1ndlq4g/eli5_what_are_catnips_and_why_do_cats_rub_it_on/,https://www.reddit.com/r/explainlikeimfive/comments/1ndlq4g/eli5_what_are_catnips_and_why_do_cats_rub_it_on/,I never had a cat now have seen a catnip. The only cat the came to us (me and my family) was street cats who would stand at our door and meow observing us till we feed her. Post that she was free. Now I have seen so many videos recently of which nothing makes sense to me. Not just domestic cats but even big cats like Jaguar (video i recently saw) go crazy over catnips. What’s is cat nip exactly. Google search does give an explanation but I don’t understand why do cats love to rub it over themselves (faces etc). What effect does it create to them?,1757527675.0,0.46,0,0,Biology,Buddy_NattuRious,21,False,0,False,text
explainlikeimfive,1nbox0i,"ELI5 how was it discovered that crude oil could be refined into various types of fuel source? What inspired the first person to attempt to refine it? What was petrol/gasoline used for before combustion engines, and how much did it influence the basic design of the engine?",971,https://reddit.com/r/explainlikeimfive/comments/1nbox0i/eli5_how_was_it_discovered_that_crude_oil_could/,https://www.reddit.com/r/explainlikeimfive/comments/1nbox0i/eli5_how_was_it_discovered_that_crude_oil_could/,,1757340965.0,0.93,971,0,Chemistry,PilotedByGhosts,209,False,0,False,text
explainlikeimfive,1nc5uf1,"ELI5: Mechanically, what happens to the body in a horse collar tackle that makes it so dangerous in football?",113,https://reddit.com/r/explainlikeimfive/comments/1nc5uf1/eli5_mechanically_what_happens_to_the_body_in_a/,https://www.reddit.com/r/explainlikeimfive/comments/1nc5uf1/eli5_mechanically_what_happens_to_the_body_in_a/,,1757380962.0,0.79,113,0,Other,Normal-Being-2637,17,False,0,False,text
explainlikeimfive,1ndhcsg,ELI5. Is car exhaust truey cleaner than in the past or does it just small less?,0,https://reddit.com/r/explainlikeimfive/comments/1ndhcsg/eli5_is_car_exhaust_truey_cleaner_than_in_the/,https://www.reddit.com/r/explainlikeimfive/comments/1ndhcsg/eli5_is_car_exhaust_truey_cleaner_than_in_the/,"I was at a stoplight yesterday behind a modern day Honda. In the lane next to it was a 1970s or 80s Chevy van. I could smell the familiar exhaust smell of my youth, and made me wonder if the ""cleanliness"" of the Honda was just cosmetic, as in the smell is reduced? If not, why do old cars smell that way? Unburnt fuel? Thanks.",1757518159.0,0.27,0,0,Technology,moejurray,19,False,0,False,text
explainlikeimfive,1nbmrwh,ELI5: Why do batteries drain faster in cold weather?,562,https://reddit.com/r/explainlikeimfive/comments/1nbmrwh/eli5_why_do_batteries_drain_faster_in_cold_weather/,https://www.reddit.com/r/explainlikeimfive/comments/1nbmrwh/eli5_why_do_batteries_drain_faster_in_cold_weather/,"I noticed that when I use my phone or TV remote outside in cold weather, the battery seems to die much quicker than usual. The other day I was waiting around, absentmindedly scrolling myprize and my phone dropped from 40% to dead in less than ten minutes.

Why does cold make batteries lose their charge faster? And does that mean they’re actually getting worse, or is something else happening?",1757335582.0,0.91,562,0,Technology,Gloomy_Art958,57,False,0,False,text
explainlikeimfive,1ndig21,ELI5 Why do people who get boob jobs put fat in their chest instead of plastic? Wouldnt that be more realistic?,0,https://reddit.com/r/explainlikeimfive/comments/1ndig21/eli5_why_do_people_who_get_boob_jobs_put_fat_in/,https://www.reddit.com/r/explainlikeimfive/comments/1ndig21/eli5_why_do_people_who_get_boob_jobs_put_fat_in/,,1757520538.0,0.27,0,0,Biology,Outrageous-Lemon9778,10,False,0,False,text
explainlikeimfive,1ncd5qc,ELI5: how do harmonics work on guitar,15,https://reddit.com/r/explainlikeimfive/comments/1ncd5qc/eli5_how_do_harmonics_work_on_guitar/,https://www.reddit.com/r/explainlikeimfive/comments/1ncd5qc/eli5_how_do_harmonics_work_on_guitar/,"I play electric guitar, and know how to play harmonics practically, but have no idea how they actually work. I was playing a gojira song and was wondering why, for example, the pitch goes down as you play harmonics up the fretboard. ",1757405666.0,0.66,15,0,Physics,dedicated_pioneer,9,False,0,False,text
explainlikeimfive,1nbxzqy,ELI5: What’s a SQL CTE and why do people use it?,112,https://reddit.com/r/explainlikeimfive/comments/1nbxzqy/eli5_whats_a_sql_cte_and_why_do_people_use_it/,https://www.reddit.com/r/explainlikeimfive/comments/1nbxzqy/eli5_whats_a_sql_cte_and_why_do_people_use_it/,"I keep hearing about SQL CTEs when people talk about databases, but I don’t get what they are. Like, is it just a fancy way to write a query? Explain it like I’m five years old—super simple, please!

",1757361242.0,0.8,112,0,Technology,Hot_Stay0797,57,False,0,False,text
explainlikeimfive,1nblqoq,ELI5 How do calories/energy work?,345,https://reddit.com/r/explainlikeimfive/comments/1nblqoq/eli5_how_do_caloriesenergy_work/,https://www.reddit.com/r/explainlikeimfive/comments/1nblqoq/eli5_how_do_caloriesenergy_work/,"So I walked for around 2 hours today and my health app says I walked 15k steps and burned 1500 KJ. I was pretty tired when I got home and when I was eating some Oreos, I noticed the packaging said 2 Oreos is 600KJ. So if I eat 5 of those, did I walk for nothing? Does it mean I have consumed enough to have energy to walk another 15k steps? Also do you need more calories if you live in a cold place? ",1757332703.0,0.87,345,0,Biology,Insomnia7890,130,False,0,False,text
explainlikeimfive,1nbxaaa,ELI5 how does hand washing technically work? If soap doesn’t create suds is it washing bacteria off my hands? If my hand has cream on them does that affect the effectiveness? Thanks!,68,https://reddit.com/r/explainlikeimfive/comments/1nbxaaa/eli5_how_does_hand_washing_technically_work_if/,https://www.reddit.com/r/explainlikeimfive/comments/1nbxaaa/eli5_how_does_hand_washing_technically_work_if/,,1757359631.0,0.75,68,0,Biology,yourcatsmother,11,False,0,False,text
explainlikeimfive,1nd4azl,ELI5 forward pricing for mutual funds.,0,https://reddit.com/r/explainlikeimfive/comments/1nd4azl/eli5_forward_pricing_for_mutual_funds/,https://www.reddit.com/r/explainlikeimfive/comments/1nd4azl/eli5_forward_pricing_for_mutual_funds/,,1757476939.0,0.18,0,0,Other,Plus_Marzipan9105,2,False,0,False,text
explainlikeimfive,1nd180u,"ELI5: How come only some DX12 games compile shaders, while others don't?",0,https://reddit.com/r/explainlikeimfive/comments/1nd180u/eli5_how_come_only_some_dx12_games_compile/,https://www.reddit.com/r/explainlikeimfive/comments/1nd180u/eli5_how_come_only_some_dx12_games_compile/,"For example Cyberpunk, Rift Apart, RE4 Remake, Spoderman etc doesn't need to do that. They also don't suffer from the dreaded ""shader compilation stutter"".

But games like Last of Us Part 1/2, Horizon Zero Dawn/Forbidden West, Uncharted, Black Ops Cold War need to compile the shaders in the main menu otherwise you get the stutters?",1757467810.0,0.25,0,0,Technology,Abstract_Void,3,False,0,False,text
explainlikeimfive,1nd0bf2,ELI5- how do slo mo videos work?,0,https://reddit.com/r/explainlikeimfive/comments/1nd0bf2/eli5_how_do_slo_mo_videos_work/,https://www.reddit.com/r/explainlikeimfive/comments/1nd0bf2/eli5_how_do_slo_mo_videos_work/,"Particularly asking about the fps in a hi tech slo mo video. Generally speaking, at least when gaming, higher fps allows players to have a smoother, and by that standard, faster experience. But with slo mo videos, there’s some at 30,000 fps which, idek how to comprehend that number of frames being loaded in every single second, but also, wouldn’t that make it faster? 

Obviously say 1 fps is way too slow and glitchy and you can barely get any information out of it- but between say 10 and 15 fps, it’s pretty slow running so you’d be seeing something in slo mo right? Unless the part of me telling me the opposite is true, in that case higher frames means it’s showing finer detail and the video is able to play at a slower pace without like… *losing* data? Am I getting that right? I genuinely have no clue and have been wanting to know how these things work since the first time I watched a slow mo guys video. 

Thanks a ton for any info, I’m sure my all AP brain can translate in some way any of the stuff I read. ",1757465250.0,0.44,0,0,Technology,Intelligent-Pound197,29,False,0,False,text
explainlikeimfive,1nbu84d,ELI5: Why are sunsets more colorful than sunrises?,48,https://reddit.com/r/explainlikeimfive/comments/1nbu84d/eli5_why_are_sunsets_more_colorful_than_sunrises/,https://www.reddit.com/r/explainlikeimfive/comments/1nbu84d/eli5_why_are_sunsets_more_colorful_than_sunrises/,,1757352854.0,0.76,48,0,Planetary Science,coronation1,19,False,0,False,text
explainlikeimfive,1nbilha,ELI5: I don't understand how smell works,225,https://reddit.com/r/explainlikeimfive/comments/1nbilha/eli5_i_dont_understand_how_smell_works/,https://www.reddit.com/r/explainlikeimfive/comments/1nbilha/eli5_i_dont_understand_how_smell_works/,"My whole life, I've had little to no sense of smell so it's all very foreign to me; it wasn't until a few months ago that I first learned that dirt had a smell because it just never occurred to me prior. Today at work while on my lunch break, someone opened a microwave dinner kind of container and I smelled a faint smell which eventually went away. It made me think about why was there a lot of smell then the smell fades? Was there like a pocket of smell within the container that was then released when it was opened but then it equalizes within the room? Do things just constantly ""generate"" smells? If something is contained but generates a smell, can it run out of room to generate the smell?",1757321702.0,0.84,225,0,Biology,Jalen2612,100,False,0,False,text
explainlikeimfive,1nboihq,ELI5: Where do all the chemicals go?,88,https://reddit.com/r/explainlikeimfive/comments/1nboihq/eli5_where_do_all_the_chemicals_go/,https://www.reddit.com/r/explainlikeimfive/comments/1nboihq/eli5_where_do_all_the_chemicals_go/,"What actually happens to all the chemicals (not counting CO2) that humans release into the atmosphere? Paint vapors, gasoline vapors, solvents, burned toxins, farts, etc.  Where do these millions of tons of chemicals really go?  Do they simply settle into the earth or are there processes that convert them to something more or less inert?

Edit:  Thanks for all the insightful answers.  I guess I never considered the natural processes in play that can break these chemicals down.  TIL",1757340009.0,0.84,88,0,Chemistry,ProstrateProstate,49,False,0,False,text
explainlikeimfive,1nd15a8,Eli5 - how the hell are Bluetooth and radio waves possible?,0,https://reddit.com/r/explainlikeimfive/comments/1nd15a8/eli5_how_the_hell_are_bluetooth_and_radio_waves/,https://www.reddit.com/r/explainlikeimfive/comments/1nd15a8/eli5_how_the_hell_are_bluetooth_and_radio_waves/,,1757467594.0,0.32,0,0,Engineering,PomegranateOdd5272,12,False,0,False,text
explainlikeimfive,1nbkkbs,ELI5 How can there be still a full moon after sunrise?,110,https://reddit.com/r/explainlikeimfive/comments/1nbkkbs/eli5_how_can_there_be_still_a_full_moon_after/,https://www.reddit.com/r/explainlikeimfive/comments/1nbkkbs/eli5_how_can_there_be_still_a_full_moon_after/,Im here in massachusetts and the sun rose about 30mins ago and the moon is still full. It is bit cloudily on sun side though but how is that possible? The moon is not exactly opposite of the sun front of earth. Explain it to me like im 5?  Thanks,1757328988.0,0.7,110,0,Planetary Science,FeelingAbies8976,87,False,0,False,text
explainlikeimfive,1nd4212,ELI5 Why do less inhabited areas have bad cellular network/internet?,0,https://reddit.com/r/explainlikeimfive/comments/1nd4212/eli5_why_do_less_inhabited_areas_have_bad/,https://www.reddit.com/r/explainlikeimfive/comments/1nd4212/eli5_why_do_less_inhabited_areas_have_bad/,"Edit: thank you everyone for the comments! I forgot cell towers existed and also never questioned why they existed, so thanks! 

I don't really understand even the difference between cellular network, internet etc, but I noticed that whenever I'm far from cities and inhabited places, the internet connection on my phone is way worse and also phone calls sometimes don't work.

What causes this? As far as I understand, these all come from satellites that are orbiting earth, and I assume that these satellites aren't more present above populated areas, like, they cover pretty much the entirety of earth, aren't they? ",1757476169.0,0.22,0,0,Technology,According-Cake-7965,16,False,0,False,text
explainlikeimfive,1ncoz49,ELI5 why sunlight warms up under a lens,0,https://reddit.com/r/explainlikeimfive/comments/1ncoz49/eli5_why_sunlight_warms_up_under_a_lens/,https://www.reddit.com/r/explainlikeimfive/comments/1ncoz49/eli5_why_sunlight_warms_up_under_a_lens/,never got it,1757438358.0,0.33,0,0,Biology,Tall_Importance_8719,7,False,0,False,text
explainlikeimfive,1nb4oqb,ELI5 How does typing on a Chinese keyboard work?,425,https://reddit.com/r/explainlikeimfive/comments/1nb4oqb/eli5_how_does_typing_on_a_chinese_keyboard_work/,https://www.reddit.com/r/explainlikeimfive/comments/1nb4oqb/eli5_how_does_typing_on_a_chinese_keyboard_work/,"I recently moved to a city with lots of signs in Chinese so it only recently occurred to me.  Without an alphabet how does typing work?

How do you do characters for unique combinations of strokes on a QWERTY sized keyboard?",1757278762.0,0.88,425,0,Technology,Gullible_Tie_4399,84,False,0,False,text
explainlikeimfive,1nazwpd,ELI5 - Why does space make everything spherical?,623,https://reddit.com/r/explainlikeimfive/comments/1nazwpd/eli5_why_does_space_make_everything_spherical/,https://www.reddit.com/r/explainlikeimfive/comments/1nazwpd/eli5_why_does_space_make_everything_spherical/,"The stars, the rocky planets, the gas giants, and even the moon, which is hypothesized to be a piece of the earth that broke off after a collision: why do they all end up spherical?",1757267636.0,0.86,623,0,Planetary Science,mynameischayt,227,False,0,False,text
explainlikeimfive,1ncmo4s,ELI5 how are people actually flashing doom or other OS's on fixed hardware?,0,https://reddit.com/r/explainlikeimfive/comments/1ncmo4s/eli5_how_are_people_actually_flashing_doom_or/,https://www.reddit.com/r/explainlikeimfive/comments/1ncmo4s/eli5_how_are_people_actually_flashing_doom_or/,I'm interested in what the setup is to actually change the software on a system that has no interface/ports. If a system runs a proprietary OS then what options are there besides getting a new chip set of the same formfactor and replacing it?,1757433197.0,0.23,0,0,Technology,That_Gadget,13,False,0,False,text
explainlikeimfive,1nbn2xy,ELI5: What are those spots/lights when you cough too much,15,https://reddit.com/r/explainlikeimfive/comments/1nbn2xy/eli5_what_are_those_spotslights_when_you_cough/,https://www.reddit.com/r/explainlikeimfive/comments/1nbn2xy/eli5_what_are_those_spotslights_when_you_cough/,"When you cough too much, what are the bright little lights that you see? ",1757336395.0,0.67,15,0,Biology,Glittering_Guide1977,14,False,0,False,text
explainlikeimfive,1nbcl76,ELI5: Why do people with certain long-term illnesses develop anemia?,69,https://reddit.com/r/explainlikeimfive/comments/1nbcl76/eli5_why_do_people_with_certain_longterm/,https://www.reddit.com/r/explainlikeimfive/comments/1nbcl76/eli5_why_do_people_with_certain_longterm/,As my mother's cancer progressed she started to get anemia and we had to give her iron supplements on top of all the other things she had to take for treatment. I was told that people with long term illnesses also tend to develop anemia but to me it still just seems like such a random side effect/symptom? My mom had colorectal cancer; what does a disease of the gut have to do with iron deficiency?,1757300274.0,0.84,69,0,Biology,astarisaslave,14,False,0,False,text
explainlikeimfive,1nboex2,ELI5:Quantum theory of superposition,8,https://reddit.com/r/explainlikeimfive/comments/1nboex2/eli5quantum_theory_of_superposition/,https://www.reddit.com/r/explainlikeimfive/comments/1nboex2/eli5quantum_theory_of_superposition/,What is it and how does it happen?,1757339770.0,0.57,8,0,Physics,virginncoke,9,False,0,False,text
explainlikeimfive,1nb58ts,ELI5: Why does our body need iron?,152,https://reddit.com/r/explainlikeimfive/comments/1nb58ts/eli5_why_does_our_body_need_iron/,https://www.reddit.com/r/explainlikeimfive/comments/1nb58ts/eli5_why_does_our_body_need_iron/,,1757280102.0,0.79,152,0,Biology,beautifullifede,61,False,0,False,text
explainlikeimfive,1nbo7aa,ELI5 We know what our body wants in terms of vitamins and proteins etc. How does a wild animal full-fill its needs?,7,https://reddit.com/r/explainlikeimfive/comments/1nbo7aa/eli5_we_know_what_our_body_wants_in_terms_of/,https://www.reddit.com/r/explainlikeimfive/comments/1nbo7aa/eli5_we_know_what_our_body_wants_in_terms_of/,I understand how with the improvements of technology one simple blood test and show with what sort of proteins or vitamins is lacking in my body. With that the dr will either suggest medication or basic diet chart where certain vegetables gives you your required vitamins etc. But a lion or a tiger for example who only reply on carnivorous diet. How do they full-fill their vitamins requirements? ,1757339246.0,0.54,7,0,Biology,Buddy_NattuRious,58,False,0,False,text
explainlikeimfive,1nbfcit,ELI5: How does archiving emails save up storage space in a mailbox?,25,https://reddit.com/r/explainlikeimfive/comments/1nbfcit/eli5_how_does_archiving_emails_save_up_storage/,https://www.reddit.com/r/explainlikeimfive/comments/1nbfcit/eli5_how_does_archiving_emails_save_up_storage/,"My Outlook mailbox for work is now about 95% full, and I was told to archive older emails. If I archive emails and I can still search for them because they're compressed, wouldn't it make more sense for everything to be save in a compressed format from the start?",1757309297.0,0.77,25,0,Technology,peacefulespresso,9,False,0,False,text
explainlikeimfive,1naldy8,ELI5 -why are cigarettes filled with other things?,1013,https://reddit.com/r/explainlikeimfive/comments/1naldy8/eli5_why_are_cigarettes_filled_with_other_things/,https://www.reddit.com/r/explainlikeimfive/comments/1naldy8/eli5_why_are_cigarettes_filled_with_other_things/,Can't a cigarette just be dried tobacco rolled in paper and get you the same buzz? Why are they full of other chemicals and carcinogens? Or are those carcinogens naturally in tobacco?,1757224275.0,0.89,1013,0,Chemistry,zachestine,222,False,0,False,text
explainlikeimfive,1nchxpz,"ELI5: why, considering how fast the airplane is going, are we not slammed back against our seats for the entire flight?",0,https://reddit.com/r/explainlikeimfive/comments/1nchxpz/eli5_why_considering_how_fast_the_airplane_is/,https://www.reddit.com/r/explainlikeimfive/comments/1nchxpz/eli5_why_considering_how_fast_the_airplane_is/,,1757421968.0,0.26,0,0,Physics,okokyaalright,64,False,0,False,text
explainlikeimfive,1nasksy,eli5 how does using an analong watch as a compass work,191,https://reddit.com/r/explainlikeimfive/comments/1nasksy/eli5_how_does_using_an_analong_watch_as_a_compass/,https://www.reddit.com/r/explainlikeimfive/comments/1nasksy/eli5_how_does_using_an_analong_watch_as_a_compass/,,1757250016.0,0.85,191,0,Planetary Science,_Fat_Duck_,69,False,0,False,text
explainlikeimfive,1naaca9,ELi5 - How do my bank / card companies know when it's not me? Do they just guess and guess correctly every time?,2839,https://reddit.com/r/explainlikeimfive/comments/1naaca9/eli5_how_do_my_bank_card_companies_know_when_its/,https://www.reddit.com/r/explainlikeimfive/comments/1naaca9/eli5_how_do_my_bank_card_companies_know_when_its/,"I've noticed that every time I get my card stolen (from places like Walmart, let's be real), my bank always knows it's not me. They never flag when it's me whether I'm using tap or swipe or whatever, but when my shit has been stolen they always alert me and get it right.

How do they know?

Is it because there isn't a physical card being used? I mean tap isn't a physical card either, so...

EDIT: I got enough comments to be concerned that despite using multiple banks in different states over my 26 years of life, it's not normal to have my card stolen over a half dozen times...

Uh oh.

EDIT: I don't physically lose my card btw y'all. It's just stolen whenever I shop at certain places. I've narrowed them down to two Walmarts around me and this one corner store, but also a couple other places. So I clearly don't go to the ones I know will steal it...",1757191576.0,0.93,2839,0,Technology,hellahypochondriac,514,False,0,False,text
explainlikeimfive,1nawgrz,ELI5: How do LLM outputs have higher-level organization like paragraphs and summaries?,81,https://reddit.com/r/explainlikeimfive/comments/1nawgrz/eli5_how_do_llm_outputs_have_higherlevel/,https://www.reddit.com/r/explainlikeimfive/comments/1nawgrz/eli5_how_do_llm_outputs_have_higherlevel/,"I have a very surface-level understanding of how LLMs are trained and operate, mainly from YouTube channels like 3Blue1Brown and Welch Labs. I have heard of tokenization, gradient descent, backpropagation, softmax, transformers, and so on. What I don’t understand is how next-word prediction is able to lead to answers with paragraph breaks, summaries,  and the like. Even with using the output so far as part of the input for predicting the next word, it seems confusing to me that it would be able to produce answers with any sort of natural flow and breaks. Is it just as simple as having a line break be one of the possible tokens? Or is there any additional internal mechanism that generates or keeps track of an overall structure to the answer as it populates the words? I guess I’m wondering if what I’ve learned is enough to fully explain the “sophisticated” behavior of LLMs, or if there are more advanced concepts that aren’t covered in what I’ve seen.

Related, how does the LLM “know” when it’s finished giving the meat of the answer and it’s time to summarize? And whether there’s a summary or not, how does the LLM know it’s finished? None of what I’ve seen really goes into that. Sure, it can generate words and sentences, but how does it know when to stop? Is it just as simple as having “<end generation>” being one of the tokens?",1757259633.0,0.78,81,0,Technology,RyanW1019,40,False,0,False,text
explainlikeimfive,1navl3y,ELI5 why waves with shorter frequency bounce off more physical stuff than longer?,84,https://reddit.com/r/explainlikeimfive/comments/1navl3y/eli5_why_waves_with_shorter_frequency_bounce_off/,https://www.reddit.com/r/explainlikeimfive/comments/1navl3y/eli5_why_waves_with_shorter_frequency_bounce_off/,Like the sky is blue for this reason right?,1757257582.0,0.83,84,0,Planetary Science,ProudReaction2204,27,False,0,False,text
explainlikeimfive,1ncbe4l,ELI5: If people are supposed to get pregnant and it's important for survival to make babies then why hasn't the human body evolved to not attack the fetus?,0,https://reddit.com/r/explainlikeimfive/comments/1ncbe4l/eli5_if_people_are_supposed_to_get_pregnant_and/,https://www.reddit.com/r/explainlikeimfive/comments/1ncbe4l/eli5_if_people_are_supposed_to_get_pregnant_and/,Do any other species experience this? Coz this seems to be a human problem. ,1757398684.0,0.25,0,0,Biology,DavinaCarter,25,False,0,False,text
explainlikeimfive,1namyn6,"ELI5 How do ""shell companies"" work?",218,https://reddit.com/r/explainlikeimfive/comments/1namyn6/eli5_how_do_shell_companies_work/,https://www.reddit.com/r/explainlikeimfive/comments/1namyn6/eli5_how_do_shell_companies_work/,"To extent it's like in movies , and intended to hide ownership information, it doesn't seem to work that well since the good guys are always able to deduce that the bad guy moved funds thru offshore shell companies...",1757229975.0,0.87,218,0,Economics,jaywilly81,45,False,0,False,text
explainlikeimfive,1nbo8rv,"ELI5 Why when you have an itch and you scratch it, it does not calm down but it starts to itch stronger?",0,https://reddit.com/r/explainlikeimfive/comments/1nbo8rv/eli5_why_when_you_have_an_itch_and_you_scratch_it/,https://www.reddit.com/r/explainlikeimfive/comments/1nbo8rv/eli5_why_when_you_have_an_itch_and_you_scratch_it/,,1757339349.0,0.47,0,0,Biology,Daisy962,6,False,0,False,text
explainlikeimfive,1nbcq0h,ELI5: what Comparative advantage and Absolute Advantage is,4,https://reddit.com/r/explainlikeimfive/comments/1nbcq0h/eli5_what_comparative_advantage_and_absolute/,https://www.reddit.com/r/explainlikeimfive/comments/1nbcq0h/eli5_what_comparative_advantage_and_absolute/,"I'm having trouble understanding comparative advantage and absolute advantage. I tried googling some examples to understand it better, but when I read a question like: if Country A can produce 100 units of corn or 50 units of cloth in a day, and Country B can produce 80 units of corn or 30 units of cloth in a day, Country A has an absolute advantage in both good, However, Country B has a comparative advantage in cloth because giving up one unit of cloth means giving up fewer units of corn than Country A would have to. I cannot understand it at all.",1757300670.0,0.7,4,0,Economics,WillWorkaholic,4,False,0,False,text
explainlikeimfive,1nblgye,ELI5: What is eye ring in an optical instrument?,0,https://reddit.com/r/explainlikeimfive/comments/1nblgye/eli5_what_is_eye_ring_in_an_optical_instrument/,https://www.reddit.com/r/explainlikeimfive/comments/1nblgye/eli5_what_is_eye_ring_in_an_optical_instrument/,"I understand its the place where you should keep your eye to get the most intense image produced in the retina but HOW does that occur?
My book says the following
""The point at which the image is produced when the objective becomes the object to the eye piece is known as the eye ring""
I don't get what this means at all ,maybe its because i haven't practically used an optical instrument to see this for myself?",1757331869.0,0.36,0,0,Physics,ThePsychoSL,2,False,0,False,text
explainlikeimfive,1nbql3h,ELI5: Why Does Google Ignore Periods,0,https://reddit.com/r/explainlikeimfive/comments/1nbql3h/eli5_why_does_google_ignore_periods/,https://www.reddit.com/r/explainlikeimfive/comments/1nbql3h/eli5_why_does_google_ignore_periods/,"For a semi-bad example:

In Google, If I search for,

“Massive Egg Packers”.

Why does Google return results for

“ …The chef only works with a massive egg. Packers won 4-0 on Sundays game.” ?

Technically, this happened with Google Alerts.",1757344790.0,0.4,0,0,Technology,DarkGardenCowboy,16,False,0,False,text
explainlikeimfive,1na1pbb,ELi5: What does going bankrupt actually mean?,964,https://reddit.com/r/explainlikeimfive/comments/1na1pbb/eli5_what_does_going_bankrupt_actually_mean/,https://www.reddit.com/r/explainlikeimfive/comments/1na1pbb/eli5_what_does_going_bankrupt_actually_mean/,lots of millionaires and billionaires like 50 file for bankruptcy and you would think that means they go broke but they still remain rich somehow. so what does bankruptcy actually mean and entail?,1757170801.0,0.9,964,0,Economics,Tombaraza,185,False,0,False,text
explainlikeimfive,1naddw6,ELI5 why nuclear semiotic is so obtuse,199,https://reddit.com/r/explainlikeimfive/comments/1naddw6/eli5_why_nuclear_semiotic_is_so_obtuse/,https://www.reddit.com/r/explainlikeimfive/comments/1naddw6/eli5_why_nuclear_semiotic_is_so_obtuse/,"Whenever I read about the problem of informing future cultures that an area is dangerous, I feel like all the concerns around it could be solved by just leaving huge, graphic, realistic comics of people unearthing the material and then dying horribly

I dont understand why people would screw around with giant granite spikes, nuclear priests, color-changing cats, and messages written in languages future cultures wont be able to read. is it so hard to make big, unmistakable images that are too large to be buried and covered with thick glass or something to protect the images from damage?",1757199476.0,0.74,199,0,Technology,chunkylubber54,138,False,0,False,text
explainlikeimfive,1nbkdax,"ELI5 I saw a video of scientists saying if one person “A”) were sitting still and observing the Andromeda galaxy and another person (“B”) were running past A while also looking (when exactly next to each other), A would see something diff than B. Is there anyway to prove/test that for my kids?",0,https://reddit.com/r/explainlikeimfive/comments/1nbkdax/eli5_i_saw_a_video_of_scientists_saying_if_one/,https://www.reddit.com/r/explainlikeimfive/comments/1nbkdax/eli5_i_saw_a_video_of_scientists_saying_if_one/,,1757328309.0,0.39,0,0,Planetary Science,NoThereIsntAGod,16,False,0,False,text
explainlikeimfive,1nbm0es,ELI5: Celsius and Fahrenheit meeting points.,0,https://reddit.com/r/explainlikeimfive/comments/1nbm0es/eli5_celsius_and_fahrenheit_meeting_points/,https://www.reddit.com/r/explainlikeimfive/comments/1nbm0es/eli5_celsius_and_fahrenheit_meeting_points/,"Hi! I’ve just recently learned that Celsius and Fahrenheit meet at approx -40. But why don’t they meet on the opposite end? The “hot” end. 

Thanks!

EDIT: Thank you! I didn’t know the explanation was so simple!",1757333464.0,0.43,0,0,Planetary Science,gobuffsfan14,38,False,0,False,text
explainlikeimfive,1nab8me,"ELI5: How come light always moves at the same speed from the POV of any observer, regardless of their speed relative to each other?",130,https://reddit.com/r/explainlikeimfive/comments/1nab8me/eli5_how_come_light_always_moves_at_the_same/,https://www.reddit.com/r/explainlikeimfive/comments/1nab8me/eli5_how_come_light_always_moves_at_the_same/,"If a space colony is moving through space at half c relative to us here on earth, a ray of light passing by it will still be moving at c from their point of view. When that ray of light reaches earth, those exact same photons will also be moving at c from our point of view. 

How does that even make sense, though? 

When it came to all objects freefalling at the same speed regardless of size, Stephen Hawking did a great job of explaining that like I'm five: ""A 10lb ball will indeed have twice the force of gravity pulling down on it compared to a 5lb all, but it also has twice the mass. These two exactly cancel each other, and so the acceleration is the same in both cases."" Or something like I'm pretty sure I got the gist of it.

Can someone explain in equally laymen's terms how it makes sense that the speed of light is constant for all observers?",1757193836.0,0.8,130,0,Physics,acerthorn3,79,False,0,False,text
explainlikeimfive,1na2ou6,"Eli5 If the Earth is blocking the Sun’s light during a lunar eclipse, why can we still see the Moon glowing red instead of disappearing completely?",260,https://reddit.com/r/explainlikeimfive/comments/1na2ou6/eli5_if_the_earth_is_blocking_the_suns_light/,https://www.reddit.com/r/explainlikeimfive/comments/1na2ou6/eli5_if_the_earth_is_blocking_the_suns_light/,,1757173181.0,0.86,260,0,Planetary Science,arztnur,55,False,0,False,text
explainlikeimfive,1nb4mhw,ELI5- What puts more strain on our eyes? A dark room or a phone on full brightness (and why)?,0,https://reddit.com/r/explainlikeimfive/comments/1nb4mhw/eli5_what_puts_more_strain_on_our_eyes_a_dark/,https://www.reddit.com/r/explainlikeimfive/comments/1nb4mhw/eli5_what_puts_more_strain_on_our_eyes_a_dark/,,1757278613.0,0.5,0,0,Biology,PikachuTrainz,4,False,0,False,text
explainlikeimfive,1na6qq6,ELI5: Traffic pumping,127,https://reddit.com/r/explainlikeimfive/comments/1na6qq6/eli5_traffic_pumping/,https://www.reddit.com/r/explainlikeimfive/comments/1na6qq6/eli5_traffic_pumping/,"My telephone company said this in the fine print: “Calls to Sanger, California (559-726-XXXX) Carroll, Iowa (712-775-XXXX) Lake Park, Iowa (712-432-XXXX) Oglala, South Dakota (605-562-XXXX) Redfield, South Dakota (605-475-XXXX) are subject to the standard roaming pay-per-use rate”

I thought those locations were intriguing. Someone said it was due to “traffic pumping.” I looked at the Wikipedia but I don’t really understand. Can someone ELi5?",1757182837.0,0.87,127,0,Economics,ibetitstung21,8,False,0,False,text
explainlikeimfive,1n9uys4,ELi5: What purpose do the strips on towels serve?,571,https://reddit.com/r/explainlikeimfive/comments/1n9uys4/eli5_what_purpose_do_the_strips_on_towels_serve/,https://www.reddit.com/r/explainlikeimfive/comments/1n9uys4/eli5_what_purpose_do_the_strips_on_towels_serve/,"If you look at any towel, you'll see there's a potion towards it's end that doesn't have weaves & appears as a strip.",1757149856.0,0.88,571,0,Other,passion_for_know-how,138,False,0,False,text
explainlikeimfive,1na974v,ELI5 the difference between a dyke and a levee,62,https://reddit.com/r/explainlikeimfive/comments/1na974v/eli5_the_difference_between_a_dyke_and_a_levee/,https://www.reddit.com/r/explainlikeimfive/comments/1na974v/eli5_the_difference_between_a_dyke_and_a_levee/,Seems like both prevent water from entering an area. What is the difference?,1757188734.0,0.73,62,0,Engineering,Choccimilkncookie,67,False,0,False,text
explainlikeimfive,1na9hua,ELI5: what is happening in your head when you get lightheaded?,46,https://reddit.com/r/explainlikeimfive/comments/1na9hua/eli5_what_is_happening_in_your_head_when_you_get/,https://www.reddit.com/r/explainlikeimfive/comments/1na9hua/eli5_what_is_happening_in_your_head_when_you_get/,,1757189448.0,0.78,46,0,Biology,kbivs,5,False,0,False,text
explainlikeimfive,1na9blz,ELI5: how do service animals sense oncoming medical emergencies?,27,https://reddit.com/r/explainlikeimfive/comments/1na9blz/eli5_how_do_service_animals_sense_oncoming/,https://www.reddit.com/r/explainlikeimfive/comments/1na9blz/eli5_how_do_service_animals_sense_oncoming/,There are plenty of videos where people show their service animals sensing an impending seizure or other medical emergency and helping their owner prepare for it. My question is how do they sense it? Is there a particular change in smell that occurs when something like this is going to happen or change in behavior that animals are very tuned into? ,1757189023.0,0.71,27,0,Biology,Normal-Being-2637,4,False,0,False,text
explainlikeimfive,1n9lq40,"ELI5: Why are there so many different types of vitamin B, but not for other letters?",985,https://reddit.com/r/explainlikeimfive/comments/1n9lq40/eli5_why_are_there_so_many_different_types_of/,https://www.reddit.com/r/explainlikeimfive/comments/1n9lq40/eli5_why_are_there_so_many_different_types_of/,,1757118617.0,0.93,985,0,Chemistry,RealPufferplayz,173,False,0,False,text
explainlikeimfive,1naxhfi,ELI5: Why prescribe estrogen and progesterone in menopause?,0,https://reddit.com/r/explainlikeimfive/comments/1naxhfi/eli5_why_prescribe_estrogen_and_progesterone_in/,https://www.reddit.com/r/explainlikeimfive/comments/1naxhfi/eli5_why_prescribe_estrogen_and_progesterone_in/,"If the luteal phase (when estrogen and progesterone are both pretty high) is when PMS occurs, with its insomnia, depression and irritability... Why are those same hormones prescribed during menopause to prevent insomnia and depression? ",1757262008.0,0.45,0,0,Biology,Squareharmonic,3,False,0,False,text
explainlikeimfive,1n9wgnh,ELI5: Multi-payer healthcare like in Germany and Netherlands,106,https://reddit.com/r/explainlikeimfive/comments/1n9wgnh/eli5_multipayer_healthcare_like_in_germany_and/,https://www.reddit.com/r/explainlikeimfive/comments/1n9wgnh/eli5_multipayer_healthcare_like_in_germany_and/,"How does this differ from what we have in the UK, Canada, et cetera?",1757155543.0,0.8,106,0,Other,Flashy_Combination32,67,False,0,False,text
explainlikeimfive,1naq1yh,"ELI5, negative gearing and cgt",3,https://reddit.com/r/explainlikeimfive/comments/1naq1yh/eli5_negative_gearing_and_cgt/,https://www.reddit.com/r/explainlikeimfive/comments/1naq1yh/eli5_negative_gearing_and_cgt/,I have tried to research it but I don't understand 💔,1757241954.0,0.56,3,0,Economics,Overthinking_babes,7,False,0,False,text
explainlikeimfive,1na358m,ELI5 Food Intolerances and Allergies late in life. WHY?,30,https://reddit.com/r/explainlikeimfive/comments/1na358m/eli5_food_intolerances_and_allergies_late_in_life/,https://www.reddit.com/r/explainlikeimfive/comments/1na358m/eli5_food_intolerances_and_allergies_late_in_life/,I've been wondering why as we age that we suddenly develop allergies and intolerances to foods we once had no issues with. I've recently discovered a soy allergy and im just so annoyed and its made me curious. Why does this happen? ,1757174286.0,0.72,30,0,Biology,RamsayPants,8,False,0,False,text
explainlikeimfive,1nb2yhq,ELI5- Why is caffeine the go to stimulant,0,https://reddit.com/r/explainlikeimfive/comments/1nb2yhq/eli5_why_is_caffeine_the_go_to_stimulant/,https://www.reddit.com/r/explainlikeimfive/comments/1nb2yhq/eli5_why_is_caffeine_the_go_to_stimulant/,I feel like caffeine is the only widely used stimulant and past it besides medication and some ingredients in pre workouts most other stimulants are never used.,1757274669.0,0.46,0,0,Chemistry,masterbulk,57,False,0,False,text
explainlikeimfive,1nb022s,"ELI5: What is sarin, what does it do?",0,https://reddit.com/r/explainlikeimfive/comments/1nb022s/eli5_what_is_sarin_what_does_it_do/,https://www.reddit.com/r/explainlikeimfive/comments/1nb022s/eli5_what_is_sarin_what_does_it_do/,I've heard Sarin gas is/was used in wars. What does it do that it is so dangerous?,1757267977.0,0.45,0,0,Chemistry,newb_h4x0r,21,False,0,False,text
explainlikeimfive,1nb3zqx,ELI5. How is Cold Wind Possible?,0,https://reddit.com/r/explainlikeimfive/comments/1nb3zqx/eli5_how_is_cold_wind_possible/,https://www.reddit.com/r/explainlikeimfive/comments/1nb3zqx/eli5_how_is_cold_wind_possible/,"In my understanding, the faster molecules are moving, the more energy they have, the more heat they have. So how is it that wind can move at high speeds with high energy and yet be cold at the same time?",1757277100.0,0.39,0,0,Physics,TheStrovik,15,False,0,False,text
explainlikeimfive,1naz59b,ELI5: Labeling Asymmetric Carbons with R or S,0,https://reddit.com/r/explainlikeimfive/comments/1naz59b/eli5_labeling_asymmetric_carbons_with_r_or_s/,https://www.reddit.com/r/explainlikeimfive/comments/1naz59b/eli5_labeling_asymmetric_carbons_with_r_or_s/,hello i need help :( i have a quiz and i cant wrap my head around the concept,1757265874.0,0.33,0,0,Chemistry,wooert,5,False,0,False,text
explainlikeimfive,1nb1lny,ELI5 Sports betting moneylines,0,https://reddit.com/r/explainlikeimfive/comments/1nb1lny/eli5_sports_betting_moneylines/,https://www.reddit.com/r/explainlikeimfive/comments/1nb1lny/eli5_sports_betting_moneylines/,"I understand odds and spreads, but I can't seem to wrap my head around moneylines. ",1757271500.0,0.35,0,0,Other,Floydman0726,9,False,0,False,text
explainlikeimfive,1n98jfs,ELI5: Why did bombers drop their bombs all at once?,1325,https://reddit.com/r/explainlikeimfive/comments/1n98jfs/eli5_why_did_bombers_drop_their_bombs_all_at_once/,https://www.reddit.com/r/explainlikeimfive/comments/1n98jfs/eli5_why_did_bombers_drop_their_bombs_all_at_once/,"Watching documentaries on WWII and seeing the bombers drop their entire payload in such a tight formation, it just seems like that's a huge waste. Wouldn't the bombs have been much more effective if they were dropped slightly farther apart from each other? Did they somehow end up spreading out much further than I imagine?

EDIT: I think I worded this question a little poorly, sorry!

What I really am asking is why a bomber like this one seems to be dropping all of its bombs in such a tight formation. Accuracy was a known problem, so it just seems to me like slowly the drop rate by 100-300% would help ensure that they hit their target.

https://www.ww2online.org/image/b-25-dropping-bombs-german-troops-near-lake-comacchio-italy

If they're going 300-400 feet a second but dropping 50 bombs that quickly, the spread just doesn't seem optimal. That's the core of my question. So the idea that they wanted to take a shotgun approach - well, I'm asking why DIDN'T they take more of a shotgun approach. Do these bombs spread out more than I estimate? I saw one person say they'd be 1,000ft apart on the ground, but by my math they'd be 9 feet apart.",1757086579.0,0.87,1325,0,Physics,curious_skeptic,556,False,0,False,text
explainlikeimfive,1n9lknf,Eli5: Are the chances of winning a lotto twice in a lifetime lower than winning once? Or is it the same?,247,https://reddit.com/r/explainlikeimfive/comments/1n9lknf/eli5_are_the_chances_of_winning_a_lotto_twice_in/,https://www.reddit.com/r/explainlikeimfive/comments/1n9lknf/eli5_are_the_chances_of_winning_a_lotto_twice_in/,"So let’s say the chances of winning a lotto is 1 in a million. The likelihood is very low, but let’s say a guy named Bob won it.

Is the likelihood of Bob winning the lotto again sometime in his lifetime lower than someone who only wins once? 

Or does it remain the same, since the odds of winning will always remain 1 in a million? 

Like, for flipping coins, the chances of getting a heads or tails is 50/50. But getting ONLY heads in many consecutive flips in a row is very small.

So shouldn’t Bob’s likelihood of winning be reduced? 


EDIT: I think I understand now. The odds of winning lotto once in a lifetime- 1 in a million. The odds of winning twice in a lifetime- 1 in a million x 1 in a million(much lower). But once you win the lotto once, the chance of winning a lotto goes back up to 1 in a million. ",1757118190.0,0.72,247,0,Mathematics,One-Jelly8264,181,False,0,False,text
explainlikeimfive,1n9xbeo,ELI5: How do we understand that note sounds wrong? In terms of how ears and brain works,27,https://reddit.com/r/explainlikeimfive/comments/1n9xbeo/eli5_how_do_we_understand_that_note_sounds_wrong/,https://www.reddit.com/r/explainlikeimfive/comments/1n9xbeo/eli5_how_do_we_understand_that_note_sounds_wrong/,"I know it was similar post here 2 years ago but it was more about subset of notes. I'm interested, how do we ACTUALLY HEAR, that note is wrong? How do we understand that? If I will continue playing with wrong note - it keeps sounds wrong but if I change subset - it sounds clear but some previous ""clear"" notes will sound wrong from that moment",1757158542.0,0.7,27,0,Biology,Rendemon_-,35,False,0,False,text
explainlikeimfive,1na1ksg,"ELI5, what purpose do the crystal timers have on circuit boards?",11,https://reddit.com/r/explainlikeimfive/comments/1na1ksg/eli5_what_purpose_do_the_crystal_timers_have_on/,https://www.reddit.com/r/explainlikeimfive/comments/1na1ksg/eli5_what_purpose_do_the_crystal_timers_have_on/,"Like okay, it just vibrates back and forth at a certain frequency, but why?!?!",1757170489.0,0.59,11,0,Engineering,Remixosos,19,False,0,False,text
explainlikeimfive,1naxk5x,ELI5: Tonight is supposedly blood moon. What does it mean?,0,https://reddit.com/r/explainlikeimfive/comments/1naxk5x/eli5_tonight_is_supposedly_blood_moon_what_does/,https://www.reddit.com/r/explainlikeimfive/comments/1naxk5x/eli5_tonight_is_supposedly_blood_moon_what_does/,I understand tonight is blood moon. What does it mean? What impacts does it have? ,1757262186.0,0.29,0,0,Planetary Science,zulu1989,13,False,0,False,text
explainlikeimfive,1nav0oo,"ELI5, Why do kittens grip their feet?",0,https://reddit.com/r/explainlikeimfive/comments/1nav0oo/eli5_why_do_kittens_grip_their_feet/,https://www.reddit.com/r/explainlikeimfive/comments/1nav0oo/eli5_why_do_kittens_grip_their_feet/,I saw TikTok with some little baby kittens in the middle gripping your back toes at the front feet. Why do they do this?,1757256257.0,0.29,0,0,Other,Temporary_Cry7739,5,False,0,False,text
explainlikeimfive,1n9sfws,ELI5: why doesn’t heart rate affect BAC (blood alcohol content),38,https://reddit.com/r/explainlikeimfive/comments/1n9sfws/eli5_why_doesnt_heart_rate_affect_bac_blood/,https://www.reddit.com/r/explainlikeimfive/comments/1n9sfws/eli5_why_doesnt_heart_rate_affect_bac_blood/,"So the liver processes alcohol at a standard rate, but why is that standard rate not affected by increased blood flow or increased activity in the heart? 
 ",1757140133.0,0.7,38,0,Biology,MrSweden1182,16,False,0,False,text
explainlikeimfive,1n98j4b,"ELI5: If titanium is as equally abundant as iron and manufacturing cost is not an issue, will titanium alloy always be a better choice over steel in application that requires high strength since titanium alloy has higher strength-to-weight ratio than steel?",644,https://reddit.com/r/explainlikeimfive/comments/1n98j4b/eli5_if_titanium_is_as_equally_abundant_as_iron/,https://www.reddit.com/r/explainlikeimfive/comments/1n98j4b/eli5_if_titanium_is_as_equally_abundant_as_iron/,"Since titanium alloy has higher strength than steel given the same mass, is titanium alloy always the preferred choice over steel in high-strength application if manufacturing cost is not an issue?

Are there any examples of high-strength application where steel is preferred over titanium alloy even though steel is heavier than titanium alloy given the same volume, and why?

I'm just a layman, so please feel free to correct me if I'm wrong. Thank you.",1757086559.0,0.93,644,0,Engineering,Qininator,156,False,0,False,text
explainlikeimfive,1naonmg,ELI5- why do home interest rates change even after you buy?,0,https://reddit.com/r/explainlikeimfive/comments/1naonmg/eli5_why_do_home_interest_rates_change_even_after/,https://www.reddit.com/r/explainlikeimfive/comments/1naonmg/eli5_why_do_home_interest_rates_change_even_after/,(I come from 0 background so my premises in my questions may not even be grounded) Why is this fair? What is the purpose? My initial thoughts are: should we be okay with making a purchase that seems to have an ever-changing amount? Doesn’t the risk of lending increase when rates increase because it’s harder to pay? Or what am i missing? ,1757236535.0,0.42,0,0,Economics,liaYIkes,19,False,0,False,text
explainlikeimfive,1n9kibe,ELI5: How do seatbelts in vehicles work?,53,https://reddit.com/r/explainlikeimfive/comments/1n9kibe/eli5_how_do_seatbelts_in_vehicles_work/,https://www.reddit.com/r/explainlikeimfive/comments/1n9kibe/eli5_how_do_seatbelts_in_vehicles_work/,"When you enter a vehicle and grab the seatbelt and slowly pull it, it glides smooth through the mechanisms.  If you un-click it, it wraps up quickly without issue.  However if you quickly jolt it, the mechanisms lock to protect you.  How does this piece of engineering work?

Also, how come sometimes the belt doesn't wrap back up smoothly, but if you give it a quick yank it rolls fine ",1757115173.0,0.71,53,0,Engineering,Big_lt,45,False,0,False,text
explainlikeimfive,1nakpl6,ELI5 Why is light through a fiber slower than in a vacuum?,0,https://reddit.com/r/explainlikeimfive/comments/1nakpl6/eli5_why_is_light_through_a_fiber_slower_than_in/,https://www.reddit.com/r/explainlikeimfive/comments/1nakpl6/eli5_why_is_light_through_a_fiber_slower_than_in/,,1757221902.0,0.45,0,0,Engineering,ProudReaction2204,22,False,0,False,text
explainlikeimfive,1n98tqu,ELI5: Why are the lines on professional clay courts so much better?,169,https://reddit.com/r/explainlikeimfive/comments/1n98tqu/eli5_why_are_the_lines_on_professional_clay/,https://www.reddit.com/r/explainlikeimfive/comments/1n98tqu/eli5_why_are_the_lines_on_professional_clay/,"When I play on a regular club clay tennis court, any ball that hits the line can bounce unpredictably — high, low or sideways. But when I watch matches at Roland Garros, the lines don’t seem to cause the same problems.

What makes the lines on professional clay courts different from the ones on normal courts?

EDIT: Sure, the fundamental difference is that they throw much more money at it, but do they use the same technology or are the lines special in some way?",1757087247.0,0.8,169,0,Other,Jachym10,19,False,0,False,text
explainlikeimfive,1n9ocb9,ELI5: How do fractals work?,18,https://reddit.com/r/explainlikeimfive/comments/1n9ocb9/eli5_how_do_fractals_work/,https://www.reddit.com/r/explainlikeimfive/comments/1n9ocb9/eli5_how_do_fractals_work/,"I'm trying to do a research project on a complex math topic, I recently came across fractals which I find very interesting! However I'm struggling to understand what exactly they are and how to describe them.

A general explanation would be super helpful. I'm also trying to understand:
Can they just be any dimension? Even less then 2d or 1d? Are they only non-integer dimensions? And how are they be outside of 2d or 3d? Are they a shape?",1757126419.0,0.66,18,0,Mathematics,Openly_Unknown7858,47,False,0,False,text
explainlikeimfive,1n9zcbz,ELI5: Why doing things when sick makes you feel worse?,1,https://reddit.com/r/explainlikeimfive/comments/1n9zcbz/eli5_why_doing_things_when_sick_makes_you_feel/,https://www.reddit.com/r/explainlikeimfive/comments/1n9zcbz/eli5_why_doing_things_when_sick_makes_you_feel/,"For example, when I have a chest infection or a bad cold, doing things I would usually do (walking the dog, cooking, etc) feels 10x harder but also delays my recovery? I’m curious to know how this happens and what biologically is driving it! Thank you",1757164697.0,0.51,1,0,Biology,Any_Soup6579,2,False,0,False,text
explainlikeimfive,1n9jdy1,Eli5: How do osteointegrations for prosthetic limbs heal?,20,https://reddit.com/r/explainlikeimfive/comments/1n9jdy1/eli5_how_do_osteointegrations_for_prosthetic/,https://www.reddit.com/r/explainlikeimfive/comments/1n9jdy1/eli5_how_do_osteointegrations_for_prosthetic/,"My brain is having a hard time processing this one. My (probably wrong) understanding is that most piercings (not dermals I'm stuck on that the same way) is because there's 2 openings, the surface that is created can form a connecting layer that heals protecting your body. 
With osteointegration I understand how the bone and muscle attaches and forms around to hold it to the prosthetic but how does the skin heal closed with out being able to fully close. In my head you'd be able to just stick your finger in and feel your inside meat ....""shivers"".... ",1757112189.0,0.73,20,0,Biology,alphasgorl,6,False,0,False,text
explainlikeimfive,1n994xd,Eli5: What is the difference between a Ponzi scheme and an unsuccessful business that lies to new investors to get investment money?,48,https://reddit.com/r/explainlikeimfive/comments/1n994xd/eli5_what_is_the_difference_between_a_ponzi/,https://www.reddit.com/r/explainlikeimfive/comments/1n994xd/eli5_what_is_the_difference_between_a_ponzi/,"If a business begins to do poorly and its owner tries to shore it up by inflating business valuation to trick new investors, is that the same as a ponzi scheme? Is intent important in this distinction?",1757087965.0,0.71,48,0,Economics,PincheAvocado,62,False,0,False,text
explainlikeimfive,1naaqa5,ELI5 What makes a stock fall in price?,0,https://reddit.com/r/explainlikeimfive/comments/1naaqa5/eli5_what_makes_a_stock_fall_in_price/,https://www.reddit.com/r/explainlikeimfive/comments/1naaqa5/eli5_what_makes_a_stock_fall_in_price/,Can someone explain to me what makes a stock go down in price from $19.80 to $16.13 which is about 20% in about 3 days? Is it selling of shares and no one buying them up? Because I thought you can only buy at a stock price if someone is selling at that stock price. Anyways please help explain if you really know. I would really like to understand why.,1757192538.0,0.23,0,0,Economics,Sensitive_Database69,24,False,0,False,text
explainlikeimfive,1nabrbm,ELI5 - Why does getting cut hurt afterwards?,0,https://reddit.com/r/explainlikeimfive/comments/1nabrbm/eli5_why_does_getting_cut_hurt_afterwards/,https://www.reddit.com/r/explainlikeimfive/comments/1nabrbm/eli5_why_does_getting_cut_hurt_afterwards/,"If I were to get a cut on my finger, why do I feel pain when It's no longer getting cut?",1757195198.0,0.38,0,0,Other,CallMe_Chewy,5,False,0,False,text
explainlikeimfive,1n8m870,"ELI5: Why can trucks tow more than SUVs, even with the same engine?",529,https://reddit.com/r/explainlikeimfive/comments/1n8m870/eli5_why_can_trucks_tow_more_than_suvs_even_with/,https://www.reddit.com/r/explainlikeimfive/comments/1n8m870/eli5_why_can_trucks_tow_more_than_suvs_even_with/,"For example, the Chevy Tahoe with the 5.3L V8 can tow between 7700 and 8400 pounds, while the Chevy Silverado with the same engine can tow between 10000 and 11300 pounds. ",1757019988.0,0.87,529,0,Engineering,I_EAT_DRYER_SHEETS,197,False,0,False,text
explainlikeimfive,1n8eh52,ELI5 - How can small children sleep through being carried from one room to another?,925,https://reddit.com/r/explainlikeimfive/comments/1n8eh52/eli5_how_can_small_children_sleep_through_being/,https://www.reddit.com/r/explainlikeimfive/comments/1n8eh52/eli5_how_can_small_children_sleep_through_being/,Yet as an adult I would 100% wake up if somebody tried to move me. ,1757002290.0,0.89,925,0,Biology,TheDucksQuacker,112,False,0,False,text
explainlikeimfive,1n9aavd,ELI5: What makes spatial isomers actually different?,8,https://reddit.com/r/explainlikeimfive/comments/1n9aavd/eli5_what_makes_spatial_isomers_actually_different/,https://www.reddit.com/r/explainlikeimfive/comments/1n9aavd/eli5_what_makes_spatial_isomers_actually_different/,"I know that they're isomers of a molecule because they're oriented differently, but how does that meaningfully affect its characteristics? If you flip a molecule upside down, wouldn't it still be able to react the same with other molecules?",1757090628.0,0.65,8,0,Chemistry,JrFireMageTink,11,False,0,False,text
explainlikeimfive,1n91ee7,ELI5: How is information density calculated in a language?,27,https://reddit.com/r/explainlikeimfive/comments/1n91ee7/eli5_how_is_information_density_calculated_in_a/,https://www.reddit.com/r/explainlikeimfive/comments/1n91ee7/eli5_how_is_information_density_calculated_in_a/,"I was told that some languages have higher or lower amounts of information conveyed per syllable and make up for the difference in speech speed. How is the amount of information per syllable calculated though? What defines ""information"" in this instance?",1757067507.0,0.69,27,0,Other,login_credentials,11,False,0,False,text
explainlikeimfive,1n8c44i,Eli5: Why is microfiber safer for wiping glasses/screens than other cloths or paper towels (assuming they're equally clean)? Shouldn't glass be harder than any cloth?,777,https://reddit.com/r/explainlikeimfive/comments/1n8c44i/eli5_why_is_microfiber_safer_for_wiping/,https://www.reddit.com/r/explainlikeimfive/comments/1n8c44i/eli5_why_is_microfiber_safer_for_wiping/,,1756997016.0,0.91,777,0,Engineering,owiseone23,99,False,0,False,text
explainlikeimfive,1n8ltyh,ELI5 why Reps on the house floor have more speech protections than others?,211,https://reddit.com/r/explainlikeimfive/comments/1n8ltyh/eli5_why_reps_on_the_house_floor_have_more_speech/,https://www.reddit.com/r/explainlikeimfive/comments/1n8ltyh/eli5_why_reps_on_the_house_floor_have_more_speech/,"I need a real lawyer to explain this to me. Two members of the House of Representatives have said they would likely read the names of people accused of crimes on the house floor because the victims would likely be sued. The reason they gave is because they have greater legal protections. My understanding is that any libel suit brought against the victims would have to prove the supposed criminal was innocent and that the accusers KNEW they were innocent. That would require submitting to depositions that I highly doubt any of them want to go through. Do libel suits really pose a viable threat here or is there something else I'm missing?

Before someone comments that they're after anonymity, there are other ways to do that - they could have their lawyer release the information, or a reporter.",1757019071.0,0.84,211,0,Other,MyKidsArentOnReddit,60,False,0,False,text
explainlikeimfive,1n8nnb2,ELI5 how can certain things dissolve glass when its chemically inert?,140,https://reddit.com/r/explainlikeimfive/comments/1n8nnb2/eli5_how_can_certain_things_dissolve_glass_when/,https://www.reddit.com/r/explainlikeimfive/comments/1n8nnb2/eli5_how_can_certain_things_dissolve_glass_when/,I was doing some googling and it was saying that glass can be dissolved with certain acids but it also says its chemically inert. Is it not fully inert just mostly?,1757023449.0,0.87,140,0,Chemistry,Its_JustMe13,65,False,0,False,text
explainlikeimfive,1na05lg,"ELi5: Do 'species' exist, or is it something we 'made up?'",0,https://reddit.com/r/explainlikeimfive/comments/1na05lg/eli5_do_species_exist_or_is_it_something_we_made/,https://www.reddit.com/r/explainlikeimfive/comments/1na05lg/eli5_do_species_exist_or_is_it_something_we_made/,"I'm not asking whether or not the actual physical animals within the 'species' exist, that's an obvious yes. But how hard/strong/objective are our rules that place them in the same 'groups?' For example, 'birds' are typically thought of to be flying creatures that lay eggs. But I've heard of flightless birds, and birds that give birth to live young.

Basically, did Nature make these categories, or did human scientists?",1757166872.0,0.44,0,0,Planetary Science,Raspint,92,False,0,False,text
explainlikeimfive,1n9zdgy,ELI5: What are shelf companies?,0,https://reddit.com/r/explainlikeimfive/comments/1n9zdgy/eli5_what_are_shelf_companies/,https://www.reddit.com/r/explainlikeimfive/comments/1n9zdgy/eli5_what_are_shelf_companies/,I keep seeing people talk about shelf companies and i honestly don’t get it. Is it just some company that sits around doing nothing until someone buys it? Why would anyone go that route instead of just registering a new one?,1757164783.0,0.29,0,0,Economics,Gsustv,22,False,0,False,text
explainlikeimfive,1na1ban,ELI5: why does trying a 50/50 event twice not give you a 100% chance? And why is it 75% instead of staying at 50%,0,https://reddit.com/r/explainlikeimfive/comments/1na1ban/eli5_why_does_trying_a_5050_event_twice_not_give/,https://www.reddit.com/r/explainlikeimfive/comments/1na1ban/eli5_why_does_trying_a_5050_event_twice_not_give/,Sorry I suck at math ,1757169841.0,0.27,0,0,Mathematics,bloodseeker06,32,False,0,False,text
explainlikeimfive,1n99zz0,ELI5: What determines Leaf sizes on the trees?,3,https://reddit.com/r/explainlikeimfive/comments/1n99zz0/eli5_what_determines_leaf_sizes_on_the_trees/,https://www.reddit.com/r/explainlikeimfive/comments/1n99zz0/eli5_what_determines_leaf_sizes_on_the_trees/,What factors decide them to be big or small? ,1757089928.0,0.6,3,0,Biology,Ncshah2005,3,False,0,False,text
explainlikeimfive,1n8tgtv,ELI5: “chargeless” elements on periodic table,21,https://reddit.com/r/explainlikeimfive/comments/1n8tgtv/eli5_chargeless_elements_on_periodic_table/,https://www.reddit.com/r/explainlikeimfive/comments/1n8tgtv/eli5_chargeless_elements_on_periodic_table/,"Let me try and explain 

I’m currently in grade 11 chemistry, just started, and one thing about our new periodic table is confusing me. Last year the table we received and used had charges registered for every element, while this year it doesn’t for the non-metals on the far right (oxygen, phosphorus, sulfur, etc.)

This is causing confusion, as I’m not sure how to balance my formulas and equations properly. When a formula is already given (such as NaCl) I can get the charge from that, but usually that’s not how the questions are asked

My teacher is currently off, and I don’t think my sub is a chemistry teacher normally, so I can’t go and ask her, so is there a better way to get the charges?",1757039339.0,0.64,21,0,Chemistry,IceTypeMimikyu,21,False,0,False,text
explainlikeimfive,1n7ybcq,ELI5: Why don't cars have a gauge that tells you how much life your battery has left?,1916,https://reddit.com/r/explainlikeimfive/comments/1n7ybcq/eli5_why_dont_cars_have_a_gauge_that_tells_you/,https://www.reddit.com/r/explainlikeimfive/comments/1n7ybcq/eli5_why_dont_cars_have_a_gauge_that_tells_you/,"My battery was dead this morning.  Car was normal yesterday.  I have a gauge telling me how much gas, water temperature, tire pressure, etc, is in the car.  Why not battery life?  My laptop and phone can do it, why not cars?

EDIT: It was an old battery, but nevertheless.  The AAA guy had a little app he hooked up to it that said ""BAD REPLACE"" and showed that my starter etc were fine.  So basically, why can't my car just have that app and the thingamajig hooked up to the battery to at least give me a few hours warning?

EDIT 2: My car tells me when it's time for an oil change, going simply on how many miles I've driven since the last oil change.  Is there something similar a car could track to give my non-organized-brain a reminder?

YET ANOTHER EDIT: What can I do to avoid the sudden dead battery?  I assume I should just go by O'Reilly's once a year to have it tested?  More often than that?  If that's the case, why can't the tester just stay in my car and give me a warning similar to when it tells me to change oil soon?  And going through the replies so far, do we just accept that one day a dead battery is going to ruin our day and hope it's not at the worst time?",1756952858.0,0.88,1916,0,Technology,Diello2001,507,False,0,False,text
explainlikeimfive,1n9oqb5,ELI5: What exactly does an airplane throttle do?,0,https://reddit.com/r/explainlikeimfive/comments/1n9oqb5/eli5_what_exactly_does_an_airplane_throttle_do/,https://www.reddit.com/r/explainlikeimfive/comments/1n9oqb5/eli5_what_exactly_does_an_airplane_throttle_do/,"I know that the airplane throttle increases speed and output from the engine, but what exactly makes this happen? Is it like a car, where to rpm increases or something else?",1757127635.0,0.45,0,0,Engineering,Nexotonian1,45,False,0,False,text
explainlikeimfive,1n83xlv,ELI5: How were Polynesians able to navigate the Pacific Ocean and find land to settle on?,454,https://reddit.com/r/explainlikeimfive/comments/1n83xlv/eli5_how_were_polynesians_able_to_navigate_the/,https://www.reddit.com/r/explainlikeimfive/comments/1n83xlv/eli5_how_were_polynesians_able_to_navigate_the/,,1756972037.0,0.91,454,0,Other,OddStructure4489,141,False,0,False,text
explainlikeimfive,1n9lnpj,"ELI5 What is compound in financial term, how does compounding work?",0,https://reddit.com/r/explainlikeimfive/comments/1n9lnpj/eli5_what_is_compound_in_financial_term_how_does/,https://www.reddit.com/r/explainlikeimfive/comments/1n9lnpj/eli5_what_is_compound_in_financial_term_how_does/,How does compound work what is its root function and how important is compounding in terms of savings and a huge return.,1757118424.0,0.17,0,0,Other,MANSONOFAMAN1,14,False,0,False,text
explainlikeimfive,1n8hya4,ELI5: Title Insurance,38,https://reddit.com/r/explainlikeimfive/comments/1n8hya4/eli5_title_insurance/,https://www.reddit.com/r/explainlikeimfive/comments/1n8hya4/eli5_title_insurance/,Can someone in simple terms explain what title insurance does and why it is necessary in the home mortgage process?,1757010138.0,0.75,38,0,Other,Infinite_Artichoke93,42,False,0,False,text
explainlikeimfive,1n8jmz3,ELI5: What is the central limit theorem?,28,https://reddit.com/r/explainlikeimfive/comments/1n8jmz3/eli5_what_is_the_central_limit_theorem/,https://www.reddit.com/r/explainlikeimfive/comments/1n8jmz3/eli5_what_is_the_central_limit_theorem/,"Every definition I'm given uses really complex terms im not comfortable with, can someone explain it to me in simple terms?

Edit: you all just saved me, thank you so much. My prof explained in such a convoluted way I thought my head was gonna explode.",1757013983.0,0.7,28,0,Mathematics,Lilipop0,15,False,0,False,text
explainlikeimfive,1n8f2qv,"ELI5: How do computers store integer character representation, and how do they display the character?",45,https://reddit.com/r/explainlikeimfive/comments/1n8f2qv/eli5_how_do_computers_store_integer_character/,https://www.reddit.com/r/explainlikeimfive/comments/1n8f2qv/eli5_how_do_computers_store_integer_character/,"I mean, when I press ""h"" the computer gets my input and somehow prints the correct symbol. How does it work? It's a really specific hardware engineering thing, but can someone explain, please? Thank you!!

\*\*EDIT\*\*: Thank you all for the answers, I will explore those concepts more deeply!",1757003622.0,0.73,45,0,Technology,Kiyuus,28,False,0,False,text
explainlikeimfive,1n9krti,ELI5 what the “vacuum of space” means in visual terms.,0,https://reddit.com/r/explainlikeimfive/comments/1n9krti/eli5_what_the_vacuum_of_space_means_in_visual/,https://www.reddit.com/r/explainlikeimfive/comments/1n9krti/eli5_what_the_vacuum_of_space_means_in_visual/,"I always have a hard time visualizing this when reading about something that happened in space because I’m thinking of an actual vacuum, as in a vacuum cleaner😳

EDIT:
I was searching google for “why did Alexei Leonov’s spacesuit expand in space?” And the first sentence in google’s paragraph said “Alexei Leonov's spacesuit expanded because the vacuum of space caused the air inside the pressurized suit to inflate it like a balloon, making it stiff and too large to fit back through the airlock.”
",1757115903.0,0.29,0,0,Other,Psychological-Box100,25,False,0,False,text
explainlikeimfive,1n7n6y0,"ELI5: Why is a LOT of water blue, when a little of it is clear?",1340,https://reddit.com/r/explainlikeimfive/comments/1n7n6y0/eli5_why_is_a_lot_of_water_blue_when_a_little_of/,https://www.reddit.com/r/explainlikeimfive/comments/1n7n6y0/eli5_why_is_a_lot_of_water_blue_when_a_little_of/,"A glass of water is clear, but an ocean is blue. Why is that?",1756924967.0,0.88,1340,0,Chemistry,jeanluuc,222,False,0,False,text
explainlikeimfive,1n80j2j,ELI5: Why are Grand Pianos that Curvy Shape?,183,https://reddit.com/r/explainlikeimfive/comments/1n80j2j/eli5_why_are_grand_pianos_that_curvy_shape/,https://www.reddit.com/r/explainlikeimfive/comments/1n80j2j/eli5_why_are_grand_pianos_that_curvy_shape/,"What I understand:

Low strings need to be longer so they don’t get flubby/inharmonic.

You can lower the pitch of a string by reducing its tension, but eventually it will become so loose as to be unusable. You can increase tension by making strings thicker, but if you make them too thick they will act less like vibrating strings and more like rigid bars/rods. You can partially get around this by making the strings LONGER, not just thicker. Hence, double bass: BIG. Violin: smol.

I know ‘extended range’ guitars (with 7, 8, or more strings) often have multi-scale/fanned frets which makes the bass strings longer than the treble ones.

What I don’t understand:

Why do grand pianos have that distinct curvy shape?

If I were to naively design a grand piano, it would look a lot like a multi-scale guitar. The length of each string would increase linearly, and the resulting shape of the instrument would be a trapezium: all straight lines, no curves.

But grand pianos aren’t like that. I’ve looked inside one and it’s pretty wild in there. Strings going off at different angles, crossing over each other… it sort of looks like a poorly generated AI harp. (Come to think of it, harps also a distinct curvy shape. Maybe it would have been simpler to ask about harps instead…)

My thoughts are that it’s partly to do with space saving (having strings cross over each other saves on internal real estate) and partly to do with… physics dictating that it’s more natural to increase the length of strings in some non-linear (maybe logarithmic?) fashion.

But I don’t put much stock in my thoughts, which is why I’m here asking!

Thank you!",1756959581.0,0.88,183,0,Engineering,Quincely,28,False,0,False,text
explainlikeimfive,1n85xdk,ELI5: Why is a degrading capacity worse than limiting the usage of a high capacity Li-Ion battery?,58,https://reddit.com/r/explainlikeimfive/comments/1n85xdk/eli5_why_is_a_degrading_capacity_worse_than/,https://www.reddit.com/r/explainlikeimfive/comments/1n85xdk/eli5_why_is_a_degrading_capacity_worse_than/,"For years battery life has been a huge topic in all electronics and there's been a lot of talk about how to take better care of the batteries to avoid capacity degradation.

From what i understand charging to only about 80% and never discharging below 20% is a good sweet spot of having actual battery life to use and avoid degradation. [See this chart from Batteryuniversity](https://batteryuniversity.com/img/content/DST-cycles-web2.jpg)
That's why many phones offer an option tp cut off charging at about 80%

but why though? Why is limiting myself to only 60% of the battery capacity better than having a degraded battery after a few years? Even on phones where I noticed a significant drop in battery life after 3-4years the max battery capacity was hown to be in the 70+%

I tried the search function and google but all i found was explanations on why and how the battery degrades/how to take better care but now why a degraded battery is worse than an artificially limited healthy battery",1756979779.0,0.79,58,0,Technology,need_a_username_,52,False,0,False,text
explainlikeimfive,1n86j3j,Eli5 How does moving a bow across the strings of a violin turn into the different musical notes we hear?,36,https://reddit.com/r/explainlikeimfive/comments/1n86j3j/eli5_how_does_moving_a_bow_across_the_strings_of/,https://www.reddit.com/r/explainlikeimfive/comments/1n86j3j/eli5_how_does_moving_a_bow_across_the_strings_of/,"When a violinist slides the bow on the strings, what happens to strings? I want to understand in simple terms how the bow makes music.",1756981909.0,0.74,36,0,Physics,arztnur,30,False,0,False,text
explainlikeimfive,1n8x6ht,ELI5 The Alternating Series Estimation Theorem,2,https://reddit.com/r/explainlikeimfive/comments/1n8x6ht/eli5_the_alternating_series_estimation_theorem/,https://www.reddit.com/r/explainlikeimfive/comments/1n8x6ht/eli5_the_alternating_series_estimation_theorem/,,1757051319.0,0.55,2,0,Mathematics,idk_whatiam_15,5,False,0,False,text
explainlikeimfive,1n7on3f,"Eli5: If I have a 50% chance of individually beating 17 people, why aren’t my odds of being last 0.5^16th",434,https://reddit.com/r/explainlikeimfive/comments/1n7on3f/eli5_if_i_have_a_50_chance_of_individually/,https://www.reddit.com/r/explainlikeimfive/comments/1n7on3f/eli5_if_i_have_a_50_chance_of_individually/,"Ok say me and 16 other people all draw numbers from 1 to a million. The chances of me drawing the lowest number are clearly 1/17. We all have equal chances and there’s 17 of us.

But if you calculate the chances of me picking a higher number than each person it’s 50% each. For a 50% event to happen 16 times in a row, you calculate that by doing 0.5^16th.

It’s basically saying I have a 50% chance of beating each of these people individually. Every single one has to beat me. Theoretically that’s the same as doing a coin flip 16 times and having it land on heads every single time.

What’s the reason for the drastic difference in these odds, how do you know which formula to use, and what about the underlying math gives such a different answer?

I understand math well but I don’t know math so if possible try to avoid using comped expressions or terminology ",1756928213.0,0.82,434,0,Mathematics,Pristine-Ad-469,86,False,0,False,text
explainlikeimfive,1n94ta9,ELI5: Why does sugar brown/burn when heated but salt doesn't when they seem pretty similar?,0,https://reddit.com/r/explainlikeimfive/comments/1n94ta9/eli5_why_does_sugar_brownburn_when_heated_but/,https://www.reddit.com/r/explainlikeimfive/comments/1n94ta9/eli5_why_does_sugar_brownburn_when_heated_but/,,1757077677.0,0.22,0,0,Chemistry,drquizzical,8,False,0,False,text
explainlikeimfive,1n7uw84,"ELI5: is dietary fiber that is naturally in food more effective or better than food fortified with fiber? If so, why?",116,https://reddit.com/r/explainlikeimfive/comments/1n7uw84/eli5_is_dietary_fiber_that_is_naturally_in_food/,https://www.reddit.com/r/explainlikeimfive/comments/1n7uw84/eli5_is_dietary_fiber_that_is_naturally_in_food/,"Wasn’t sure on flair. 

Basically the title. Is food that is naturally high in fiber better/more effective than food that is artificially fortified with fiber, even if it’s the same amount as natural fiber? If so, why?",1756943286.0,0.83,116,0,Biology,Normal-Being-2637,39,False,0,False,text
explainlikeimfive,1n8fn1f,ELI5 - Why do broken chargers only work in certain positions?,4,https://reddit.com/r/explainlikeimfive/comments/1n8fn1f/eli5_why_do_broken_chargers_only_work_in_certain/,https://www.reddit.com/r/explainlikeimfive/comments/1n8fn1f/eli5_why_do_broken_chargers_only_work_in_certain/,,1757004903.0,0.54,4,0,Technology,Shayyy24sxx,23,False,0,False,text
explainlikeimfive,1n81uv5,ELI5: Why and how do computers use Mersenne primes for (pseudo?) randomness?,16,https://reddit.com/r/explainlikeimfive/comments/1n81uv5/eli5_why_and_how_do_computers_use_mersenne_primes/,https://www.reddit.com/r/explainlikeimfive/comments/1n81uv5/eli5_why_and_how_do_computers_use_mersenne_primes/,,1756964145.0,0.64,16,0,Mathematics,Usual-Letterhead4705,15,False,0,False,text
explainlikeimfive,1n78qpn,ELI5: Why don't spiders stick to their own webs?,907,https://reddit.com/r/explainlikeimfive/comments/1n78qpn/eli5_why_dont_spiders_stick_to_their_own_webs/,https://www.reddit.com/r/explainlikeimfive/comments/1n78qpn/eli5_why_dont_spiders_stick_to_their_own_webs/,"Like everything seems to stick to the web, insects dead leaves. Why don't spiders?",1756886076.0,0.91,907,0,Biology,[deleted],130,False,0,False,text
explainlikeimfive,1n8lkkv,ELI5: How can a polar molecule can mix with a non polar one,0,https://reddit.com/r/explainlikeimfive/comments/1n8lkkv/eli5_how_can_a_polar_molecule_can_mix_with_a_non/,https://www.reddit.com/r/explainlikeimfive/comments/1n8lkkv/eli5_how_can_a_polar_molecule_can_mix_with_a_non/,"So I have to redact a report about this reagent called Lugol, which is theoretically made out of two molecules (I2 and KI, whivh are respectively non polar and polar). But Lugol can be dissolved in water, which means is polar. So I want to understand how can I2 and KI form a new molecule If they are supposed to repel each other due to their polarity.

To this I need to clarify I HAVEN'T TOUCHED SCIENCE IN A WHILE, SO PLEASE DON'T JUDGE ME. If the answer is something so simple I hadn't seen coming, I'll have enough shame on myself, so thanks in advance.",1757018455.0,0.47,0,0,Chemistry,After-Armadillo-5273,5,False,0,False,text
explainlikeimfive,1n7htam,ELI5: Why does stuttering exist?,129,https://reddit.com/r/explainlikeimfive/comments/1n7htam/eli5_why_does_stuttering_exist/,https://www.reddit.com/r/explainlikeimfive/comments/1n7htam/eli5_why_does_stuttering_exist/,"I have been stuttering for as long as I can remember. Over the years, I was able to improve through various techniques (mainly controlling my breathing), but why does it exist? Where does it “come from”? What defines my speech? How is it that there are different degrees of stuttering?",1756913111.0,0.84,129,0,Other,OneProcedure856,45,False,0,False,text
explainlikeimfive,1n7c0o8,ELI5: What is an escrow account and its treatment in the financial statements?,101,https://reddit.com/r/explainlikeimfive/comments/1n7c0o8/eli5_what_is_an_escrow_account_and_its_treatment/,https://www.reddit.com/r/explainlikeimfive/comments/1n7c0o8/eli5_what_is_an_escrow_account_and_its_treatment/,,1756898258.0,0.81,101,0,Other,False-Cow3444,53,False,0,False,text
explainlikeimfive,1n6yx2p,ELI5: why does Linux have so many folders in its root file system,864,https://reddit.com/r/explainlikeimfive/comments/1n6yx2p/eli5_why_does_linux_have_so_many_folders_in_its/,https://www.reddit.com/r/explainlikeimfive/comments/1n6yx2p/eli5_why_does_linux_have_so_many_folders_in_its/,And why are my USB drives and hard drives represented as files? It's in the dev folder.,1756855253.0,0.9,864,0,Technology,SeaworthinessFar2552,174,False,0,False,text
explainlikeimfive,1n825gw,"ELI5 : New study ""Mutations driving evolution are informed by the genome, not random, study suggests""",3,https://reddit.com/r/explainlikeimfive/comments/1n825gw/eli5_new_study_mutations_driving_evolution_are/,https://www.reddit.com/r/explainlikeimfive/comments/1n825gw/eli5_new_study_mutations_driving_evolution_are/,"So this new study:  
 https://phys.org/news/2025-09-mutations-evolution-genome-random.html

Suggests that their findings challenge the theory of natural selection, but I am not quite sure I understand the results. 

They note that "" If the APOL1 mutation arises by chance, it should arise at a similar rate in all populations, and only then spread under Trypanosoma pressure. However, if it is generated nonrandomly, it may actually arise more frequently where it is useful. Results supported the nonrandom pattern: the mutation arose much more frequently in sub-Saharan Africans, who have faced generations of endemic disease, compared to Europeans, who have not, and in the precise genomic location where it confers protection""

 ....Wouldn't this result actually confirm the theory of natural selection? We would expect samples from sub Saharan Africa to have more of this mutation because it has helped them survive under the environmental pressure there. I feel like I a. Missing something obvious. ",1756965205.0,1.0,3,0,Biology,Amazing_Winter558,1,False,0,False,text
explainlikeimfive,1n8osaf,ELI5: Why is tire pressure measured in pounds per square inch and not pounds per cubic inch?,0,https://reddit.com/r/explainlikeimfive/comments/1n8osaf/eli5_why_is_tire_pressure_measured_in_pounds_per/,https://www.reddit.com/r/explainlikeimfive/comments/1n8osaf/eli5_why_is_tire_pressure_measured_in_pounds_per/,"If the volume of a tire is a three dimensional compartment, wouldn’t that make more sense?",1757026353.0,0.36,0,0,Mathematics,WinterMaleficent1236,28,False,0,False,text
explainlikeimfive,1n8jecc,ELI5: Why is some countries currency counted in thousands or millions?,0,https://reddit.com/r/explainlikeimfive/comments/1n8jecc/eli5_why_is_some_countries_currency_counted_in/,https://www.reddit.com/r/explainlikeimfive/comments/1n8jecc/eli5_why_is_some_countries_currency_counted_in/,"Instead of saying one million yen wouldn’t it be easier to just make it one yen? Why does it need to be such a large number? I come from the US so that’s one the reason I don’t know and 2 I can really grasp my head around it since we do $1,$5,$10,$20,$50,$100

",1757013429.0,0.4,0,0,Economics,nerdynails,38,False,0,False,text
explainlikeimfive,1n6rbgr,ELI5: How can olympic boxers have so many fights in such a short time?,1010,https://reddit.com/r/explainlikeimfive/comments/1n6rbgr/eli5_how_can_olympic_boxers_have_so_many_fights/,https://www.reddit.com/r/explainlikeimfive/comments/1n6rbgr/eli5_how_can_olympic_boxers_have_so_many_fights/,"Boxing at the Olympics has like 5 matches in 15 days. I get that they have less rounds per match, but still. Pro boxers have one, two or three proper matches per year and take long time to recover. And these guys aren't ""pros"". How do they take a beating on monday and then do it again on thursday and have that be medicinely sound? Doesn't that really aggravate all the bruising and cuts and effects?",1756837447.0,0.91,1010,0,Other,Ishana92,189,False,0,False,text
explainlikeimfive,1n722ta,Eli5: How do games keep up with new technology?,231,https://reddit.com/r/explainlikeimfive/comments/1n722ta/eli5_how_do_games_keep_up_with_new_technology/,https://www.reddit.com/r/explainlikeimfive/comments/1n722ta/eli5_how_do_games_keep_up_with_new_technology/,"So I was reading up on gta6 yhe other day, which has supposedly been in development for over a decade (Obviously most of the real work started after the release of rdr2.) And I was wondering how games that take multiple years to produce keep up with the modern tech. 
If you stay with the tech that was available at the time of release, then it'll be underwhelming (graphically, at least.) When compared to modern games.
But if you try and keep up with the modern tech, wouldn't you constantly have to redo it?
Tl:dr, how do games that take a while to produce maintain a consistent use of technology, while still keeping up with other games?",1756863871.0,0.86,231,0,Technology,Sofatniel-99,55,False,0,False,text
explainlikeimfive,1n74llp,ELI5: Why does salt water on a wound feel like it’s burning?,118,https://reddit.com/r/explainlikeimfive/comments/1n74llp/eli5_why_does_salt_water_on_a_wound_feel_like_its/,https://www.reddit.com/r/explainlikeimfive/comments/1n74llp/eli5_why_does_salt_water_on_a_wound_feel_like_its/,"There’s probably some chemical reaction that’s happening… but how does that translate to my brain thinking this hurts?

Just thinking about swimming in the ocean 🥲",1756871209.0,0.81,118,0,Biology,dkt425,16,False,0,False,text
explainlikeimfive,1n6hvzy,"ELI5: Why do we crave certain foods? Can our body actually ""tell us"" what nutrients we're missing?",1987,https://reddit.com/r/explainlikeimfive/comments/1n6hvzy/eli5_why_do_we_crave_certain_foods_can_our_body/,https://www.reddit.com/r/explainlikeimfive/comments/1n6hvzy/eli5_why_do_we_crave_certain_foods_can_our_body/,"My friend told me that when our body is missing certain vitamins or minerals, we start craving specific foods that contain those nutrients. Like if we're low on some vitamins, we might crave sweet things. Or if we need more salt, we want salty snacks.

I've also heard that people crave chocolate when they don't have enough magnesium, but I read somewhere that this might just be a myth.

When I tried to look this up, the only real studies I could find were about pica (craving non-food things like ice or starch) being linked to iron deficiency, and people craving salty foods when they're low on sodium. But I couldn't find much solid research on other specific cravings.

So how does this actually work? Can our body really send signals to our brain saying ""hey, go eat some red meat because you need iron""?

Or are food cravings mostly just random things based on what we're used to eating or how we're feeling emotionally?

I'm really curious about the science behind this and whether there's actual evidence for these claims!",1756815438.0,0.95,1987,0,Biology,Top-Indication-3937,491,False,0,False,text
explainlikeimfive,1n8eryu,ELI5 how do two negative numbers multiplied make a positive number ?,0,https://reddit.com/r/explainlikeimfive/comments/1n8eryu/eli5_how_do_two_negative_numbers_multiplied_make/,https://www.reddit.com/r/explainlikeimfive/comments/1n8eryu/eli5_how_do_two_negative_numbers_multiplied_make/,how do you have nothing nothing times and get something ??? ,1757002957.0,0.43,0,0,Mathematics,downtownohioarbys,64,False,0,False,text
explainlikeimfive,1n7a6w8,ELI5: How can fish smell?,37,https://reddit.com/r/explainlikeimfive/comments/1n7a6w8/eli5_how_can_fish_smell/,https://www.reddit.com/r/explainlikeimfive/comments/1n7a6w8/eli5_how_can_fish_smell/,Is it similar to air breathing species or is it different? ,1756891822.0,0.72,37,0,Biology,booty-pal,19,False,0,False,text
explainlikeimfive,1n8b1lt,ElI5:How does oxygen regulate in the Earth. If trees release carbon dioxide at night and during the day they release oxygen. How does this cycle continue?,0,https://reddit.com/r/explainlikeimfive/comments/1n8b1lt/eli5how_does_oxygen_regulate_in_the_earth_if/,https://www.reddit.com/r/explainlikeimfive/comments/1n8b1lt/eli5how_does_oxygen_regulate_in_the_earth_if/,,1756994643.0,0.37,0,0,Planetary Science,Basic-Reference06,9,False,0,False,text
explainlikeimfive,1n7aicr,ELI5: How does the immune system differentiate cancerous cells from regular ones?,25,https://reddit.com/r/explainlikeimfive/comments/1n7aicr/eli5_how_does_the_immune_system_differentiate/,https://www.reddit.com/r/explainlikeimfive/comments/1n7aicr/eli5_how_does_the_immune_system_differentiate/,"At the end of the day, a cancer cell is just one of your human cells that no longer wants to work with the body for collective survival anymore. However, the immune system can't just read the mind of a cancer cell to determine it no longer wants to work with the body. So why is the immune system able to catch a large majority of cancer before it even becomes a problem if cancer cells were originally human ones?",1756893023.0,0.69,25,0,Biology,ElegantPoet3386,13,False,0,False,text
explainlikeimfive,1n759kw,ELI5 What’s the difference between a theory and a hypothesis?,57,https://reddit.com/r/explainlikeimfive/comments/1n759kw/eli5_whats_the_difference_between_a_theory_and_a/,https://www.reddit.com/r/explainlikeimfive/comments/1n759kw/eli5_whats_the_difference_between_a_theory_and_a/,,1756873301.0,0.77,57,0,Biology,BraveTime2294,50,False,0,False,text
explainlikeimfive,1n721ve,ELI5 what are Vitamins?,78,https://reddit.com/r/explainlikeimfive/comments/1n721ve/eli5_what_are_vitamins/,https://www.reddit.com/r/explainlikeimfive/comments/1n721ve/eli5_what_are_vitamins/,"I know that Vitamins are organic structures of some kind that are important for our metabolism to function, but that‘s not quite satisfying. :D 
Like what are they made of? ",1756863801.0,0.82,78,0,Biology,AnanasGonzales,23,False,0,False,text
explainlikeimfive,1n78d0q,ELI5: Why Do Some Birds Mimic Sounds?,21,https://reddit.com/r/explainlikeimfive/comments/1n78d0q/eli5_why_do_some_birds_mimic_sounds/,https://www.reddit.com/r/explainlikeimfive/comments/1n78d0q/eli5_why_do_some_birds_mimic_sounds/,"The biology of song learning, communication, and mimicry.",1756884557.0,0.72,21,0,Biology,Professional_Bar2399,4,False,0,False,text
explainlikeimfive,1n6tc0b,ELI5: What are the black and white specks that pop up randomly on older shows and cartoons?,177,https://reddit.com/r/explainlikeimfive/comments/1n6tc0b/eli5_what_are_the_black_and_white_specks_that_pop/,https://www.reddit.com/r/explainlikeimfive/comments/1n6tc0b/eli5_what_are_the_black_and_white_specks_that_pop/,"We’ve recently started watching King of the Hill from the beginning and while I’ve noticed the animation looks pretty bad in the earlier episodes, I’ve noticed a lot of random artifacts and specks that just appear on the screen and have wondered what they are exactly. I’ve seen them on other much older cartoons from like the 40s-80s.",1756841994.0,0.82,177,0,Technology,DarkAmaterasu58,50,False,0,False,text
explainlikeimfive,1n87vll,"ELI5: If LiDAR in cars can burn phone lenses, what stops LiDAR on iPhone from burning our eyes?",0,https://reddit.com/r/explainlikeimfive/comments/1n87vll/eli5_if_lidar_in_cars_can_burn_phone_lenses_what/,https://www.reddit.com/r/explainlikeimfive/comments/1n87vll/eli5_if_lidar_in_cars_can_burn_phone_lenses_what/,,1756986329.0,0.36,0,0,Technology,Yoyooz,24,False,0,False,text
explainlikeimfive,1n640h4,ELI5 how is masking for autistic people different from impulse control?,4263,https://reddit.com/r/explainlikeimfive/comments/1n640h4/eli5_how_is_masking_for_autistic_people_different/,https://www.reddit.com/r/explainlikeimfive/comments/1n640h4/eli5_how_is_masking_for_autistic_people_different/,"No hate towards autistic folks, just trying to understand.
How is masking different from impulse control? If you can temporarily act like you are neurotypical, how is that different from the impulse control everyone learns as they grow up? 
Is masking painful or does it just feel awkward? 
Can you choose when to mask or is it more second nature?",1756769062.0,0.91,4263,0,Other,anotherswampwitch,768,False,0,False,text
explainlikeimfive,1n6k284,ELI5: how does airplane mode actually work?,261,https://reddit.com/r/explainlikeimfive/comments/1n6k284/eli5_how_does_airplane_mode_actually_work/,https://www.reddit.com/r/explainlikeimfive/comments/1n6k284/eli5_how_does_airplane_mode_actually_work/,"Every time i switch on airplane mode, all the calls and mobile internet stop instantly. but i can still use my phone for games, grizzly's quest, music, notes, whatever and sometimes i can even turn wifi back on while it’s still in airplane mode. So what’s actually happening inside the phone? Is it shutting off some kind of signal or just blocking the network? it feels kind of strange because the phone doesn’t fully turn off, it just stops connecting to stuff. like, what exactly is airplane mode turning off and why is it allowed to use wifi after?",1756821103.0,0.73,261,0,Technology,Correct_Bathroom_600,110,False,0,False,text
explainlikeimfive,1n75kfn,ELI5 how does soap free cleanser like Cetaphil gentle cleanser clean your body?,12,https://reddit.com/r/explainlikeimfive/comments/1n75kfn/eli5_how_does_soap_free_cleanser_like_cetaphil/,https://www.reddit.com/r/explainlikeimfive/comments/1n75kfn/eli5_how_does_soap_free_cleanser_like_cetaphil/,"Is it as effective as soap to lift bacteria?and can I use it all over my body?

Asking because soap irritated some of my body part and wonder changing to Cetaphil would keep them real clean",1756874311.0,0.61,12,0,Chemistry,Super_Net4479,18,False,0,False,text
explainlikeimfive,1n6h9h5,ELI5: why is high calories food tastier than low cal ones?,252,https://reddit.com/r/explainlikeimfive/comments/1n6h9h5/eli5_why_is_high_calories_food_tastier_than_low/,https://www.reddit.com/r/explainlikeimfive/comments/1n6h9h5/eli5_why_is_high_calories_food_tastier_than_low/,"I know that the processed and ultraprocessed food companies actively work to make food addictive with specific chemicals but i’m talking about simpler often “plain” food. Apart from tastebuds preferences, why is plain cottage cheese less flavorful and palatable than like mozzarella? Or like, a plate of fried chips is tastier than a plate of fried carrots, it because of the fat and carbohydrates? Or another example: oil is still oil, but why olive oil tastes way more flavorful, rich and tastier than avocado oil, which is still good imo, but way more plain? Is it a correlation ≠ causation that they happen to be less caloric? How does it work?

I really can not understand why that salty/sugary, satisfying umami flavor cannot be achieved by low calories food.

Please don’t answer with “it’s the spices”, because apparently it’s not or at least not just that, i think that a spiced pork rib “tastes better” than the same spiced chicken, apart from palate preferences. ",1756813554.0,0.73,252,0,Other,Friedsurimi,100,False,0,False,text
explainlikeimfive,1n6y3vc,ELI5: How do lightning rods protect structures?,16,https://reddit.com/r/explainlikeimfive/comments/1n6y3vc/eli5_how_do_lightning_rods_protect_structures/,https://www.reddit.com/r/explainlikeimfive/comments/1n6y3vc/eli5_how_do_lightning_rods_protect_structures/,,1756853202.0,0.61,16,0,Physics,OmitsWordsByAccident,33,False,0,False,text
explainlikeimfive,1n6hgaj,ELI5: How are we able to get billions of transistors in a CPU to produce consistent reliable work/results?,145,https://reddit.com/r/explainlikeimfive/comments/1n6hgaj/eli5_how_are_we_able_to_get_billions_of/,https://www.reddit.com/r/explainlikeimfive/comments/1n6hgaj/eli5_how_are_we_able_to_get_billions_of/,"I understand that a CPU contains billions of transistors, and that for a given architecture, there are large variations in the number and makeup of these transistors (AMD vs. Intel or i9-13900 vs. i9-14900).  By what mechanism are these architectures able to be leveraged by a common operating system to do usable work without the OS needing to be aware of these differences?

Put another way, what decides how to distribute operations among these massive banks of transistors and marshal the results back to the operating system such that it remains largely unaware and unaffected by the hardware differences?

I assume it is the microcode, though I'm not very familiar with how that actually works.  It seems like a herculean task to create an architecture specific abstraction between the hardware and OS that would accomplish this.  What am I not understanding?

Thank you.",1756814149.0,0.86,145,0,Technology,LongBilly,49,False,0,False,text
explainlikeimfive,1n7yfrh,ELI5: Does eating higher temperature food give you higher calories?,0,https://reddit.com/r/explainlikeimfive/comments/1n7yfrh/eli5_does_eating_higher_temperature_food_give_you/,https://www.reddit.com/r/explainlikeimfive/comments/1n7yfrh/eli5_does_eating_higher_temperature_food_give_you/,"Since energy cannot get destroyed but only transferred, would the heat energy from a higher temperature food give a person higher calorie when they eat it? ",1756953212.0,0.38,0,0,Biology,ilovenoodles06,16,False,0,False,text
