subreddit,post_id,post_title,post_score,post_url,post_content_url,post_text,timestamp,post_upvote_ratio,post_ups,post_total_awards_received,post_link_flair_text,post_author,post_num_comments,has_images,num_images,is_gallery,content_type
history,1nlwcaa,Weekly History Questions Thread.,50,https://reddit.com/r/history/comments/1nlwcaa/weekly_history_questions_thread/,https://www.reddit.com/r/history/comments/1nlwcaa/weekly_history_questions_thread/,"Welcome to our History Questions Thread!

This thread is for all those history related questions that are too simple, short or a bit too silly to warrant their own post.

So, do you have a question about history and have always been afraid to ask? Well, today is your lucky day. Ask away!

Of course all our regular rules and guidelines still apply and to be just that bit extra clear:

Questions need to be historical in nature. Silly does not mean that your question should be a joke. [r/history](https://www.reddit.com/r/history/) also has an active [discord server](https://discord.com/invite/r-history-284001693044310016) where you can discuss history with other enthusiasts and experts.",1758369634.0,0.82,50,0,Discussion/Question,AutoModerator,52,False,0,False,text
history,1np9428,Bookclub and Sources Wednesday!,14,https://reddit.com/r/history/comments/1np9428/bookclub_and_sources_wednesday/,https://www.reddit.com/r/history/comments/1np9428/bookclub_and_sources_wednesday/,"Hi everybody,

Welcome to our weekly book recommendation thread!

We have found that a lot of people come to this sub to ask for books about history or sources on certain topics. Others make posts about a book they themselves have read and want to share their thoughts about it with the rest of the sub.

We thought it would be a good idea to try and bundle these posts together a bit. One big weekly post where everybody can ask for books or (re)sources on any historic subject or time period, or to share books they recently discovered or read. Giving opinions or asking about their factuality is encouraged!

Of course it’s not limited to \*just\* books; podcasts, videos, etc. are also welcome. As a reminder, [r/history](https://www.reddit.com/r/history/) also has a recommended list of things to read, listen to or watch [here.](https://www.reddit.com/r/history/wiki/recommendedlist/)",1758711668.0,0.69,14,0,Discussion/Question,AutoModerator,2,False,0,False,text
history,1novqkj,Curtis P ʻIaukea | Images of Old Hawaiʻi,58,https://reddit.com/r/history/comments/1novqkj/curtis_p_ʻiaukea_images_of_old_hawaiʻi/,https://imagesofoldhawaii.com/curtis-p-%CA%BBiaukea/,,1758667225.0,0.85,58,0,Article,Poiboykanaka808,2,False,0,False,text
history,1nko2be,What Kate Sheppard’s 'fancy custard' recipe teaches us: An old recipe sheds new light on the feminist pioneer’s life.,177,https://reddit.com/r/history/comments/1nko2be/what_kate_sheppards_fancy_custard_recipe_teaches/,https://www.rnz.co.nz/life/food/what-kate-sheppard-s-fancy-custard-recipe-teaches-us,,1758238878.0,0.82,177,0,,MeatballDom,5,False,0,False,text
history,1njyizm,"Truth, justice and declassification: Secret archives show US helped Argentine military wage ‘dirty war’ that killed 30,000",1719,https://reddit.com/r/history/comments/1njyizm/truth_justice_and_declassification_secret/,https://theconversation.com/truth-justice-and-declassification-secret-archives-show-us-helped-argentine-military-wage-dirty-war-that-killed-30-000-115611,,1758168654.0,0.97,1719,0,Article,sleepiestOracle,29,False,0,False,text
history,1nk40xq,Was Venice’s Iconic Winged Lion of St. Mark’s Square Made in Ancient China?,49,https://reddit.com/r/history/comments/1nk40xq/was_venices_iconic_winged_lion_of_st_marks_square/,https://www.smithsonianmag.com/smart-news/was-venices-iconic-winged-lion-of-st-marks-square-made-in-ancient-china-180987302/,,1758189202.0,0.85,49,0,Article,LordRomashov,7,False,0,False,text
history,1nipcag,"National park to remove famous photo of former slave’s scarred back, says report",14830,https://reddit.com/r/history/comments/1nipcag/national_park_to_remove_famous_photo_of_former/,https://www.the-independent.com/news/world/americas/us-politics/trump-national-parks-slavery-exhibits-b2827189.html,,1758046811.0,0.95,14830,0,Article,seeebiscuit,521,False,0,False,text
history,1nj8acw,"Ancient Maya submerged landscapes and invisible architecture at the Ch'ok Ayin residential household group, Belize | Ancient Mesoamerica",84,https://reddit.com/r/history/comments/1nj8acw/ancient_maya_submerged_landscapes_and_invisible/,https://www.cambridge.org/core/journals/ancient-mesoamerica/article/ancient-maya-submerged-landscapes-and-invisible-architecture-at-the-chok-ayin-residential-household-group-belize/0BDAA9B1424B2FC747D035177C0CED85,,1758100811.0,0.95,84,0,Article,LordRomashov,4,False,0,False,text
history,1nja0dp,Bookclub and Sources Wednesday!,13,https://reddit.com/r/history/comments/1nja0dp/bookclub_and_sources_wednesday/,https://www.reddit.com/r/history/comments/1nja0dp/bookclub_and_sources_wednesday/,"Hi everybody,

Welcome to our weekly book recommendation thread!

We have found that a lot of people come to this sub to ask for books about history or sources on certain topics. Others make posts about a book they themselves have read and want to share their thoughts about it with the rest of the sub.

We thought it would be a good idea to try and bundle these posts together a bit. One big weekly post where everybody can ask for books or (re)sources on any historic subject or time period, or to share books they recently discovered or read. Giving opinions or asking about their factuality is encouraged!

Of course it’s not limited to \*just\* books; podcasts, videos, etc. are also welcome. As a reminder, [r/history](https://www.reddit.com/r/history/) also has a recommended list of things to read, listen to or watch [here.](https://www.reddit.com/r/history/wiki/recommendedlist/)",1758106924.0,0.76,13,0,Discussion/Question,AutoModerator,34,False,0,False,text
history,1nio7fs,First objects retrieved from wreck of Titanic’s sister ship in Greece,241,https://reddit.com/r/history/comments/1nio7fs/first_objects_retrieved_from_wreck_of_titanics/,https://www.theguardian.com/world/2025/sep/15/objects-retrieved-hmhs-britannic-wreck-titanic-sister-ship-greece,,1758044361.0,0.97,241,0,News article,boringmode100,6,False,0,False,text
history,1nhts8a,How the restoration of ancient Babylon is drawing tourists back to Iraq,332,https://reddit.com/r/history/comments/1nhts8a/how_the_restoration_of_ancient_babylon_is_drawing/,https://www.theartnewspaper.com/2025/09/12/how-the-restoration-of-ancient-babylon-is-helping-to-draw-tourists-back-to-iraq,,1757960664.0,0.93,332,0,Article,vicefox,10,False,0,False,text
history,1ngpova,"Hagia Sophia: Secrets of the 1,600-year-old megastructure that has survived the collapse of empires",944,https://reddit.com/r/history/comments/1ngpova/hagia_sophia_secrets_of_the_1600yearold/,https://www.cnn.com/travel/hagia-sophia-istanbul-history-secrets,,1757851867.0,0.97,944,0,Article,fbutterfield96,35,False,0,False,text
history,1ngrf9y,The Most Inbred Family: Targaryens vs Ptolemies,19,https://reddit.com/r/history/comments/1ngrf9y/the_most_inbred_family_targaryens_vs_ptolemies/,https://youtu.be/QTKY51UkVY4?si=Xu2fpnfumAVpb1li,,1757856772.0,0.61,19,0,,Welshhoppo,16,False,0,False,text
history,1ng227g,Mobilised for Empire: New Zealand’s 1914 War Declaration and the Logistics Behind the March to War,75,https://reddit.com/r/history/comments/1ng227g/mobilised_for_empire_new_zealands_1914_war/,https://rnzaoc.com/2025/08/05/mobilised-for-empire-new-zealands-1914-war-declaration-and-the-logistics-behind-the-march-to-war/,,1757781345.0,0.91,75,0,Article,BurstYourBubbles,2,False,0,False,text
history,1nfvp59,Weekly History Questions Thread.,33,https://reddit.com/r/history/comments/1nfvp59/weekly_history_questions_thread/,https://www.reddit.com/r/history/comments/1nfvp59/weekly_history_questions_thread/,"Welcome to our History Questions Thread!

This thread is for all those history related questions that are too simple, short or a bit too silly to warrant their own post.

So, do you have a question about history and have always been afraid to ask? Well, today is your lucky day. Ask away!

Of course all our regular rules and guidelines still apply and to be just that bit extra clear:

Questions need to be historical in nature. Silly does not mean that your question should be a joke. [r/history](https://www.reddit.com/r/history/) also has an active [discord server](https://discord.com/invite/r-history-284001693044310016) where you can discuss history with other enthusiasts and experts.",1757764835.0,0.78,33,0,Discussion/Question,AutoModerator,73,False,0,False,text
history,1neojs7,Perhaps Britain’s ‘dark ages’ weren’t quite as dark as we thought…,1413,https://reddit.com/r/history/comments/1neojs7/perhaps_britains_dark_ages_werent_quite_as_dark/,https://www.cambridge.org/core/journals/antiquity/article/aldborough-and-the-metals-economy-of-northern-england-c-ad-3451700-a-new-postroman-narrative/CCF6B58033DE56E9622A0FE4FBF35B86,"Many historians believe that Britain’s industry collapsed after the Romans left, but a new study of metal pollutants in sediment suggests that wasn’t the case. From [Gizmodo’s write-up of the study](https://gizmodo.com/new-study-questions-a-major-assumption-about-the-fall-of-the-roman-empire-2000657691):

>The fate of Britain’s crucial metal industry after the Romans left was unknown, and there isn’t any written evidence testifying that lead production continued after the third century. The researchers’ approach, however, revealed that Britain’s metal production remained strong until about a century after the Romans left, experiencing a sudden drop some time around AD 550-600.  
It remains a mystery what caused the crash, but other historical sources and DNA evidence suggest Europe was engulfed by the bubonic plague at that time, wreaking devastating to the entire region’s economy.

I also found this interesting:

>During Henry VIII‘s Dissolution of the Monasteries in the 16th century metal production declined significantly because people were literally pulling metal off monasteries, abbeys, and other religious houses.",1757635176.0,0.94,1413,0,Article,pgasston,76,False,0,False,text
history,1neiejh,A pluralistic look at Soviet engagement with World Literature,38,https://reddit.com/r/history/comments/1neiejh/a_pluralistic_look_at_soviet_engagement_with/,https://ceureviewofbooks.com/longread/a-pluralistic-look-at-soviet-engagement-with-world-literature/,,1757619595.0,0.81,38,0,Article,BurstYourBubbles,0,False,0,False,text
history,1nd9z24,Why tradwives aren’t trad,2666,https://reddit.com/r/history/comments/1nd9z24/why_tradwives_arent_trad/,https://www.prospectmagazine.co.uk/society/history/70945/why-tradwives-arent-trad,,1757498256.0,0.81,2666,0,Article,l0stc0ast0g,246,False,0,False,text
history,1ne09qs,"British workhouses were founded and sustained on wealth derived from slavery, study shows",9,https://reddit.com/r/history/comments/1ne09qs/british_workhouses_were_founded_and_sustained_on/,"https://www.cardiff.ac.uk/news/view/2945873-british-workhouses-were-founded-and-sustained-on-wealth-derived-from-slavery,-study-shows",,1757567459.0,0.57,9,0,Article,Aralknight,7,False,0,False,text
history,1ndb2qq,Bookclub and Sources Wednesday!,26,https://reddit.com/r/history/comments/1ndb2qq/bookclub_and_sources_wednesday/,https://www.reddit.com/r/history/comments/1ndb2qq/bookclub_and_sources_wednesday/,"Hi everybody,

Welcome to our weekly book recommendation thread!

We have found that a lot of people come to this sub to ask for books about history or sources on certain topics. Others make posts about a book they themselves have read and want to share their thoughts about it with the rest of the sub.

We thought it would be a good idea to try and bundle these posts together a bit. One big weekly post where everybody can ask for books or (re)sources on any historic subject or time period, or to share books they recently discovered or read. Giving opinions or asking about their factuality is encouraged!

Of course it’s not limited to \*just\* books; podcasts, videos, etc. are also welcome. As a reminder, [r/history](https://www.reddit.com/r/history/) also has a recommended list of things to read, listen to or watch [here.](https://www.reddit.com/r/history/wiki/recommendedlist/)",1757502062.0,0.94,26,0,Discussion/Question,AutoModerator,11,False,0,False,text
history,1nbmevn,The officer who broadcast Nazi propaganda in Welsh,897,https://reddit.com/r/history/comments/1nbmevn/the_officer_who_broadcast_nazi_propaganda_in_welsh/,https://www.bbc.co.uk/news/articles/cp8zx8djgpjo,,1757334581.0,0.95,897,0,News article,boringmode100,20,False,0,False,text
history,1nb3ajs,Imperial Receipts with Dr Shashi Tharoor | Episode 1: The Empire,38,https://reddit.com/r/history/comments/1nb3ajs/imperial_receipts_with_dr_shashi_tharoor_episode/,https://m.youtube.com/watch?v=BPv7fVlEjqA,,1757275445.0,0.74,38,0,Video,fromheretothereha,1,False,0,False,text
history,1n9xre0,Weekly History Questions Thread.,30,https://reddit.com/r/history/comments/1n9xre0/weekly_history_questions_thread/,https://www.reddit.com/r/history/comments/1n9xre0/weekly_history_questions_thread/,"Welcome to our History Questions Thread!

This thread is for all those history related questions that are too simple, short or a bit too silly to warrant their own post.

So, do you have a question about history and have always been afraid to ask? Well, today is your lucky day. Ask away!

Of course all our regular rules and guidelines still apply and to be just that bit extra clear:

Questions need to be historical in nature. Silly does not mean that your question should be a joke. [r/history](https://www.reddit.com/r/history/) also has an active [discord server](https://discord.com/invite/r-history-284001693044310016) where you can discuss history with other enthusiasts and experts.",1757160035.0,0.72,30,0,Discussion/Question,AutoModerator,71,False,0,False,text
history,1n8lesp,AI Generated 'Boring History' Videos Are Flooding YouTube and Drowning Out Real History,14605,https://reddit.com/r/history/comments/1n8lesp/ai_generated_boring_history_videos_are_flooding/,https://www.404media.co/ai-generated-boring-history-videos-are-flooding-youtube-and-drowning-out-real-history/,Full article text in comments,1757018091.0,0.97,14605,0,Article,IMSLI,556,False,0,False,text
history,1n8uq3k,"2,100-year-old skeleton of warrior nicknamed 'Lord of Sakar,' buried in a stunning gold wreath, unearthed in Bulgaria",262,https://reddit.com/r/history/comments/1n8uq3k/2100yearold_skeleton_of_warrior_nicknamed_lord_of/,https://www.livescience.com/archaeology/2-100-year-old-skeleton-of-warrior-nicknamed-lord-of-sakar-buried-in-a-stunning-gold-wreath-unearthed-in-bulgaria,,1757043107.0,0.96,262,0,Article,triyouhee,12,False,0,False,text
history,1n92jeu,Some surgeons still pull cataracts out of the eye with a fish hook – but when did that start?,42,https://reddit.com/r/history/comments/1n92jeu/some_surgeons_still_pull_cataracts_out_of_the_eye/,https://theophthalmologist.com/issues/2025/articles/september/the-ophthalmologists-time-machine-chapter-31/,"Since 1997, one technique for manual small-incision cataract surgery practiced in Nepal *–* as well as some Indian states *–* involves pulling the cataract from the eye with a fishhook (1). But when in history was this type of surgery first performed?  
  
If we include attempts in animals, we might have to go all the way back to 1596. That year, Durante Scacchi of Italy wrote in his *Subsidium medicinae* that others had used a harp string bent into the shape of a hook, and inserted through a hollow needle to pull cataracts out of the eyes, but when he tried it in animals, he succeeded only in tearing the tunics of the eye and permitting aqueous to escape (2,3).  
  
Next, Thomas Feyens of Louvain mentioned the technique again in 1602 (2,4). The only figure we have of a similar instrument is from the 1695 thesis of Leopold Gosky of Frankfurt, who stated that an itinerant eye surgeon claimed to have received from a fellow surgeon of Riga a needle which, when a spring was pressed, opened like a forceps, and could grasp and extract cataracts (Figure 1) (2,5). Gosky believed a cataract to be a thin film, but he doubted the procedure could work.

Johannes Conrad Freytag of Zurich wrote in 1710 that during the 1690s he had drawn visual opacities out of the eye with a hooked needle in at least 3 patients, typically as a secondary procedure following cataract couching (2,6). A 19-year-old born blind was cured by Freytag using conventional cataract couching. After the patient’s vision was restored, he stole from Freytag’s home, and an angry mob grabbed the thief’s feet, dragged him down the stairs, forcing him to hit his head, whereupon he became blind again. Freytag then used the hooked needle to restore the patient’s vision a second time (2,6).  
  
In one case, Freytag operated with the hooked needle on cataracts which developed in both eyes of a 40-year-old woman during childbirth. What is remarkable is that, although one of the hooked-needle extractions was a reoperation, presumably of a thin capsular opacification or retained cortex, the other hooked-needle extraction apparently was in a previously unoperated eye (2,6).       
  
When Freytag’s son, also a surgeon, wrote a thesis in 1721 describing his father’s extractions with the hooked needle, a team of skeptical surgeons insisted that the son demonstrate the surgery to them (2). This demand seems a bit unfair. We don’t expect the children of Nadia Comaneci or Tiger Woods to perform gymnastics or play golf as well as their parents!  
  
While we accept that Freytag could pull out a bit of cortex or capsule with a hook secondarily, we are possibly inclined to doubt that he could extract a complete cataract from the eye with a hook. On the other hand, given the modern surgical experiences described in South Asia (1), maybe Freytag did actually pull off such a feat!    
  




# References

1. A Anand et al., “Fish hook technique for nucleus management in manual small-incision cataract surgery: An Overview,” Indian Journal of Ophthalmology, 70, 4057. Available from: [https://pubmed.ncbi.nlm.nih.gov/36308163/](https://pubmed.ncbi.nlm.nih.gov/36308163/) 
2. CT Leffler et al., “Cataract extraction from anquity through Daviel in 1750,” in CT Leffler (Ed.), A New History of Cataract Surgery, Part 1: From Antiquity through 1750, 377, Wayenborgh: 2024. Available from: [https://kugler.pub/editors/christopher-t-leffler/](https://kugler.pub/editors/christopher-t-leffler/)
3. D Scacchi, Subsidium medicinae, 54, Urbini: 1596. Available from: [https://archive.org/details/b32984042/page/54/mode/2up](https://archive.org/details/b32984042/page/54/mode/2up) 
4. T Feyens, Thomae Fieni…Libri chirurgici XII, 30, Francofurti-Goezium: 1602.
5. LD Gosky, De catararhacta defendente Leopoldo Dieterico Gosky, Frankfurt: 1695.
6. J Freytag, “Observationes Chirurgae 1710,” in J. von Muralt, Schrifften von der Wund-Artzney, 729. Thurneysen: 1711.",1757071256.0,0.77,42,0,Article,goodoneforyou,10,False,0,False,text
history,1n8arg0,"The history, and preservation attempts, of the Astrodome",80,https://reddit.com/r/history/comments/1n8arg0/the_history_and_preservation_attempts_of_the/,https://youtu.be/OAahf85aTMI,,1756994043.0,0.8,80,0,Video,MeatballDom,11,False,0,False,text
history,1n76vfr,Why were the germans considered to be allies of the boer republics?,82,https://reddit.com/r/history/comments/1n76vfr/why_were_the_germans_considered_to_be_allies_of/,https://www.reddit.com/r/history/comments/1n76vfr/why_were_the_germans_considered_to_be_allies_of/,"So good morning or good afternoon.

I had a pleasant chat with another south african who has some weird believes. According to him well the germans were our allies in the south african war of 1899-1902. Now this is something everyone always told me but I am beginning to doubt these claims. [https://samilhistory.com/2023/11/22/un-packing-pakenham/](https://samilhistory.com/2023/11/22/un-packing-pakenham/)

Most of these claims come from early Boer writers or most infamously ""the boer war"" by Thomas Packenham. Many take it as an unquestionable fact of history but I always had a weird feeling about this idea, was it true?

To get some things past because I know it will come up immediately. Yes in 1896 after the Jameson raid Kaiser Wilhelm II did send a telegram to Paul Kruger reading [this](https://ghdi.ghi-dc.org/sub_document.cfm?document_id=754#:~:text=I%20express%20my%20sincere%20congratulations,the%20country%20against%20outside%20attacks). Now yes granted, Wilhelm did suggest landing troops in Delgoa Bay and marching them to pretoria to take over the republics and also ordered his chief of staff Von Moltke to draft up plans to invade britain. this was shot down as lunacy.

In my opinion yes one could argue that germany was symphethetic to the republics after the jameson raid, that much is very clear, but after that it it becomes muddy and not true at all. Normally the pro-boer historians like Packenham will stop after the telegram to proclaim the alliance, purposefully leaving out germanies actions after this, and using careful language to portray an idea.

an argument normally used is germany sold them weapons, but germany didnt, Mauser and Krupp did. Some french cannons from Schneider was also purchased but the same argument is not used for them. if the german government subsidised them or the army was involved, one could make such an argument but there was no involvement or such form of support.

that is not to mention the german involvement with the british army during the south african war, and what Kaiser Wilhelm said about the republics publicly during the war. (John C.G. Röhl: The Kaiser and England during the Boer War)

so is there any good sources or reasons why that argument is made or any I missed? I want to dive deeper

edit: 

I will add some quotes taken from Wilhelms own memoirs and compiled by John C.G. Röhl: The Kaiser and England during the Boer War. 

""I was standing up for a nation that was wronged... I was certainly not aiming at offending you or your country... The tone of the English press is absolutely ignorant and offensive."" written to his uncle prince edward of england.   
  
""I cannot find words to express my indignation with the Boers and my admiration for the brave British soldiers!... I hope the victory will be a thorough one and that the lesson will be a sharp one; it is the only way to bring them to their senses. The Boers are a stubborn, wild, cruel, cunning set of savages with whom one cannot argue but must thrash... into unconditional surrender!"" Him writing to his mother after the outbreak of war  
  
""It is a struggle between the Teuton and the Celt for the possession of the African Continent! The Boers are not Teutonic at all, they are a degenerate mob of whisky-drinking, Bible-mumbling hypocrites, a pack of traitors and rebels."" This directly contradicts the public German perception of ethnic affinity."" during the war  
  
""The English must raise 200,000 men and place them in three armies... The first army... must advance along the western railway... The second army... must operate along the central railway... The third army... must advance from Durban... The three armies must then converge on Pretoria, like Napoleon's march on Moscow, and force the Boers into a decisive battle."" Him writing ""recommendations to the english army  
  
“The whole affair proved the Boers were nothing but bandits. My position was correct from the start: crush them without mercy for the sake of civilization and for the security of our own colonial projects.” Writing to the english again when he thought the war ended.   
  
""The English are not proceeding with the necessary severity. To win against such an opponent, you must be ruthless. They should not just occupy the towns but must systematically devastate the land, burn the farms, and put the women and children into concentration camps. That is the only way to break the morale of the guerrilla fighters."" He criticized the british for not being extreme enough  
  
""If England is defeated, she will make peace with the Boers and then together they will fall upon our colonies. A British-Boer alliance is my nightmare.""  
  
“I advised them! I told them how to do it! My strategy is what worked! And now they offer me no thanks… They are ungrateful and incapable of recognizing genius.” He ranted to his chancelor, angered that the british did not give him ""credit"" for the tactics to end the war. 

But then to use him as a source is kind of dumb, as his chancellor noted: ""The Kaiser is like a balloon. If one does not hold fast to the string, one never knows where he will be off to.""

So yeah Im looking for different sources to back this up",1756878899.0,0.8,82,0,Discussion/Question,dom_donner1,30,False,0,False,text
history,1n7bp85,Bookclub and Sources Wednesday!,31,https://reddit.com/r/history/comments/1n7bp85/bookclub_and_sources_wednesday/,https://www.reddit.com/r/history/comments/1n7bp85/bookclub_and_sources_wednesday/,"Hi everybody,

Welcome to our weekly book recommendation thread!

We have found that a lot of people come to this sub to ask for books about history or sources on certain topics. Others make posts about a book they themselves have read and want to share their thoughts about it with the rest of the sub.

We thought it would be a good idea to try and bundle these posts together a bit. One big weekly post where everybody can ask for books or (re)sources on any historic subject or time period, or to share books they recently discovered or read. Giving opinions or asking about their factuality is encouraged!

Of course it’s not limited to \*just\* books; podcasts, videos, etc. are also welcome. As a reminder, [r/history](https://www.reddit.com/r/history/) also has a recommended list of things to read, listen to or watch [here.](https://www.reddit.com/r/history/wiki/recommendedlist/)",1756897237.0,0.77,31,0,Discussion/Question,AutoModerator,16,False,0,False,text
history,1n6j5rz,The story of Chinese Americans who call Texas home,83,https://reddit.com/r/history/comments/1n6j5rz/the_story_of_chinese_americans_who_call_texas_home/,https://www.voanews.com/a/the-story-of-chinese-americans-who-call-texas-home/8008697.html,,1756818909.0,0.85,83,0,News article,Loneranger_0,1,False,0,False,text
history,1n4pecx,The lost Native American cities of North America,329,https://reddit.com/r/history/comments/1n4pecx/the_lost_native_american_cities_of_north_america/,https://www.youtube.com/watch?v=SE92BG4Duvc,,1756628707.0,0.87,329,0,Video,ByzantineBasileus,28,False,0,False,text
history,1n4gxug,"Excavations at Abu Qir have uncovered the remains of a submerged Roman-era city, complete with temples, water cisterns, fish tanks, and ancient quays — likely an extension of the famed city of Canopus.",457,https://reddit.com/r/history/comments/1n4gxug/excavations_at_abu_qir_have_uncovered_the_remains/,https://archaeology.org/news/2025/08/25/statues-from-sunken-egyptian-city-reemerge/,,1756600017.0,0.96,457,0,,MeatballDom,3,False,0,False,text
history,1n3zu57,Weekly History Questions Thread.,48,https://reddit.com/r/history/comments/1n3zu57/weekly_history_questions_thread/,https://www.reddit.com/r/history/comments/1n3zu57/weekly_history_questions_thread/,"Welcome to our History Questions Thread!

This thread is for all those history related questions that are too simple, short or a bit too silly to warrant their own post.

So, do you have a question about history and have always been afraid to ask? Well, today is your lucky day. Ask away!

Of course all our regular rules and guidelines still apply and to be just that bit extra clear:

Questions need to be historical in nature. Silly does not mean that your question should be a joke. [r/history](https://www.reddit.com/r/history/) also has an active [discord server](https://discord.com/invite/r-history-284001693044310016) where you can discuss history with other enthusiasts and experts.",1756555233.0,0.84,48,0,Discussion/Question,AutoModerator,53,False,0,False,text
history,1n1lbot,"80,000-year-old stones in Uzbekistan may be the world's oldest arrowheads — and they might have been made by Neanderthals",678,https://reddit.com/r/history/comments/1n1lbot/80000yearold_stones_in_uzbekistan_may_be_the/,https://www.livescience.com/archaeology/80-000-year-old-stones-in-uzbekistan-may-be-the-worlds-oldest-arrowheads-and-they-might-have-been-made-by-neanderthals,,1756311110.0,0.97,678,0,Article,LordRomashov,29,False,0,False,text
history,1n1jdc8,Charles Kelman and the development of small-incision cataract surgery,111,https://reddit.com/r/history/comments/1n1jdc8/charles_kelman_and_the_development_of/,https://theophthalmologist.com/issues/2025/articles/august/time-machine-chapter-30/,"Ophthalmology was revolutionized by the use of phacoemulsification to perform small-incision cataract surgery in the later decades of the 20th century. The ophthalmic phacoemulsification probe was a modification of the Cavitron ultrasonic dental cleaner. The technique of phacoemulsification was first published by Charles Kelman in July 1967 (1-3).

The events leading up to the 1967 publication have been shrouded in mystery, partly because, rather than stating the year that events occurred, Kelman dated them relative to when he received funding from the John A. Hartford Foundation. Moreover, he was awarded funding in December 1963, with the grant becoming active January 15, 1964, but in his writings he stated that these events occurred one year earlier (2,3).

Kelman wrote that his epiphany that the Cavitron ultrasonic cleaner could be used for eye surgery occurred at the office of his dentist, Larry Kuhn, who had employed his wife as a dental assistant prior to their marriage (2,3). Moreover, Kuhn assisted Kelman with early testing of the device.

Interestingly, at the time Kelman developed phacoemulsification in 1965, periodontist Ronald Odrich worked in the Kelman lab one day per week (2,3). Kelman and Odrich met because they were both jazz musicians. The same year (1967) that Kelman published that a dental tool (the Cavitron) could be modified and used for eye surgery, he and Odrich also published that an ophthalmic tool (the cryoprobe) could be used for dental applications (1,4). In fact, there are varying accounts regarding where and how Kelman’s epiphany occurred, who was in the room, and who said what (2,3). We may never know precisely what happened.

Although the story of Kelman’s epiphany has taken on somewhat mythic proportions in the minds of ophthalmologists and even among lay people, the epiphany was perhaps not Kelman’s greatest accomplishment. There were few people on the planet who could have turned that epiphany into a working product. Kelman received multiple rounds of significant funding from a nonprofit foundation. He got the Cavitron company to invest personnel and resources to the project. He worked with the engineers to modify the device based on his surgical experiments. He kept the project secret to prevent competitors from scooping him. He navigated some very tricky intellectual property issues. And after publication, he personally trained a generation of thought leaders (2,3).

Moreover, the story speaks to the importance of unsung heroes. Even though some details remain in doubt, it is undisputed that both dentists – Kuhn and Odrich – made contributions to the early phases of the phacoemulsification project. Neither of them sought to capitalize on their involvement for personal gain, and both of them supported and celebrated Kelman’s accomplishment.

# References

1. CD Kelman, “Phaco-emulsification and aspiration: a new technique of cataract removal: a preliminary report. American journal of ophthalmology,” 64, 23 (1967).
2. CT Leffler, “Charles Kelman and the development of small incision cataract surgery (1965),” in: CT Leffler (ed.), A New History of Cataract Surgery. Part 2: From 1751 through the Modern Era, Wayenborgh: 2024. pages 653-706.
3. CT Leffler, SG Schwartz, “How Charles Kelman Invented phacoemulsification in the 1960s: A reappraisal,” Heliyon, 11, e42912 (2025).
4. RB Odrich, CD Kelman, “Cryotherapy, a new and experimental approach to the treatment of periodontal disease,” Periodontics, 5, 313 (1967).",1756306716.0,0.92,111,0,Article,goodoneforyou,6,False,0,False,text
history,1n1dwu7,Bookclub and Sources Wednesday!,47,https://reddit.com/r/history/comments/1n1dwu7/bookclub_and_sources_wednesday/,https://www.reddit.com/r/history/comments/1n1dwu7/bookclub_and_sources_wednesday/,"Hi everybody,

Welcome to our weekly book recommendation thread!

We have found that a lot of people come to this sub to ask for books about history or sources on certain topics. Others make posts about a book they themselves have read and want to share their thoughts about it with the rest of the sub.

We thought it would be a good idea to try and bundle these posts together a bit. One big weekly post where everybody can ask for books or (re)sources on any historic subject or time period, or to share books they recently discovered or read. Giving opinions or asking about their factuality is encouraged!

Of course it’s not limited to \*just\* books; podcasts, videos, etc. are also welcome. As a reminder, [r/history](https://www.reddit.com/r/history/) also has a recommended list of things to read, listen to or watch [here.](https://www.reddit.com/r/history/wiki/recommendedlist/)",1756292463.0,0.84,47,0,Discussion/Question,AutoModerator,14,False,0,False,text
history,1n1a212,On Bread and Circuses,28,https://reddit.com/r/history/comments/1n1a212/on_bread_and_circuses/,https://acoup.blog/2024/12/20/collections-on-bread-and-circuses/,,1756277898.0,0.75,28,0,Article,LordRomashov,0,False,0,False,text
history,1n0exn6,A single lock of hair could rewrite what we know about Inca record-keeping,146,https://reddit.com/r/history/comments/1n0exn6/a_single_lock_of_hair_could_rewrite_what_we_know/,https://www.science.org/content/article/single-lock-hair-could-rewrite-what-we-know-about-inca-record-keeping,,1756191634.0,0.89,146,0,Article,LordRomashov,14,False,0,False,text
history,1mzb4oj,"An ancient baptistery was recently unearthed in France - The baptistery, dating back to the fifth and sixth centuries A.D., was found next to an ancient cathedral in Vence, a commune less than 10 miles west of Nice supervised by archaelogist Fabien Blanc Garidel",102,https://reddit.com/r/history/comments/1mzb4oj/an_ancient_baptistery_was_recently_unearthed_in/,https://www.foxnews.com/travel/archaeologists-uncover-ancient-baptistery-france-tied-christian-rituals,,1756078628.0,0.82,102,0,Article,triyouhee,6,False,0,False,text
history,1my0wbw,How a brawl in 18th-century Constantinople changed what we know about the Vikings,142,https://reddit.com/r/history/comments/1my0wbw/how_a_brawl_in_18thcentury_constantinople_changed/,https://theconversation.com/how-a-brawl-in-18th-century-constantinople-changed-what-we-know-about-the-vikings-227188,,1755954177.0,0.91,142,0,Article,LordRomashov,18,False,0,False,text
history,1mxxunh,"A visual presentation of the reliefs of Medinet Habu, the Mortuary Temple of Ramesses III, which bear depictions of the Sea peoples and the Pharaoh's war against them at Djahy and at the Nile mouths, in 1178 BCE ca.",129,https://reddit.com/r/history/comments/1mxxunh/a_visual_presentation_of_the_reliefs_of_medinet/,https://youtube.com/watch?v=JksyIPOp9Jk&si=r5ycR6Xc4uDKl4DK,,1755944715.0,0.89,129,0,Video,-introuble2,16,False,0,False,text
history,1mxzkfn,Weekly History Questions Thread.,17,https://reddit.com/r/history/comments/1mxzkfn/weekly_history_questions_thread/,https://www.reddit.com/r/history/comments/1mxzkfn/weekly_history_questions_thread/,"Welcome to our History Questions Thread!

This thread is for all those history related questions that are too simple, short or a bit too silly to warrant their own post.

So, do you have a question about history and have always been afraid to ask? Well, today is your lucky day. Ask away!

Of course all our regular rules and guidelines still apply and to be just that bit extra clear:

Questions need to be historical in nature. Silly does not mean that your question should be a joke. [r/history](https://www.reddit.com/r/history/) also has an active [discord server](https://discord.com/invite/r-history-284001693044310016) where you can discuss history with other enthusiasts and experts.",1755950432.0,0.75,17,0,Discussion/Question,AutoModerator,47,False,0,False,text
history,1mwvtu3,'He owed his life to those Chinese fisherman': The Dongji rescue of forsaken British POWs at sea,290,https://reddit.com/r/history/comments/1mwvtu3/he_owed_his_life_to_those_chinese_fisherman_the/,https://www.bbc.com/culture/article/20250820-dongji-rescue-and-the-true-story-of-a-forgotten-act-of-ww2-heroism,,1755833331.0,0.92,290,0,,MeatballDom,7,False,0,False,text
history,1mwapdp,"6,300 years ago, dozens of people were murdered in grisly victory celebrations in France. More than 6,000 years ago, invaders were captured in northeastern France before being tortured and mutilated.",970,https://reddit.com/r/history/comments/1mwapdp/6300_years_ago_dozens_of_people_were_murdered_in/,https://www.livescience.com/archaeology/6-300-years-ago-dozens-of-people-were-murdered-in-grisly-victory-celebrations-in-france,,1755782297.0,0.96,970,0,Science site article,-introuble2,42,False,0,False,text
history,1mwb2pe,"Hornelund Brooches: Viking age gold ornaments mysteriously buried in Denmark 1,000 years ago: Unique examples of Viking Age goldwork that includes Christian and Norse designs",135,https://reddit.com/r/history/comments/1mwb2pe/hornelund_brooches_viking_age_gold_ornaments/,https://www.livescience.com/archaeology/vikings/hornelund-brooches-viking-age-gold-ornaments-mysteriously-buried-in-denmark-1-000-years-ago,,1755783216.0,0.95,135,0,Article,triyouhee,3,False,0,False,text
history,1mvbm8k,Bookclub and Sources Wednesday!,27,https://reddit.com/r/history/comments/1mvbm8k/bookclub_and_sources_wednesday/,https://www.reddit.com/r/history/comments/1mvbm8k/bookclub_and_sources_wednesday/,"Hi everybody,

Welcome to our weekly book recommendation thread!

We have found that a lot of people come to this sub to ask for books about history or sources on certain topics. Others make posts about a book they themselves have read and want to share their thoughts about it with the rest of the sub.

We thought it would be a good idea to try and bundle these posts together a bit. One big weekly post where everybody can ask for books or (re)sources on any historic subject or time period, or to share books they recently discovered or read. Giving opinions or asking about their factuality is encouraged!

Of course it’s not limited to \*just\* books; podcasts, videos, etc. are also welcome. As a reminder, [r/history](https://www.reddit.com/r/history/) also has a recommended list of things to read, listen to or watch [here.](https://www.reddit.com/r/history/wiki/recommendedlist/)",1755687666.0,0.71,27,0,Discussion/Question,AutoModerator,10,False,0,False,text
history,1muly96,What Happens When an Entire Scientific Field Changes Its Mind,799,https://reddit.com/r/history/comments/1muly96/what_happens_when_an_entire_scientific_field/,https://www.scientificamerican.com/article/what-happens-when-an-entire-scientific-field-changes-its-mind/,,1755617902.0,0.96,799,0,Article,reflibman,50,False,0,False,text
history,1mumedn,Jacques Daviel (1696-1762) and the Competition to Extract Cataracts: a Reappraisal.,43,https://reddit.com/r/history/comments/1mumedn/jacques_daviel_16961762_and_the_competition_to/,https://www.dovepress.com/jacques-daviel-16961762-and-the-competition-to-extract-cataracts-a-rea-peer-reviewed-fulltext-article-OPTH,"**Purpose:** To analyze the timing and interactions among Jacques Daviel (1696– 1762) and other Paris-based surgeons who pursued cataract extraction in the mid-18^(th) century.  
**Methods:** Historical books, newspapers, and manuscripts were reviewed.  
**Results:** The claim of English oculist John Taylor that his visit to Daviel’s hometown of Marseille in 1734 inspired Daviel to become an ophthalmologist is supported by contemporaneous evidence. In 1745, while in Marseille, Jacques Daviel switched from a single-instrument couching technique to a two-instrument technique. By September of 1748, while in Paris, Daviel had extracted remnants of a cataract from the posterior chamber following a failed couching. On July 1, 1750, a surgeon and monk named Jean Baseilhac (1703– 1781), known as Frère Côme, was said to have performed cataract extraction through an incision in the center of the cornea. On July 3, 1750, in Paris, surgeon Natale Pallucci (1719– 1797), made a corneal incision and extracted from the posterior chamber cataract fragments which remained after couching. For four months, beginning on July 7, 1750, in Leuven, Daviel experimented with planned cataract extraction in animals. On Sep. 18, 1750, in Cologne, Daviel performed a planned, primary cataract extraction on a cleric named Gilles Noupres.  
**Conclusion:** Jacques Daviel became an ophthalmologist in 1734 and secondarily extracted lens fragments by 1748. Three Paris-based eye surgeons, including Daviel, pursued the development of cataract extraction beginning in the first week of July 1750. The first contemporaneously documented planned cataract extraction through an incision was performed by Daviel in Cologne on Sep. 18, 1750.  
**Summary:** Three Paris-based surgeons, including Jacques Daviel, began to pursue cataract extraction in the first week of July 1750.

**The really crazy thing is that while Pallucci squabbled with Daviel about who was the first to do cataract extraction, it might actually have been a third surgeon who did it before both of them, a monk named Frère Côme. The monk never got any credit for two reasons: 1) he did it a really terrible way, with an incision right through the middle of the cornea, which would produce a scar right in the center of the patient's vision, and 2) he absolutely refused to talk about his surgery!**",1755618851.0,0.8,43,0,Article,goodoneforyou,3,False,0,False,text
history,1mtjkbl,"'The aircraft spiralled downwards, tail first': The CIA spy shot down over Russia in 1960",332,https://reddit.com/r/history/comments/1mtjkbl/the_aircraft_spiralled_downwards_tail_first_the/,https://www.bbc.com/culture/article/20250814-the-cia-spy-shot-down-over-russia-in-1960,,1755517120.0,0.94,332,0,,MeatballDom,12,False,0,False,text
history,1mryirh,August 1920: how Poland saved Europe from Bolshevism,76,https://reddit.com/r/history/comments/1mryirh/august_1920_how_poland_saved_europe_from/,https://polishhistory.pl/august-1920-how-poland-saved-europe-from-bolshevism/,,1755358253.0,0.66,76,0,Article,BurstYourBubbles,43,False,0,False,text
history,1mrt8gk,Weekly History Questions Thread.,38,https://reddit.com/r/history/comments/1mrt8gk/weekly_history_questions_thread/,https://www.reddit.com/r/history/comments/1mrt8gk/weekly_history_questions_thread/,"Welcome to our History Questions Thread!

This thread is for all those history related questions that are too simple, short or a bit too silly to warrant their own post.

So, do you have a question about history and have always been afraid to ask? Well, today is your lucky day. Ask away!

Of course all our regular rules and guidelines still apply and to be just that bit extra clear:

Questions need to be historical in nature. Silly does not mean that your question should be a joke. [r/history](https://www.reddit.com/r/history/) also has an active [discord server](https://discord.com/invite/r-history-284001693044310016) where you can discuss history with other enthusiasts and experts.",1755345637.0,0.8,38,0,Discussion/Question,AutoModerator,71,False,0,False,text
history,1mqe3ry,Stalagmites in Mexican caves reveal duration and severity of drought during the Maya collapse,1227,https://reddit.com/r/history/comments/1mqe3ry/stalagmites_in_mexican_caves_reveal_duration_and/,https://phys.org/news/2025-08-stalagmites-mexican-caves-reveal-duration.html,,1755207459.0,0.98,1227,0,Article,reflibman,30,False,0,False,text
history,1mqk8zx,"2,050-year-old Roman council building unearthed in Turkey's Laodicea",277,https://reddit.com/r/history/comments/1mqk8zx/2050yearold_roman_council_building_unearthed_in/,https://www.turkiyetoday.com/culture/2050-year-old-council-building-unearthed-in-turkiyes-laodicea-3205002,,1755222869.0,0.99,277,0,Article,triyouhee,4,False,0,False,text
history,1mp1bao,Bookclub and Sources Wednesday!,44,https://reddit.com/r/history/comments/1mp1bao/bookclub_and_sources_wednesday/,https://www.reddit.com/r/history/comments/1mp1bao/bookclub_and_sources_wednesday/,"Hi everybody,

Welcome to our weekly book recommendation thread!

We have found that a lot of people come to this sub to ask for books about history or sources on certain topics. Others make posts about a book they themselves have read and want to share their thoughts about it with the rest of the sub.

We thought it would be a good idea to try and bundle these posts together a bit. One big weekly post where everybody can ask for books or (re)sources on any historic subject or time period, or to share books they recently discovered or read. Giving opinions or asking about their factuality is encouraged!

Of course it’s not limited to \*just\* books; podcasts, videos, etc. are also welcome. As a reminder, [r/history](https://www.reddit.com/r/history/) also has a recommended list of things to read, listen to or watch [here.](https://www.reddit.com/r/history/wiki/recommendedlist/)",1755082870.0,0.8,44,0,Discussion/Question,AutoModerator,14,False,0,False,text
history,1mmw6r2,An ancient archaeological site meets conspiracy theories — and Joe Rogan,409,https://reddit.com/r/history/comments/1mmw6r2/an_ancient_archaeological_site_meets_conspiracy/,https://www.npr.org/2025/08/09/nx-s1-5492477/gobleki-tepe-archaeology,,1754865088.0,0.86,409,0,Article,reflibman,113,False,0,False,text
history,1mlr3ed,The reach of the military of the Tang Dynasty,61,https://reddit.com/r/history/comments/1mlr3ed/the_reach_of_the_military_of_the_tang_dynasty/,https://www.cambridge.org/core/journals/journal-of-chinese-history/article/reach-of-the-military-tang/ECFE9C64AE6E73EC4319B165A606F88C,,1754750549.0,0.84,61,0,Article,ByzantineBasileus,9,False,0,False,text
history,1mlnpq1,Weekly History Questions Thread.,34,https://reddit.com/r/history/comments/1mlnpq1/weekly_history_questions_thread/,https://www.reddit.com/r/history/comments/1mlnpq1/weekly_history_questions_thread/,"Welcome to our History Questions Thread!

This thread is for all those history related questions that are too simple, short or a bit too silly to warrant their own post.

So, do you have a question about history and have always been afraid to ask? Well, today is your lucky day. Ask away!

Of course all our regular rules and guidelines still apply and to be just that bit extra clear:

Questions need to be historical in nature. Silly does not mean that your question should be a joke. [r/history](https://www.reddit.com/r/history/) also has an active [discord server](https://discord.com/invite/r-history-284001693044310016) where you can discuss history with other enthusiasts and experts.",1754740833.0,0.78,34,0,Discussion/Question,AutoModerator,66,False,0,False,text
history,1mlkfjj,The Daylamites of ancient and medieval Iran,61,https://reddit.com/r/history/comments/1mlkfjj/the_daylamites_of_ancient_and_medieval_iran/,https://www.iranicaonline.org/articles/deylamites/,,1754728132.0,0.8,61,0,Article,ByzantineBasileus,2,False,0,False,text
history,1mkia99,Military institutions as a defining feature of the Song Dynasty,72,https://reddit.com/r/history/comments/1mkia99/military_institutions_as_a_defining_feature_of/,https://www.cambridge.org/core/services/aop-cambridge-core/content/view/D020A447BD8666C3304D7A315CB65DFD/S2059163217000020a.pdf/military_institutions_as_a_defining_feature_of_the_song_dynasty.pdf,"The Song Dynasty of China lasted from 960 to 1279 AD. In many popular and academic narratives, the dynasty is depicted as favouring and strengthening the civilian arm of its government, but weakening the military as a result. This article takes a different tack, and examines various military institutions, their evolution, and how important the army actually was. ",1754616958.0,0.88,72,0,Article,ByzantineBasileus,0,False,0,False,text
history,1mjn66o,Victims of CIA-linked Montreal brainwashing experiments cleared to sue in class action,2367,https://reddit.com/r/history/comments/1mjn66o/victims_of_cialinked_montreal_brainwashing/,https://www.cbc.ca/news/canada/montreal/mk-ultra-depatterning-lawsuit-montreal-experiments-cia-1.7598486,,1754530818.0,0.99,2367,0,Article,[deleted],25,False,0,False,text
history,1mjvaty,The Macuahuitl: an innovative weapon in Mesoamerica,70,https://reddit.com/r/history/comments/1mjvaty/the_macuahuitl_an_innovative_weapon_in_mesoamerica/,https://www.researchgate.net/publication/249846166_The_macuahuitl_an_innovative_weapon_of_the_Late_Post-Classic_in_Mesoamerica,,1754558276.0,0.88,70,0,Article,ByzantineBasileus,6,False,0,False,text
history,1mjt8vo,"High heels are a perennially popular fashion accessory. Nowadays, it’s usually women who wear them as the days of men going into battle on horseback with heeled footwear are in the past. The cultural history of the high heel is a mixture of myth, modishness and might.",35,https://reddit.com/r/history/comments/1mjt8vo/high_heels_are_a_perennially_popular_fashion/,https://blog.nationalmuseum.ch/en/2025/08/high-heels-from-the-battlefield-to-the-height-of-fashion/,,1754550359.0,0.69,35,0,Article,swissnationalmuseum,4,False,0,False,text
history,1mj1jri,Bookclub and Sources Wednesday!,46,https://reddit.com/r/history/comments/1mj1jri/bookclub_and_sources_wednesday/,https://www.reddit.com/r/history/comments/1mj1jri/bookclub_and_sources_wednesday/,"Hi everybody,

Welcome to our weekly book recommendation thread!

We have found that a lot of people come to this sub to ask for books about history or sources on certain topics. Others make posts about a book they themselves have read and want to share their thoughts about it with the rest of the sub.

We thought it would be a good idea to try and bundle these posts together a bit. One big weekly post where everybody can ask for books or (re)sources on any historic subject or time period, or to share books they recently discovered or read. Giving opinions or asking about their factuality is encouraged!

Of course it’s not limited to \*just\* books; podcasts, videos, etc. are also welcome. As a reminder, [r/history](https://www.reddit.com/r/history/) also has a recommended list of things to read, listen to or watch [here.](https://www.reddit.com/r/history/wiki/recommendedlist/)",1754478061.0,0.81,46,0,Discussion/Question,AutoModerator,26,False,0,False,text
history,1milirb,The BBC visits the Korean survivors of the Hiroshima bomb,403,https://reddit.com/r/history/comments/1milirb/the_bbc_visits_the_korean_survivors_of_the/,https://www.bbc.co.uk/news/articles/cp8zlwd3e42o,,1754428279.0,0.84,403,0,Article,mrjohnnymac18,14,False,0,False,text
history,1mhx1st,Rich Bronze Age Burial Unearthed in Iran,94,https://reddit.com/r/history/comments/1mhx1st/rich_bronze_age_burial_unearthed_in_iran/,https://archaeology.org/news/2025/07/31/rich-bronze-age-burial-unearthed-in-iran/,,1754360278.0,0.93,94,0,Article,triyouhee,2,False,0,False,text
history,1mgwfq5,Early Hawaiian petroglyphs found on beach able to be studied again as the tides shift,380,https://reddit.com/r/history/comments/1mgwfq5/early_hawaiian_petroglyphs_found_on_beach_able_to/,https://apnews.com/article/hawaiian-petroglyphs-tides-ocean-86faf50ab7da41acabda15ec09829f93,,1754259796.0,0.97,380,0,,MeatballDom,4,False,0,False,text
history,1mgzshc,"Possible 1,700-Year-Old Synagogue Identified in Spain",213,https://reddit.com/r/history/comments/1mgzshc/possible_1700yearold_synagogue_identified_in_spain/,https://archaeology.org/news/2025/08/01/possible-1700-year-old-synagogue-identified-in-spain/,,1754269059.0,0.91,213,0,Article,triyouhee,5,False,0,False,text
history,1mfot6l,Weekly History Questions Thread.,32,https://reddit.com/r/history/comments/1mfot6l/weekly_history_questions_thread/,https://www.reddit.com/r/history/comments/1mfot6l/weekly_history_questions_thread/,"Welcome to our History Questions Thread!

This thread is for all those history related questions that are too simple, short or a bit too silly to warrant their own post.

So, do you have a question about history and have always been afraid to ask? Well, today is your lucky day. Ask away!

Of course all our regular rules and guidelines still apply and to be just that bit extra clear:

Questions need to be historical in nature. Silly does not mean that your question should be a joke. [r/history](https://www.reddit.com/r/history/) also has an active [discord server](https://discord.com/invite/r-history-284001693044310016) where you can discuss history with other enthusiasts and experts.",1754136033.0,0.75,32,0,Discussion/Question,AutoModerator,75,False,0,False,text
history,1mez36o,Defeat at the Gates: How Inexperience Crushed Byzantium’s Army in 986 - Medievalists.net,97,https://reddit.com/r/history/comments/1mez36o/defeat_at_the_gates_how_inexperience_crushed/,https://www.medievalists.net/2024/09/defeat-byzantium-986/,,1754061128.0,0.9,97,0,Article,WanderingHero8,5,False,0,False,text
history,1megwxy,"Archaeologists think they've found the remains of a centuries-old Maya rebel stronghold in Mexico, Sak-Bahlán, where Indigenous people resisting the Spanish lived for over a century, during the 16th - 17th c. CE",648,https://reddit.com/r/history/comments/1megwxy/archaeologists_think_theyve_found_the_remains_of/,https://www.livescience.com/archaeology/archaeologists-discover-land-of-the-white-jaguar-centuries-old-stronghold-of-rebel-maya-in-mexico,,1754004505.0,0.97,648,0,Science site article,-introuble2,10,False,0,False,text
history,1meeetn,How serfdom hardwired extractive institutions into the Russian economy,103,https://reddit.com/r/history/comments/1meeetn/how_serfdom_hardwired_extractive_institutions/,https://voxdev.org/topic/institutions-political-economy/how-serfdom-hardwired-extractive-institutions-russian-economy,"Unlike Western Europe, Russia entrenched serfdom as an extractive institution rooted in frontier defence. To secure its southern border, the state granted land to servicemen who leveraged their strategic role to restrict peasant mobility—hardwiring coercion into law and shaping Russia’s long-term institutional landscape.",1753998152.0,0.83,103,0,Article,econlmics,14,False,0,False,text
history,1md3jwl,Bookclub and Sources Wednesday!,48,https://reddit.com/r/history/comments/1md3jwl/bookclub_and_sources_wednesday/,https://www.reddit.com/r/history/comments/1md3jwl/bookclub_and_sources_wednesday/,"Hi everybody,

Welcome to our weekly book recommendation thread!

We have found that a lot of people come to this sub to ask for books about history or sources on certain topics. Others make posts about a book they themselves have read and want to share their thoughts about it with the rest of the sub.

We thought it would be a good idea to try and bundle these posts together a bit. One big weekly post where everybody can ask for books or (re)sources on any historic subject or time period, or to share books they recently discovered or read. Giving opinions or asking about their factuality is encouraged!

Of course it’s not limited to \*just\* books; podcasts, videos, etc. are also welcome. As a reminder, [r/history](https://www.reddit.com/r/history/) also has a recommended list of things to read, listen to or watch [here.](https://www.reddit.com/r/history/wiki/recommendedlist/)",1753873275.0,0.81,48,0,Discussion/Question,AutoModerator,19,False,0,False,text
history,1mce8co,"A burial at a Gallo-Roman cremation cemetery at Pommerœul, Belgium, seems that contained one 'skeleton' consisted by more than one individuals, whose death ranged from the late Neolithic period to the Roman one",83,https://reddit.com/r/history/comments/1mce8co/a_burial_at_a_galloroman_cremation_cemetery_at/,https://www.reddit.com/r/history/comments/1mce8co/a_burial_at_a_galloroman_cremation_cemetery_at/,"It's an older paper & relevant news, i.e. of Oct 2024, but I just read it & it seemed quite strange.

* Veselka et al., Assembling ancestors: the manipulation of Neolithic and Gallo-Roman skeletal remains at Pommerœul, Belgium, 2024, in Antiquity, vol 98 / 402 , Dec 2024, p. 1576 - 1591; in [https://www.cambridge.org/core/journals/antiquity/article/assembling-ancestors-the-manipulation-of-neolithic-and-galloroman-skeletal-remains-at-pommeroeul-belgium/A25B2FBB53A9DE7665F30AD14F06A22A](https://www.cambridge.org/core/journals/antiquity/article/assembling-ancestors-the-manipulation-of-neolithic-and-galloroman-skeletal-remains-at-pommeroeul-belgium/A25B2FBB53A9DE7665F30AD14F06A22A)
* a relevant news-article of Nov 5, 2024 in [https://www.labrujulaverde.com/en/2024/11/archaeologists-thought-they-found-a-roman-tomb-in-belgium-but-only-the-skull-actually-was-the-bones-were-neolithic/](https://www.labrujulaverde.com/en/2024/11/archaeologists-thought-they-found-a-roman-tomb-in-belgium-but-only-the-skull-actually-was-the-bones-were-neolithic/)



According to these, in the 1970s excavations were carried out near the town of Pommerœul, Belgium, which revealed a cemetery, associated with a nearby Gallo-Roman settlement of about 2nd - 3rd c. CE. At the site, there were 76 cremation graves & 1 inhumation \[grave 26\]. The latter contained seemingly just one skeleton. But after recent DNA and radio-carbon analysis of the skeletal parts, no less than five different individuals were identified, with a dating range of at least 2500 years, from the late Neolithic period to the Gallo-Roman one.



from Veselka et al., 2024

>p. 1576

>Post-mortem manipulation of human bodies, including the commingling of multiple individuals, is attested throughout the past. More rarely, the bones of different individuals are assembled to create a single ‘individual’ for burial. Rarer still are composite individuals with skeletal elements separated by hundreds or even thousands of years. Here, the authors report an isolated inhumation within a Gallo-Roman-period cremation cemetery at Pommerœul, Belgium. Assumed to be Roman, radiocarbon determinations show the burial is Late Neolithic—with a Roman-period cranium.

>...

>p. 1577

>A recent radiocarbon dating programme confirms that the cremation deposits are of Roman date; unexpectedly, the inhumation yielded dates consistent with the Late Neolithic.

>...

>p. 1584

>Grave 26 was the only inhumation excavated at Pommerœul and no other unburnt skeletal remains were retrieved from the site. The storage boxes are all clearly marked, and the cranium sampled (depicted in Figure 8 without the left os temporalis, which was removed for DNA and radiocarbon analyses) is markedly similar to the cranium observable in original excavation photographs.

>...

>p. 1588

>Grave 26 at Pommerœul adds to our growing understanding of the variability of human burial practices and provides a unique point of connection between the Late Neolithic and Roman worlds. Whether the Neolithic bones were obtained from burials at Pommerœul or from more distant mortuary contexts, and whether the assembly of the bones occurred in the Late Neolithic or in the Roman period, the presence of the ‘individual’ was clearly intentional. The bones were selected, a fitting location chosen and the elements arranged carefully to mimic the correct anatomical order. The resulting burial implies great care and planning, as well as a good knowledge of human anatomy. The Gallo-Roman contribution of a cranium to the composite individual is certain but the motivation remains obscure; perhaps this community was inspired by superstition or felt the need to connect with an individual who had occupied the area before themselves.

>",1753802334.0,0.79,83,0,Trivia,-introuble2,6,False,0,False,text
history,1mb1wwl,"""The Canadian Army in Action and the Advance of the Tank: Revitalizing the Canadian War Spirit Through Film",64,https://reddit.com/r/history/comments/1mb1wwl/the_canadian_army_in_action_and_the_advance_of/,https://jmss.org/article/view/79260,,1753661920.0,0.78,64,0,Article,BurstYourBubbles,4,False,0,False,text
history,1m9rklk,Weekly History Questions Thread.,42,https://reddit.com/r/history/comments/1m9rklk/weekly_history_questions_thread/,https://www.reddit.com/r/history/comments/1m9rklk/weekly_history_questions_thread/,"Welcome to our History Questions Thread!

This thread is for all those history related questions that are too simple, short or a bit too silly to warrant their own post.

So, do you have a question about history and have always been afraid to ask? Well, today is your lucky day. Ask away!

Of course all our regular rules and guidelines still apply and to be just that bit extra clear:

Questions need to be historical in nature. Silly does not mean that your question should be a joke. [r/history](https://www.reddit.com/r/history/) also has an active [discord server](https://discord.com/invite/r-history-284001693044310016) where you can discuss history with other enthusiasts and experts.",1753531232.0,0.8,42,0,Discussion/Question,AutoModerator,78,False,0,False,text
history,1m89yw1,Ringfort Belonging to Powerful Irish Early Medieval Rulers Unearthed in Galway,317,https://reddit.com/r/history/comments/1m89yw1/ringfort_belonging_to_powerful_irish_early/,https://archaeology.org/news/2025/07/23/ringfort-belonging-to-powerful-irish-early-medieval-rulers-unearthed-in-galway/,,1753376561.0,0.95,317,0,Article,triyouhee,7,False,0,False,text
history,1m8i70x,The Animal Representations of  Eurasian Imperial titles,31,https://reddit.com/r/history/comments/1m8i70x/the_animal_representations_of_eurasian_imperial/,https://www.reddit.com/r/history/comments/1m8i70x/the_animal_representations_of_eurasian_imperial/,"So I was thinking about the empires of Eurasia and was thinking about the animal motifs that could be associated with every imperial tradition and would have loved your input as well !

So for the Roman Emperor, I was thinking the eagle as it’s seen in the imperial standards, and can be seen transforming to the double headed eagle in the medieval period. 

For the Persian Shahanshah, the Solar Lion would be a good choice, even though the combination of both symbols was something that’s more recent, popularized formally in the Safavid dynasty. The Lion iconography rooted in the much older Mesopotamian imperial traditions and adopted within Achamenids traditions as well highlight its importance. In addition to the association of the Persian Shahanshah and the Sun as well, famously seen in the letter corresponded between Narseh and Diocletian where he refers to himself as the Sun. 

For the Indian Maharajadhiraja, I believe while there aren’t explicit references but peacocks would be quite appropriate. Since they are a common symbol of royalty, finding them in Gupta coins, as well as the throne of the Mughals themselves being named after them. In addition to that the Mauryas were send to derive their name from them (note they didn’t use the title Maharajadhiraja, that was a title that was popularized by the Gupta, to my knowledge). 

For the Chinese Huangde, it would be the easiest to note since they were quite consistent with the iconography and a staple in Chinese imperial tradition which is the Loong or the Chinese Dragon. Since it’s the only mythical creature in the list, I would like to also include the closest real life counterpart, which is theoretically most probably the Chinese Alligator. The only endemic alligator species to the old world and also the only crocodilian known to hibernate and known for their more passive behavior. As a result it has been theorized they inspired partly Chinese dragons, even traditionally to this day Chinese alligators are known as pig faced dragons. 

For the Turcomongolic Khagan, I think there is nothing more fitting the wolf, considering the prevalence of wolves in Turcomongolic mythology. 

The reason why I limited myself to these five because I feel they cover a significant part of Eurasia and most of the largest empires of Eurasia can trace their imperial traditions to these five in one way or another, either incorporating multiple elements or one of them. Also note I didn’t include Caliph because I thought it didn’t fit the categories, having no roots in the classical period (antiquity), and also no specific animal that I thought was a fitting symbol (Perhaps the Hawk of Quraish?).

Anyways many thanks for reading ! 


References 
Farrokh, K. (2019). The lion and sun motif of Iran: A brief analysis. Iranian Studies Journal.

Ghassemi, P. (2021). Two Sasanian rock reliefs of the king combatting a lion.  https://www.researchgate.net/publication/362948892_Two_Sasanian_rock_reliefs_of_the_king_combatting_a_lion

Greet, B. J. R. (2015). The Roman Eagle: A Symbol and its Evolution (Doctoral dissertation, University of Leeds).

Golden, P. B. (2018). The ethnogonic tales of the Türks. The Medieval History Journal, 21(2), 291–327. https://doi.org/10.1177/0971945818775373

Lall, I. (1974). The Peacock Cult in Asia. Journal of the Bombay Branch of the Asiatic Society.

Metropolitan Museum of Art. (n.d.). Dragons as political symbols [Exhibition pamphlet]. Retrieved from https://sc6354.github.io/hoca_final_project_exhibition_pamphlet/ming.html

Smagulov, Z., & Kalybekova, K. (2021). Representations of totems and the image of the Blue Wolf in folklore. Bulletin of Karaganda University, Philology Series, 101(1), 16–23. https://doi.org/10.31489/2021ph1/16-23

Strechie, M. (2024). The Eagle—A military brand of antiquity. Asian Journal of Social Science Studies, 9(1), 1–10. https://doi.org/10.20849/ajsss.v9i1.1427

Vasilkov, Y. (2023). The peacock as the bird of paradise: A comparative study. Peter the Great Museum of Anthropology and Ethnography, Russian Academy of Sciences.

Chinese Mythology Worldwide. (n.d.). The role of the dragon in Chinese imperial symbolism. Retrieved from https://chinese.mythologyworldwide.com/the-role-of-the-dragon-in-chinese-imperial-symbolism/
",1753395803.0,0.82,31,0,Trivia,Extension-Beat7276,11,False,0,False,text
history,1m783wi,Italy’s Garden of Monsters - Why did a Renaissance duke fill his park with gargantuan stone sculptures?,171,https://reddit.com/r/history/comments/1m783wi/italys_garden_of_monsters_why_did_a_renaissance/,https://archaeology.org/issues/july-august-2025/features/italys-garden-of-monsters/,,1753274243.0,0.91,171,0,Article,KewpieCutie97,8,False,0,False,text
history,1m767jz,Bookclub and Sources Wednesday!,41,https://reddit.com/r/history/comments/1m767jz/bookclub_and_sources_wednesday/,https://www.reddit.com/r/history/comments/1m767jz/bookclub_and_sources_wednesday/,"Hi everybody,

Welcome to our weekly book recommendation thread!

We have found that a lot of people come to this sub to ask for books about history or sources on certain topics. Others make posts about a book they themselves have read and want to share their thoughts about it with the rest of the sub.

We thought it would be a good idea to try and bundle these posts together a bit. One big weekly post where everybody can ask for books or (re)sources on any historic subject or time period, or to share books they recently discovered or read. Giving opinions or asking about their factuality is encouraged!

Of course it’s not limited to \*just\* books; podcasts, videos, etc. are also welcome. As a reminder, [r/history](https://www.reddit.com/r/history/) also has a recommended list of things to read, listen to or watch [here.](https://www.reddit.com/r/history/wiki/recommendedlist/)",1753268501.0,0.84,41,0,Discussion/Question,AutoModerator,20,False,0,False,text
history,1m7e4h7,Gaps in what we know about ancient Romans could be filled by AI,0,https://reddit.com/r/history/comments/1m7e4h7/gaps_in_what_we_know_about_ancient_romans_could/,https://www.bbc.co.uk/news/articles/c04dwqr5lkvo,,1753288613.0,0.38,0,0,Article,KewpieCutie97,22,False,0,False,text
history,1m6jhx6,The Evolution of Mechanical Keyboards: From 1970s Typewriters to Early Computing (1970-2000),1,https://reddit.com/r/history/comments/1m6jhx6/the_evolution_of_mechanical_keyboards_from_1970s/,https://www.reddit.com/r/history/comments/1m6jhx6/the_evolution_of_mechanical_keyboards_from_1970s/,"The history of mechanical keyboards represents a fascinating chapter in computing evolution. In the 1970s, the IBM Model F (1981) introduced buckling spring switches that provided tactile feedback and audible ""clicks"" valued by typists transitioning from traditional typewriters. Earlier, companies like Cherry developed the first mechanical key switches in the mid-1970s.

a crucial role in the development of computing interfaces before membrane keyboards Additional historical context: The mechanical keyboard's evolution has deep roots in technological history. The Sholes and Glidden typewriter (1874) established the QWERTY layout that influenced later keyboard designs. According to computer historian Dag Spicer, the standardization of this layout directly influenced early computer keyboard development.



Notable early developments include:

\- 1961: The development of the IBM Selectric with its ""golf ball"" element, which influenced computer keyboard mechanisms

\- 1976: Key tronic's capacitive switch technology offered an alternative to mechanical switches

\- 1984: The Apple Extended Keyboard, which used Alps switches and became a collector's item

\- 1994: Cherry's patent for their MX switch design (Patent US5382762A), which remains influential today



Sources:

\- Computer History Museum, ""Keyboard Evolution"" exhibition (1998)

\- IBM Archives: ""The IBM Model M Keyboard Development"" technical report (1987)

\- Cherry Corporation Technical Documentation (1994)began dominating the market for cost reasons in the late 1990s.



What historical aspects of mechanical keyboard development interest you most?

The 1980s saw IBM's iconic Model M keyboard (1985), which became legendary for its durability and typing feel. Meanwhile, companies like Apple introduced their own mechanical keyboards for early personal computers.



By the 1990s, as computers became household items, keyboard technology evolved with various switch types from manufacturers like Cherry MX (developing their color-coded switch system) and Alps. These early mechanical keyboards played a crucial role in the development of computing interfaces before membrane keyboards began dominating the market for cost reasons in the late 1990s.



What historical aspects of mechanical keyboard development interest you most?",1753203421.0,1.0,1,0,Discussion/Question,uzi-2800,0,False,0,False,text
history,1m4ktjo,"Ancient DNA solves mystery of Hungarian, Finnish language origins — Harvard Gazette",855,https://reddit.com/r/history/comments/1m4ktjo/ancient_dna_solves_mystery_of_hungarian_finnish/,https://news.harvard.edu/gazette/story/2025/07/ancient-dna-solves-mystery-of-hungarian-finnish-language-familys-origins/,,1753004093.0,0.96,855,0,Article,kka2005,90,False,0,False,text
history,1m40ydp,The Fleet That Died at Foochow,64,https://reddit.com/r/history/comments/1m40ydp/the_fleet_that_died_at_foochow/,https://www.usni.org/magazines/naval-history/2025/august/fleet-died-foochow,,1752943797.0,0.88,64,0,Article,ArchivalResearch,2,False,0,False,text
history,1m3ui7b,Weekly History Questions Thread.,31,https://reddit.com/r/history/comments/1m3ui7b/weekly_history_questions_thread/,https://www.reddit.com/r/history/comments/1m3ui7b/weekly_history_questions_thread/,"Welcome to our History Questions Thread!

This thread is for all those history related questions that are too simple, short or a bit too silly to warrant their own post.

So, do you have a question about history and have always been afraid to ask? Well, today is your lucky day. Ask away!

Of course all our regular rules and guidelines still apply and to be just that bit extra clear:

Questions need to be historical in nature. Silly does not mean that your question should be a joke. [r/history](https://www.reddit.com/r/history/) also has an active [discord server](https://discord.com/invite/r-history-284001693044310016) where you can discuss history with other enthusiasts and experts.",1752926434.0,0.79,31,0,Discussion/Question,AutoModerator,39,False,0,False,text
history,1m2w2ww,How Old Dubai's historic streets beat extreme heat,434,https://reddit.com/r/history/comments/1m2w2ww/how_old_dubais_historic_streets_beat_extreme_heat/,https://www.bbc.co.uk/future/article/20250715-how-old-dubais-historic-streets-beat-extreme-heat,,1752824297.0,0.9,434,0,Article,KewpieCutie97,26,False,0,False,text
history,1m2i862,"A 256 year old anchor from the French ""Saint Jean Baptiste"" ship has been rediscovered. This is one of the oldest relics of early European contact with New Zealand.",605,https://reddit.com/r/history/comments/1m2i862/a_256_year_old_anchor_from_the_french_saint_jean/,https://www.rnz.co.nz/news/national/567258/256-year-old-relic-of-european-contact-with-nz-rediscovered-in-rnz-podcast,,1752783696.0,0.97,605,0,,MeatballDom,10,False,0,False,text
history,1m2e1r3,Europe's oldest lake settlement uncovered in Albania,186,https://reddit.com/r/history/comments/1m2e1r3/europes_oldest_lake_settlement_uncovered_in/,https://www.reuters.com/sustainability/land-use-biodiversity/europes-oldest-lake-settlement-uncovered-albania-2025-07-17/,,1752774069.0,0.97,186,0,Article,heloumadafaka,2,False,0,False,text
history,1m26vcn,A lecture on an ancient peoples called Scythians,91,https://reddit.com/r/history/comments/1m26vcn/a_lecture_on_an_ancient_peoples_called_scythians/,https://www.youtube.com/watch?v=rQ7Ia_L6bgk&t=1030s,,1752757116.0,0.92,91,0,Video,ByzantineBasileus,6,False,0,False,text
history,1m1te9o,"In 1975, a meet-up between American and Soviet spacefarers in orbit showed that the superpowers could work together. Its positive effects eventually led to the International Space Station (ISS).",524,https://reddit.com/r/history/comments/1m1te9o/in_1975_a_meetup_between_american_and_soviet/,https://www.bbc.com/future/article/20250715-the-handshake-in-orbit-that-made-the-international-space-station-possible,,1752712290.0,0.96,524,0,,MeatballDom,13,False,0,False,text
history,1m1q6wn,Bookclub and Sources Wednesday!,20,https://reddit.com/r/history/comments/1m1q6wn/bookclub_and_sources_wednesday/,https://www.reddit.com/r/history/comments/1m1q6wn/bookclub_and_sources_wednesday/,"Hi everybody,

Welcome to our weekly book recommendation thread!

We have found that a lot of people come to this sub to ask for books about history or sources on certain topics. Others make posts about a book they themselves have read and want to share their thoughts about it with the rest of the sub.

We thought it would be a good idea to try and bundle these posts together a bit. One big weekly post where everybody can ask for books or (re)sources on any historic subject or time period, or to share books they recently discovered or read. Giving opinions or asking about their factuality is encouraged!

Of course it’s not limited to \*just\* books; podcasts, videos, etc. are also welcome. As a reminder, [r/history](https://www.reddit.com/r/history/) also has a recommended list of things to read, listen to or watch [here.](https://www.reddit.com/r/history/wiki/recommendedlist/)

  
\* Delayed due to AMA related reasons, normal scheduling will commence next week.",1752703878.0,0.78,20,0,,Welshhoppo,5,False,0,False,text
history,1m1h8ip,The Buyids of Medieval Iran,48,https://reddit.com/r/history/comments/1m1h8ip/the_buyids_of_medieval_iran/,https://www.iranicaonline.org/articles/buyids/,,1752683335.0,0.81,48,0,Article,ByzantineBasileus,1,False,0,False,text
history,1m1f69w,The origin of volley fire and how it effected battle,50,https://reddit.com/r/history/comments/1m1f69w/the_origin_of_volley_fire_and_how_it_effected/,https://www.youtube.com/watch?v=6DXTidAfwCc,,1752678721.0,0.8,50,0,Video,ByzantineBasileus,15,False,0,False,text
history,1m12xc3,Ancient Egyptian history may be rewritten by DNA bone test,243,https://reddit.com/r/history/comments/1m12xc3/ancient_egyptian_history_may_be_rewritten_by_dna/,https://www.bbc.com/news/articles/c1dnnyz0z6do,,1752638586.0,0.86,243,0,News article,Tsarovitch27,14,False,0,False,text
history,1m1waas,"1,000-year-old health hacks are trending—and backed by science",0,https://reddit.com/r/history/comments/1m1waas/1000yearold_health_hacks_are_trendingand_backed/,https://www.sciencedaily.com/releases/2025/07/250716000836.htm,,1752720562.0,0.38,0,0,Science site article,Tsarovitch27,7,False,0,False,text
history,1lz48yr,"Geologists discover that a famine related to climate change aided the fall of the Roman Empire 1,500 years ago",2419,https://reddit.com/r/history/comments/1lz48yr/geologists_discover_that_a_famine_related_to/,https://www.earth.com/news/rocks-explain-roman-empire-collapse-1500-years-ago-late-antique-little-ice-age/," Tree‑ring, ice‑core, and historical data point to eruptions in 536, 540, and 547 AD that injected so much sulfate into the stratosphere that summer temperatures dropped by up to 3 °F across the Northern Hemisphere, setting the stage for years of failed harvests. 

Climatologists later labeled this interval the Late Antique Little Ice Age, as mentioned above, noting that North Atlantic summers stayed cool from about 536 to 660 AD. 

Cooler summers curbed cereal yields, livestock weights, and tax revenue, weakening imperial logistics.",1752441662.0,0.93,2419,0,Article,Phineas-Bogg,90,False,0,False,text
history,1lzhhjs,Archaeologists uncover multistory buildings in once-thriving city lost to time,106,https://reddit.com/r/history/comments/1lzhhjs/archaeologists_uncover_multistory_buildings_in/,https://www.foxnews.com/travel/archaeologists-uncover-multistory-buildings-once-thriving-city-lost-time,,1752483674.0,0.87,106,0,News article,Tsarovitch27,6,False,0,False,text
history,1lyr5tr,The Smells of Ancient Rome: To the modern nose ancient Rome would have been an olfactory assault,5240,https://reddit.com/r/history/comments/1lyr5tr/the_smells_of_ancient_rome_to_the_modern_nose/,https://www.rnz.co.nz/life/culture/how-smelly-was-ancient-rome,,1752408289.0,0.97,5240,0,,MeatballDom,350,False,0,False,text
history,1lxyqqv,Weekly History Questions Thread.,46,https://reddit.com/r/history/comments/1lxyqqv/weekly_history_questions_thread/,https://www.reddit.com/r/history/comments/1lxyqqv/weekly_history_questions_thread/,"Welcome to our History Questions Thread!

This thread is for all those history related questions that are too simple, short or a bit too silly to warrant their own post.

So, do you have a question about history and have always been afraid to ask? Well, today is your lucky day. Ask away!

Of course all our regular rules and guidelines still apply and to be just that bit extra clear:

Questions need to be historical in nature. Silly does not mean that your question should be a joke. [r/history](https://www.reddit.com/r/history/) also has an active [discord server](https://discord.com/invite/r-history-284001693044310016) where you can discuss history with other enthusiasts and experts.",1752321642.0,0.8,46,0,Discussion/Question,AutoModerator,70,False,0,False,text
history,1lx4i1t,Stone weapons from around the world,109,https://reddit.com/r/history/comments/1lx4i1t/stone_weapons_from_around_the_world/,https://www.youtube.com/watch?v=_bQ2Q_OLTVI,,1752233548.0,0.82,109,0,Video,ByzantineBasileus,7,False,0,False,text
history,1lwafq2,Jedwabne pogrom of Jews remembered 84 years on [VIDEO REPORT],150,https://reddit.com/r/history/comments/1lwafq2/jedwabne_pogrom_of_jews_remembered_84_years_on/,https://tvpworld.com/87765987/jedwabne-pogrom-of-jews-remembered-84-years-on-video-report,,1752147326.0,0.7,150,0,Article,TVP_World,18,False,0,False,text
history,1lvfk3h,"Dating Suggests World's Oldest Boomerang Was Made 40,000 Years Ago",428,https://reddit.com/r/history/comments/1lvfk3h/dating_suggests_worlds_oldest_boomerang_was_made/,https://archaeology.org/news/2025/06/30/new-dating-suggests-worlds-oldest-boomerang-was-made-40000-years-ago/,,1752057774.0,0.96,428,0,,MeatballDom,32,False,0,False,text
history,1lvjemt,AMA: All Things Medieval Rus' with Dr Olenka Pevny,55,https://reddit.com/r/history/comments/1lvjemt/ama_all_things_medieval_rus_with_dr_olenka_pevny/,https://www.reddit.com/r/history/comments/1lvjemt/ama_all_things_medieval_rus_with_dr_olenka_pevny/,"AMA: All Things Medieval Rus' with Dr Olenka Pevny

9 July 4pm-8pm BST

r/History

**I'm an Associate Professor of Slavonic Studies at the University of Cambridge, here to talk about all things Medieval Rus’.**

I've spent years researching the history and culture of the medieval Rus’ lands in Eastern Europe, with a special focus on Ukraine and Russia. My work has taken me to many archaeological and historical sites across the region—especially the stunningly beautiful city of Kyiv, which has been central to my research.

Ask me anything about medieval Rus’: from everyday life, religion, princely battles and succession, the life of women, to the role of the Varangians in early Rus’ history and political and cultural ties between the Rus’ and Byzantium.

Learn more about the fascinating world of early Eastern Europe!

Olenka Z. Pevny, Associate Professor of Medieval and Early Modern Slavic Culture, University of Cambridge; Fellow, Fitzwilliam College; Chair, Cambridge Committee for Central and East European and Eurasian Studies; author of chapters and editor of books on Byzantine and Rus′ culture, including most recently ‘Art and Transcultural Discourse in Ukrainian lands of the Polish-Lithuanian Commonwealth’, in *Diversity and Difference in Poland-Lithuania and Its Successor States*, ed. Stanley Bill and Simon Lewis (2023).

She is the convenor of the University of Cambridge SL2: Early Rus' and SL3: The Making of Ukraine. History and Culture of Early Modernity courses offered through the Slavonic Section of the Faculty of Modern and Medieval Languages.

[https://www.mmll.cam.ac.uk/ozp20](https://www.mmll.cam.ac.uk/ozp20)",1752069292.0,0.81,55,0,AMA,Olenka_Pevny_116,48,False,0,False,text
history,1lvdze8,I am historian of Crimea and Crimean Tatars in 20th century. Ask me anything!,91,https://reddit.com/r/history/comments/1lvdze8/i_am_historian_of_crimea_and_crimean_tatars_in/,https://www.reddit.com/r/history/comments/1lvdze8/i_am_historian_of_crimea_and_crimean_tatars_in/,"Hi Reddit!  


I’m a historian born and raised in Crimea, but now based in Kyiv working on the history of the Crimean Tatars. My research explores topics such as the 1944 deportation of Crimean Tatars, their long struggle to return to Crimea, and the broader legacy of imperial and Soviet violence in the region.

More broadly, I’m interested in how histories of empire, forced migration, and decolonization are remembered, taught, and contested today – especially in Ukraine after 2014.  
  
Due to the lack of official documents and archival sources, my main materials are memoirs and oral histories. These were the core sources for my dissertation, which focused on the return of the Crimean Tatars to their homeland – Crimea – despite the Soviet ban on repatriation. These stories are a unique testimony to how a small people resisted Soviet power while preserving the memory of their homeland in exile.

More broadly, I’m interested in how Russian colonization of Crimea unfolded, starting in 1783 – a process that ultimately culminated in the 1944 deportation. Throughout the 19th century, Crimea was gradually turned into a settler colony, where the proportion of the indigenous population, the Crimean Tatars, steadily declined.

You can ask me anything about Crimea and the Crimean Tatars, and I’ll do my best to answer based on my knowledge and expertise.

[PROOF](https://drive.google.com/file/d/15OtZajSjYu3Wd9KQmItQp0VrPKTzVqOF/view?usp=share_link)",1752051742.0,0.89,91,0,,Martin_Kisly,61,False,0,False,text
history,1luq7vd,Roman army camp found beyond Roman Empire’s northern frontier,355,https://reddit.com/r/history/comments/1luq7vd/roman_army_camp_found_beyond_roman_empires/,https://www.uu.nl/en/news/roman-army-camp-found-beyond-roman-empires-northern-frontier,,1751985411.0,0.96,355,0,Article,ArchivalResearch,13,False,0,False,text
history,1lu58y3,"I’m a historian of Cossack Ukraine (Hetmanate) in the 17th–18th centuries. I study everyday life, conflicts, family, gender, belief systems, childhood, and worldviews. Ask me anything!",258,https://reddit.com/r/history/comments/1lu58y3/im_a_historian_of_cossack_ukraine_hetmanate_in/,https://www.reddit.com/r/history/comments/1lu58y3/im_a_historian_of_cossack_ukraine_hetmanate_in/,"Hi Reddit!

I’m Igor Serdiuk - a historian from Ukraine (professor at the Kyiv School of Economics) specializing in early modern Cossack Ukraine – the Hetmanate – in the 17th and 18th centuries. I focus on topics that reveal what life was really like back then: everyday practices, social conflicts, family structures, gender roles, childhood, belief systems, worldviews, and emotions.

I don’t just study generals or rulers – I explore how ordinary people lived: what they hoped for, what scared them, how they quarreled or made peace, how they raised their children, how they imagined their place in the world, and what they wrote in complaints to local courts.

I work with sources like parish registers, Cossack letters, military reports, church documents, and court testimonies – and I try to reconstruct what people believed about the body, violence, death, sin, magic, and justice. I’ve written several books and many articles on these topics. I enjoy working in dusty archives, decoding centuries-old handwriting, and bringing forgotten lives back into the conversation.

I’m also interested in how historians work – how we select sources, read them critically, and build narratives that help people today understand the complexity of the past.

Ask me anything about Cossack Ukraine, everyday life in the Hetmanate, family, conflict, gender, belief, childhood, or historical research more broadly. AMA!

[Here is a proof photo with my Reddit username and AMA date:](https://drive.google.com/file/d/112gxHSLz0H8FrdfzCZGmqQ0UmjOdHDH7/view?usp=sharing)

>Dear friends! Thank you all for the wonderful questions. Thanks to you, I now better understand what people expect from a historian of the Hetmanate — and I’ve also gathered ideas for several new books. I look forward to more discussions and conversations. Igor Serdiuk",1751920525.0,0.85,258,0,Discussion/Question,No-Package3354,149,False,0,False,text
history,1ltz8i5,Human Interaction with Megafauna in S. America much earlier than widely accepted theory,275,https://reddit.com/r/history/comments/1ltz8i5/human_interaction_with_megafauna_in_s_america/,https://archaeologymag.com/2025/07/sloth-bone-shows-possible-human-inflicted-trauma/,,1751906864.0,0.96,275,0,Article,gametorch,10,False,0,False,text
history,1ltizw9,"Archaeologists discover 3,500-year-old city in Peru",1266,https://reddit.com/r/history/comments/1ltizw9/archaeologists_discover_3500yearold_city_in_peru/,https://www.bbc.com/news/articles/c07dmx38kyeo,,1751855870.0,0.98,1266,0,,MeatballDom,72,False,0,False,text
history,1lt16ne,‘Elegant’ face of Egyptian priestess revealed for first time,403,https://reddit.com/r/history/comments/1lt16ne/elegant_face_of_egyptian_priestess_revealed_for/,https://www.telegraph.co.uk/news/2025/07/06/elegant-face-of-egyptian-priestess-revealed-first-time/,,1751808303.0,0.87,403,0,Article,TheTelegraph,42,False,0,False,text
history,1ls89ir,Weekly History Questions Thread.,46,https://reddit.com/r/history/comments/1ls89ir/weekly_history_questions_thread/,https://www.reddit.com/r/history/comments/1ls89ir/weekly_history_questions_thread/,"Welcome to our History Questions Thread!

This thread is for all those history related questions that are too simple, short or a bit too silly to warrant their own post.

So, do you have a question about history and have always been afraid to ask? Well, today is your lucky day. Ask away!

Of course all our regular rules and guidelines still apply and to be just that bit extra clear:

Questions need to be historical in nature. Silly does not mean that your question should be a joke. [r/history](https://www.reddit.com/r/history/) also has an active [discord server](https://discord.com/invite/r-history-284001693044310016) where you can discuss history with other enthusiasts and experts.",1751716848.0,0.79,46,0,Discussion/Question,AutoModerator,77,False,0,False,text
history,1lqmsif,Mystery over 'unusually large' Roman shoes,829,https://reddit.com/r/history/comments/1lqmsif/mystery_over_unusually_large_roman_shoes/,https://www.bbc.co.uk/news/articles/cwyk3kjp4w3o,,1751540778.0,0.93,829,0,Article,KewpieCutie97,151,False,0,False,text
history,1lprudv,Evidence of Second Punic War Roman Battle Identified in Southern Italian Town of Uxentum (Ugento) - Archaeology Magazine,232,https://reddit.com/r/history/comments/1lprudv/evidence_of_second_punic_war_roman_battle/,https://archaeology.org/news/2025/06/24/evidence-of-roman-attack-identified-in-southern-italian-town/,,1751450326.0,0.95,232,0,,MeatballDom,10,False,0,False,text
history,1lml4t0,Weekly History Questions Thread.,40,https://reddit.com/r/history/comments/1lml4t0/weekly_history_questions_thread/,https://www.reddit.com/r/history/comments/1lml4t0/weekly_history_questions_thread/,"Welcome to our History Questions Thread!

This thread is for all those history related questions that are too simple, short or a bit too silly to warrant their own post.

So, do you have a question about history and have always been afraid to ask? Well, today is your lucky day. Ask away!

Of course all our regular rules and guidelines still apply and to be just that bit extra clear:

Questions need to be historical in nature. Silly does not mean that your question should be a joke. [r/history](https://www.reddit.com/r/history/) also has an active [discord server](https://discord.com/invite/r-history-284001693044310016) where you can discuss history with other enthusiasts and experts.",1751112035.0,0.76,40,0,Discussion/Question,AutoModerator,52,False,0,False,text
history,1ljrmos,Viking Age burial of chieftain with 'enormous power' found in Denmark — and he may have served Harald Bluetooth,1067,https://reddit.com/r/history/comments/1ljrmos/viking_age_burial_of_chieftain_with_enormous/,https://www.livescience.com/archaeology/vikings/viking-age-burial-of-chieftain-with-enormous-power-found-in-denmark-and-he-may-have-served-harald-bluetooth,,1750811060.0,0.99,1067,0,Science site article,triyouhee,26,False,0,False,text
history,1li2d5c,"In old Europe, women used white lead makeup for a pale look. It caused skin damage, hair loss, and even death—but beauty often outweighed the danger.",2001,https://reddit.com/r/history/comments/1li2d5c/in_old_europe_women_used_white_lead_makeup_for_a/,https://theconversation.com/dying-for-makeup-lead-cosmetics-poisoned-18th-century-european-socialites-in-search-of-whiter-skin-176237,,1750636527.0,0.93,2001,0,Article,peachyystar,114,False,0,False,text
history,1li5dbf,3 ancient Egyptian tombs dating to the New Kingdom discovered near Luxor,212,https://reddit.com/r/history/comments/1li5dbf/3_ancient_egyptian_tombs_dating_to_the_new/,https://www.livescience.com/archaeology/ancient-egyptians/3-ancient-egyptian-tombs-dating-to-the-new-kingdom-discovered-near-luxor,,1750645803.0,0.97,212,0,Article,TriHeyYou,1,False,0,False,text
history,1lguwf6,Weekly History Questions Thread.,41,https://reddit.com/r/history/comments/1lguwf6/weekly_history_questions_thread/,https://www.reddit.com/r/history/comments/1lguwf6/weekly_history_questions_thread/,"Welcome to our History Questions Thread!

This thread is for all those history related questions that are too simple, short or a bit too silly to warrant their own post.

So, do you have a question about history and have always been afraid to ask? Well, today is your lucky day. Ask away!

Of course all our regular rules and guidelines still apply and to be just that bit extra clear:

Questions need to be historical in nature. Silly does not mean that your question should be a joke. [r/history](https://www.reddit.com/r/history/) also has an active [discord server](https://discord.com/invite/r-history-284001693044310016) where you can discuss history with other enthusiasts and experts.",1750507234.0,0.78,41,0,Discussion/Question,AutoModerator,76,False,0,False,text
history,1lfxu1b,Jallianwala Bagh: The Indian who called out a massacre - and shamed the British Empire,894,https://reddit.com/r/history/comments/1lfxu1b/jallianwala_bagh_the_indian_who_called_out_a/,https://www.bbc.co.uk/news/articles/c24ql23qm73o,,1750404240.0,0.85,894,0,Article,Surprise_Institoris,37,False,0,False,text
history,1lfdvsz,New dating for White Sands footprints confirms controversial theory,2272,https://reddit.com/r/history/comments/1lfdvsz/new_dating_for_white_sands_footprints_confirms/,https://arstechnica.com/science/2025/06/study-confirms-white-sands-footprints-are-23000-years-old/,,1750347417.0,0.97,2272,0,News article,gametorch,262,False,0,False,text
history,1lfeo5x,"A divinity student observed in New York harbor that the cross-rigging of ships appeared more clear than the vertical masts, and designed spectacles to correct his astigmatism, but his 1828 publication was ignored, & astigmatism was not corrected in America for another 30 years.",880,https://reddit.com/r/history/comments/1lfeo5x/a_divinity_student_observed_in_new_york_harbor/,https://www.theophthalmologist.com/issues/2025/articles/june/the-ophthalmologists-time-machine-chapter-27/,"Astigmatism was first described by Thomas Young (1773–1829), an English polymath and physician, in the 19th century (1), with correction of astigmatism using spectacles then being attempted several times in the 1820s (1,2,3).

In 1813, M. Chamblant, a Parisian engineer and optician, patented lenses with two planoconvex cylindrical lenses affixed with their axes at right angles. Chamblant noticed that his vision was improved with these lenses. Although he did not understand the reason for this improvement, today we might imagine that he had inadvertently corrected his astigmatism due to differences in vertex distance between the front and back lenses, or because of errors in lens rotation (2).

In November 1824, mathematician and astronomer George Biddell Airy designed cylindrical lenses to correct his astigmatism, and had them manufactured by Ipswich optician John Fuller (1792-1867) (1,2). Airy published his idea in 1827.

John Isaac Hawkins, who invented trifocals and coined the term bifocal, proposed using Chamblant’s lenses to correct his own astigmatism. Hawkins published his idea in December 1826, but it is not known if he followed through on the plan (2).

In March 1825, opticians John McAllister (Sr. and Jr.) of Philadelphia began advertising “Chamblant's Glasses, on the new construction of Cylindrical Surfaces…” (2).

In November 1825, while visiting New York harbor, Princeton Divinity student Chauncey Enoch Goodrich (1801–1864) noted that, when wearing concave spectacles, the horizontal cross-rigging of the ships appeared more clear than the vertical masts. Goodrich also observed the effects of tilting his head, coming up with the idea that cylindrical lenses might correct his own refractive error. In 1826, he requested cylindrical lenses from McAllister, who supplied him with planoconcave cylindrical spectacles imported from France in 1827 and 1828. In February 1828, Goodrich submitted his observations for publication (4).

Unfortunately, American ophthalmologists ignored the report about astigmatism correction from this inquisitive Divinity student with a scientific mind. It was not until Dutch ophthalmologist Franciscus Cornelius Donders (1818–1889) published his own 1864 treatise on refraction that American doctors finally began to take note (1).

Goodrich ultimately attracted “more interest for his agricultural successes than as respects his faithful exercise of the ministerial function” (5). Throughout his career, he wrote 130 scientific communications about the breeding of potatoes, some of which he obtained from Chile, and which are the ancestors of the potatoes sold in American supermarkets today.

# References

1. A Grzybowski, “Beginnings of astigmatism Understanding and Management in the 19th Century,” Eye Contact Lens, 44, Suppl 1:S22 (2018). PMID: 29140824.
2. CT Leffler et al., Reply, Eye Contact Lens, 44, Suppl 1:S375 (2018).
3. HD Noyes, Note respecting the first recorded case of astigmatism in this country for which cylindrical glasses were made, Am J Med Sci., 63: 355 (1872).
4. CE Goodrich, “Notice of a peculiarity in vision. Am J Sci Arts,” 16, 264 (1828).
5. MM Bagg, “Memorial history of Utica, NY: from its settlement to the present time,” 278, Mason: 1892.",1750349318.0,0.98,880,0,,goodoneforyou,8,False,0,False,text
history,1lehkko,Delving into what the Minoans were actually called,260,https://reddit.com/r/history/comments/1lehkko/delving_into_what_the_minoans_were_actually_called/,https://greekreporter.com/2025/06/17/ancient-name-minoans/,,1750254490.0,0.91,260,0,Article,samcobra,18,False,0,False,text
history,1lep9e6,The (almost) Russian-American Telegraph,41,https://reddit.com/r/history/comments/1lep9e6/the_almost_russianamerican_telegraph/,https://www.americanheritage.com/almost-russian-american-telegraph,,1750272722.0,0.77,41,0,Article,Hexagon36,5,False,0,False,text
history,1ldloq9,Captain Cook’s missing ship found after sinking 250 years ago,3557,https://reddit.com/r/history/comments/1ldloq9/captain_cooks_missing_ship_found_after_sinking/,https://www.independent.co.uk/news/science/captain-cook-missing-ship-found-hms-endeavour-b2771322.html,"This seems to be a season for amazing discoveries linked with our nautical history, and now the wreck of one of the most famous ships in the world has been found.",1750162888.0,0.98,3557,0,News article,Telecom_VoIP_Fan,80,False,0,False,text
history,1ldb6k4,This Exiled Romanov Princess Fled the Bloodshed of the Russian Revolution and Reinvented Herself as a Fashion Icon,80,https://reddit.com/r/history/comments/1ldb6k4/this_exiled_romanov_princess_fled_the_bloodshed/,https://www.smithsonianmag.com/history/this-exiled-romanov-princess-fled-the-bloodshed-of-the-russian-revolution-and-reinvented-herself-as-a-fashion-icon-180986776/,,1750125403.0,0.68,80,0,Article,IvyGold,2,False,0,False,text
history,1lct98e,"I'm Daniel Swift, author of The Dream Factory: London's First Playhouse and the Making of William Shakespeare. Ask me anything about young Shakespeare, the playhouses of Elizabethan London, or the development of the entertainment industry.",69,https://reddit.com/r/history/comments/1lct98e/im_daniel_swift_author_of_the_dream_factory/,https://www.reddit.com/r/history/comments/1lct98e/im_daniel_swift_author_of_the_dream_factory/,"My book tells the story of Shakespeare's apprenticeship at a playhouse called The Theatre in east London. It is about Shakespeare's apprenticeship, his teachers and rivals, the plague, the preachers who hated the playhouses, the rise of the entertainment industry, and how to make money from art. AMA!

[https://us.macmillan.com/books/9780374601270/thedreamfactory/](https://us.macmillan.com/books/9780374601270/thedreamfactory/)

[https://yalebooks.co.uk/book/9780300263541/the-dream-factory/](https://yalebooks.co.uk/book/9780300263541/the-dream-factory/)

In a time of crisis in funding for the arts, when authors and artists find it virtually impossible to make a living and the entertainment industry is dominated by a small number of huge corporations, I hope it might be worth exploring the history of how people made a living in the creative arts: and, specifically, one particular author, who as well as being an extraordinary poet and playwright was a very canny businessman. He is, of course, William Shakespeare, and we might see him as the patron saint of freelance writers, or a 16th century gig worker in the creative industries. I'm very happy to answer any questions, particularly about how Shakespeare learned to write plays and to make money, and why this might matter, both for his plays and for us now!

>Thank you!",1750081648.0,0.76,69,0,Discussion/Question,danieltswift,18,False,0,False,text
history,1lc0x4b,How Fake Artifacts Fooled the World’s Best Museums,100,https://reddit.com/r/history/comments/1lc0x4b/how_fake_artifacts_fooled_the_worlds_best_museums/,https://www.youtube.com/watch?v=wGE713pywk4,,1749995772.0,0.88,100,0,Video,Extra_Mechanic_2750,1,False,0,False,text
history,1lb7131,Weekly History Questions Thread.,38,https://reddit.com/r/history/comments/1lb7131/weekly_history_questions_thread/,https://www.reddit.com/r/history/comments/1lb7131/weekly_history_questions_thread/,"Welcome to our History Questions Thread!

This thread is for all those history related questions that are too simple, short or a bit too silly to warrant their own post.

So, do you have a question about history and have always been afraid to ask? Well, today is your lucky day. Ask away!

Of course all our regular rules and guidelines still apply and to be just that bit extra clear:

Questions need to be historical in nature. Silly does not mean that your question should be a joke. [r/history](https://www.reddit.com/r/history/) also has an active [discord server](https://discord.com/invite/r-history-284001693044310016) where you can discuss history with other enthusiasts and experts.",1749902438.0,0.75,38,0,Discussion/Question,AutoModerator,53,False,0,False,text
history,1l9w898,"For more than 900 years, between the fifth century and the Renaissance, Romans didn’t cap their buildings with domes. Why?",1434,https://reddit.com/r/history/comments/1l9w898/for_more_than_900_years_between_the_fifth_century/,https://daily.jstor.org/one-thousand-years-of-domelessness/,,1749758236.0,0.95,1434,0,Article,porkchop_d_clown,96,False,0,False,text
history,1l9m98e,"""Who Goes Nazi?"" by Dorothy Thompson (from August 1941)",491,https://reddit.com/r/history/comments/1l9m98e/who_goes_nazi_by_dorothy_thompson_from_august_1941/,https://harpers.org/archive/1941/08/who-goes-nazi/,,1749734296.0,0.88,491,0,Article,blonderengel,33,False,0,False,text
history,1l8o8oz,Why a Dollar is Called a “Buck”,605,https://reddit.com/r/history/comments/1l8o8oz/why_a_dollar_is_called_a_buck/,https://ecency.com/hive-133974/@dbooster/why-a-dollar-is-called-a-buck,,1749634085.0,0.87,605,0,Trivia,UweLang,117,False,0,False,text
history,1l8jk2w,"Archaeology breakthrough as metal detectorist 'couldn't believe it' when he found a Viking gold arm ring dating to around 1,000-year-old",219,https://reddit.com/r/history/comments/1l8jk2w/archaeology_breakthrough_as_metal_detectorist/,https://www.gbnews.com/science/archaeology-breakthrough-viking-gold-treasure-metal-detectorist,,1749615750.0,0.93,219,0,Article,Famiple,15,False,0,False,text
history,1l86471,Archeologists Have Uncovered A Massive Roman Villa Complete With Thermal Baths And Heated Floors In Central France,718,https://reddit.com/r/history/comments/1l86471/archeologists_have_uncovered_a_massive_roman/,https://allthatsinteresting.com/auxerre-france-ancient-roman-villa,,1749579548.0,0.99,718,0,Article,kooneecheewah,1,False,0,False,text
history,1l8ppca,Bookclub and Sources Wednesday!,27,https://reddit.com/r/history/comments/1l8ppca/bookclub_and_sources_wednesday/,https://www.reddit.com/r/history/comments/1l8ppca/bookclub_and_sources_wednesday/,"Hi everybody,

Welcome to our weekly book recommendation thread!

We have found that a lot of people come to this sub to ask for books about history or sources on certain topics. Others make posts about a book they themselves have read and want to share their thoughts about it with the rest of the sub.

We thought it would be a good idea to try and bundle these posts together a bit. One big weekly post where everybody can ask for books or (re)sources on any historic subject or timeperiod, or to share books they recently discovered or read. Giving opinions or asking about their factuality is encouraged!

Of course it’s not limited to \*just\* books; podcasts, videos, etc. are also welcome. As a reminder, r/history  also has a recommended list of things to read, listen to or watch [here.](https://www.reddit.com/r/history/wiki/recommendedlist/)",1749639651.0,0.77,27,0,Discussion/Question,AutoModerator,25,False,0,False,text
history,1l7jwoa,Marie Curie worked with radioactive material with her bare hands. More than 100 years after her groundbreaking work we can still trace the lingering radioactive fingerprints she left behind.,5745,https://reddit.com/r/history/comments/1l7jwoa/marie_curie_worked_with_radioactive_material_with/,https://www.bbc.com/future/article/20250605-the-hunt-for-marie-curies-radioactive-fingerprints-in-paris,,1749511790.0,0.98,5745,0,,MeatballDom,109,False,0,False,text
history,1l87rsr,The Russian vs. Native American War (1802-1804),106,https://reddit.com/r/history/comments/1l87rsr/the_russian_vs_native_american_war_18021804/,https://www.youtube.com/watch?v=RDR3pJ9IBEQ,,1749583385.0,0.85,106,0,Video,Dragonsandman,4,False,0,False,text
history,1l7xw60,"Kutch Pre-Harappan Discovery: Human Habitation Dates Back 5,000 Years",54,https://reddit.com/r/history/comments/1l7xw60/kutch_preharappan_discovery_human_habitation/,https://www.deccanherald.com/india/gujarat/archaeological-evidence-reveals-human-habitation-in-kutch-predated-harappans-by-5000-years-study-3572252,,1749559785.0,0.91,54,0,Article,SarcasticSamurai619,1,False,0,False,text
history,1l5snzd,Ken Burns on new documentary: ‘We hope to put the ‘us’ back into the United States’,3112,https://reddit.com/r/history/comments/1l5snzd/ken_burns_on_new_documentary_we_hope_to_put_the/,https://www.star-telegram.com/news/local/article307957270.html,I am so excited for this series.  Haven't looked forward to anything this much in a while.  ,1749323487.0,0.95,3112,0,Article,pleasecatchit,175,False,0,False,text
history,1l5j6nh,Weekly History Questions Thread.,23,https://reddit.com/r/history/comments/1l5j6nh/weekly_history_questions_thread/,https://www.reddit.com/r/history/comments/1l5j6nh/weekly_history_questions_thread/,"Welcome to our History Questions Thread!

This thread is for all those history related questions that are too simple, short or a bit too silly to warrant their own post.

So, do you have a question about history and have always been afraid to ask? Well, today is your lucky day. Ask away!

Of course all our regular rules and guidelines still apply and to be just that bit extra clear:

Questions need to be historical in nature. Silly does not mean that your question should be a joke. [r/history](https://www.reddit.com/r/history/) also has an active [discord server](https://discord.com/invite/r-history-284001693044310016) where you can discuss history with other enthusiasts and experts.",1749297697.0,0.74,23,0,Discussion/Question,AutoModerator,41,False,0,False,text
history,1l56yuo,"Biographies of Ophthalmologists from Around the World: Ancient, Medieval, and Early Modern.",74,https://reddit.com/r/history/comments/1l56yuo/biographies_of_ophthalmologists_from_around_the/,https://www.researchgate.net/publication/392094663_Biographies_of_Ophthalmologists_from_Around_the_World_Ancient_Medieval_and_Early_Modern,"This is the full text of a 384-page book which took 12 co-authors over a decade to write. The purpose of this book is to serve as a resource for those studying the history of ophthalmology, or the history of medicine more broadly. It is simply a brief biography of all the ophthalmic healers in the world that we could identify in the ancient, medieval, and early modern periods. For all countries, we sought to identify ophthalmic healers at least through 1700. For some regions, such as the British Isles, and the Americas, we covered at least through 1800. If you are interested in studying all women ophthalmologists, all ophthalmologists of particular religions, or ophthalmologists from particular countries, you can find useful information here. We have included some family trees from families with numerous ophthalmologists. We have included some images of archival documents, as well. The editor would like to thank all of the other contributors to this book. If you find additional ophthalmologists who should be included, please email the editor.",1749253326.0,0.87,74,0,Article,goodoneforyou,0,False,0,False,text
history,1l4wqtp,Alexander Goes West (A Silly Counterfactual),104,https://reddit.com/r/history/comments/1l4wqtp/alexander_goes_west_a_silly_counterfactual/,https://acoup.blog/2025/05/16/collections-alexander-goes-west-a-silly-counterfactual/,,1749227243.0,0.84,104,0,Article,Magister_Xehanort,17,False,0,False,text
history,1l4j0qv,"A new study of the Dead Sea Scrolls combines A.I. radiocarbon dating and handwriting analysis to estimate new dates for some of the ancient scrolls, thought to be some of the earliest surviving fragments of the Old Testament.",182,https://reddit.com/r/history/comments/1l4j0qv/a_new_study_of_the_dead_sea_scrolls_combines_ai/,https://www.smithsonianmag.com/smart-news/the-dead-sea-scrolls-changed-our-understanding-of-the-bible-could-some-of-them-be-even-older-than-we-thought-180986746/,,1749182101.0,0.84,182,0,Article,pipilupe,11,False,0,False,text
history,1l3kza3,A Virginia museum found 4 Confederate soldiers' remains. It's trying to identify them,692,https://reddit.com/r/history/comments/1l3kza3/a_virginia_museum_found_4_confederate_soldiers/,https://apnews.com/article/confederate-soldiers-remains-virginia-284601048187486a6adf826960c50b82?utm_source=copy&utm_medium=share,,1749081303.0,0.91,692,0,Article,aranchiniantonio,128,False,0,False,text
history,1l36d45,Skull found on New Jersey beach linked to 1844 century shipwreck,279,https://reddit.com/r/history/comments/1l36d45/skull_found_on_new_jersey_beach_linked_to_1844/,https://www.popsci.com/science/new-jersey-shipwreck-skull/,It is hard to understand why the remains of this long-lost sea captain suddenly wasted up on a New Jersey Beach. It would be nice to think that after all these years the remains will get a dignified burial and not be transformed into a museum exhibit.,1749045737.0,0.98,279,0,Science site article,Telecom_VoIP_Fan,7,False,0,False,text
history,1l2wpdp,200-year-old condom decorated with erotic art goes on display in Amsterdam's Rijksmuseum,666,https://reddit.com/r/history/comments/1l2wpdp/200yearold_condom_decorated_with_erotic_art_goes/,https://phys.org/news/2025-06-year-condom-erotic-art-display.html,,1749011698.0,0.92,666,0,,MeatballDom,36,False,0,False,text
history,1l49kmw,Meet the Defiant Loyalists Who Paid Dearly for Choosing the Wrong Side in the American Revolutionoment...,0,https://reddit.com/r/history/comments/1l49kmw/meet_the_defiant_loyalists_who_paid_dearly_for/,https://www.smithsonianmag.com/history/meet-the-defiant-loyalists-who-paid-dearly-for-choosing-the-wrong-side-in-the-american-revolution-180986716,">The popular image of the American Revolution may be of fired-up colonists united in the fight to overthrow their British rulers. But the reality was far more complicated. Many historians estimate that at least 15 to 20 percent of the population remained loyal to the crown, some even taking up arms against their rebellious neighbors and fighting alongside the British.",1749154985.0,0.49,0,0,Science site article,Fritja,5,False,0,False,text
history,1l32mu9,Bookclub and Sources Wednesday!,14,https://reddit.com/r/history/comments/1l32mu9/bookclub_and_sources_wednesday/,https://www.reddit.com/r/history/comments/1l32mu9/bookclub_and_sources_wednesday/,"Hi everybody,

Welcome to our weekly book recommendation thread!

We have found that a lot of people come to this sub to ask for books about history or sources on certain topics. Others make posts about a book they themselves have read and want to share their thoughts about it with the rest of the sub.

We thought it would be a good idea to try and bundle these posts together a bit. One big weekly post where everybody can ask for books or (re)sources on any historic subject or timeperiod, or to share books they recently discovered or read. Giving opinions or asking about their factuality is encouraged!

Of course it’s not limited to \*just\* books; podcasts, videos, etc. are also welcome. As a reminder, r/history  also has a recommended list of things to read, listen to or watch [here.](https://www.reddit.com/r/history/wiki/recommendedlist/)",1749034846.0,0.68,14,0,Discussion/Question,AutoModerator,7,False,0,False,text
history,1l0opqb,How the Stonewall uprising ignited the pride movement,352,https://reddit.com/r/history/comments/1l0opqb/how_the_stonewall_uprising_ignited_the_pride/,https://www.nationalgeographic.com/history/article/stonewall-uprising-ignited-modern-lgbtq-rights-movement,,1748783748.0,0.74,352,0,,Welshhoppo,19,False,0,False,text
history,1l0cly0,"It's been 40 years since the controversial activist group Guerrilla Girls formed. Their most powerful campaign, the ""naked poster"", broke new ground – and has had a lasting influence in the art world and beyond",581,https://reddit.com/r/history/comments/1l0cly0/its_been_40_years_since_the_controversial/,https://www.bbc.com/culture/article/20250530-how-controversial-activist-group-guerrilla-girls-blazed-a-trail-in-the-art-world,,1748739994.0,0.86,581,0,,MeatballDom,13,False,0,False,text
history,1kzvfzs,A Brief History of the Persecution of Jews in the Islamic World,682,https://reddit.com/r/history/comments/1kzvfzs/a_brief_history_of_the_persecution_of_jews_in_the/,https://www.reddit.com/r/history/comments/1kzvfzs/a_brief_history_of_the_persecution_of_jews_in_the/,"After the Muslim conquest of the Levant in the 630s— under the Rashidun, Umayyad, and early Abbasid caliphates, Jews experienced persecution— at times, it was harsh and legally institutionalized. Jews had to pay the jizya tax and accept a second-class legal and social status under Islamic rule.

The Pact of Umar under the Rashidun—outlined restrictions including:
- Prohibition on building new synagogues or repairing old ones
- Bans on public displays of religious symbols
- Requirement to wear distinctive clothing
- Bans on riding horses

Under the Ummayads:
- Jews could not testify in court against Muslims
- Jews were restricted in dress, housing rights, and public behavior
- Further taxes (jizya, kharaj) were levied on Jews

Under Caliph Umar II (r. 717–720): more zealous attempt to enforce Islamic orthodoxy, and many restrictions on Jews and Christians were tightened. Forced conversions or pressure to convert during his reign.

Scholar Mark R. Cohen notes that the often-cited golden age of Jews under Islam was punctuated by outbursts of intolerance and persecution.

Under the Abbasids, persecution of Jews increased in the 9th century. Jews were forced to live in separate quarters. Many synagogues were confiscated and turned into mosques. Jews were forced to wear yellow badges, a precursor to later Christian and Nazi practices. Al-Mutawakkil’s reign is often cited as a key example of institutional persecution of Jews under Islamic rule with confinement of some communities to separate quarters. The position of the Jews under Abbasid rule declined significantly in the ninth century, with legal discrimination increasingly reinforced by social hostility.

Later Abbasid Era saw some rulers engage in violence and suppression. Mob violence and pogroms occurred, particularly when political or economic conditions deteriorated.

The Fatimid Caliph al-Hakim bi-Amr Allah (r. 996–1021) is known for harsh anti-Jewish and anti-Christian measures. He ordered the destruction of synagogues and churches, and banned Jewish religious observance. Jewish religious leaders were executed, and Jews were banned from Jerusalem. Jews were forced to wear discriminatory clothing and were barred from public office.

During Mamluk rule (mid-13th to early 16th centuries), Jews faced mob violence and local persecution, especially in periods of political instability.

- Outbreaks of anti-Jewish violence occurred wherein local mobs plundered Jewish homes. Jewish communities in Damascus, Jerusalem, and Cairo were attacked by Muslim mobs, often incited by religious leaders or economic envy.
- Blood Libel Accusations: rumors about Jewish rituals circulated under the Mamluks that fuelled hostility.

The 14th and 15th centuries saw a rise in Islamic orthodoxy and popular religious revivalism. These currents increased intolerance towards non-Muslims, pressure on Jews to convert, and suspicion of Jewish religious practices.

Jews paying the jizya were sometimes paraded publicly in humiliating dress. In Cairo, Jews were struck on the neck as a symbolic gesture of submission. Jews were not allowed to ride horses (an elite privilege) and could only use donkeys, sometimes with one stirrup removed to increase discomfort and humiliation.

Obadiah of Bertinoro, a 15th-century Italian rabbi who settled in Jerusalem, wrote of heavy taxes, corrupt officials, and widespread fear among Jews: “The Jewish community here is poor and broken, living in fear of the Muslims, who treat us with contempt and extort us constantly.”

Chroniclers in Egypt and Palestine lamented the intermittent destruction or confiscation of synagogues, the inability to defend themselves legally, and the degrading treatment during tax collection.

Under the Ottoman empire, the oft-cited ""tolerance"" was conditional and hierarchical— it existed within a deeply discriminatory legal framework that sometimes turned to open persecution and violence. Oppressive Dhimmi policies remained and were intensified in times of crisis.

Sultan Mehmed II forcibly relocated Jews (and others) from across the empire— a practice called sürgün.

The most positive era for Jews under the Ottomans came after 1492, when Spain expelled the Sephardic Jews, and Sultans Bayezid II and Suleiman the Magnificent welcomed them. However, this positivity coexisted with— systematic legal inferiority, outbursts of violence, mob attacks against Jewish neighborhoods, especially during famines, plagues, or economic crises.

Between the 17th-19th centuries, Ottoman Empire saw several incidents of persecution rooted in blood libel accusations, fueled by popular superstition and religious hostility. Jews faced heavy taxation and corruption by local officials, harrasment by Bedouin raiders and local warlords, and riot and mosque-based incitement which resulted in attacks on Jewish quarters.

From the 17th to 19th centuries the empire saw several blood-libel persecutions, notably— Damascus (1840) and Rhodes (1840), where Jews were arrested, tortured, and communal property plundered.

The relentless cycles of persecution, punitive taxes, legal disabilities, public humiliations, and violence made daily life both precarious and economically untenable, compelling successive waves of Jews to abandon once-thriving communities in the Levant and Egypt in search of safety and opportunity elsewhere— ultimately eroding the region’s Jewish presence.




Quotable Quotes:

“Many died of this suffering; others were struck without pity. Some hid in pits because of the strength of the blows … and we were left with no choice but to redeem ourselves and flee the city.” —Moshe Gil, A History of Palestine 634-1099, Jerusalem letter c. 1055

“New restrictions in 717 CE and higher land taxes forced many non-Muslims to abandon the villages.” —Moshe Gil, cited in A. Cohen, “Islamic Palestine”​

“The destruction of houses of worship and forced conversions ordered by the ‘mad’ Caliph al-Hakim in Egypt and Palestine at the beginning of the 11th century produced one of the rare full-scale persecutions of dhimmīs.” —Mark R. Cohen, “Myth & Reality of the Golden Age,” in A History of Jewish–Muslim Relations

Mamluk jurists “cranked up the dhimmī laws … Jewish and Christian communities declined precipitously.” —Gudrun Krämer summarised in Cambridge “Religion & Realities in Islamic Taxation”

The well-known persecutions of the Middle Ages, such as the destructive assault on dhimmīs … by the so-called mad Fatimid caliph al-Ḥakim (ruled 996–1021), forced thousands of Jews and Christians to accept Islam, or flee.” —Mark R. Cohen, “Islamic Policy toward Jews…,” in A History of Jewish-Muslim Relations, Princeton UP 

“The Turks’ conquest of the city in 1517 was marked by a violent pogrom of murder, rape and plunder of Jewish homes. The surviving Jews fled to Beirut, not to return until 1533.” —The Solomon Goldman Lectures, vol. 7, p. 56 (Spertus College of Judaica, 1999)

“The destruction of Tiberias resulted in abandonment of the city by its Jewish community.” —summary citing Jacob Barnai, The Jews in Palestine in the Eighteenth Century (U. Alabama Press, 1992) and Joel Rappel, History of Eretz Israel up to 1882 (1980)

“Letters from the Geniza testify to the desertion of the hunger-stricken Jewish community of Ramla, driven out by incessant attacks.” —Ronnie Ellenblum, Cities and Minorities in “The Collapse of the Eastern Mediterranean”

",1748692932.0,0.93,682,0,Discussion/Question,electroctopus,68,False,0,False,text
history,1kziey6,"Mysterious 3,000-year-old Mayan city unearthed in Guatemala: This ancient metropolis has been named “Los Abuelos” – Spanish for “The Grandparents.”",1443,https://reddit.com/r/history/comments/1kziey6/mysterious_3000yearold_mayan_city_unearthed_in/,https://interestingengineering.com/culture/guatemala-unearth-3000-year-old-mayan-city?utm_campaign=&utm_medium=article_post&utm_source=Facebook&fbclid=IwY2xjawKnGnFleHRuA2FlbQIxMABicmlkETFnTXM2bTdackxheFl5TWxFAR6BP2xVWNHO5oCZO-DHvXkrchh_awmT9poyYOYXt-HTtPuqHWKB6Pt8BYB5_w_aem_krR6W0NRsAcr7_ktiV9V4w,,1748646776.0,0.98,1443,0,Article,pipilupe,27,False,0,False,text
history,1kzver6,Weekly History Questions Thread.,14,https://reddit.com/r/history/comments/1kzver6/weekly_history_questions_thread/,https://www.reddit.com/r/history/comments/1kzver6/weekly_history_questions_thread/,"Welcome to our History Questions Thread!

This thread is for all those history related questions that are too simple, short or a bit too silly to warrant their own post.

So, do you have a question about history and have always been afraid to ask? Well, today is your lucky day. Ask away!

Of course all our regular rules and guidelines still apply and to be just that bit extra clear:

Questions need to be historical in nature. Silly does not mean that your question should be a joke. [r/history](https://www.reddit.com/r/history/) also has an active [discord server](https://discord.com/invite/r-history-284001693044310016) where you can discuss history with other enthusiasts and experts.",1748692837.0,0.71,14,0,Discussion/Question,AutoModerator,38,False,0,False,text
history,1kyvgjp,President John Tyler's Last Living Grandson Has Passed Away,3221,https://reddit.com/r/history/comments/1kyvgjp/president_john_tylers_last_living_grandson_has/,https://www.mentalfloss.com/article/29842/president-john-tylers-grandsons-are-still-alive,"He was 96. His father Lyon was born in 1853. His grandfather was president in the days of Robert Peel, Felix Mendelssohn, Soren Kierkegaard, and Edgar Allan Poe, and was himself born in March 1790, when George Washington had only been president for eleven months.",1748579642.0,0.97,3221,0,Article,IAbsolutelyDare,129,False,0,False,text
history,1kz5dz9,"Ancient Mayan city unearthed in Guatemala, including pyramids and a ""unique canal system""",424,https://reddit.com/r/history/comments/1kz5dz9/ancient_mayan_city_unearthed_in_guatemala/,https://www.cbsnews.com/amp/news/ancient-maya-city-unearthed-guatemala-pyramids-canals/,,1748614690.0,0.98,424,0,News article,jakktrent,17,False,0,False,text
history,1kxs9yj,"A joint Egyptian-Canadian archaeological mission has successfully identified the owner of Kampp 23, an ancient tomb, located in the Asasif area on Luxor’s West Bank as Amun-Mes, the erstwhile mayor of Thebes during the Ramesside period (ca. 1295–1070 b.c.).",249,https://reddit.com/r/history/comments/1kxs9yj/a_joint_egyptiancanadian_archaeological_mission/,https://english.ahram.org.eg/NewsContentP/9/546735/Antiquities/Kampp--tomb-owner-in-Luxor-identified.aspx,,1748465673.0,0.97,249,0,Article,pipilupe,9,False,0,False,text
history,1kx870o,500-year-old ‘trash’ found in cave may be artifacts from fertility rituals: Archaeologists in Mexico discovered 14 stunning artifacts in a cave from an ancient under-recorded pre-Hispanic culture.,207,https://reddit.com/r/history/comments/1kx870o/500yearold_trash_found_in_cave_may_be_artifacts/,https://interestingengineering.com/culture/trash-turns-out-treasure-in-cave?utm_source=facebook&utm_medium=article_post&fbclid=IwY2xjawKjcLtleHRuA2FlbQIxMABicmlkETFxcU5Nc1R2QjZVNDBHaFpZAR5N6MJlfZCRLm337kox5EzFjCrNpNC2zKc2PcGUOwScxy3OZFQc78Zi_mzL1g_aem_VVZAiHBiOvwrTN2YQgJYww,,1748406688.0,0.95,207,0,Article,Famiple,7,False,0,False,text
history,1kxe68p,Bookclub and Sources Wednesday!,23,https://reddit.com/r/history/comments/1kxe68p/bookclub_and_sources_wednesday/,https://www.reddit.com/r/history/comments/1kxe68p/bookclub_and_sources_wednesday/,"Hi everybody,

Welcome to our weekly book recommendation thread!

We have found that a lot of people come to this sub to ask for books about history or sources on certain topics. Others make posts about a book they themselves have read and want to share their thoughts about it with the rest of the sub.

We thought it would be a good idea to try and bundle these posts together a bit. One big weekly post where everybody can ask for books or (re)sources on any historic subject or timeperiod, or to share books they recently discovered or read. Giving opinions or asking about their factuality is encouraged!

Of course it’s not limited to \*just\* books; podcasts, videos, etc. are also welcome. As a reminder, r/history  also has a recommended list of things to read, listen to or watch [here.](https://www.reddit.com/r/history/wiki/recommendedlist/)",1748430059.0,0.8,23,0,Discussion/Question,AutoModerator,22,False,0,False,text
history,1kwo7pc,Three New Kingdom Tombs Unearthed in Luxor’s Dra Abu el-Naga,206,https://reddit.com/r/history/comments/1kwo7pc/three_new_kingdom_tombs_unearthed_in_luxors_dra/,https://cairoscene.com/Buzz/Three-New-Kingdom-Tombs-Unearthed-in-Luxor-s-Dra-Abu-el-Naga,I wonder how many more fascinating archaeological sites remain to be discovered in Egypt?,1748354935.0,0.98,206,0,Article,Telecom_VoIP_Fan,14,False,0,False,text
history,1kwl9p4,"How Revolutionary was the 1688 ""Glorious Revolution""?",36,https://reddit.com/r/history/comments/1kwl9p4/how_revolutionary_was_the_1688_glorious_revolution/,https://oldechronicles.org.uk/how-revolutionary-was-the-glorious-revolution/,,1748346687.0,0.83,36,0,Article,ilovecaugettes,12,False,0,False,text
history,1kvu697,The Rise and Enduring Impact of Apartheid Legislation,103,https://reddit.com/r/history/comments/1kvu697/the_rise_and_enduring_impact_of_apartheid/,https://www.reddit.com/r/history/comments/1kvu697/the_rise_and_enduring_impact_of_apartheid/,"“In 1947, the Native Representative Council (NRC) demanded the removal of all discriminatory laws.” South African History: The Herenigde Nationale Party (HNP), led by D.F. Malan, opposed the removal of any discriminatory legislation and instead wanted to tighten existing laws and introduce additional ones. In 1947, they examined the issue and proposed that new laws be enacted. Discussions and meetings to address the HNP’s plans for segregation increased in the hope of securing the majority of votes in the 1948 general election. These talks with the HNP culminated on 26 May 1948 when they won the general election. This essay will critically discuss the drastic turn of events in 1948 and the impact of the apartheid laws.

To understand 1948, the apartheid laws, and their impact, one must reflect on the decades leading up to apartheid. The history of South Africa and the escalation toward apartheid in 1948 were marked by colonialism, racism, classism, a superiority complex, and ethnic tension. Tension, hatred, and racism partly developed from the struggle among the English, Afrikaners, and Natives over land and resources—especially after the Great Trek and the discovery of gold in Gauteng. After the Second Anglo-Boer War (1899–1902), having lost to the British, many white Afrikaners harbored hatred and resentment toward the English. Much of this hatred stemmed from the fact that the families (mostly women and children) of white Afrikaner men who had fought were placed in concentration camps—many died there—farms were burned, livestock exterminated, land confiscated, they were disarmed after the war, sent to POW camps, and left destitute.

After the war, many could no longer afford to farm and had to sell their farms. Because families were large, children often had to leave farms to work in the cities. Promises made by the British government, which governed South Africa after the war, to attract white citizens to the cities turned out to be illusions. Most men went to work in mines where safety was poor and wages were low. Poverty soon began to take hold among white families living near these mines. The white working class was viewed as inferior by the elite who owned the mines. White workers demanded—and later protested for—better pay and working conditions. Mine owners, mostly British, began to see white workers as a problem. They realised that black natives were the solution, as they would work for even lower wages than whites and endure harsh working conditions. “Tension was high at the New Kleinfontein mine in June 1913” (SA History). Concern over the proposed replacement of white workers with black workers led to a strike, resulting in arrests.

This decision had a disastrous impact on white workers, who lost their livelihoods, and on black workers, who were exploited. Workers who lost their means of support voluntarily fought for the British in World War I in order to earn a wage.

Even though there were discussions by the ruling party and the Natives Law/Fagan Commission in the years before the 1948 election to end all discriminatory laws, the National Party took the exact opposite stance—believing that laws, such as the pass laws, should be added, and that existing laws should be made stricter. According to Hermann Giliomee (22 October 2022, Politics Web), the National Party’s narrow and surprising victory was not mainly due to apartheid, which had first been conceived in 1943 by the newspaper ‘Die Burger.’ What secured the National Party a majority of votes had already been set in motion in 1939, when the government decided to join Britain in World War II. Afrikaners hated being under British rule, viewing the British as their oppressors, and did not want to be drawn into what they saw as a British problem.

After winning the general elections, the first apartheid policies were implemented. The first laws introduced were the Prohibition of Mixed Marriages Act, No. 55 of 1949, and the Immorality Amendment Act, No. 21 of 1950. Both these laws prohibited marriages and acts deemed immoral (such as sexual intercourse) between white and black people. Laws such as the Population Registration Act, No. 30 of 1950, and the Group Areas Act of 1950 were also introduced. The Population Registration Act was enacted to categorize citizens based on race. The Group Areas Act, No. 41 of 1950, aimed to separate the population based on race. The impact of these two laws led to black and coloured citizens being uprooted from their homes and relocated to areas designated for their race and tribe. Families and communities were uprooted and moved to areas where poverty, hunger, disease, lack of community, crime, and unemployment were extremely high.

The impact of these four laws was that families were torn apart even more when they were not of the same race. This was especially evident when mixed-race families were separated based on race. Family members turned against each other, and those classified as white did not want to be identified as coming from a mixed background, seeking instead to be fully identified as white—and even adopting racist ideologies.

The relocation of black and coloured people to designated areas led to a lasting impact of poverty, lower wages, and crime. Economically, as mentioned, black and coloured people were systematically excluded from skilled employment, which led to extreme inequalities in wealth and living standards among racial groups. These wealth disparities worsened with the introduction of the Bantu Education Act, No. 47 of 1953, which only allowed black people to be taught skills that would benefit their own communities and prepare them for jobs assigned to them by white people, such as being a cleaner or gardener. Black students were also forced to be taught in Afrikaans, which severely hindered their learning. This caused communities to become increasingly uneducated over the decades, which in turn led to even more poverty, unemployment, gang violence, and abuse.

This impact is still felt and seen today, with high school dropout rates and children never receiving any education in areas located in rural communities and in formerly designated group areas. In these communities, there are high levels of unemployment, gang violence, gender-based violence, alcoholism, poverty, poor sanitation, and poor infrastructure. Many children are forced to join gangs, such as in the communities of Manenberg and Philippi. It is a vicious cycle that repeats with each generation and further widens the gap in terms of wealth, living standards, and inequality between races.

Sources:

1. SA History Online (2023) Apartheid legislation (1850s–1970s). Available at: https://www.sahistory.org.za/article/apartheid-legislation-1850s-1970s (Accessed: 20 September 2023).

2. African Union (2023) AUHRM Project Focus Area: Apartheid. Available at: https://au.int/en/auhrm-project-focus-area-apartheid (Accessed: 20 September 2023).

3. History.com Editors (2023) Apartheid Policies and the Photographs of Nelson Mandela. Available at: https://www.history.com/news/apartheid-policies-photos-nelson-mandela (Accessed: 20 September 2023).

4. TeachHumanRights.com (2023) Mandela: The Impact of Apartheid (Grades 9–12). Available at: https://www.teachhumanrights.com/uploads/5/1/4/4/51444250/mandela_the_impact_of_apartheid_grade_9-12.pdf (Accessed: 20 September 2023).

5. Candid (2023) Understanding the impact of apartheid. Available at: https://learningforfunders.candid.org/content/takeaways/understanding-the-impact-of-apartheid/ (Accessed: 20 September 2023).

6. United Nations (2023) Struggle Against Apartheid: Lessons for Today’s World. Available at: https://www.un.org/en/chronicle/article/struggle-against-apartheid-lessons-todays-world (Accessed: 20 September 2023).

7. PMC (2023) South Africa’s Long Walk to Freedom: The Anti-Apartheid Movement and the United Nations. Available at: https://www.ncbi.nlm.nih.gov/pmc/articles/PMC3867842/ (Accessed: 20 September 2023).

8. CJPM Foundation (2023) Blacks under Apartheid South Africa. Available at: https://www.cjpmefoundation.org/blacks_under_apartheid_south_africa (Accessed: 20 September 2023).

9. World Children’s Prize Foundation (2023) Apartheid, Legal Racism. Available at: https://worldschildrensprize.org/apartheidegalracism (Accessed: 20 September 2023).

10. SA History Online (2023) The Second World War and its impact (1939–1948). Available at: https://www.sahistory.org.za/article/second-world-war-and-its-impact-1939-1948 (Accessed: 20 September 2023).

11. Nelson Mandela Foundation (2023) Nelson Mandela Foundation: Nelson Mandela Centre for Memory. Available at: https://omalley.nelsonmandela.org/index.php/site/q/03lv02167/04lv02264/05lv02303/06lv02304/07lv02305/08lv02310.htm (Accessed: 20 September 2023).

12. SA History Online (2023) The 1913 Miners’ Strike. Available at: https://www.sahistory.org.za/article/1913-mineworkers-strike (Accessed: 20 September 2023).

13. SA History Online (2023) The Rand Rebellion (1922). Available at: https://www.sahistory.org.za/article/rand-rebellion-1922 (Accessed: 20 September 2023).


",1748265576.0,0.81,103,0,,Playful-Evening-1376,4,False,0,False,text
history,1kuzzgz,Hick’ revisits Eleanor Roosevelt’s close relationship with journalist Lorena Hickok — a lesser-known chapter of American history,141,https://reddit.com/r/history/comments/1kuzzgz/hick_revisits_eleanor_roosevelts_close/,https://www.nbcnews.com/nbc-out/out-news/eleanor-roosevelt-lorena-hickok-biography-hick-rcna208750,,1748171226.0,0.88,141,0,Article,Mrk2d,9,False,0,False,text
history,1kv12m5,Early Spread of Ophthalmic Ideas between Europe and China: a Reappraisal,49,https://reddit.com/r/history/comments/1kv12m5/early_spread_of_ophthalmic_ideas_between_europe/,https://www.researchgate.net/publication/392079287_Early_Spread_of_Ophthalmic_Ideas_between_Europe_and_China_a_Reappraisal,"Purpose. To determine if any ancient and medieval ideas related to cataract surgery found in Mediterranean and Far Eastern medical sources are not found in the ancient Ayurvedic literature of India. 

Methods. Review of ancient and medieval ophthalmic treatises. 

Results. In ancient and medieval ophthaalmic literature, both close to the Mediterranean and in the Far East, cataracts are due to a fluid or substance descending from the brain. Ocular opacities are treated with the gall of fish, often carp. Cataracts are compared to ice, snow, or silver. Cataracts were compared to liquid mercury when mobile due to dislocation. Cataract surgery should be performed on a warm summer day, and the surgical site should be first marked with an instrument. None of these ideas are found in surviving Ayurvedic treatises describing cataract surgery. A 13 th century hospital in Tabriz invited physicians from India, China, Egypt, and Syria. 

Conclusions. Multiple ophthlamic ideas are found in Mediterranean and Far Eastern sources without being present in surviving Ayurvedic treatises. This finding indicates that the surviving Ayurvedic treatises represent only a portion of all the ophthalmic ideas flowing along the Silk Road.",1748175129.0,0.85,49,0,Article,goodoneforyou,3,False,0,False,text
history,1ku33c3,"The story of Lucy Salani,one of the only transgender women to survive a Nazi concentration camp.",1800,https://reddit.com/r/history/comments/1ku33c3/the_story_of_lucy_salanione_of_the_only/,https://www.reddit.com/r/history/comments/1ku33c3/the_story_of_lucy_salanione_of_the_only/,"Lucy Salani was born August 12th 1924, in Fossano, Italy.

We don’t know too much about her early life other than the fact that she lived in Italy for all her childhood,specifically in Piedmont, Fossano, and Bologna.

Salani managed to hide out and evade arrest of persecution when Benito Mussolini came to power.

As she was still listed under her old name,she was called up for the then standard military term of 2 years,this happened in 1943.

When she failed to show up,she was arrested and forced into service,but she deserted.She subsequently reenlisted in the army out of fear for her family later that year,this time joining the Wehrmacht.However soon after arriving,she deserted again by escaping a hospital in Bologna where she was stationed,and for months she survived as a prostitute in the city,even having several German officers as clients,one of which eventually caught and arrested her.

She was sent to prison in Modena and Verona,where she managed to get her death sentences changed when she bribed German General Albert Kesselring.

She was then sent to the Bernau Labor Camp  in Germany,which she managed to escape with another prisoner.She managed to reach the Austrian-Italian Border before being caught,after which she was sent to the infamous Dachau concentration camp in 1944,where she was marked as a Red Star(Political Enemy/Deserter).

Dachau was liberated in April 1945,but Salani almost didn’t survive.

Earlier that same day it was liberated,a mass shooting had taken place of the camps prisoners,and Salani was one of the ones shot,however only in the knee,to which she played dead until being found and rescued by American Troops.

She is the only Trans women in all of Italy to survive the Holocaust.

References:
https://zagria.blogspot.com/2023/03/lucy-salani-1924-2023-upholsterer.html

https://makinggayhistory.org/podcast/lucy-salani/

https://www.nsdoku.de/en/program/archive/detailseite/a-breath-of-life-1142",1748060512.0,0.81,1800,0,Trivia,Slush____,102,False,0,False,text
history,1ktkgf8,"'It was probably some kind of an ambush': 17,000 years ago, a man died in a projectile weapon attack in what is now Italy. A new analysis of a skeleton uncovered 50 years ago provides some of the earliest evidence of intergroup conflict between humans to date.",540,https://reddit.com/r/history/comments/1ktkgf8/it_was_probably_some_kind_of_an_ambush_17000/,https://www.livescience.com/archaeology/it-was-probably-some-kind-of-an-ambush-17-000-years-ago-a-man-died-in-a-projectile-weapon-attack-in-what-is-now-italy,,1748009204.0,0.97,540,0,Science site article,-introuble2,11,False,0,False,text
history,1ku9ydk,Weekly History Questions Thread.,8,https://reddit.com/r/history/comments/1ku9ydk/weekly_history_questions_thread/,https://www.reddit.com/r/history/comments/1ku9ydk/weekly_history_questions_thread/,"Welcome to our History Questions Thread!

This thread is for all those history related questions that are too simple, short or a bit too silly to warrant their own post.

So, do you have a question about history and have always been afraid to ask? Well, today is your lucky day. Ask away!

Of course all our regular rules and guidelines still apply and to be just that bit extra clear:

Questions need to be historical in nature. Silly does not mean that your question should be a joke. [r/history](https://www.reddit.com/r/history/) also has an active [discord server](https://discord.com/invite/r-history-284001693044310016) where you can discuss history with other enthusiasts and experts.",1748088036.0,0.64,8,0,Discussion/Question,AutoModerator,71,False,0,False,text
history,1ku8trx,Formation of Ruthenian/Rusyn identity,11,https://reddit.com/r/history/comments/1ku8trx/formation_of_ruthenianrusyn_identity/,https://commons.nmu.edu/cgi/viewcontent.cgi?article=1078&context=upper_country,I came across an article written by Robert Goodrich about Rusyns pre-WW1 and thought it was so good that it would be a crime not to share it here. Please spread it far and wide.,1748083893.0,0.65,11,0,Article,vladimirskala,2,False,0,False,text
history,1ktmwjs,Rare 18th-century warship discovered at World Trade Center heads to museum,93,https://reddit.com/r/history/comments/1ktmwjs/rare_18thcentury_warship_discovered_at_world/,https://www.foxnews.com/travel/mysterious-18th-century-warship-unearthed-ground-zero-site-gets-home,,1748015274.0,0.9,93,0,News article,pipilupe,4,False,0,False,text
history,1ktmofc,X-Troop: The Anti-Nazi Austrian Commandos,50,https://reddit.com/r/history/comments/1ktmofc/xtroop_the_antinazi_austrian_commandos/,https://fm4.orf.at/stories/3047897/,,1748014732.0,0.86,50,0,Article,KFSattmann,1,False,0,False,text
history,1kskkht,The Victorian scam artist who tried to dupe the islanders of Skye,140,https://reddit.com/r/history/comments/1kskkht/the_victorian_scam_artist_who_tried_to_dupe_the/,https://www.bbc.com/news/articles/cjdznl0pppvo,,1747897952.0,0.91,140,0,Article,Mrk2d,3,False,0,False,text
history,1kry5wr,Amateur archaeologists unearth winged goddess at Hadrian’s Wall,458,https://reddit.com/r/history/comments/1kry5wr/amateur_archaeologists_unearth_winged_goddess_at/,https://www.theguardian.com/science/2025/may/21/amateur-archaeologists-unearth-winged-goddess-hadrians-wall-vindolanda-victory,,1747834987.0,0.97,458,0,Article,kdlangequalsgoddess,7,False,0,False,text
history,1kruz3i,Bookclub and Sources Wednesday!,32,https://reddit.com/r/history/comments/1kruz3i/bookclub_and_sources_wednesday/,https://www.reddit.com/r/history/comments/1kruz3i/bookclub_and_sources_wednesday/,"Hi everybody,

Welcome to our weekly book recommendation thread!

We have found that a lot of people come to this sub to ask for books about history or sources on certain topics. Others make posts about a book they themselves have read and want to share their thoughts about it with the rest of the sub.

We thought it would be a good idea to try and bundle these posts together a bit. One big weekly post where everybody can ask for books or (re)sources on any historic subject or timeperiod, or to share books they recently discovered or read. Giving opinions or asking about their factuality is encouraged!

Of course it’s not limited to \*just\* books; podcasts, videos, etc. are also welcome. As a reminder, r/history  also has a recommended list of things to read, listen to or watch [here.](https://www.reddit.com/r/history/wiki/recommendedlist/)",1747825245.0,0.8,32,0,Discussion/Question,AutoModerator,28,False,0,False,text
history,1kr5r39,Shipwreck Site of 19th Century Dutch Merchant Vessel Found,258,https://reddit.com/r/history/comments/1kr5r39/shipwreck_site_of_19th_century_dutch_merchant/,https://www.sea.museum/en/media/2025/5/shipwreck-site-of-19th-century-dutch-merchant-vessel-found,"The Dutch ship, Koning Willem de Tweede, went down in 1857 after transporting workers to Gold Rush Australia.",1747750041.0,0.96,258,0,Article,Telecom_VoIP_Fan,10,False,0,False,text
history,1kqvygr,The Chinese Revolutionaries Who Came to Study in Japan: Tan Romi on Her Book “Tracing the Chinese Revolution in Imperial Tokyo”,51,https://reddit.com/r/history/comments/1kqvygr/the_chinese_revolutionaries_who_came_to_study_in/,https://www.nippon.com/en/japan-topics/g02355/the-chinese-revolutionaries-who-came-to-study-in-japan-tan-romi-on-her-book-tracing-the-ch.html,,1747714239.0,0.87,51,0,Article,BurstYourBubbles,1,False,0,False,text
history,1ko9cf7,Why Archers Didn’t Volley Fire,5977,https://reddit.com/r/history/comments/1ko9cf7/why_archers_didnt_volley_fire/,https://acoup.blog/2025/05/02/collections-why-archers-didnt-volley-fire/,,1747423146.0,0.98,5977,0,Article,Magister_Xehanort,587,False,0,False,text
history,1koqk70,"Smuggling Under the Cover of Plague. For 18th-century smugglers in Guernsey and the Isle of Man, plague was a business opportunity.",88,https://reddit.com/r/history/comments/1koqk70/smuggling_under_the_cover_of_plague_for/,https://www.historytoday.com/archive/history-matters/smuggling-under-cover-plague,,1747480609.0,0.93,88,0,Article,-introuble2,8,False,0,False,text
history,1korafz,Weekly History Questions Thread.,22,https://reddit.com/r/history/comments/1korafz/weekly_history_questions_thread/,https://www.reddit.com/r/history/comments/1korafz/weekly_history_questions_thread/,"Welcome to our History Questions Thread!

This thread is for all those history related questions that are too simple, short or a bit too silly to warrant their own post.

So, do you have a question about history and have always been afraid to ask? Well, today is your lucky day. Ask away!

Of course all our regular rules and guidelines still apply and to be just that bit extra clear:

Questions need to be historical in nature. Silly does not mean that your question should be a joke. [r/history](https://www.reddit.com/r/history/) also has an active [discord server](https://discord.com/invite/r-history-284001693044310016) where you can discuss history with other enthusiasts and experts.",1747483235.0,0.77,22,0,Discussion/Question,AutoModerator,70,False,0,False,text
history,1kn83w5,"Harvard’s ‘stained copy’ of Magna Carta is the real deal, say experts",1483,https://reddit.com/r/history/comments/1kn83w5/harvards_stained_copy_of_magna_carta_is_the_real/,https://www.thetimes.com/article/9357ac24-fd07-4a26-a8f7-00e24ad85f4e,"Wow, just WOW!

Excerpt:

“This is a fantastic discovery,” Carpenter said this week. “Harvard’s Magna Carta deserves celebration, not as some mere copy, stained and faded, but as an original of one of the most significant documents in world constitutional history, a cornerstone of freedoms past, present and yet to be won.”

Amanda Watson, assistant dean for library and information services at Harvard Law School, paid tribute to the work of the two British professors: “This work exemplifies what happens when magnificent collections, like Harvard Law’s, are opened to brilliant scholars. Behind every scholarly revelation stands the essential work of librarians who not only collect and preserve materials but create pathways that otherwise would remain hidden.”",1747315409.0,0.98,1483,0,Article,D-R-AZ,25,False,0,False,text
history,1kmsk8n,Crates full of Nazi documents found in Argentine court's basement,4527,https://reddit.com/r/history/comments/1kmsk8n/crates_full_of_nazi_documents_found_in_argentine/,https://www.bbc.com/news/articles/c1w3jlqlp27o?at_ptr_name=facebook_page&at_link_id=0487E346-2F33-11F0-A3D2-91678AFE316E&at_format=image&at_link_type=web_link&at_campaign_type=owned&at_link_origin=BBC_News&at_medium=social&at_bbc_team=editorial&at_campaign=Social_Flow,,1747261942.0,0.99,4527,0,News article,Lebarican22,79,False,0,False,text
history,1knbb7v,"I’m Rick Atkinson, prize-winning historian and author of THE FATE OF THE DAY: The War for America, Fort Ticonderoga to Charleston, 1777 to 1780. AMA!",61,https://reddit.com/r/history/comments/1knbb7v/im_rick_atkinson_prizewinning_historian_and/,https://www.reddit.com/r/history/comments/1knbb7v/im_rick_atkinson_prizewinning_historian_and/,"\*\*Edit: Thank you so much for joining me! I have to run, but I had a great time answering your questions. Have a great weekend!\*\*



Hi, Reddit!

My new book is *The Fate of the Day: The War for America, Fort Ticonderoga to Charleston, 1777 to 1780*, which is the second volume in a projected trilogy about the American Revolution. This book is being published just as we begin commemorating our semiquincentennial, the 250th anniversary of the birth of our country. The story in this book picks up where volume 1, *The British Are Coming*, left off, in the spring of 1777, and we see an obscure brushfire conflict on the edge of the British empire become a global war, fought on four continents and the seven seas, as the French, the Spanish, and eventually the Dutch come into the war on the side of the American rebels. 

The battles are ferocious, at Brandywine, Germantown, Saratoga, Monmouth, Savannah, Charleston, and elsewhere, and the characters are spectacular in both their flaws and their accomplishments, including the likes of George Washington, King George III, Benjamin Franklin, the Marquis de Lafayette, King Louis XVI, Benedict Arnold, John Paul Jones, and many others who have been largely lost in public memory over the past two and a half centuries. The war also becomes our first civil war, with all the nastiness of *the* Civil War, and it draws in Indian tribes, half a million enslaved blacks, and many people just trying to stay out of the way. It's my belief that the Revolution is not just one of the greatest stories in our national history, but it tells us a lot about who we are, where we came from, what our forebearers believed, and what they were willing to die for, the most profound question any people can ask themselves. 

Thanks for joining me. I look forward to your questions and to having a lively conversation about the country's founding. Please AMA!

Proof: [https://imgur.com/a/UnuqSFR](https://imgur.com/a/UnuqSFR)

[https://rickatkinson.com/](https://rickatkinson.com/)

 ",1747323474.0,0.8,61,0,AMA,RickAtkinson,42,False,0,False,text
history,1kmca1l,Bookclub and Sources Wednesday!,45,https://reddit.com/r/history/comments/1kmca1l/bookclub_and_sources_wednesday/,https://www.reddit.com/r/history/comments/1kmca1l/bookclub_and_sources_wednesday/,"Hi everybody,

Welcome to our weekly book recommendation thread!

We have found that a lot of people come to this sub to ask for books about history or sources on certain topics. Others make posts about a book they themselves have read and want to share their thoughts about it with the rest of the sub.

We thought it would be a good idea to try and bundle these posts together a bit. One big weekly post where everybody can ask for books or (re)sources on any historic subject or timeperiod, or to share books they recently discovered or read. Giving opinions or asking about their factuality is encouraged!

Of course it’s not limited to \*just\* books; podcasts, videos, etc. are also welcome. As a reminder, r/history  also has a recommended list of things to read, listen to or watch [here.](https://www.reddit.com/r/history/wiki/recommendedlist/)",1747220459.0,0.8,45,0,Discussion/Question,AutoModerator,20,False,0,False,text
history,1kl4mvk,The ‘Cyber’ Strike Ship of the Spanish-American War,125,https://reddit.com/r/history/comments/1kl4mvk/the_cyber_strike_ship_of_the_spanishamerican_war/,https://www.usni.org/magazines/naval-history/2025/june/cyber-strike-ship-spanish-american-war,,1747085434.0,0.89,125,0,Article,jakktrent,7,False,0,False,text
history,1kkijzm,"When AI Made its First Major Public Breakthrough: The Deep Blue Victory of May 11, 1997",44,https://reddit.com/r/history/comments/1kkijzm/when_ai_made_its_first_major_public_breakthrough/,https://www.reddit.com/r/history/comments/1kkijzm/when_ai_made_its_first_major_public_breakthrough/,"# When AI Made its First Major Public Breakthrough: The Deep Blue Victory of 1997

On May 11th, 1997, something happened that many experts had predicted was still a decade away. The reigning world chess champion Garry Kasparov, widely considered the greatest chess player of all time, sat in a darkened room in Manhattan, visibly shaken after losing the final game in a six-game rematch against IBM's supercomputer Deep Blue.

> ""I could feel – I could smell – a new kind of intelligence across the table."" — Garry Kasparov

This wasn't just a loss for Kasparov. It was a symbolic milestone in human history - the first time a computer had defeated a reigning world champion in a classical chess match under tournament conditions. The New York Times called it ""a stunning triumph of computer science and a crushing blow to human vanity.""

## The Match That Changed Everything

The 1997 contest was actually a rematch. Kasparov had defeated an earlier version of Deep Blue in 1996 with a score of 4-2. IBM's engineers spent the intervening year significantly upgrading the machine, doubling its processing power and refining its evaluation functions.

The 1997 match started well for humanity, with Kasparov winning the first game with brilliant tactical play. But then something extraordinary happened in Game 2 - Deep Blue made a move that seemed almost... human. Instead of the cold calculation typical of chess computers at the time, Deep Blue sacrificed material for long-term positional advantage, a type of strategic thinking that was thought to be uniquely human.

Kasparov was so disturbed by this that he accused IBM of cheating, suggesting that human grandmasters must have been secretly controlling the machine. (They weren't - the move was genuinely Deep Blue's own calculation.) This psychological blow seemed to haunt Kasparov through the remaining games.

The final score: Deep Blue 3½, Kasparov 2½.

## The Technology Behind Deep Blue

What's fascinating in retrospect is just how primitive Deep Blue was compared to today's technology:

- Processing power: 11.38 GFLOPS (billion floating-point operations per second)
- Modern comparison: The iPhone 13 exceeds 15,800 GFLOPS
- Evaluation capacity: 200 million positions per second
- Programming approach: Primarily brute-force calculation rather than the neural networks of today's AI
- Weight: Nearly 1.4 tons of specialized hardware
- Cost: Estimated $10 million in 1997 dollars (about $18 million today)

Deep Blue wasn't ""intelligent"" in the way we think of AI today. It was essentially an incredibly fast calculator that could evaluate millions of chess positions per second, combined with a vast database of opening moves and endgame strategies. The system relied on what AI researchers call ""narrow intelligence"" - exceptional capability in one specific domain, with no ability to transfer that skill elsewhere.

But that's what made the victory so shocking. Even with such a limited approach, a machine had beaten the best human player in a game that had been considered the ultimate test of human intellectual capacity for centuries.

## The Aftermath and Cultural Impact

The cultural shockwaves were immediate and far-reaching:

- Deep Blue's victory made the front page of newspapers worldwide
- Time magazine featured the match as its cover story
- IBM's stock price rose 15% in the weeks following the match
- Chess engine development accelerated dramatically
- Public interest in AI surged, with research funding following

Perhaps most tellingly, the language around AI began to shift. Before the match, chess-playing computers were seen as tools - impressive calculators, but nothing more. After Deep Blue's victory, people began speaking of ""machine intelligence"" with a new seriousness and sometimes apprehension.

Kasparov himself reflected years later: ""I sensed something different, a new kind of intelligence across the table. Deep Blue was intelligent the way your programmable alarm clock is intelligent, but in chess, that was enough.""

## The Ironic Legacy

The ultimate irony? Chess engines that can run on an ordinary laptop today would absolutely demolish Deep Blue. Modern chess engines like Stockfish and Leela Chess Zero are estimated to be at least 700-800 Elo points stronger than Deep Blue was in 1997 - a massive gap in chess strength.

Kasparov has since made peace with his loss, even writing a book called ""Deep Thinking"" where he explores the match and its implications. He's become an advocate for human-AI collaboration, arguing that the future lies not in competition between humans and machines, but in partnership.

As he puts it: ""Machines have calculations. Humans have understanding. Machines have instructions. Humans have purpose. Machines have objectivity. Humans have passion. We should not worry about what our machines can do today. Instead, we should worry about what they still cannot do today, because we will need the help of the new, intelligent machines to turn our grandest dreams into reality.""

---

### Sources:

Hsu, Feng-Hsiung. *Behind Deep Blue: Building the Computer That Defeated the World Chess Champion*. Princeton University Press, 2002.

Kasparov, Garry. *Deep Thinking: Where Machine Intelligence Ends and Human Creativity Begins*. PublicAffairs, 2017.

Newborn, Monty. *Kasparov versus Deep Blue: Computer Chess Comes of Age*. Springer, 1997.

Campbell, Murray, A. Joseph Hoane Jr., and Feng-hsiung Hsu. ""Deep Blue."" *Artificial Intelligence* 134.1-2 (2002): 57-83.

Krauthammer, Charles. ""Be Afraid: The Meaning of Deep Blue's Victory."" *Weekly Standard*, May 26, 1997.

IBM Research. ""Deep Blue."" [IBM Archives](https://www.ibm.com/ibm/history/ibm100/us/en/icons/deepblue/)",1747019548.0,0.71,44,0,,Mediiicaliii,32,False,0,False,text
history,1kjdzdz,Archaeologists uncover Iron Age hub for prized purple dye in Israel,406,https://reddit.com/r/history/comments/1kjdzdz/archaeologists_uncover_iron_age_hub_for_prized/,https://phys.org/news/2025-04-archaeologists-uncover-iron-age-hub.html,,1746893827.0,0.93,406,0,Article,pipilupe,13,False,0,False,text
history,1kj8sbr,"Like humans, chimpanzees drum with distinct rhythms - and two subspecies living on opposite sides of Africa have their own signature styles, according to a study published in Current Biology, which informs us of how, when, and why humans may have began to make music",338,https://reddit.com/r/history/comments/1kj8sbr/like_humans_chimpanzees_drum_with_distinct/,https://www.rnz.co.nz/news/world/560582/jungle-music-chimp-drumming-reveals-building-blocks-of-human-rhythm,,1746879003.0,0.95,338,0,,MeatballDom,24,False,0,False,text
history,1kj8m29,Weekly History Questions Thread.,18,https://reddit.com/r/history/comments/1kj8m29/weekly_history_questions_thread/,https://www.reddit.com/r/history/comments/1kj8m29/weekly_history_questions_thread/,"Welcome to our History Questions Thread!

This thread is for all those history related questions that are too simple, short or a bit too silly to warrant their own post.

So, do you have a question about history and have always been afraid to ask? Well, today is your lucky day. Ask away!

Of course all our regular rules and guidelines still apply and to be just that bit extra clear:

Questions need to be historical in nature. Silly does not mean that your question should be a joke. [r/history](https://www.reddit.com/r/history/) also has an active [discord server](https://discord.com/invite/r-history-284001693044310016) where you can discuss history with other enthusiasts and experts.",1746878436.0,0.72,18,0,Discussion/Question,AutoModerator,52,False,0,False,text
history,1ki9aam,Metal detectorists in southwest England unearthed the two gold-and-garnet objects from the Anglo-Saxon period in January (an Anglo-Saxon gold-and-garnet raven head and ring),452,https://reddit.com/r/history/comments/1ki9aam/metal_detectorists_in_southwest_england_unearthed/,https://www.livescience.com/archaeology/metal-detectorists-unearth-dazzling-anglo-saxon-gold-and-garnet-raven-head-and-ring-its-unbelievable-im-a-bit-emotional,,1746762407.0,0.97,452,0,Article,pipilupe,15,False,0,False,text
history,1kid2vf,An overview of the Scythians,82,https://reddit.com/r/history/comments/1kid2vf/an_overview_of_the_scythians/,https://www.livescience.com/who-were-the-scythians,,1746777434.0,0.93,82,0,Article,ByzantineBasileus,0,False,0,False,text
history,1kid57w,The Rise of Han China,44,https://reddit.com/r/history/comments/1kid57w/the_rise_of_han_china/,https://www.youtube.com/watch?v=KJ4b8ujuGoQ,,1746777721.0,0.81,44,0,Video,ByzantineBasileus,1,False,0,False,text
history,1kh3lby,"Cornish tin was sold all over Europe 3,000 years ago, say archaeologists | Archaeology",546,https://reddit.com/r/history/comments/1kh3lby/cornish_tin_was_sold_all_over_europe_3000_years/,https://www.theguardian.com/science/2025/may/07/cornish-tin-was-sold-all-over-europe-3000-years-ago-say-archaeologists,,1746639853.0,0.96,546,0,News article,Blue-Soldier,29,False,0,False,text
history,1kgo1kj,"Ancient DNA Reveals Phoenicians’ Surprising Ancestry. Phoenician civilization spread its culture and alphabet across the Mediterranean but not, evidently, its DNA",476,https://reddit.com/r/history/comments/1kgo1kj/ancient_dna_reveals_phoenicians_surprising/,https://www.scientificamerican.com/article/ancient-dna-reveals-phoenicians-surprising-ancestry/,,1746589607.0,0.96,476,0,Science site article,-introuble2,45,False,0,False,text
history,1kgui4z,Bookclub and Sources Wednesday!,15,https://reddit.com/r/history/comments/1kgui4z/bookclub_and_sources_wednesday/,https://www.reddit.com/r/history/comments/1kgui4z/bookclub_and_sources_wednesday/,"Hi everybody,

Welcome to our weekly book recommendation thread!

We have found that a lot of people come to this sub to ask for books about history or sources on certain topics. Others make posts about a book they themselves have read and want to share their thoughts about it with the rest of the sub.

We thought it would be a good idea to try and bundle these posts together a bit. One big weekly post where everybody can ask for books or (re)sources on any historic subject or timeperiod, or to share books they recently discovered or read. Giving opinions or asking about their factuality is encouraged!

Of course it’s not limited to \*just\* books; podcasts, videos, etc. are also welcome. As a reminder, r/history  also has a recommended list of things to read, listen to or watch [here.](https://www.reddit.com/r/history/wiki/recommendedlist/)",1746615646.0,0.79,15,0,Discussion/Question,AutoModerator,15,False,0,False,text
history,1kgbke4,X-ray reveals ancient Greek author of charred first century BC Vesuvius scroll | Archaeology,217,https://reddit.com/r/history/comments/1kgbke4/xray_reveals_ancient_greek_author_of_charred/,https://www.theguardian.com/science/2025/may/06/x-ray-reveals-ancient-greek-author-of-charred-first-century-bc-vesuvius-scroll,,1746555369.0,0.97,217,0,Article,Magister_Xehanort,9,False,0,False,text
history,1kgc5q0,"Ancient Egyptians drew the Milky Way on coffins and tombs, linking them to sky goddess, study finds",95,https://reddit.com/r/history/comments/1kgc5q0/ancient_egyptians_drew_the_milky_way_on_coffins/,https://www.livescience.com/archaeology/ancient-egyptians/ancient-egyptians-drew-the-milky-way-on-coffins-and-tombs-linking-them-to-sky-goddess-study-finds,,1746556807.0,0.95,95,0,Article,pipilupe,0,False,0,False,text
history,1kg1ewi,Study of a 16th-century Ethiopian monk's account provides insights into ancient Dongola,68,https://reddit.com/r/history/comments/1kg1ewi/study_of_a_16thcentury_ethiopian_monks_account/,https://phys.org/news/2025-05-16th-century-ethiopian-monk-account.html,,1746528478.0,0.95,68,0,Article,Apprehensive-Ad6212,3,False,0,False,text
history,1kf1n99,‘Spitfires’ chronicles the daring flights of American women pilots during WWII,213,https://reddit.com/r/history/comments/1kf1n99/spitfires_chronicles_the_daring_flights_of/,https://www.pbs.org/newshour/show/spitfires-chronicles-the-daring-flights-of-american-women-pilots-during-wwii,,1746414277.0,0.83,213,0,Video,darrenjyc,22,False,0,False,text
history,1kem6e9,"Archaeologists discover hundreds of metal objects up to 3,400 years old on mysterious volcanic hilltop in Hungary",667,https://reddit.com/r/history/comments/1kem6e9/archaeologists_discover_hundreds_of_metal_objects/,https://www.livescience.com/archaeology/archaeologists-discover-hundreds-of-metal-objects-up-to-3-400-years-old-on-mysterious-volcanic-hilltop-in-hungary,,1746371725.0,0.97,667,0,Article,Famiple,26,False,0,False,text
history,1ke2a0i,"Archaeologists Found a Stunningly Preserved 5,000-Year-Old Mummy—in a Garbage Dump",587,https://reddit.com/r/history/comments/1ke2a0i/archaeologists_found_a_stunningly_preserved/,https://www.popularmechanics.com/science/archaeology/a64627386/caral-mummy-dump/,,1746303892.0,0.95,587,0,Article,Extra_Mechanic_2750,14,False,0,False,text
history,1kde4so,"Vergina tomb near Alexander the Great’s hometown doesn’t belong to his father, study finds",367,https://reddit.com/r/history/comments/1kde4so/vergina_tomb_near_alexander_the_greats_hometown/,https://archaeologymag.com/2025/05/vergina-tomb-doesnt-belong-to-philip-ii/,,1746226010.0,0.95,367,0,Article,Magister_Xehanort,18,False,0,False,text
history,1kdrbd5,Weekly History Questions Thread.,17,https://reddit.com/r/history/comments/1kdrbd5/weekly_history_questions_thread/,https://www.reddit.com/r/history/comments/1kdrbd5/weekly_history_questions_thread/,"Welcome to our History Questions Thread!

This thread is for all those history related questions that are too simple, short or a bit too silly to warrant their own post.

So, do you have a question about history and have always been afraid to ask? Well, today is your lucky day. Ask away!

Of course all our regular rules and guidelines still apply and to be just that bit extra clear:

Questions need to be historical in nature. Silly does not mean that your question should be a joke. [r/history](https://www.reddit.com/r/history/) also has an active [discord server](https://discord.com/invite/r-history-284001693044310016) where you can discuss history with other enthusiasts and experts.",1746273636.0,0.75,17,0,Discussion/Question,AutoModerator,73,False,0,False,text
history,1kdhg31,Iron Age chariot wheel unearthed at golf course,91,https://reddit.com/r/history/comments/1kdhg31/iron_age_chariot_wheel_unearthed_at_golf_course/,https://www.bbc.com/news/articles/cx2yw30y8p9o,,1746235931.0,0.94,91,0,Article,Famiple,5,False,0,False,text
history,1kcs04i,Researchers uncover first skeletal evidence of gladiator bitten by lion in combat,182,https://reddit.com/r/history/comments/1kcs04i/researchers_uncover_first_skeletal_evidence_of/,https://www.durham.ac.uk/news-events/latest-news/2025/04/researchers-uncover-first-skeletal-evidence-of-gladiator-bitten-by-lion-in-combat/?fbclid=IwY2xjawKBIcFleHRuA2FlbQIxMQBicmlkETFQZURWR2RxQVlDT0JTZEFvAR7XmO6dejN8rb4Zc1J8cITGv7MyAUBIBZLHCNs_zs7foxWvX8kgv5meIButpQ_aem__xc1N65CMeCiqS-NukF-lQ,,1746158498.0,0.92,182,0,,MeatballDom,15,False,0,False,text
history,1kcfp31,"Danish slave ships wreckage found off coast of Costa Rica, museum confirms",525,https://reddit.com/r/history/comments/1kcfp31/danish_slave_ships_wreckage_found_off_coast_of/,https://www.cbsnews.com/news/danish-slave-ships-wreckage-costa-rica/,,1746123551.0,0.97,525,0,Article,pipilupe,12,False,0,False,text
history,1kc67m7,Popes from Africa: How they shaped the Catholic Church during the Roman Empire,72,https://reddit.com/r/history/comments/1kc67m7/popes_from_africa_how_they_shaped_the_catholic/,https://www.bbc.com/news/articles/c787y082l47o,,1746098273.0,0.7,72,0,,MeatballDom,19,False,0,False,text
history,1kc3yho,The genetic origins of the Khazars,34,https://reddit.com/r/history/comments/1kc3yho/the_genetic_origins_of_the_khazars/,https://www.youtube.com/watch?v=WnGm_62F9OE,,1746089018.0,0.71,34,0,Video,ByzantineBasileus,6,False,0,False,text
history,1kc1eeq,Studying early Islam in the third millennium: a bibliometric analysis,24,https://reddit.com/r/history/comments/1kc1eeq/studying_early_islam_in_the_third_millennium_a/,https://www.nature.com/articles/s41599-024-04058-2,,1746077991.0,0.65,24,0,Science site article,JoeParkerDrugSeller,5,False,0,False,text
history,1kbag81,Mākereti Papakura: First indigenous woman to study at Oxford to receive posthumous degree,180,https://reddit.com/r/history/comments/1kbag81/mākereti_papakura_first_indigenous_woman_to_study/,https://www.rnz.co.nz/news/te-manu-korihi/559523/makereti-papakura-first-indigenous-woman-to-study-at-oxford-to-receive-posthumous-degree,,1745997094.0,0.84,180,0,,MeatballDom,4,False,0,False,text
history,1kbdmt0,Bookclub and Sources Wednesday!,21,https://reddit.com/r/history/comments/1kbdmt0/bookclub_and_sources_wednesday/,https://www.reddit.com/r/history/comments/1kbdmt0/bookclub_and_sources_wednesday/,"Hi everybody,

Welcome to our weekly book recommendation thread!

We have found that a lot of people come to this sub to ask for books about history or sources on certain topics. Others make posts about a book they themselves have read and want to share their thoughts about it with the rest of the sub.

We thought it would be a good idea to try and bundle these posts together a bit. One big weekly post where everybody can ask for books or (re)sources on any historic subject or timeperiod, or to share books they recently discovered or read. Giving opinions or asking about their factuality is encouraged!

Of course it’s not limited to \*just\* books; podcasts, videos, etc. are also welcome. As a reminder, r/history  also has a recommended list of things to read, listen to or watch [here.](https://www.reddit.com/r/history/wiki/recommendedlist/)",1746010860.0,0.85,21,0,Discussion/Question,AutoModerator,15,False,0,False,text
history,1kankb8,Joint Subreddit Statement: The Attack on U.S. Research Infrastructure,1131,https://reddit.com/r/history/comments/1kankb8/joint_subreddit_statement_the_attack_on_us/,/r/AskHistorians/comments/1kandgx/joint_subreddit_statement_the_attack_on_us/,,1745932237.0,0.9,1131,0,,Welshhoppo,34,False,0,False,text
history,1kaxdkz,The woman who fought UK concentration camps: The voice of a long-silenced whistle-blower is heard again as historians mark the 165th anniversary of the birth of Emily Hobhouse,167,https://reddit.com/r/history/comments/1kaxdkz/the_woman_who_fought_uk_concentration_camps_the/,https://www.theguardian.com/world/2025/apr/08/anglo-boer-war-whistleblower-emily-hobhouse-celebrated-in-cornish-home,,1745956810.0,0.91,167,0,News article,Working-Lifeguard587,26,False,0,False,text
history,1kbg4bg,Can we have a precise date of the death of Elagabalus ?,8,https://reddit.com/r/history/comments/1kbg4bg/can_we_have_a_precise_date_of_the_death_of/,https://www.reddit.com/r/history/comments/1kbg4bg/can_we_have_a_precise_date_of_the_death_of/,"\[This question was also posted on r/AskHistory. It is republished here for additional opinions.\]

Hi ! While working on Elagabalus, emperor of the Severan dynasty who reigned between 218 and 222, I saw differents datations for his death.

===

Cassius Dio and Herodian worte that Elagabalus saw that his adopted son and cousin Alexander, whom he had made Caesar, was more popular than him. He took offense and attempted to have him assassinated several times, but Julia Mamaea (Alexander's mother) and the Praetorian Guard were on the alert. Alexander was sequestered by Elagabalus; the guards threatened sedition if they didn't see him and returned to their camp. Elagabalus, frightened, took Alexander back to the camp with him; the Praetorians acclaimed the Caesar and were cold toward the emperor.

Dio recounts that Mamaea and Soemias (Elagabalus's mother, Mamaea's sister) tried to rally the Praetorians to their respective sides. Elagabalus, seeing the murderous looks, hid in a chest to escape. But he was discovered by the guards and killed along with his mother, who was embracing him. Empress Julia Severa was killed shortly afterward and her body left to chance throughout Rome. Herodian reported no particular clashes, only that the Praetorians' warmth toward Alexander and their coldness toward Elagabalus infuriated him. After plotting all night, he ordered the arrest and massacre of Alexander's supporters. Driven by hatred and indignation, the Praetorian guards revolted: after rescuing the prisoners, they beheaded Elagabalus and Soemias.

Dio and Herodian agreed that the crowd dragged their bodies through Rome, exposed them to public outrage and thrown into the sewers flowing toward the Tiber.

===

The battle of Antioch between the emperor Macrinus and the usurper Elagabalus occured the 8th of June 218 ; Elagabalus won. Dio wrote that he ruled ""for the three years, nine months and four days during which he ruled, — reckoning from the battle in which he gained the supreme power"" (*Roman History*, LXXX, 3). If we count from this date, we arrive at the 12th of March 222 that is accepted by some scholars (e.g. K. Altmayer, *Elagabal*, 2014).

However, some think that he died the 11th (e.g. *Prosopographia Imperii Romani*, vol. 1, n° 1204, 1897 ; M. Frey, *Elagabal*, 1989) or the 13th (e.g. R. Turcan, *Héliogabale et le sacre du Soleil*, 1985 ; M. Icks, *Images of Elagabalus*, 2008). Others still mark ""11/12"", as a precaution.

The *Fierale Duranum*, calendar of religious observances during Alexander's reign, indicate : ""13 March, \[...\] because Imperator \[Caesar Marcus Aurelius Severus Alexander Augustus\] was first hailed as Imperator by the soldiers, \[a supplication ; / 14 March, because Alexander our Augustus was named Augustus and Father of his Country and Supreme Pontiff\], supplication"" (in Barbara Levick, *The Government of the Roman Empire*, 2002).

===

So, Elagabalus died on March 11, 12 or 13. Can we have a more precise day, if not the definitive one ? Should we recount Elagabalus's reign from the 9th of June ? Was Dio mistaken ?

 ",1746018673.0,0.61,8,0,Trivia,FrancoisEtienneLB,11,False,0,False,text
history,1kac5tk,"Metal detectorist finds huge coin hoard at least 1,500 years old in Romania",495,https://reddit.com/r/history/comments/1kac5tk/metal_detectorist_finds_huge_coin_hoard_at_least/,https://www.kansascity.com/news/nation-world/world/article304963431.html,,1745889939.0,0.99,495,0,Article,Famiple,13,False,0,False,text
history,1k9ywka,What we (don’t) know about the Christian apostle Simon the Zealot,99,https://reddit.com/r/history/comments/1k9ywka/what_we_dont_know_about_the_christian_apostle/,https://www.reddit.com/r/history/comments/1k9ywka/what_we_dont_know_about_the_christian_apostle/,"~~(EDIT: The downvotes have spoken! Apologies if this was out of place, I will refrain from posting additional installments in this subreddit.)~~

This is the first in a series of posts about the members of the Twelve, originally posted to AcademicBiblical. I want to see if perhaps this community is interested in this sort of content as well (and if not, no harm done!)

When one wants to know more about the members of the Twelve and what happened to them, a typical recommendation is Sean McDowell’s *The Fate of the Apostles*. But I think that book has some problems, like leaving out critical context to the primary sources, so the hope is that this is a small resource that goes beyond that in some ways.

In these posts I will include discussions of apocrypha sometimes as late as the ninth century. Needless to say, this does not mean I think material this late contains historical information. However, I think these traditions are interesting in their own right, and also that it's helpful to make sure we're getting the dating and context of these traditions correct.

With all that said, let's get started with Simon the Zealot.

___


**Simon the what?**

John Meier in *A Marginal Jew* Volume III:

>Simon the Cananean appears nowhere outside the lists of the Twelve ... Our only hope for learning something about Simon comes from the description of him as *ho Kananaios* (usually translated as ""the Cananean"") in Mark 3:18, Matthew 10:4 and as *ho zēlōtēs* (usually translated as ""the Zealot"") in Luke 6:15, Acts 1:13.

So how do we even know this is the same person? Meier continues:

>""Zealot"" \[is\] a translation into Greek *(zēlōtēs)* of the Aramaic word for ""zealous"" or ""jealous"" *(qanʾānāʾ)*, represented by the transliteration ""Cananean"" ... Here as elsewhere, Mark and Matthew are not adverse to transliterating an Aramaic word into Greek.

Okay great, but what does it actually tell us about Simon? Meier describes, somewhat dismissively, how some have claimed that Simon was a member of the Zealots, ""an organized group of ultranationalist freedom-fighters who took up arms against the occupying forces of Rome.""

Meier explains his problem with this:

>As scholars like Morton Smith and Shaye Cohen have correctly argued, the organized revolutionary faction that Josephus calls ""the Zealots"" came into existence only during the First Jewish War, specifically during the winter of A.D. 67-68 in Jerusalem.

Instead, Meier argues the ""Zealot"" label reflects ""an older and broader use of the term,"" ""a Jew who was intensely zealous for the practice of the Mosaic Law and insistent that his fellow Jews strictly observe the Law as a means of distinguishing and separating Israel, God's holy people, from the idolatry and immorality practiced by neighboring Gentiles.""

This need not reflect Jesus' message however, and indeed Meier takes the position that ""Simon's call to discipleship and then to membership in the Twelve demanded a basic change in his outlook and actions."" Simon, for example, would ""have to accept the former toll collector Levi as a fellow disciple.""

Of course, John Meier need not be the last word on this epithet, and I'd celebrate anyone bringing other scholarship into this discussion.

**Is Simon the Zealot the same person as Simon, son of Clopas?**

[Tony Burke](https://www.nasscal.com/e-clavis-christian-apocrypha/preaching-of-simon-the-canaanite/) observes:

>Some sources, including the Chronicon paschale identify Simon the Canaanite as Simon son of Clopas (John 19:25), the successor of James the Righteous as bishop of Jerusalem (Eusebius, Hist. eccl. III.32; IV.5).

Following that reference, in Book 3, Chapter 32 of Eusebius' Church History, Eusebius quotes Hegesippus as saying (transl. Jeremy Schott):

>Some of the heretics, obviously, accused Simon, son of Clopas, of being of the family of David and a Christian, and thus he became a martyr, being 120 years old, in the reign of Trajan Caesar and the consular governor Atticus.

No identification with Simon the Zealot. But observe Eusebius’ comment on this:

>One can with reason say that Simon was one of the eyewitnesses and hearers of the Lord, based on the evidence of the long duration of his life and the fact that the text of the Gospels mentions Mary, the wife of Clopas, whose son this work has already shown him to have been.

Eusebius is still not explicitly identifying him with Simon the Zealot. But we have the idea that he was an ""eyewitness,"" a ""hearer"" of Jesus.

This brings us to [Anonymus I](https://www.nasscal.com/e-clavis-christian-apocrypha/list-of-the-apostles-anonymus-i/). Anonymus I is part of a genre of apostolic lists that played a key role in the development of traditions about the apostles in early Christianity. Tony Burke provides a great summary [here on his blog](https://www.apocryphicity.ca/2023/05/29/apostolic-lists-as-sources-for-and-transmitters-of-apocryphal-traditions-about-the-apostles/). I'm going to provide more detail than we need on this list because it's going to be increasingly important in this series of posts.

Anonymus I is special in this genre, as ""the earliest of the Greek lists."" Burke observes:

>Only a handful of copies of this list remain because the list was replaced with expanded versions attributed to Epiphanius and Hippolytus.

And critically:

>The text makes use of Origen via Eusebius so it cannot be earlier than the mid-fourth century.

Cristophe Guignard, likely the preeminent expert on these lists, makes similar characterizations in his 2016 paper on the Greek lists, calling Anonymus I ""the oldest"" of the Greek apostle and disciple lists, ""and the source for many others,"" with Anonymus II, Pseudo-Epiphanius, Pseudo-Hippolytus, and Pseudo-Dorotheus being later developments in this genre. On dating, Guignard says:

>The majority of these texts are difficult to date. However, the five main texts probably belong to a period extending from the 4th/5th centuries (Anonymus I and II) to the end of the 8th century (Pseudo-Dorotheus).

Similar to Burke, Guignard observes that Anonymus I has a ""heavy reliance on Eusebius’ Church History.""

I've belabored this point only so I can refer back to it in future posts. So, what does Anonymus I say about Simon the Zealot?

>Simon the Canaanite, son of Cleophas, also called Jude, succeeded James the Just as bishop of Jerusalem; after living a hundred and twenty years, he suffered the martyrdom of the cross under Trajan.

So here we seem to see what a reader of Eusebius has done with the information provided.

But wait, there's something else there. ""Also called Jude,"" what?

**Was Simon the Zealot also named Jude?**

[David Christian Clausen](https://davidchristianclausen.com/2022/12/17/the-twelve-apostles-part-6-thaddaeus-simon-judas-the-rest/) notes:

>Early Sahidic Coptic manuscripts of the fourth gospel (3rd-7th cent.) have instead “Judas the Cananean,” either confusing or contrasting him with Simon the Cananean, another of the Twelve also named in the Gospels of Mark and Matthew ... According to the Acts of the Apostles as it appears in a number of Old Latin codices, the list of apostles at 1:13 includes “Judas Zealotes.”

And yet these manuscripts may very well not be the earliest example of this. In *Lost Scriptures*, Bart Ehrman dates the non-canonical *Epistle of the Apostles* to the middle of the second century. The text includes this curious apostle list:

>John and Thomas and Peter and Andrew and James and Philip and Bartholomew and Matthew and Nathanael and **Judas Zelotes** and Cephas...

Judas Zelotes and no Simon here. That said, this idea of ""Judas Zelotes"" needed not always replace Simon entirely.

I’m going to want to discuss the Martyrologium Hieronymianum in more detail in a future, but for now here’s a quick summary as presented in Chapter 14 of L. Stephanie Cobb’s book *The Passion of Perpetua and Felicitas in Late Antiquity*:

>All extant manuscripts claim Jerome as the author of the *Martyrologium Hieronymianum*: the martyrology purports to be Jerome’s response to two bishops who requested an authoritative list of feast days of martyrs and saints. Despite the attribution being universally recognized by scholars as false, the title, nonetheless, remains. **Scholars have traditionally located the martyrology’s origins in late fifth-century northern Italy**. Recently, Felice Lifshitz has argued that it is instead a sixth- or early seventh-century work.

Anyway, the earliest manuscripts of this martyrology can sometimes differ significantly from each other, but [Oxford’s Cult of the Saints database](http://csla.history.ox.ac.uk/) has partially catalogued them. Martyrologies are like calendars, and Simon can typically be found in late June or late October. Here are some example entries:

“In Persia, the feast of the Apostles Simon and Judas.”

“In Persia, the passion of the Apostles Simon Kananaios, and Judas Zelotes.”

“And the feast of Apostles Simon Kananeus and Judas Zelot.”

I wouldn't be surprised if we return to this issue from a different angle when I finish my post about the apostle Jude.

**Was Simon the Zealot also named Nathanael?**

Unfortunately, we're not done with additional names. As [Tony Burke](https://www.nasscal.com/e-clavis-christian-apocrypha/preaching-of-simon-the-canaanite/) notes, ""the Greek, Coptic, and Ethiopian churches identify \[Simon\] as Nathanael of Cana.""

In C.E. Hill's *The Identity of John's Nathanael* (1997), [he observes](https://www.academia.edu/33063060/_The_Identity_of_Johns_Nathanael_JSNT_67_1997_45_61):

>Another tradition appears in several late antique or medieval feast calendars, where Nathanael is said to be another name for Simon Zelotes. This view may have been aided by the observation that Simeon the apostle was nicknamed \[the Cananean\], and that Nathanael is said by John to have been from Cana in Galilee.

You might imagine that traditions like these (Simon being the son of Clopas, Simon being Jude, Simon being Nathanael) would be in conflict with each other, would only exist in separate streams and narratives.

But you might lack the creativity of one Arabic-writing scribe who titled his copy of an originally Coptic apocryphal work on Simon with the [remarkable description](https://www.nasscal.com/e-clavis-christian-apocrypha/preaching-of-simon-the-canaanite/):

>Simon, son of Cleophas, called Jude, who is Nathanael called the Zealot

And on that note, let's turn to the apocryphal narratives.

**What stories were told about Simon the Zealot?**

Simon, sadly, is not featured in the first wave of apocryphal acts narratives. However, he does receive a story in two later collections of apocrypha, a [Coptic collection](https://www.apocryphicity.ca/2020/12/12/the-egyptian-collection-of-apocryphal-acts-part-1-coptic-arabic-and-geez-sources/) and a [Latin collection](https://www.nasscal.com/e-clavis-christian-apocrypha/apostolic-histories-virtutes-apostolorum/). As we’ll see, these stories are not the same.

As a side note, Aurelio De Santos Otero in his chapter *Later Acts of Apostles* found in Volume Two of Schneemelcher's *New Testament Apocrypha* makes an observation about both of these collections:

>In this connection we should note above all the effort in these two collections to increase the number of the Acts, so that each member of the apostolic college is given a legend of his own.

Anyway, let’s start with the **Coptic collection**. Burke on the dating of this collection:

>The date of origin for the Coptic collection is difficult to determine; the earliest source is the fourth/fifth-century Moscow manuscript published by von Lemm (Moscow, Puškin Museum, GMII I. 1. b. 686), but the extant portions feature only the Martyrdom of Peter and Martyrdom of Paul, so at this time it’s not possible to determine how many of the other texts, if any, appeared in this collection. Also attested early is the Acts of Peter and Andrew, which appears in the fifth-century P. Köln Inv. Nr. 3221 (still unpublished).

The texts in this collection that we’re interested in are the [*Preaching of Simon, the Canaanite*](https://www.nasscal.com/e-clavis-christian-apocrypha/preaching-of-simon-the-canaanite/) and the [*Martyrdom of Simon, the Canaanite*](https://www.nasscal.com/e-clavis-christian-apocrypha/martyrdom-of-simon-the-canaanite/). These texts have a “close relationship” according to Burke because “the martyrdom takes up the story of Simon from the end of the Preaching.”

We might highlight a few things about this duology, quoting Burke’s NASSCAL entries on the texts.

In the *Preaching*, Simon is “at first called Jude the Galilean.” Further, “Simon is told that after his mission is completed, he must return to Jerusalem and be bishop after James.” His mission is to Samaria, and he does indeed return to Jerusalem afterwards. In the *Martyrdom*, his fate is given as follows (Burke’s summary):

>Nevertheless, a small group of Jews conspire against Simon. They put him in chains and deliver him to the emperor Trajan. They accuse Simon of being a wizard. Simon denies the charge and confesses his faith in Jesus. Angered, Trajan hands him over to the Jews for crucifixion.

Let’s now turn to the **Latin collection**, often called Pseudo-Abdias. [Tony Burke and Brandon Hawke](https://www.nasscal.com/e-clavis-christian-apocrypha/apostolic-histories-virtutes-apostolorum/) on dating:

>The earliest evidence for the circulation of Apost. Hist. as a coherent collection is Aldhelm (Carmen ecclesiasticum, Carmen de uirginitate, and Prosa de uirginitate; seventh century), and Bede (Retractationes in Acta apostolorum; Northumberland, early eighth century).

Here we are interested in the final text of the collection, and the one where it gets its association with Abdias, the [*Passion of Simon and Jude*](https://www.nasscal.com/e-clavis-christian-apocrypha/passion-of-simon-and-jude/).

The action begins when “Simon and Jude arrive in Babylon and meet with Varardach, the general of King Xerxes.” Throughout the story, Simon and Jude have a sort of Wario and Waluigi situation with “two Persian magicians named Zaroes and Arfaxat.” The fate of Simon and Jude is summarized as follows:

>But the four men meet again in Suanir. At the urging of the magicians, the priests of the city come to the apostles and demand that they sacrifice to the gods of the sun and moon. Simon and Jude have visions of the Lord calling to them, and Simon is told by an angel to choose between killing all of the people or their own martyrdom. Simon chooses martyrdom and calls upon the demon residing in the sun statue to come out and reduce it to pieces; Jude does the same with the moon. Two naked Ethiopians emerge from the statues and run away, screaming. Angered, the priests jump on the apostles and kill them.

Otero, cited previously, observes:

>The author certainly shows himself thoroughly familiar with the details of the Persian kingdom in the 4th century in regard to ruler, religion and the position of the magi.

**An addendum on McDowell’s** ***The Fate of the Apostles***

I want to acknowledge a couple sources that McDowell references that I didn’t otherwise include above.

In discussing the tradition that Simon may have gone to Britain, McDowell says:

>The earliest evidence comes from Dorotheus, Bishop of Tyre (AD 300).

What McDowell is actually referencing is [**Pseudo-Dorotheus**](https://www.nasscal.com/e-clavis-christian-apocrypha/list-of-the-apostles-and-disciples-by-pseudo-dorotheus-of-tyre/), which you may remember from the discussion of apostolic lists above. Recall that Guignard dates this to the end of the 8th century. Burke likewise says the “full compilation was likely assembled in the eighth century.” I could not find any examples of modern scholarship arguing this actually goes back to a fourth century Dorotheus of Tyre, but I would welcome someone pointing me in the direction of such an argument.

In any case, here is what Pseudo-Dorotheus says about Simon, per Burke’s provisional translation:

>Simon, the Zealot, after preaching Christ to all Mauritania and going around the region of Aphron (Africa?), later also was crucified in Britain by them and being made perfect, he was buried there.

Separately, in discussing the tradition that Simon ""experienced martyrdom in Persia,"" McDowell cites Movsēs Xorenac‘i's ***History of Armenia***.

It may be worth noting that there are fierce debates about the dating and general reliability of this text in scholarship. As Nina Garsoïan said in the [Encyclopædia Iranica](https://www.iranicaonline.org/articles/movses-xorenaci):

>Despite the fact that several works traditionally attributed to him … are now believed to be the works of other authors, his History of Armenia (Patmut‘iwn Hayoc‘) has remained the standard, if enigmatic, version of early Armenian history and is accepted by many Armenian scholars, though not by the majority of Western specialists, as the 5th-century work it claims to be, rather than as a later, 8th-century, composition. Consequently, since the end of the 19th century, a controversy, at times acrimonious, has raged between scholars as to the date of the work.

If you’re interested, the article goes into some of the more specific controversies about this work.

Regardless, we might be interested to see what this work says about Simon. This was a little difficult to track down for certain, because McDowell’s footnote refers to Book IX of this work but as far as I can tell, it only has three books and an epilogue. It’s always possible I’m missing something, of course.

However, I did find that Book II, Chapter 34 has the same title that he attributed to “Book IX,” and indeed says the following (transl. Robert Thomson):

>The apostle Bartholomew also drew Armenia as his lot. He was martyred among us in the city of Arebanus. **But as for Simon**, who drew Persia as his lot, I can say nothing for certain about what he did or where he was martyred. It is narrated by some that a certain apostle Simon was martyred in Vriosp'or, but whether this is true, and what was the reason for his coming there, I do not know. But I have merely noted this so that you may know that I have spared no efforts in telling you everything that is appropriate.

___


That’s all, folks! I hope you found this interesting. If this post gets any traction, the next one I’ll post here is about James of Alphaeus.",1745855503.0,0.75,99,0,Discussion/Question,Sophia_in_the_Shell,22,False,0,False,text
history,1k9mp95,First Roman bridgehead fort discovered in Austria solves ‘Deserted Castle’ mystery,300,https://reddit.com/r/history/comments/1k9mp95/first_roman_bridgehead_fort_discovered_in_austria/,https://archaeologymag.com/2025/04/first-roman-bridgehead-fort-discovered-in-austria/,,1745812941.0,0.93,300,0,Article,pipilupe,10,False,0,False,text
history,1k9uwi0,The Bracero Program: Prelude to Cesar Chavez and the Farm Worker Movement – Pieces of History,25,https://reddit.com/r/history/comments/1k9uwi0/the_bracero_program_prelude_to_cesar_chavez_and/,https://prologue.blogs.archives.gov/2023/09/27/the-bracero-program-prelude-to-cesar-chavez-and-the-farm-worker-movement/,,1745845063.0,0.8,25,0,Article,Virtual-Orchid3065,2,False,0,False,text
history,1k91din,"The first ancient Egyptian cartouche (Ramses III) ever found in Jordan has been verified as authentic, demonstrating a greater Egyptian influence in the period than previously known",294,https://reddit.com/r/history/comments/1k91din/the_first_ancient_egyptian_cartouche_ramses_iii/,https://news.artnet.com/art-world/first-rameses-iii-inscription-found-in-jordanian-desert-2636113,,1745751730.0,0.98,294,0,Article,JoeParkerDrugSeller,7,False,0,False,text
history,1k80pm8,"3,000-year-old necropolis found for first time in Abu Dhabi",610,https://reddit.com/r/history/comments/1k80pm8/3000yearold_necropolis_found_for_first_time_in/,https://www.kansascity.com/news/nation-world/world/article304788076.html,,1745628830.0,0.98,610,0,Article,Famiple,30,False,0,False,text
history,1k8bbdv,Weekly History Questions Thread.,19,https://reddit.com/r/history/comments/1k8bbdv/weekly_history_questions_thread/,https://www.reddit.com/r/history/comments/1k8bbdv/weekly_history_questions_thread/,"Welcome to our History Questions Thread!

This thread is for all those history related questions that are too simple, short or a bit too silly to warrant their own post.

So, do you have a question about history and have always been afraid to ask? Well, today is your lucky day. Ask away!

Of course all our regular rules and guidelines still apply and to be just that bit extra clear:

Questions need to be historical in nature. Silly does not mean that your question should be a joke. [r/history](https://www.reddit.com/r/history/) also has an active [discord server](https://discord.com/invite/r-history-284001693044310016) where you can discuss history with other enthusiasts and experts.",1745668835.0,0.81,19,0,Discussion/Question,AutoModerator,70,False,0,False,text
history,1k80ohw,Tomb of fifth dynasty prince Waser-If-Re unearthed in Saqqara,126,https://reddit.com/r/history/comments/1k80ohw/tomb_of_fifth_dynasty_prince_waserifre_unearthed/,https://archaeologymag.com/2025/04/tomb-of-prince-waser-if-re-in-saqqara/,,1745628726.0,0.99,126,0,Article,Famiple,3,False,0,False,text
history,1k7z9w3,Lord North and the American Revolution,39,https://reddit.com/r/history/comments/1k7z9w3/lord_north_and_the_american_revolution/,https://www.politicshome.com/opinion/article/lord-north-war-independence-andrew-roberts,,1745624467.0,0.85,39,0,Article,HooverInstitution,3,False,0,False,text
history,1k7mbjd,"The Long, Strange Trip of the Titanic Victims Whose Remains Surfaced Hundreds of Miles Away, Weeks After the Ship Sank",79,https://reddit.com/r/history/comments/1k7mbjd/the_long_strange_trip_of_the_titanic_victims/,https://www.smithsonianmag.com/history/the-long-strange-trip-of-the-titanic-victims-whose-remains-surfaced-hundreds-of-miles-away-weeks-after-the-ship-sank-180986386/,,1745591288.0,0.93,79,0,Article,That-Situation-4262,2,False,0,False,text
history,1k7g5kp,Historians dispute Bayeux tapestry penis tally,194,https://reddit.com/r/history/comments/1k7g5kp/historians_dispute_bayeux_tapestry_penis_tally/,https://www.theguardian.com/world/2025/apr/25/bayeux-tapestry-historian-genitalia-dispute,,1745570866.0,0.91,194,0,,KewpieCutie97,25,False,0,False,text
history,1k7c4fe,Why is carousel history so underrepresented in American public memory?,175,https://reddit.com/r/history/comments/1k7c4fe/why_is_carousel_history_so_underrepresented_in/,https://www.reddit.com/r/history/comments/1k7c4fe/why_is_carousel_history_so_underrepresented_in/,"While researching early 20th-century American public leisure spaces, I came across a surprisingly rich (and under-discussed) area of cultural history: the wooden carousel.

Hand-carved carousel animals—lions, rabbits, pigs, dragons—were often created by immigrant artisans from Eastern Europe and Italy, many of whom brought traditional carving and ornamentation skills from their home countries. Carvers like Gustav Dentzel, Charles Carmel, and the Illions family helped shape what became uniquely American styles of carousel design.

Beyond their aesthetics, these machines represented intersections of industrial innovation (e.g., steam and electric drive systems), mechanical music (fairground organs), and urban planning—especially as carousels became fixtures in city parks across the country.

However, despite their cultural and artistic value, I’ve noticed that carousels are rarely included in historical narratives—either in formal museum settings or in broader academic discourse. They seem to fall through the cracks between art history, architectural heritage, and social history.

For example, Barbara Fahs Charles’ carousel census (1971) was one of the earliest efforts to document these machines nationally. Tobin Fraley's *The Carousel Animal* (1983) and Frederick Fried’s *A Pictorial History of the Carousel* (1964) are among the few books that take a scholarly or archival approach to carousel history. Still, they’re rarely cited in broader cultural histories or museum texts.

Why do you think this form of public art and storytelling has remained so niche in historical research? Is it the association with children’s amusement? A lack of surviving physical evidence? Or something else?

Would love to hear if anyone has worked on carousel preservation, studied fairground history, or encountered related scholarship in other fields (e.g., immigration, art, leisure).

**Sources:**

* Fried, Frederick. *A Pictorial History of the Carousel*. Crown Publishers, 1964.
* Fraley, Tobin. *The Carousel Animal*. 1983.
* Charles, Barbara Fahs. “Carousel Census,” 1971.
* Smithsonian Institution Archives (search: “carousel history”)
* National Carousel Association: [carousel.org](http://carousel.org)",1745554547.0,0.83,175,0,Trivia,bassett8807,88,False,0,False,text
history,1k8880i,A history of the Salah and why different rules were issued to form what would become the standard,0,https://reddit.com/r/history/comments/1k8880i/a_history_of_the_salah_and_why_different_rules/,https://www.youtube.com/watch?v=xNeoKOQgmog,,1745656135.0,0.38,0,0,Video,JoeParkerDrugSeller,1,False,0,False,text
history,1k6ppjd,"Archaeologists Found a 6,500-Year-Old Hunting Kit With Poisoned Darts Inside",577,https://reddit.com/r/history/comments/1k6ppjd/archaeologists_found_a_6500yearold_hunting_kit/,https://www.yahoo.com/news/archaeologists-found-6-500-old-130000457.html,,1745493651.0,0.97,577,0,Article,Extra_Mechanic_2750,30,False,0,False,text
history,1k5rr5u,"A century ago, the government hired unemployed young men to build America's forests, trails, and parks. Photos show FDR's 'tree army.'",2405,https://reddit.com/r/history/comments/1k5rr5u/a_century_ago_the_government_hired_unemployed/,https://www.businessinsider.com/civilian-conservation-corps-ccc-fdr-parks-forests-photos,,1745386949.0,0.99,2405,0,Article,thelma_edith,45,False,0,False,text
history,1k5wb1c,Bookclub and Sources Wednesday!,21,https://reddit.com/r/history/comments/1k5wb1c/bookclub_and_sources_wednesday/,https://www.reddit.com/r/history/comments/1k5wb1c/bookclub_and_sources_wednesday/,"Hi everybody,

Welcome to our weekly book recommendation thread!

We have found that a lot of people come to this sub to ask for books about history or sources on certain topics. Others make posts about a book they themselves have read and want to share their thoughts about it with the rest of the sub.

We thought it would be a good idea to try and bundle these posts together a bit. One big weekly post where everybody can ask for books or (re)sources on any historic subject or timeperiod, or to share books they recently discovered or read. Giving opinions or asking about their factuality is encouraged!

Of course it’s not limited to \*just\* books; podcasts, videos, etc. are also welcome. As a reminder, r/history  also has a recommended list of things to read, listen to or watch [here.](https://www.reddit.com/r/history/wiki/recommendedlist/)",1745406047.0,0.79,21,0,Discussion/Question,AutoModerator,17,False,0,False,text
history,1k5g4tx,Secret Messages of Pharaoh Ramesses II Discovered on the Obelisk in Paris’s Place de la Concorde,291,https://reddit.com/r/history/comments/1k5g4tx/secret_messages_of_pharaoh_ramesses_ii_discovered/,https://www.labrujulaverde.com/en/2025/04/secret-messages-of-pharaoh-ramesses-ii-discovered-on-the-obelisk-in-pariss-place-de-la-concorde/,,1745352448.0,0.96,291,0,Article,Magister_Xehanort,20,False,0,False,text
history,1k5rfq6,A lecture on England and Ireland in the early Medieval period,50,https://reddit.com/r/history/comments/1k5rfq6/a_lecture_on_england_and_ireland_in_the_early/,https://www.youtube.com/watch?v=Roe_auEG31k&list=PL851F45079A91C3F2&index=13,,1745385707.0,0.85,50,0,Video,ByzantineBasileus,1,False,0,False,text
history,1k5swqb,Cavalry and Cataphracts in the Seleucid Empire,25,https://reddit.com/r/history/comments/1k5swqb/cavalry_and_cataphracts_in_the_seleucid_empire/,https://www.youtube.com/watch?v=OqLdayA48Fg,,1745391688.0,0.76,25,0,Video,ByzantineBasileus,0,False,0,False,text
history,1k6bp1j,Why Was a 1940s Car Discovered in the Wreck of an American Naval Ship That Sank During World War II?,0,https://reddit.com/r/history/comments/1k6bp1j/why_was_a_1940s_car_discovered_in_the_wreck_of_an/,https://www.smithsonianmag.com/smart-news/why-was-1940s-car-discovered-wreck-american-naval-ship-that-sank-during-world-war-ii-180986485/?utm_source=smithsoniandaily&utm_medium=email&utm_campaign=editorial&lctg=91685305,"Actually, what would really been surprising is if the car had been a DeLorean. ",1745445592.0,0.38,0,0,Science site article,No_Lifeguard747,2,False,0,False,text
history,1k4a88o,Here's a Rare 1970 Footage Unearthed of a Young 11-Year-Old During a Minneapolis Teachers' Strike. Researchers had to Painstakingly Confirm him to be Young Prince.,1130,https://reddit.com/r/history/comments/1k4a88o/heres_a_rare_1970_footage_unearthed_of_a_young/,https://www.youtube.com/watch?v=EQe0EoVoGqU&t,,1745231238.0,0.92,1130,0,"Prince, the Musician",Elephant789,31,False,0,False,text
history,1k4r9xf,100 Years Later: The Destruction of Al-Baqi Shrines and the Ongoing Struggle for Religious Access,27,https://reddit.com/r/history/comments/1k4r9xf/100_years_later_the_destruction_of_albaqi_shrines/,https://www.reddit.com/r/history/comments/1k4r9xf/100_years_later_the_destruction_of_albaqi_shrines/,"Today marks the centennial of one of the most significant yet often overlooked events in modern Islamic history. On April 21, 1925, the domed mausoleums and ornate shrines at Al-Baqi cemetery in Medina were systematically demolished, forever altering this sacred landscape and creating repercussions that continue to this day.

**What Was Al-Baqi?**

Before its destruction, Jannat Al-Baqi (The paradise of al-Baqi) was not merely a cemetery but a complex of beautiful architectural structures marking the final resting places of many venerated figures in early Islamic history. The cemetery contains the graves of numerous members of Prophet Muhammad's family, including his daughters, wives, grandchildren, and many of his companions. For centuries, these graves were marked by elegant domed structures, mausoleums with intricate calligraphy, and carefully maintained shrines.

Historical photographs from the Ottoman period show an array of white domes and minarets rising from the cemetery grounds, creating a distinctive skyline that formed an integral part of Medina's religious landscape. These structures weren't merely decorative—they served as important landmarks for pilgrims and represented centuries of Islamic artistic and architectural development.

**Historical Context and the Destruction**

The 1925 demolition was the second destruction of the Al-Baqi shrines. The first occurred in 1806 when Wahhabi forces from Najd initially captured Medina and destroyed the shrines. This was part of the broader Ottoman-Wahhabi War (1811-1818), where Ottoman forces, aided by Muhammad Ali Pasha of Egypt, eventually defeated the First Saudi State and recaptured the Hijaz region. Following this restoration of Ottoman control, the shrines at Al-Baqi were rebuilt and maintained for over a century.

The political landscape shifted dramatically when Abdul Aziz Ibn Saud's forces conquered the Hijaz in 1924. The new rulers implemented a strict interpretation of Islam that viewed shrine visitation and elaborate grave structures as forms of idolatry. On the 8th of Shawwal 1343 AH (April 21, 1925), armed forces entered Al-Baqi and again systematically demolished the domed structures and mausoleums.

Contemporary accounts describe the use of dynamite and pickaxes to bring down structures that had stood for generations. Within days, the distinctive skyline of Al-Baqi was transformed into a field of simple unmarked graves. The demolition wasn't limited to Al-Baqi—other important historical sites in Hijaz faced similar destruction, including shrines at Uhud and the house where Prophet Muhammad was born.

European observers and pilgrims who witnessed the aftermath described the demolition as ""wanton destruction"" and noted the profound shock it caused throughout the Islamic world. Letters of protest poured in from India, Persia, and other regions with significant Muslim populations.

Islamic studies scholar Adeel Mohammadi argues that the destruction had deep political roots beyond just religious justifications, the demolition was a powerful political statement establishing Najdi authority in the Hijaz, combining the religious authority of Wahhabi scholars with the political authority of the Saudi family. By destroying these shrines, ""Saudi authorities sought to broadcast their newly acquired political power."" Mohammadi further argues that the destruction may have been carried out partly to indicate victory over Shia Muslims, as Al-Baqi is the burial place of several Shia Imams and members of Ahl al-Bayt (the Prophet's household).

**Religious Significance and Impact**

The destruction of these shrines represented far more than architectural loss. For many Muslims, particularly those of the Shia tradition, visiting the graves of the Prophet's family members is a deeply significant spiritual practice. These visits (ziyarat) are considered acts of devotion and connection to the early history of Islam. Ziyarat are integral part of Shia religious practice, notably in the shrines of Imam Hussain and Imam Ali in Iraq, but in Al-Baqi, ziyarats are impeded and the graves of Imam Hasan, Imam Sajjad, Imam Baqir, Imam Sadiq, are inaccessible.

The demolition effectively ended centuries of traditional visitation practices. Where pilgrims once could pray at specific shrines, reflect on the lives of early Islamic figures, and participate in communal remembrance ceremonies, today Al-Baqi is a dust field with unmarked stones.

For Shia Muslims especially, the destruction of the Al-Baqi shrines represents not just a historical tragedy but an ongoing impediment to religious practice. The demolition is commemorated annually in Shia communities worldwide as ""Yawm-e Gham"" (Day of Sorrow).

Visitors to the site are subject to strict regulations, photography is prohibited, and religious expressions beyond simple prayer are restricted. Visitation is only possible through the surrounding fence, unable to properly conduct traditional religious observances at the gravesites of figures central to their faith.

Unlike many other religious heritage sites worldwide, which have seen restoration efforts after destruction during conflicts or ideological campaigns, Al-Baqi remains in its post-demolition state a century later.

The reaction to the Al-Baqi destruction crossed sectarian lines. Both Sunni and Shia Muslims protested against the demolition, with annual rallies held in countries including India, Pakistan, Iran, and the United States. 



Pictures of Al-Baqi before destruction:

https://commons.m.wikimedia.org/wiki/File:Jannatul-Baqi_before_Demolition.jpg#mw-jump-to-license
https://al-islam.org/gallery/photos/baqi_b42.gif
https://www.khalilicollections.org/collections/hajj-and-the-arts-of-pilgrimage/the-baqi-cemetery-arc-pp-116
https://en.wikishia.net/view/File:Al-Baqi%27_before_being_demolished.jpg

Pictures after destruction:

https://theislamicinformation.com/blogs/famous-graves-in-jannat-ul-baqi/
https://media.gettyimages.com/id/1191722503/photo/muslim-women-infront-of-ancient-graves-in-jannat-al-baqi-cemetery-in-medina.jpg?s=612x612&w=gi&k=20&c=Krnum5CTc6bA_Vy9k9EubCGM_SRkzEUZISucgWAWYe0=
https://news.muslimthaipost.com/uploads/2023/06/15/img/img_168680358053.jpg
https://madainproject.com/jannat_ul_baqi
https://commons.wikishia.net/common/File:%D8%A8%D9%82%DB%8C%D8%B92.jpg#mw-jump-to-license
https://zahratrust.org/2025/04/21/jannat-al-baqi/

---

Sources:
https://web.archive.org/web/20190802081635/http://nmc.utoronto.ca/wp-content/uploads/2014/03/NMCSU-Journal_2015_protected.pdf
http://referenceworks.brillonline.com/entries/encyclopaedia-islamica/al-baqi-COM_00000066
http://www.adhrb.org/wp-content/uploads/2015/10/2015.09.30_MSS-Ch.-7_Dest.-of-Rel.-Sites.pdf

",1745276348.0,0.71,27,0,Discussion/Question,A_H_313_,4,True,3,False,text
history,1k3xcsm,Hitler’s Terrible Tariffs,1078,https://reddit.com/r/history/comments/1k3xcsm/hitlers_terrible_tariffs/,https://www.theatlantic.com/ideas/archive/2025/04/nazi-germany-tariffs-trade/682521/?gift=9raHaW-OKg2bN8oaIFlCoideCcY1DuN62vseuYq65rM&utm_source=copy-link&utm_medium=social&utm_campaign=share,"Excerpts:

“National Socialism demands that the needs of German workers no longer be supplied by Soviet slaves, Chinese coolies, and Negroes,” Feder wrote. Germany needed German workers and farmers producing German goods for German consumers. Feder saw “import restrictions” as key to returning the German economy to the Germans. “National Socialism opposes the liberal world economy, as well as the Marxist world economy,” Feder wrote. Our fellow Germans must “be protected from foreign competition.”


...Hitler declared that the entire country needed to be rebuilt after years of mismanagement by previous governments. He spoke of the “sheer madness” of international obligations imposed by the Treaty of Versailles, of the need to restore “life, liberty, and happiness” to the German people, of the need for “cleansing” the bureaucracy, public life, culture, the population, “every aspect of our life.” His tariff regime, he implied, would help restore the pride and honor of German self-reliance.

Hitler’s trade war with his neighbors would prove to be but a prelude to his shooting war with the world.",1745185506.0,0.78,1078,0,,D-R-AZ,84,False,0,False,text
history,1k47fxz,From the Stars to the Earth: Cherokee Origin Beliefs and the Legacy of the Pleiades,38,https://reddit.com/r/history/comments/1k47fxz/from_the_stars_to_the_earth_cherokee_origin/,https://www.reddit.com/r/history/comments/1k47fxz/from_the_stars_to_the_earth_cherokee_origin/,"From the Stars to the Earth: Cherokee Origin Beliefs and the Legacy of the Pleiades

Abstract:

This paper explores the Cherokee people’s belief in their celestial origin from the Pleiades, examining their mythological narratives, spiritual missions, and cosmological interpretations. It further investigates how colonial violence and cultural genocide altered these traditions, and how contemporary Cherokee communities preserve and reinterpret these ancient beliefs. Drawing from scholarly research, this work contextualizes the cultural accuracy of the star-born origin narrative within both historical trauma and Indigenous resilience.

1. Introduction

The Cherokee people, one of the most documented and influential Indigenous nations of the Southeastern United States, possess a rich cosmology that links their origins to the stars. Among the most sacred celestial bodies in Cherokee mythology is the Pleiades star cluster, known in their oral tradition as a point of ancestral origin and spiritual guidance (Danchevskaya, 2016). This paper delves into these beliefs, examining how they define Cherokee identity, mission, and resistance.

2. The Pleiades in Cherokee Cosmology

The Pleiades, often called the “Seven Sisters,” hold profound symbolic meaning across Indigenous cultures globally, but particularly so for the Cherokee. The Cherokee name for the Pleiades is Ani’tsutsa, and these stars represent a gateway or home of the ancestors. According to oral traditions, the Cherokee believe their souls originate from this cluster and that their spiritual essence returns there after death (Holberg, 2007).

In many versions of the Cherokee creation stories, seven boys danced so fervently that they ascended into the sky, becoming the Pleiades. This is not merely metaphorical but is often seen as cosmic memory—a spiritual encoding of origin from another realm or dimension (Stanley, n.d.; Rubenstein, 2001).

“Among the Cherokee… the Pleiades were linked to clan organization and timekeeping, but more deeply they were regarded as an ancestral beacon” (Kidwell, 1985).

3. Mission on Earth and Original Vision

The Cherokee regarded themselves as guardians of balance and harmony (ᎢᎦ ᎤᏓᎷᎸᏔᏅ / iga udalvltanv). Their spiritual purpose, passed from the Pleiades, was to live in equilibrium with the natural world. This mission was not passive but deeply ecological and communal, rooted in reverence for the Earth Mother (Elohi) and the sacred directions (Gibbon, 1972).

“The belief that they were star-born gave the Cherokee a sense of moral stewardship—towards land, spirit, and kin” (Anderson, 2019).

Their societal systems—including the Seven Clans—mirror the seven stars of the Pleiades, reinforcing a sense of cosmic alignment and moral duty (Danchevskaya, 2016).

4. Colonization, Displacement, and Cultural Suppression

The arrival of European settlers marked a traumatic rupture in Cherokee cosmology. The Trail of Tears (1838–1839), in which thousands of Cherokees were forcibly relocated westward, not only dispossessed them of their land but fragmented spiritual practices tied to geography (Morman, 2016).

“With the land went the sky. The sacred mounds, the calendar stones, the sites aligned with the Pleiades—all lost under settler churches and farms” (Steere, 2022).

Additionally, Christian missionary schools labeled Cherokee cosmology as pagan, pushing their beliefs underground. Indigenous knowledge linked to the Pleiades was dismissed or suppressed, surviving primarily through oral transmission in resistance (John, 2013).

5. Persistence and Modern Revitalization

Despite centuries of colonial erasure, Cherokee communities have preserved and are now reviving their star knowledge. Modern Cherokee scholars and elders are working to reconnect language, astronomy, and land-based spirituality. The Pleiades still appear in seasonal rituals, agricultural calendars, and clan teachings (Pasztor et al., 2021).

Recent ethnographic efforts have documented how Cherokee youth are being taught about their cosmic origins through storytelling and digital projects that link the Pleiades mythology to ecological activism and cultural healing (Schuetz-Miller, 2022).

“The stars we came from still guide us. Our ancestors are watching from Ani’tsutsa,” one Cherokee elder remarked in a 2022 oral history (Et52WMcEOroJ, 2019).

6. Contemporary Beliefs and Syncretism

Today, Cherokee spirituality blends ancient cosmology with new understandings. Some interpret the Pleiades metaphorically as a call to decolonize the mind and return to sacred ecological balance. Others adopt more syncretic interpretations, merging traditional beliefs with pan-Indigenous star lore and even extraterrestrial theories (though the latter are debated among cultural purists) (Stanley, n.d.; Anderson, 2019).

Still, for many, the spiritual essence of the Pleiades remains intact: a place of origin, remembrance, and future return.

7. Conclusion

The belief in a Cherokee origin from the Pleiades is not just myth—it is memory, identity, and instruction. While colonization sought to sever the Cherokee from their starry homeland, the resurgence of traditional knowledge today affirms a cosmic continuity. Through stories, rituals, and cultural revival, the Cherokee continue to walk a path of return—to the Earth, the stars, and themselves.

References:
 1. Danchevskaya, O. (2016). Numbers in American Indian Mythology. Retrieved from Academia.edu

 2. Holberg, J. B. (2007). The Dog Star. In Sirius: Brightest Diamond in the Night Sky. Springer. https://doi.org/10.1007/978-0-387-48942-1_2

 3. Stanley, N. (n.d.). Métis Ideology. [PDF]. https://www.academia.edu/download/30852991/Metis_Paper.pdf

 4. Rubenstein, R. (2001). Home Matters. Springer. https://link.springer.com/chapter/10.1057/9780312299750_4

 5. Kidwell, C. S. (1985). Native Knowledge in the Americas. Osiris, The University of Chicago Press. https://www.journals.uchicago.edu/doi/pdf/10.1086/368646

 6. Morman, T. A. (2016). Indian Sovereignty and Religious Freedom. University of Missouri. PDF

 7. Anderson, D. S. (2019). The Effects of Theosophy and Esotericism on Public Perceptions of Archaeology. Nova Religio. https://online.ucpress.edu/nr/article/22/4/13/71195

 8. Steere, B. A. (2022). The Nikwasi Mound: Archaeology and Politics in the Eastern Cherokee Heartland. Native South. https://muse.jhu.edu/pub/17/article/918253

 9. Pasztor, E., Nash, G., Bender, H. (2021). Lands of the Shamans. PDF

#cherokee #cherokeenation #pleiades #indigenous #native #tennessee #culture #tradition #beliefs #cosmology #trailoftears #trending #viral #fyp #history",1745219392.0,0.88,38,0,Article,levicaudill,2,False,0,False,text
history,1k3jrdx,12th-century bronze coins reveal role of Northern Mozambique in Swahili trade history,137,https://reddit.com/r/history/comments/1k3jrdx/12thcentury_bronze_coins_reveal_role_of_northern/,https://phys.org/news/2025-04-12th-century-bronze-coins-reveal.html,,1745145561.0,0.95,137,0,Article,OrganicPlasma,3,False,0,False,text
history,1k2z6so,Centuries-old buried treasure unearthed by 2 metal detectorists in Transylvania,252,https://reddit.com/r/history/comments/1k2z6so/centuriesold_buried_treasure_unearthed_by_2_metal/,https://www.cbsnews.com/news/ancient-treasure-found-transylvania-metal-detectorists/,,1745077423.0,0.97,252,0,Article,Famiple,11,False,0,False,text
history,1k2unix,Weekly History Questions Thread.,28,https://reddit.com/r/history/comments/1k2unix/weekly_history_questions_thread/,https://www.reddit.com/r/history/comments/1k2unix/weekly_history_questions_thread/,"Welcome to our History Questions Thread!

This thread is for all those history related questions that are too simple, short or a bit too silly to warrant their own post.

So, do you have a question about history and have always been afraid to ask? Well, today is your lucky day. Ask away!

Of course all our regular rules and guidelines still apply and to be just that bit extra clear:

Questions need to be historical in nature. Silly does not mean that your question should be a joke. [r/history](https://www.reddit.com/r/history/) also has an active [discord server](https://discord.com/invite/r-history-284001693044310016) where you can discuss history with other enthusiasts and experts.",1745064031.0,0.83,28,0,Discussion/Question,AutoModerator,73,False,0,False,text
history,1k2v0q9,Royal Authority in the Neo-Assyrian Empire,26,https://reddit.com/r/history/comments/1k2v0q9/royal_authority_in_the_neoassyrian_empire/,https://www.youtube.com/watch?v=OqMqRrNqEnE,,1745065276.0,0.75,26,0,Video,ByzantineBasileus,0,False,0,False,text
history,1k1zd0s,A lecture on trade and exchange in the ancient Persian world,88,https://reddit.com/r/history/comments/1k1zd0s/a_lecture_on_trade_and_exchange_in_the_ancient/,https://www.youtube.com/watch?v=zCIUP22mu24,,1744962249.0,0.86,88,0,Video,ByzantineBasileus,1,False,0,False,text
history,1k1p7i3,"Extreme drought contributed to barbarian invasion of late Roman Britain, tree-ring study reveals",199,https://reddit.com/r/history/comments/1k1p7i3/extreme_drought_contributed_to_barbarian_invasion/,https://www.cam.ac.uk/research/news/extreme-drought-contributed-to-barbarian-invasion-of-late-roman-britain-tree-ring-study-reveals,,1744927881.0,0.94,199,0,Article,Chipdoc,9,False,0,False,text
history,1k15yvo,A lecture on the Islamic conquests and the Caliphates from Yale University,407,https://reddit.com/r/history/comments/1k15yvo/a_lecture_on_the_islamic_conquests_and_the/,https://www.youtube.com/watch?v=TuRtuYgekuE&list=PL77A337915A76F660&index=16,,1744870448.0,0.84,407,0,Video,ByzantineBasileus,105,False,0,False,text
history,1k1636v,A lecture on the Tarascan Empire,18,https://reddit.com/r/history/comments/1k1636v/a_lecture_on_the_tarascan_empire/,https://www.youtube.com/watch?v=CdxE1BVKSJQ,,1744870944.0,0.72,18,0,Video,ByzantineBasileus,2,False,0,False,text
history,1k0hlsj,Bookclub and Sources Wednesday!,42,https://reddit.com/r/history/comments/1k0hlsj/bookclub_and_sources_wednesday/,https://www.reddit.com/r/history/comments/1k0hlsj/bookclub_and_sources_wednesday/,"Hi everybody,

Welcome to our weekly book recommendation thread!

We have found that a lot of people come to this sub to ask for books about history or sources on certain topics. Others make posts about a book they themselves have read and want to share their thoughts about it with the rest of the sub.

We thought it would be a good idea to try and bundle these posts together a bit. One big weekly post where everybody can ask for books or (re)sources on any historic subject or timeperiod, or to share books they recently discovered or read. Giving opinions or asking about their factuality is encouraged!

Of course it’s not limited to \*just\* books; podcasts, videos, etc. are also welcome. As a reminder, r/history  also has a recommended list of things to read, listen to or watch [here.](https://www.reddit.com/r/history/wiki/recommendedlist/)",1744801231.0,0.82,42,0,Discussion/Question,AutoModerator,27,False,0,False,text
history,1jzy5zv,"How to Evade Taxes in Ancient Rome? A 1,900-Year-Old Papyrus Offers a Guide.",394,https://reddit.com/r/history/comments/1jzy5zv/how_to_evade_taxes_in_ancient_rome_a_1900yearold/,https://www.nytimes.com/2025/04/14/science/archaeology-papyrus-tax-fraud-trial.html?unlocked_article_code=1._04._aTz.EG91gCm_C122&smid=url-share,,1744739099.0,0.96,394,0,Article,Tenebris-Malum,14,False,0,False,text
history,1jzm3sb,A lecture on Mohammed and the Islamic conquests from Yale University,212,https://reddit.com/r/history/comments/1jzm3sb/a_lecture_on_mohammed_and_the_islamic_conquests/,https://www.youtube.com/watch?v=cXF7RkgANNo,,1744703035.0,0.82,212,0,Video,ByzantineBasileus,7,False,0,False,text
history,1jz8e0y,How Archaeology Solved the Mystery of the Romanovs,61,https://reddit.com/r/history/comments/1jz8e0y/how_archaeology_solved_the_mystery_of_the_romanovs/,https://youtu.be/g-dg7v31hlU?si=LM8E4wnStWwIC2zx,,1744660754.0,0.79,61,0,Article,clownslayer1,4,False,0,False,text
history,1jyh10l,"3,400-year-old ancient Egyptian town discovered by Alexandria — a New Kingdom settlement connected to Nefertiti's daughter",651,https://reddit.com/r/history/comments/1jyh10l/3400yearold_ancient_egyptian_town_discovered_by/,https://www.livescience.com/archaeology/ancient-egyptians/major-ancient-egyptian-town-discovered-and-it-has-a-jug-stamped-with-the-name-of-nefertitis-daughter,,1744575645.0,0.97,651,0,Article,Magister_Xehanort,16,False,0,False,text
history,1jy4mbn,A lecture on the Byzantine empire during the early and middle Medieval period,193,https://reddit.com/r/history/comments/1jy4mbn/a_lecture_on_the_byzantine_empire_during_the/,https://www.youtube.com/watch?v=wMrV4qZ0fao,,1744539940.0,0.93,193,0,Video,ByzantineBasileus,7,False,0,False,text
history,1jy639o,A lecture on the Irish revolt against the English called the Nine Years War,49,https://reddit.com/r/history/comments/1jy639o/a_lecture_on_the_irish_revolt_against_the_english/,https://www.youtube.com/watch?v=mMLN7XY5dds,,1744545797.0,0.83,49,0,Video,ByzantineBasileus,1,False,0,False,text
history,1jxfoo9,Weekly History Questions Thread.,25,https://reddit.com/r/history/comments/1jxfoo9/weekly_history_questions_thread/,https://www.reddit.com/r/history/comments/1jxfoo9/weekly_history_questions_thread/,"Welcome to our History Questions Thread!

This thread is for all those history related questions that are too simple, short or a bit too silly to warrant their own post.

So, do you have a question about history and have always been afraid to ask? Well, today is your lucky day. Ask away!

Of course all our regular rules and guidelines still apply and to be just that bit extra clear:

Questions need to be historical in nature. Silly does not mean that your question should be a joke. [r/history](https://www.reddit.com/r/history/) also has an active [discord server](https://discord.com/invite/r-history-284001693044310016) where you can discuss history with other enthusiasts and experts.",1744459235.0,0.72,25,0,Discussion/Question,AutoModerator,72,False,0,False,text
history,1jwj0tg,A lecture on the emergence of the Vikings in medieval Europe,113,https://reddit.com/r/history/comments/1jwj0tg/a_lecture_on_the_emergence_of_the_vikings_in/,https://www.youtube.com/watch?v=8a9Sn6k3DCU,,1744351545.0,0.92,113,0,Video,ByzantineBasileus,7,False,0,False,text
history,1jwdd5e,The newspaper that broke ground for Black Canadians,107,https://reddit.com/r/history/comments/1jwdd5e/the_newspaper_that_broke_ground_for_black/,https://ricochet.media/media/the-newspaper-that-broke-ground-for-black-canadians/,,1744332024.0,0.76,107,0,Article,Fritja,7,False,0,False,text
history,1jwivzn,A lecture on the First Crusade and medieval society,25,https://reddit.com/r/history/comments/1jwivzn/a_lecture_on_the_first_crusade_and_medieval/,https://www.youtube.com/watch?v=DWHLkgj-N2A,,1744350980.0,0.92,25,0,Video,ByzantineBasileus,1,False,0,False,text
history,1jvrv07,The Ashigaru of Japan,50,https://reddit.com/r/history/comments/1jvrv07/the_ashigaru_of_japan/,https://www.youtube.com/watch?v=-LLfmTsjYCg,,1744268757.0,0.9,50,0,Video,ByzantineBasileus,12,False,0,False,text
history,1juq57l,Titanic scan reveals ground-breaking details of ship's final hours,3099,https://reddit.com/r/history/comments/1juq57l/titanic_scan_reveals_groundbreaking_details_of/,https://www.bbc.co.uk/news/articles/cwy6gjwd0g6o,,1744150389.0,0.96,3099,0,,KewpieCutie97,205,False,0,False,text
history,1jv2zi6,Bookclub and Sources Wednesday!,29,https://reddit.com/r/history/comments/1jv2zi6/bookclub_and_sources_wednesday/,https://www.reddit.com/r/history/comments/1jv2zi6/bookclub_and_sources_wednesday/,"Hi everybody,

Welcome to our weekly book recommendation thread!

We have found that a lot of people come to this sub to ask for books about history or sources on certain topics. Others make posts about a book they themselves have read and want to share their thoughts about it with the rest of the sub.

We thought it would be a good idea to try and bundle these posts together a bit. One big weekly post where everybody can ask for books or (re)sources on any historic subject or timeperiod, or to share books they recently discovered or read. Giving opinions or asking about their factuality is encouraged!

Of course it’s not limited to \*just\* books; podcasts, videos, etc. are also welcome. As a reminder, r/history  also has a recommended list of things to read, listen to or watch [here.](https://www.reddit.com/r/history/wiki/recommendedlist/)",1744196436.0,0.83,29,0,Discussion/Question,AutoModerator,21,False,0,False,text
history,1juc50z,"Altar found in Guatemalan jungle evidence of mingling of Mayan and Teotihuacan cultures, experts say",372,https://reddit.com/r/history/comments/1juc50z/altar_found_in_guatemalan_jungle_evidence_of/,https://www.qcnews.com/news/science/air-and-space/ap-altar-found-in-guatemalan-jungle-evidence-of-mingling-of-mayan-and-teotihuacan-cultures-experts-say/,,1744114673.0,0.97,372,0,Article,Gammanomics,6,False,0,False,text
history,1ju31z0,"2,500-year-old tombs unearthed near iconic Egyptian temple.",125,https://reddit.com/r/history/comments/1ju31z0/2500yearold_tombs_unearthed_near_iconic_egyptian/,https://www.miamiherald.com/news/nation-world/world/article303491816.html,,1744079175.0,0.95,125,0,Article,Famiple,4,False,0,False,text
history,1jtkgjm,'We thought it was the end of the world': How the US accidentally dropped four nuclear bombs on Spain in 1966,681,https://reddit.com/r/history/comments/1jtkgjm/we_thought_it_was_the_end_of_the_world_how_the_us/,https://www.bbc.com/culture/article/20250404-how-the-us-dropped-nuclear-bombs-on-spain-in-1966,,1744030207.0,0.91,681,0,,MeatballDom,76,False,0,False,text
history,1jsi9qx,"Mysterious 2,200-Year-Old Pyramid Unearthed in Israel's Judean Desert",1839,https://reddit.com/r/history/comments/1jsi9qx/mysterious_2200yearold_pyramid_unearthed_in/,https://www.the-sun.com/news/13917408/hidden-pyramid-treasure-found/?utm_source=chatgpt.com,,1743900722.0,0.89,1839,0,Article,fortnitekidslayer12,64,False,0,False,text
history,1jrzo3d,"Unknown human lineage lived in 'Green Sahara' 7,000 years ago, ancient DNA reveals",987,https://reddit.com/r/history/comments/1jrzo3d/unknown_human_lineage_lived_in_green_sahara_7000/,https://www.livescience.com/archaeology/unknown-human-lineage-lived-in-green-sahara-7-000-years-ago-ancient-dna-reveals,,1743845435.0,0.98,987,0,,MeatballDom,10,False,0,False,text
history,1jsofdh,The goedendag of medieval Flanders,19,https://reddit.com/r/history/comments/1jsofdh/the_goedendag_of_medieval_flanders/,https://www.youtube.com/watch?v=ty75vg3FkGw,,1743923519.0,0.62,19,0,Video,ByzantineBasileus,4,False,0,False,text
history,1js5se6,How Black paratroopers saved the US from Japan’s WWII firebombs,155,https://reddit.com/r/history/comments/1js5se6/how_black_paratroopers_saved_the_us_from_japans/,https://amp.cnn.com/cnn/2025/04/05/us/joe-harris-triple-nickle-black-paratroopers,,1743866351.0,0.74,155,0,News article,Aboveground_Plush,8,False,0,False,text
history,1js1v3c,Weekly History Questions Thread.,10,https://reddit.com/r/history/comments/1js1v3c/weekly_history_questions_thread/,https://www.reddit.com/r/history/comments/1js1v3c/weekly_history_questions_thread/,"Welcome to our History Questions Thread!

This thread is for all those history related questions that are too simple, short or a bit too silly to warrant their own post.

So, do you have a question about history and have always been afraid to ask? Well, today is your lucky day. Ask away!

Of course all our regular rules and guidelines still apply and to be just that bit extra clear:

Questions need to be historical in nature. Silly does not mean that your question should be a joke. [r/history](https://www.reddit.com/r/history/) also has an active [discord server](https://discord.com/invite/r-history-284001693044310016) where you can discuss history with other enthusiasts and experts.",1743854441.0,0.67,10,0,Discussion/Question,AutoModerator,73,False,0,False,text
history,1jr7n4k,Rare wall paintings found in Cumbria show tastes of well-off Tudors,185,https://reddit.com/r/history/comments/1jr7n4k/rare_wall_paintings_found_in_cumbria_show_tastes/,https://www.theguardian.com/uk-news/2025/apr/04/rare-wall-paintings-found-in-cumbria-show-tastes-of-well-off-tudors,,1743758218.0,0.95,185,0,,KewpieCutie97,3,False,0,False,text
history,1jr8cza,Todlder discovered ancient amulet near Tel Aviv,70,https://reddit.com/r/history/comments/1jr8cza/todlder_discovered_ancient_amulet_near_tel_aviv/,https://www.smithsonianmag.com/smart-news/toddler-discovers-3800-year-old-egyptian-amulet-while-hiking-with-her-family-in-israel-180986359/,,1743761319.0,0.73,70,0,Science site article,LostWaldoAgain,17,False,0,False,text
history,1jqz9ba,"Lights, Camera, Legislation: How Television Defined President Lyndon B. Johnson’s Leadership",79,https://reddit.com/r/history/comments/1jqz9ba/lights_camera_legislation_how_television_defined/,https://www.whitehousehistory.org/lights-camera-legislation-how-television-defined-president-lyndon-b-johnsons-leadership,,1743727638.0,0.83,79,0,,MeatballDom,4,False,0,False,text
history,1jr0836,The First Battle of Ypres in WW1,63,https://reddit.com/r/history/comments/1jr0836/the_first_battle_of_ypres_in_ww1/,https://youtu.be/qJkURaHx0ss?si=quq_I5Plgho4CKyF,,1743730602.0,0.87,63,0,Video,Terrordaktor,3,False,0,False,text
history,1jphxr1,Warfare in the Neo-Assyrian Empire,119,https://reddit.com/r/history/comments/1jphxr1/warfare_in_the_neoassyrian_empire/,https://www.youtube.com/watch?v=BNujYLUvkxc,,1743574575.0,0.88,119,0,Video,ByzantineBasileus,8,False,0,False,text
history,1jplsrp,Bookclub and Sources Wednesday!,34,https://reddit.com/r/history/comments/1jplsrp/bookclub_and_sources_wednesday/,https://www.reddit.com/r/history/comments/1jplsrp/bookclub_and_sources_wednesday/,"Hi everybody,

Welcome to our weekly book recommendation thread!

We have found that a lot of people come to this sub to ask for books about history or sources on certain topics. Others make posts about a book they themselves have read and want to share their thoughts about it with the rest of the sub.

We thought it would be a good idea to try and bundle these posts together a bit. One big weekly post where everybody can ask for books or (re)sources on any historic subject or timeperiod, or to share books they recently discovered or read. Giving opinions or asking about their factuality is encouraged!

Of course it’s not limited to \*just\* books; podcasts, videos, etc. are also welcome. As a reminder, r/history  also has a recommended list of things to read, listen to or watch [here.](https://www.reddit.com/r/history/wiki/recommendedlist/)",1743591647.0,0.78,34,0,Discussion/Question,AutoModerator,22,False,0,False,text
history,1joozhm,"6th-5th century BCE Greek burial, with human remains and grave goods, discovered in Ukraine.",482,https://reddit.com/r/history/comments/1joozhm/6th5th_century_bce_greek_burial_with_human/,https://www.pravda.com.ua/eng/news/2025/03/16/7503138/,,1743488658.0,0.94,482,0,,MeatballDom,11,False,0,False,text
history,1joqde7,Beginnings | Cunk on Britain | Episode 1,139,https://reddit.com/r/history/comments/1joqde7/beginnings_cunk_on_britain_episode_1/,https://youtu.be/i09G6e-t4do?si=EkDr1q4XLMUy91c8,,1743494829.0,0.75,139,0,,Welshhoppo,15,False,0,False,text
history,1jopx3v,An interview with historian Myke Cole about pike and shot warfare,27,https://reddit.com/r/history/comments/1jopx3v/an_interview_with_historian_myke_cole_about_pike/,https://www.youtube.com/watch?v=E03ElsZRasw,,1743492768.0,0.76,27,0,Video,ByzantineBasileus,6,False,0,False,text
history,1jn9rg9,The Rise of the Hittites,220,https://reddit.com/r/history/comments/1jn9rg9/the_rise_of_the_hittites/,https://www.youtube.com/watch?v=fiedXGMfiP0,,1743331324.0,0.9,220,0,Video,ByzantineBasileus,17,False,0,False,text
history,1jmk4wp,Lost manuscript of Merlin and King Arthur legend read for the first time after centuries hidden inside another book,929,https://reddit.com/r/history/comments/1jmk4wp/lost_manuscript_of_merlin_and_king_arthur_legend/,https://www.bbc.co.uk/future/article/20250324-the-magical-medieval-tale-revealed-by-a-100000-dollar-camera,,1743247324.0,0.95,929,0,News article,Magister_Xehanort,18,False,0,False,text
history,1jmiw0k,Temple to the Nabataean god Dushara found off the coast of ancient Roman trading community near Naples.,190,https://reddit.com/r/history/comments/1jmiw0k/temple_to_the_nabataean_god_dushara_found_off_the/,https://archaeology.org/issues/march-april-2025/digs-discoveries/nabataeans-abroad/,,1743241968.0,0.96,190,0,,MeatballDom,3,False,0,False,text
history,1jmlrlv,Weekly History Questions Thread.,17,https://reddit.com/r/history/comments/1jmlrlv/weekly_history_questions_thread/,https://www.reddit.com/r/history/comments/1jmlrlv/weekly_history_questions_thread/,"Welcome to our History Questions Thread!

This thread is for all those history related questions that are too simple, short or a bit too silly to warrant their own post.

So, do you have a question about history and have always been afraid to ask? Well, today is your lucky day. Ask away!

Of course all our regular rules and guidelines still apply and to be just that bit extra clear:

Questions need to be historical in nature. Silly does not mean that your question should be a joke. [r/history](https://www.reddit.com/r/history/) also has an active [discord server](https://discord.com/invite/r-history-284001693044310016) where you can discuss history with other enthusiasts and experts.",1743253257.0,0.83,17,0,Discussion/Question,AutoModerator,90,False,0,False,text
history,1jlramo,Warriors and War of Pictish Sculpture,123,https://reddit.com/r/history/comments/1jlramo/warriors_and_war_of_pictish_sculpture/,https://www.youtube.com/watch?v=ng0hLCTowdE,,1743154897.0,0.93,123,0,Video,ByzantineBasileus,1,False,0,False,text
history,1jl600l,She was almost sent to Auschwitz. Her early love of art may have saved her.,292,https://reddit.com/r/history/comments/1jl600l/she_was_almost_sent_to_auschwitz_her_early_love/,https://www.reddit.com/r/history/comments/1jl600l/she_was_almost_sent_to_auschwitz_her_early_love/,"Many people in this 96-year-old woman's retirement community in Falls Church, Virginia, know her. Few outside are aware that the Nazis forced her and her family to relocate to Theresienstadt transit camp/ghetto in Czechoslovakia when she was 13 years old. I spent a few months reporting, researching and interviewing her and her family. When you consider the circumstances she faced, it's nothing short of a miracle that she, her twin brother, mother and father survived the Holocaust. I thought it was important to tell her story as we're losing so many of these folks as each month/year goes by. [Gift link here.](https://wapo.st/4hM1nNG)",1743087786.0,0.84,292,0,Discussion/Question,AnthonyJRivera,13,False,0,False,text
history,1jlahrp,The copper threshing ground/copper pagan temple of the Danube Bulgars,29,https://reddit.com/r/history/comments/1jlahrp/the_copper_threshing_groundcopper_pagan_temple_of/,https://www.reddit.com/r/history/comments/1jlahrp/the_copper_threshing_groundcopper_pagan_temple_of/,"A copper threshing ground (медно гумно) or a copper pagan temple (медно капище) is noted in medieval writings, usually regarding Danube Bulgars, their political power, statehood and pagan religion. It's also mentioned (albeit rarely) in Bulgarian folklore. I couldn't find many English sources regarding this, so here I'll put down some information that I've discovered in Bulgarian (there aren't any sources in other languages).

The first mentions of a copper threshing ground are found in Byzantine sources dating back to the times when Danube Bulgars still existed and were pagan. Joseph Genesius's writings mention a threshing ground where Bulgar children are killed by triumphant Byzantines in the early 9th century, and in ""The Letter of the Three Patriarchs to Emperor Theophilos"", the Byzantine emperor Leo V (ruled 813-820) is told by a man named Sabbatios that if he destroys all icons, he will finally have prosperity and will stab his sword into the Bulgars' copper threshing ground.

In the 10th-11th century, many Christians in Europe were expecting the end of the world, so apocryphal eschatological literature saw a rise. We owe several mentions of a copper threshing floor to Bulgarian apocryphs. Those were written in the style of the biblical Book of Revelation or used Old Testament motifs, but the characters, places and symbols were often local.

In the apocryphal work ""Тълкувание Данаилово"" (""Danail's interpretation""), a copper pagan temple is mentioned. It's linked to Bulgar pagan religion by Bulgarian historians and its destruction by the character Михаил каган (Mihail khagan, identified by some with Boris I Mihail) symbolizes the Christianisation of Bulgaria. Mihail khagan goes on to fight and dethrone an ""evil king"" who abuses Christians (identified with Vladimir Rasate). The apocryph also describes battles in which he participated.

Although pagan temples' ruins have been discovered in Pliska, the capital of pagan Bulgaria, copper hasn't been found. Either the copper was stolen and the threshing floor was destroyed during invasions, or it was a metaphor.

In a different apocryph, ""Видение на пророк Данаил за царете, за последните дни и за края на света"" (""Vision of prophet Danail regarding the kings, the last days and the end of the world"") similar events are described, but instead of a copper pagan temple, there's a copper threshing ground. The name and title of the person who breaks the copper threshing ground aren't mentioned, but he's extraordinary. Wars are also noted (""brother against brother""), they might be the rebellion of the aristocraticy during the Christianisation of Bulgaria and the clash between Vladimir Rasate and his father.

A copper threshing ground is referenced in another 11th century Bulgarian medieval apocryph, ""Сказание за пророк Самуил"" (""Слово Самоилѣ прорка"", ""Word regarding prophet Samuel""). Here, it's not linked with Bulgars, but instead, it appears in Nebuchadnezzar's dream and the prophet tells him that it symbolizes the world. It could signify what it meant to Bulgars and early Bulgarians - perhaps a model of the world or a symbol of the world.

As the Danube Bulgars assimilated into the Slavs, notions of a copper threshing ground survived in Bulgarian folklore. There's a riddle that goes ""beans sown on a copper threshing ground, an old man watches over them"" and the answer is the stars, the sky and the moon. A ritual song describing an unborn yet male child places the child on a horse that goes around a golden pole in the middle of a copper threshing ground. According to ethnologists, the horse, the copper threshing ground and the golden pole symbolize Ursa Minor, the sky and the Polar star. According to historian Marin Drinov, rare mentions of copper (and metal) threshing grounds have been recorded in the folklore of other Slavs, as well as in Greek folklore. However, according to historian Ivan Venedikov, the origins of the copper threshing ground are Bulgar, as there aren't any notions of such a thing in Greek or Slavic mythology, therefore the idea must've spread in the Middle ages. (Mentions in Macedonia in particular might be due to Kuber's Bulgars, but it's not proven 100%.)

However, this raises several questions.

1. How did Danube Bulgars come up with the copper threshing ground/copper temple? Was/is there any other steppe tribe that had/has anything similar? I've read about Volga Bulgaria, but notions of a copper threshing ground/copper temple are never recorded there. Both medieval Bulgarian states descend from Old Great Bulgaria, so I assume they must've had similarities at their founding, before they got influenced by the different religions that they converted into, by their neighbours and by the tribes that they incorporated.

2. Why did it have to be copper in particular? Could it be that oxidized copper turns turquoise and therefore reminds them of the sky and Tangra? (Sky also gets orange hues in sunrise/sunset, like non-oxidized copper.)

3. Why did Danube Bulgars pick a threshing ground in particular to represent their statehood, power and pagan religion? Bulgars were semi-nomadic, a threshing ground is not the first thing you'd associate with a semi-nomadic people.




Sources:


Дринов, М. Медно (бакърно) гумно, меден ток в словенските и гръцки умотворения. — В: Съчинения, Т. 2, С., 1911.
^ an article in Bulgarian by historian Marin Drinov regarding the copper threshing floor among Slavs and Greeks, I couldn't find it online, so I can't give a link


Венедиков, Ив. Легендата за Михаил каган. — В: Сб. Преслав. Т. 2. С., 1976.
^ an article in Bulgarian by historian Ivan Venedikov regarding ""Mihail khagan"", I couldn't find it online, so I can't give a link


Венедиков, Ив. Медното гумно на прабългарите. С., 1983
^ a book by Ivan Venedikov called ""The copper threshing ground of the Bulgars"" where, among other things, he analyzes the copper threshing ground, I think it can be found online, you will have to use auto-translate


https://liternet.bg/publish/tmollov/mei/6_1.htm
https://liternet.bg/publish/tmollov/mei/6_2.htm
https://liternet.bg/publish/tmollov/mei/6_3.htm
^ three articles in Bulgarian by Bulgarian philologist and ethnology professor Todor Mollov where he discusses the copper threshing ground, Mihail khagan and the apocryphs, you can use auto-translate if you're interested in the articles


https://dokumen.pub/the-letter-of-the-three-patriarchs-to-emperor-theophilos-and-related-texts-1-871328-12-8.html
^ source is in English, ""The Letter of the Three Patriarchs to Emperor Theophilos"" (oddly, the threshing floor is called brazen here, but maybe it's the translation, I've seen it as copper in Bulgarian, I wanted to find the Greek original and see what kind of word they use there, but I couldn't)


https://archive.org/details/genesios-1998-english-kaldellis-byzantium-813-886
^ source is in English, writings of Joseph Genesius, threshing floor is mentioned on page 14, this might be a description of Leo V's victory against Bulgars during kanasubigi Omurtag's reign, or a confabulation of Nicephorus I Genik's destruction of Pliska; Leo V has never entered Pliska",1743099056.0,0.77,29,0,Discussion/Question,legendairy-458,3,False,0,False,text
history,1jkyec6,The First Mercenaries of History,76,https://reddit.com/r/history/comments/1jkyec6/the_first_mercenaries_of_history/,https://www.youtube.com/watch?v=8pUxn5EFXcY,,1743060257.0,0.81,76,0,Video,ByzantineBasileus,12,False,0,False,text
history,1jkf2lk,What happens when the US declares war on your parents? The Black Panther cubs know,1314,https://reddit.com/r/history/comments/1jkf2lk/what_happens_when_the_us_declares_war_on_your/,https://www.theguardian.com/world/ng-interactive/2025/mar/25/what-happens-when-the-us-declares-war-on-your-parents-the-black-panther-cubs-know?referring_host=Reddit&utm_campaign=guardianacct,,1743004426.0,0.86,1314,0,Article,guardian,20,False,0,False,text
history,1jkzv0b,The Forgotten Punic Wars - Greece vs Carthage,29,https://reddit.com/r/history/comments/1jkzv0b/the_forgotten_punic_wars_greece_vs_carthage/,https://www.youtube.com/watch?v=xKR7bi4lUys,,1743067188.0,0.73,29,0,Video,ByzantineBasileus,0,False,0,False,text
history,1jka2dn,Bookclub and Sources Wednesday!,31,https://reddit.com/r/history/comments/1jka2dn/bookclub_and_sources_wednesday/,https://www.reddit.com/r/history/comments/1jka2dn/bookclub_and_sources_wednesday/,"Hi everybody,

Welcome to our weekly book recommendation thread!

We have found that a lot of people come to this sub to ask for books about history or sources on certain topics. Others make posts about a book they themselves have read and want to share their thoughts about it with the rest of the sub.

We thought it would be a good idea to try and bundle these posts together a bit. One big weekly post where everybody can ask for books or (re)sources on any historic subject or timeperiod, or to share books they recently discovered or read. Giving opinions or asking about their factuality is encouraged!

Of course it’s not limited to \*just\* books; podcasts, videos, etc. are also welcome. As a reminder, r/history  also has a recommended list of things to read, listen to or watch [here.](https://www.reddit.com/r/history/wiki/recommendedlist/)",1742990450.0,0.78,31,0,Discussion/Question,AutoModerator,27,False,0,False,text
history,1jjd2tx,Unprecedented' Melsonby Iron Age hoard found by archaeologists,242,https://reddit.com/r/history/comments/1jjd2tx/unprecedented_melsonby_iron_age_hoard_found_by/,https://www.bbc.com/news/articles/cd9241dq40qo,,1742884138.0,0.97,242,0,News article,Telecom_VoIP_Fan,4,False,0,False,text
history,1jj6jhc,Casa Susanna: a secret vacation house for crossdressing men and transwomen in the 1960s,620,https://reddit.com/r/history/comments/1jj6jhc/casa_susanna_a_secret_vacation_house_for/,https://www.advocate.com/transgender/casa-susanna#rebelltitem1,,1742862076.0,0.81,620,0,,MeatballDom,17,False,0,False,text
history,1jifp19,The Amarna Letters: An Eight-Part Series — An overview of some of the earliest diplomatic letters in the world,220,https://reddit.com/r/history/comments/1jifp19/the_amarna_letters_an_eightpart_series_an/,https://www.thetorah.com/series/the-amarna-letters,,1742780595.0,0.94,220,0,Article,Bentresh,13,False,0,False,text
history,1jihzvk,Māori Women and the Fight for Suffrage: The Overlooked Legacy of Meri Te Tai Mangakāhia,125,https://reddit.com/r/history/comments/1jihzvk/māori_women_and_the_fight_for_suffrage_the/,https://www.reddit.com/r/history/comments/1jihzvk/māori_women_and_the_fight_for_suffrage_the/,"I recently started researching the role of Māori women in securing the vote and was surprised by how little recognition they receive—especially outside Aotearoa (New Zealand). One name that stood out to me was Meri Te Tai Mangakāhia, a pioneering Māori suffragist whose contributions deserve more attention.

New Zealand is often celebrated as the first country in the world to grant women the right to vote in national elections (1893). However, this achievement is usually credited to the mainstream suffrage movement, which was largely led by Pākehā (white) women and focused on securing voting rights within the British colonial political system. What is less discussed is that Māori women were engaged in their own struggle for political representation—one that was deeply tied to the survival of their communities, land rights, and sovereignty.

In 1893, the same year New Zealand granted women the vote, Meri Te Tai Mangakāhia became the first woman to address Te Kotahitanga, the Māori Parliament. Her speech was groundbreaking—not only did she advocate for Māori women’s right to vote, but she also called for their right to stand for election, something the mainstream suffrage movement wasn’t even fighting for at the time. She argued that many Māori women were landowners and decision-makers within their own communities but lacked the political power to protect their interests. In the face of ongoing colonial dispossession, securing representation wasn’t just about gender equality—it was about ensuring the survival of Māori as a people.

Meri’s efforts helped Māori women win the right to vote in Te Kotahitanga elections in 1897. However, the Māori Parliament itself was never fully recognized by the colonial government and was eventually dismantled in the early 1900s, limiting the impact of these gains. Meanwhile, when Māori men were granted the right to vote in New Zealand’s national elections in 1867, they were only allowed to vote in separate Māori electorates, a system that remained in place for Māori voters—including women—after 1893. This meant that while all women in New Zealand gained the right to vote that year, Māori women’s political participation remained constrained by structural inequalities that continued long after suffrage was won.

Despite her contributions, Meri Te Tai Mangakāhia’s legacy is often overshadowed. Even within New Zealand, her name is far less known than that of Kate Sheppard, the leader of the Pākehā suffrage movement. This marginalization is reflected in the country’s national suffrage memorial in Christchurch, where Meri is the only Māori woman depicted—positioned at the side of the five Pākehā suffragists.

This raises a broader question: whose stories do we center when we talk about progress? The fight for women’s political rights didn’t look the same everywhere, and in many places, it wasn’t a unified movement. The voices of Indigenous women, women of color, and those advocating outside mainstream feminist spaces are still often pushed to the margins.

Meri Te Tai Mangakāhia’s story is a reminder that (feminist) history is more complex than the dominant narratives suggest. Whose stories do you think deserve more recognition?

Sources: 
About Meri Te Tai Mangakāhia
1. https://tanzecampus.neocities.org/fansite/about
2. https://www.penguin.co.nz/articles/3201-kia-kaha-profile---meri-te-tai-mangakahia
About the Māori parliament 
3. https://teara.govt.nz/en/biographies/2m30/mangakahia-meri-te-tai

Further reading: “Māori Women and the Vote” by Tania Rei, 1993, Wellington, N.Z. : Huia Publishers
ISBN 090897504X",1742788089.0,0.85,125,0,Discussion/Question,paul-nikos,3,False,0,False,text
history,1jhx2x7,"Longest Known Inscription in the Undeciphered Linear A Script of Minoan civilization, Found on an Ivory Scepter in Knossos",739,https://reddit.com/r/history/comments/1jhx2x7/longest_known_inscription_in_the_undeciphered/,https://www.labrujulaverde.com/en/2025/03/the-longest-known-inscription-in-the-undeciphered-linear-a-script-found-on-an-ivory-scepter-in-knossos/,,1742728973.0,0.98,739,0,Article,Magister_Xehanort,22,False,0,False,text
history,1jhdnpm,War in ancient China,106,https://reddit.com/r/history/comments/1jhdnpm/war_in_ancient_china/,https://www.youtube.com/watch?v=Z5MFA8OWwuc&pp=0gcJCU8JAYcqIYzv,,1742664324.0,0.85,106,0,Video,ByzantineBasileus,3,False,0,False,text
history,1jh7x14,Weekly History Questions Thread.,35,https://reddit.com/r/history/comments/1jh7x14/weekly_history_questions_thread/,https://www.reddit.com/r/history/comments/1jh7x14/weekly_history_questions_thread/,"Welcome to our History Questions Thread!

This thread is for all those history related questions that are too simple, short or a bit too silly to warrant their own post.

So, do you have a question about history and have always been afraid to ask? Well, today is your lucky day. Ask away!

Of course all our regular rules and guidelines still apply and to be just that bit extra clear:

Questions need to be historical in nature. Silly does not mean that your question should be a joke. [r/history](https://www.reddit.com/r/history/) also has an active [discord server](https://discord.com/invite/r-history-284001693044310016) where you can discuss history with other enthusiasts and experts.",1742648455.0,0.81,35,0,Discussion/Question,AutoModerator,84,False,0,False,text
history,1jgi2i3,Archaeologists Found a Hidden Tomb That Reveals a Lost Egyptian Dynasty,1166,https://reddit.com/r/history/comments/1jgi2i3/archaeologists_found_a_hidden_tomb_that_reveals_a/,https://www.popularmechanics.com/science/archaeology/a64220144/egyptian-tomb-abydos-dynasty/,,1742567181.0,0.97,1166,0,Article,Magister_Xehanort,19,False,0,False,text
history,1jfp11p,This Warship Sank in Minutes—And Was Raised Centuries Later,169,https://reddit.com/r/history/comments/1jfp11p/this_warship_sank_in_minutesand_was_raised/,https://www.youtube.com/watch?v=Shh2ECOb-fo,,1742477676.0,0.9,169,0,Video,retro-games-forever,43,False,0,False,text
history,1jg3yf7,Did smallpox also kill Hernan Cortes' native allies population?,20,https://reddit.com/r/history/comments/1jg3yf7/did_smallpox_also_kill_hernan_cortes_native/,https://www.youtube.com/watch?v=st7L4OwHqqg,,1742516124.0,0.67,20,0,Video,gereon13,8,False,0,False,text
history,1jf8r3o,Archaeologists Discover Mosaics of Two Fighting Cupids and a Mysterious Inscription at an Ancient Greek City Hall,93,https://reddit.com/r/history/comments/1jf8r3o/archaeologists_discover_mosaics_of_two_fighting/,https://www.smithsonianmag.com/smart-news/archaeologists-discover-mosaics-of-two-fighting-cupids-and-a-mysterious-inscription-at-an-ancient-greek-city-hall-180986248/,,1742420749.0,0.94,93,0,Article,NoFox1552,2,False,0,False,text
history,1jeu10g,"Analysis of over 1,700 fossilized avocado seeds recovered from El Gigante Rockshelter in western Honduras and determined that Indigenous peoples were tending to wild avocado trees as far back as 11,000 years ago, but that domestication began around 7,500 years ago.",620,https://reddit.com/r/history/comments/1jeu10g/analysis_of_over_1700_fossilized_avocado_seeds/,https://archaeology.org/news/2025/03/13/scientists-investigate-origins-of-avocado-domestication-in-central-america/,,1742380793.0,0.97,620,0,,MeatballDom,14,False,0,False,text
history,1jew7ug,"The Smithsonian’s 3D Revolution: Using Lidar, Photogrammetry, and Structured Light to Digitally Preserve History",62,https://reddit.com/r/history/comments/1jew7ug/the_smithsonians_3d_revolution_using_lidar/,https://blog.lidarnews.com/the-smithsonians-3d-revolution-using-lidar-photogrammetry-and-structured-light-to-digitally-preserve-history/,,1742388637.0,0.92,62,0,Image Gallery,MikeC_137,3,False,0,False,text
history,1jes0wm,Horse archers of the Sassanian dynasty,71,https://reddit.com/r/history/comments/1jes0wm/horse_archers_of_the_sassanian_dynasty/,https://www.youtube.com/watch?v=StYxs7JHHeE&list=PLkOo_Hy3liEJczxw5jzPHdUBiej_VZC8z&index=13,,1742371642.0,0.86,71,0,Video,ByzantineBasileus,1,False,0,False,text
history,1jevbls,Bookclub and Sources Wednesday!,19,https://reddit.com/r/history/comments/1jevbls/bookclub_and_sources_wednesday/,https://www.reddit.com/r/history/comments/1jevbls/bookclub_and_sources_wednesday/,"Hi everybody,

Welcome to our weekly book recommendation thread!

We have found that a lot of people come to this sub to ask for books about history or sources on certain topics. Others make posts about a book they themselves have read and want to share their thoughts about it with the rest of the sub.

We thought it would be a good idea to try and bundle these posts together a bit. One big weekly post where everybody can ask for books or (re)sources on any historic subject or timeperiod, or to share books they recently discovered or read. Giving opinions or asking about their factuality is encouraged!

Of course it’s not limited to \*just\* books; podcasts, videos, etc. are also welcome. As a reminder, r/history  also has a recommended list of things to read, listen to or watch [here.](https://www.reddit.com/r/history/wiki/recommendedlist/)",1742385654.0,0.81,19,0,Discussion/Question,AutoModerator,20,False,0,False,text
history,1je175k,"A New Study Finds That Domestic Cats Traveled the Silk Road to China About 1,400 Years Ago",578,https://reddit.com/r/history/comments/1je175k/a_new_study_finds_that_domestic_cats_traveled_the/,https://www.smithsonianmag.com/smart-news/a-new-study-finds-that-domestic-cats-traveled-the-silk-road-to-china-about-1400-years-ago-180986206/,,1742291094.0,0.96,578,0,,MeatballDom,20,False,0,False,text
history,1je0g6f,"John Hemmingway ,last surviving Battle of Britain Pilot , passes away peacefully . R.I.P.",458,https://reddit.com/r/history/comments/1je0g6f/john_hemmingway_last_surviving_battle_of_britain/,https://www.raf.mod.uk/news/articles/the-last-surviving-battle-of-britain-pilot-john-paddy-hemingway-dfc-passes-away/,,1742287618.0,0.96,458,0,Article,ManInBlackSuite,13,False,0,False,text
history,1je0j0x,Rome vs Parthia: The Tradition of Rome and Parthia's Rivalry,45,https://reddit.com/r/history/comments/1je0j0x/rome_vs_parthia_the_tradition_of_rome_and/,https://www.youtube.com/watch?v=rZ3iv3xR1Ec,,1742288016.0,0.83,45,0,Video,ByzantineBasileus,3,False,0,False,text
history,1jdzyqi,The army of the Seleucids,37,https://reddit.com/r/history/comments/1jdzyqi/the_army_of_the_seleucids/,https://www.youtube.com/watch?v=oYtckuqyRgk,,1742285226.0,0.75,37,0,Video,ByzantineBasileus,3,False,0,False,text
history,1jd6hkc,"'Pregnant' ancient Egyptian mummy with 'cancer' actually wasn't pregnant and didn't have cancer, new study finds",866,https://reddit.com/r/history/comments/1jd6hkc/pregnant_ancient_egyptian_mummy_with_cancer/,https://www.livescience.com/archaeology/ancient-egyptians/pregnant-ancient-egyptian-mummy-with-cancer-actually-wasnt-pregnant-and-didnt-have-cancer-new-study-finds,,1742193686.0,0.95,866,0,,MeatballDom,48,False,0,False,text
history,1jbxkol,Scientists review Arabic manuscript containing lost works of Apollonius and shed light on Islamic scientific tradition,465,https://reddit.com/r/history/comments/1jbxkol/scientists_review_arabic_manuscript_containing/,https://phys.org/news/2025-02-scientists-arabic-manuscript-lost-apollonius.html,,1742052441.0,0.94,465,0,Science site article,Apprehensive-Ad6212,23,False,0,False,text
history,1jbuimo,The rattan shield of the Chinese Ming Dynasty,72,https://reddit.com/r/history/comments/1jbuimo/the_rattan_shield_of_the_chinese_ming_dynasty/,https://www.youtube.com/watch?v=aqtmv_Jg5Zk,,1742043400.0,0.84,72,0,Video,ByzantineBasileus,12,False,0,False,text
history,1jbuliy,Weekly History Questions Thread.,22,https://reddit.com/r/history/comments/1jbuliy/weekly_history_questions_thread/,https://www.reddit.com/r/history/comments/1jbuliy/weekly_history_questions_thread/,"Welcome to our History Questions Thread!

This thread is for all those history related questions that are too simple, short or a bit too silly to warrant their own post.

So, do you have a question about history and have always been afraid to ask? Well, today is your lucky day. Ask away!

Of course all our regular rules and guidelines still apply and to be just that bit extra clear:

Questions need to be historical in nature. Silly does not mean that your question should be a joke. [r/history](https://www.reddit.com/r/history/) also has an active [discord server](https://discord.com/invite/r-history-284001693044310016) where you can discuss history with other enthusiasts and experts.",1742043649.0,0.86,22,0,Discussion/Question,AutoModerator,64,False,0,False,text
history,1jb82rs,Archaeologists Unearth Ancient Clay Puppets,113,https://reddit.com/r/history/comments/1jb82rs/archaeologists_unearth_ancient_clay_puppets/,https://www.smithsonianmag.com/smart-news/archaeologists-unearth-ancient-clay-puppets-with-open-mouths-and-detachable-heads-that-resemble-modern-toy-dolls-180986173/,,1741969938.0,0.93,113,0,Science site article,willowwing,1,False,0,False,text
history,1japg6m,A Study Reveals That Greek and Roman Statues Were Not Only Painted and Adorned with Textiles and Jewelry but Also Perfumed,1791,https://reddit.com/r/history/comments/1japg6m/a_study_reveals_that_greek_and_roman_statues_were/,https://www.labrujulaverde.com/en/2025/03/a-study-reveals-that-greek-and-roman-statues-were-not-only-painted-and-adorned-with-textiles-and-jewelry-but-also-perfumed/,,1741906986.0,0.98,1791,0,Article,Magister_Xehanort,49,False,0,False,text
history,1j9qs42,The forgotten story of the woman who invented the dishwasher,968,https://reddit.com/r/history/comments/1j9qs42/the_forgotten_story_of_the_woman_who_invented_the/,https://www.popsci.com/technology/josephine-cochrane-dishwasher-inventor/?utm_medium=email&utm_source=pocket_hits&utm_campaign=POCKET_HITS-EN-DAILY-SPONSORED&PAVED-2025_03_10=&sponsored=0&position=7&category=fascinating_stories&scheduled_corpus_item_id=b257f762-56cb-428d-9684-a3f19b01d425&url=https://www.popsci.com/technology/josephine-cochrane-dishwasher-inventor/,,1741803447.0,0.93,968,0,Science site article,SunAdvanced7940,39,False,0,False,text
history,1j9jahb,Rembrandt to Picasso: Five ways to spot a fake masterpiece,144,https://reddit.com/r/history/comments/1j9jahb/rembrandt_to_picasso_five_ways_to_spot_a_fake/,https://www.bbc.com/culture/article/20250311-rembrandt-to-picasso-five-ways-to-spot-a-fake-masterpiece,,1741783748.0,0.88,144,0,,JoeParkerDrugSeller,8,False,0,False,text
history,1j9b4yb,"The 35,000-year-old carved boulder, shaped into a tortoise, was found in Manot Cave a location which was inhabited by both prehistoric humans and Neanderthals",284,https://reddit.com/r/history/comments/1j9b4yb/the_35000yearold_carved_boulder_shaped_into_a/,https://www.smithsonianmag.com/smart-news/a-mysterious-boulder-carved-look-like-tortoise-shell-may-offer-evidence-middle-east-earliest-ritual-ceremonies-180985691/,,1741754208.0,0.95,284,0,,MeatballDom,24,False,0,False,text
history,1j9iek8,Bookclub and Sources Wednesday!,12,https://reddit.com/r/history/comments/1j9iek8/bookclub_and_sources_wednesday/,https://www.reddit.com/r/history/comments/1j9iek8/bookclub_and_sources_wednesday/,"Hi everybody,

Welcome to our weekly book recommendation thread!

We have found that a lot of people come to this sub to ask for books about history or sources on certain topics. Others make posts about a book they themselves have read and want to share their thoughts about it with the rest of the sub.

We thought it would be a good idea to try and bundle these posts together a bit. One big weekly post where everybody can ask for books or (re)sources on any historic subject or timeperiod, or to share books they recently discovered or read. Giving opinions or asking about their factuality is encouraged!

Of course it’s not limited to \*just\* books; podcasts, videos, etc. are also welcome. As a reminder, r/history  also has a recommended list of things to read, listen to or watch [here.](https://www.reddit.com/r/history/wiki/recommendedlist/)",1741780858.0,0.73,12,0,Discussion/Question,AutoModerator,15,False,0,False,text
history,1j6phju,How did Yahweh become God? The Origins of Monotheism,870,https://reddit.com/r/history/comments/1j6phju/how_did_yahweh_become_god_the_origins_of/,https://youtu.be/lGCqv37O2Dg?si=j4iMal-jBuOSwEG3,,1741463862.0,0.89,870,0,Video,clutchest_nugget,108,False,0,False,text
history,1j6gnw4,Weekly History Questions Thread.,40,https://reddit.com/r/history/comments/1j6gnw4/weekly_history_questions_thread/,https://www.reddit.com/r/history/comments/1j6gnw4/weekly_history_questions_thread/,"Welcome to our History Questions Thread!

This thread is for all those history related questions that are too simple, short or a bit too silly to warrant their own post.

So, do you have a question about history and have always been afraid to ask? Well, today is your lucky day. Ask away!

Of course all our regular rules and guidelines still apply and to be just that bit extra clear:

Questions need to be historical in nature. Silly does not mean that your question should be a joke. [r/history](https://www.reddit.com/r/history/) also has an active [discord server](https://discord.com/invite/r-history-284001693044310016) where you can discuss history with other enthusiasts and experts.",1741438837.0,0.81,40,0,Discussion/Question,AutoModerator,53,False,0,False,text
history,1j5mkz7,Ancient humans made tools from animal bones 1.5 million years ago,924,https://reddit.com/r/history/comments/1j5mkz7/ancient_humans_made_tools_from_animal_bones_15/,https://apnews.com/article/early-humans-bone-tools-tanzania-olduvai-gorge-aac84e0b46e0ad6537d5bdcd48088574,,1741351313.0,0.97,924,0,Article,Hiversitize,23,False,0,False,text
history,1j56jt4,Ancient genomes reveal an Iron Age society centred on women: « The researchers seized upon a rare opportunity to sequence DNA from many members of a single community. »,456,https://reddit.com/r/history/comments/1j56jt4/ancient_genomes_reveal_an_iron_age_society/,https://www.tcd.ie/news_events/top-stories/featured/ancient-genomes-reveal-an-iron-age-society-centred-on-women/,,1741296261.0,0.89,456,0,Article,fchung,17,False,0,False,text
history,1j4rqhi,The Chinese Wolf Brush Spear,166,https://reddit.com/r/history/comments/1j4rqhi/the_chinese_wolf_brush_spear/,https://www.youtube.com/watch?v=gOU5pQRnHsw,,1741253356.0,0.86,166,0,Video,ByzantineBasileus,10,False,0,False,text
history,1j444ij,Betting on the Pope was the original prediction market,496,https://reddit.com/r/history/comments/1j444ij/betting_on_the_pope_was_the_original_prediction/,https://nodumbideas.com/p/betting-on-the-pope-was-the-original,,1741184408.0,0.92,496,0,Article,nodumbideas,12,False,0,False,text
history,1j41gqe,Bookclub and Sources Wednesday!,22,https://reddit.com/r/history/comments/1j41gqe/bookclub_and_sources_wednesday/,https://www.reddit.com/r/history/comments/1j41gqe/bookclub_and_sources_wednesday/,"Hi everybody,

Welcome to our weekly book recommendation thread!

We have found that a lot of people come to this sub to ask for books about history or sources on certain topics. Others make posts about a book they themselves have read and want to share their thoughts about it with the rest of the sub.

We thought it would be a good idea to try and bundle these posts together a bit. One big weekly post where everybody can ask for books or (re)sources on any historic subject or timeperiod, or to share books they recently discovered or read. Giving opinions or asking about their factuality is encouraged!

Of course it’s not limited to \*just\* books; podcasts, videos, etc. are also welcome. As a reminder, r/history  also has a recommended list of things to read, listen to or watch [here.](https://www.reddit.com/r/history/wiki/recommendedlist/)",1741176051.0,0.72,22,0,Discussion/Question,AutoModerator,4,False,0,False,text
history,1j2rdwc,"Very rare paintings depicting the god of wine unearthed in Pompeii 2,000 years after city was buried by ash and lava",1100,https://reddit.com/r/history/comments/1j2rdwc/very_rare_paintings_depicting_the_god_of_wine/,https://www.cbsnews.com/news/pompeii-rare-paintings-god-of-wine-unearthed/?ftag=CNM-00-10aab8d&linkId=760695649,,1741030851.0,0.97,1100,0,Article,Delicious_Adeptness9,25,False,0,False,text
history,1j2m6ju,Historian Explains how accurate the fall of Phnom Penh was in “The Killing Fields” movie,206,https://reddit.com/r/history/comments/1j2m6ju/historian_explains_how_accurate_the_fall_of_phnom/,https://youtu.be/8QdRvpbMr_w?si=ov_GdkQcd2KkC5ad,,1741018211.0,0.92,206,0,Video,[deleted],16,False,0,False,text
history,1j2e8ij,Did Iron Age 'begin' in India? Tamil Nadu dig sparks debate,176,https://reddit.com/r/history/comments/1j2e8ij/did_iron_age_begin_in_india_tamil_nadu_dig_sparks/,https://www.bbc.com/news/articles/c62e36jm4jro.amp,,1740991088.0,0.77,176,0,Article,IndividualSociety567,27,False,0,False,text
history,1j2cyej,A comparison of the tactics and strategy of Tang China and the Eastern Roman Empire,57,https://reddit.com/r/history/comments/1j2cyej/a_comparison_of_the_tactics_and_strategy_of_tang/,https://www.youtube.com/watch?v=odt23gXjAs0,,1740985409.0,0.86,57,0,Video,ByzantineBasileus,2,False,0,False,text
history,1j0xmy3,"13,000 year old needles made from fox, bobcat, cheetah, and lynx bones found at the La Prele Mammoth site have helped researchers understand how people in this region made clothing",1006,https://reddit.com/r/history/comments/1j0xmy3/13000_year_old_needles_made_from_fox_bobcat/,https://edition.cnn.com/2024/12/04/science/ancient-needles-discovery-wyoming/index.html,,1740829216.0,0.98,1006,0,,MeatballDom,9,False,0,False,text
history,1j11lhr,A comparison of ancient and medieval Chinese and Japanese armor,98,https://reddit.com/r/history/comments/1j11lhr/a_comparison_of_ancient_and_medieval_chinese_and/,https://www.youtube.com/watch?v=rvw6G6wbWAU,,1740841948.0,0.92,98,0,Video,ByzantineBasileus,9,False,0,False,text
history,1j0yyal,Weekly History Questions Thread.,19,https://reddit.com/r/history/comments/1j0yyal/weekly_history_questions_thread/,https://www.reddit.com/r/history/comments/1j0yyal/weekly_history_questions_thread/,"Welcome to our History Questions Thread!

This thread is for all those history related questions that are too simple, short or a bit too silly to warrant their own post.

So, do you have a question about history and have always been afraid to ask? Well, today is your lucky day. Ask away!

Of course all our regular rules and guidelines still apply and to be just that bit extra clear:

Questions need to be historical in nature. Silly does not mean that your question should be a joke. [r/history](https://www.reddit.com/r/history/) also has an active [discord server](https://discord.com/invite/r-history-284001693044310016) where you can discuss history with other enthusiasts and experts.",1740834063.0,0.85,19,0,Discussion/Question,AutoModerator,38,False,0,False,text
history,1izlwjh,Lidar Uncovers Hidden Chacoan Roads and Ritual Sites at the Gasco Site,408,https://reddit.com/r/history/comments/1izlwjh/lidar_uncovers_hidden_chacoan_roads_and_ritual/,https://blog.lidarnews.com/lidar-chacoan-roads-gasco-site/,"
Interesting article on the uses of lidar in archaeology to discover historic surface features in the Red Mesa Valley of New Mexico

This article shows how researchers use lidar technology to create high resolution surface models and are in turn able to distinguish features that would otherwise be impossible to detect with aerial imagery alone.  Lidar is an emerging technology in the field of archeological discovery and is allowing scientists to more accurately locate areas of historical importance!

Full article available here: https://www.cambridge.org/core/journals/antiquity/article/parallel-roads-solstice-and-sacred-geography-at-the-gasco-site-a-chacoan-ritual-landscape/E62FC771017B1D64BF839CE7A429DD5B#
",1740678879.0,0.96,408,0,Article,MikeC_137,12,False,0,False,text
history,1iz09bo,Northwest of Baghdad a neglected Sasanian-era (A.D. 224–651) site known as the 'Zindan' (a Persian word for prison) may have actually been a massive defensive fortress,511,https://reddit.com/r/history/comments/1iz09bo/northwest_of_baghdad_a_neglected_sasanianera_ad/,https://archaeology.org/issues/march-april-2025/digs-discoveries/prison-or-fortress/,,1740608982.0,0.95,511,0,,MeatballDom,19,False,0,False,text
history,1iylx0e,Bookclub and Sources Wednesday!,56,https://reddit.com/r/history/comments/1iylx0e/bookclub_and_sources_wednesday/,https://www.reddit.com/r/history/comments/1iylx0e/bookclub_and_sources_wednesday/,"Hi everybody,

Welcome to our weekly book recommendation thread!

We have found that a lot of people come to this sub to ask for books about history or sources on certain topics. Others make posts about a book they themselves have read and want to share their thoughts about it with the rest of the sub.

We thought it would be a good idea to try and bundle these posts together a bit. One big weekly post where everybody can ask for books or (re)sources on any historic subject or timeperiod, or to share books they recently discovered or read. Giving opinions or asking about their factuality is encouraged!

Of course it’s not limited to \*just\* books; podcasts, videos, etc. are also welcome. As a reminder, r/history  also has a recommended list of things to read, listen to or watch [here.](https://www.reddit.com/r/history/wiki/recommendedlist/)",1740571272.0,0.84,56,0,Discussion/Question,AutoModerator,24,False,0,False,text
history,1ixyqjh,Metal detectorists unearth 15th Century coin hoard,761,https://reddit.com/r/history/comments/1ixyqjh/metal_detectorists_unearth_15th_century_coin_hoard/,https://www.bbc.com/news/articles/c5y98w4leyqo,,1740500143.0,0.97,761,0,Article,pipilupe,21,False,0,False,text
history,1iygar9,Historian Alexander Bevilacqua discusses the Renaissance,26,https://reddit.com/r/history/comments/1iygar9/historian_alexander_bevilacqua_discusses_the/,https://youtu.be/ib0zZ9SizZ8?si=rsAJDUl1xgRaDMnh,,1740547814.0,0.71,26,0,,MeatballDom,11,False,0,False,text
history,1ix0ubt,"Blitz stew, beer and sightseeing: how London survived the bombs. A new exhibition shows how life went on among the ruins",157,https://reddit.com/r/history/comments/1ix0ubt/blitz_stew_beer_and_sightseeing_how_london/,https://www.thetimes.com/uk/london/article/london-in-the-second-world-war-blitz-london-archives-cc7xqqzxl?utm_medium=Social&utm_source=Reddit#Echobox=1740399913,,1740399964.0,0.93,157,0,Article,TimesandSundayTimes,4,False,0,False,text
history,1iwjz7w,'Amateur and dangerous': Historians weigh in on viral AI history videos,2099,https://reddit.com/r/history/comments/1iwjz7w/amateur_and_dangerous_historians_weigh_in_on/,https://www.bbc.co.uk/news/articles/cy87076pdw3o,,1740343303.0,0.96,2099,0,,KewpieCutie97,102,False,0,False,text
history,1ixizos,Postrevolutionary Modes - An Essay About Transgender Women and Fashion,0,https://reddit.com/r/history/comments/1ixizos/postrevolutionary_modes_an_essay_about/,https://trickymothernature.com/postrevmodes.html,,1740446824.0,0.41,0,0,,DickButtwoman,1,False,0,False,text
history,1ivi7id,Weekly History Questions Thread.,43,https://reddit.com/r/history/comments/1ivi7id/weekly_history_questions_thread/,https://www.reddit.com/r/history/comments/1ivi7id/weekly_history_questions_thread/,"Welcome to our History Questions Thread!

This thread is for all those history related questions that are too simple, short or a bit too silly to warrant their own post.

So, do you have a question about history and have always been afraid to ask? Well, today is your lucky day. Ask away!

Of course all our regular rules and guidelines still apply and to be just that bit extra clear:

Questions need to be historical in nature. Silly does not mean that your question should be a joke. [r/history](https://www.reddit.com/r/history/) also has an active [discord server](https://discord.com/invite/r-history-284001693044310016) where you can discuss history with other enthusiasts and experts.",1740229239.0,0.75,43,0,Discussion/Question,AutoModerator,35,False,0,False,text
history,1iunh6e,A Thousand Blows: How a historic women-only gang menaced London for decades,785,https://reddit.com/r/history/comments/1iunh6e/a_thousand_blows_how_a_historic_womenonly_gang/,https://www.bbc.com/culture/article/20250219-a-thousand-blows-how-a-women-only-gang-menaced-victorian-london,,1740132130.0,0.93,785,0,,MeatballDom,10,False,0,False,text
history,1iuli9u,"Ploughing up the battlefield; Inca warfare, conquest and resilience",74,https://reddit.com/r/history/comments/1iuli9u/ploughing_up_the_battlefield_inca_warfare/,https://jumpshare.com/s/7SdFHggSs1RBVRnOtFyJ,,1740123646.0,0.88,74,0,Article,ByzantineBasileus,3,False,0,False,text
history,1itlzod,First pharaoh's tomb found in Egypt since Tutankhamun's,4830,https://reddit.com/r/history/comments/1itlzod/first_pharaohs_tomb_found_in_egypt_since/,https://www.bbc.com/news/articles/c5ym30v356po,,1740013204.0,0.98,4830,0,News article,iambarrelrider,138,False,0,False,text
history,1itu9x4,The History of the Assassination of Zoran Đinđić,39,https://reddit.com/r/history/comments/1itu9x4/the_history_of_the_assassination_of_zoran_đinđić/,https://www.youtube.com/watch?v=yv8cNrymqtY,,1740042124.0,0.81,39,0,Video,Amphicyonidae,6,False,0,False,text
history,1itvsd3,"Spies of the 17th century: interview with the director with a specialist, N. Genet-Rouffiac",24,https://reddit.com/r/history/comments/1itvsd3/spies_of_the_17th_century_interview_with_the/,https://www.reddit.com/r/history/comments/1itvsd3/spies_of_the_17th_century_interview_with_the/,"I am creating a historical game set in XVIIth century France in a monument called Port-Royal-des-Champs. It is part of a research project on heritage promotion (I am at the CHCSC lab of the University of Versailles).

The Abbess Garden story is a mix of history and fiction. It begins in 1643 and occurs in the Abbey of Port-Royal-des-Champs in France. This abbey is now a [national museum](https://www.port-royal-des-champs.eu/). The main plot revolves around the legacy of a deceased and very real British spy, [John Cecil](https://en.wikipedia.org/wiki/John_Cecil_(priest)), who died in Paris in 1626.  
  
Nathalie Genet-Rouffiac is the director and curator of the Port-Royal-des-Champs, but she is also a historian specialising in spies. Before joining the museum, she did her PhD on the British Islands in the 17th century and worked on English and Irish nationals in France who were often forced to become spies. She then worked as the head of archives for the WWII spies in France.   
  
I asked her for an interview on real spies of the 17th century. For about 1 hour, we discussed British spies and their relation to this place, gardening history, religious views of the time, etc. You can watch the video here: [https://www.youtube.com/watch?v=4PHSUT4x6XQ](https://www.youtube.com/watch?v=4PHSUT4x6XQ)

I hope you'll find it interesting!

If you want to get updates about the game, here is our newsletter: [https://theabbessgarden.eo.page/newsl...](https://www.youtube.com/redirect?event=video_description&redir_token=QUFFLUhqbVFoalNtWVpJUU1wclBMaHhBUFlYbWlySnhZUXxBQ3Jtc0ttc0lQN29PdUFKcWZZLUhuNmpLM1ktMzBFRURoTXFvdkpHUXBKQlZfWUplV2Z4MjBJelhiYzNCYm9XYm5Gc0w2Z2JSZkZfZDhuXzRkR1R3NS1UT1pISWI5VGZHOWJabkZ1WllUSXI5aFU1c2JYcGFnTQ&q=https%3A%2F%2Ftheabbessgarden.eo.page%2Fnewsletter&v=4PHSUT4x6XQ)

I'm available to answer your questions! Although I am not a historian (my research speciality is using video games for natural and cultural heritage), I have been working on Port Royal for a long time and will be happy to share my knowledge!",1740048576.0,0.77,24,0,Video,EdwigeLel,4,False,0,False,text
history,1islkbb,Long-lost royal tomb of King Thutmose II finally discovered in Luxor - Ancient Egypt - Antiquities,1017,https://reddit.com/r/history/comments/1islkbb/longlost_royal_tomb_of_king_thutmose_ii_finally/,https://english.ahram.org.eg/NewsContent/9/40/540638/Antiquities/Ancient-Egypt/Longlost-royal-tomb-of-King-Thutmose-II-finally-di.aspx,,1739907669.0,0.97,1017,0,Article,Magister_Xehanort,15,False,0,False,text
history,1it3uf7,Bookclub and Sources Wednesday!,33,https://reddit.com/r/history/comments/1it3uf7/bookclub_and_sources_wednesday/,https://www.reddit.com/r/history/comments/1it3uf7/bookclub_and_sources_wednesday/,"Hi everybody,

Welcome to our weekly book recommendation thread!

We have found that a lot of people come to this sub to ask for books about history or sources on certain topics. Others make posts about a book they themselves have read and want to share their thoughts about it with the rest of the sub.

We thought it would be a good idea to try and bundle these posts together a bit. One big weekly post where everybody can ask for books or (re)sources on any historic subject or timeperiod, or to share books they recently discovered or read. Giving opinions or asking about their factuality is encouraged!

Of course it’s not limited to \*just\* books; podcasts, videos, etc. are also welcome. As a reminder, r/history  also has a recommended list of things to read, listen to or watch [here.](https://www.reddit.com/r/history/wiki/recommendedlist/)",1739966460.0,0.8,33,0,Discussion/Question,AutoModerator,8,False,0,False,text
history,1is7kx2,"Furussiya, or the art of cavalry warfare in Medieval Islam",107,https://reddit.com/r/history/comments/1is7kx2/furussiya_or_the_art_of_cavalry_warfare_in/,https://www.youtube.com/watch?v=uMdFlfmFxGI,,1739865230.0,0.81,107,0,Video,ByzantineBasileus,11,False,0,False,text
history,1irujrk,r/History State of Play 2025,134,https://reddit.com/r/history/comments/1irujrk/rhistory_state_of_play_2025/,https://www.reddit.com/r/history/comments/1irujrk/rhistory_state_of_play_2025/,"Hello everyone!

Welcome to r/History’s annual update. If you can cast your minds back to 2024, we had the Reddit blackout in June, and it was quite an interesting year all around. Fortunately, 2025 looks set to be a peaceful and normal year.

We’ll be frank: we at r/History understand and acknowledge that 2025 will be a tough year for many. Even though it’s only February, it's going to be a politically charged year. We recognise that, and we’re all in this together. We all share this small rock flying through space, and we are all affected by global events. So, it feels appropriate to make the following point.

r/History has always had, and always will have…

**The 20-year rule.**

The 20-year rule limits discussion on r/History to events that happened more than 20 years ago. If you talk about modern events, it will be removed. If you post about the current political climate in New Zealand, it will be removed. If you write a 1,000-word post on why Lorde’s album *Melodrama* is the most influential and important pop album of the past 10 years, you will be correct- but your post will also be removed. We don’t allow modern politics or soapboxing in any form. If you try to sneak in a comparison between Ancient Rome and modern-day United States, it’s the same story. Every post on this subreddit needs to be manually approved by a moderator, and we will pick it up.

This also means that your post, even if it’s perfectly valid, might not get approved immediately. Please don’t repost it; we’ll get around to it and will nearly always provide a reason if it’s removed. We’ve noticed Reddit’s automated filters can be a little zealous, so if you feel your post should’ve been accepted, feel free to send us a modmail.

Here’s an interesting fact: on average, we remove about 90% of all submitted posts. We believe this helps us maintain the higher standards of the subreddit.

Speaking of higher standards:

**Rule 4**: **Comments should be on-topic and contribute to the conversation in a meaningful way.**

If you see a post with lots of removed comments, this is usually why. We don’t want good, factual answers buried under tropes or memes like you see on other subreddits. No, the 2,500-year-old papyrus did not say, “Drink your Ovaltine.” If there’s a post about finding 10,000-year-old Xenomorph eggs in the basement of an Aztec temple in the Arctic, “You’d better not open that!” shouldn’t be the top answer.

We generally remove joke comments to help keep conversations focused- so if it seems like you're the first to think of a joke or reference, chances are we've already removed several similar comments.

**The Weekly Question Thread and Book Club Thread**

The majority of posts that get removed will be directed to these threads, which refresh every Saturday and Wednesday- unless there’s a more important sticky thread that needs to go up (Reddit limits us to two sticky threads, so we make do). Most removed posts are either short questions or book-related queries. These questions belong in these threads.

**The last and most important rule: Keep it Civil**

It costs nothing to be nice to people. If you can’t help being an outraged jerk, go ahead and click the unsubscribe button- you’re welcome to leave. r/History is an inclusive community and welcomes all. Any hate speech will be removed, and you’ll likely be banned for it. If you see someone spewing hatred, don’t engage, just click the report button and a moderator will take care of it. Don’t engage in shit-throwing, because no one wins, and we’re all worse off for it.

That’s pretty much it! As usual, if you're interested in becoming a moderator, you can apply via the sidebar. Any burning questions, feel free to ask below.

Thanks,

Mod Team",1739825643.0,0.82,134,0,Discussion/Question,KewpieCutie97,27,False,0,False,text
history,1ir9zjh,On the Origin of the Pork Taboo: Exploring Ancient People's Shifting Beliefs about Rearing and Eating Pigs,930,https://reddit.com/r/history/comments/1ir9zjh/on_the_origin_of_the_pork_taboo_exploring_ancient/,https://archaeology.org/issues/march-april-2025/letters-from/on-the-origin-of-the-pork-taboo/,,1739761226.0,0.95,930,0,,MeatballDom,112,False,0,False,text
history,1irp0z2,"On the Gracchi, Part I: Tiberius Gracchus",50,https://reddit.com/r/history/comments/1irp0z2/on_the_gracchi_part_i_tiberius_gracchus/,https://acoup.blog/2025/01/17/collections-on-the-gracchi-part-i-tiberius-gracchus/,,1739812593.0,0.86,50,0,Article,Magister_Xehanort,1,False,0,False,text
history,1irae84,"Have Crown, Will Travel: The Circumnavigation of King Kalākaua | Worlds Revealed",103,https://reddit.com/r/history/comments/1irae84/have_crown_will_travel_the_circumnavigation_of/,https://blogs.loc.gov/maps/2024/08/have-crown-will-travel-the-circumnavigation-of-king-kalakaua/,,1739762551.0,0.95,103,0,Article,[deleted],10,False,0,False,text
history,1iqpeay,Jane Austen used pins to edit her manuscripts: A look into how some authors edited before the word processor & White-Out,395,https://reddit.com/r/history/comments/1iqpeay/jane_austen_used_pins_to_edit_her_manuscripts_a/,https://www.openculture.com/2025/02/jane-austen-pins-to-edit-her-manuscripts.html,,1739701355.0,0.94,395,0,Article,JoeParkerDrugSeller,5,False,0,False,text
history,1iqlewx,The Deportation Campaigns of the Great Depression,196,https://reddit.com/r/history/comments/1iqlewx/the_deportation_campaigns_of_the_great_depression/,https://www.history.com/news/great-depression-repatriation-drives-mexico-deportation,,1739684543.0,0.89,196,0,Article,-Clayburn,14,False,0,False,text
history,1iq0ubw,Weekly History Questions Thread.,43,https://reddit.com/r/history/comments/1iq0ubw/weekly_history_questions_thread/,https://www.reddit.com/r/history/comments/1iq0ubw/weekly_history_questions_thread/,"Welcome to our History Questions Thread!

This thread is for all those history related questions that are too simple, short or a bit too silly to warrant their own post.

So, do you have a question about history and have always been afraid to ask? Well, today is your lucky day. Ask away!

Of course all our regular rules and guidelines still apply and to be just that bit extra clear:

Questions need to be historical in nature. Silly does not mean that your question should be a joke. [r/history](https://www.reddit.com/r/history/) also has an active [discord server](https://discord.com/invite/r-history-284001693044310016) where you can discuss history with other enthusiasts and experts.",1739624439.0,0.77,43,0,Discussion/Question,AutoModerator,54,False,0,False,text
history,1ipwsql,The Empire after Westphalia: A new perspective?,86,https://reddit.com/r/history/comments/1ipwsql/the_empire_after_westphalia_a_new_perspective/,https://www.reddit.com/r/history/comments/1ipwsql/the_empire_after_westphalia_a_new_perspective/,"The Holy Roman Empire (The Empire, or *Reich*) is one of the most misunderstood polities in European history. Voltaire’s quib, that the Empire was neither Holy, nor Roman, nor an Empire, is one such example (this quote itself is... disputable). Since the dawn of time (more precisely, since Aristotelian philosophy in the words of Peter Wilson), the desire to classify things into clearly defined categories has been enacted upon. We see the same in historiography. For many years, historians have sought to explain one key question pertaining to the Empire: What is it? Is it a state? Is it a federation? Is it an alliance? Can we compare it to the European Union? Why wasn't it more centralized like other more ""successful"" polities? (i.e. Bourbon France)

19th and 20th century historiography is somewhat guilty for the Empire’s bad perception, German historiography in particular. German historians, whose works were often focused on the nationalist rise of the Prusso-German nation state, regarded the Empire as a failure of an entity: a low point in national development. Why did Germany form into a nation-state last when compared to France, for example? Blame the HRE! It was only recently that the Empire began to see a new light amongst academics. Since the 1960s, the Imperial institutions of the Aulic Council (*Reichshofrat*) and *Reichskammergericht* (the two supreme courts of the Empire) have been extensively researched, for example. Even though there is some new popular opinion that has proposed the Medieval Empire (i.e. the Hohenstaufen) was “relatively” centralized (as centralized as a medieval-esque polity can be, which isn’t much), many will still point out that the Empire after Westphalia (The Peace of Westphalia, 1648) was a mere formality, an entity that had little to no central power: a collection of “sovereign and independent” princes.

This is still a heavily debated topic in academia, with some historians arguing that the Empire was more so ""alive and kicking"" and others consider it much more of a failure. German historian Barbara Stollberg-Rilinger is described to consider ""the empire... a medieval political community that was ill-suited to any kind of modernization or rationalization; to the extent that the cold light of reason penetrated the dark and cavernous chambers of the empire’s constitution, the old walls crumbled and the moldering beams supporting the roof collapsed"" (though even Stollberg-Rilinger agrees that the Empire after Westphalia saw a temporary resurgence, which I later refer to as the “Leopoldian Restoration”). Meanwhile, Peter Wilson, another foremost historian on the early modern Empire, is described as ""more skeptical about the thesis of an inevitable and irreversible decline of the empire in the eighteenth century"".

There is certainly an argument that the Empire weakened after 1740 and the War of the Austrian Succession (1740-1748). The Bavarian Emperor Charles VII, elected in opposition to the Habsburgs with support from Prussia, France, and the Wittelsbach trifecta political bloc (Bavaria, the Palatinate, and Cologne: the first two hereditary electorates and the latter an ecclesiastical secundogeniture since the 1588 Cologne War), ended nearly 3 centuries of Habsburg monopoly over the Imperial title. The issue is that Charles's personal power was limited, and soon his lands in Bavaria, along with his seat in Munich, were under Habsburg occupation. Later, to rectify his bad position, Charles considered an integration of small estates (the word “estate” is used in many contexts: in this case, it is used in this context to refer to immediate subjects of the Emperor, but it may also sometimes be used to refer to local, mediate subjects) around Bavaria, namely ecclesiastical lands and imperial cities. This was a violation of the very nature of the Emperor's position as a guarantor and protector of the Empire (especially the smaller estates and bishoprics, which the Habsburgs had developed a positive relationship with), and this led to a loss in credibility to the office. Following this Wittelsbach interlude, the Habsburgs returned to power as the only viable alternative, but the damage had been done. In particular, Prussia had grown greatly in power (militarily, politically, and diplomatically), and this led to a great polarization in the Empire between Prussia and Austria. Imperial procedures over vassalage were challenged too, as Prussia received concessions from Charles VII and as a result, everyone else also wanted concessions. This all challenged the Empire's structure and its cohesion as a whole. Unfortunately, I cannot dive deep into this heavily debated topic in this essay, though I would argue that despite all this, there were still functionalities within the Empire to an extent, even after 1740.

With that said, I would like to discuss the notion that Westphalia spelled the “end” of the Empire (a concept referred to by some as the “Westphalian Myth”), which I personally disagree with. Rather, (and this is my thesis here) I say that the Empire after Westphalia had plenty of collective authority, especially during the late 17th and early 18th centuries. Some historians, such as Heinz H. F. Eulau, saw the HRE as a sort of federal entity. Though I approach this term tentatively (I hesitate to label the Empire’s political system as a singular concept), this idea has merit. This can be supported by evidence like the local Imperial Circles, or *Kreis*. The circles, being a grouping of Imperial estates, often banded together for collective security. Within the circles of course, were the immediate subjects of the Empire. These ranged from large secular polities like Saxony, to smaller polities like the many scattered Imperial Knightly territories (*Reichsritter*). Below that were the local nobility, estates, administrators, and peoples, subject to an Imperial estate, fleshing out an Empire > Circle > Imperial Estate > Local Estate structure. Overtime, the many laws, procedures, and precedents between these groups coalesced into what some historians refer to as an “Imperial constitution”. There are many major events that contributed to the development of this constitution: the Golden Bull (1365), Maximilian’s early attempts at *Reichsreform*, the Peace of Augsburg (1555), and of course, the dual treaties of Münster and Osnabrück (1648), which together constitute Westphalia.

Evolving out of the highly decentralized nature of “feudal” politics, Imperial estates of course were free to practice their own law to some extent (*Landeshoheit*, territorial jurisdiction) and diplomacy (*ius foederum*): for example, Wittelsbach electoral foreign policy (like in the Palatinate and Bavaria) sometimes went against Imperial prerogative (though there were technically legal limits on this). This is not to say that the estates were free to do whatever they wanted. The Empire had numerous legal institutions to enforce authority on all princes, often with help from the circles, and individual polities. It is in this regard that the “Westphalian Myth” is challenged in regards to Germany, at least. There is often an assertion to a concept referred to as the “Westphalian System”, the post 1648 European political environment where each sovereign state was to possess exclusive authority over their own internal affairs. However, this just isn’t the reality in Germany. 

Contemporary jurists, for instance, were well aware that Imperial estates were not fully sovereign. An example would be Johann Stephan Pütter, who declared that “princes who abuse their territorial power have been shown by a higher power that they are not independent… the highest Imperial courts have issued verdicts aimed at pushing back the exercise of the territorial governing powers into certain boundaries”. It is through this system that the Emperor, and the Empire as an institution, became a guardian of the rights enshrined within the Imperial constitution (the nature of the Emperor in this “guardian” role is complicated, and draws from numerous concepts like feudal law and ritual, i.e. enfeoffment).

I point to the crisis in Brandenburg-Kulmbach (1716). Complex inheritance law and some Prussian shenanigans meant that the small principality was at risk of being “annexed” by its much larger Hohenzollern cousin. An appeal by Kulmbach to the Schönborn chancellery of Mainz and Emperor Charles VI went to the Aulic Council, which promptly declared that Prussia’s succession claims to the principality were invalid, and defended the rights of Kulmbach. Prussia complied with the Aulic Council’s demands, and the Kulmbach crisis was settled. War was averted. A Kulmbach commenter is reported to have stated, “at least in Germany we no longer have to rely on weapons, but on due process, which gives the weaker estates cause to rejoice” \[1\].

This process is known as juridification (*Verrechtlichung*), in which legal methods were employed to settle disputes instead of war, a corollary of *Ewiger Landfriede* (Perpetual Piece), a part of Imperial legal development since 1495. As historians have remarked, the HRE is quite famous for this. Despite its high militarization, many conflicts in the Empire were settled without escalating to war. In the time conflict did arise, circles could be ordered to create commissions, which would help deal with disobedient rulers. Hesse-Kassel’s refusal to obey Imperial demands in the Rheinfels affair (1718) led to intervention by local estates, namely the Palatinate, Mainz, and Trier, who engaged in skirmishes with the Hessians. The threat of Imperial soldiers returning from the Turkish War (1716-1718) made the Hessian Landgrave reconsider his choices, and promptly accept the Imperial mandate.

Nassau-Siegen’s tyranny during the reign of Prince William Hyacinth is another example of the collective cooperation of estates to defend Imperial law. William Hyacinth’s bad behavior led to numerous lawsuits at the Aulic Council by his subjects, resulting in the eventual armed occupation of his princedom (1707) by Electoral Cologne, at the request of the court (with cooperation from the local Imperial circle). He was then removed from power. The Empire’s use of force to remove rulers who violated the rights of their subjects were common. Similar cases can be seen in Mecklenburg and Württemberg. The right for subjects, including peasants, to sue their rulers at the Imperial courts is special in early modern Europe. Peasant delegations often arrived before the Aulic Council and *Reichskammergericht*. An agent at the *Reichskammergericht* is said to have stated “these kinds of lawsuits \[that is, complaints against rulers\] have unfortunately become so frequent of late that every day whole flocks of peasants may be seen \[on their way to court\]” \[2\]. The court also helped with financial issues amongst the estates (*Debitkommissionen*). Further examples of the Aulic Council intervening within local politics are plentiful. In 1629, it halted excessive witch trials in Bamberg, finding the proceedings illegally conducted. In 1684, it went further by deposing and imprisoning the Count of Hohenems-Vaduz, who had orchestrated judicial murders under the pretext of witchcraft to seize subjects' property. Similarly, in 1687, the Aulic Council deposed the Count of Wied-Neuwied, partly due to a succession dispute but also to protect subjects from the prince's oppressive behavior. Rheingraf Karl Magnus of Grehweiler contracted large loans by forging the consent of his subjects. He used these funds to pay for his construction projects. When his fraud was uncovered, the Aulic Council sentenced him to 10 years in prison.

One would not be fully amiss to claim that larger estates could sometimes disobey Imperial mandates. Prussia did so in a succession crisis in Tecklenburg (1729), where the Aulic Council failed to enforce their verdict (though part of this was due to a conflicting ruling by the *Reichskammergericht* in 1686). But up until 1740, these were exceptions, not the norm, and even after 1740 the court continued to deal with disputes in some of the more prestigious estates (i.e. Mecklenburg). For the most part, the Aulic Council could enforce many of its verdicts, even against stronger members of the Empire (i.e. Prussia, Palatinate, Württemberg), to the extent that Frederick William I of Prussia, the famous ""Soldier King"", resorted to bribing members of the Aulic Council. He did so in hopes of receiving favorable rulings, which he could follow to avoid being contumacious. These enforcement and arbitration mechanisms all helped establish the aforementioned principle of juridification in the Empire. It wasn’t perfect, but the Empire surely did have the ability to settle disputes, and protect the legal rights of its members. To quote historian Patrick Milton, ""Leading eighteenth century jurists had no doubt that princes were not sovereign and that interventions in their affairs were permissible and desirable"" \[3\]. I would like to note that the Aulic Council and the institutions of the Empire should not be romanticized as perpetual defenders of ""the weak"". There were times when these institutions sided against subjects in favor of their overlords, and even went as far as to intervene to put down rebellions.

All of this seems contrary to the general principles of Westphalia. After all, wasn’t Westphalia meant to reduce the power of the Emperor, in the favor of the estates? It is true that the 30 Years War in general saw the limitations of the Emperor’s power. In 1630, Ferdinand II, before the Electoral College, hoped to formally establish his son as Imperial heir (a practice often partaken by the Habsburgs). Ferdinand paid the price for not maintaining positive relations with the college. The same group that had unanimously elected Ferdinand in 1619 denied the confirmation of a new Habsburg heir, and demanded the Imperial withdrawal from Mantua, the removal of the unpopular Wallenstein from Imperial military service, and the merger of Wallenstein’s army with that of the army of the Catholic League.

This anger comes from a variety of roots: Wallenstein of course was one such point of conflict. The Emperor had deposed the ancient House of Mecklenburg in northern Germany and replaced them with Wallenstein, an “upstart” in the eyes of the great Imperial princes. The 1629 Edict of Restitution (*Restitutionsedikt*), which demanded the re-Catholicization of church assets that had fallen to Protestant hands since the Peace of Augsburg (1555) was another such point of contention. Both actions, despite whatever intentions the Habsburgs may have had (some historians believe Habsburg goals were actually not intending to introduce despotism to the Empire), made the princes think that the Habsburgs were strengthening their power, and abusing the rights of the princes. This sentiment was echoed throughout Germany and beyond: a German pamphlet in 1628 expressed that Ferdinand sought to become the “master of Germany” \[2\].

From this context, it would be a valid assumption to make that Westphalia sought to limit Imperial power, to prevent another Edict of Restitution-esque scenario. Westphalia has been blamed for such in historiography. With the notion that a sovereign nation state was the optimal outcome in national development, historians sought to blame something for the great failure that is Germany unifying last: Westphalia was an easy event to blame. However, it is disputed whether or not Westphalia really weakened the position of the Emperor in the Empire, at least compared to 1618 (before the 30 Years War). We already went over the judicial powers of the courts, but even in the Diet (the Empire’s “legislature”) at least, the Emperor still had significant power, not just from a voting perspective (the Emperor’s large *hausmacht* (crownland) carried many Diet votes with it; the same is true with many of the larger estates, in particular the Electors). After 1670, the Emperor even managed to gain dominance in the diet so that they received the right to veto resolutions. “the Diet became, in part at least, an instrument of the emperor's power in the Empire. The possibility of hindering and vetoing undesirable innovations was… an invaluable feature of the Diet” \[4\].

This “Leopodian Restoration (or resurgence, one could say)” of Habsburg hegemony in the Empire, again, seems contrarian to the very principles of Westphalia. But perhaps the 30 Years War actually led the Empire to push for a more cooperative model (through juridification, for example). Westphalia, rather than dampen Imperial consolidation, may have strengthened it, acting as a constitution of the Empire (other major acts like the Golden Bull of 1356 have also been considered part of a collective unofficial Imperial constitution). The trauma of the 30 Years War, and its effects (that being the death of a massive proportion of the German populace, along with massive economic downturn), meant that princes sought to value law and legal structures more than before. Even the classic enemies, that being the Protestant and Catholic players in the Empire, sought to cooperate to an extent. Even the Emperor sided with Protestant (*Corpus* *Evangelicorum*) interests on occasion: an example would be the Zwingenberg affair (1725-1728), in which the Emperor sided against the Catholic Elector Palatine.

It is hard to believe that these bodies, which had torn each other to threads bitterly in the 16th and early 17th centuries, could cooperate in any way at all, and preserve relative peace, yet they did so in the Empire for almost 100 years, from the conclusion of Westphalia in 1648 to the War of the Austrian Succession in 1740. Of course, there were conflicts between the two religious parties still, and animosity still remained even in the Protestant camp (Lutherans and Calvinists were placed in the same body which created dispute), but for the most part, a repeat of the 30 Years War, or the Schmalkaldic War, did not occur.

In the immediate aftermath of Westphalia, it is true that the Emperor (after 1658, Leopold I) had much work to do to restore his power, and regain the trust of the estates. The Schönborn chancellery (named after the Elector of Mainz, John Phillip von Schönborn, the Imperial Arch-Chancellor), played a major role in this development. At first, Schönborn called for a counterweight amongst the estates against the Emperor. An example would be the League of the Rhine (*Erster Rheinbund*) in 1658, in which Schönborn and many other powerful German princes aligned with France against Leopold I, hoping that France could potentially defend the rights of the German estates. Later, an Imperial Deputation in Frankfurt stood as an alternative to the Diet: it was less inclined to the Emperor’s influence. But the Deputation proved unsuccessful, and Schönborn decided to compromise with the Emperor, at 1662 in Regensburg.

The Regensburg diet allowed the Schönborn chancellery to retain plenty of influence in Imperial politics (The Elector of Mainz also had the right to install a vice-chancellor in the Aulic Council). More importantly, the diet was a clear established entity that was “rooted in the traditions of the Empire” \[4\], and as such both sides: Mainz and Vienna, sought to preserve it. Leopold utilized the ecclesiastical princes by sending numerous bishops as his delegates: for example, the Archbishop of Salzburg and the Bishop of Eichstätt. By 1648, the church was no longer pushing for the counter-reformation, and as such served as a stabilizing force in the Empire: in this case, the Habsburgs could rely on the prince-bishops in the Diet: later on, the Schönborns, which ruled Mainz for the next few generations, were loyal Habsburg supporters. As for the Diet, it would consolidate into the Perpetual Diet of Regensburg. In regards to this Habsburg resurgence, to quote historian Ronald Asch, ""the decades between ca. 1690 and 1740 were a time when the emperor’s authority and prestige enjoyed a remarkable resurgence."" \[5\]

Leopold played the political game well. The Hofburg in Vienna became a vibrant center of politics and culture in the Empire, and this was greatly attractive to aspiring Imperial bureaucrats and statesmen. He used the ideals of Westphalia to position himself as a defender of the Empire. Diplomatically, Leopold concluded marriage alliances with some of the more powerful imperial princes, and granted privileges and political favors that curried loyalty from the estates: supporting Saxony in their electoral bid in Poland (1697), elevating Brunswick-Luneburg (Hanover) to an electorate (1692), and raising Prussia to the status of Kingdom (1701). As mentioned before, Leopold gained the loyalty of prince-bishops, and even staffed some of these positions and influenced ecclesiastical elections. Through his *Prinzipalkommissar* (Principal Commissioner), Leopold played an important role influencing the Diet. Also important were foreign threats including France (i.e. Reunions, 9 Years War, Palatine Succession), and the Ottoman Empire (Great Turkish War). These created a context that invited the Empire to unite. Military positions in Leopold’s army were granted to Imperial nobility, like Charles of Lorraine and Eugene of Savoy, giving opportunities to acquire prestige and fame. Imperial successes in the wars against the Ottomans not only granted the Habsburg Monarchy considerable land in Hungary and the Balkans, it also greatly increased the reputation and popularity of the Habsburgs through the usage of media. It is important to note however, in the words of Stollberg-Rilinger, that even though these circumstances “strengthened the position of the Austrian Habsburgs within Europe as well as within the Holy Roman Empire… they also highlighted the tension between the emperor’s office and the interests of his dynasty on the international stage. Habsburg interests, now more than ever, lay outside the Empire, in Italy and the Balkans.” \[6\]

One of the Diet’s accomplishments was the 1681 Imperial Military Constitution. Since 1422, the Empire had been utilizing a “common penny” and “Matricular System” to raise common imperial armies. This Imperial Army (*Reichsarmee*) should be noted as it is distinct from the army of the House of Habsburg. In 1521, the Matricular System was more so formalized, and established an army paid for through the “Roman month”. Its establishment was accepted by the Imperial Diet, and collection for tax and levies were done so through the estates. From the Imperial Register of 1521, we can see some of the expected contributions: the Elector of Saxony was meant to supply 60 horse and 277 foot, for example \[7\]. The 1681 order gave the circles the responsibility of raising and financing troops. 40,000 men were to be raised by the estates for the Reichsarmee. Stipulations were made that allowed the army to be increased when needed. This Reichsarmee would serve the Empire on occasion against France, for example.

The delegation of military responsibilities to the circles in 1681 was significant in increasing the importance of the circles within the collective Imperial structure. Whereas the Empire as a whole sometimes did indeed experience paralysis due to internal strife and debate, especially during Louis XIV’s wars, the Imperial Circles, particularly in the west, provided protection and stability. Swabia and Franconia were the two circles which experienced great success in the late 17th centuries. The leaders of the Swabian (Wurttemberg and Constance) and Franconian (Bamberg and Bayreuth) Circles rallied their surrounding estates to help form a treasury, a standing army, and a collective tax, all while regulating commerce, transportation, policing, and bureaucracy. The Swabian Circle in particular managed its own highways and even a coat of arms. The circles’ bureaucracies were important in administering policing and economic matters. 

The two circles both also had powerful assemblies. The miniature Empire comparison becomes increasingly eerie when looking into the very structure of the assemblies in Franconia, for example, which had separate benches for secular rulers, ecclesiastical rulers, and other rulers (e.g. cities), which is also how the Imperial Diet was somewhat structured. The effectiveness of the Imperial Circles, as described by historian Roger Wines, comes down to the concept of binding majority vote in these assemblies [8]. This allowed for greater efficiency on a more local level within the Empire. So even in times where the greater Empire as a whole may have been in a weaker position (e.g. such as when the Reichskammergericht was paralyzed by lack of Imperial funding), there could very much still be effective governance going on within more local areas in the Empire, like the circles. During Louis XIV’s wars, circles like Swabia and Franconia often took it upon themselves to provide protection to its members.

In conclusion, the Holy Roman Empire after Westphalia was far from the powerless, fragmented entity that has been often portrayed. While the Treaty of Westphalia certainly reinforced the autonomy of the estates, it did not spell the end of Imperial authority. Instead, the Empire adapted, maintaining cohesion through legal mechanisms, cooperation between estates, and institutional reforms. The success of juridification, the enforcement of Imperial mandates, and the ability of the Emperor to reassert influence in the Diet (and there are plenty more cases of cooperation in the Empire) all highlight that the Empire remained a functioning, albeit complex, political system. The preservation of relative peace for nearly 100 years after Westphalia, along with the Habsburg resurgence, suggest that the Empire after 1648 was not merely a formality, but to an extent, an effective system in its own right.

Perhaps Roger Wines puts it best in this short summation:

""For the \[Habsburgs\], ""emperor"" was no empty title, as the reconquest of Hungary with German men, money, and generals showed. Nor were the surviving feudal jurisdictions, adjudged by the emperor's \[Aulic Council\] in Vienna, without value. For the smaller states, the Empire continued to offer the only hope of military protection, while the imperial courts defended their rights against neighbors, or even arbitrary monarchs, as the dukes of Mecklenburg and Wurttemberg found to their discomfort in 1728 and 1770."" \[8\]

Appendix

Quotations

\[1\] Milton, Patrick. “Imperial Law versus Geopolitical Interest: The Reichshofrat and the Protection of Smaller Territorial States in the Holy Roman Empire under Charles VI (1711–1740).” The English Historical Review, vol. 130, no. 545, 2015, pp. 831–64. JSTOR, http://www.jstor.org/stable/24474538. Accessed 15 Feb. 2025.

\[2\] Osiander, Andreas. “Sovereignty, International Relations, and the Westphalian Myth.” International Organization, vol. 55, no. 2, 2001, pp. 251–87. JSTOR, http://www.jstor.org/stable/3078632. Accessed 15 Feb. 2025.

\[3\] Patrick Milton, Intervening Against Tyrannical Rule in the Holy Roman Empire during the Seventeenth and Eighteenth Centuries, German History, Volume 33, Issue 1, March 2015, Pages 1–29

\[4\] Schindling, Anton. “The Development of the Eternal Diet in Regensburg.” The Journal of Modern History, vol. 58, 1986, pp. S64–75. JSTOR, http://www.jstor.org/stable/1880008. Accessed 15 Feb. 2025.

\[5\] Asch, R. G., Stollberg-Rilinger, B., Dunlap, T., & Wilson, P. H. (2017). \[Review of The Emperor’s Old Clothes: Constitutional History and the Symbolic Language of the Holy Roman Empire; Heart of Europe: A History of the Holy Roman Empire\]. The American Historical Review, 122(3), 937–938. [https://www.jstor.org/stable/26577056](https://www.jstor.org/stable/26577056)

\[6\] Stollberg-Rilinger, Barbara, and Yair Mintzker. The Holy Roman Empire: A Short History. Princeton University Press, 2018. JSTOR, https://doi.org/10.2307/j.ctvc778tr. Accessed 26 Mar. 2025.

\[8\] Wines, Roger. “The Imperial Circles, Princely Diplomacy and Imperial Reform 1681-1714.” The Journal of Modern History, vol. 39, no. 1, 1967, pp. 1–29. JSTOR, http://www.jstor.org/stable/1877665. Accessed 25 Mar. 2025.

Links

\[7\] Imperial Register of 1521: [https://de.wikisource.org/wiki/Reichsmatrikel\_von\_1521](https://de.wikisource.org/wiki/Reichsmatrikel_von_1521)

Other References

Wilson, Peter H. “Still a Monstrosity? Some Reflections on Early Modern German Statehood.” The Historical Journal, vol. 49, no. 2, 2006, pp. 565–76. JSTOR, http://www.jstor.org/stable/4091628. Accessed 15 Feb. 2025.

MacRae, Andrew. “Counterpoint: The Westphalia Overstatement.” International Social Science Review, vol. 80, no. 3/4, 2005, pp. 159–64. JSTOR, http://www.jstor.org/stable/41887236. Accessed 15 Feb. 2025.

Trossbach, Werner. ""Chapter 11 Power and Good Governance: The Removal of Ruling Princes in the Holy Roman Empire, 1680–1794"". The Holy Roman Empire, Reconsidered, edited by Jason Philip Coy, Benjamin Marschke and David Warren Sabean, New York, Oxford: Berghahn Books, 2010, pp. 191-210.

Wilson, P. H. (2016). Heart of Europe : a history of the Holy Roman Empire (First Harvard University Press paperback edition). The Belknap Press of Harvard University Press.

Heinz H. F. Eulau. “Theories of Federalism under the Holy Roman Empire.” The American Political Science Review, vol. 35, no. 4, 1941, pp. 643–64. JSTOR, https://doi.org/10.2307/1948073. Accessed 25 Mar. 2025.",1739606805.0,0.9,86,0,Discussion/Question,T0DEtheELEVATED,8,False,0,False,text
history,1ip79ar,6 May 1933: Nazi Looting of the Institute of Sexology - Anti-Trans/Anti-Queer Propaganda,1895,https://reddit.com/r/history/comments/1ip79ar/6_may_1933_nazi_looting_of_the_institute_of/,"https://hmd.org.uk/resource/6-may-1933-looting-of-the-institute-of-sexology/#:~:text=On%206%20May%201933%2C%20the,library%20were%20removed%20and%20burned",,1739527010.0,0.87,1895,0,Article,Sugar_Kowalczyk,80,False,0,False,text
history,1iofiyw,Chinese infantry formations of the Imjin War,263,https://reddit.com/r/history/comments/1iofiyw/chinese_infantry_formations_of_the_imjin_war/,https://greatmingmilitary.blogspot.com/2022/05/infantry-formations-of-imjin-war.html,,1739439663.0,0.91,263,0,Article,ByzantineBasileus,17,False,0,False,text
history,1inyl73,Beginnings of Roman London discovered in office basement,1497,https://reddit.com/r/history/comments/1inyl73/beginnings_of_roman_london_discovered_in_office/,https://www.bbc.co.uk/news/articles/cx2jdnv0ywyo,,1739386576.0,0.98,1497,0,,KewpieCutie97,24,False,0,False,text
history,1iog398,The Ç̌äwa regiments of Medieval Ethiopia,25,https://reddit.com/r/history/comments/1iog398/the_čäwa_regiments_of_medieval_ethiopia/,https://www.persee.fr/doc/ethio_0066-2127_2014_num_29_1_1559,,1739442181.0,0.73,25,0,Article,ByzantineBasileus,2,False,0,False,text
history,1imwc4v,"People have been dumping corpses into the Thames since at least the Bronze Age, study finds",4039,https://reddit.com/r/history/comments/1imwc4v/people_have_been_dumping_corpses_into_the_thames/,https://www.livescience.com/archaeology/people-have-been-dumping-corpses-into-the-thames-since-at-least-the-bronze-age-study-finds,,1739272791.0,0.98,4039,0,Article,SurictaLaid,98,False,0,False,text
history,1inp615,Bookclub and Sources Wednesday!,25,https://reddit.com/r/history/comments/1inp615/bookclub_and_sources_wednesday/,https://www.reddit.com/r/history/comments/1inp615/bookclub_and_sources_wednesday/,"Hi everybody,

Welcome to our weekly book recommendation thread!

We have found that a lot of people come to this sub to ask for books about history or sources on certain topics. Others make posts about a book they themselves have read and want to share their thoughts about it with the rest of the sub.

We thought it would be a good idea to try and bundle these posts together a bit. One big weekly post where everybody can ask for books or (re)sources on any historic subject or timeperiod, or to share books they recently discovered or read. Giving opinions or asking about their factuality is encouraged!

Of course it’s not limited to \*just\* books; podcasts, videos, etc. are also welcome. As a reminder,  also has a recommended list of things to read, listen to or watch",1739361648.0,0.79,25,0,Discussion/Question,AutoModerator,18,False,0,False,text
history,1in8fpj,How academics resurrected Scott Joplin's music from obscurity,66,https://reddit.com/r/history/comments/1in8fpj/how_academics_resurrected_scott_joplins_music/,https://youtu.be/5urQ6IGuMb0,,1739305546.0,0.81,66,0,Video,dmcardon,15,False,0,False,text
history,1imzx4s,Lost History: Rediscovering the Taíno People,58,https://reddit.com/r/history/comments/1imzx4s/lost_history_rediscovering_the_taíno_people/,https://youtu.be/E-098wNpY6A?si=Nl8OoRlhnNiLdqc5,,1739284455.0,0.9,58,0,Article,ilene_324,2,False,0,False,text
history,1ilzpc0,The archers of ancient and medieval Nubia,244,https://reddit.com/r/history/comments/1ilzpc0/the_archers_of_ancient_and_medieval_nubia/,https://www.youtube.com/watch?v=qvO3_kYRRw8,,1739168408.0,0.83,244,0,Video,ByzantineBasileus,12,False,0,False,text
history,1ikv7gg,"1,000-year-old coin hoard found at a nuclear power plant site, stuns explorers",7283,https://reddit.com/r/history/comments/1ikv7gg/1000yearold_coin_hoard_found_at_a_nuclear_power/,https://news.yahoo.com/news/1-000-old-coin-hoard-121343065.html,,1739042411.0,0.99,7283,0,Article,Jolly_Atmosphere_793,122,False,0,False,text
history,1ildy2e,The cavalry of medieval Mali,73,https://reddit.com/r/history/comments/1ildy2e/the_cavalry_of_medieval_mali/,https://www.youtube.com/watch?v=zQzjzVxKk74,,1739105135.0,0.8,73,0,Video,ByzantineBasileus,3,False,0,False,text
history,1il40wd,How spousal homicide — and it’s attendant court records — can help us understand what life was like as a poor woman during China’s last imperial dynasty.,96,https://reddit.com/r/history/comments/1il40wd/how_spousal_homicide_and_its_attendant_court/,https://www.reddit.com/r/history/comments/1il40wd/how_spousal_homicide_and_its_attendant_court/,"

Dying unrecorded and unremembered has been the rule for most of human history.

Between you and your great-great grandchildren, you’ll pass out of living memory and into the world of half-remembered spirits. And that’s today with social media at our fingertips to record every single silly, ugly or profound thought that crosses our mind to record for posterity. Now, imagine the problems facing historians who want to recover and recreate the experiences of your average person in the 16th century. The further back you go, the higher the illiteracy rates and the more historians have to become detectives in order to glean some understanding of what and how premodern people who couldn’t record their thoughts and feelings thought and felt.

Because the primary sources -- such as letters and journals or poems – weren’t used by your average commoner. The written word was a luxury for those able to afford ink, brushes, and paper. But if the population you’re studying doesn’t have the money or the means to gain such an education the problem becomes incredibly hard to solve. So imagine my delight when perusing google scholar for something interesting to read when I come across a thesis by graduate student Stephanie Marie Painter exploring the intimate lives of commoner women in 19th century China via….the interviews and questioning of wives who murdered their husbands.

For some background, China during the 17th, 18th, 19th and early 20th centuries was ruled by what would be its last imperial dynasty: The Great Qing empire. And this empire, like many in Eurasia, was ruled on the model of the family. The emperor of china was a pseudo-father for all his subjects and they were required to offer him the filial piety, obedience and respect he was due according to Confucian teachings. Rebellion against ones father or rebellion against ones emperor were both violations of same principal and one of the worst you could commit. It was punishable through the death of the wrongdoer.

This applied to relationships among commoners too and especially when it came to violence against the “emperor” of the house. A son or daughter who was disrespectful to their father could very well be killed for it. A wife who was disrespectful of her husband could be killed for it. And a wife that murdered her husband was a dead woman walking. That is, if she got caught.
Because it was such a violation of the social order, the men who investigated spousal murder and concluded it was the wife were often flabbergasted and doubtful a simple woman could have the strength, intelligence or shrewdness to murder her husband by herself. The abberant behavior was such that the investigators would often interview her and record in her own words why, how and what happened in the lead-up to her husbands death by her hands. In doing so, the author allows us in the 21st century a precious look into the lives illiterate peasant women who had no way of leaving their thoughts or monuments to their personalities behind for posterity a voice.

It’s a remarkably readable thesis in my opinion and you can skim over it lightly and still come away with a deeper appreciation for the creativity, time and research it took to write this while also learning how disputes over pig ownership led a woman to finally kill her abusive POS husband.  

https://knowledge.uchicago.edu/record/7637/files/Painter_uchicago_0330D_16876.pdf",1739066750.0,0.85,96,0,PDF,soozerain,13,False,0,False,text
history,1ikkcqr,Why the Romans used the pilum,967,https://reddit.com/r/history/comments/1ikkcqr/why_the_romans_used_the_pilum/,https://acoup.blog/2023/11/24/collections-roman-infantry-tactics-why-the-pilum-and-not-a-spear/,,1739010179.0,0.96,967,0,Article,ByzantineBasileus,69,False,0,False,text
history,1ikijug,Historical weapons made without metal,72,https://reddit.com/r/history/comments/1ikijug/historical_weapons_made_without_metal/,https://www.youtube.com/watch?v=2C6_pSEPbO8,,1739002483.0,0.82,72,0,Video,ByzantineBasileus,17,False,0,False,text
history,1ikmqwv,Weekly History Questions Thread.,17,https://reddit.com/r/history/comments/1ikmqwv/weekly_history_questions_thread/,https://www.reddit.com/r/history/comments/1ikmqwv/weekly_history_questions_thread/,"Welcome to our History Questions Thread!

This thread is for all those history related questions that are too simple, short or a bit too silly to warrant their own post.

So, do you have a question about history and have always been afraid to ask? Well, today is your lucky day. Ask away!

Of course all our regular rules and guidelines still apply and to be just that bit extra clear:

Questions need to be historical in nature. Silly does not mean that your question should be a joke. [r/history](https://www.reddit.com/r/history/) also has an active [discord server](https://discord.com/invite/r-history-284001693044310016) where you can discuss history with other enthusiasts and experts.",1739019638.0,0.75,17,0,Discussion/Question,AutoModerator,67,False,0,False,text
history,1ik7bby,"Map on trade and navigation on the Nile in 1860. The Nile can be divided up in 5 sections; Amongst them is a good, a bad and an ugly part.",125,https://reddit.com/r/history/comments/1ik7bby/map_on_trade_and_navigation_on_the_nile_in_1860/,https://theageoftrade.com/navigating-the-nile/,,1738966451.0,0.99,125,0,Article,martinjanmansson,12,False,0,False,text
history,1ijh50x,"The discovery of a remarkably large house from the 3rd century at Øvre Eiker, Norway, has captured the attention of archaeologists: raising questions about the oldest royal seat in the Nordic Countries, & a possible kingdom in Norway during the Roman period",901,https://reddit.com/r/history/comments/1ijh50x/the_discovery_of_a_remarkably_large_house_from/,https://www.khm.uio.no/english/news/is-this-the-oldest-royal-seat-nordic.html,,1738885413.0,0.98,901,0,Article,-introuble2,11,False,0,False,text
history,1ijjhki,British practice of execution by cannon.,119,https://reddit.com/r/history/comments/1ijjhki/british_practice_of_execution_by_cannon/,https://www.reddit.com/r/history/comments/1ijjhki/british_practice_of_execution_by_cannon/,[https://www.cambridge.org/core/journals/journal-of-the-royal-asiatic-society/article/blown-from-a-gun-situating-the-british-practice-of-execution-by-cannon-in-the-context-of-southern-and-western-asia/F8D1E4818D215EA4E306BD208DFDED54](https://www.cambridge.org/core/journals/journal-of-the-royal-asiatic-society/article/blown-from-a-gun-situating-the-british-practice-of-execution-by-cannon-in-the-context-of-southern-and-western-asia/F8D1E4818D215EA4E306BD208DFDED54),1738892204.0,0.89,119,0,Article,curious_they_see,23,False,0,False,text
history,1ijqbn0,On the Preislamic Historical Significance of the Caliphal Capitals,25,https://reddit.com/r/history/comments/1ijqbn0/on_the_preislamic_historical_significance_of_the/,https://www.reddit.com/r/history/comments/1ijqbn0/on_the_preislamic_historical_significance_of_the/,"The Islamic Caliphates of the medieval periods and early modern periods were a significant religious and cultural phenomenon on world history. The institution that had arguably developed and evolved from the beginning of the seventh century to the twentieth century, in one form or another, with the Caliph exercising  varying degrees of authority throughout the Muslim world, depending on the time periods and sects involved. It is without that the residence of the Caliph or the capital of the Caliphate played an important cultural and political role [1]. However rather than discussing the historical significance that the capital had when it was contemporary to its respective caliphate, I wish to highlight the historical preislamic significance, if any, for the capitals, as a source of Intresting trivia. However before starting I would like to give an overview of the main islamic caliphates and I will also mention the capital cities in chronological order [2].

The State of Medina ""Proto Caliphate"" (622-632)
The Rashidun Caliphs (632-661)
The Umayyad Caliphs (661-750,929-1031)
The Abbasid Caliphs (750-1517)
The Fatmid Caliphs (909–1171)
The Ottoman Caliphs (1517-1924)

Medina ""The Luminous"" (622-656): The first capital of the prophet (pbuh) and the Rashidun caliphs. It was known in the past as Yathrib, known for being inhabited by both Jewish and Arab tribes, with merchant envoys passing to Mecca as well [3]. The preislamic history does not compare to the subsequent history, so I shall keep it brief. It is important to know however that this is where the first time islam rose as a political entity, where the islamic calendar start with the migration of the prophet (pbuh) there and it’s where he is also buried. The importance of Medina can not be overstates thanks to its position as the second holiest site of Islam. 

Kufa (656-661,750-762): The second capital of the Rashiduns and the first capital of the Abbasids. What makes Kufa intresting is that it was founded as encampment around Al Hirah during the conquest of Mesopotamia [4]. Then it would absorb Al Hira into it, making it a successor to it. Al Hira is quite significant because it was the capital of the Lakhmid Kings of Arabia, founded in the third century. They were quite popular as vassals of the Sassanian Shahanshah, and they were influential within the Persian political scene.

Damascus ""The Sweet-Smelling"" (661-740):The first capital of the Umayyads [5]. Arguably the oldest of the Caliphal capitals, and one of the oldest continuously inhabited cities in the world, especially for how long it preserved the same root for its name. Damascus especially rose in prominence as the capital of Aram Damascus that was a polity during the 12th century period clashing a lot with the Kingdom of Israel. It also remained a significant city during the Hellenic period and Roman period. 

Harran (740-750):The second capital of the Umayyads. Arguably another incredibly ancient city, perhaps not to the same scale as Damascus but comparable. It lied in the borders of upper Mesopotamia and Anatolian civilization. It was said to be founded by Sumerians of Ur as a trading colony and houses a large temple for the moon god [6]. Interestingly enough Harran was the last capital of the Neoassyrian empire, the first empire of its size and served as the direct basis to the Neobabylonians/Medio-Persian empires, during its last years, which rhymes quite well with the similar political position that it occupied during the waning days of the Umayyads. 

Baghdad ""The City of Peace"" (762-836, 892–1258): The second capital of the Abbasids, arguably the most iconic of the capitals in terms of its assoication with the caliphs, and also served as the longest serving capital of the caliphs [7]. Whilst Baghdad itself was a mediveal city and constructed during the Abbasid caliphate, there are a couple of things of intrest to note on the site that it was constructed on. It is in the outskirts of Baghdad within its metropolitan area, where one would find Dur-Kurigalzu, which was the capital of Babylonia during the reign of Kurigalzu of the Kassites, and Al Madain (The Cities). 

Of course the most iconic of these cities in Al Madain was without a doubt was Ctesiphon. Ctesiphon which was the summer capital and a major economical capital of both the Parthian Empire and the Sassanian Empire. It was founded at around 120 BC and lasted until the muslim conquest [8]. Another iconic city housed in ""The Cities"" was Selecuia on the Tigiris, which serrved as the capital of the Selecuid Empire (305–240 BC), marking the entirety of the Baghdad metropolitan area as a grand collection of capital cities from many different dyasnties. It also needs to be mentioned that Al Rumiya (Wēh Antīōk Khosrow), which is part of Al Madain, was where Mansur resided when construcitng Baghdad, making Baghdad a spiritual urban sucessor to the the preivious imperial capitals.

Al Rumiya is also the site of the city that Khosrow had constructed to rival the Antioch of the Romans, which was an almost comical story. Lastly Baghdad might be one of the hypothetical locations of the mysterious Akkad, the capital of the first ""empire"" in human history, however these are nothing more than theories.

Samaraa ""Pleased Who had Witnessed it"" (836-892): The third capital of the Abbasids, while also being a city that was built anew by the Abbadis, it had settlment presence dating back to the Ubaid period. It is said that it was also possibiliy a neoassyraian city. However for sure the importance of the city in its preislamic past was not in the scale during the time of the Abbasids, so I shall keep the discussuin here brief too.
	
Raqqada (909–921): The first capital of the Fatmids, it rose during the time when there was contention between Islamic caliphates, with multiple caliphs claiming legitimacy, since the city was founded during the islamic period during Aghlabids rule, then there isnt much to discuss unfourtunately.

Mahdia (921–948): The second capital of the Fatmids, it was known during the Roman times as Aphrodisium, and it exsited as the ancient port of Mahdia overlooking the african shores.

Cordoba ""The City of Caliphs"" (929-1031): The third capital of the Umayyad dynasty, it rose during the time when there was contention between Islamic caliphates, with multiple caliphs claiming legitimacy. Cordoba itself was said to have been occupied since at least the eighth centuray BC by Tartessians who where tehmsevles influenced by Paleohispanic cultures and Phoenician as well. The city also held great importance during Roman times, where a colonia was established near the main city. It became the capital of the Roman province Hispania Baetica, one of the richer provinces of the Roman Empire. 

Mansuriya (948–973): The third capital of the Fatmids, it was founded near Al Kairouan, arguably the most important islamic city in Tunisia, which itself was said to have been founded on an eastern Roman city known as Kamounia.

Cairo ""The City of a Thousand Minarets"" (973–1171,1261–1517): The third capital of the Fatmids, and the foruth capital of the Abbasids. Arguably just as with Baghdad, while the namesake walled city of Cairo was built during the Fatmid era, the city itself was built as direct urban sucessor to other islamic and preislamic cities. The most important of these earlier islamic cities that allow our discussion was Fustat [9]. Fustat which was founded during the Rashidun period as an encampment near the city of Babylon on the Nile. It would be more accurate to label Babylon as a fortress city, as it was very important during the Roman times, since it was the entrace of Trajan's canal that connected the red sea to the Nile, making it one of the most important cities in Roman Egypt. The earliest date for the founding of the settlement can be traced to the sixth century BC, where it also stood where the canal of the pharaohs stood during Roman times.

Now rather than direct predecessors of Cairo, we also have ancient cities that lie within the metropolitan area of Greater Cairo. A prime example is the ancient city of Heliopolis that lies within the boundaries of modern day Cairo proper, which was one of the oldest cities of ancient Egypt dating back to the predynastic period. Its local sun cult was very influential on the religious landscape of egypt as a whole. Moving onto Giza which lies in the Greater Cairo metropolitan area, one can also find the Memphite necroplois of Giza (where the pyramids are) and Memphis itself. Memphis is arguably one of the two most important ancient Egyptian cities alongiside Thebes, said to might have been found by Menes the first ""pharaoh"" of Egypt during the early third millenium BC, and was the capital for the greatest dynasties of the Old Kingdom and other dynasties to follow.

Istanbul/Constantinople ""The Sublime Porte"" (1517-1924): While it wasnt the first capital of the Ottoman dynasty itself, it was the first capital of the Ottoman caliphs [10]. The city itself dates back to its legendary founder Byzas who had founded it during 657 BC as Byzantion, opposite to Chalcedon (City of the Blind) founded 687 BC. It  arguably was a strong Greek city state, thanks to its geographic position. THe city arguably started to gain great importance when it was refounded as Nova Roma (New Rome) by Constantine the Great to serve as the capital of the Roman Empire, and it remained to so for more than a thousand years until it was conquered by the Ottomans. Constantinople as it would be known after its rebirth, would be one of the most important cities in the world rivaling Ctesiphon of the Persians, Baghdad of the Arabs and Xi'an of the Chinese. It can be argued that during the mediveal period it was the largest city in Europe algonside Cordoba, and wealthiest as well, thanks to the Silk trade. The Queen of Cities, the City of the World's Desire and the Great City, it had too many titles, and I am afraid that no matter how much I write the histroical signficance of this jewel has been already been recognized before even writing the post. 

Thus I hope I could have offered you an interesting perspective regarding the preislamic historical significance that these capitals held, and thank you for reading the post. 


References

[1] H. Kennedy, The Prophet and the Age of the Caliphates, Routledge, 2015.
[2] M. A. Shaban, Islamic History: A New Interpretation, Cambridge University Press, 1976.
[3] F. Donner, Muhammad and the Believers, Harvard University Press, 2010.
[4] G. R. Hawting, The First Dynasty of Islam, Routledge, 2000.
[5] P. M. Holt, The Age of the Crusades: The Near East from the Eleventh Century to 1517, Pearson, 1986.
[6] R. G. Hoyland, In God’s Path: The Arab Conquests and the Creation of an Islamic Empire, Oxford University Press, 2014.
[7] H. Kennedy, When Baghdad Ruled the Muslim World: The Rise and Fall of Islam's Greatest Dynasty, Da Capo Press, 2005.
[8] J. F. Robertson, The Archaeology of the Baghdad Region, University of Chicago Press, 1999.
[9] N. J. G. Pounds, An Historical Geography of Europe, 450 B.C.–A.D. 1330, Cambridge University Press, 1973.
[10] C. Mango, Byzantium: The Empire of New Rome, Charles Scribner’s Sons, 1980.


",1738916690.0,0.78,25,0,Trivia,Extension-Beat7276,0,False,0,False,text
history,1ijas9y,Schoolkid finds 230-year-old copper coin in Espoo | Yle News,123,https://reddit.com/r/history/comments/1ijas9y/schoolkid_finds_230yearold_copper_coin_in_espoo/,https://yle.fi/a/74-20142088,,1738869490.0,0.95,123,0,Article,JeSuisDecuEnBien,9,False,0,False,text
history,1ijfgko,The Spy Who Exposed the Secrets of the Black Chamber (Herbert O. Yardley),38,https://reddit.com/r/history/comments/1ijfgko/the_spy_who_exposed_the_secrets_of_the_black/,https://www.smithsonianmag.com/history/the-spy-who-exposed-the-secrets-of-the-black-chamber-one-of-americas-first-code-breaking-organizations-180985947/,,1738880975.0,0.82,38,0,Article,IvyGold,1,False,0,False,text
history,1ii8wyb,"Burnt Roman scroll digitally ""unwrapped"", providing first look inside for 2,000 years.",3536,https://reddit.com/r/history/comments/1ii8wyb/burnt_roman_scroll_digitally_unwrapped_providing/,https://www.bbc.co.uk/news/articles/c5yvrq7dyg6o,,1738758768.0,0.98,3536,0,,KewpieCutie97,117,False,0,False,text
history,1iis1lc,Archaeologists uncover gold and silver ritual offerings at a 7th century cult site,56,https://reddit.com/r/history/comments/1iis1lc/archaeologists_uncover_gold_and_silver_ritual/,https://phys.org/news/2025-02-archaeologists-uncover-gold-silver-ritual.html#google_vignette,,1738809036.0,0.93,56,0,Article,Jolly_Atmosphere_793,1,False,0,False,text
history,1ijs8m2,Were There Transgender Vikings? The Laxdæla Saga Says So.,0,https://reddit.com/r/history/comments/1ijs8m2/were_there_transgender_vikings_the_laxdæla_saga/,https://www.crossdreamers.com/2025/02/were-there-transgender-vikings.html,,1738925028.0,0.46,0,0,Article,jackmolay,22,False,0,False,text
history,1ii8e2f,Bookclub and Sources Wednesday!,27,https://reddit.com/r/history/comments/1ii8e2f/bookclub_and_sources_wednesday/,https://www.reddit.com/r/history/comments/1ii8e2f/bookclub_and_sources_wednesday/,"Hi everybody,

Welcome to our weekly book recommendation thread!

We have found that a lot of people come to this sub to ask for books about history or sources on certain topics. Others make posts about a book they themselves have read and want to share their thoughts about it with the rest of the sub.

We thought it would be a good idea to try and bundle these posts together a bit. One big weekly post where everybody can ask for books or (re)sources on any historic subject or timeperiod, or to share books they recently discovered or read. Giving opinions or asking about their factuality is encouraged!

Of course it’s not limited to \*just\* books; podcasts, videos, etc. are also welcome. As a reminder,  also has a recommended list of things to read, listen to or watch",1738756847.0,0.78,27,0,Discussion/Question,AutoModerator,5,False,0,False,text
history,1ihfp5b,An overview of Turco-Mongol sabers,108,https://reddit.com/r/history/comments/1ihfp5b/an_overview_of_turcomongol_sabers/,https://www.youtube.com/watch?v=wADgKUjpXBE,,1738669034.0,0.89,108,0,Video,ByzantineBasileus,2,False,0,False,text
history,1igjamz,"Archaeologists Uncover 2,000-Year-Old Mask Mould Believed to Depict Medusa",578,https://reddit.com/r/history/comments/1igjamz/archaeologists_uncover_2000yearold_mask_mould/,https://gizmodo.com/archaeologists-uncover-2000-year-old-mask-mould-believed-to-depict-medusa-2000555542,,1738565833.0,0.97,578,0,,MeatballDom,10,False,0,False,text
history,1igfu23,How Giacomo Casanova (1725-1798) wrote and edited his memoirs: what did he know and when did he know it?,113,https://reddit.com/r/history/comments/1igfu23/how_giacomo_casanova_17251798_wrote_and_edited/,https://www.researchgate.net/publication/388634524_How_Giacomo_Casanova_1725-1798_wrote_and_edited_his_memoirs_what_did_he_know_and_when_did_he_know_it,,1738553473.0,0.89,113,0,Article,goodoneforyou,10,False,0,False,text
history,1ifjhho,How Did Religious and Intellectual Values Shape the Islamic Golden Age?,141,https://reddit.com/r/history/comments/1ifjhho/how_did_religious_and_intellectual_values_shape/,https://www.reddit.com/r/history/comments/1ifjhho/how_did_religious_and_intellectual_values_shape/,"The Islamic Golden Age (8th–14th century) stands as a testament to how deeply intellectual and religious values can intertwine to shape a civilization’s trajectory. What began as a theological project—rooted in Quranic injunctions to “reflect on the creation of the heavens and the earth” (3:191) and the hadith urging Muslims to “seek knowledge is mandatory upon every Muslim”—evolved into a flourishing era of scientific, medical, and philosophical innovation. Scholars like Ibn Rushd (Averroes) and Ibn Sina (Avicenna) saw their work as acts of devotion, blending Greek philosophy with Islamic theology to uncover the divine order of creation. Astronomy, for instance, was not merely a secular pursuit: Al-Battani’s refinements of Ptolemy’s models aimed to perfect the timing of Islamic prayers and the lunar calendar, illustrating how scientific inquiry was inseparable from spiritual practice.  

This religious framework also fostered a unique cultural openness. The Abbasid Caliphate’s House of Wisdom in Baghdad became a melting pot where scholars of diverse faiths—Muslim, Christian, Jewish, and Zoroastrian—translated and expanded upon Greek, Persian, and Indian texts. The Arabs transcended to unparalleled grounds because the interweaving of these core values: Intellectual curiosity, logical reasoning, openness, tolerance. As Christopher de Bellaigue argues in The Islamic Enlightenment, this was not just an exercise in curiosity but a deliberate theological endeavor to reconcile reason (‘aql) with revelation (naql). The rationalist Mu’tazilite theologians, dominant in the 9th century, insisted the Quran must align with logic, creating an intellectual culture where debate thrived.

Yet by the 15th century, this dynamism began to wane. Traditional narratives often point to figures like Al-Ghazali, whose The Incoherence of the Philosophers critiqued rationalist overreach, as catalysts for decline. However, as historian George Saliba notes in Islamic Science and the Making of the European Renaissance, this oversimplifies a complex shift. Al-Ghazali himself was a polymath who valued empirical science; his critique targeted metaphysics, not reason. Instead, Saliba emphasizes geopolitical factors: the Mongol sack of Baghdad in 1258, which obliterated the House of Wisdom, and the Ottoman Empire’s prioritization of military expansion over scientific patronage. Later, European colonialism further distorted Islamic intellectual traditions. De Bellaigue highlights how 19th-century reformers like Egypt’s Muhammad Abduh sought to revive the Golden Age’s rationalism, but Western dominance often pushed societies toward defensive literalism, as seen in the Saudi-Wahhabi alliance’s rejection of ijtihad (independent reasoning).  

The legacy of this tension remains contested. Was the Golden Age’s brilliance inseparable from its religious roots, or did those roots later become a cage? De Bellaigue’s work complicates the narrative, showing how Ottoman Tanzimat reforms in the 1830s modernized law and education while invoking Islamic principles, and how Iran’s 1906 Constitutional Revolution initially saw clerics supporting democracy as compatible with Sharia. Yet colonial powers often undermined these movements, propping up autocrats who prioritized stability over intellectual revival.  

Sources:

https://www.penguin.co.uk/books/416043/the-islamic-enlightenment-by-christopher-de-bellaigue/9780099578703

De Bellaigue's book is the foundation for much of this post, particularly his exploration of how Islamic societies navigated modernity, colonialism, and intellectual revival. His arguments about the Golden Age's legacy and its distortion by external forces deeply informed the discussion.

https://archive.org/details/GeorgeSalibaIslamicScienceAndTheMakingOfTheEuropeanRenaissanceTransformationsStu

Saliba's work complements de
Bellaigue's by challenging Eurocentric narratives of decline, emphasizing instead the geopolitical and economic shifts that reshaped Islamic intellectual traditions.",1738452461.0,0.77,141,0,Discussion/Question,DecentForever343,17,False,0,False,text
history,1iemu1r,Japanese Americans returned from prison camps 80 years ago to face one of the country’s ‘greatest swindles’,2441,https://reddit.com/r/history/comments/1iemu1r/japanese_americans_returned_from_prison_camps_80/,https://www.latimes.com/california/story/2025-01-31/japanese-americans-returned-home-from-prison-camps-to-one-of-the-countrys-greatest-swindles,,1738351204.0,0.97,2441,0,News article,[deleted],84,False,0,False,text
history,1if5t6x,Weekly History Questions Thread.,31,https://reddit.com/r/history/comments/1if5t6x/weekly_history_questions_thread/,https://www.reddit.com/r/history/comments/1if5t6x/weekly_history_questions_thread/,"Welcome to our History Questions Thread!

This thread is for all those history related questions that are too simple, short or a bit too silly to warrant their own post.

So, do you have a question about history and have always been afraid to ask? Well, today is your lucky day. Ask away!

Of course all our regular rules and guidelines still apply and to be just that bit extra clear:

Questions need to be historical in nature. Silly does not mean that your question should be a joke. [r/history](https://www.reddit.com/r/history/) also has an active [discord server](https://discord.com/invite/r-history-284001693044310016) where you can discuss history with other enthusiasts and experts.",1738414863.0,0.8,31,0,Discussion/Question,AutoModerator,39,False,0,False,text
history,1icu06u,"A house in Bosham, England, is believed to be the site of Harold Godwinson's residence, the last Anglo-Saxon King of England, as depicted in the Bayeux Tapestry.",821,https://reddit.com/r/history/comments/1icu06u/a_house_in_bosham_england_is_believed_to_be_the/,https://www.techexplorist.com/house-england-identified-site-bayeux-tapestry/96574/,,1738158110.0,0.97,821,0,Article,pranjalmehar,26,False,0,False,text
history,1id016n,A Spectacular Roman Empire Criminal Case Unveiled Through a Newly Discovered Papyrus,183,https://reddit.com/r/history/comments/1id016n/a_spectacular_roman_empire_criminal_case_unveiled/,https://www.labrujulaverde.com/en/2025/01/a-spectacular-roman-empire-criminal-case-unveiled-through-a-newly-discovered-papyrus/,,1738173548.0,0.96,183,0,Article,angeunams,10,False,0,False,text
history,1id0zhu,The Mindanao Death March: A Forgotten Ordeal in the Pacific During WWII,163,https://reddit.com/r/history/comments/1id0zhu/the_mindanao_death_march_a_forgotten_ordeal_in/,https://www.reddit.com/r/history/comments/1id0zhu/the_mindanao_death_march_a_forgotten_ordeal_in/,"The Mindanao Death March, largely forgotten and overshadowed by Bataan, was the second major death march in the Philippines, claiming the lives of both American and Filipino POWs. Though smaller in scale and with fewer casualties than Bataan, the brutality remained just as severe. Japanese forces were later prosecuted for war crimes against POWs in connection with both marches.

Fortunately, many of the survivors wrote down their accounts and did interviews. However, this event remains largely unknown. Beyond the work of two Filipino historians, it is scarcely mentioned—particularly in the U.S. If you Google the Mindanao Death March, you will only get results from Filipino researchers and almost nothing from American media/writers/researchers, etc. 

The Mindanao Death March was set in motion by a series of events. In May 1942, around 45-50 American soldiers surrendered to the Japanese in Lanao. By June, they were imprisoned at Camp Keithley. On July 1, 1942, four American POWs escaped from the camp, triggering a brutal response from their captors.

In retaliation, three officers were singled out and executed a few days later as a grim warning to others. As they were bayoneted, Capt. Albert Price cried out, Sgt. John Chandler gazed at the sky and prayed, and Lt. Col. Robert Vesey, staring down his attacker, defiantly declared, ""Go ahead and beat me in"" or ""Go ahead and be damned."" The remains of these three men have never been recovered. However, the U.S. government continues to investigate for them.

To further punish the POWs, the following day, July 4th, around 45 American POWs and numerous Filipino soldiers were forced to march 60 miles from Camp Keithley to Iligan. The Americans were arranged by four abreast and were strung together, in columns, by a telephone wire through their belts. They were so close to one another that the toes of one man touched the heels of the man in front of him. The Filipino POWs, though unwired, were to walk barefooted. As it was the fourth of July, the march was mockingly dubbed the “Independence Day March.” 

A truckload of Japanese soldiers with a mounted machine gun followed the prisoners, ready to shoot anybody who tried to escape. As the day progressed, the midday tropical sun became unbearable. Deprived of food and water, the soldiers began to collapse from sheer exhaustion. Those who fell were executed with a shot to the forehead before being left behind, ensuring they could not recover and join the guerrilla resistance. One man, an American plantation owner, had to be carried which led to the guards taking him and executing him. 

Captain Jay Navin and Lt. Robert Pratt were forced to support their fellow prisoner, who struggled to keep pace. As exhaustion set in, Navin collapsed. The men tried to revive him with water, but he became delirious and struggled to breathe. Desperate for help, they called for the surgeon, but before aid could arrive, a guard approached, seized Navin, and shot him in the forehead.

For years, Navin’s family remained unaware of his fate or the circumstances of his death. It wasn’t until four years later that they learned the truth through newspaper reports covering the war crimes trial of the Japanese officers responsible. Among all the men in this group who perished during the war, Navin is the only one whose body has been recovered. He now rests at the Manila American Cemetery.

The march continued on and the Japanese proceeded to kill ten to twelve Filipino soldiers. The physical exertion of pulling the weight for another man made Lt. Pratt incredibly dehydrated and exhausted. When they got to their final destination, Pratt could not keep anything down, became delirious, and passed out. He later died that night. He was buried in a shallow grave at a nearby Catholic Cemetery. Atop his grave, they placed a wooden cross with Lt. Pratt’s identification tags. There were later rumors he was unknowingly buried alive. His body was never recovered and he has been deemed as non-recoverable by the government. 

The POWs remained in Iligan for two days before being transported to Cagayan de Oro. During this time, the Japanese frequently confiscated the POWs' money, valuables, gold rings, wristwatches, and more, claiming it was for the purchase of food or transportation. Fearing another brutal march, the POWs handed over whatever they had. On July 6, 1942, they boarded a cannon boat and sailed 100 miles along Mindanao’s coast to Cagayan de Oro. From there, trucks transported them to Camp Casisang in Malaybalay, Bukidnon, where they joined other POWs from Mindanao. From there, the men went to various camps throughout the remainder of the war. There is not a concrete number of the Americans but there were about 42-47. Almost half of the group died before the end of the war mostly on Hell Ships. 

One of the most notable individuals in this March was Brig. Gen. Guy O. Fort who was the commanding officer of the 81st Philippine Infantry Division. There were American and Filipino soldiers as well as US civilians on the march. The civilians and higher ranked officers including were forced to sit in trucks during the march. After being captured, Fort was pressured by his captors to convince his former soldiers, who had joined guerrilla resistance forces, to cease their fight against the occupation. Fort refused and was executed by firing squad, becoming the only American-born general officer to be executed by enemy forces in WWII. The US government could not locate his body after the war and there are current investigations to try to find him. 



Secondary Sources:

Donesa, R. J. A. (2020). The Mindanao Death March: Establishing a Historical Fact through Online Research. 
Retrieved from https://www.ijicc.net/images/vol11iss7/11738_Donesa_2020_E_R.pdf.

Primary Sources:

Fullerton, F. M. (n.d.). Memoir of Frederick Marion Fullerton, Prisoner of War of the Japanese, May 27, 1942 - September 2, 1945. Frederick Marion Fullerton, Jr. Collection (AFC/2001/001/15785), Veterans History Project, American Folklife Center, Library of Congress.

Mapes, V. L. (2000). The Butchers, the Baker: The World War II memoir of a United States Army Air Corps soldier captured by the Japanese in the Philippines. Jefferson, NC: McFarland & Company.

Richard, P. Beck Collection (AFC/2001/001/54751), Veterans History Project, American Folklife Center, Library of Congress.

Zincke, H. (2003). Mitsui Madhouse: Memoir of a U.S. Army Air Corps POW in World War II. Jefferson, NC: McFarland & Company.

Individual Deceased Personnel Files of Robert Vesey, Albert Price, Robert Pratt, and Jay Navin.",1738175834.0,0.93,163,0,Discussion/Question,cmn97,9,False,0,False,text
history,1ics6po,Bookclub and Sources Wednesday!,43,https://reddit.com/r/history/comments/1ics6po/bookclub_and_sources_wednesday/,https://www.reddit.com/r/history/comments/1ics6po/bookclub_and_sources_wednesday/,"Hi everybody,

Welcome to our weekly book recommendation thread!

We have found that a lot of people come to this sub to ask for books about history or sources on certain topics. Others make posts about a book they themselves have read and want to share their thoughts about it with the rest of the sub.

We thought it would be a good idea to try and bundle these posts together a bit. One big weekly post where everybody can ask for books or (re)sources on any historic subject or timeperiod, or to share books they recently discovered or read. Giving opinions or asking about their factuality is encouraged!

Of course it’s not limited to \*just\* books; podcasts, videos, etc. are also welcome. As a reminder,  also has a recommended list of things to read, listen to or watch",1738152050.0,0.84,43,0,Discussion/Question,AutoModerator,14,False,0,False,text
history,1ibnakq,"A new study of the Alexander the Great mosaic, which was discovered in 1831 in Pompeii, suggests its millions of tesserae came from quarries in Italy, the Iberian Peninsula, Greece, and Tunisia.",1600,https://reddit.com/r/history/comments/1ibnakq/a_new_study_of_the_alexander_the_great_mosaic/,https://www.livescience.com/archaeology/romans/secrets-of-alexander-the-great-mosaic-revealed-after-1st-of-its-kind-analysis,,1738019940.0,0.98,1600,0,,MeatballDom,15,False,0,False,text
history,1ibvios,Is Every Civilization Doomed to Fail? - Gregory Aldrete,289,https://reddit.com/r/history/comments/1ibvios/is_every_civilization_doomed_to_fail_gregory/,https://youtube.com/watch?v=uqsBx58GxYY&si=VNdrUUppYM3FxxbU,,1738045895.0,0.81,289,0,Video,can-i-be-really,69,False,0,False,text
history,1ic20ds,Solving the United States’ oldest soccer mystery: Wee Willie McLean’s disappearance,70,https://reddit.com/r/history/comments/1ic20ds/solving_the_united_states_oldest_soccer_mystery/,https://www.nytimes.com/athletic/3363062/2022/06/14/wee-willie-mclean/,,1738072345.0,0.83,70,0,News article,jkm97,6,False,0,False,text
history,1ia5j5z,Personal Research on the 1587 voyage to Roanoke.,166,https://reddit.com/r/history/comments/1ia5j5z/personal_research_on_the_1587_voyage_to_roanoke/,https://www.reddit.com/r/history/comments/1ia5j5z/personal_research_on_the_1587_voyage_to_roanoke/,"Recently I have become interested in the Roanoke disappearance, and have been documenting the first voyage that attempted to start a settlement, but ended in tragic mystery.

DISCLAIMER: although I’ve been studying history for as long as I can remember, I don’t have a degree in any type of history. I could be wrong on some of the things that happened on this journey for misunderstanding the older English language.

After a failed attempt to establish a colony in 1585, Sir Walter Ralreigh, under the permission of the queen, sent another group of colonists to establish a holding in the New World for England. The three ships that made up the fleet were a 120 ton Admiral called the Lyon, piloted by Simon Fernandes, an unnamed fly-boat piloted by Edward Spicer, and an unnamed pinnace piloted by Edward Stafford. Raleigh left John White in charge of the expedition and settlement as governor. He was also given twelve assistants by the names of Roger Bailey, Ananias Dare, Christopher Cooper, Thomas Stevens, John Sampson, Dyonis Harvie, Roger Prat, George Howe, Simon Fernandes, Nicholas Johnson, Thomas Warner, and Anthony Cage. Ananias in particular was relevant to White for being his son-in-law. 
   
The journey to Virginia started when they departed from Portsmouth, England, on the 26th of April, 1587. On the 5th of May, about 150 miles away they stopped at Plimmouth for freshwater and settlers, particularly women and children to make it a true settlement. 
   
When stopping in the Bay of Portugal, the Lyon lost sight of the fly-boat with them, and Fernandes abandoned them, much against the wishes of John White. This type of behavior not listening to John White from Fernandes continues later in this account. 
   
On the 19th of June, the Lyon and pinnace sailed between Dominica and Guadalupe. Two days later, the fly-boat did the same. The day after the settlers landed on an island called Santa Cruz of the Virgin Islands. There the people ate what possibly was soursop, because of John White’s description and the reaction of an infant after it breastfed from their mother, which soursop affects the quality of. The night of the first day they were there, the settlers also took five great Tortoises. Given the fact that one of them took sixteen men to carry, it’s safe to assume these were an extinct species of giant tortoise, possibly a relative to the bahamian tortoise. On the island was also a nearby pond that caused sickness to the people who drank from it. 
   
In search of fresh water, five men split up and went in opposite directions across the island. Another seven men, two being John White and Simon Fernandes went upon a hill to survey the island, but nothing of interest was seen other than parrots and foreign plants. On the way back, John White found clay shreds that made him think that natives were on the island. Fernandes, however, thought that assumption was incorrect. 
   
After night had reached the group, the five men came back, one group said they saw eleven natives in a valley as well as multiple houses about half a mile from the camp. The other group found spring water and filled three bottles of it. That same night, Captain Stafford of the Pinnace left the fleet and sailed to an island named Bleake. This instruction was given by Fernandes, who said he would find many sheep. 
   
The next day, the rest of the people left Santa Cruz on the 25th of June. On the 27th of June, they anchored at Cottea and joined back up with the Pinnace. The next day they left Cottea, and anchored at St. Johns in Crux Bay. There they spent three days in vain searching for drinking water. On the 1st of July they left Crux Bay and left two Irish men by the names of Darbie Glauen and Denice Carrell to walk along the coast of the island, until meeting up again in the evening outside of Rosse Bay. 
   
Fernandes had now made it known that they needed salt, and many sacks were taken for the purpose of that exact thing. White agreed with the sentiment, and he knew there was some salt at the bottom of the bay from a previous expedition. As White was planning on the pinnace going for salt, Fernandes said that it wasn’t a good idea, as they wouldn’t know if the salt was still there, and the pinnace would have a difficult time leaving the bay, and if any storm were to occur, the Admiral would get separated. As he was giving his explanation, Fernandes steered the ship in shallow water unintentionally. This mistake caused Fernandes to swear and “tear God in pieces.” This altercation caused the fleet to steer away from the bay and left the settlers without any salt. 
   
The next day the fleet continued on the west side of St. John, and White had the plan of going on shore and gathering an assortment of plants; oranges, pines, plantains, lemons, and mameys. Fernandes denied the idea, saying he would anchor at Hispaniola and check on his friend Alanson, which he hoped would have to have cattle and many other things they could’ve gotten at 
St. John. The next day on July 3rd, Hispaniola was in sight, but after two days of sailing near the shore of the island, no preparation was made to land. White spoke to Fernandes about the issue, and it is unclear of his reasoning why he didn’t land, but he said they were now past the area of where Alanson was, and he was unsure if Alanson was still even alive. 
   
On the 5th of July they left the sight of Hispaniola, and sailed for Virginia. After one day they came up to the island of Caicos, where Fernandes said there were two salt ponds, stating that if they were dry they would find plenty of salt until the next supply. However, no salt was found. Something the people were successful in were hunting swans, which many were caught. On the 6th of July they weighed anchor and left Caicos, with the next destination being Virginia. 
   
Ten days later on the 16th of July, Fernandes came upon what he thought was Croatoan, an island of Virginia. For two days they rode across the shore, but when Fernandes discovered he was wrong, in the middle of the night he almost hit the seafloor of the Cape of Fear. Captain Stafford alerted him just before it would’ve happened. 
   
On the 22nd of July the Lyon and pinnace arrived at Hatorask (Croatoan). White boarded the pinnace with forty of his best men with the plan to land on Roanoke and find the fifteen Englishmen that were left one year before and have a meeting with them about the state of the country and the natives. Then he would board back again and sail along the coast into the Chesapeake Bay where they planned to set camp. Fernandes objected to this saying it was too late in the summer now, and all the settlers would stay here, for he wouldn't land anywhere else. The only ones allowed back on his ship were White and two or three men of Fernandes’ choosing. So all the settlers went ashore on Roanoke, where none of the fifteen men were found, except one skeleton of a man who had been killed by natives. 
   
On the 23rd of July, White with a lot of his company walked up to the north end of the island where Ralfe Lane set his fort from the last expedition. The hope was to find any sign of the fifteen men, but the fort and the houses were overgrown with plants being fed on by deer. This made the group know that those fifteen men were surely dead. On the same day jobs were given for people to start repairing houses that needed it and building new ones. 
   
On the 25th of July, the fly-boat arrived at Roanoke unifying the whole group, except for Fernandes, who was irritated by their safe arrival. He hoped that Edward Spicer, their pilot, would not have known the location of the camp, and that they would have been killed or enslaved by pirates. It is unknown why he wanted this outcome to happen. 
   
On the 28th of July, one of the twelve governor assistants, George Howie, was killed by natives while he was hunting crabs two miles away from the group. He was shot sixteen times with arrows, and his head was bashed in. 
   
On July 30th, Stafford and twenty of their men passed by the Croatoan Island with Manteo, one of the two native repatriates that journeyed with them. On Croatoan was the mother and friends of Manteo, and the trip was to figure out what happened to the fifteen men that died, as well as to rekindle their friendship with them. At first the natives thought they were the enemy, and prepared to fight, but hearing Manteo in their native language, they dropped their weapons and embraced us in celebration. The natives requested that they come to their town and feast with each other. The Croatoans also stated that they were attacked by Ralfe Lane’s men, mistaking them for the Winginos natives. It seems they did not hold a grudge towards White and his group. 
   
On the 2nd of August they continued further discussion about the people of Secotan, Aquascogoc, and Pomeiok, hoping to regain friendly relations with them and that all bad dealings on both sides will be forgiven and forgotten, and they wanted Croatoan’s assistance in the matter. The Croatoan chief agreed, and in seven days he will bring the weroances (commanders) and chiefs of said towns to the Roanoke settlement or at the least their answer to the proposition. 
   
It was also understood Howe was slain by a group of Winginos from Dasamonguepeuk, and that eleven of the fifteen men at Roanoke were attacked by thirty men from Secota, Aquascogoc, and Dasamonguepeuk. The natives had hidden themselves, while two of them called out with friendly signs. They wanted to speak to two of the Englishmen unarmed. They complied, thinking the natives were also unarmed. At first, one of the natives embraced one of the men, while the other grabbed his concealed wooden sword, bashed his head, and killed him. The other twenty-eight natives rushed from the trees firing their bows at the other man, as he ran back to the house that stored their weapons. As the Englishmen were grabbing weapons inside, the natives set the house ablaze, completely catching them off guard. After suffering many casualties, the remaining men took to their boat and rowed about a quarter mile towards Hatorask, eventually seeing the other four men hunting oysters. They got on board with the others, left Roanoke and landed on a small unnamed island. Where they were now was unknown. Having finished business in Croatoan, they left Hatorask. 
   
After a week passed by, on the 8th of August, there was still no sign of the weroances from those villages, nor any natives from Croatoan that would have delivered their answer. So, White, Stafford, Manteo, as well as twenty-three other men sailed at around midnight to the place where the natives lived that killed George Howe. The next morning, still early enough that it was dark, they landed and traversed through the woods and spotted their fires, and came upon them. The startled natives ran away into the reeds, but not before some of the men fired and hit one of them. Not long after, it was realized these natives weren’t the ones who killed George Howe, but the settlers' friends, the Croatoans. The Croatoans had been in this location to take all the corn, tobacco, and pumpkins, because they knew the other natives would have fled after killing George Howe. Feeling troubled by this encounter, both groups gathered all the food they could find and took the natives back to Roanoke. Manteo was grieved by this mistake, but assured it was their own fault. He said that if the weroances delivered on their promise, this wouldn’t have happened in the first place. 
   
On the 13th of August, Manteo was baptized for his services in Roanoke. On the 18th, Elenor, daughter of White, and wife to Ananias, gave birth to a daughter in Roanoke. The following Sunday, she too was baptized and named Virginia. She was the first Christian born in Virginia. It was now that most of the supplies had left the ships, and the settlers were preparing letters and souvenirs to send back to England. Two of the ships, the Lyon and fly-boat, were almost ready to depart, but on the 21st of August, a great storm approached from the northeast. The Lyon was forced to cut its cables, and put out to sea for six days before it could come back to them. 
   
On the next day a disagreement arose between White and the assistants that two assistants go back to England to regain supplies. All didn’t want to go except for Christopher Cooper, who later changed his mind after talking with his closer friends. 
   
The next day, the whole company came to White and requested he go to England, for it would be quicker for the governor to receive supplies. White refused, giving many answers why, such as he didn’t want to leave the country after gaining trust with the natives, and that he would be slandered by returning to England, because people would think he led a group of people in the New World with no intentions of staying there himself. Despite this, the next day the whole group asked again for White to return back to England. After heavy persuasion, White conceded and started his trip back to England. He boarded the fly-boat with fifteen other men and weighed anchor, sailing back to England with the Lyon, which recently came back from sea. And so this concludes the fourth voyage made to Virginia.

Sources 	

The Principal Navigations, Voyages, Traffiques, and Discoveries of the English Nation in America. 
P. 358-369

Ships of the Roanoke Voyages

a list of participants in the roanoke voyages",1737864559.0,0.88,166,0,Discussion/Question,MikeAndrews111,19,False,0,False,text
history,1i9i2nb,Drone mapping unlocks secrets of 3000-year-old 'mega fortress' in the Caucasus,469,https://reddit.com/r/history/comments/1i9i2nb/drone_mapping_unlocks_secrets_of_3000yearold_mega/,https://www.cranfield.ac.uk/press/news-2025/mega-fortress-in-the-southern-caucasus,,1737791335.0,0.96,469,0,,MeatballDom,12,False,0,False,text
history,1i9dg2n,Madagascar’s enigmatic rock-cut architecture suggests Zoroastrian origins,928,https://reddit.com/r/history/comments/1i9dg2n/madagascars_enigmatic_rockcut_architecture/,https://archaeologymag.com/2024/09/madagascars-rock-cut-architecture-suggests-zoroastrian-origins/,,1737773931.0,0.96,928,0,,MeatballDom,20,False,0,False,text
history,1i9mg65,Weekly History Questions Thread.,25,https://reddit.com/r/history/comments/1i9mg65/weekly_history_questions_thread/,https://www.reddit.com/r/history/comments/1i9mg65/weekly_history_questions_thread/,"Welcome to our History Questions Thread!

This thread is for all those history related questions that are too simple, short or a bit too silly to warrant their own post.

So, do you have a question about history and have always been afraid to ask? Well, today is your lucky day. Ask away!

Of course all our regular rules and guidelines still apply and to be just that bit extra clear:

Questions need to be historical in nature. Silly does not mean that your question should be a joke. [r/history](https://www.reddit.com/r/history/) also has an active [discord server](https://discord.com/invite/r-history-284001693044310016) where you can discuss history with other enthusiasts and experts.",1737810048.0,0.76,25,0,Discussion/Question,AutoModerator,57,False,0,False,text
history,1ia03ub,Who to Blame for Early Modern Climate Change?,0,https://reddit.com/r/history/comments/1ia03ub/who_to_blame_for_early_modern_climate_change/,https://www.historytoday.com/archive/history-matters/who-blame-early-modern-climate-change,,1737847546.0,0.46,0,0,Article,F0urLeafCl0ver,7,False,0,False,text
history,1i7pve2,"Researchers have discovered what may be a 13,000 year old three-dimensional map, located within a quartzitic sandstone megaclast in the Paris Basin.",4672,https://reddit.com/r/history/comments/1i7pve2/researchers_have_discovered_what_may_be_a_13000/,https://www.adelaide.edu.au/newsroom/news/list/2025/01/13/worlds-oldest-3d-map-discovered,,1737590033.0,0.98,4672,0,,MeatballDom,91,False,0,False,text
history,1i81nu6,The Pictish crossbow of early medieval Britain,142,https://reddit.com/r/history/comments/1i81nu6/the_pictish_crossbow_of_early_medieval_britain/,https://www.youtube.com/watch?v=dtI03k6tbF8,,1737633213.0,0.94,142,0,Video,ByzantineBasileus,7,False,0,False,text
history,1i7zvx9,Starving scientists saved plants for humanity,131,https://reddit.com/r/history/comments/1i7zvx9/starving_scientists_saved_plants_for_humanity/,https://www.nature.com/articles/d41586-025-00055-w.pdf,,1737625666.0,0.92,131,0,Article,Forsaken-Revenue-926,2,False,0,False,text
history,1i73fda,The World War Two soldier buried in Germany without his brain,456,https://reddit.com/r/history/comments/1i73fda/the_world_war_two_soldier_buried_in_germany/,https://www.bbc.com/news/articles/c2kxl45kev0o,,1737521634.0,0.92,456,0,,MeatballDom,24,False,0,False,text
history,1i7aryx,"The Eternal, Essential Apartment",64,https://reddit.com/r/history/comments/1i7aryx/the_eternal_essential_apartment/,https://daily.jstor.org/the-eternal-essential-apartment/,,1737551495.0,0.84,64,0,Article,Generalaverage89,2,False,0,False,text
history,1i79j6x,Bookclub and Sources Wednesday!,27,https://reddit.com/r/history/comments/1i79j6x/bookclub_and_sources_wednesday/,https://www.reddit.com/r/history/comments/1i79j6x/bookclub_and_sources_wednesday/,"Hi everybody,

Welcome to our weekly book recommendation thread!

We have found that a lot of people come to this sub to ask for books about history or sources on certain topics. Others make posts about a book they themselves have read and want to share their thoughts about it with the rest of the sub.

We thought it would be a good idea to try and bundle these posts together a bit. One big weekly post where everybody can ask for books or (re)sources on any historic subject or timeperiod, or to share books they recently discovered or read. Giving opinions or asking about their factuality is encouraged!

Of course it’s not limited to \*just\* books; podcasts, videos, etc. are also welcome. As a reminder,  also has a recommended list of things to read, listen to or watch",1737547258.0,0.82,27,0,Discussion/Question,AutoModerator,31,False,0,False,text
history,1i5rn9r,Stone of Destiny mystery: hunt is on for the missing pieces,267,https://reddit.com/r/history/comments/1i5rn9r/stone_of_destiny_mystery_hunt_is_on_for_the/,https://www.thetimes.com/uk/scotland/article/stone-of-destiny-mystery-hunt-is-on-for-the-missing-pieces-qb27pl5ps?utm_source=reddit&utm_campaign=scotland&utm_medium=story&utm_content=branded,,1737384171.0,0.91,267,0,Article,TimesandSundayTimes,4,False,0,False,text
history,1i5dxpz,Irawati Karve: India's trailblazing anthropologist who challenged Nazi race theories,663,https://reddit.com/r/history/comments/1i5dxpz/irawati_karve_indias_trailblazing_anthropologist/,https://www.bbc.com/news/articles/c93qqq5g416o,,1737333880.0,0.91,663,0,News article,JoeParkerDrugSeller,13,False,0,False,text
history,1i57k7j,Rare Iron Age helmet revealed among Snettisham Hoards finds,338,https://reddit.com/r/history/comments/1i57k7j/rare_iron_age_helmet_revealed_among_snettisham/,https://www.bbc.com/news/articles/cx2n2vj7neyo,,1737317068.0,0.97,338,0,News article,Blue-Soldier,4,False,0,False,text
history,1i471tf,Weekly History Questions Thread.,61,https://reddit.com/r/history/comments/1i471tf/weekly_history_questions_thread/,https://www.reddit.com/r/history/comments/1i471tf/weekly_history_questions_thread/,"Welcome to our History Questions Thread!

This thread is for all those history related questions that are too simple, short or a bit too silly to warrant their own post.

So, do you have a question about history and have always been afraid to ask? Well, today is your lucky day. Ask away!

Of course all our regular rules and guidelines still apply and to be just that bit extra clear:

Questions need to be historical in nature. Silly does not mean that your question should be a joke. [r/history](https://www.reddit.com/r/history/) also has an active [discord server](https://discord.com/invite/r-history-284001693044310016) where you can discuss history with other enthusiasts and experts.",1737205242.0,0.84,61,0,Discussion/Question,AutoModerator,53,False,0,False,text
history,1i3b1jh,Pompeii: Spectacular new discoveries unearthed include private spa,550,https://reddit.com/r/history/comments/1i3b1jh/pompeii_spectacular_new_discoveries_unearthed/,https://www.bbc.com/news/articles/c15zgvnvk4do#amp_tf=From%20%251%24s&aoh=17370984778283&referrer=https%3A%2F%2Fwww.google.com,,1737098560.0,0.97,550,0,News article,jq1984_is_me,22,False,0,False,text
history,1i37l80,Indus Valley: A million-dollar challenge to crack the script of early Indians,704,https://reddit.com/r/history/comments/1i37l80/indus_valley_a_milliondollar_challenge_to_crack/,https://www.bbc.com/news/articles/c70q44zn18wo,,1737085416.0,0.95,704,0,,MeatballDom,29,False,0,False,text
history,1i2zyc7,Continental influx and pervasive matrilocality in Iron Age Britain,97,https://reddit.com/r/history/comments/1i2zyc7/continental_influx_and_pervasive_matrilocality_in/,https://www.nature.com/articles/s41586-024-08409-6,,1737063112.0,0.9,97,0,Science site article,Blue-Soldier,11,False,0,False,text
history,1i2k88x,How European cannon transformed Chinese warfare in the 17th Century AD,234,https://reddit.com/r/history/comments/1i2k88x/how_european_cannon_transformed_chinese_warfare/,https://www.youtube.com/watch?v=1k00xcb87NE,,1737015072.0,0.91,234,0,Video,ByzantineBasileus,11,False,0,False,text
history,1i2lk1k,U.S. Presidential Historian Answers the Internet's Questions about the Presidency.,1,https://reddit.com/r/history/comments/1i2lk1k/us_presidential_historian_answers_the_internets/,https://www.youtube.com/watch?v=oZZ195zWCjA,,1737021301.0,0.51,1,0,,MeatballDom,1,False,0,False,text
history,1i1956w,400-Year-Old Cache Of Treasure Found Hidden Inside The Leg Of A Statue In A German Church,1846,https://reddit.com/r/history/comments/1i1956w/400yearold_cache_of_treasure_found_hidden_inside/,https://allthatsinteresting.com/germany-st-andreas-treasure,,1736870082.0,0.99,1846,0,Article,Apprehensive-Ad6212,43,False,0,False,text
history,1i1vver,Bookclub and Sources Wednesday!,42,https://reddit.com/r/history/comments/1i1vver/bookclub_and_sources_wednesday/,https://www.reddit.com/r/history/comments/1i1vver/bookclub_and_sources_wednesday/,"Hi everybody,

Welcome to our weekly book recommendation thread!

We have found that a lot of people come to this sub to ask for books about history or sources on certain topics. Others make posts about a book they themselves have read and want to share their thoughts about it with the rest of the sub.

We thought it would be a good idea to try and bundle these posts together a bit. One big weekly post where everybody can ask for books or (re)sources on any historic subject or timeperiod, or to share books they recently discovered or read. Giving opinions or asking about their factuality is encouraged!

Of course it’s not limited to \*just\* books; podcasts, videos, etc. are also welcome. As a reminder,  also has a recommended list of things to read, listen to or watch",1736942444.0,0.84,42,0,Discussion/Question,AutoModerator,31,False,0,False,text
history,1i0wrpc,"Skeleton discovered within the sarcophagus of the Octagon tomb of Ephesus nearly 100 years ago is not Queen Arsinoe IV of Egypt, half-sister of Queen Cleopatra VII",349,https://reddit.com/r/history/comments/1i0wrpc/skeleton_discovered_within_the_sarcophagus_of_the/,https://www.nature.com/articles/s41598-024-83870-x,,1736824855.0,0.97,349,0,Science site article,jjmoreta,11,False,0,False,text
history,1hzq72t,"Historians Thought This Was a Medieval Site Linked to King Arthur. It Turned Out to Be a Mysterious Monument Built 4,000 Years Earlier",4346,https://reddit.com/r/history/comments/1hzq72t/historians_thought_this_was_a_medieval_site/,https://www.smithsonianmag.com/smart-news/historians-thought-this-was-a-medieval-site-linked-to-king-arthur-it-turned-out-to-be-a-mysterious-monument-built-4000-years-earlier-180985470/,,1736698766.0,0.99,4346,0,Article,Apprehensive-Ad6212,80,False,0,False,text
history,1i05cr4,Archaeologists called in after waka/boat uncovered on Rēkohu Chatham Island,189,https://reddit.com/r/history/comments/1i05cr4/archaeologists_called_in_after_wakaboat_uncovered/,https://www.rnz.co.nz/news/national/538827/archaeologists-called-in-after-waka-uncovered-on-rekohu-chatham-island,,1736740375.0,0.97,189,0,,MeatballDom,18,False,0,False,text
history,1hyq2ic,"These 12,000-year-old stones may finally prove when the wheel was invented, scientists say: « They’re literally reinventing the wheel. »",1045,https://reddit.com/r/history/comments/1hyq2ic/these_12000yearold_stones_may_finally_prove_when/,https://nypost.com/2024/11/14/science/12000-year-old-stones-may-prove-when-the-wheel-was-invented-study/,,1736577432.0,0.94,1045,0,Article,fchung,67,False,0,False,text
history,1hyvdpj,Weekly History Questions Thread.,27,https://reddit.com/r/history/comments/1hyvdpj/weekly_history_questions_thread/,https://www.reddit.com/r/history/comments/1hyvdpj/weekly_history_questions_thread/,"Welcome to our History Questions Thread!

This thread is for all those history related questions that are too simple, short or a bit too silly to warrant their own post.

So, do you have a question about history and have always been afraid to ask? Well, today is your lucky day. Ask away!

Of course all our regular rules and guidelines still apply and to be just that bit extra clear:

Questions need to be historical in nature. Silly does not mean that your question should be a joke. [r/history](https://www.reddit.com/r/history/) also has an active [discord server](https://discord.com/invite/r-history-284001693044310016) where you can discuss history with other enthusiasts and experts.",1736600456.0,0.78,27,0,Discussion/Question,AutoModerator,65,False,0,False,text
history,1hxssg4,How Hitler Dismantled a Democracy in 53 Days,8491,https://reddit.com/r/history/comments/1hxssg4/how_hitler_dismantled_a_democracy_in_53_days/,https://www.theatlantic.com/ideas/archive/2025/01/hitler-germany-constitution-authoritarianism/681233/,,1736471928.0,0.93,8491,0,News article,johnnierockit,453,False,0,False,text
history,1hxugsa,Royal treasures hidden since World War II recovered from cathedral,387,https://reddit.com/r/history/comments/1hxugsa/royal_treasures_hidden_since_world_war_ii/,https://www.cnn.com/2025/01/09/style/royal-crowns-vilnius-scli-intl/index.html,,1736477093.0,0.98,387,0,News article,Aboveground_Plush,8,False,0,False,text
history,1hx9qi2,"Descendants communities of quilombola, or Africans who escaped slavery in Brazil starting in the 16th century, have worked with archaeologists to uncover two quilombola camps on Tinharé Island in the northeastern state of Bahia.",328,https://reddit.com/r/history/comments/1hx9qi2/descendants_communities_of_quilombola_or_africans/,https://archaeology.org/issues/january-february-2025/digs-discoveries/island-of-freedom/,,1736417678.0,0.95,328,0,,MeatballDom,3,False,0,False,text
history,1hxdvyg,The history of ancient sea travel,50,https://reddit.com/r/history/comments/1hxdvyg/the_history_of_ancient_sea_travel/,https://youtu.be/H18oKuzln6A?si=IqbOCESq8u1zRv3j,,1736432659.0,0.86,50,0,Article,akshatjiwansharma,0,False,0,False,text
history,1hx8r7l,The Liao Dao of the Khitan People from the 11th Century AD,63,https://reddit.com/r/history/comments/1hx8r7l/the_liao_dao_of_the_khitan_people_from_the_11th/,https://www.youtube.com/watch?v=wNaCERcfRpY,,1736413170.0,0.81,63,0,Video,ByzantineBasileus,12,False,0,False,text
history,1hwuvq8,A necessary history of the Pilgrims and their journey before they settled at Plymouth. ,80,https://reddit.com/r/history/comments/1hwuvq8/a_necessary_history_of_the_pilgrims_and_their/,https://americasroots.blog/2025/01/08/before-plymouth-history-of-the-pilgrims/,,1736370183.0,0.91,80,0,Article,No_Carpet3443,0,False,0,False,text
history,1hwhcuk, Hittite Names in Anatolia (𒉈𒅆𒇷) ,163,https://reddit.com/r/history/comments/1hwhcuk/hittite_names_in_anatolia_𒉈𒅆𒇷/,https://www.youtube.com/watch?v=rpGl_4qfp8Y,,1736333137.0,0.85,163,0,Video,archaeo_rex,4,False,0,False,text
history,1hwilfd,Bookclub and Sources Wednesday!,29,https://reddit.com/r/history/comments/1hwilfd/bookclub_and_sources_wednesday/,https://www.reddit.com/r/history/comments/1hwilfd/bookclub_and_sources_wednesday/,"Hi everybody,

Welcome to our weekly book recommendation thread!

We have found that a lot of people come to this sub to ask for books about history or sources on certain topics. Others make posts about a book they themselves have read and want to share their thoughts about it with the rest of the sub.

We thought it would be a good idea to try and bundle these posts together a bit. One big weekly post where everybody can ask for books or (re)sources on any historic subject or timeperiod, or to share books they recently discovered or read. Giving opinions or asking about their factuality is encouraged!

Of course it’s not limited to \*just\* books; podcasts, videos, etc. are also welcome. As a reminder,  also has a recommended list of things to read, listen to or watch",1736337658.0,0.78,29,0,Discussion/Question,AutoModerator,6,False,0,False,text
history,1huwdvr,Andrée Blouin - Africa's overlooked independence heroine,265,https://reddit.com/r/history/comments/1huwdvr/andrée_blouin_africas_overlooked_independence/,https://www.bbc.com/news/articles/c5ydjkgx7x4o,,1736160660.0,0.85,265,0,,MeatballDom,14,False,0,False,text
history,1hu8e2u,The pointy-shoed corruption of medieval London,986,https://reddit.com/r/history/comments/1hu8e2u/the_pointyshoed_corruption_of_medieval_london/,https://www.bbc.co.uk/news/articles/c9vnl1evdkko,,1736087956.0,0.97,986,0,,KewpieCutie97,46,False,0,False,text
history,1hu40hj,The Burial of William the Conqueror: A Comedy of Errors,612,https://reddit.com/r/history/comments/1hu40hj/the_burial_of_william_the_conqueror_a_comedy_of/,https://strangeco.blogspot.com/2024/01/the-burial-of-william-conqueror-comedy.html,,1736072744.0,0.97,612,0,,JoeParkerDrugSeller,28,False,0,False,text
history,1hucjvb,"Surveillance and the secret history of 19th-Century wearable tech: « From jealous spouses to paranoid bosses, 19th-century pedometers quantified suspicion and reshaped the dynamics of surveillance. »",129,https://reddit.com/r/history/comments/1hucjvb/surveillance_and_the_secret_history_of/,https://thereader.mitpress.mit.edu/surveillance-and-the-secret-history-of-19th-century-wearable-tech/,,1736099193.0,0.93,129,0,Article,fchung,3,False,0,False,text
history,1hugn93,Ccuteni - Trypillia mega-sites: a social levelling concept? | Antiquity,36,https://reddit.com/r/history/comments/1hugn93/ccuteni_trypillia_megasites_a_social_levelling/,https://www.cambridge.org/core/journals/antiquity/article/trypillia-megasites-a-social-levelling-concept/A0048EA63DA8D0B00A513BFD7C24A679,,1736109526.0,0.81,36,0,Article,Shepherd_of_Ideas,7,False,0,False,text
history,1htrrlv,"One of the youngest soldiers to fight in World War I was Sidney Lewis, who joined the British Army when he was just 12 years old. He lied about his age to enlist and ended up fighting in the Battle of the Somme at 13 — one of the war’s deadliest battles.",894,https://reddit.com/r/history/comments/1htrrlv/one_of_the_youngest_soldiers_to_fight_in_world/,https://www.londonremembers.com/subjects/sidney-lewis,,1736033833.0,0.97,894,0,Article,dailyww1,35,False,0,False,text
history,1htwz3r,Researchers have discovered two shrines at the Ninurta Temple which was constructed during the reign of King Ashurnasirpal II (883 to 859 BCE),142,https://reddit.com/r/history/comments/1htwz3r/researchers_have_discovered_two_shrines_at_the/,https://www.newsweek.com/remarkable-ancient-shrine-discovered-temple-burnt-2600-years-2005319,,1736049386.0,0.95,142,0,,MeatballDom,0,False,0,False,text
history,1hu1ol1,The gruesome history of Ghents Castle Gravensteen... (Belgium),54,https://reddit.com/r/history/comments/1hu1ol1/the_gruesome_history_of_ghents_castle_gravensteen/,https://www.youtube.com/watch?v=cLZ_GwRO_qs,,1736065497.0,0.87,54,0,Video,FrankWanders,15,False,0,False,text
history,1htem6a,The Spanish army in the 15th and 16th Centuries AD,145,https://reddit.com/r/history/comments/1htem6a/the_spanish_army_in_the_15th_and_16th_centuries_ad/,https://www.youtube.com/watch?v=ogKoiRZbQ2E,,1735998142.0,0.91,145,0,Video,ByzantineBasileus,4,False,0,False,text
history,1htdvzi,Weekly History Questions Thread.,18,https://reddit.com/r/history/comments/1htdvzi/weekly_history_questions_thread/,https://www.reddit.com/r/history/comments/1htdvzi/weekly_history_questions_thread/,"Welcome to our History Questions Thread!

This thread is for all those history related questions that are too simple, short or a bit too silly to warrant their own post.

So, do you have a question about history and have always been afraid to ask? Well, today is your lucky day. Ask away!

Of course all our regular rules and guidelines still apply and to be just that bit extra clear:

Questions need to be historical in nature. Silly does not mean that your question should be a joke. [r/history](https://www.reddit.com/r/history/) also has an active [discord server](https://discord.com/invite/r-history-284001693044310016) where you can discuss history with other enthusiasts and experts.",1735995619.0,0.8,18,0,Discussion/Question,AutoModerator,49,False,0,False,text
history,1hs1whf,"Magic and the British Middle Classes, 1750–1900",194,https://reddit.com/r/history/comments/1hs1whf/magic_and_the_british_middle_classes_17501900/,https://www.jstor.org/stable/24702123,,1735845732.0,0.92,194,0,Article,KewpieCutie97,10,False,0,False,text
history,1hrfq8b,"Scandinavians came to Britain long before Vikings and Anglo-Saxons, finds study",1515,https://reddit.com/r/history/comments/1hrfq8b/scandinavians_came_to_britain_long_before_vikings/,https://www.theguardian.com/science/2025/jan/01/scandinavians-came-to-britain-long-before-vikings-and-anglo-saxons-finds-study,,1735774270.0,0.96,1515,0,News article,Aboveground_Plush,83,False,0,False,text
history,1hs1cza,The Invasion at Wessagusset: How a British Colony Forever Changed English and Native Relations in the New World,30,https://reddit.com/r/history/comments/1hs1cza/the_invasion_at_wessagusset_how_a_british_colony/,https://www.reddit.com/r/history/comments/1hs1cza/the_invasion_at_wessagusset_how_a_british_colony/,"***The Arrival of the Fortune at Plymouth***

The waters were calm. It had been close to one year since the Pilgrims had landed at Cape Cod, and they were struggling to make ends meet. Food supply was scarce, and local trading efforts had failed to turn a profit. Around that time, an unmarked ship coasted into the still waters of Provincetown Harbor, where it lingered for about a week. Bradford and the local Natives assumed it was a French vessel, which undoubtedly caused concern.  The ship was named the ""*Fortune*"" and was sent by Thomas Weston, the same British investor who funded the Pilgrims’ voyage to North America on the *Mayflower*.

Thirty-five passengers unloaded from the *Fortune* prepared to settle in Plymouth with Bradford and the Pilgrims. “And…when they came ashore, \[they were\] found all well.” No one was sick, and everyone appeared to be in good spirits. But just a week earlier, after seeing the barren landscapes of Provincetown Harbor, the settlers were hardly as excited. During their stay in Cape Cod, they “began to think what should become of them if the people \[at Plymouth\] were dead or cut off by the Indians.” If that were the case, they would have no food; no homes; and no protection against local Natives. At one point, the passengers aboard the *Fortune* considered taking “the sails from the \[ship\],” fearing that it would “get away and leave them there.” They simply were not ready to fend for themselves on dry land.

With several new mouths to feed, the Pilgrims quickly stumbled upon a problem: they did not have enough food to feed themselves, much less a small group of hungry settlers. Along with the settlers, the *Fortune* brought a paperback letter addressed to Governor John Carver of Plymouth. He was dead by the time the letter arrived, but the note might well have caused him to roll in his grave; it was from Thomas Weston, who subtly scorned the Pilgrims for their “weakness of judgment” in the new colony. They had yet to send back any goods to Weston as payment, and their trading efforts were a complete and utter failure. The Pilgrims begrudgingly conceded to Weston’s claims and loaded the *Fortune* with cargo worth over £500 to help defray their debts.

***Palisade Walls and Native Tension***

The *Fortune* set sail from New England with the cargo in December as the new settlers began to make themselves at home. But just as they started to get comfortable, misfortune struck. Earlier that month, a Native messenger trekked the hills to Plymouth carrying a handful of items; he was sent by Narragansett sachem, Canonicus. When he delivered the package, the item appeared to be a “bundle of arrows wrapped in the skin of a rattlesnake.” The package was no doubt a threat (as was later confirmed by friendly Natives), but the Pilgrims could not afford to spar with the Narragansetts—the largest Native tribe in New England at the time.

By the time the ill-prepared settlers from the *Fortune* had arrived on the coast, tensions between Plymouth and the Narragansetts had continued to rise. But with the threat of a full-blown Native invasion, “they agreed to enclose their dwellings with a good strong \[palisade\]” and fortify Plymouth. A few mutinous settlers refused to answer to Bradford and the Pilgrims—a trend that kicked off on Christmas 1621. While the Pilgrims were felling trees, erecting palisade walls, and fortifying Plymouth, the new settlers were reveling in the streets, celebrating the holidays. As Puritans, the Pilgrims did not believe that Christmas was a biblically sanctioned holiday. However, the newcomers refused to work on a religious holiday. William Bradford (then-Governor) begrudgingly allowed them the day off,

In less than three months, the band of Pilgrims (as well as a few outsiders) had successfully erected a high palisade wall around Plymouth; they were tired, but at least they were safe—or so they thought. With an impregnable fort around their homes, the Pilgrims felt emboldened enough to venture outside of the Colony. So they prepared to head north, visit the Massachusetts tribe, and trade furs. Colonial life was beginning to take shape, and the Pilgrims were no doubt in high hopes. But, yet again, they were blindsided by bad news. Hobbamock, a Pokanoket counselor who lived with the Pilgrims, hastily stopped Bradford and Standish from leaving.

According to Bradford, “Hobbamock…told them of some jealousies he had; he feared \[the Massachusetts\] joined with the Narragansetts and might betray them if they were not careful.” Unfazed by the troubling accusation, Bradford ordered the shallop to head out on its journey to Massachusetts with ten Pilgrims, including Hobbamock. Within hours—if not minutes—of the crew sailing up the coast, an Indian claiming to belong to Squanto’s family—another friendly Native to the Pilgrims—came bounding toward Plymouth “in seeming great fear.” He explained to the Pilgrims “that many of the Narragansetts, with Corbitant (sachem of Massachusetts tribe), and Massasoit (the Pilgrim’s supposed ally) were coming against them.” Shook with fear, Bradford ordered a few armed men to send out warning shots, “and supposing the boat to be still within hearing,” the Pilgrims’ shallop quickly sailed back for Plymouth.

***The Newcomers and their Little Settlement***

A few months went by, and Native hostilities against the Pilgrims slowly escalated. By winter 1622, the outsiders who came to Plymouth on the *Fortune* had left the colony and traveled north to Wessagussett; their camp was setup right beside a Massachussetts tribe settlement. If there was going to be a Native attack on the English, Wessagusset would be the first colony they would strike. But instead of descending on Wessagusset and slaughtering its inhabitants, the Indians played the English like a fiddle. Desperate for food, the English newcomers became servants to the Massachussetts tribe; they cut them planks of wood and delivered them water for food. Less virtuous settlers just stole the corn, which undoubtedly weakened relations between the two groups. Many men died at Wessagusset that winter, along with the soul of the colony; they were, in effect, on their last limb.

In the midst of their troubles as a new colony, an Englishmen living with nearby Indians sent word to Plymouth that the Massachussetts planned to attack them after they snuffed out the settlers at Wessagusset. “Their plot was to kill all of the English people in one day,” he wrote. And “if the Plymouth men know not of this treacherous plot,” he worried, “they and we are all dead men.” Standish was itching for revenge after being slighted by Native leaders in the recent months, so the Massachussetts’ threats against the English was just what he needed. So, he assembled a force that included Hobbamock, as well as seven Pilgrims, and resolved to set sail for Wessagusset pretending to offer to trade with them. When they arrived, Standish and his crew would dispatch to the colony and inform them of their plan, setup a trap, and lure the Natives into death. It was messy, but Standish was committed.

***Standish's Attack at Wessagusset***

Standish and his crew arrived on the coast near Wessagusset, but there was no one in sight. Could they have already met their fate? Standish fired a shot from his musket as an alarm, and several Wessagusset settlers walked down to the shoreline; they had been harvesting crops and picking groundnuts just as the Pilgrims arrived. They appeared calm, which was odd to Standish. But when Standish told them his plan, the settlers were in complete dismay. Contrary to earlier reports, the English and the Massachussetts had actually become friendly to each other. Some of the Englishmen even lived in wigwams with the Indians. But Standish did not stand down; he had traveled all the way to Wessagusset, and he was going to get what he wanted.

Planning the attack was a days-long undertaking. First, Standish and his crew had to clear out any suspicion among the Natives. Second, they had to orchestrate the attack with the rest of the settlers. But that did not come easy. Standish was able to convince the Wessagusset settlers to follow his plan with a simple bribe: after the attack, they could go with him back to Plymouth, or they could board a ship to a thriving settlement in Maine. The stores of food at Wessagusset were scarce, so the settlers were desperate for any opportunity to get food—even groundnuts. After they were on board, then came the final part of the plan: the attack.

Standish arranged a meal with Wituwamat and Pecksuot—two Massachussets leaders—at an English house within the palisade walls of Wessagusset; this was his golden opportunity to ambush the Indian leaders. So when they all sat down to eat, Standish grasped a knife that was around Pecksuot’s neck, ripped it from its tether, and began stabbing him. The other Pilgrims in the room followed suit of Standish and began attacking Wituwamat until every Indian in the room—except for Hobbamock, of course—was dead. According to Edward Winslow, a Plymouth settler, “\[i\]t is incredible how many wounds these two \[Indians\] received before they died, not making any fearful noise, but catching their weapons and striving to the last.” It was a successful operation, but Standish was not finished. He was hungry for more.

Standish ordered a nearby band of Pilgrims to shakedown Wessagusset, locate any Indians, and kill them. For several hours, Standish and his ragtag crew of Pilgrims delivered a devastating blow to the Massachussetts tribe. Their leaders were dead, and their people were lost at what to do next. Several women were also captured, but Standish released them before he left for Plymouth. As the scuffle drew to a close, the English cut off Wituwamat’s head, bundled it up in a wad of cloth, and stored it on their shallop. When Standish, Hobbamock, and the other Pilgrims returned to Plymouth, they were heralded as heroes. Overseeing the celebrations was the severed head of the Massachussetts sachem, which was stuck on a bloody pole within the fort.

***A Head on a Pole and Celebrations***

While the English invasion at Wessagusset was seen as a success, the resulting fear put Plymouth at a severe disadvantage. Local Native tribes flocked away from the English after the attacks, gripped with fear that Standish and his crew of Pilgrims would descend on their village, sever their heads, and plop them on a pole for display. Thousands of Indians left their villages for swamps and islands, whose landscapes were barren and were hardly sufficient for planting crops. TCoupled with the piercing freeze of New England, starvation struck the Natives unexpectedly, and hundreds of Indians likely died as a result. Having driven competing tribes out of the area, and without bands of enemy forces in the surrounding area, Plymouth and the Pokanokets—their faithful allies—were on track to dominate the eastern seaboard of New England. But without tribes to trade goods with, and having upset a great majority of Indians, there was bound to be some struggles.

  
***Resources***:

1. Bradford, William. “Bradford’s History of Plimoth Plantation.” American Historical Association, 1606.
2. Philbrick, Nathaniel. *Mayflower: A Story of Courage, Community, and War*. Viking Press, 2006.",1735844427.0,0.76,30,0,,No_Carpet3443,0,False,0,False,text
history,1hr1q5t,'She believed you have to take sides': How Audrey Hepburn became a secret spy during World War Two,1601,https://reddit.com/r/history/comments/1hr1q5t/she_believed_you_have_to_take_sides_how_audrey/,https://www.bbc.com/culture/article/20241231-how-audrey-hepburn-became-a-secret-spy-during-world-war-two,,1735733215.0,0.94,1601,0,News article,JoeParkerDrugSeller,71,False,0,False,text
history,1hqtv3e,John Michell: the forgotten priest who predicted black holes in 1783,829,https://reddit.com/r/history/comments/1hqtv3e/john_michell_the_forgotten_priest_who_predicted/,https://www.bbc.com/future/article/20240626-the-priest-who-predicted-black-holes-in-1783,,1735698883.0,0.97,829,0,,MeatballDom,40,False,0,False,text
history,1hr1mwc,Bookclub and Sources Wednesday!,21,https://reddit.com/r/history/comments/1hr1mwc/bookclub_and_sources_wednesday/,https://www.reddit.com/r/history/comments/1hr1mwc/bookclub_and_sources_wednesday/,"Hi everybody,

Welcome to our weekly book recommendation thread!

We have found that a lot of people come to this sub to ask for books about history or sources on certain topics. Others make posts about a book they themselves have read and want to share their thoughts about it with the rest of the sub.

We thought it would be a good idea to try and bundle these posts together a bit. One big weekly post where everybody can ask for books or (re)sources on any historic subject or timeperiod, or to share books they recently discovered or read. Giving opinions or asking about their factuality is encouraged!

Of course it’s not limited to \*just\* books; podcasts, videos, etc. are also welcome. As a reminder,  also has a recommended list of things to read, listen to or watch",1735732852.0,0.75,21,0,Discussion/Question,AutoModerator,10,False,0,False,text
history,1hpbnk5,Cocaine found in mummified brains reveal that New World drug came to Italy 200 years earlier than thought,4637,https://reddit.com/r/history/comments/1hpbnk5/cocaine_found_in_mummified_brains_reveal_that_new/,https://www.livescience.com/archaeology/cocaine-found-in-mummified-brains-reveal-that-new-world-drug-came-to-italy-200-years-earlier-than-thought,,1735522446.0,0.99,4637,0,Article,whownnasmoke,64,False,0,False,text
history,1hqsgu5,A story all about hair (Lady Godvia),0,https://reddit.com/r/history/comments/1hqsgu5/a_story_all_about_hair_lady_godvia/,https://www.youtube.com/watch?v=nM_mEQ3djPM,,1735693762.0,0.42,0,0,Video,gregg_ink,1,False,0,False,text
history,1hpfdh3,"Corn Hill was named after 16 Pilgrims who discovered a padded patch of sand while searching for a settlement; there was an abundance of corn buried below the patch, so the Pilgrims dug it up. Those bushels of corn (undoubtedly belonging to local Natives) fed the 102 hungry passengers on the ship.",839,https://reddit.com/r/history/comments/1hpfdh3/corn_hill_was_named_after_16_pilgrims_who/,https://americasroots.blog/2024/12/29/the-corn-hill-incident/,,1735534181.0,0.96,839,0,Article,No_Carpet3443,44,False,0,False,text
history,1hplh9p,A review and categorization of Medieval and Renaissance polearms,46,https://reddit.com/r/history/comments/1hplh9p/a_review_and_categorization_of_medieval_and/,https://www.youtube.com/watch?v=rdslWL_A7D4,,1735558903.0,0.82,46,0,Video,ByzantineBasileus,1,False,0,False,text
history,1hoyqwa,Medieval pig trials ,52,https://reddit.com/r/history/comments/1hoyqwa/medieval_pig_trials/,https://courtlyswagger.wixsite.com/youdontknowmedieval,"Earlier I wrote a comment under a [post on medieval pig trials](https://www.reddit.com/r/history/s/w3DoOIjyV8) attempting to explain why they were done. The problem is that my reasoning was purely hypothetical so I decided to actually do some research on this topic. 

Since my text was too long for a Reddit post I thought I might as well start a blog for my more in depth research. ",1735487524.0,0.79,52,0,Article,15thcenturynoble,3,False,0,False,text
history,1hobds7,The rock houses of England's last cave people,533,https://reddit.com/r/history/comments/1hobds7/the_rock_houses_of_englands_last_cave_people/,https://www.bbc.co.uk/news/articles/cewxy457l2po,,1735409275.0,0.96,533,0,,KewpieCutie97,28,False,0,False,text
history,1ho93rd,"Boston's First ""Tea Party""",56,https://reddit.com/r/history/comments/1ho93rd/bostons_first_tea_party/,https://americasroots.blog/2024/12/27/bostons-first-protest-over-taxes/,,1735403089.0,0.85,56,0,Article,No_Carpet3443,13,False,0,False,text
history,1hnzst9,An overview of the first Bulgarian Empire,93,https://reddit.com/r/history/comments/1hnzst9/an_overview_of_the_first_bulgarian_empire/,https://www.youtube.com/watch?v=GYyjd3MtFIw,,1735367266.0,0.9,93,0,Video,ByzantineBasileus,1,False,0,False,text
history,1hnh9dp,‘Really incredible’ sixth-century sword found in Kent,1245,https://reddit.com/r/history/comments/1hnh9dp/really_incredible_sixthcentury_sword_found_in_kent/,https://www.theguardian.com/science/2024/dec/26/really-incredible-sixth-century-sword-found-in-kent,,1735313309.0,0.98,1245,0,,Welshhoppo,59,False,0,False,text
history,1ho579c,Weekly History Questions Thread.,19,https://reddit.com/r/history/comments/1ho579c/weekly_history_questions_thread/,https://www.reddit.com/r/history/comments/1ho579c/weekly_history_questions_thread/,"Welcome to our History Questions Thread!

This thread is for all those history related questions that are too simple, short or a bit too silly to warrant their own post.

So, do you have a question about history and have always been afraid to ask? Well, today is your lucky day. Ask away!

Of course all our regular rules and guidelines still apply and to be just that bit extra clear:

Questions need to be historical in nature. Silly does not mean that your question should be a joke. [r/history](https://www.reddit.com/r/history/) also has an active [discord server](https://discord.com/invite/r-history-284001693044310016) where you can discuss history with other enthusiasts and experts.",1735390820.0,0.76,19,0,Discussion/Question,AutoModerator,40,False,0,False,text
history,1hncyzx,"Reynolds told that Yeltsin ""might be worse for wear"" - Ireland 1994",198,https://reddit.com/r/history/comments/1hncyzx/reynolds_told_that_yeltsin_might_be_worse_for/,https://www.rte.ie/news/2024/1227/1487070-state-papers-boris-yeltsin/,,1735298943.0,0.92,198,0,News article,i_like_cake_96,6,False,0,False,text
history,1hncljv,An overview of warfare in ancient India to 300 BC,65,https://reddit.com/r/history/comments/1hncljv/an_overview_of_warfare_in_ancient_india_to_300_bc/,https://www.youtube.com/watch?v=KukBH8eyVOU,,1735297334.0,0.78,65,0,Video,ByzantineBasileus,9,False,0,False,text
history,1hmxetd,"Casaamata, Casanova, Tadini, the First Intraocular Lens, and the Exploding Champagne Bottle",54,https://reddit.com/r/history/comments/1hmxetd/casaamata_casanova_tadini_the_first_intraocular/,https://www.researchgate.net/publication/387437754_Casaamata_Casanova_Tadini_the_First_Intraocular_Lens_and_the_Exploding_Champagne_Bottle,,1735245482.0,0.8,54,0,Article,goodoneforyou,8,False,0,False,text
history,1hml9tz,The Barbary Pirates ,190,https://reddit.com/r/history/comments/1hml9tz/the_barbary_pirates/,https://www.youtube.com/watch?v=NMw7c88xUMI,,1735206776.0,0.9,190,0,Video,ByzantineBasileus,10,False,0,False,text
history,1hlqplc,The North Hollywood Shootout (1997),3613,https://reddit.com/r/history/comments/1hlqplc/the_north_hollywood_shootout_1997/,https://youtu.be/irazIMhHpgA?si=IfTiVROIeY6P4iLN,"🔞⚠️
The **North Hollywood shootout** or **the Battle of North Hollywood** was a confrontation between two heavily armed and armored bank robbers, Larry Phillips Jr. and Emil Mătăsăreanu, and police officers in the North Hollywood neighborhood of Los Angeles on February 28, 1997. Both armed robbers were killed, twelve police officers and eight civilians were injured, and numerous vehicles and other property were damaged or destroyed by the nearly 2,000 rounds of ammunition fired by the robbers and police.
",1735088807.0,0.96,3613,0,Video,ImperatorDavianus,288,False,0,False,text
history,1hm7bng,St. Nicholas of Myra,30,https://reddit.com/r/history/comments/1hm7bng/st_nicholas_of_myra/,https://youtu.be/069EYEzyUFs?si=yvxIVqLzrOaFksbb,,1735155315.0,0.81,30,0,Article,AChubbyCalledKLove,3,False,0,False,text
history,1hlzi96,Bookclub and Sources Wednesday!,17,https://reddit.com/r/history/comments/1hlzi96/bookclub_and_sources_wednesday/,https://www.reddit.com/r/history/comments/1hlzi96/bookclub_and_sources_wednesday/,"Hi everybody,

Welcome to our weekly book recommendation thread!

We have found that a lot of people come to this sub to ask for books about history or sources on certain topics. Others make posts about a book they themselves have read and want to share their thoughts about it with the rest of the sub.

We thought it would be a good idea to try and bundle these posts together a bit. One big weekly post where everybody can ask for books or (re)sources on any historic subject or timeperiod, or to share books they recently discovered or read. Giving opinions or asking about their factuality is encouraged!

Of course it’s not limited to \*just\* books; podcasts, videos, etc. are also welcome. As a reminder,  also has a recommended list of things to read, listen to or watch",1735128029.0,0.77,17,0,Discussion/Question,AutoModerator,17,False,0,False,text
history,1hkbqum,The Oregon Trail was once the most widely distributed software in US schools. It gripped a generation and changed gaming forever.,18602,https://reddit.com/r/history/comments/1hkbqum/the_oregon_trail_was_once_the_most_widely/,https://www.bbc.com/future/article/20241219-the-oregon-trail-how-a-50-year-old-video-game-defined-america,,1734913549.0,0.96,18602,0,News article,JoeParkerDrugSeller,678,False,0,False,text
history,1hjwutq,The history of the Zodiac Killer and the search to identify him,317,https://reddit.com/r/history/comments/1hjwutq/the_history_of_the_zodiac_killer_and_the_search/,https://www.rnz.co.nz/news/world/537415/the-zodiac-killer-s-real-identity-continues-to-puzzle-true-crime-sleuths-and-investigators-50-years-on,,1734867478.0,0.94,317,0,,MeatballDom,41,False,0,False,text
history,1hk6a1w,The 1948 UN Genocide Convention and Raphael Lemkin.,59,https://reddit.com/r/history/comments/1hk6a1w/the_1948_un_genocide_convention_and_raphael_lemkin/,https://blog.ehri-project.eu/2017/12/08/the-1948-genocide-convention-raphael-lemkins-struggle-for-the-law-of-the-world/,"1948 Convention on the Prevention and Punishment of the Crime of Genocide is one of the most important achievements of humanity, and of the experts in human rights. Alongside the legal definition of genocide, rooted in the Convention and confirmed in subsequent case 
law, there is a legal basis aimed at prevention and punishment of this most serious crime. 

We also have to agree on how great the value of Raphael Lemkin’s genocide discourse is, from both legal and humanistic points of view.
He worked for a great cause and if the UN ever failed to or influenced by(political baises) punish those committing crimes against humanity then it would be a violation of his legacy.",1734897392.0,0.84,59,0,Article,[deleted],16,False,0,False,text
history,1hj4wbb,Silver amulet discovered in Germany has emerged as the earliest evidence of Christianity in Europe north of the Alps.,1246,https://reddit.com/r/history/comments/1hj4wbb/silver_amulet_discovered_in_germany_has_emerged/,https://www.rnz.co.nz/news/world/537329/silver-amulet-discovered-in-germany-could-rewrite-christian-history-in-europe,,1734766226.0,0.96,1246,0,,MeatballDom,37,False,0,False,text
history,1hiv0m7,How Muslims Influenced Thomas Jefferson ,52,https://reddit.com/r/history/comments/1hiv0m7/how_muslims_influenced_thomas_jefferson/,https://youtu.be/VLRCk68BZ00?si=5RfVoRd5cUSdtoa7,,1734732276.0,0.72,52,0,Article,ParticularAthlete129,9,False,0,False,text
history,1hj9ddd,Weekly History Questions Thread.,3,https://reddit.com/r/history/comments/1hj9ddd/weekly_history_questions_thread/,https://www.reddit.com/r/history/comments/1hj9ddd/weekly_history_questions_thread/,"Welcome to our History Questions Thread!

This thread is for all those history related questions that are too simple, short or a bit too silly to warrant their own post.

So, do you have a question about history and have always been afraid to ask? Well, today is your lucky day. Ask away!

Of course all our regular rules and guidelines still apply and to be just that bit extra clear:

Questions need to be historical in nature. Silly does not mean that your question should be a joke. [r/history](https://www.reddit.com/r/history/) also has an active [discord server](https://discord.com/invite/r-history-284001693044310016) where you can discuss history with other enthusiasts and experts.",1734786018.0,0.57,3,0,Discussion/Question,AutoModerator,28,False,0,False,text
history,1hi8z0h,Ancient Statue of Roman Emperor Will Finally Be Reunited With Its Head,916,https://reddit.com/r/history/comments/1hi8z0h/ancient_statue_of_roman_emperor_will_finally_be/,https://www.smithsonianmag.com/smart-news/an-ancient-statue-of-a-roman-emperor-will-finally-be-reunited-with-its-head-180985662/,,1734659248.0,0.98,916,0,Article,KewpieCutie97,26,False,0,False,text
history,1hifrtw,"Palaeoenvironmental, stratigraphic and geochronological study of the coastal site of Dalani i Vogël (Vlora, Albania): new evidence for late Neanderthal occupation and prehistoric archaeology",36,https://reddit.com/r/history/comments/1hifrtw/palaeoenvironmental_stratigraphic_and/,https://www.sciencedirect.com/science/article/abs/pii/S0277379124006139,,1734684987.0,0.8,36,0,Article,heloumadafaka,0,False,0,False,text
history,1hhrsfc,"A 9th-century BCE burial mound provides evidence that the origins of the nomadic Scythians may lie farther east than previously thought, and that Herodotus' strange description of their royal funerals may be based on an element of truth.",782,https://reddit.com/r/history/comments/1hhrsfc/a_9thcentury_bce_burial_mound_provides_evidence/,https://archaeology.org/issues/january-february-2025/collection/origins-of-the-scythians/top-10-discoveries-of-2024/,,1734611169.0,0.96,782,0,,MeatballDom,31,False,0,False,text
history,1hgycym,The 1898 Wilmington Massacre: When White Supremacists Staged the Only Successful Coup in U.S. History,2843,https://reddit.com/r/history/comments/1hgycym/the_1898_wilmington_massacre_when_white/,https://www.smithsonianmag.com/history/when-white-supremacists-staged-the-only-successful-coup-in-us-history-180985400/,,1734515711.0,0.92,2843,0,,iluvvmyboobs,104,False,0,False,text
history,1hhexci,"Dickens, Rickets, and Tiny Tim",53,https://reddit.com/r/history/comments/1hhexci/dickens_rickets_and_tiny_tim/,https://open.substack.com/pub/chrisinnermostthoughts/p/better-than-his-word?r=32zk2t&utm_medium=ios,"Did Tiny Tim have rickets? Does it matter? What would Dickens have to say to all the would-be retrospective diagnosticians out there? Here are some thoughts on these burning questions and more, and a ""real"" Tiny Bob with verified rickets.",1734564380.0,0.86,53,0,Article,HxAndMusx,7,False,0,False,text
history,1hgldi9,"2,000-year-old tomb of Roman soldier unearthed in Netherlands",1850,https://reddit.com/r/history/comments/1hgldi9/2000yearold_tomb_of_roman_soldier_unearthed_in/,https://archaeologymag.com/2024/12/tomb-of-roman-soldier-unearthed-in-netherlands/,,1734471053.0,0.98,1850,0,,KewpieCutie97,25,False,0,False,text
history,1hgset2,"‘The darker angels of our nature’: Early Bronze Age butchered human remains from Charterhouse Warren, Somerset, UK | Antiquity",148,https://reddit.com/r/history/comments/1hgset2/the_darker_angels_of_our_nature_early_bronze_age/,https://www.cambridge.org/core/journals/antiquity/article/darker-angels-of-our-nature-early-bronze-age-butchered-human-remains-from-charterhouse-warren-somerset-uk/93EBB135C857C7B7992FC80A4ED927AF,,1734491616.0,0.96,148,0,Article,Chipdoc,14,False,0,False,text
history,1hh01ur,Bookclub and Sources Wednesday!,19,https://reddit.com/r/history/comments/1hh01ur/bookclub_and_sources_wednesday/,https://www.reddit.com/r/history/comments/1hh01ur/bookclub_and_sources_wednesday/,"Hi everybody,

Welcome to our weekly book recommendation thread!

We have found that a lot of people come to this sub to ask for books about history or sources on certain topics. Others make posts about a book they themselves have read and want to share their thoughts about it with the rest of the sub.

We thought it would be a good idea to try and bundle these posts together a bit. One big weekly post where everybody can ask for books or (re)sources on any historic subject or timeperiod, or to share books they recently discovered or read. Giving opinions or asking about their factuality is encouraged!

Of course it’s not limited to \*just\* books; podcasts, videos, etc. are also welcome. As a reminder,  also has a recommended list of things to read, listen to or watch",1734523229.0,0.93,19,0,Discussion/Question,AutoModerator,7,False,0,False,text
history,1hgjccr,Palawan Massacre: WWII's Forgotten Tragedy,186,https://reddit.com/r/history/comments/1hgjccr/palawan_massacre_wwiis_forgotten_tragedy/,https://arsof-history.org/articles/v14n1_palawan_massacre_page_1.html,"The ""Palawan Massacre"" occurred during World War II on December 14, 1944, when Japanese forces brutally executed 150 American prisoners of war in the Philippines. The massacre was an attempt to prevent the POWs' liberation by advancing Allied forces. Survivors who managed to escape shared the harrowing details, shedding light on this tragic and lesser-known event of the war.",1734465585.0,0.91,186,0,Article,thecoffeeaddict07,49,False,0,False,text
history,1hgej31,Portrait of the Last Byzantine Emperor Discovered - Medievalists.net,237,https://reddit.com/r/history/comments/1hgej31/portrait_of_the_last_byzantine_emperor_discovered/,https://www.medievalists.net/2024/12/portrait-of-the-last-byzantine-emperor-discovered/,,1734453193.0,0.97,237,0,Article,WanderingHero8,9,False,0,False,text
history,1hg7q8u,'Being a starlet was difficult': How Shirley Temple saved a Hollywood studio from bankruptcy,567,https://reddit.com/r/history/comments/1hg7q8u/being_a_starlet_was_difficult_how_shirley_temple/,https://www.bbc.com/culture/article/20241212-how-shirley-temple-saved-a-hollywood-studio-from-bankruptcy,,1734430953.0,0.95,567,0,,MeatballDom,20,False,0,False,text
history,1hfpac8,Tales of 18th-century dentistry,159,https://reddit.com/r/history/comments/1hfpac8/tales_of_18thcentury_dentistry/,https://thequackdoctor.substack.com/p/the-tooth-the-whole-tooth-and-the,,1734372409.0,0.93,159,0,Article,l_hazlewoods,7,False,0,False,text
history,1hfe62p,The Fishing Company Failure That Birthed Massachusetts Bay,164,https://reddit.com/r/history/comments/1hfe62p/the_fishing_company_failure_that_birthed/,https://www.reddit.com/r/history/comments/1hfe62p/the_fishing_company_failure_that_birthed/,"**I. Dorchester Company**

*a. The Fishing Expeditions* (1623-1625)

In the summer of 1623, a bulky fishing vessel known as the *Fellowship* set out on a fishing expedition to Cape Ann, an area known for its abundance of codfish, planning to establish a fishing post under the Dorchester Company. But when the ship arrived off the coast of New England, there was no fish. Puzzled by the emptiness of the waters and the lack of fellow fishermen, the *Fellowship* dropped off about fourteen men at Cape Ann and turned around for England, yielding no profit on its three-thousand-mile voyage. A few years later, John White—a stockholder of the Dorchester Company—recalled the 1623 expedition:

>And when she \[the ship\] arived in the Country...to fish at Cape Anne not far from Mattachusets Bay, \[she\] sped very ill, as did also the smaller Ship that led her thither, and found little Fish.

*See* [John White, ""The Planters Plea.""](https://boston400.blog/1630-the-planters-plea/) (1630).

Over the next two years, the Dorchester Company launched two more fishing expeditions in 1624 and 1625. However, because of the Company's losses in 1623, it had to turn to investors to help fund the trips. Before the *Fellowship* set sail for the last time in 1625, the Company planned to head for New England—*again*. But once the ship was at sea, that plan abruptly changed. According to White, ""the Master \[of the ship\] dispaired of doing any good in New-England,"" noting that, there, ""the Fish falls in two or three mounths sooner then at New-found-land."" The crew thus resolved to ""turne into New-found-land,"" bound and determined to catch enough fish to offset their debts.

And so they did. In Newfoundland, the crew ""tooke Fish \[in\] good store and much more than she could lade home."" If the voyage had been ""well-managed,"" the catch could have been sold off to help defray expenses and pay back investors, but there was not enough profit. According to White, the 1625 fishing expedition was ill-fitted from the outset because the crew ""was not certain where to make her Fish"" when they initially set sail for New England. Consequently, many fish in Newfoundland were ""cast away"" by other fishermen who had arrived earlier than the crew aboard the *Fellowship*.

Even worse, the Dorchester crew came home to an economic disaster. Due to the Anglo-Spanish War, the demand for fish in England was extremely low. For the fisherman who ventured to Cape Ann in 1623, the lack of fish might well have been a sign of future hardships for the Dorchester Company. By 1625, those mere predictions had evolved into an undeniable reality: The Company was suffering and on the brink of bankruptcy. The crew tried to sail to France to sell the fish, but a gale of wind pushed them in the opposite direction, forcing the *Fellowship* to return to England. The crew accepted their fate and returned to England, forced to sell the fish for dirt cheap.

b. *The Final Stretch* (1626)

Another problem arose when the value of ships fell. While the fishing post at Cape Ann was a complete failure, the Company tried to sell off its own assets as a Hail Mary. But when the Company put the *Fellowship* on the market—a ship that was valued at ""twelve hundred pounds""—sold for only ""four hundred and eighty pounds""—a loss of seven hundred and twenty pounds. By 1626, the Company was laden with unpayable debts; as a result, it was rendered bankrupt and forced to shutdown.

In ""The Planters Plea,"" White explained the Dorchester Company's ill-fitted expeditions (and their causes):

>""First (1), the ill choice of the place for fishing; the next (2), the ill carriage of our men at Land, who having stood vs in two yeares and a halfe in well nigh one thousand pound charge, never yeelded one hundred pound profit. The last (3) the ill sales of Fish and Shipping. By all which the Aduenturers were so far discouraged, that they abandoned the further prosecution of this Designe, and tooke order for the dissoluing of the Company on Land...""

**II. New England Company**

When the Dorchester Company closed its doors in 1626, about fifty men remained at Cape Ann. Since the Fellowship landed at Cape Ann in 1623, residents from the nearby Plymouth Colony had joined the Dorchester group to try and help them establish a settlement. Their hunting advice was good, but the truth was invaluable: Roger Conant—a Plymouth resident—bluntly told the fishermen that Cape Ann was a futile settlement; its soil was not rich enough to foster a healthy farming community, and its waters did not have enough fish to satiate an entire settlement. Conant suggested that they instead settle at a place called Nahum Keike—modern Salem—where they, along with their friends at home, would thrive.

John Endecott arrived at Nahum Keike in 1628 to scout the lands for the New England Company. **John White continued to fund the expeditions but from the comfort of his parish in England**. The King issued a Royal Charter in 1629, renaming the New England Company to ""Massachusetts Bay Company."" By August of 1629, the Massachusetts Bay Colony, led by Governor John Winthrop and a General Court composed of seven Assistants, was holding its first meeting in the New World—a meeting that was *separate* from the shareholders in England*.* From that point on, Massachusetts Bay became a literal 'city on a hill' for not only religion, but government as well—even when they did not *intend* to.

From a meager fishing post in the empty waters of Cape Ann to a flourishing colony at Massachusetts Bay, John White and the Dorchester Company had quite a comeback story. I find this particular settlement interesting. What do you think?

  
*If you are interested in reading about the Dorchester Company and history of the Massachusetts Bay Colony, I have attached both primary and secondary resources that you can read:*

***Resources***

1) The Planters Plea: [https://boston400.blog/1630-the-planters-plea/](https://boston400.blog/1630-the-planters-plea/)

2) An Analysis of Motives of the Bay Colony: [http://www.jstor.org/stable/24440500](http://www.jstor.org/stable/24440500)

3) Life of Reverend John White: [https://www.opcdorset.org/fordingtondorset/Files/DorchesterRevJohnWhite1575-1648.html](https://www.opcdorset.org/fordingtondorset/Files/DorchesterRevJohnWhite1575-1648.html)",1734335316.0,0.93,164,0,Discussion/Question,No_Carpet3443,19,False,0,False,text
history,1hezge1,Were Descartes and Princess Elisabeth of Bohemia flirting with eachother in their correspondence? (Excerpts and link),163,https://reddit.com/r/history/comments/1hezge1/were_descartes_and_princess_elisabeth_of_bohemia/,https://www.earlymoderntexts.com/assets/pdfs/descartes1643_1.pdf,"(Some) excerpts:

**Elisabeth writes on 6.v.1643**

When I heard that you had planned to visit me a few days ago, I was elated by your kind willingness to share yourself with an ignorant and headstrong person, and saddened by the misfortune of missing such a profitable conversation. When M. Pollot [a friend of Descartes and of the Princess] took me through the solutions you had given him for some obscurities in Regius’s physics, that increased my regret at missing you, because I’d have learned them better from you directly. And direct contact would have given me something else. When Professor Regius was here in The Hague, I put to him a question that he said would be better answered by you.

**Descartes writes on 21.v.1643**

[He starts by praising the Princess’s favour of writing to him. When they have met, he says, he has been so dazzled by her combination of intelligence and beauty that he couldn’t converse well… ]

**Descartes writes in Latin in vii. 1644**

I’m right to use the word ‘incomparable’: yours is the only intellect I have encountered that finds everything equally clear. [He adds some praise of the princess’s youth and beauty.]",1734288899.0,0.84,163,0,Article,Alternative_Hat_6840,12,False,0,False,text
history,1he5wr5,An Artist Noticed a Leak in His Studio. The Repairs Revealed a Mysterious Ancient Engraving Hidden Inside the Walls,1241,https://reddit.com/r/history/comments/1he5wr5/an_artist_noticed_a_leak_in_his_studio_the/,https://www.smithsonianmag.com/smart-news/an-artist-noticed-a-leak-in-his-studio-the-repairs-revealed-a-mysterious-ancient-engraving-hidden-inside-the-walls-180985653/,,1734192019.0,0.96,1241,0,Article,Apprehensive-Ad6212,24,False,0,False,text
history,1hdlitt,DNA dates modern man’s trek ‘out of Africa’ to breed with Neanderthals,2058,https://reddit.com/r/history/comments/1hdlitt/dna_dates_modern_mans_trek_out_of_africa_to_breed/,https://www.thetimes.com/article/f7533cc0-b8c3-48ac-b970-1b5a8b4debfa?shareToken=adf61d94617aa83c7d9c29f1cf20b622,,1734121825.0,0.95,2058,0,Article,TimesandSundayTimes,61,False,0,False,text
history,1he8gma,How Capitalism Conquered the World (Then & Now),10,https://reddit.com/r/history/comments/1he8gma/how_capitalism_conquered_the_world_then_now/,https://youtu.be/F_nefR99g0U?si=ITWNBKdhyEWmZRvS,,1734199210.0,0.56,10,0,Video,GroundbreakingWeb360,3,False,0,False,text
history,1he2czh,Weekly History Questions Thread.,7,https://reddit.com/r/history/comments/1he2czh/weekly_history_questions_thread/,https://www.reddit.com/r/history/comments/1he2czh/weekly_history_questions_thread/,"Welcome to our History Questions Thread!

This thread is for all those history related questions that are too simple, short or a bit too silly to warrant their own post.

So, do you have a question about history and have always been afraid to ask? Well, today is your lucky day. Ask away!

Of course all our regular rules and guidelines still apply and to be just that bit extra clear:

Questions need to be historical in nature. Silly does not mean that your question should be a joke. [r/history](https://www.reddit.com/r/history/) also has an active [discord server](https://discord.com/invite/r-history-284001693044310016) where you can discuss history with other enthusiasts and experts.",1734181227.0,0.65,7,0,Discussion/Question,AutoModerator,27,False,0,False,text
history,1hdlhaq,The Largest Standing Stupa in Afghanistan: A short history of the Buddhist site at Topdara,95,https://reddit.com/r/history/comments/1hdlhaq/the_largest_standing_stupa_in_afghanistan_a_short/,https://www.afghanistan-analysts.org/en/reports/context-culture/the-largest-standing-stupa-in-afghanistan-a-short-history-of-the-buddhist-site-at-topdara/,,1734121708.0,0.95,95,0,Article,Aware-Designer2505,3,False,0,False,text
history,1hcu5pg,"A Mesolithic stone wall 70 feet underwater on the Baltic Sea floor off the German coast appears to be the oldest known human-built structure in Europe built for hunting. Thought to date to 10,000 years ago, the wall likely helped hunter-gatherers pick off Eurasian reindeers.",946,https://reddit.com/r/history/comments/1hcu5pg/a_mesolithic_stone_wall_70_feet_underwater_on_the/,https://archaeology.org/issues/january-february-2025/collection/reindeer-hunters-wall/top-10-discoveries-of-2024/,,1734034424.0,0.98,946,0,,MeatballDom,23,False,0,False,text
history,1hcbdte,Josephine Butler: the forgotten 1870s feminist who fought the UK police.,392,https://reddit.com/r/history/comments/1hcbdte/josephine_butler_the_forgotten_1870s_feminist_who/,https://www.theguardian.com/society/article/2024/jun/27/josephine-butler-the-forgotten-feminist-who-fought-the-uk-police-and-their-genital-inspections,,1733971868.0,0.87,392,0,Article,KewpieCutie97,7,False,0,False,text
history,1hbbuf5,"Nearly 500 years after the collapse of the largest empire in the Americas, a single bridge remains from the Inca's extraordinary road system",2430,https://reddit.com/r/history/comments/1hbbuf5/nearly_500_years_after_the_collapse_of_the/,https://www.bbc.com/travel/article/20241206-the-last-inca-bridge-master,,1733863634.0,0.99,2430,0,News article,JoeParkerDrugSeller,56,False,0,False,text
history,1hbc79e,"Suspected 35,000-Year-Old Stone Age Ritual Site Found Deep Within Cave",550,https://reddit.com/r/history/comments/1hbc79e/suspected_35000yearold_stone_age_ritual_site/,https://gizmodo.com/suspected-35000-year-old-stone-age-ritual-site-found-deep-within-cave-2000536478,,1733864527.0,0.98,550,0,Article,KewpieCutie97,18,False,0,False,text
history,1hbrwgt,Bookclub and Sources Wednesday!,20,https://reddit.com/r/history/comments/1hbrwgt/bookclub_and_sources_wednesday/,https://www.reddit.com/r/history/comments/1hbrwgt/bookclub_and_sources_wednesday/,"Hi everybody,

Welcome to our weekly book recommendation thread!

We have found that a lot of people come to this sub to ask for books about history or sources on certain topics. Others make posts about a book they themselves have read and want to share their thoughts about it with the rest of the sub.

We thought it would be a good idea to try and bundle these posts together a bit. One big weekly post where everybody can ask for books or (re)sources on any historic subject or timeperiod, or to share books they recently discovered or read. Giving opinions or asking about their factuality is encouraged!

Of course it’s not limited to \*just\* books; podcasts, videos, etc. are also welcome. As a reminder,  also has a recommended list of things to read, listen to or watch",1733918429.0,0.79,20,0,Discussion/Question,AutoModerator,11,False,0,False,text
history,1haxrnw,"More than 1,000 Artifacts Discovered Beneath Notre Dame Cathedral",1236,https://reddit.com/r/history/comments/1haxrnw/more_than_1000_artifacts_discovered_beneath_notre/,https://www.artnews.com/art-news/news/more-than-1000-artifacts-discovered-beneath-notre-dame-cathedral-paris-1234725950/,,1733821588.0,0.97,1236,0,,MeatballDom,73,False,0,False,text
history,1hbh2hh,Belisariusless: Byzantine Reconquest While Belisarius was Imprisoned ,26,https://reddit.com/r/history/comments/1hbh2hh/belisariusless_byzantine_reconquest_while/,https://youtu.be/1SLsR_EO-ko?si=OgRVdpmCM-EqFmdD,,1733877615.0,0.82,26,0,Article,AChubbyCalledKLove,1,False,0,False,text
history,1haoxk7,Archaeologists Discover Iron Age Weapons Cache in Denmark,533,https://reddit.com/r/history/comments/1haoxk7/archaeologists_discover_iron_age_weapons_cache_in/,https://gizmodo.com/archaeologists-discover-enormous-iron-age-weapon-sacrifice-near-danish-motorway-2000532752,,1733790411.0,0.97,533,0,,MeatballDom,6,False,0,False,text
history,1hasoyp,"Stirring the Pot: Antoine Baumé, Josiah Wedgwood, Pierre-Louis Guinand, and the Development of Optical Glass  ",18,https://reddit.com/r/history/comments/1hasoyp/stirring_the_pot_antoine_baumé_josiah_wedgwood/,https://www.reddit.com/r/history/comments/1hasoyp/stirring_the_pot_antoine_baumé_josiah_wedgwood/,"[https://doi.org/10.1080/00026980.2024.2419312](https://doi.org/10.1080/00026980.2024.2419312)

Throughout history, there have been scientific ideas that were initially ignored only to come to fruition years later when proposed by others. This paper explores one such case in the latter half of the eighteenth century, that of the development of defect-free optical glass for construction of improved telescopes and navigational instruments. The French chemist Antoine Baumé first proposed the idea of stirring pots of molten optical glass with a fireclay stirrer to remove defects, but his work was eclipsed for a variety of reasons by the famed potter Josiah Wedgwood and the Swiss artisan Pierre-Louis Guinand.  ",1733801864.0,0.79,18,0,Article,metmanuscripts,4,False,0,False,text
history,1h9nh1a,Sarcophagus found at Church of St. Nicholas could be the tomb of “Santa Claus”,1903,https://reddit.com/r/history/comments/1h9nh1a/sarcophagus_found_at_church_of_st_nicholas_could/,https://www.heritagedaily.com/2024/12/sarcophagus-found-at-church-of-st-nicholas-could-be-the-tomb-of-santa-claus/154084,,1733677848.0,0.95,1903,0,Article,Apprehensive-Ad6212,108,False,0,False,text
history,1h9lfal,Westminster Abbey uncovers ‘tantalising’ link to Charlemagne,101,https://reddit.com/r/history/comments/1h9lfal/westminster_abbey_uncovers_tantalising_link_to/,https://www.thetimes.com/uk/history/article/westminster-abbey-charlemagne-links-t7hn7s60v,,1733672340.0,0.89,101,0,Article,TimesandSundayTimes,1,False,0,False,text
history,1h92ite,Cambridge University urged to apologise over jailing of thousands of ‘evil’ women without evidence or trial,1587,https://reddit.com/r/history/comments/1h92ite/cambridge_university_urged_to_apologise_over/,https://www.theguardian.com/society/2024/dec/07/cambridge-university-urged-to-apologise-over-jailing-of-thousands-of-evil-women-without-evidence-or-trial,,1733606328.0,0.91,1587,0,Article,eeeking,59,False,0,False,text
history,1h9d9pt,How the Horrific 1918 Flu Spread Across America | Smithsonian Magazine,105,https://reddit.com/r/history/comments/1h9d9pt/how_the_horrific_1918_flu_spread_across_america/,https://www.smithsonianmag.com/history/journal-plague-year-180965222/,,1733641422.0,0.89,105,0,Science site article,johnnierockit,6,False,0,False,text
history,1h94acn,Read the 132-Year-Old Message in a Bottle Found Hidden Inside the Walls of a Scottish Lighthouse,125,https://reddit.com/r/history/comments/1h94acn/read_the_132yearold_message_in_a_bottle_found/,https://www.smithsonianmag.com/smart-news/read-the-132-year-old-message-in-a-bottle-found-hidden-inside-the-walls-of-a-scottish-lighthouse-180985528/,,1733611351.0,0.92,125,0,Article,Apprehensive-Ad6212,16,False,0,False,text
history,1h8vdyn,Climate patterns from cave mineral deposits linked to Chinese dynasty collapses,91,https://reddit.com/r/history/comments/1h8vdyn/climate_patterns_from_cave_mineral_deposits/,https://phys.org/news/2024-12-climate-patterns-cave-mineral-deposits.html,,1733586908.0,0.93,91,0,Article,Geovestic,18,False,0,False,text
history,1h8rzkv,Weekly History Questions Thread.,12,https://reddit.com/r/history/comments/1h8rzkv/weekly_history_questions_thread/,https://www.reddit.com/r/history/comments/1h8rzkv/weekly_history_questions_thread/,"Welcome to our History Questions Thread!

This thread is for all those history related questions that are too simple, short or a bit too silly to warrant their own post.

So, do you have a question about history and have always been afraid to ask? Well, today is your lucky day. Ask away!

Of course all our regular rules and guidelines still apply and to be just that bit extra clear:

Questions need to be historical in nature. Silly does not mean that your question should be a joke. [r/history](https://www.reddit.com/r/history/) also has an active [discord server](https://discord.com/invite/r-history-284001693044310016) where you can discuss history with other enthusiasts and experts.",1733576423.0,0.76,12,0,Discussion/Question,AutoModerator,42,False,0,False,text
history,1h89mx4,The surprising persistence of a temporary mega event - The Crystal Palace,91,https://reddit.com/r/history/comments/1h89mx4/the_surprising_persistence_of_a_temporary_mega/,https://www.tandfonline.com/doi/full/10.1080/00438243.2018.1489734,,1733513599.0,0.9,91,0,,KewpieCutie97,7,False,0,False,text
history,1h7l50y,"Girl, 12, finds 3,500-year-old Egyptian amulet on hike in central Israel",3473,https://reddit.com/r/history/comments/1h7l50y/girl_12_finds_3500yearold_egyptian_amulet_on_hike/,https://www.timesofisrael.com/girl-finds-3500-year-old-egyptian-amulet-on-hike-in-central-israel/,,1733436047.0,0.93,3473,0,Article,TralliMaze,117,False,0,False,text
history,1h7rasw,Japanese history researcher Yasutsune Owada answers the internet's burning questions about samurai.,89,https://reddit.com/r/history/comments/1h7rasw/japanese_history_researcher_yasutsune_owada/,https://www.youtube.com/watch?v=IEpd2SVw0F8,,1733453466.0,0.79,89,0,Video,JoeParkerDrugSeller,10,False,0,False,text
