subreddit,post_id,post_title,post_score,post_url,post_content_url,post_text,timestamp,post_upvote_ratio,post_ups,post_total_awards_received,post_link_flair_text,post_author,post_num_comments,has_images,num_images,is_gallery,content_type
MadeMeSmile,1npd3kh,Another thing to make the day more memorable.,21429,https://reddit.com/r/MadeMeSmile/comments/1npd3kh/another_thing_to_make_the_day_more_memorable/,https://v.redd.it/aerx2bewd4rf1,,1758722824.0,0.98,21429,0, :cakeday: :downvote:Very Reddit:upvote: :cakeday:,mindyour,177,False,0,False,text
MadeMeSmile,1npe7zc,"Bride had no family to walk her down the aisle, so her landlord stepped in!",16839,https://reddit.com/r/MadeMeSmile/comments/1npe7zc/bride_had_no_family_to_walk_her_down_the_aisle_so/,https://www.reddit.com/gallery/1npe7zc,,1758725486.0,0.95,16839,0,,Ambitious_Berry8293,159,True,3,True,text
MadeMeSmile,1nphzlx,15-Year-Old Irish Boxer Tadhg O’Donnell Receives Hero’s Welcome at School After Winning Gold for Ireland at European Junior Championships 2022,7482,https://reddit.com/r/MadeMeSmile/comments/1nphzlx/15yearold_irish_boxer_tadhg_odonnell_receives/,https://v.redd.it/ymfenwz0b5rf1,,1758733968.0,0.98,7482,0,:snoo_hearteyes: Wholesome Moments :snoo_simple_smile:,Subtle_srikhand,194,False,0,False,text
MadeMeSmile,1npaoca,He passed the vibe check,73131,https://reddit.com/r/MadeMeSmile/comments/1npaoca/he_passed_the_vibe_check/,https://v.redd.it/017d6luav3rf1,,1758716567.0,0.91,73131,0,:snoo_putback: Good Vibes :snoo_tongue:,darth_vader39,434,False,0,False,text
MadeMeSmile,1np9tvi,"He's not just a hero, but a SUPERHERO",48297,https://reddit.com/r/MadeMeSmile/comments/1np9tvi/hes_not_just_a_hero_but_a_superhero/,https://i.redd.it/s9m4rcutn3rf1.jpeg,,1758714054.0,0.97,48297,0,,Newisance,280,True,1,False,image
MadeMeSmile,1nphn6f,Moment of joy so pure that I'm never going to understand,4762,https://reddit.com/r/MadeMeSmile/comments/1nphn6f/moment_of_joy_so_pure_that_im_never_going_to/,https://v.redd.it/aaequipr85rf1,,1758733202.0,0.99,4762,0,,Creams0da,65,False,0,False,text
MadeMeSmile,1nphy9e,They're both happy. 😊,3444,https://reddit.com/r/MadeMeSmile/comments/1nphy9e/theyre_both_happy/,https://i.redd.it/ekkxng0924rf1.jpeg,,1758733885.0,1.0,3444,0,,mikeywithoneeye,19,True,1,False,image
MadeMeSmile,1np9tjx,Cats from the past,4666,https://reddit.com/r/MadeMeSmile/comments/1np9tjx/cats_from_the_past/,https://www.reddit.com/gallery/1np9tjx,,1758714026.0,1.0,4666,0,:cat3: CATS :cat1:,Brosse_Adam,64,True,16,True,text
MadeMeSmile,1npmaf0,Cuteness overdose 😍🔥,935,https://reddit.com/r/MadeMeSmile/comments/1npmaf0/cuteness_overdose/,https://v.redd.it/4v0m5xpd46rf1,,1758743838.0,0.98,935,0,,vladgrinch,31,False,0,False,text
MadeMeSmile,1npf840,A beautiful act of kindness that happened nearly 900 years ago,1150,https://reddit.com/r/MadeMeSmile/comments/1npf840/a_beautiful_act_of_kindness_that_happened_nearly/,https://i.redd.it/cufhzdjks4rf1.jpeg,,1758727754.0,0.97,1150,0,:snoo_hearteyes: Wholesome Moments :snoo_simple_smile:,agenteagle229,11,True,1,False,image
MadeMeSmile,1nozu66,I lost over 20 kilos and got my health back after an abusive relationship !,50551,https://reddit.com/r/MadeMeSmile/comments/1nozu66/i_lost_over_20_kilos_and_got_my_health_back_after/,https://www.reddit.com/gallery/1nozu66,"(Weight loss pic first(68kg), before weight loss pic second(90kg))

CONTEXT: **TW ED**: I was with a guy who was overfeeding me whilst telling me he was helping me to get over my ED by borderline forcing me to  eat (I also found out towards the end of the relationship that he loved bbw and had a feeder fet and was doing this all on purpose). Instead he made it way worse and I gained 20kg due to him tricking me about just what I was eating, it got to the point where it was affecting my breathing (I’m asthmatic) and I was snoring while I was awake. He cheated on me and dumped me at the end of January. My current partner actually helps me with my ED, he never forces me to eat, makes sure I’ve got my safe foods, checks in when he notices I haven’t eaten in a while, and makes sure to support me if I can’t keep the food down.

",1758678639.0,0.92,50551,0,:jokerdance: Personal Win :jokerdancemirror:,PomegranateSure1628,677,True,2,True,text
MadeMeSmile,1npexjm,"oh well, this warms my heart sm🤍",759,https://reddit.com/r/MadeMeSmile/comments/1npexjm/oh_well_this_warms_my_heart_sm/,https://i.redd.it/bvxpkw8kq4rf1.jpeg,"just came across this and i have to share, it makes me smile and it also fills my heart w something good☀️",1758727081.0,0.99,759,0,,secretlyswos,11,True,1,False,image
MadeMeSmile,1npbkho,Giant Asian hornet found in china,946,https://reddit.com/r/MadeMeSmile/comments/1npbkho/giant_asian_hornet_found_in_china/,https://v.redd.it/x457eubl24rf1,,1758719017.0,0.97,946,0,:snoo_putback: Good Vibes :snoo_tongue:,I_need_to_learn_more,25,False,0,False,text
MadeMeSmile,1nox9z8,"My wife photoshopped my face onto custom pins of things from the 80's for my 80's themed surprise 40th birthday party, and had everyone wearing them when I arrived.",17017,https://reddit.com/r/MadeMeSmile/comments/1nox9z8/my_wife_photoshopped_my_face_onto_custom_pins_of/,https://www.reddit.com/gallery/1nox9z8,"The party was a couple years ago, but we were cleaning out the garage this past weekend and came across them. I'm not super observant and she told everyone to not say anything, so it was about 30 minutes into me being at the party when I noticed something off about one of the pins someone was wearing, and then I just ran around looking at everyone's pins.

When we found them she asked if I wanted to throw them out and I said absolutely not, I hope I come across these every couple of years, it's such an amazing memory.",1758671339.0,0.98,17017,0,,offtheshallowend,376,True,6,True,text
MadeMeSmile,1npncsz,Gary Sinise Brings WWII Vets to the National WWII Museum,250,https://reddit.com/r/MadeMeSmile/comments/1npncsz/gary_sinise_brings_wwii_vets_to_the_national_wwii/,https://v.redd.it/7pliabljb6rf1,,1758746311.0,0.97,250,0,:snoo_putback: Good Vibes :snoo_tongue:,BDWG4EVA,23,False,0,False,text
MadeMeSmile,1npd14d,"A mother gets a video to show how her kidsove to get into their wagon, but she captured something much more precious",743,https://reddit.com/r/MadeMeSmile/comments/1npd14d/a_mother_gets_a_video_to_show_how_her_kidsove_to/,https://v.redd.it/x92yh87fd4rf1,,1758722659.0,0.98,743,0,,bigbusta,26,False,0,False,text
MadeMeSmile,1npn1u1,"Back in 1999, a TV show saved the life of a dying man, who had been denied coverage by an HMO for a pancreas transplant, by staging a mock funeral outside the company's headquarters. The company agreed to pay for the operation a week later.",219,https://reddit.com/r/MadeMeSmile/comments/1npn1u1/back_in_1999_a_tv_show_saved_the_life_of_a_dying/,https://v.redd.it/tsgjawo296rf1,,1758745597.0,0.97,219,0,:snoo_putback: Helping Others :fixing:,holyfruits,14,False,0,False,text
MadeMeSmile,1np6sbz,Emotional reunions,1724,https://reddit.com/r/MadeMeSmile/comments/1np6sbz/emotional_reunions/,https://v.redd.it/2snnz1d3q2rf1,,1758702713.0,0.97,1724,0,:snoo_hearteyes: Wholesome Moments :snoo_simple_smile:,darth_vader39,61,False,0,False,text
MadeMeSmile,1nox03n,The weird kind of love,10135,https://reddit.com/r/MadeMeSmile/comments/1nox03n/the_weird_kind_of_love/,https://i.redd.it/ljctu8el20rf1.jpeg,,1758670590.0,1.0,10135,0,,Newisance,29,True,1,False,image
MadeMeSmile,1npm7l2,Shelters dogs first experience in snow after spending her whole life in shelters,191,https://reddit.com/r/MadeMeSmile/comments/1npm7l2/shelters_dogs_first_experience_in_snow_after/,https://v.redd.it/zc8ileps36rf1,"Ruby is a recovered shelter dog. She was 1 and 1/2 when I got her and her whole life was in shelters before that. I have been so blessed to watch her experience her first times; in the water, on a hike, on leash, off leash, and eating new foods like chicken steak and CHEESE. I’ve had her for a year now and it was the best decision I ever made ❤️",1758743653.0,0.99,191,0,:snoo_hearteyes: Wholesome Moments :snoo_simple_smile:,PlethoraOfTrinkets,5,False,0,False,text
MadeMeSmile,1nphyjq,Vicious guard dog keeping owners safe.,291,https://reddit.com/r/MadeMeSmile/comments/1nphyjq/vicious_guard_dog_keeping_owners_safe/,https://v.redd.it/lxugoomua5rf1,,1758733902.0,0.97,291,0,:dog1: DOGS :dog1:,Chocolat3City,14,False,0,False,text
MadeMeSmile,1nosub7,Colors.,34451,https://reddit.com/r/MadeMeSmile/comments/1nosub7/colors/,https://v.redd.it/e0faz0yr7zqf1,,1758660227.0,0.92,34451,0,,HerpesIsItchy,376,False,0,False,text
MadeMeSmile,1nozyx4,The haircut brought out his smile,4205,https://reddit.com/r/MadeMeSmile/comments/1nozyx4/the_haircut_brought_out_his_smile/,https://v.redd.it/5agodg2nr0rf1,,1758679015.0,0.95,4205,0,,HerpesIsItchy,247,False,0,False,text
MadeMeSmile,1npmdwq,This is what the internet is for !,139,https://reddit.com/r/MadeMeSmile/comments/1npmdwq/this_is_what_the_internet_is_for/,https://v.redd.it/hz8stt30u5rf1,,1758744053.0,0.98,139,0,,mikeywithoneeye,12,False,0,False,text
MadeMeSmile,1np2z23,Dad gets tickets to a football game,2305,https://reddit.com/r/MadeMeSmile/comments/1np2z23/dad_gets_tickets_to_a_football_game/,https://v.redd.it/4lq6mid4j1rf1,"The way he lit up with joy, too wholesome ",1758688255.0,0.99,2305,0,:snoo_hearteyes: Wholesome Moments :snoo_simple_smile:,sleepyrockhound,60,False,0,False,text
MadeMeSmile,1npfylk,"Somehow, I just feel better now",246,https://reddit.com/r/MadeMeSmile/comments/1npfylk/somehow_i_just_feel_better_now/,https://v.redd.it/6bxqfxqfx4rf1,,1758729422.0,0.99,246,0,,not_that_guy_at_work,17,False,0,False,text
MadeMeSmile,1nplv49,Pure Playful Bliss!,127,https://reddit.com/r/MadeMeSmile/comments/1nplv49/pure_playful_bliss/,https://v.redd.it/koipvrbe16rf1,,1758742832.0,0.92,127,0,:jokerdance: Personal Win :jokerdancemirror:,xriddle,10,False,0,False,text
MadeMeSmile,1nphvsl,Just like Kevin,115,https://reddit.com/r/MadeMeSmile/comments/1nphvsl/just_like_kevin/,https://v.redd.it/ib215clba5rf1,,1758733728.0,0.98,115,0,,Crispy_p_bacon,9,False,0,False,text
MadeMeSmile,1np2opd,First time on my ball since I lost enough weight to do it safely!!! This was my motivation to lose 70lbs over the last 18 months! (OC),1215,https://reddit.com/r/MadeMeSmile/comments/1np2opd/first_time_on_my_ball_since_i_lost_enough_weight/,https://v.redd.it/5tq4wtc5fwif1,,1758687265.0,1.0,1215,0,,Shiningducky123,36,False,0,False,text
MadeMeSmile,1nowfrf,Beat some major health issues; we thought were gonna kill me.. 💪🏼,2368,https://reddit.com/r/MadeMeSmile/comments/1nowfrf/beat_some_major_health_issues_we_thought_were/,https://i.redd.it/vpvwd9e2yzqf1.jpeg,"✨I AM TUBE MOTHER FUCKING FREE.✨
My surgery couldn’t have gone better. Not only were they able to take out the remaining tube but they were able to remove and replace stents that I’ve had in my body for 4+ years. 🥺

The stents they replaced will have a string attached that I will be able to remove myself in a few days. I can not even comprehend the idea of being stent free. They did not cause extreme pain once you were used to them but I was never comfortable, ever. That on top of the constant infections and pain meant a lot of days in bed, a lot of missed work, and a lot of not feeling 100% present for my child, family or friends because of how sick I was. So excited for my kid to have a Mom who feels good again. 

✨I’ve cried happy tears from the OR all the way to my hospital room and some of the nurses (who unfortunately know me pretty well) have cried with me. ✨

✨💕I’m feeling very fortunate. This could have ended very differently. This is a second chance at life and I won’t be taking advantage. ✨💕",1758669067.0,0.98,2368,0,:upvote::illuminati: Good News :illuminati::upvote:,Artistic-Notice5582,34,True,1,False,image
MadeMeSmile,1noh7p3,I don’t know who’s having more fun,28639,https://reddit.com/r/MadeMeSmile/comments/1noh7p3/i_dont_know_whos_having_more_fun/,https://v.redd.it/9ci60zim0xqf1,,1758633625.0,0.98,28639,0,:snoo_hearteyes: Wholesome Moments :snoo_simple_smile:,Callme-risley,234,False,0,False,text
MadeMeSmile,1nom64s,"Delivery driver gets ghost order to the White House, makes a couple strangers day instead",8229,https://reddit.com/r/MadeMeSmile/comments/1nom64s/delivery_driver_gets_ghost_order_to_the_white/,https://v.redd.it/koeh5kveyxqf1,,1758645101.0,0.96,8229,0,:snoo_hearteyes: Wholesome Moments :snoo_simple_smile:,Rooonaldooo99,224,False,0,False,text
MadeMeSmile,1nog6wq,Girl defends her cat from her dad.,49960,https://reddit.com/r/MadeMeSmile/comments/1nog6wq/girl_defends_her_cat_from_her_dad/,https://v.redd.it/v466np0qswqf1,,1758630953.0,0.93,49960,0,:cat3: CATS :cat1:,Sebastianlim,773,False,0,False,text
MadeMeSmile,1nohlid,That just gave me goosebumps,15527,https://reddit.com/r/MadeMeSmile/comments/1nohlid/that_just_gave_me_goosebumps/,https://v.redd.it/utt0pxhi3xqf1,,1758634580.0,0.98,15527,0,:smilingface4: Favorite People :smilingface5:,Ordinary_Fish_3046,133,False,0,False,text
MadeMeSmile,1npj0gl,(OC) Just my dog living her best life.,56,https://reddit.com/r/MadeMeSmile/comments/1npj0gl/oc_just_my_dog_living_her_best_life/,https://v.redd.it/pvzob4t2i5rf1,Yes this is really my dog she love going on the boat and being on the water fishing with me. She does this all the time when we are going from spot to spot.,1758736332.0,0.93,56,0,:puppywave: DOGGO,Setzer123,9,False,0,False,text
MadeMeSmile,1nolu8l,The best flight ever.,6330,https://reddit.com/r/MadeMeSmile/comments/1nolu8l/the_best_flight_ever/,https://v.redd.it/uj63ofgduuqf1,,1758644373.0,0.99,6330,0,,mikeywithoneeye,50,False,0,False,text
MadeMeSmile,1np47v2,Two years ago these kids made their appearance and their amazing families couldn’t be happier,466,https://reddit.com/r/MadeMeSmile/comments/1np47v2/two_years_ago_these_kids_made_their_appearance/,https://www.reddit.com/gallery/1np47v2,,1758692628.0,0.98,466,0,:dog1: DOGS :dog1:,DaniTheLovebug,12,True,9,True,text
MadeMeSmile,1nof4oo,He wasn't able to go away with his family for the weekend because he was working. This was his reaction when his wife came back.,29186,https://reddit.com/r/MadeMeSmile/comments/1nof4oo/he_wasnt_able_to_go_away_with_his_family_for_the/,https://v.redd.it/uuuxoc7qjwqf1,,1758627929.0,0.96,29186,0,:snoo_hearteyes: Wholesome Moments :snoo_simple_smile:,mindyour,234,False,0,False,text
MadeMeSmile,1nolofo,Sister's act of kindness that led to a lifelong connection,4864,https://reddit.com/r/MadeMeSmile/comments/1nolofo/sisters_act_of_kindness_that_led_to_a_lifelong/,https://i.redd.it/qtiq911evxqf1.jpeg,,1758644021.0,0.99,4864,0,,Newisance,26,True,1,False,image
MadeMeSmile,1novkke,This mother duck made her nest inside a school building and now appears to be introducing her chicks to all the children,1381,https://reddit.com/r/MadeMeSmile/comments/1novkke/this_mother_duck_made_her_nest_inside_a_school/,https://v.redd.it/6v9h8921yyqf1,,1758666802.0,0.98,1381,0,,mikeywithoneeye,53,False,0,False,text
MadeMeSmile,1noyvyr,The hops are so cute,856,https://reddit.com/r/MadeMeSmile/comments/1noyvyr/the_hops_are_so_cute/,https://v.redd.it/l085udqai0rf1,,1758675874.0,0.99,856,0,,Jordyy_yy,22,False,0,False,text
MadeMeSmile,1nofuxd,"Imagine, one day your kid says says this",7007,https://reddit.com/r/MadeMeSmile/comments/1nofuxd/imagine_one_day_your_kid_says_says_this/,https://v.redd.it/x33yup1zpwqf1,,1758630031.0,0.98,7007,0,,Crispy_p_bacon,83,False,0,False,text
MadeMeSmile,1noji8s,Billie Joe Armstrong helps a mom find her son on stage,3386,https://reddit.com/r/MadeMeSmile/comments/1noji8s/billie_joe_armstrong_helps_a_mom_find_her_son_on/,https://www.reddit.com/gallery/1noji8s,,1758639128.0,0.99,3386,0,:snoo_hearteyes: Wholesome Moments :snoo_simple_smile:,mcfw31,90,True,4,True,text
MadeMeSmile,1npm9p5,The best moments when bears become cartoons,17,https://reddit.com/r/MadeMeSmile/comments/1npm9p5/the_best_moments_when_bears_become_cartoons/,https://v.redd.it/s7nqbqcgi1rf1,,1758743791.0,0.84,17,0,,mikeywithoneeye,1,False,0,False,text
MadeMeSmile,1npmbm2,(OC),15,https://reddit.com/r/MadeMeSmile/comments/1npmbm2/oc/,https://i.redd.it/yvp9iqnm46rf1.jpeg,"You may be cool, but you will never be these cool.",1758743916.0,0.95,15,0,:puppywave: DOGGO,AcceptableReturn1543,3,True,1,False,image
MadeMeSmile,1nople3,The fact that the mother understood it and smiled🔥❤️,1144,https://reddit.com/r/MadeMeSmile/comments/1nople3/the_fact_that_the_mother_understood_it_and_smiled/,https://v.redd.it/hlj9b4cqlyqf1,,1758652816.0,0.98,1144,0,,CaptainBrima,32,False,0,False,text
MadeMeSmile,1np1drk,Man helps out a stuck rat,245,https://reddit.com/r/MadeMeSmile/comments/1np1drk/man_helps_out_a_stuck_rat/,https://v.redd.it/jabzid1pamqf1,,1758683136.0,0.95,245,0,,BJntheRV,40,False,0,False,text
MadeMeSmile,1np0hqi,Unexpected Wingman,231,https://reddit.com/r/MadeMeSmile/comments/1np0hqi/unexpected_wingman/,https://v.redd.it/yfkdqwg0w0rf1,,1758680485.0,0.95,231,0,,HerpesIsItchy,16,False,0,False,text
MadeMeSmile,1novn8t,Got them a decoy laptop so I might be able to work in peace.,435,https://reddit.com/r/MadeMeSmile/comments/1novn8t/got_them_a_decoy_laptop_so_i_might_be_able_to/,https://i.redd.it/yz6e0wztu5qf1.jpeg,,1758666993.0,0.99,435,0,,mikeywithoneeye,8,True,1,False,image
MadeMeSmile,1noenha,It's playtime!,3525,https://reddit.com/r/MadeMeSmile/comments/1noenha/its_playtime/,https://v.redd.it/2bw24y4afwqf1,Taat small kick though 🥹,1758626433.0,0.99,3525,0,:orly:ANIMALS :sloth:,aoi_ringo,29,False,0,False,text
MadeMeSmile,1nohu7z,My unofficial granddaughter said she always wanted one of the large crayon boxes with he sharpener on the back. Immediately went to the store.,1964,https://reddit.com/r/MadeMeSmile/comments/1nohu7z/my_unofficial_granddaughter_said_she_always/,https://i.redd.it/0lo8dm5a5xqf1.jpeg,"She's 11 and due to her mom being busy I was asked to pick her up from school yesterday.  Asked her about school an she said she was doing a presentation but wanted to color a picture she drew.  Said she only has a few crayons and they were broken.  Then she said, one kid in her class has this huge box of crayons with a sharpener on the back.  I said ""yeah those are the cool crayons"".  She said ""I don't think I'll ever be ale to have crayons like that"". 

Immediate route change to walmart.  She got so excited when I gave them to her.  She opened her backpack and started coloring something in the back seat while I drove her home.  When I dropped her off she handed me this.

She has great handwriting for an 11 year old.  

I know everyone's struggling right now but just want to remind everyone sometimes as little as $6 can make a kid's day ",1758635174.0,0.99,1964,0,:smilingface2: Family & Friends :smilingface2:,defyinglogicsl,40,True,1,False,image
MadeMeSmile,1nohq11,Rafa Nadal and Ben Stiller play tennis against Juan Martín Del Potro and a little girl from the audience,1769,https://reddit.com/r/MadeMeSmile/comments/1nohq11/rafa_nadal_and_ben_stiller_play_tennis_against/,https://v.redd.it/7vi77fr24xqf1,The little girl was a 9 years old Rebecca Suarez. She took part in the U10 Tennis demonstration that day. Rebecca's career high was position 1625 on the ITF Junior Ranking (17 April 2017). This video is from 2013.,1758634890.0,0.99,1769,0,:snoo_hearteyes: Wholesome Moments :snoo_simple_smile:,outfoxingthefoxes,52,False,0,False,text
MadeMeSmile,1nombn9,How this child reacted after doctor effortlessly resets her dislocated elbow,893,https://reddit.com/r/MadeMeSmile/comments/1nombn9/how_this_child_reacted_after_doctor_effortlessly/,https://v.redd.it/t74nvumawxqf1,,1758645441.0,0.95,893,0,:snoo_hearteyes: Wholesome Moments :snoo_simple_smile:,New_Libran,32,False,0,False,text
MadeMeSmile,1nozl7s,I got a mini sewing machine to fix my clothes at home! (Banana for scale),131,https://reddit.com/r/MadeMeSmile/comments/1nozl7s/i_got_a_mini_sewing_machine_to_fix_my_clothes_at/,https://www.reddit.com/gallery/1nozl7s,It can either be plugged into power or battery operated. It’s from Aldi 🤣,1758677916.0,0.96,131,0,:jokerdance: Personal Win :jokerdancemirror:,PomegranateSure1628,15,True,4,True,text
MadeMeSmile,1npoi8r,[OC] Wish my sad buddy a happy birthday tonight at 9PM EST!!! (Discord server invite in desc.),5,https://reddit.com/r/MadeMeSmile/comments/1npoi8r/oc_wish_my_sad_buddy_a_happy_birthday_tonight_at/,https://i.redd.it/n86kq83wj6rf1.jpeg,"Hello Everyone!

My buddy Connor has been feeling really really down lately. Today is his birthday and if you wanted to join this temporary discord server and wish him a happy birthday tonight at 9PM EST, that would make him feel really special!!

Invite link: [https://discord.gg/SVMgJjjU](https://discord.gg/SVMgJjjU)",1758749059.0,1.0,5,0,:snoo_putback: Helping Others :fixing:,AyOh_OnReddit,3,True,1,False,image
MadeMeSmile,1noqkeu,Dairy cows see grass for the first time after 6 months.,367,https://reddit.com/r/MadeMeSmile/comments/1noqkeu/dairy_cows_see_grass_for_the_first_time_after_6/,https://v.redd.it/4g6dhftm6xqf1,,1758655007.0,0.96,367,0,:orly:ANIMALS :sloth:,ObsidianArmadillo,36,False,0,False,text
MadeMeSmile,1nopdy3,The rare compliments to men,404,https://reddit.com/r/MadeMeSmile/comments/1nopdy3/the_rare_compliments_to_men/,https://i.redd.it/htcevn3ckyqf1.png,"Guys don't get compliments very often, and I certainly didn't expect any comments when I decided to shave my head. Ive had multiple coworkers and regulars in the store compliment me on the look. it's not.much, but makes me feel good, considering how self.concious I was after shaving it. definitely put a smile on my face. ll considering how much Ive been struggling mentally lately. ",1758652343.0,0.83,404,0,,infiniteturtles240,276,True,1,False,image
MadeMeSmile,1noqim0,In case someone needs to hear this,320,https://reddit.com/r/MadeMeSmile/comments/1noqim0/in_case_someone_needs_to_hear_this/,https://i.redd.it/0flpf1hvryqf1.jpeg,,1758654894.0,0.98,320,0,,Original_Act_3481,11,True,1,False,image
MadeMeSmile,1nocxb2,Woohoo 🎉,1885,https://reddit.com/r/MadeMeSmile/comments/1nocxb2/woohoo/,https://v.redd.it/yx5q8es1xvqf1,,1758620337.0,0.98,1885,0,,Overall_Agent_0075,21,False,0,False,text
MadeMeSmile,1np23sy,My Mishti is the fluffiest ❤️,65,https://reddit.com/r/MadeMeSmile/comments/1np23sy/my_mishti_is_the_fluffiest/,https://www.reddit.com/gallery/1np22yk,,1758685377.0,1.0,65,0,,nowornever1976,9,False,0,False,text
MadeMeSmile,1np0slk,"For some reason, this capybara insists on turning on the faucet.",71,https://reddit.com/r/MadeMeSmile/comments/1np0slk/for_some_reason_this_capybara_insists_on_turning/,https://v.redd.it/1fjh7lojy0rf1,,1758681369.0,0.93,71,0,:orly:ANIMALS :sloth:,Zestyclose-Salad-290,9,False,0,False,text
MadeMeSmile,1novsvt,Bars for days....,141,https://reddit.com/r/MadeMeSmile/comments/1novsvt/bars_for_days/,https://v.redd.it/g58vvh43tzqf1,,1758667395.0,0.93,141,0,,HerpesIsItchy,19,False,0,False,text
MadeMeSmile,1np0el2,This doctor effortlessly resets a child's dislocated elbow before they could even react,72,https://reddit.com/r/MadeMeSmile/comments/1np0el2/this_doctor_effortlessly_resets_a_childs/,https://v.redd.it/t74nvumawxqf1,,1758680242.0,0.74,72,0,,Tarastar2013,13,False,0,False,text
MadeMeSmile,1no5gsx,My distinguished gentleman Oscar,5602,https://reddit.com/r/MadeMeSmile/comments/1no5gsx/my_distinguished_gentleman_oscar/,https://i.redd.it/7noyeq0zptqf1.jpeg,,1758593706.0,0.98,5602,0,:cat3: CATS :cat1:,T3knikal95,77,True,1,False,image
MadeMeSmile,1noqmdv,The voice-over is really matching cat's freakness,197,https://reddit.com/r/MadeMeSmile/comments/1noqmdv/the_voiceover_is_really_matching_cats_freakness/,https://v.redd.it/kxgtndcmsyqf1,,1758655134.0,0.96,197,0,:cat3: CATS :cat1:,darth_vader39,11,False,0,False,text
MadeMeSmile,1noz5g6,"Random YouTube video in my suggestions made me smile, thought I'd share",65,https://reddit.com/r/MadeMeSmile/comments/1noz5g6/random_youtube_video_in_my_suggestions_made_me/,https://v.redd.it/wgnk731lk0rf1,,1758676640.0,0.98,65,0,,runofthemillgayguy,5,False,0,False,text
MadeMeSmile,1noeu4h,"Baby rhino stumbles, but makes a great recovery",750,https://reddit.com/r/MadeMeSmile/comments/1noeu4h/baby_rhino_stumbles_but_makes_a_great_recovery/,https://v.redd.it/3jpqam71hwqf1,,1758627023.0,0.99,750,0,:orly:ANIMALS :sloth:,Prestigious-Wall5616,14,False,0,False,text
MadeMeSmile,1nnxqsp,I’d say that’s an impressive feat in its own right.,17928,https://reddit.com/r/MadeMeSmile/comments/1nnxqsp/id_say_thats_an_impressive_feat_in_its_own_right/,https://i.redd.it/2g3r4hov0sqf1.jpeg,,1758573160.0,0.96,17928,0, :snoo_shrug:Small Success:snoo_wink: ,Sebastianlim,213,True,1,False,image
MadeMeSmile,1nol2z4,"Wife hears her husband say ""I love you"" for the first time (An oldie but a goldie)",279,https://reddit.com/r/MadeMeSmile/comments/1nol2z4/wife_hears_her_husband_say_i_love_you_for_the/,https://v.redd.it/wet7a1v8rxqf1,,1758642670.0,0.96,279,0,,RacistJacob,20,False,0,False,text
MadeMeSmile,1noo393,This florist named Florist Gump,183,https://reddit.com/r/MadeMeSmile/comments/1noo393/this_florist_named_florist_gump/,https://i.redd.it/vgelb76grwqf1.png,,1758649436.0,0.98,183,0,,UgliestDisability,8,True,1,False,image
MadeMeSmile,1nntm6l,A story in 3 parts,16294,https://reddit.com/r/MadeMeSmile/comments/1nntm6l/a_story_in_3_parts/,https://www.reddit.com/gallery/1nntm6l,,1758563869.0,0.99,16294,0,:puppywave: DOGGO,Hypnoidz,113,True,3,True,text
MadeMeSmile,1nnqtbv,Delivery man goes viral for taking selfies with every dog he meets on his route,47558,https://reddit.com/r/MadeMeSmile/comments/1nnqtbv/delivery_man_goes_viral_for_taking_selfies_with/,https://www.reddit.com/gallery/1nnqtbv,,1758557628.0,0.95,47558,0,:dog1: DOGS :dog1:,Few-Environment8323,419,True,4,True,text
MadeMeSmile,1nodor3,Good morning!,406,https://reddit.com/r/MadeMeSmile/comments/1nodor3/good_morning/,https://v.redd.it/k30c5s2i5wqf1,,1758623142.0,0.98,406,0,,darth_vader39,19,False,0,False,text
MadeMeSmile,1no7di8,Be kind.,1343,https://reddit.com/r/MadeMeSmile/comments/1no7di8/be_kind/,https://v.redd.it/87qppqiaqrqf1,,1758599533.0,0.99,1343,0,:snoo_hearteyes: Wholesome Moments :snoo_simple_smile:,Comma-Splice1881,25,False,0,False,text
MadeMeSmile,1nous0k,Relaxing in Bed,45,https://reddit.com/r/MadeMeSmile/comments/1nous0k/relaxing_in_bed/,https://www.reddit.com/gallery/1nous0k,Relaxing in Bed with Ma and the orange pest…,1758664812.0,0.96,45,0,:dog1: DOGS :dog1:,tornado1950,4,True,2,True,text
MadeMeSmile,1nnlukw,:'),79865,https://reddit.com/r/MadeMeSmile/comments/1nnlukw/_/,https://i.redd.it/e19c0ftespqf1.jpeg,,1758546099.0,0.97,79865,0,:snoo_hearteyes: Wholesome Moments :snoo_simple_smile:,aoi_ringo,265,True,1,False,image
MadeMeSmile,1no5n1j,"Teacher tells students to put phone on speaker if it rings during class, but the teacher didnt expect this.",1349,https://reddit.com/r/MadeMeSmile/comments/1no5n1j/teacher_tells_students_to_put_phone_on_speaker_if/,https://v.redd.it/wgnrq40pitqf1,,1758594203.0,0.96,1349,0,:box1: Meme :box1:,JacksonFIVEfan,22,False,0,False,text
MadeMeSmile,1no06bk,"Wonderful Home Depot employee helping and elderly man in the rain, it just takes one kind gesture...",2507,https://reddit.com/r/MadeMeSmile/comments/1no06bk/wonderful_home_depot_employee_helping_and_elderly/,https://i.redd.it/xzqq5sszhsqf1.jpeg,,1758579001.0,0.98,2507,0,:snoo_hearteyes: Wholesome Moments :snoo_simple_smile:,TWEED-L-D,17,True,1,False,image
MadeMeSmile,1nns3o6,Painful and cute to watch at the same time!,7272,https://reddit.com/r/MadeMeSmile/comments/1nns3o6/painful_and_cute_to_watch_at_the_same_time/,https://v.redd.it/ses1wj06zqqf1,,1758560477.0,0.96,7272,0,:snoo_putback: Good Vibes :snoo_tongue:,Commercial-Law-2229,79,False,0,False,text
MadeMeSmile,1nog7fz,[OC] 4 year old wants to build his own wildlife preserve!,157,https://reddit.com/r/MadeMeSmile/comments/1nog7fz/oc_4_year_old_wants_to_build_his_own_wildlife/,https://i.redd.it/fc61xttuswqf1.jpeg,"My son is obsessed with being a wildlife specialist and after finding a toad in our yard he’s been dying to build a habitat for them… well, we took a couple hours yesterday letting him lead the way and this is what he came up with! He’s beyond proud of himself for helping save our wildlife!! Here’s to hopefully finding some inhabitants soon. :)",1758630994.0,0.98,157,0,:snoo_hearteyes: Wholesome Moments :snoo_simple_smile:,TheGrantelope13,12,True,1,False,image
MadeMeSmile,1no2tdm,Our son Odin will officially be the first non speaking person to voice a character in a syndicated cartoon! He used his AAC for his lines & recorded all his vocal reactions in the studio! This is what authentic representation looks like! [OC],1439,https://reddit.com/r/MadeMeSmile/comments/1no2tdm/our_son_odin_will_officially_be_the_first_non/,https://v.redd.it/wyz1woie3tqf1,"
",1758586114.0,0.95,1439,0,:snoo_hearteyes: Wholesome Moments :snoo_simple_smile:,Timfrostyo,93,False,0,False,text
MadeMeSmile,1nokqxx,Squirrel takes advantage of someone's parked stroller to grab lunch,74,https://reddit.com/r/MadeMeSmile/comments/1nokqxx/squirrel_takes_advantage_of_someones_parked/,https://v.redd.it/dk39hc89pxqf1,It became quite the draw once passers by realized what was going on.,1758641920.0,0.95,74,0,:orly:ANIMALS :sloth:,Joyfulcheese,6,False,0,False,text
MadeMeSmile,1noawgj,Dolphins in the sky! (Not OP),315,https://reddit.com/r/MadeMeSmile/comments/1noawgj/dolphins_in_the_sky_not_op/,https://i.redd.it/clh4vhovpuqf1.jpeg,,1758612123.0,0.95,315,0,,Impressive_Profit_11,25,True,1,False,image
MadeMeSmile,1nomf1d,Sometimes all some people need is a Hug,54,https://reddit.com/r/MadeMeSmile/comments/1nomf1d/sometimes_all_some_people_need_is_a_hug/,https://v.redd.it/s7fqxlcc0yqf1,Wholesome moment between an agitated Woman and a compassionate Cop.,1758645650.0,0.9,54,0,:snoo_hearteyes: Wholesome Moments :snoo_simple_smile:,virttual,4,False,0,False,text
MadeMeSmile,1nooiw9,A (partially) domesticated moose[OC],43,https://reddit.com/r/MadeMeSmile/comments/1nooiw9/a_partially_domesticated_mooseoc/,https://i.redd.it/jlew8kxkeyqf1.jpeg,[OC],1758650408.0,0.91,43,0,:puppywave: DOGGO,Randomredditteen,17,True,1,False,image
MadeMeSmile,1nnnk7f,"Bro drifted a car, dabbed a friend and impressed a girl",7501,https://reddit.com/r/MadeMeSmile/comments/1nnnk7f/bro_drifted_a_car_dabbed_a_friend_and_impressed_a/,https://v.redd.it/aywuxtfw4qqf1,,1758550301.0,0.98,7501,0,,Ambitious_Berry8293,82,False,0,False,text
MadeMeSmile,1no5h1f,Couple dress up as Shrek and Fiona for their wedding,647,https://reddit.com/r/MadeMeSmile/comments/1no5h1f/couple_dress_up_as_shrek_and_fiona_for_their/,https://www.reddit.com/gallery/1nlvquj,,1758593724.0,0.96,647,0,,mikeywithoneeye,28,False,0,False,text
MadeMeSmile,1nookcd,"[OC] Well, Good Morning London.",34,https://reddit.com/r/MadeMeSmile/comments/1nookcd/oc_well_good_morning_london/,https://i.redd.it/fucdy4rseyqf1.jpeg,,1758650484.0,0.86,34,0,:snoo_hearteyes: Wholesome Moments :snoo_simple_smile:,TeenyTurtleTantrum,13,True,1,False,image
MadeMeSmile,1nnhahp,Wholesome interaction,28355,https://reddit.com/r/MadeMeSmile/comments/1nnhahp/wholesome_interaction/,https://v.redd.it/dz0b5uj1koqf1,,1758531206.0,0.99,28355,0,,Key_Associate7476,209,False,0,False,text
MadeMeSmile,1nnviia,Co-workers having a wholesome moment,1942,https://reddit.com/r/MadeMeSmile/comments/1nnviia/coworkers_having_a_wholesome_moment/,https://v.redd.it/3uaq59polrqf1,,1758568054.0,0.99,1942,0,,8O8I,31,False,0,False,text
MadeMeSmile,1nnkj1j,It takes just one person to start for others to join in.,7832,https://reddit.com/r/MadeMeSmile/comments/1nnkj1j/it_takes_just_one_person_to_start_for_others_to/,https://v.redd.it/xs62btolhpqf1,,1758542466.0,0.98,7832,0,:snoo_putback: Helping Others :fixing:,mindyour,135,False,0,False,text
MadeMeSmile,1nnifwe,Champion behavior,10553,https://reddit.com/r/MadeMeSmile/comments/1nnifwe/champion_behavior/,https://v.redd.it/w0bm0vc5ofqf1,,1758535571.0,1.0,10553,0,:smilingface4: Favorite People :smilingface5:,Caratteraccio,106,False,0,False,text
MadeMeSmile,1nnwyng,"lan Wright credits his former teacher, Mr. Pigden, with changing his life. As a child, Wright struggled with behavior issues and low expectations-until Mr. Pigden saw his potential and encouraged him. Decades later, during a TV interview, Wright was surprised by a reunion with his teacher",1328,https://reddit.com/r/MadeMeSmile/comments/1nnwyng/lan_wright_credits_his_former_teacher_mr_pigden/,https://v.redd.it/1yisxwzlvrqf1,,1758571388.0,0.99,1328,0,:snoo_hearteyes: Wholesome Moments :snoo_simple_smile:,Homunculus_316,40,False,0,False,text
MadeMeSmile,1nng1st,A woman who never had a dog befriends a lost puppy.,18536,https://reddit.com/r/MadeMeSmile/comments/1nng1st/a_woman_who_never_had_a_dog_befriends_a_lost_puppy/,https://v.redd.it/kqrb13f45oqf1,,1758526197.0,0.99,18536,0,,tekko001,209,False,0,False,text
MadeMeSmile,1nno3yr,when I go to the beach,2558,https://reddit.com/r/MadeMeSmile/comments/1nno3yr/when_i_go_to_the_beach/,https://i.redd.it/zal5j6uo8qqf1.jpeg,,1758551572.0,0.99,2558,0,:dog1: DOGS :dog1:,GalaxyCoded,14,True,1,False,image
MadeMeSmile,1noan92,Loaned a novel to a student in July. She finished reading it today and now wants more.,117,https://reddit.com/r/MadeMeSmile/comments/1noan92/loaned_a_novel_to_a_student_in_july_she_finished/,https://i.redd.it/ncwyniug4vqf1.jpeg,,1758611117.0,0.98,117,0,,LittleStarClove,11,True,1,False,image
MadeMeSmile,1nnuo3c,96yo Paediatrician Grandpa Listens to Granddaughter's Heartbeat at First Hello ❤️,1146,https://reddit.com/r/MadeMeSmile/comments/1nnuo3c/96yo_paediatrician_grandpa_listens_to/,https://i.redd.it/2th3txrderqf1.jpeg,"Their [article](https://happilynews.com/paediatrician-grandfather-96-listens-to-newborns-heart-at-first-hello/) warmed my heart and made my day, Poppy is an awesome man :)",1758566154.0,0.99,1146,0,:snoo_hearteyes: Wholesome Moments :snoo_simple_smile:,Crimson_roses154,20,True,1,False,image
MadeMeSmile,1nnoenc,Giving flowers to the elderly,2269,https://reddit.com/r/MadeMeSmile/comments/1nnoenc/giving_flowers_to_the_elderly/,https://v.redd.it/i2xs061paqqf1,,1758552255.0,0.99,2269,0,:snoo_putback: Good Vibes :snoo_tongue:,darth_vader39,41,False,0,False,text
MadeMeSmile,1no0f50,"much wow, such imagination",467,https://reddit.com/r/MadeMeSmile/comments/1no0f50/much_wow_such_imagination/,https://v.redd.it/sevz57k09rqf1,,1758579623.0,0.97,467,0,,Turkatron2020,17,False,0,False,text
MadeMeSmile,1no9uwf,[OC] Made a little friend on my lunch break,108,https://reddit.com/r/MadeMeSmile/comments/1no9uwf/oc_made_a_little_friend_on_my_lunch_break/,https://v.redd.it/lhjijtxrwuqf1,"Little dude popped me out of a brain funk.  Thanks, Squirrel friend!",1758608138.0,0.98,108,0,,Dangerous-Tree-8198,7,False,0,False,text
MadeMeSmile,1nnd8m6,Flamingo greets it's visitors and put smiles in their faces.,16012,https://reddit.com/r/MadeMeSmile/comments/1nnd8m6/flamingo_greets_its_visitors_and_put_smiles_in/,https://v.redd.it/9kk9xb3ranqf1,,1758515947.0,0.99,16012,0,,Newisance,113,False,0,False,text
MadeMeSmile,1nnr1yo,He was orange cat in his past life,1226,https://reddit.com/r/MadeMeSmile/comments/1nnr1yo/he_was_orange_cat_in_his_past_life/,https://v.redd.it/y5umbb99sqqf1,,1758558153.0,0.99,1226,0,:cat3: CATS :cat1:,darth_vader39,31,False,0,False,text
MadeMeSmile,1nnl6he,Misss...it's one person at a time,2451,https://reddit.com/r/MadeMeSmile/comments/1nnl6he/misssits_one_person_at_a_time/,https://v.redd.it/2sylvea0npqf1,,1758544317.0,0.98,2451,0,,Crispy_p_bacon,117,False,0,False,text
MadeMeSmile,1nodg6p,"Fat Bear Week : The beefiest of all bears are about to vie for the crown to become this year's heavyweight champion. The 11th-annual Fat Bear Week, a sensation that captures the attention of millions across the globe, is set to begin. 🐻",45,https://reddit.com/r/MadeMeSmile/comments/1nodg6p/fat_bear_week_the_beefiest_of_all_bears_are_about/,https://abcnews.go.com/US/fat-bear-week-katmai-national-park/story?id=125819290,,1758622288.0,0.93,45,0,,newbeginnings187,5,False,0,False,text
MadeMeSmile,1no15pk,Kitties and kiddos 🩷,287,https://reddit.com/r/MadeMeSmile/comments/1no15pk/kitties_and_kiddos/,https://v.redd.it/pruambdppsqf1,,1758581571.0,0.96,287,0,:cat3: CATS :cat1:,jlovelysoul,13,False,0,False,text
MadeMeSmile,1nn8csm,Cat mom teaching her kittens to jump,68223,https://reddit.com/r/MadeMeSmile/comments/1nn8csm/cat_mom_teaching_her_kittens_to_jump/,https://v.redd.it/ai8stcfu2mqf1,,1758501194.0,0.97,68223,0,:orly:ANIMALS :sloth:,Zestyclose-Salad-290,240,False,0,False,text
MadeMeSmile,1no24wf,"This adorable cat giving me company at a restaurant in Tulum, Mexico",220,https://reddit.com/r/MadeMeSmile/comments/1no24wf/this_adorable_cat_giving_me_company_at_a/,https://i.redd.it/r2ryj3urxsqf1.jpeg,,1758584221.0,0.85,220,0,,Miserable_Touch1171,12,True,1,False,image
MadeMeSmile,1nnnvbu,"At 32, I finally bought my first car in memory of my only brother. After years on a motorcycle, I chose safety, new experiences, and to honor his life.",1188,https://reddit.com/r/MadeMeSmile/comments/1nnnvbu/at_32_i_finally_bought_my_first_car_in_memory_of/,https://i.redd.it/spl9fqz07qqf1.jpeg,"In 2023, my only brother passed away in a motorcycle accident. It was devastating, but with family and friends I found strength. He was my protector, my biggest support, and losing him left a huge void. In 2024, I got a better job and decided to save for a car — something very hard in my country where cars cost nearly double their US price.

This week, at 32, I finally bought my first car. I sold my motorcycle to give my parents peace of mind and to keep the promise I made to my brother: to live life fully, stay safe, and make him proud.
",1758551014.0,0.96,1188,0, :snoo_shrug:Small Success:snoo_wink: ,Davicho77,31,True,1,False,image
MadeMeSmile,1nog760,I guess I'm smiling on the inside! Found in my CT scan,17,https://reddit.com/r/MadeMeSmile/comments/1nog760/i_guess_im_smiling_on_the_inside_found_in_my_ct/,https://i.redd.it/ttcf7ztzbrqf1.jpeg,,1758630972.0,0.77,17,0,,stayathmdad,2,True,1,False,image
MadeMeSmile,1no782a,I made new charms to leave around secretly (OC),90,https://reddit.com/r/MadeMeSmile/comments/1no782a/i_made_new_charms_to_leave_around_secretly_oc/,https://i.redd.it/otbdyg8v5uqf1.jpeg,I want the tags to not tell people to BE or DO things. I want more inspire not lecture. So I’m finding new quotes. Anyone have a favorite inspiration quote? ,1758599050.0,0.95,90,0,,Grease2feminist,6,True,1,False,image
MadeMeSmile,1nnihz9,"For my birthday, I gained some confidence in how my body looks.",1744,https://reddit.com/r/MadeMeSmile/comments/1nnihz9/for_my_birthday_i_gained_some_confidence_in_how/,https://www.reddit.com/gallery/1nnihz9,"Today (Monday) is my 43rd birthday.

The first picture was taken yesterday, the second and third pictures were taken about two years ago and I was in the middle of an 18-month bout of severe suicidal ideation. I was getting flashbacks to bullying and ostracisation experiences in school, I felt very disconnected from the world and society and I was wondering why did I feel so different, I was wondering whether I was actually good at my job, I was wondering if I was good at anything else, I was wondering if my friends and family even liked me...and I just wanted to fade away and have the world forget I ever existed.

Today, the suicidal ideation is pretty much gone, I know I'm good at my job, I know my friends and family like having me around, I believe I'm good at writing stories and at photography, and I also know that I am autistic and I have ADHD. And, I'm getting more confident about my own body.

I think I've always been self-conscious about my body, I can't recall a time when I wasn't. I certainly did not feel confident about going shirtless, let alone putting a shirtless photo of me on the internet! What's changed? I feel like I've slimmed down a bit after changing my diet slightly (less bread in particular) and I'm leveraging the ADHD need for movement into exercising more, like push-ups at home most evenings, on top of my twice-a-week gym sessions and bike rides. Maybe it's all just down to knowing myself better.

I'm not claiming to be ripped or to have had a massive transformation from how I previously looked, but I certainly feel better about myself, enough to show it off (although there's a voice in the back of my head that is terrified that I'm doing this). Anyways, I hope it isn't too much and have a great week.",1758535783.0,0.92,1744,0,:jokerdance: Personal Win :jokerdancemirror:,arcedup,134,True,3,True,text
MadeMeSmile,1nn9nob,"""I think she inherited your eyebrows"" - pranked the wife and got hit with a solid roast",10247,https://reddit.com/r/MadeMeSmile/comments/1nn9nob/i_think_she_inherited_your_eyebrows_pranked_the/,https://v.redd.it/i3b7mxe0emqf1,,1758504949.0,0.97,10247,0,,BigJonDeezy,73,False,0,False,text
MadeMeSmile,1nnvn5s,I don’t think I’ve ever seen a happier backing band than MJ’s. You can just tell that they had the time of their lives on stage with him.,281,https://reddit.com/r/MadeMeSmile/comments/1nnvn5s/i_dont_think_ive_ever_seen_a_happier_backing_band/,https://v.redd.it/vkg6ulekmrqf1,,1758568353.0,0.91,281,0,,waitingforthesun92,20,False,0,False,text
MadeMeSmile,1nns6hf,"Stop to smell the roses, stop to read the signs.",304,https://reddit.com/r/MadeMeSmile/comments/1nns6hf/stop_to_smell_the_roses_stop_to_read_the_signs/,https://i.redd.it/t5j5vpmumfqf1.jpeg,,1758560646.0,0.99,304,0,,mikeywithoneeye,4,True,1,False,image
MadeMeSmile,1nnwgvd,She Really Wants to Make Sure He Eats All!,174,https://reddit.com/r/MadeMeSmile/comments/1nnwgvd/she_really_wants_to_make_sure_he_eats_all/,https://v.redd.it/x1dfqgo9srqf1,"I'm unable to locate the original uploader of this video. If you require proper attribution or wish for its removal, please feel free to get in touch with me. Your prompt cooperation is appreciated.",1758570266.0,0.97,174,0,,CG_17_LIFE,5,False,0,False,text
MadeMeSmile,1nngzht,The best surprise ever,1340,https://reddit.com/r/MadeMeSmile/comments/1nngzht/the_best_surprise_ever/,https://v.redd.it/63l74e2igoqf1,,1758529986.0,0.99,1340,0,:snoo_hearteyes: Wholesome Moments :snoo_simple_smile:,darth_vader39,23,False,0,False,text
MadeMeSmile,1nn5ypu,Now they have a good story to tell,9399,https://reddit.com/r/MadeMeSmile/comments/1nn5ypu/now_they_have_a_good_story_to_tell/,https://v.redd.it/0lifq806jlqf1,,1758494562.0,0.94,9399,0,,dhsm1,376,False,0,False,text
MadeMeSmile,1nn4uvf,"""Baby brudduh."" Adorable.",10677,https://reddit.com/r/MadeMeSmile/comments/1nn4uvf/baby_brudduh_adorable/,https://v.redd.it/zflf2bukalqf1,,1758491674.0,0.97,10677,0,:smilingface2: Family & Friends :smilingface2:,Ordinary_Fish_3046,148,False,0,False,text
MadeMeSmile,1nmwj0m,This doctor who dresses his young patients in superhero costumes before surgery,27582,https://reddit.com/r/MadeMeSmile/comments/1nmwj0m/this_doctor_who_dresses_his_young_patients_in/,https://v.redd.it/02q9e0ssojqf1,,1758472243.0,0.97,27582,0,:snoo_hearteyes: Wholesome Moments :snoo_simple_smile:,pikahetti,219,False,0,False,text
MadeMeSmile,1nnyus1,power of cat hand,54,https://reddit.com/r/MadeMeSmile/comments/1nnyus1/power_of_cat_hand/,https://v.redd.it/6opwrl5r0cqf1,,1758575752.0,0.9,54,0,,mikeywithoneeye,3,False,0,False,text
MadeMeSmile,1nmtgnz,"It's only natural for Jeff to name his baby, Baby Jeff.",32178,https://reddit.com/r/MadeMeSmile/comments/1nmtgnz/its_only_natural_for_jeff_to_name_his_baby_baby/,https://i.redd.it/hok92kba3jqf1.jpeg,,1758465007.0,0.99,32178,0,:snoo_hearteyes: Wholesome Moments :snoo_simple_smile:,aoi_ringo,92,True,1,False,image
MadeMeSmile,1nmq625,After 30 years of depression ruining my life. I'm finally fighting back and I'm happier than ever been.,72067,https://reddit.com/r/MadeMeSmile/comments/1nmq625/after_30_years_of_depression_ruining_my_life_im/,https://i.redd.it/m4eq4oe7diqf1.jpeg,,1758456235.0,0.95,72067,0,:upvote::illuminati: Good News :illuminati::upvote:,Body_Pillow_Bride,1004,True,1,False,image
MadeMeSmile,1nndgo6,Probably my favorite birthday card (OC),745,https://reddit.com/r/MadeMeSmile/comments/1nndgo6/probably_my_favorite_birthday_card_oc/,https://i.redd.it/8262hz6zcnqf1.jpeg,,1758516698.0,0.99,745,0,:snoo_hearteyes: Wholesome Moments :snoo_simple_smile:,MADD4wgg,29,True,1,False,image
MadeMeSmile,1nmtzyk,Swiss Alpine Blacknose Sheep 🖤🤍,12968,https://reddit.com/r/MadeMeSmile/comments/1nmtzyk/swiss_alpine_blacknose_sheep/,https://i.redd.it/gwp3bl257jqf1.jpeg,,1758466302.0,1.0,12968,0,:orly:ANIMALS :sloth:,PinkOutLoud,59,True,1,False,image
MadeMeSmile,1nnmbdu,Annual camping with the guys.,131,https://reddit.com/r/MadeMeSmile/comments/1nnmbdu/annual_camping_with_the_guys/,https://v.redd.it/41q6osedjpqf1,,1758547251.0,0.95,131,0,,Holiday_Document4592,25,False,0,False,text
MadeMeSmile,1nn5w6k,When your best friend adopts a puppy from the same litter so they can grow up together..🐕🐾😊❤️,1955,https://reddit.com/r/MadeMeSmile/comments/1nn5w6k/when_your_best_friend_adopts_a_puppy_from_the/,https://v.redd.it/dm5pcmtlflqf1,,1758494383.0,1.0,1955,0,:puppywave: DOGGO,nutznboltsguy,19,False,0,False,text
MadeMeSmile,1nnsdm7,Puppy pranks his nosy siblings..,62,https://reddit.com/r/MadeMeSmile/comments/1nnsdm7/puppy_pranks_his_nosy_siblings/,https://v.redd.it/lf8cmlrgpnqf1,,1758561095.0,0.97,62,0,,mikeywithoneeye,3,False,0,False,text
MadeMeSmile,1nmtbul,"I wanted to share one of my favorite traditions with my son: Our annual ""Batman"" picture. We've been doing this since he was born (although I didn't realize it was a ""thing"" until year 3). We'll keep it going as long as possible! Swipe ➡️➡️",10216,https://reddit.com/r/MadeMeSmile/comments/1nmtbul/i_wanted_to_share_one_of_my_favorite_traditions/,https://www.reddit.com/gallery/1nmtbul,,1758464684.0,0.99,10216,0,:snoo_hearteyes: Wholesome Moments :snoo_simple_smile:,nick_reddit_12,246,True,3,True,text
MadeMeSmile,1nmvpek,Cows are pretty rad,6925,https://reddit.com/r/MadeMeSmile/comments/1nmvpek/cows_are_pretty_rad/,https://v.redd.it/hz4snh10jjqf1,Petunia made my day!,1758470324.0,0.99,6925,0,,Paladjordan,151,False,0,False,text
MadeMeSmile,1nmqg8f,❤️❤️,21054,https://reddit.com/r/MadeMeSmile/comments/1nmqg8f/_/,https://i.redd.it/1np0rqhofiqf1.png,,1758457080.0,0.97,21054,0,:snoo_hearteyes: Wholesome Moments :snoo_simple_smile:,Embarrassed_Tip7359,87,True,1,False,image
MadeMeSmile,1nnvvbo,Moose apologizes for loosing track of his daily posts.[OC],38,https://reddit.com/r/MadeMeSmile/comments/1nnvvbo/moose_apologizes_for_loosing_track_of_his_daily/,https://i.redd.it/cifrgmo5orqf1.jpeg,[OC],1758568880.0,0.69,38,0,:puppywave: DOGGO,Randomredditteen,23,True,1,False,image
MadeMeSmile,1nni18k,Coffee is for everyone,211,https://reddit.com/r/MadeMeSmile/comments/1nni18k/coffee_is_for_everyone/,https://v.redd.it/yj554n2rsoqf1,,1758534105.0,0.94,211,0,,HerpesIsItchy,9,False,0,False,text
MadeMeSmile,1nmvlef,"When workers replaced this utility pole, they left a piece of the old one because a family of woodpeckers was nesting inside ♥️",5773,https://reddit.com/r/MadeMeSmile/comments/1nmvlef/when_workers_replaced_this_utility_pole_they_left/,https://i.redd.it/72a4pklbijqf1.png,"In the town of Ucacha, Argentina, utility workers were replacing old wooden poles with new concrete ones when project manager Gustavo Bernardi made a surprising discovery a family of woodpeckers nesting inside one of the aging timbers.

Instead of removing the nest, Bernardi instructed his team to carefully cut out the section containing the cavity and attach it to the new concrete pole, preserving its original height and orientation.

Local journalist Gustavo Oscar Perusia later reported that the birds quickly adapted to the change, continuing to raise their young in the relocated nest.

Years later, the woodpeckers still return to raise their young in that very same spot",1758470063.0,1.0,5773,0,:orly:ANIMALS :sloth:,742963,15,True,1,False,image
MadeMeSmile,1nn0133,Hi! Hello!,2715,https://reddit.com/r/MadeMeSmile/comments/1nn0133/hi_hello/,https://v.redd.it/jug47fqsckqf1,,1758480314.0,0.98,2715,0,:snoo_hearteyes: Wholesome Moments :snoo_simple_smile:,darth_vader39,46,False,0,False,text
MadeMeSmile,1nnx34r,Dude captures the whole brutal attack,14,https://reddit.com/r/MadeMeSmile/comments/1nnx34r/dude_captures_the_whole_brutal_attack/,https://v.redd.it/muxmhh7hrrqf1,,1758571671.0,0.72,14,0,,Primary_Werewolf4208,3,False,0,False,text
MadeMeSmile,1nmwij0,This kid's reaction to his sister returning is So Wholesome 💕,2208,https://reddit.com/r/MadeMeSmile/comments/1nmwij0/this_kids_reaction_to_his_sister_returning_is_so/,https://v.redd.it/aenwcw8oojqf1,Credit 🎥 - robertagomeszanon on IG,1758472209.0,0.98,2208,0,,JumpStart_Studios,45,False,0,False,text
MadeMeSmile,1nnrlq4,"I want to show you this funny grumpy snail necklace I made. When I started working on it, I didn't expect it to turn out so disgruntled. But it makes me laugh, what about you?",23,https://reddit.com/r/MadeMeSmile/comments/1nnrlq4/i_want_to_show_you_this_funny_grumpy_snail/,https://www.reddit.com/gallery/1nnrlq4,,1758559363.0,0.76,23,0,:orly:ANIMALS :sloth:,Top_Lifeguard_5408,11,True,3,True,text
MadeMeSmile,1nn6fk3,My sweet little Willow loves to snuggle in my dads jacket.,512,https://reddit.com/r/MadeMeSmile/comments/1nn6fk3/my_sweet_little_willow_loves_to_snuggle_in_my/,https://v.redd.it/0cozgajbmlqf1,,1758495810.0,0.99,512,0,:orly:ANIMALS :sloth:,AsWeirdAsCanBe,15,False,0,False,text
MadeMeSmile,1nmwylf,Birthday boy knows it's his day,1446,https://reddit.com/r/MadeMeSmile/comments/1nmwylf/birthday_boy_knows_its_his_day/,https://v.redd.it/g7t89v21ejqf1,,1758473250.0,0.99,1446,0,:smilingface4: Favorite People :smilingface5:,ambachk,20,False,0,False,text
MadeMeSmile,1nmz0p2,Dogs shouldn’t be judged solely by who they are in the shelter and I will die on that hill.,1003,https://reddit.com/r/MadeMeSmile/comments/1nmz0p2/dogs_shouldnt_be_judged_solely_by_who_they_are_in/,https://v.redd.it/fs4zjv7x5kqf1,,1758478004.0,0.97,1003,0,,SingTheDamnSong,32,False,0,False,text
MadeMeSmile,1nnnyqt,Epping & International Day of Peace 2025,25,https://reddit.com/r/MadeMeSmile/comments/1nnnyqt/epping_international_day_of_peace_2025/,https://www.reddit.com/gallery/1nnf8vn,,1758551237.0,0.91,25,0,:upvote::illuminati: Good News :illuminati::upvote:,UsagiBlondeBimbo,1,False,0,False,text
MadeMeSmile,1nmx5hy,We don't deserve dogs,1092,https://reddit.com/r/MadeMeSmile/comments/1nmx5hy/we_dont_deserve_dogs/,https://v.redd.it/9k18yfutbqpf1,,1758473704.0,0.98,1092,0,,master_mather,32,False,0,False,text
MadeMeSmile,1nnev1j,Bewick’s Wren posing with my house. [OC],94,https://reddit.com/r/MadeMeSmile/comments/1nnev1j/bewicks_wren_posing_with_my_house_oc/,https://i.redd.it/unhfdrqrrnqf1.jpeg,,1758521702.0,0.99,94,0,:orly:ANIMALS :sloth:,numbatu2,7,True,1,False,image
MadeMeSmile,1nnenem,Next level talent,98,https://reddit.com/r/MadeMeSmile/comments/1nnenem/next_level_talent/,https://v.redd.it/sjl8smojdmqf1,,1758520919.0,0.87,98,0,:snoo_putback: Good Vibes :snoo_tongue:,drconniehenley,13,False,0,False,text
MadeMeSmile,1nn2z6d,4 Year old Hits First Hole-In-One,529,https://reddit.com/r/MadeMeSmile/comments/1nn2z6d/4_year_old_hits_first_holeinone/,https://v.redd.it/klhob32f1kqf1,,1758487106.0,0.95,529,0,,moutainyogi,37,False,0,False,text
MadeMeSmile,1nmgm1w,Elderly woman playing with her cat ❤️😺,53825,https://reddit.com/r/MadeMeSmile/comments/1nmgm1w/elderly_woman_playing_with_her_cat/,https://v.redd.it/g97qpfyakfqf1,,1758422303.0,0.97,53825,0,:cat3: CATS :cat1:,Puzzleheaded_Dot4345,262,False,0,False,text
MadeMeSmile,1nn19x3,You cannot love children too much,485,https://reddit.com/r/MadeMeSmile/comments/1nn19x3/you_cannot_love_children_too_much/,https://v.redd.it/cam8h6r4lkqf1,,1758483119.0,0.95,485,0,,Doodlebug510,56,False,0,False,text
MadeMeSmile,1nmj4fy,"My husband spent 3 months clearing brush for his childhood Hobbit house dream. When he built the steps, I told him it must feel good to make something tangible. He said he built them first for me, so I could come after my knee surgeries. He carved space for his dream, but built the way in for me.",7126,https://reddit.com/r/MadeMeSmile/comments/1nmj4fy/my_husband_spent_3_months_clearing_brush_for_his/,https://www.reddit.com/gallery/1nmj4fy,"We have this completely overgrown area behind our house that was nothing but dense trees, shrubs, and foliage. My husband has been working for three months straight (digging, cutting, clearing) to carve out space for a hobbit house. He’s loved Tolkien since childhood and always dreamed of having his own.

Today he finished building wooden steps down into the cleared area and came inside absolutely glowing with excitement. I told him how proud I was that he was finally seeing his childhood dream become reality, and how good it must feel to have something solid and real after months of just clearing brush.

He looked at me and said, “Actually, that’s not why I did the steps first. After your knee replacement surgeries, I wanted to make sure you could come down and visit me. I made them for you.”

He carved space for his dream, but built the way in for me. He made love you can actually step into.
",1758430597.0,0.99,7126,0,,seriphae,80,True,5,True,text
MadeMeSmile,1nmkdn7,God really gave him the sign,5461,https://reddit.com/r/MadeMeSmile/comments/1nmkdn7/god_really_gave_him_the_sign/,https://i.redd.it/x3vjia69mgqf1.png,,1758435095.0,0.97,5461,0,:snoo_hearteyes: Wholesome Moments :snoo_simple_smile:,Embarrassed_Tip7359,60,True,1,False,image
MadeMeSmile,1nn0ygd,Cute pose,433,https://reddit.com/r/MadeMeSmile/comments/1nn0ygd/cute_pose/,https://v.redd.it/uv4tusosfzpf1,,1758482403.0,0.83,433,0,:dog1: DOGS :dog1:,mikeywithoneeye,48,False,0,False,text
MadeMeSmile,1nn8v3c,thinking they could beat the doors closing,138,https://reddit.com/r/MadeMeSmile/comments/1nn8v3c/thinking_they_could_beat_the_doors_closing/,https://v.redd.it/x1yiuosorlqf1,,1758502674.0,0.89,138,0,,BruceDSpruce,13,False,0,False,text
MadeMeSmile,1nmoswv,This is so accurate,1900,https://reddit.com/r/MadeMeSmile/comments/1nmoswv/this_is_so_accurate/,https://i.redd.it/imhd4y3gzhqf1.jpeg,,1758451608.0,0.99,1900,0,,Dogmom1592,10,True,1,False,image
MadeMeSmile,1no9ntf,This man thinks he can create leaf tornados,0,https://reddit.com/r/MadeMeSmile/comments/1no9ntf/this_man_thinks_he_can_create_leaf_tornados/,https://v.redd.it/sc0yvll1eqqf1,,1758607426.0,0.48,0,0,,Gloomy_Pineapple_836,10,False,0,False,text
MadeMeSmile,1nn1214,A beautiful version of the sound track to one of the most iconic animations of our time.,282,https://reddit.com/r/MadeMeSmile/comments/1nn1214/a_beautiful_version_of_the_sound_track_to_one_of/,https://v.redd.it/6oiesu2ojkqf1,,1758482632.0,0.96,282,0,,j_illustration,14,False,0,False,text
MadeMeSmile,1nmqbdl,Adorable 💕,984,https://reddit.com/r/MadeMeSmile/comments/1nmqbdl/adorable/,https://v.redd.it/3d8t781s4dqf1,,1758456678.0,0.99,984,0,:puppywave: DOGGO,Educational_Key1206,18,False,0,False,text
MadeMeSmile,1nmunsk,I was gifted this beautiful Tropicana Rose from a local nursery that I just became a commercial customer for. I'm a one-person show and every penny's tight. I don't think the owners of the nursery know how much they made me smile. They have my business for life,538,https://reddit.com/r/MadeMeSmile/comments/1nmunsk/i_was_gifted_this_beautiful_tropicana_rose_from_a/,https://i.redd.it/og6svdqpbjqf1.jpeg,,1758467841.0,0.99,538,0,:snoo_putback: Good Vibes :snoo_tongue:,front_yard_duck_dad,9,True,1,False,image
MadeMeSmile,1nmoo92,The beach goers sure got a show,1210,https://reddit.com/r/MadeMeSmile/comments/1nmoo92/the_beach_goers_sure_got_a_show/,https://v.redd.it/z48pvs0wxhqf1,,1758451127.0,0.95,1210,0,,Crispy_p_bacon,51,False,0,False,text
MadeMeSmile,1nm8hnf,Now this is a man’s neighbor 🫡,59265,https://reddit.com/r/MadeMeSmile/comments/1nm8hnf/now_this_is_a_mans_neighbor/,https://v.redd.it/pbkp7slvodqf1,,1758399627.0,0.93,59265,0,:smilingface4: Favorite People :smilingface5:,Ordinary_Fish_3046,1080,False,0,False,text
MadeMeSmile,1nn5rfo,Penelopii watching “Dexter..” (OC),121,https://reddit.com/r/MadeMeSmile/comments/1nn5rfo/penelopii_watching_dexter_oc/,https://v.redd.it/7cy8pddkhlqf1,One of her favorite shows.. ,1758494029.0,0.96,121,0,:orly:ANIMALS :sloth:,penellywatchestelly,3,False,0,False,text
MadeMeSmile,1nm5809,This is so cute,29252,https://reddit.com/r/MadeMeSmile/comments/1nm5809/this_is_so_cute/,https://i.redd.it/dpaqes9f1dqf1.jpeg,,1758391746.0,0.99,29252,0,,Original_Act_3481,29,True,1,False,image
MadeMeSmile,1nmol2u,camper’s peaceful time gets interrupted by a playful guest,538,https://reddit.com/r/MadeMeSmile/comments/1nmol2u/campers_peaceful_time_gets_interrupted_by_a/,https://v.redd.it/npawr0k2xhqf1,,1758450810.0,0.95,538,0,:orly:ANIMALS :sloth:,astralrig96,24,False,0,False,text
MadeMeSmile,1nn0jn6,some cute dog's gifs,110,https://reddit.com/r/MadeMeSmile/comments/1nn0jn6/some_cute_dogs_gifs/,https://v.redd.it/1eb128a4dbqf1,,1758481462.0,0.95,110,0,,mikeywithoneeye,2,False,0,False,text
MadeMeSmile,1nn3ckq,When when get one good pic and a 1000 chaotic ones,76,https://reddit.com/r/MadeMeSmile/comments/1nn3ckq/when_when_get_one_good_pic_and_a_1000_chaotic_ones/,https://www.reddit.com/gallery/1nn3b44,,1758487985.0,0.97,76,0,,Lyrawhite,2,False,0,False,text
MadeMeSmile,1nn0faa,The kids in my street made a “Please drive slow” sign to protect stray puppies ❤️🐶,101,https://reddit.com/r/MadeMeSmile/comments/1nn0faa/the_kids_in_my_street_made_a_please_drive_slow/,https://www.reddit.com/gallery/1nn0faa,"A stray dog in my street had four puppies. Sadly, one of them was hit by a fast two-wheeler and fractured its leg. Thankfully, people around cared for it and got it treated.

But what really melted my heart was what the little kids did next, they made a sign that says “Please drive slow” and started standing outside, holding it up and shouting at every vehicle passing by.

Pure innocence and love. These kids made me smile today. ❤️",1758481196.0,0.98,101,0,:dog1: DOGS :dog1:,CareerWest,2,True,3,True,text
MadeMeSmile,1nm4p61,"I'm turning 40 soon, and my Granny doesn't care",15881,https://reddit.com/r/MadeMeSmile/comments/1nm4p61/im_turning_40_soon_and_my_granny_doesnt_care/,https://i.redd.it/u6fi4vh9xcqf1.jpeg,I'll always be a little baby.,1758390510.0,0.98,15881,0,,challmaybe,417,True,1,False,image
MadeMeSmile,1nn1hfj,This guy totally enjoying the pre-concert music last night kept me smiling! Love the vibe he had!,88,https://reddit.com/r/MadeMeSmile/comments/1nn1hfj/this_guy_totally_enjoying_the_preconcert_music/,https://v.redd.it/fhciea5jmkqf1,,1758483591.0,0.87,88,0,:snoo_putback: Good Vibes :snoo_tongue:,chalwar,13,False,0,False,text
MadeMeSmile,1nmbufg,he’s so smol and cute meowwwww,3766,https://reddit.com/r/MadeMeSmile/comments/1nmbufg/hes_so_smol_and_cute_meowwwww/,https://v.redd.it/3butf70feeqf1,"stumbled across this random video and couldn’t resist sharing, makes me smile so harrrddd🥰🙂‍↔️",1758408247.0,0.99,3766,0,:orly:ANIMALS :sloth:,secretlyswos,31,False,0,False,text
MadeMeSmile,1nm24ls,“Dear coach…” 🥹,15601,https://reddit.com/r/MadeMeSmile/comments/1nm24ls/dear_coach/,https://v.redd.it/dzh22t5ofcqf1,,1758384424.0,0.99,15601,0,,TrueKomet,188,False,0,False,text
MadeMeSmile,1nmxxus,Elderly woman with her cat,93,https://reddit.com/r/MadeMeSmile/comments/1nmxxus/elderly_woman_with_her_cat/,https://v.redd.it/0mt6ucltnjqf1,,1758475538.0,0.94,93,0,,Gloomy_Pineapple_836,6,False,0,False,text
MadeMeSmile,1nlx0kx,♥️,63312,https://reddit.com/r/MadeMeSmile/comments/1nlx0kx/_/,https://i.redd.it/0x6mz0zodbqf1.jpeg,,1758371652.0,0.97,63312,0,:snoo_hearteyes: Wholesome Moments :snoo_simple_smile:,aoi_ringo,85,True,1,False,image
MadeMeSmile,1nmk7xf,William Daniels (Mr. Feeny) invited“Boy Meets World” co stars to his property for a reunion.,416,https://reddit.com/r/MadeMeSmile/comments/1nmk7xf/william_daniels_mr_feeny_invitedboy_meets_world/,https://i.redd.it/4e1r5shov8qf1.jpeg,,1758434510.0,0.98,416,0,,EffectsofSpecialKay,35,True,1,False,image
MadeMeSmile,1nmxrvd,Celebrating 50 year anniversary at the ole ballgame,55,https://reddit.com/r/MadeMeSmile/comments/1nmxrvd/celebrating_50_year_anniversary_at_the_ole/,https://i.redd.it/hzk1vaygxjqf1.jpeg,,1758475157.0,0.85,55,0,:snoo_putback: Good Vibes :snoo_tongue:,sunnyismybunny,8,True,1,False,image
MadeMeSmile,1nmdqcs,"this woman celebrates her 94th birthday, skydiving 🪂",1105,https://reddit.com/r/MadeMeSmile/comments/1nmdqcs/this_woman_celebrates_her_94th_birthday_skydiving/,https://v.redd.it/t9is6xjhedqf1,,1758413530.0,0.99,1105,0,:snoo_hearteyes: Wholesome Moments :snoo_simple_smile:,dreamed2life,9,False,0,False,text
MadeMeSmile,1nmcjyw,elephant kindly asking for food in the middle of the road,912,https://reddit.com/r/MadeMeSmile/comments/1nmcjyw/elephant_kindly_asking_for_food_in_the_middle_of/,https://v.redd.it/xfgsv9o3keqf1,,1758410184.0,0.98,912,0,:orly:ANIMALS :sloth:,Zestyclose-Salad-290,20,False,0,False,text
MadeMeSmile,1nm75sf,"On July 17, 1967, Florida lineman Randall Champion was hit with 4,000 volts of electricity after touching a high-voltage line. His heart stopped instantly. His coworker and friend J.D. Thompson rushed to help, climbing up and giving him mouth-to-mouth until paramedics arrived. Champion survived.",1683,https://reddit.com/r/MadeMeSmile/comments/1nm75sf/on_july_17_1967_florida_lineman_randall_champion/,https://i.redd.it/k1aqfdp7fdqf1.jpeg,,1758396378.0,0.97,1683,0,,8O8I,134,True,1,False,image
MadeMeSmile,1nluzls,Doggy paddle,9905,https://reddit.com/r/MadeMeSmile/comments/1nluzls/doggy_paddle/,https://i.redd.it/3f29e7uhuaqf1.jpeg,,1758365194.0,1.0,9905,0,:puppywave: DOGGO,rosseepoo,44,True,1,False,image
MadeMeSmile,1nm1rjj,(TW: Suicidal Thoughts) How a Black cat Saved my life,3054,https://reddit.com/r/MadeMeSmile/comments/1nm1rjj/tw_suicidal_thoughts_how_a_black_cat_saved_my_life/,https://www.reddit.com/gallery/1nm1rjj,"This is a story from when I was in a hostel. I was going through a very dark time and was suicidal. As always I was roaming the corridors late at night since I could not sleep at all. There was this black cat roaming around that people avoided because they believed it brought bad luck. She was rummaging through the dustbins outside each room looking for food, which I assume she did regularly since no one shooed her away late at night.

As she came near me I stepped aside to let her pass. I had never fed her or pet her before. But instead of moving on she walked right between my legs and rubbed herself against me. I was surprised because I am not even a cat person. After a moment I bent down and pet her.

After that night it became almost a ritual. She would show up at random times and meow outside my door until I came out. If I had food she would eat it. If I didn’t she would just accept a few pets and scratches and then walk away.

The picture you see here is one I took on the day I decided to take my life. But I believe that cat took on the “bad luck” people had placed on her, because my attempt failed. That gave me enough time to eventually move out of the hostel and get help.

I truly believe that cat was my guardian angel.

**TLDR:** Black cat ignored by everyone else helped me through my darkest times and kept me alive.",1758383568.0,0.98,3054,0,,arko652,102,True,2,True,text
MadeMeSmile,1nmb0lv,A husbands retirement gift to his wife,802,https://reddit.com/r/MadeMeSmile/comments/1nmb0lv/a_husbands_retirement_gift_to_his_wife/,https://i.redd.it/942jvjph7eqf1.jpeg,"Oh my goodness!! Best husband of the 21st century award goes to this man, may we all be as thoughtful as him.

I might start crying, think I posted in the wrong sub haha. ",1758406034.0,0.99,802,0,,Dr_Mowri,14,True,1,False,image
MadeMeSmile,1nmh1i6,My baby noticing her nanny cam for the first time (OC),279,https://reddit.com/r/MadeMeSmile/comments/1nmh1i6/my_baby_noticing_her_nanny_cam_for_the_first_time/,https://www.reddit.com/gallery/1nmh1i6,,1758423661.0,0.89,279,0,:smilingface4: Favorite People :smilingface5:,moony-alouette,31,True,3,True,text
MadeMeSmile,1nmselr,[OC] Am I right?,38,https://reddit.com/r/MadeMeSmile/comments/1nmselr/oc_am_i_right/,https://i.redd.it/x8o21w6fviqf1.png,"I am right. Right?

""\[OC\]"" or ""(OC)""",1758462411.0,0.62,38,0,,Alpha6342,26,True,1,False,image
MadeMeSmile,1nmtfbh,"Barça sent CAT over to Gael (Raphinha’s son) after the racism faced in Disneyland Paris 

Natalia (mother) via TikTok: “Who needs a squirrel when you have CAT, thank you - only family does that.",32,https://reddit.com/r/MadeMeSmile/comments/1nmtfbh/barça_sent_cat_over_to_gael_raphinhas_son_after/,https://v.redd.it/wwonslniihqf1,,1758464915.0,0.79,32,0,:snoo_hearteyes: Wholesome Moments :snoo_simple_smile:,Visual-Extreme-101,2,False,0,False,text
MadeMeSmile,1nmcna9,The neighbourhood mourning a squirrel friend-Ontario Canada,440,https://reddit.com/r/MadeMeSmile/comments/1nmcna9/the_neighbourhood_mourning_a_squirrel/,https://i.redd.it/qil8y4n0leqf1.jpeg,,1758410443.0,0.99,440,0,:orly:ANIMALS :sloth:,chem-ops,11,True,1,False,image
MadeMeSmile,1nmkuzf,Let us not forget,100,https://reddit.com/r/MadeMeSmile/comments/1nmkuzf/let_us_not_forget/,https://i.redd.it/l9aq3n8mrgqf1.jpeg,,1758436867.0,0.93,100,0,,the_username_please,3,True,1,False,image
MadeMeSmile,1nmhywu,Bath Time,149,https://reddit.com/r/MadeMeSmile/comments/1nmhywu/bath_time/,https://v.redd.it/vwicc5pxhipf1,,1758426690.0,0.98,149,0,,ccrush,7,False,0,False,text
MadeMeSmile,1nm95th,the way they line up the sound effects to this vintage cartoon.,508,https://reddit.com/r/MadeMeSmile/comments/1nm95th/the_way_they_line_up_the_sound_effects_to_this/,https://v.redd.it/21l5qzwrjdqf1,,1758401287.0,0.95,508,0,,spacemouse21,23,False,0,False,text
MadeMeSmile,1nlyi6i,Friendship with spider,1865,https://reddit.com/r/MadeMeSmile/comments/1nlyi6i/friendship_with_spider/,https://v.redd.it/ozkg061spbqf1,,1758375716.0,0.99,1865,0,:snoo_hearteyes: Wholesome Moments :snoo_simple_smile:,darth_vader39,61,False,0,False,text
MadeMeSmile,1nlm2hu,He’s an empath. He feels things so deeply.,40795,https://reddit.com/r/MadeMeSmile/comments/1nlm2hu/hes_an_empath_he_feels_things_so_deeply/,https://v.redd.it/v4s22xyj98qf1,,1758333941.0,0.93,40795,0,:smilingface2: Family & Friends :smilingface2:,Ordinary_Fish_3046,403,False,0,False,text
MadeMeSmile,1nm78fb,A bird flew into our home and my husband spent 20 minutes calming it down and helping it outside,570,https://reddit.com/r/MadeMeSmile/comments/1nm78fb/a_bird_flew_into_our_home_and_my_husband_spent_20/,https://v.redd.it/q5exqiqpfdqf1,,1758396553.0,0.93,570,0,,emilycopeland,64,False,0,False,text
MadeMeSmile,1nmj92t,When your community comes together and makes meals for whoever needs a warm nourishing meal that day. ❤️,92,https://reddit.com/r/MadeMeSmile/comments/1nmj92t/when_your_community_comes_together_and_makes/,https://i.redd.it/p09bgem9agqf1.jpeg,"Butternut squash soup, salad, chicken, Brussel sprouts, rice pilaf, potato salad, chai pudding, and a little bit of beef stew. All made by dozens of volunteers. ",1758431035.0,0.97,92,0,:snoo_putback: Helping Others :fixing:,Lijey_Cat,14,True,1,False,image
MadeMeSmile,1nlj2qj,The best way to move a wheelchair.,88436,https://reddit.com/r/MadeMeSmile/comments/1nlj2qj/the_best_way_to_move_a_wheelchair/,https://v.redd.it/rl4rv4soj7qf1,,1758325242.0,0.96,88436,0,:smilingface2: Family & Friends :smilingface2:,Sebastianlim,525,False,0,False,text
MadeMeSmile,1nm4wyi,Cute hair,635,https://reddit.com/r/MadeMeSmile/comments/1nm4wyi/cute_hair/,https://v.redd.it/zpjsnsxhsaqf1,,1758391038.0,0.99,635,0,,mikeywithoneeye,23,False,0,False,text
MadeMeSmile,1nlo62t,Willem Dafoe,9851,https://reddit.com/r/MadeMeSmile/comments/1nlo62t/willem_dafoe/,https://v.redd.it/udczmtd7t8qf1,,1758340547.0,0.99,9851,0,,itsokayyoucanlaugh,262,False,0,False,text
MadeMeSmile,1nm1vlm,The fact she’s that appreciative is amazing. He’s gonna be a very  good father,798,https://reddit.com/r/MadeMeSmile/comments/1nm1vlm/the_fact_shes_that_appreciative_is_amazing_hes/,https://v.redd.it/c9cy96p138qf1,,1758383828.0,0.89,798,0,,4reddityo,63,False,0,False,text
MadeMeSmile,1nly292,Ride to school on the Magic Bike Bus,1112,https://reddit.com/r/MadeMeSmile/comments/1nly292/ride_to_school_on_the_magic_bike_bus/,https://v.redd.it/ntexzvs9mbqf1,,1758374552.0,0.97,1112,0,,habichuelacondulce,118,False,0,False,text
MadeMeSmile,1nluabd,Happy Saturday! ❤️ not oc,2036,https://reddit.com/r/MadeMeSmile/comments/1nluabd/happy_saturday_not_oc/,https://v.redd.it/fpstrpa159qf1,,1758362726.0,1.0,2036,0,:snoo_hearteyes: Wholesome Moments :snoo_simple_smile:,Educational_Key1206,29,False,0,False,text
MadeMeSmile,1nmgtwt,How to embarrass your girl,90,https://reddit.com/r/MadeMeSmile/comments/1nmgtwt/how_to_embarrass_your_girl/,https://v.redd.it/3v1q7iszweqf1,,1758422983.0,0.89,90,0,,juflyingwild,11,False,0,False,text
MadeMeSmile,1nly3hq,Galagos jumping around and having fun,962,https://reddit.com/r/MadeMeSmile/comments/1nly3hq/galagos_jumping_around_and_having_fun/,https://v.redd.it/25an9w91fbqf1,,1758374642.0,0.87,962,0,,randumbtruths,106,False,0,False,text
MadeMeSmile,1nlls0j,We should all be so lucky to have neighbors like this.,9655,https://reddit.com/r/MadeMeSmile/comments/1nlls0j/we_should_all_be_so_lucky_to_have_neighbors_like/,https://v.redd.it/2dw83vcz68qf1,,1758333077.0,0.99,9655,0,,Signature_Space2024,85,False,0,False,text
MadeMeSmile,1nmlyyw,I have been waiting for this plant to bloom ❤️,31,https://reddit.com/r/MadeMeSmile/comments/1nmlyyw/i_have_been_waiting_for_this_plant_to_bloom/,https://i.redd.it/lv1ppmg24hqf1.jpeg,,1758441058.0,0.89,31,0,,nowornever1976,4,True,1,False,image
MadeMeSmile,1nlyx8v,"Florida woman had a medical episode while driving and lost consciousness, good Samaritans help by stopping the car and saving the woman's life",825,https://reddit.com/r/MadeMeSmile/comments/1nlyx8v/florida_woman_had_a_medical_episode_while_driving/,https://v.redd.it/po6u8vexsbqf1,[https://people.com/human-interest/good-samaritans-stop-moving-vehicle-after-woman-suffers-medical-episode/](https://people.com/human-interest/good-samaritans-stop-moving-vehicle-after-woman-suffers-medical-episode/),1758376792.0,0.99,825,0,,CompetitiveNovel8990,36,False,0,False,text
MadeMeSmile,1nln5d1,an old friend unearthed the video of me going crazy on the price is right on my 18th birthday. this was 2007. Amazing times,5022,https://reddit.com/r/MadeMeSmile/comments/1nln5d1/an_old_friend_unearthed_the_video_of_me_going/,https://v.redd.it/na89xmodj8qf1,,1758337264.0,0.98,5022,0,,anon37391619,152,False,0,False,text
MadeMeSmile,1nm4138,Man enjoying a rainy day with his dog,240,https://reddit.com/r/MadeMeSmile/comments/1nm4138/man_enjoying_a_rainy_day_with_his_dog/,https://v.redd.it/zbldmh1ul4qf1,,1758388930.0,0.98,240,0,,YERBAMATE93,9,False,0,False,text
MadeMeSmile,1nm5j8z,"Free peanut butter? Why, thank you!",190,https://reddit.com/r/MadeMeSmile/comments/1nm5j8z/free_peanut_butter_why_thank_you/,https://v.redd.it/yfipa8rl3dqf1,,1758392483.0,0.99,190,0,,Indieriots,17,False,0,False,text
MadeMeSmile,1nm74ti,[OC] My golden realizing she’s getting picked up from her doggy ranch,155,https://reddit.com/r/MadeMeSmile/comments/1nm74ti/oc_my_golden_realizing_shes_getting_picked_up/,https://v.redd.it/4w8wjcczedqf1,"Behold the baby
",1758396314.0,0.99,155,0,,SultanOfSwerve,5,False,0,False,text
MadeMeSmile,1nlu3cr,The cutest argument,824,https://reddit.com/r/MadeMeSmile/comments/1nlu3cr/the_cutest_argument/,https://v.redd.it/8xpt5g02laqf1,,1758362033.0,0.97,824,0,,Crispy_p_bacon,51,False,0,False,text
MadeMeSmile,1nle2c2,Don’t forget my teddy,15329,https://reddit.com/r/MadeMeSmile/comments/1nle2c2/dont_forget_my_teddy/,https://v.redd.it/vxtf5x21i6qf1,,1758312575.0,0.99,15329,0,,Mr-RedT,48,False,0,False,text
MadeMeSmile,1nmf07s,"“Hey, come here!” [OC]",45,https://reddit.com/r/MadeMeSmile/comments/1nmf07s/hey_come_here_oc/,https://i.redd.it/30mgd60p5fqf1.jpeg,"Turkey vulture (my own photo; Santa Clara County, CA)",1758417389.0,0.92,45,0,:orly:ANIMALS :sloth:,numbatu2,4,True,1,False,image
MadeMeSmile,1nlbihj,Bosses that care.,28580,https://reddit.com/r/MadeMeSmile/comments/1nlbihj/bosses_that_care/,https://v.redd.it/pgu2if2f06qf1,,1758306654.0,0.92,28580,0,:smilingface4: Favorite People :smilingface5:,Ordinary_Fish_3046,1273,False,0,False,text
MadeMeSmile,1nm1cgn,Don't run away,247,https://reddit.com/r/MadeMeSmile/comments/1nm1cgn/dont_run_away/,https://v.redd.it/mi6e0mp7acqf1,,1758382589.0,0.99,247,0,:cat3: CATS :cat1:,darth_vader39,12,False,0,False,text
MadeMeSmile,1nmr2wq,KYLE,7,https://reddit.com/r/MadeMeSmile/comments/1nmr2wq/kyle/,https://www.reddit.com/r/comics/comments/1nmn3co/kyle/?utm_source=share&utm_medium=mweb3x&utm_name=mweb3xcss&utm_term=1&utm_content=share_button,,1758458913.0,0.82,7,0,,dr_leo_marvin,2,False,0,False,text
MadeMeSmile,1nlwtgd,Twins reacting to each other 🥰,443,https://reddit.com/r/MadeMeSmile/comments/1nlwtgd/twins_reacting_to_each_other/,https://v.redd.it/0dgel1vcu5qf1,,1758371068.0,0.97,443,0,,Happy-Peachy-Coffee,27,False,0,False,text
MadeMeSmile,1nngc2w,"My meal came with 2 cookies, I asked my man which one he wanted (OC)",0,https://reddit.com/r/MadeMeSmile/comments/1nngc2w/my_meal_came_with_2_cookies_i_asked_my_man_which/,https://i.redd.it/uoe2hg4q8oqf1.jpeg,"One was chocolate chip and the other was raspberry cheesecake. He refused to tell me because he knew I’d give it to him in an instant. So I ate half of both🤣he didn’t touch the raspberry one and when I asked if he didn’t like he he admitted “no, I only really like chocolate chip, but it’s just a cookie, I had a feeling you wanted both, so the rest is yours.” He knows I have and will always be willing to give the shirt off my back, so he makes me choose myself first, every time 🥹♥️",1758527370.0,0.47,0,0,:smilingface4: Favorite People :smilingface5:,unusualenough,13,True,1,False,image
MadeMeSmile,1nlxmk8,Sorry about the music but found it wholesome!,324,https://reddit.com/r/MadeMeSmile/comments/1nlxmk8/sorry_about_the_music_but_found_it_wholesome/,https://v.redd.it/74nbhqxribqf1,,1758373379.0,0.98,324,0,:smilingface2: Family & Friends :smilingface2:,One-Complex-9267,12,False,0,False,text
MadeMeSmile,1nnlcxg,"Roger Federer letting Carlos Alcaraz - a fellow Rolex ambassador - admire his $1,500,000 white-gold Daytona.",0,https://reddit.com/r/MadeMeSmile/comments/1nnlcxg/roger_federer_letting_carlos_alcaraz_a_fellow/,https://v.redd.it/nker2tjmopqf1,,1758544824.0,0.3,0,0,,Bourbon-Thinker,15,False,0,False,text
MadeMeSmile,1nmch39,Just a proud dad.,42,https://reddit.com/r/MadeMeSmile/comments/1nmch39/just_a_proud_dad/,https://i.redd.it/6ieih4jmjeqf1.jpeg,"My son had a race today. On lap one, turn one, he wrecked, because he tried something new that I told him to. Right before he went out, I told him, You’re backing up the corners too much. Trust yourself. You can brake later and still make it. I even said, We’ll practice it later. He didn’t wait for later. First corner, he over-drove it, slammed the brakes, and spun out. But then he came back, lap after lap, getting better and better. That’s what I love about him. He’ll try anything I suggest. No arguing, no hesitation. If dad says it, he’ll give it a shot. My other two? They debate everything I tell them. This one just trusts. I’m so proud of that. Crash or not, he’s all in.",1758409966.0,0.83,42,0,,SpacedOutCartoon,3,True,1,False,image
MadeMeSmile,1nm0usr,Orphaned kittens saved by Royal Navy sailors,171,https://reddit.com/r/MadeMeSmile/comments/1nm0usr/orphaned_kittens_saved_by_royal_navy_sailors/,https://i.redd.it/wpg03ozq6cqf1.jpeg,"Five kittens heard crying for help under a shipping container in Bahrain have been saved by Royal Navy sailors.
Personnel serving at the UK Naval Support Facility, which supports the Portsmouth-based HMS Lancaster, found the three-week-old kittens, which had not been weaned, after their mother died.
Between shifts the sailors took turns to foster, hand-feed, and rear the little cats while searching for a new permanent home for them.
Lt Nathan Boal said: ""It was impossible to ignore the desperate cries of five tiny kittens knowing they wouldn't survive one day on their own in the punishing heat.""

Source: https://www.bbc.com/news/articles/cn844p8652wo
",1758381422.0,0.98,171,0,,JohnDoe0073,12,True,1,False,image
MadeMeSmile,1nld76b,This Kid will never forget the day Harrison Ford saved his life! 🛩,6855,https://reddit.com/r/MadeMeSmile/comments/1nld76b/this_kid_will_never_forget_the_day_harrison_ford/,https://www.reddit.com/gallery/1nld76b,,1758310530.0,0.99,6855,0,:snoo_putback: Helping Others :fixing:,JumpStart_Studios,125,True,2,True,text
MadeMeSmile,1nmbt6x,A note on the back of my pimple patches that remind you that you’re perfect as is,39,https://reddit.com/r/MadeMeSmile/comments/1nmbt6x/a_note_on_the_back_of_my_pimple_patches_that/,https://i.redd.it/6kc0mr28eeqf1.jpeg,,1758408149.0,0.88,39,0,,bubblegum_bee,4,True,1,False,image
MadeMeSmile,1nm92vr,I keep getting distracted by the random pole in the middle of the shot.,62,https://reddit.com/r/MadeMeSmile/comments/1nm92vr/i_keep_getting_distracted_by_the_random_pole_in/,https://v.redd.it/r6yimalmi9qf1,,1758401081.0,0.89,62,0,,ccrush,4,False,0,False,text
MadeMeSmile,1nl4fr7,One last gesture of love for the old friend.,50814,https://reddit.com/r/MadeMeSmile/comments/1nl4fr7/one_last_gesture_of_love_for_the_old_friend/,https://i.redd.it/r7etxqkko4qf1.jpeg,,1758290561.0,0.98,50814,0,:snoo_hearteyes: Wholesome Moments :snoo_simple_smile:,aoi_ringo,126,True,1,False,image
MadeMeSmile,1nlo19c,This world needs this now.,1183,https://reddit.com/r/MadeMeSmile/comments/1nlo19c/this_world_needs_this_now/,https://i.redd.it/x57qj5vtr8qf1.jpeg,We miss you. ,1758340113.0,0.97,1183,0,:smilingface4: Favorite People :smilingface5:,ShyRedditFantasy,46,True,1,False,image
MadeMeSmile,1nm04lv,First time seeing salmon run with my 78 yo Mom (OC),148,https://reddit.com/r/MadeMeSmile/comments/1nm04lv/first_time_seeing_salmon_run_with_my_78_yo_mom_oc/,https://v.redd.it/2iqbz8eg1cqf1,"I am the one squealing with joy every time one jumps, in absolute awe of nature!",1758379692.0,0.94,148,0,,4theloveofelephants,22,False,0,False,text
MadeMeSmile,1nlgtw2,"New Orca Calf Spotted in the Critically Endangered J Pod (Alki, Seattle)!",2798,https://reddit.com/r/MadeMeSmile/comments/1nlgtw2/new_orca_calf_spotted_in_the_critically/,https://i.redd.it/6khrnp6827qf1.jpeg,"Photo credit: SeaDoc Society

There are only 27 members in the J Pod and 74 total in the Southern Resident population. Fantastic to see! ",1758319368.0,1.0,2798,0,,anna_marie,53,True,1,False,image
MadeMeSmile,1nlsv8h,Adorable Husky repeating after the owner,361,https://reddit.com/r/MadeMeSmile/comments/1nlsv8h/adorable_husky_repeating_after_the_owner/,https://v.redd.it/nqiwqoc37aqf1,,1758357326.0,0.98,361,0,:puppywave: DOGGO,darth_vader39,7,False,0,False,text
MadeMeSmile,1nlsk32,The way the otter clings on to the hand,377,https://reddit.com/r/MadeMeSmile/comments/1nlsk32/the_way_the_otter_clings_on_to_the_hand/,https://v.redd.it/2lxbe8rj3aqf1,,1758356153.0,0.98,377,0,,TheOverUnderAchiever,10,False,0,False,text
MadeMeSmile,1nlptok,Judge Caprio dismisses a ticket for a 100-year-old WWIl veteran and salutes him.,571,https://reddit.com/r/MadeMeSmile/comments/1nlptok/judge_caprio_dismisses_a_ticket_for_a_100yearold/,https://v.redd.it/xrtyujfk99qf1,,1758346109.0,0.95,571,0,,PmurTdlanoD45-47,56,False,0,False,text
MadeMeSmile,1nlg0wp,A father trains and plays with his daughter at the same time,2485,https://reddit.com/r/MadeMeSmile/comments/1nlg0wp/a_father_trains_and_plays_with_his_daughter_at/,https://v.redd.it/v4j9zos3w6qf1,,1758317312.0,0.97,2485,0,,bigbusta,59,False,0,False,text
MadeMeSmile,1nltxor,She’s so silly. I can’t even,250,https://reddit.com/r/MadeMeSmile/comments/1nltxor/shes_so_silly_i_cant_even/,https://i.redd.it/yir5qntm17qf1.jpeg,,1758361417.0,0.98,250,0,:puppywave: DOGGO,Lyrawhite,10,True,1,False,image
MadeMeSmile,1nl3cc2,Now this is the type of news I want to see on my timeline,14251,https://reddit.com/r/MadeMeSmile/comments/1nl3cc2/now_this_is_the_type_of_news_i_want_to_see_on_my/,https://i.redd.it/bwqbmywhg4qf1.png,,1758287881.0,0.99,14251,0,:snoo_hearteyes: Wholesome Moments :snoo_simple_smile:,Embarrassed_Tip7359,42,True,1,False,image
MadeMeSmile,1nm2jlb,My dog enjoys being bundled up in blankets.,66,https://reddit.com/r/MadeMeSmile/comments/1nm2jlb/my_dog_enjoys_being_bundled_up_in_blankets/,https://i.redd.it/jw3iiknlicqf1.jpeg,,1758385408.0,0.96,66,0,:puppywave: DOGGO,Jambacrow,3,True,1,False,image
MadeMeSmile,1nm4c22,Best way I’ve ever seen to get a wheelchair across rough terrain (credit to DizzyDally on Imgur),45,https://reddit.com/r/MadeMeSmile/comments/1nm4c22/best_way_ive_ever_seen_to_get_a_wheelchair_across/,https://imgur.com/gallery/best-way-to-move-wheelchair-Y31Xc0o,,1758389646.0,0.93,45,0,,footsteps71,4,False,0,False,text
MadeMeSmile,1nkybcp,You can see the fear and anger fade away. Just because he was treated like a human being.,56255,https://reddit.com/r/MadeMeSmile/comments/1nkybcp/you_can_see_the_fear_and_anger_fade_away_just/,https://v.redd.it/c0wztr3o43qf1,,1758271765.0,0.95,56255,0,,stewd003,1834,False,0,False,text
MadeMeSmile,1nm2obc,His face is so silly [OC],51,https://reddit.com/r/MadeMeSmile/comments/1nm2obc/his_face_is_so_silly_oc/,https://www.reddit.com/gallery/1nm2obc,,1758385719.0,0.92,51,0,:puppywave: DOGGO,Gl0ck_Ness_M0nster,3,True,2,True,text
MadeMeSmile,1nlqx46,Binoo the so adorable Silkie chicken,307,https://reddit.com/r/MadeMeSmile/comments/1nlqx46/binoo_the_so_adorable_silkie_chicken/,https://v.redd.it/7wfqyrubl9qf1,,1758350008.0,0.99,307,0,,Newisance,15,False,0,False,text
MadeMeSmile,1nllltd,Motorcycle cop allows tourists to sit on his bike and pose for photos,648,https://reddit.com/r/MadeMeSmile/comments/1nllltd/motorcycle_cop_allows_tourists_to_sit_on_his_bike/,https://v.redd.it/w36426g058qf1,,1758332572.0,0.99,648,0,,YaketyMax,14,False,0,False,text
MadeMeSmile,1nl2be2,Good vet,7078,https://reddit.com/r/MadeMeSmile/comments/1nl2be2/good_vet/,https://v.redd.it/gr0wdcxl84qf1,,1758285200.0,0.98,7078,0,:dog1: DOGS :dog1:,darth_vader39,129,False,0,False,text
MadeMeSmile,1nlpc3v,i love my parents :),213,https://reddit.com/r/MadeMeSmile/comments/1nlpc3v/i_love_my_parents/,https://i.redd.it/stvnlyxw49qf1.jpeg,they’re the most supportive and lovely people ever :) ,1758344485.0,0.97,213,0,:smilingface2: Family & Friends :smilingface2:,golden_retrieverdog,14,True,1,False,image
MadeMeSmile,1nlgnj2,Mama Hamster working out and taking care of her kids!!,704,https://reddit.com/r/MadeMeSmile/comments/1nlgnj2/mama_hamster_working_out_and_taking_care_of_her/,https://v.redd.it/dxelohuv07qf1,,1758318919.0,0.98,704,0,:orly:ANIMALS :sloth:,Homunculus_316,42,False,0,False,text
MadeMeSmile,1nlz57q,Magician Mike Jacobson and Daniel Radcliffe meet: ‘The world’s two most preeminent wizards finally meet’,33,https://reddit.com/r/MadeMeSmile/comments/1nlz57q/magician_mike_jacobson_and_daniel_radcliffe_meet/,https://i.redd.it/wc3us6vjubqf1.jpeg,,1758377320.0,0.82,33,0,:smilingface4: Favorite People :smilingface5:,mcfw31,6,True,1,False,image
MadeMeSmile,1nld9hs,Huskies are really special dogs,870,https://reddit.com/r/MadeMeSmile/comments/1nld9hs/huskies_are_really_special_dogs/,https://v.redd.it/b38di4sdc6qf1,,1758310680.0,0.94,870,0,:dog1: DOGS :dog1:,darth_vader39,30,False,0,False,text
MadeMeSmile,1nl4waq,The British public have voted for the name of network rail’s new leaf clearing train,2175,https://reddit.com/r/MadeMeSmile/comments/1nl4waq/the_british_public_have_voted_for_the_name_of/,https://i.redd.it/yitrmhwkl4qf1.jpeg,,1758291661.0,0.99,2175,0,,Haunting-Breadfruit9,45,True,1,False,image
MadeMeSmile,1nkt63c,"I, personally, don’t see the problem.",25755,https://reddit.com/r/MadeMeSmile/comments/1nkt63c/i_personally_dont_see_the_problem/,https://i.redd.it/ghow2r36m1qf1.jpeg,,1758253433.0,0.98,25755,0,:snoo_putback: Good Vibes :snoo_tongue:,Sebastianlim,137,True,1,False,image
MadeMeSmile,1nlgsqg,[OC] This is Hector! Good boy turned 1 today! 😄,448,https://reddit.com/r/MadeMeSmile/comments/1nlgsqg/oc_this_is_hector_good_boy_turned_1_today/,https://i.redd.it/kh6qragz17qf1.png,,1758319287.0,1.0,448,0,:dog1: DOGS :dog1:,Unnaamed,15,True,1,False,image
MadeMeSmile,1nkxd50,Porcupines know to retract their quills when being fed to avoid injuring their caretakers.,5965,https://reddit.com/r/MadeMeSmile/comments/1nkxd50/porcupines_know_to_retract_their_quills_when/,https://v.redd.it/budomdtjt2qf1,,1758268029.0,0.99,5965,0,:orly:ANIMALS :sloth:,Zestyclose-Salad-290,59,False,0,False,text
MadeMeSmile,1nkp5k3,Russell Crow,51046,https://reddit.com/r/MadeMeSmile/comments/1nkp5k3/russell_crow/,https://v.redd.it/zq1byy0mn0qf1,,1758241900.0,0.98,51046,0,:orly:ANIMALS :sloth:,lemonfaire,501,False,0,False,text
MadeMeSmile,1nlmkfl,Day 4 of mr moose’s tour.[OC],126,https://reddit.com/r/MadeMeSmile/comments/1nlmkfl/day_4_of_mr_mooses_touroc/,https://i.redd.it/cgb1nmc3e8qf1.jpeg,[OC],1758335464.0,0.97,126,0,:dog1: DOGS :dog1:,Randomredditteen,9,True,1,False,image
MadeMeSmile,1nkwuj2,This dog just living his best life,4430,https://reddit.com/r/MadeMeSmile/comments/1nkwuj2/this_dog_just_living_his_best_life/,https://v.redd.it/d3skrq9kn2qf1,,1758266008.0,0.99,4430,0,,sleepyrockhound,60,False,0,False,text
MadeMeSmile,1nlmylq,🔥 A young bear getting distracted by a balloon while crossing the road and making its mom come back to get them,95,https://reddit.com/r/MadeMeSmile/comments/1nlmylq/a_young_bear_getting_distracted_by_a_balloon/,https://v.redd.it/f0g9n1v4v9lf1,,1758336669.0,0.94,95,0,,Rare_Independent_789,4,False,0,False,text
MadeMeSmile,1nl0qam,Sheep answers back when asked by it's owner. How adorable!!!,1581,https://reddit.com/r/MadeMeSmile/comments/1nl0qam/sheep_answers_back_when_asked_by_its_owner_how/,https://v.redd.it/wivtywflu3qf1,,1758280508.0,0.99,1581,0,,Newisance,42,False,0,False,text
MadeMeSmile,1nl49jo,Cat fell in love with chicken,842,https://reddit.com/r/MadeMeSmile/comments/1nl49jo/cat_fell_in_love_with_chicken/,https://v.redd.it/8oxe3sydn4qf1,,1758290164.0,0.99,842,0,:orly:ANIMALS :sloth:,darth_vader39,60,False,0,False,text
MadeMeSmile,1nl5ehb,Your first friend,723,https://reddit.com/r/MadeMeSmile/comments/1nl5ehb/your_first_friend/,https://v.redd.it/9tg41pgbv4qf1,,1758292839.0,0.97,723,0,,Crispy_p_bacon,49,False,0,False,text
MadeMeSmile,1nkqa9a,She’s not a Karen.. she is Carin’,7895,https://reddit.com/r/MadeMeSmile/comments/1nkqa9a/shes_not_a_karen_she_is_carin/,https://v.redd.it/fo9etzhex0qf1,,1758245105.0,0.98,7895,0,:smilingface4: Favorite People :smilingface5:,Ordinary_Fish_3046,101,False,0,False,text
MadeMeSmile,1nkkctp,A neglected horse is rescued and receives long overdue hoof care,20223,https://reddit.com/r/MadeMeSmile/comments/1nkkctp/a_neglected_horse_is_rescued_and_receives_long/,https://imgur.com/gallery/neglected-horse-is-rescued-receives-long-overdue-hoof-care-Mxo3TQE,Quite a talented farrier.,1758229513.0,0.97,20223,0,:snoo_hearteyes: Wholesome Moments :snoo_simple_smile:,nutznboltsguy,381,False,0,False,text
MadeMeSmile,1nl9hu1,Elderly Austrian nuns break out of their nursing home and back into their former convent,250,https://reddit.com/r/MadeMeSmile/comments/1nl9hu1/elderly_austrian_nuns_break_out_of_their_nursing/,https://v.redd.it/3rp49molm5qf1,,1758302084.0,0.96,250,0,:snoo_putback: Helping Others :fixing:,nbcnews,7,False,0,False,text
MadeMeSmile,1nlrb4q,"This woman was so nervous about flying, so the flight attendant explained every sound and bump and even sat here holding her hand when it still got to be too much for her.",18,https://reddit.com/r/MadeMeSmile/comments/1nlrb4q/this_woman_was_so_nervous_about_flying_so_the/,https://i.redd.it/76rz7usoy7qf1.jpeg,,1758351400.0,0.85,18,0,,TreeHousePsycho2120,3,True,1,False,image
MadeMeSmile,1nkk80m,My Dad had his first round of Immunotherapy today so he can stay cancer free,12017,https://reddit.com/r/MadeMeSmile/comments/1nkk80m/my_dad_had_his_first_round_of_immunotherapy_today/,https://www.reddit.com/gallery/1nkk80m,,1758229210.0,0.99,12017,0,:smilingface2: Family & Friends :smilingface2:,ZombiJohn,164,True,2,True,text
MadeMeSmile,1nlc95m,Found duckling adopted,150,https://reddit.com/r/MadeMeSmile/comments/1nlc95m/found_duckling_adopted/,https://v.redd.it/65zj7j4825qf1,,1758308364.0,1.0,150,0,,IfeelVedder,4,False,0,False,text
MadeMeSmile,1nlf55e,My girlfriend reassuring me that I am not alone (English isn't her first language),99,https://reddit.com/r/MadeMeSmile/comments/1nlf55e/my_girlfriend_reassuring_me_that_i_am_not_alone/,https://i.redd.it/fn9bkc3op6qf1.png,I was depressed about the state of my country regarding my rights as a trans person when I told her she had an advantage for being cis cause she can just hide her queerness by staying single. I love her so much 😍🥹🫂,1758315144.0,0.8,99,0, :trans: LGBT+ :trans: ,ejymt,33,True,1,False,image
MadeMeSmile,1nlfpde,This cute little fellow came to say hi,88,https://reddit.com/r/MadeMeSmile/comments/1nlfpde/this_cute_little_fellow_came_to_say_hi/,https://i.redd.it/rcv43aupt6qf1.jpeg,,1758316505.0,0.96,88,0,:orly:ANIMALS :sloth:,Lessllama,5,True,1,False,image
MadeMeSmile,1nkdvli,Riches man on earth,38583,https://reddit.com/r/MadeMeSmile/comments/1nkdvli/riches_man_on_earth/,https://v.redd.it/vn6srzkdfypf1,,1758214829.0,0.91,38583,0,:smilingface2: Family & Friends :smilingface2:,Ordinary_Fish_3046,1483,False,0,False,text
MadeMeSmile,1nlfhoa,The Way My Dog Smiles At Me,76,https://reddit.com/r/MadeMeSmile/comments/1nlfhoa/the_way_my_dog_smiles_at_me/,https://i.redd.it/70z231i5s6qf1.png,,1758315979.0,0.91,76,0,:dog1: DOGS :dog1:,Decent-Trash-7928,9,True,1,False,image
MadeMeSmile,1nkb9ar,Dog leads the officer to his leash while being rescued from a burning house.,48975,https://reddit.com/r/MadeMeSmile/comments/1nkb9ar/dog_leads_the_officer_to_his_leash_while_being/,https://v.redd.it/f4md51m1yxpf1,,1758209001.0,0.97,48975,0,:snoo_hearteyes: Wholesome Moments :snoo_simple_smile:,LightskinKnowItAll,519,False,0,False,text
MadeMeSmile,1nkw5gf,🤷🏻‍♀️,836,https://reddit.com/r/MadeMeSmile/comments/1nkw5gf/_/,https://i.redd.it/tw7xikhqf2qf1.jpeg,,1758263381.0,0.97,836,0,,Dogmom1592,40,True,1,False,image
MadeMeSmile,1nl3rff,He’ll be telling his friends this story for decades,210,https://reddit.com/r/MadeMeSmile/comments/1nl3rff/hell_be_telling_his_friends_this_story_for_decades/,https://v.redd.it/j2rx7eitb4qf1,,1758288929.0,0.95,210,0,,mikeywithoneeye,22,False,0,False,text
MadeMeSmile,1nk6wp7,The impact of a great teacher.,107181,https://reddit.com/r/MadeMeSmile/comments/1nk6wp7/the_impact_of_a_great_teacher/,https://i.redd.it/ah26t22s2xpf1.jpeg,,1758198486.0,0.96,107181,0,,aoi_ringo,393,True,1,False,image
MadeMeSmile,1nk92vx,Sweet boy surprises his aunt with an award-winning portrait he made of her,40901,https://reddit.com/r/MadeMeSmile/comments/1nk92vx/sweet_boy_surprises_his_aunt_with_an_awardwinning/,https://v.redd.it/7vse1na4jxpf1,,1758203983.0,0.98,40901,0,:snoo_hearteyes: Wholesome Moments :snoo_simple_smile:,Callme-risley,249,False,0,False,text
MadeMeSmile,1nko8y7,The Driver saves a turtle in the middle of the road 🐢 🚗,2430,https://reddit.com/r/MadeMeSmile/comments/1nko8y7/the_driver_saves_a_turtle_in_the_middle_of_the/,https://v.redd.it/z7fia9ncg0qf1,,1758239380.0,0.99,2430,0,:snoo_hearteyes: Wholesome Moments :snoo_simple_smile:,JumpStart_Studios,53,False,0,False,text
MadeMeSmile,1nlfe9x,Got some cutie little friends for my pothos. I love this plant so much.,44,https://reddit.com/r/MadeMeSmile/comments/1nlfe9x/got_some_cutie_little_friends_for_my_pothos_i/,https://www.reddit.com/gallery/1nlfe9x,"I then immediately took the extras and drove an hour one way to surprise my sister and grandmother with their very own. Second order is en route for the rest of my plants, and some for my dad as well. ❤️ 🌱 ",1758315751.0,0.97,44,0,,Mardilove,3,True,6,True,text
MadeMeSmile,1nks89g,My dad just discovered manual emojis 😭 (OC),1049,https://reddit.com/r/MadeMeSmile/comments/1nks89g/my_dad_just_discovered_manual_emojis_oc/,https://i.redd.it/astz5ouud1qf1.jpeg,Baby whale 🥹,1758250637.0,0.99,1049,0,:smilingface2: Family & Friends :smilingface2:,tatagonia,41,True,1,False,image
MadeMeSmile,1nkd3d4,Jovi got a baby!!!,4919,https://reddit.com/r/MadeMeSmile/comments/1nkd3d4/jovi_got_a_baby/,https://v.redd.it/r57olmq7aypf1,,1758213093.0,1.0,4919,0,:orly:ANIMALS :sloth:,darth_vader39,35,False,0,False,text
MadeMeSmile,1nkrtsl,"(OC) Dear Reddit Reader, please meet my late brother Jasons ring. Thing was mailed to me after he lost it for 20+ yrs ago.",643,https://reddit.com/r/MadeMeSmile/comments/1nkrtsl/oc_dear_reddit_reader_please_meet_my_late_brother/,https://www.reddit.com/gallery/1nkrtsl,,1758249430.0,0.99,643,0,:upvote::illuminati: Good News :illuminati::upvote:,Inside-Reception-179,24,True,2,True,text
MadeMeSmile,1nk4mj5,Pets seeing their owners again,18575,https://reddit.com/r/MadeMeSmile/comments/1nk4mj5/pets_seeing_their_owners_again/,https://v.redd.it/bpxb4yvkhwpf1,,1758191360.0,0.97,18575,0,:snoo_hearteyes: Wholesome Moments :snoo_simple_smile:,darth_vader39,277,False,0,False,text
MadeMeSmile,1nkeplv,"Small kid, Big feelings",3057,https://reddit.com/r/MadeMeSmile/comments/1nkeplv/small_kid_big_feelings/,https://v.redd.it/ahomuo7vkypf1,,1758216689.0,0.99,3057,0,,Crispy_p_bacon,91,False,0,False,text
MadeMeSmile,1nks32i,"Been married 9 years, I understand her",519,https://reddit.com/r/MadeMeSmile/comments/1nks32i/been_married_9_years_i_understand_her/,https://i.redd.it/kzt9dq5f71qf1.jpeg,,1758250206.0,0.92,519,0,:smilingface2: Family & Friends :smilingface2:,ThanosAssClap,84,True,1,False,image
MadeMeSmile,1nkil7i,My hair regrowth after alopecia makes me smile at how wild it is [OC],1723,https://reddit.com/r/MadeMeSmile/comments/1nkil7i/my_hair_regrowth_after_alopecia_makes_me_smile_at/,https://i.redd.it/zkqo14czazpf1.png,My hair is growing back super wild after suffering from alopecia. It started growing back just over a year ago. My fiance says I look like a pikmin!,1758225458.0,0.99,1723,0,:upvote::illuminati: Good News :illuminati::upvote:,AwesomeApple_xx,43,True,1,False,image
MadeMeSmile,1nkxi97,Just love 🤍,172,https://reddit.com/r/MadeMeSmile/comments/1nkxi97/just_love/,https://v.redd.it/7rlmcag8v2qf1,,1758268590.0,0.93,172,0,:snoo_hearteyes: Wholesome Moments :snoo_simple_smile:,Tortang_Talong_Ftw,5,False,0,False,text
MadeMeSmile,1nkhm5y,The cutest surprise in the world!,1137,https://reddit.com/r/MadeMeSmile/comments/1nkhm5y/the_cutest_surprise_in_the_world/,https://v.redd.it/59zwxqhd4zpf1,,1758223235.0,0.97,1137,0,:snoo_hearteyes: Wholesome Moments :snoo_simple_smile:,darth_vader39,16,False,0,False,text
MadeMeSmile,1nk5k5e,A baby girl reading her dad a bedtime story,4405,https://reddit.com/r/MadeMeSmile/comments/1nk5k5e/a_baby_girl_reading_her_dad_a_bedtime_story/,https://v.redd.it/orhxb9uvqwpf1,,1758194495.0,0.99,4405,0,,Rook8811,88,False,0,False,text
MadeMeSmile,1nkcifz,Her enthusiasm is contagious!,1679,https://reddit.com/r/MadeMeSmile/comments/1nkcifz/her_enthusiasm_is_contagious/,https://v.redd.it/r8pjh7b3n4nf1,,1758211806.0,0.99,1679,0,:snoo_hearteyes: Wholesome Moments :snoo_simple_smile:,wjruffing,34,False,0,False,text
MadeMeSmile,1nkswfy,"If you can be anything, choose to be kind.",158,https://reddit.com/r/MadeMeSmile/comments/1nkswfy/if_you_can_be_anything_choose_to_be_kind/,https://v.redd.it/gngy0kopj1qf1,,1758252616.0,0.95,158,0,,Newisance,7,False,0,False,text
MadeMeSmile,1nkc1vu,Trying to help his older brother make friends.,1148,https://reddit.com/r/MadeMeSmile/comments/1nkc1vu/trying_to_help_his_older_brother_make_friends/,https://v.redd.it/d3pf2nqc3ypf1,,1758210786.0,0.99,1148,0,:snoo_hearteyes: Wholesome Moments :snoo_simple_smile:,mindyour,37,False,0,False,text
MadeMeSmile,1nlctir,"Eating Cement, Looking Concrete",9,https://reddit.com/r/MadeMeSmile/comments/1nlctir/eating_cement_looking_concrete/,https://i.redd.it/w4mgh8mc96qf1.png,"Hi,

I'm Ionuț. I really enjoy drawing, and since I don't have a cat (even though I'd love one), the only thing I can do is… draw a cat. 😄

I have a well-developed sense of humor, and that led me to this funny idea.

In my country, there's this joke that if you look good, you must be eating concrete.

For example, you go up to a girl and say:

You:— Hey, do you happen to eat cement?

Her: — No, why?

You: — Because you look concrete! 😎

Hahahah",1758309657.0,0.66,9,0,:box1: Meme :box1:,Ionut404,2,True,1,False,image
MadeMeSmile,1nkjqo2,This cashier at a Naval Academy is their unofficial grandma,426,https://reddit.com/r/MadeMeSmile/comments/1nkjqo2/this_cashier_at_a_naval_academy_is_their/,https://v.redd.it/p05w2dfsizpf1,,1758228095.0,0.97,426,0,:snoo_hearteyes: Wholesome Moments :snoo_simple_smile:,New_Libran,23,False,0,False,text
MadeMeSmile,1nk8952,Seeing a waterfall form underwater.,1571,https://reddit.com/r/MadeMeSmile/comments/1nk8952/seeing_a_waterfall_form_underwater/,https://v.redd.it/6t88y3muhwpf1,,1758201980.0,0.99,1571,0,,UgliestDisability,23,False,0,False,text
MadeMeSmile,1nklekm,Feta is a foster fail and she always helped my husband in the kitchen ❤️,239,https://reddit.com/r/MadeMeSmile/comments/1nklekm/feta_is_a_foster_fail_and_she_always_helped_my/,https://i.redd.it/7jmnrbofuzpf1.jpeg,,1758231999.0,0.99,239,0,:orly:ANIMALS :sloth:,cultureShocked5,7,True,1,False,image
MadeMeSmile,1nkp9vb,A Brothers Love,116,https://reddit.com/r/MadeMeSmile/comments/1nkp9vb/a_brothers_love/,https://v.redd.it/a2p2v2s1o0qf1,,1758242237.0,0.9,116,0,:smilingface2: Family & Friends :smilingface2:,annadarria,12,False,0,False,text
MadeMeSmile,1nkiz6z,(OC) Found my blind dog in the table,194,https://reddit.com/r/MadeMeSmile/comments/1nkiz6z/oc_found_my_blind_dog_in_the_table/,https://www.reddit.com/gallery/1nkiz6z,Just standing there wagging his tail like nothing happened. ,1758226332.0,0.96,194,0,,Square-Ambassador-77,12,True,2,True,text
MadeMeSmile,1njmilh,Japan Has A Wrestling Camp For Kids Where At The End They Have A Show Match Infront Of The Parents To Show Off What They Learned,51909,https://reddit.com/r/MadeMeSmile/comments/1njmilh/japan_has_a_wrestling_camp_for_kids_where_at_the/,https://v.redd.it/vjlvntvqyrpf1,,1758136676.0,0.95,51909,0,:snoo_hearteyes: Wholesome Moments :snoo_simple_smile:,Jarstadian,1418,False,0,False,text
MadeMeSmile,1nk5ohm,"Hey, mom! It's gettin' kinda crowded in here!",696,https://reddit.com/r/MadeMeSmile/comments/1nk5ohm/hey_mom_its_gettin_kinda_crowded_in_here/,https://v.redd.it/cgeyc5fyrwpf1,,1758194890.0,0.99,696,0,:orly:ANIMALS :sloth:,blonderengel,18,False,0,False,text
MadeMeSmile,1nji4n1,This 13yr old boy is the first person to beat terminal brain cancer!,90043,https://reddit.com/r/MadeMeSmile/comments/1nji4n1/this_13yr_old_boy_is_the_first_person_to_beat/,https://www.reddit.com/gallery/1nji4n1,,1758126999.0,0.96,90043,0,,Ambitious_Berry8293,580,True,3,True,text
MadeMeSmile,1nk3ih2,Humans can learn so much from animals,830,https://reddit.com/r/MadeMeSmile/comments/1nk3ih2/humans_can_learn_so_much_from_animals/,https://v.redd.it/93yxjyr95wpf1,,1758187218.0,0.95,830,0,:snoo_hearteyes: Wholesome Moments :snoo_simple_smile:,darth_vader39,39,False,0,False,text
MadeMeSmile,1njpj7i,She’s perfect!,8858,https://reddit.com/r/MadeMeSmile/comments/1njpj7i/shes_perfect/,https://v.redd.it/lzu1a1mzjspf1,,1758143739.0,0.99,8858,0,:orly:ANIMALS :sloth:,Ordinary_Fish_3046,74,False,0,False,text
MadeMeSmile,1nkv83d,"[FloHockey] Regiment broadcasters talk about the massive 50/50 jackpot of $37,770 at the Mary Brown's Centre and play-by-play man Seth Hyde learns his mom won it",18,https://reddit.com/r/MadeMeSmile/comments/1nkv83d/flohockey_regiment_broadcasters_talk_about_the/,https://v.redd.it/6rgiags3s0qf1,,1758260084.0,0.8,18,0,,hhhhhhhsppppppp,5,False,0,False,text
MadeMeSmile,1nkj37o,"Throwback to 4 years ago when I made a cake to celebrate our 6th wedding anniversary, complete with spelling mistake... now celebrating our 10th with our 3 year old and 7 week old daughters 🥰",89,https://reddit.com/r/MadeMeSmile/comments/1nkj37o/throwback_to_4_years_ago_when_i_made_a_cake_to/,https://i.redd.it/lf63zp2cezpf1.jpeg,,1758226584.0,0.93,89,0,:smilingface4: Favorite People :smilingface5:,infantile-eloquence,10,True,1,False,image
MadeMeSmile,1njk6fj,Kiddo sold bracelets at the farmer's market all summer so she could afford to adopt a cat from the Humane Society,13621,https://reddit.com/r/MadeMeSmile/comments/1njk6fj/kiddo_sold_bracelets_at_the_farmers_market_all/,https://i.redd.it/cabfp42m0rpf1.jpeg,,1758131487.0,0.99,13621,0,:orly:ANIMALS :sloth:,clangley24,50,True,1,False,image
MadeMeSmile,1nkhu6p,My attempt at painting something romantic [OC],79,https://reddit.com/r/MadeMeSmile/comments/1nkhu6p/my_attempt_at_painting_something_romantic_oc/,https://i.redd.it/x1zuwzmu5zpf1.jpeg,,1758223755.0,0.97,79,0,:snoo_putback: Good Vibes :snoo_tongue:,JoshByer,4,True,1,False,image
MadeMeSmile,1nk8gg2,An unexpected postcard from my bff was a little thrill. Sent for no reason other than she misses me and knows I like the artist : ),231,https://reddit.com/r/MadeMeSmile/comments/1nk8gg2/an_unexpected_postcard_from_my_bff_was_a_little/,https://i.redd.it/9zldm7emexpf1.jpeg,,1758202468.0,0.98,231,0,:smilingface2: Family & Friends :smilingface2:,notawildaccount,14,True,1,False,image
MadeMeSmile,1njago2,Man's best friend for a reason.,133001,https://reddit.com/r/MadeMeSmile/comments/1njago2/mans_best_friend_for_a_reason/,https://i.redd.it/19in48xpmppf1.jpeg,,1758108337.0,0.96,133001,0,:puppywave: DOGGO,aoi_ringo,380,True,1,False,image
MadeMeSmile,1njx5sa,"I purged old craft supplies and made charms I secretly leave around town (library, bus sto, laundry )",1230,https://reddit.com/r/MadeMeSmile/comments/1njx5sa/i_purged_old_craft_supplies_and_made_charms_i/,https://www.reddit.com/gallery/1njx5sa,You can too ! ,1758164335.0,0.99,1230,0,,Grease2feminist,40,True,3,True,text
MadeMeSmile,1nka1ba,Young Mariners fan reaction to his dad catching a home run ball,141,https://reddit.com/r/MadeMeSmile/comments/1nka1ba/young_mariners_fan_reaction_to_his_dad_catching_a/,https://v.redd.it/9fds3z06ntpf1,,1758206220.0,0.99,141,0,,Sinisterminister77,4,False,0,False,text
MadeMeSmile,1njorld,Core memory unlocked,3937,https://reddit.com/r/MadeMeSmile/comments/1njorld/core_memory_unlocked/,https://v.redd.it/389u5i8t94pf1,,1758141917.0,0.99,3937,0,:snoo_hearteyes: Wholesome Moments :snoo_simple_smile:,Mrtom987,30,False,0,False,text
MadeMeSmile,1njvnnw,Cutest video of the day 💖🐾😍,1375,https://reddit.com/r/MadeMeSmile/comments/1njvnnw/cutest_video_of_the_day/,https://v.redd.it/l8mel6mq6spf1,,1758159974.0,0.98,1375,0,,maryjhaneIT,8,False,0,False,text
MadeMeSmile,1nk37ds,“Something Good- Negro Kiss” (1898)… an American short silent film (1 minute long) made in 1898. It is the first depiction of black love ever on film,356,https://reddit.com/r/MadeMeSmile/comments/1nk37ds/something_good_negro_kiss_1898_an_american_short/,https://v.redd.it/fx9hqb4h2spf1,,1758186017.0,0.97,356,0,,CommercialKale7,14,False,0,False,text
MadeMeSmile,1njfc5g,These girls eat social anxiety daily,8527,https://reddit.com/r/MadeMeSmile/comments/1njfc5g/these_girls_eat_social_anxiety_daily/,https://v.redd.it/2zibojzsnqpf1,,1758120811.0,0.99,8527,0,,Puzzled_ethics9175,189,False,0,False,text
MadeMeSmile,1nk7qki,Raccoon in a jam,115,https://reddit.com/r/MadeMeSmile/comments/1nk7qki/raccoon_in_a_jam/,https://v.redd.it/ex93puz89xpf1,,1758200676.0,0.98,115,0,:orly:ANIMALS :sloth:,gainsmcgraw,15,False,0,False,text
MadeMeSmile,1nkkzd2,Digno de compartir tremendo acto ade amor a los perritos 🐕,21,https://reddit.com/r/MadeMeSmile/comments/1nkkzd2/digno_de_compartir_tremendo_acto_ade_amor_a_los/,https://v.redd.it/gwnzp9r1rspf1,,1758230987.0,0.79,21,0,,check-OS,2,False,0,False,text
MadeMeSmile,1nk41lk,Can't Get More Wholesome!,181,https://reddit.com/r/MadeMeSmile/comments/1nk41lk/cant_get_more_wholesome/,https://v.redd.it/aosj8cs8bwpf1,"100$= Around 10 000 000 LBP
A single bag of rice was priced at 100 000 LBP",1758189276.0,0.96,181,0,:snoo_putback: Helping Others :fixing:,darkmz7,8,False,0,False,text
MadeMeSmile,1nkaa6a,Enough to make a grown man cry!! Precious 🤍,70,https://reddit.com/r/MadeMeSmile/comments/1nkaa6a/enough_to_make_a_grown_man_cry_precious/,https://v.redd.it/kpw58nrgmtpf1,,1758206806.0,0.78,70,0,:snoo_hearteyes: Wholesome Moments :snoo_simple_smile:,Gloomy_Pineapple_836,11,False,0,False,text
MadeMeSmile,1njqfss,"After the candle, the kid is 'thinking again'",1451,https://reddit.com/r/MadeMeSmile/comments/1njqfss/after_the_candle_the_kid_is_thinking_again/,https://v.redd.it/dlq125ilqspf1,,1758145963.0,0.95,1451,0,,Crispy_p_bacon,51,False,0,False,text
MadeMeSmile,1nki5le,"How cool! It looks to remove the pistles from a sunflower. 15 ft tall, 15 in wide. Can't wait to save the seats for next year!",26,https://reddit.com/r/MadeMeSmile/comments/1nki5le/how_cool_it_looks_to_remove_the_pistles_from_a/,https://v.redd.it/tszxa73x7zpf1,,1758224471.0,0.68,26,0,:jokerdance: Personal Win :jokerdancemirror:,front_yard_duck_dad,8,False,0,False,text
MadeMeSmile,1nkc2id,Spoil your partner!,43,https://reddit.com/r/MadeMeSmile/comments/1nkc2id/spoil_your_partner/,https://i.redd.it/havvi71h3ypf1.jpeg,Every week I buy flowers  for my wife. Snd every time she cries with joy. Guys smd Ladies. Buy your love flowers!,1758210824.0,0.88,43,0,,Aerinandlizzy,8,True,1,False,image
MadeMeSmile,1nk8ujr,Day 3 of spreading joy with Mr moose[OC],61,https://reddit.com/r/MadeMeSmile/comments/1nk8ujr/day_3_of_spreading_joy_with_mr_mooseoc/,https://i.redd.it/81jr5ltghxpf1.jpeg,[OC],1758203424.0,0.92,61,0,:puppywave: DOGGO,Randomredditteen,4,True,1,False,image
MadeMeSmile,1nkc0po,(OC) I'm literally so happy right now,45,https://reddit.com/r/MadeMeSmile/comments/1nkc0po/oc_im_literally_so_happy_right_now/,https://i.redd.it/o6y91fi43ypf1.png,"Long story short I live with my grandma and my bio dad never let me see my younger siblings(never met them) and I was mad and less then a year ago I found out I had 2 older brothers. My bio mom started texting me(we were talking bout supernatural stuff) and she says""NC is a great place for haunted stuff. Your brother is moving there"". WAIT..WHAT. the she told me he had been asking about me and she has a picure of him holding me. Im such an emotional mess right now because I wasn't allowed to reach out to my younger siblings and I've never met my older ones so i assumed they forgot me. Im getting my older brothers snap soon and ahahagdgfgvvfvd im so nervous  ",1758210710.0,0.74,45,0,:smilingface2: Family & Friends :smilingface2:,firepaw200,5,True,1,False,image
MadeMeSmile,1nklq7f,"You can’t always get what you want. But if you try, sometimes you find you get what you need",14,https://reddit.com/r/MadeMeSmile/comments/1nklq7f/you_cant_always_get_what_you_want_but_if_you_try/,https://i.redd.it/kj4h7yxgwzpf1.jpeg,,1758232772.0,0.68,14,0,:dog1: DOGS :dog1:,paper_plains,4,True,1,False,image
MadeMeSmile,1njp5in,"I'm having a rough day at work - out of the blue my 82 YO Dad texts me. I'm a HUGE Texas Rangers baseball fan and it looks like we won't make the playoffs so the season is quickly winding down. Yes I'm a daddy's girl and will always be! Not sure we'll make it to a game, but this was enough for me!",1293,https://reddit.com/r/MadeMeSmile/comments/1njp5in/im_having_a_rough_day_at_work_out_of_the_blue_my/,https://i.redd.it/ryi8b2rpgspf1.jpeg,,1758142839.0,0.98,1293,0,,SnowflakeGuinea,130,True,1,False,image
MadeMeSmile,1nk3t4k,Party animal,120,https://reddit.com/r/MadeMeSmile/comments/1nk3t4k/party_animal/,https://v.redd.it/uodldc7kqvpf1,,1758188377.0,0.96,120,0,:orly:ANIMALS :sloth:,Caratteraccio,4,False,0,False,text
MadeMeSmile,1njcbrz,Fluffy husky,5974,https://reddit.com/r/MadeMeSmile/comments/1njcbrz/fluffy_husky/,https://v.redd.it/uszflxnb2qpf1,,1758113584.0,0.99,5974,0,:puppywave: DOGGO,darth_vader39,40,False,0,False,text
MadeMeSmile,1njsqua,Never give up,624,https://reddit.com/r/MadeMeSmile/comments/1njsqua/never_give_up/,https://v.redd.it/fj9nmckz7tpf1,,1758151816.0,1.0,624,0,,AmcDarkPool,19,False,0,False,text
MadeMeSmile,1nkn65c,Heroes walk among us,9,https://reddit.com/r/MadeMeSmile/comments/1nkn65c/heroes_walk_among_us/,https://www.wwnytv.com/2025/09/17/god-is-blessing-me-so-i-can-bless-others-woman-wins-lottery-donates-entire-prize-charities/,,1758236452.0,0.85,9,0,,Damertz,1,False,0,False,text
MadeMeSmile,1njcfnn,"Yes, it's just a game... but you gotta love the power of simply acknowledging those around us with gratitude and respect",4045,https://reddit.com/r/MadeMeSmile/comments/1njcfnn/yes_its_just_a_game_but_you_gotta_love_the_power/,https://v.redd.it/hlbpdyw33qpf1,,1758113862.0,0.99,4045,0,:snoo_hearteyes: Wholesome Moments :snoo_simple_smile:,Righteous_Babe_98,89,False,0,False,text
MadeMeSmile,1njlk7s,"These parents praised their son for learning to walk, so big sis wanted some of that praise too.",1030,https://reddit.com/r/MadeMeSmile/comments/1njlk7s/these_parents_praised_their_son_for_learning_to/,https://v.redd.it/zaytdnllsrpf1,,1758134526.0,0.99,1030,0,,bigbusta,6,False,0,False,text
MadeMeSmile,1nk8f9q,[OC] Good morning! ❤️,33,https://reddit.com/r/MadeMeSmile/comments/1nk8f9q/oc_good_morning/,https://i.redd.it/k3azswrmk5pf1.jpeg,,1758202388.0,0.95,33,0,,Brilliant_Glove_5931,1,True,1,False,image
MadeMeSmile,1njlz99,9 year old is so proud of the breakfast she made for her family,909,https://reddit.com/r/MadeMeSmile/comments/1njlz99/9_year_old_is_so_proud_of_the_breakfast_she_made/,https://v.redd.it/ebwbhe1dvrpf1,,1758135469.0,0.98,909,0,:snoo_hearteyes: Wholesome Moments :snoo_simple_smile:,AdAdventurous7802,46,False,0,False,text
MadeMeSmile,1nka03l,(OC) Anime helped me heal—and now I run a con that gives others that same joy,20,https://reddit.com/r/MadeMeSmile/comments/1nka03l/oc_anime_helped_me_healand_now_i_run_a_con_that/,https://i.redd.it/y8ygt3zjpxpf1.jpeg,,1758206143.0,0.8,20,0,,Psychological_Menu_4,5,True,1,False,image
MadeMeSmile,1njc6d6,Persistence is the key!,1948,https://reddit.com/r/MadeMeSmile/comments/1njc6d6/persistence_is_the_key/,https://v.redd.it/zmrtzyc61qpf1,,1758113196.0,0.96,1948,0,:dog1: DOGS :dog1:,Tenchi2020,36,False,0,False,text
MadeMeSmile,1nj0lp1,"Francisco Lindor looks on while his wife, Katia, plays the national anthem on the violin ahead of tonight's Mets game",27690,https://reddit.com/r/MadeMeSmile/comments/1nj0lp1/francisco_lindor_looks_on_while_his_wife_katia/,https://v.redd.it/a41fmjekfmpf1,,1758074416.0,0.98,27690,0,,cerealfordinneragain,97,False,0,False,text
MadeMeSmile,1njwhll,Igor’s first bath [OC],137,https://reddit.com/r/MadeMeSmile/comments/1njwhll/igors_first_bath_oc/,https://i.redd.it/3solrkm63upf1.jpeg,,1758162363.0,0.99,137,0,,canileavenow95,10,True,1,False,image
MadeMeSmile,1nkn6iv,Heroes walk among us,3,https://reddit.com/r/MadeMeSmile/comments/1nkn6iv/heroes_walk_among_us/,https://www.wwnytv.com/2025/09/17/god-is-blessing-me-so-i-can-bless-others-woman-wins-lottery-donates-entire-prize-charities/,,1758236477.0,0.64,3,0,,Damertz,1,False,0,False,text
MadeMeSmile,1nix84e,Kid ask mom to buy Jordans for another kid that was getting bullied because of their shoes,90169,https://reddit.com/r/MadeMeSmile/comments/1nix84e/kid_ask_mom_to_buy_jordans_for_another_kid_that/,https://v.redd.it/nrmvbiha2mpf1,,1758065144.0,0.93,90169,0,:snoo_putback: Helping Others :fixing:,Lotus_G6,2180,False,0,False,text
MadeMeSmile,1njnwhy,Energy just increased,366,https://reddit.com/r/MadeMeSmile/comments/1njnwhy/energy_just_increased/,https://v.redd.it/6lkpposj8spf1,,1758139892.0,0.98,366,0,:snoo_hearteyes: Wholesome Moments :snoo_simple_smile:,darth_vader39,14,False,0,False,text
MadeMeSmile,1njqobb,This dog saw herself in an ad and posed in front of it,253,https://reddit.com/r/MadeMeSmile/comments/1njqobb/this_dog_saw_herself_in_an_ad_and_posed_in_front/,https://v.redd.it/21z5ncxwxrpf1,,1758146543.0,0.94,253,0,,Jason_the_Jazz_Man,4,False,0,False,text
MadeMeSmile,1njpmh4,Your tribute has been accepted... [OC],257,https://reddit.com/r/MadeMeSmile/comments/1njpmh4/your_tribute_has_been_accepted_oc/,https://v.redd.it/otoff44nkspf1,,1758143958.0,0.98,257,0,,stewati,4,False,0,False,text
MadeMeSmile,1nj3zs2,Practice makes perfect,5453,https://reddit.com/r/MadeMeSmile/comments/1nj3zs2/practice_makes_perfect/,https://v.redd.it/n2qj1fpe2npf1,,1758084672.0,0.98,5453,0,,Sartres_Roommate,119,False,0,False,text
MadeMeSmile,1njgt62,"""Mom, hurry up! I'm almost late for wrestlin' time!""",618,https://reddit.com/r/MadeMeSmile/comments/1njgt62/mom_hurry_up_im_almost_late_for_wrestlin_time/,https://v.redd.it/esfvgt9dxqpf1,,1758124118.0,0.99,618,0,:orly:ANIMALS :sloth:,blonderengel,26,False,0,False,text
MadeMeSmile,1njrol4,"This genuinely made me smile: a cat was elected as Bike Path Mayor on a campaign slogan of simply, ""Crime""",158,https://reddit.com/r/MadeMeSmile/comments/1njrol4/this_genuinely_made_me_smile_a_cat_was_elected_as/,https://i.redd.it/3i8bentrzspf1.jpeg,https://www.yahoo.com/news/articles/viral-cat-mayoral-race-mass-230300167.html,1758149045.0,0.98,158,0,,Random-reddit-name-1,5,True,1,False,image
MadeMeSmile,1nj6j9p,I love you,2184,https://reddit.com/r/MadeMeSmile/comments/1nj6j9p/i_love_you/,https://v.redd.it/bh3figenfopf1,,1758093851.0,1.0,2184,0,:snoo_hearteyes: Wholesome Moments :snoo_simple_smile:,darth_vader39,43,False,0,False,text
MadeMeSmile,1njc0fi,Got my first A after 6 years of being out of school. Finally persuing a bachelor’s degree with two kids and a full time job,788,https://reddit.com/r/MadeMeSmile/comments/1njc0fi/got_my_first_a_after_6_years_of_being_out_of/,https://i.redd.it/orn0o0nwzppf1.jpeg,,1758112769.0,0.99,788,0,:jokerdance: Personal Win :jokerdancemirror:,Silent_Ad5275,56,True,1,False,image
MadeMeSmile,1njdiog,I drew a little wren singing 🧡(OC),648,https://reddit.com/r/MadeMeSmile/comments/1njdiog/i_drew_a_little_wren_singing_oc/,https://i.redd.it/qygz39f4bqpf1.jpeg,,1758116549.0,1.0,648,0,:snoo_hearteyes: Wholesome Moments :snoo_simple_smile:,ninadrawsalot,34,True,1,False,image
MadeMeSmile,1njsnjb,The crowd cheering on the stage hands is fantastic!,106,https://reddit.com/r/MadeMeSmile/comments/1njsnjb/the_crowd_cheering_on_the_stage_hands_is_fantastic/,https://v.redd.it/0utb2hnz3tpf1,,1758151561.0,0.97,106,0,,IcedWarlock,4,False,0,False,text
MadeMeSmile,1njylzv,Pilots to the Rescue 10 Year Anniversary,43,https://reddit.com/r/MadeMeSmile/comments/1njylzv/pilots_to_the_rescue_10_year_anniversary/,https://v.redd.it/bxg47z2xmupf1,,1758168937.0,1.0,43,0,:orly:ANIMALS :sloth:,ibwitmypigeons,5,False,0,False,text
MadeMeSmile,1njs7vn,The purest love between siblings.,95,https://reddit.com/r/MadeMeSmile/comments/1njs7vn/the_purest_love_between_siblings/,https://v.redd.it/v7bd1emt3tpf1,,1758150407.0,0.85,95,0,:smilingface2: Family & Friends :smilingface2:,Sebastianlim,3,False,0,False,text
MadeMeSmile,1nj84zl,Taking the cat along for the ride,1245,https://reddit.com/r/MadeMeSmile/comments/1nj84zl/taking_the_cat_along_for_the_ride/,https://v.redd.it/g8g30y9kyopf1,,1758100234.0,0.97,1245,0,:snoo_putback: Good Vibes :snoo_tongue:,MilesLongthe3rd,41,False,0,False,text
MadeMeSmile,1nkam0p,NO MOM! I don’t want a bra. I’m free and saggin’ low!!,4,https://reddit.com/r/MadeMeSmile/comments/1nkam0p/no_mom_i_dont_want_a_bra_im_free_and_saggin_low/,https://i.redd.it/m6ja93zh8jpf1.jpeg,,1758207576.0,0.53,4,0,:dog1: DOGS :dog1:,Gloomy_Pineapple_836,5,True,1,False,image
MadeMeSmile,1njd9jk,What does the cow say,526,https://reddit.com/r/MadeMeSmile/comments/1njd9jk/what_does_the_cow_say/,https://v.redd.it/jnbrago99qpf1,,1758115919.0,0.98,526,0,:dog1: DOGS :dog1:,darth_vader39,17,False,0,False,text
MadeMeSmile,1njrxzu,"I'm driving a truck right now during potato harvest, and today I looked at my side mirror and saw I had a new friend.",92,https://reddit.com/r/MadeMeSmile/comments/1njrxzu/im_driving_a_truck_right_now_during_potato/,https://i.redd.it/smpa1bzp1tpf1.jpeg,Just a little guy chillin,1758149701.0,0.91,92,0,:orly:ANIMALS :sloth:,TanningOnMars,13,True,1,False,image
MadeMeSmile,1njpcve,"I have been reading for 1,000 days in a ROW!",114,https://reddit.com/r/MadeMeSmile/comments/1njpcve/i_have_been_reading_for_1000_days_in_a_row/,https://i.redd.it/5wrlhmzqispf1.jpeg,"Reading has been a big part of my life for as long as I can remember. Im proud of my accomplishment and I can’t wait to hit the next milestone!

Reading insight is from the Kindle app",1758143321.0,0.94,114,0,:jokerdance: Personal Win :jokerdancemirror:,EveryRadio,9,True,1,False,image
MadeMeSmile,1nizmhk,Boy shares his toy train with his cat.,4658,https://reddit.com/r/MadeMeSmile/comments/1nizmhk/boy_shares_his_toy_train_with_his_cat/,https://v.redd.it/o7i0irgqlmpf1,,1758071684.0,0.99,4658,0,:cat3: CATS :cat1:,Sebastianlim,21,False,0,False,text
MadeMeSmile,1njazsh,"Francisco Lindor looks on while his wife, Katia, plays the national anthem on the violin ahead of tonight's Mets game",621,https://reddit.com/r/MadeMeSmile/comments/1njazsh/francisco_lindor_looks_on_while_his_wife_katia/,https://v.redd.it/a41fmjekfmpf1,,1758109933.0,0.97,621,0,,GMAN412,17,False,0,False,text
MadeMeSmile,1nj78kf,Make someone smile today!,1163,https://reddit.com/r/MadeMeSmile/comments/1nj78kf/make_someone_smile_today/,https://v.redd.it/ni341jcznopf1,,1758096655.0,0.87,1163,0,:snoo_putback: Good Vibes :snoo_tongue:,Drk_Kni8,85,False,0,False,text
MadeMeSmile,1njecg5,1 OF US,376,https://reddit.com/r/MadeMeSmile/comments/1njecg5/1_of_us/,https://v.redd.it/nk2nbgidcppf1,,1758118538.0,0.97,376,0,:snoo_putback: Good Vibes :snoo_tongue:,pennynotrcutt,16,False,0,False,text
MadeMeSmile,1niqu2f,how i meet your father,15488,https://reddit.com/r/MadeMeSmile/comments/1niqu2f/how_i_meet_your_father/,https://v.redd.it/r18z3mtitkpf1,,1758050098.0,0.99,15488,0,,Key-Cheek-3121,81,False,0,False,text
MadeMeSmile,1njwyhj,[OC] Unexpected drawing by my 5yr kid and a story behind it ❤️,26,https://reddit.com/r/MadeMeSmile/comments/1njwyhj/oc_unexpected_drawing_by_my_5yr_kid_and_a_story/,https://i.redd.it/90fvim1g7upf1.jpeg,"Suddenly my kid brought this today and I asked what is this. She started explaining and I was stunned

""
This is a butterfly In middle. One side night stars, moon and other side day sun. (Below pointing finger) one side water with fish and other side building and a girl. 
""

I don't what is the kids thought process, but i felt this is great work.

It felt like she portrayed the life.",1758163734.0,0.85,26,0,:snoo_putback: Good Vibes :snoo_tongue:,FilterCoffeeBreak,1,True,1,False,image
MadeMeSmile,1njn6w7,Bus driver being bro to thirsty cop,80,https://reddit.com/r/MadeMeSmile/comments/1njn6w7/bus_driver_being_bro_to_thirsty_cop/,https://v.redd.it/trht6wmn3spf1,,1758138247.0,0.92,80,0,:snoo_putback: Helping Others :fixing:,VapeyMoron,4,False,0,False,text
MadeMeSmile,1nkteme,Paris flash mob!! Queen at its best!!,0,https://reddit.com/r/MadeMeSmile/comments/1nkteme/paris_flash_mob_queen_at_its_best/,https://www.facebook.com/share/v/16GyVe65zq/?mibextid=wwXIfr,,1758254158.0,0.38,0,0,:snoo_putback: Good Vibes :snoo_tongue:,Gloomy_Pineapple_836,4,False,0,False,text
MadeMeSmile,1njaokw,A serval and her two melanistic kittens,297,https://reddit.com/r/MadeMeSmile/comments/1njaokw/a_serval_and_her_two_melanistic_kittens/,https://v.redd.it/hoohzrepoppf1,,1758109007.0,0.99,297,0,:orly:ANIMALS :sloth:,Ok_Concentrate_9713,6,False,0,False,text
MadeMeSmile,1niizcw,Little brother looking out for his older brother big time,28653,https://reddit.com/r/MadeMeSmile/comments/1niizcw/little_brother_looking_out_for_his_older_brother/,https://v.redd.it/v2r3797tdjpf1,One of the most wholesome things you’ll see all day!,1758032765.0,0.98,28653,0,:smilingface2: Family & Friends :smilingface2:,Taskmaster_Fantatic,221,False,0,False,text
MadeMeSmile,1nilouv,"Buford, dog who rescued 2-year-old boy lost in Arizona wilderness, is showered with gifts. Scotty Dunton, who owns the 6-year-old Anatolian Pyrenees, said gifts have been arriving at his doorstep since Boden Allen was rescued.",13911,https://reddit.com/r/MadeMeSmile/comments/1nilouv/buford_dog_who_rescued_2yearold_boy_lost_in/,https://www.reddit.com/gallery/1nilouv,,1758038816.0,0.99,13911,0,,Ordinary_Fish_3046,164,True,2,True,text
MadeMeSmile,1njq5yz,Greenville Spider-Man saves two people stuck on a waterfall.,36,https://reddit.com/r/MadeMeSmile/comments/1njq5yz/greenville_spiderman_saves_two_people_stuck_on_a/,https://v.redd.it/bt8vf0dkospf1,,1758145285.0,0.85,36,0,,Ger14n5,1,False,0,False,text
MadeMeSmile,1nii764,The world needs more of this. More love and kindness ❤,26622,https://reddit.com/r/MadeMeSmile/comments/1nii764/the_world_needs_more_of_this_more_love_and/,https://v.redd.it/z9fxnprj8jpf1,,1758030974.0,0.91,26622,0,,Signature_Space2024,704,False,0,False,text
MadeMeSmile,1nj67fc,Selling ‘D-rugs’ prank ends up making a lady’s day,508,https://reddit.com/r/MadeMeSmile/comments/1nj67fc/selling_drugs_prank_ends_up_making_a_ladys_day/,https://v.redd.it/tk14k1ysbopf1,Credit: @misfitmindss,1758092591.0,0.97,508,0,,enzo_vamp,20,False,0,False,text
MadeMeSmile,1nif8s7,I am so happy for her,71308,https://reddit.com/r/MadeMeSmile/comments/1nif8s7/i_am_so_happy_for_her/,https://v.redd.it/d32gpl75mipf1,,1758023404.0,0.95,71308,0, :snoo_shrug:Small Success:snoo_wink: ,MilesLongthe3rd,710,False,0,False,text
MadeMeSmile,1nik5kt,♥️,12403,https://reddit.com/r/MadeMeSmile/comments/1nik5kt/_/,https://i.redd.it/rnfdshrtljpf1.jpeg,,1758035395.0,0.99,12403,0,:snoo_hearteyes: Wholesome Moments :snoo_simple_smile:,aoi_ringo,42,True,1,False,image
MadeMeSmile,1njmzwg,Becky?,43,https://reddit.com/r/MadeMeSmile/comments/1njmzwg/becky/,https://v.redd.it/nsy3bcrxkrpf1,,1758137800.0,0.9,43,0,,altbekannt,3,False,0,False,text
MadeMeSmile,1nils0t,Puppy hears its own bark for the first time,6031,https://reddit.com/r/MadeMeSmile/comments/1nils0t/puppy_hears_its_own_bark_for_the_first_time/,https://v.redd.it/larn6f2lwjpf1,,1758039013.0,0.99,6031,0,,Sea_Sheepherder_2234,48,False,0,False,text
MadeMeSmile,1nj9ugz,Puppy hiccups,172,https://reddit.com/r/MadeMeSmile/comments/1nj9ugz/puppy_hiccups/,https://v.redd.it/04lvto2xgppf1,,1758106386.0,0.97,172,0,:puppywave: DOGGO,darth_vader39,5,False,0,False,text
MadeMeSmile,1nj8x47,Cutest thing I’ve seen all day 🥹,194,https://reddit.com/r/MadeMeSmile/comments/1nj8x47/cutest_thing_ive_seen_all_day/,https://v.redd.it/eh38iava7ppf1,,1758103192.0,0.97,194,0,,Dogmom1592,8,False,0,False,text
MadeMeSmile,1niyxdp,A tree grew through the pavement and inside a stop sign.,989,https://reddit.com/r/MadeMeSmile/comments/1niyxdp/a_tree_grew_through_the_pavement_and_inside_a/,https://v.redd.it/151yxa2i2lpf1,,1758069743.0,0.96,989,0,:snoo_hearteyes: Wholesome Moments :snoo_simple_smile:,Bobba-Luna,30,False,0,False,text
MadeMeSmile,1nim5u1,❤️❤️,4978,https://reddit.com/r/MadeMeSmile/comments/1nim5u1/_/,https://i.redd.it/t13oqgi4zjpf1.jpeg,,1758039866.0,0.83,4978,0,:snoo_hearteyes: Wholesome Moments :snoo_simple_smile:,pikahetti,516,True,1,False,image
MadeMeSmile,1nj8f18,Food = Black Lab,157,https://reddit.com/r/MadeMeSmile/comments/1nj8f18/food_black_lab/,https://i.redd.it/ao2yi6zs1ppf1.jpeg,"Guaranteed if there’s food around, Harry will be too ❤️",1758101302.0,0.9,157,0,:dog1: DOGS :dog1:,Exciting-Composer157,40,True,1,False,image
MadeMeSmile,1nigv9j,Pure love,6296,https://reddit.com/r/MadeMeSmile/comments/1nigv9j/pure_love/,https://v.redd.it/zopmo6m4zipf1,,1758027761.0,0.99,6296,0,:dog1: DOGS :dog1:,darth_vader39,48,False,0,False,text
MadeMeSmile,1njdsd4,"Mr moose on the loose, here’s your daily dose of wiener dog smiles[OC]",48,https://reddit.com/r/MadeMeSmile/comments/1njdsd4/mr_moose_on_the_loose_heres_your_daily_dose_of/,https://i.redd.it/5hyaebc1dqpf1.jpeg,[OC],1758117206.0,0.88,48,0,:puppywave: DOGGO,Randomredditteen,4,True,1,False,image
MadeMeSmile,1nid7ki,This airport in China offers people free shower.,11460,https://reddit.com/r/MadeMeSmile/comments/1nid7ki/this_airport_in_china_offers_people_free_shower/,https://www.reddit.com/gallery/1nid7ki,,1758016641.0,0.98,11460,0,:snoo_putback: Good Vibes :snoo_tongue:,Zestyclose-Salad-290,336,True,4,True,text
MadeMeSmile,1niny8i,Why we can't have nice things,1943,https://reddit.com/r/MadeMeSmile/comments/1niny8i/why_we_cant_have_nice_things/,https://v.redd.it/z3mj8atuakpf1,,1758043811.0,0.98,1943,0,:cat3: CATS :cat1:,Steph-Kai,29,False,0,False,text
MadeMeSmile,1nix0h0,Be still my heart ❤️‍🩹❤️❤️,552,https://reddit.com/r/MadeMeSmile/comments/1nix0h0/be_still_my_heart/,https://v.redd.it/xiryu6no0mpf1,,1758064606.0,0.98,552,0,,Acceptable-Kale-8432,19,False,0,False,text
MadeMeSmile,1nj2n2k,[OC] Mr moose Enjoying a sunny day from me to all of you say hello!,194,https://reddit.com/r/MadeMeSmile/comments/1nj2n2k/oc_mr_moose_enjoying_a_sunny_day_from_me_to_all/,https://i.redd.it/90f7rj3obnpf1.jpeg,[OC],1758080404.0,0.99,194,0,:dog1: DOGS :dog1:,Randomredditteen,10,True,1,False,image
MadeMeSmile,1nj27o1,[OC] Going through a rough breakup and this poem hit me hard,206,https://reddit.com/r/MadeMeSmile/comments/1nj27o1/oc_going_through_a_rough_breakup_and_this_poem/,https://v.redd.it/vbyhlakr7npf1,"Not OC, but the moderator bot keeps deleting the video unless I include the tag, so... 🤷🏼",1758079110.0,0.92,206,0,,babyb01,18,False,0,False,text
MadeMeSmile,1nidiaa,Her ice cream review is good,4680,https://reddit.com/r/MadeMeSmile/comments/1nidiaa/her_ice_cream_review_is_good/,https://v.redd.it/3h742bo75ipf1,,1758017701.0,0.99,4680,0,:snoo_hearteyes: Wholesome Moments :snoo_simple_smile:,darth_vader39,101,False,0,False,text
MadeMeSmile,1niotjq,Seabass (15f) was so happy after her field trip to the assisted living facility.,990,https://reddit.com/r/MadeMeSmile/comments/1niotjq/seabass_15f_was_so_happy_after_her_field_trip_to/,https://i.redd.it/lap56gbegkpf1.jpeg,She just had the most wonderful day getting pets from all the residents!! They loved that she’s also an old lady. ,1758045674.0,0.99,990,0,:dog1: DOGS :dog1:,ihave-bluehair,25,True,1,False,image
MadeMeSmile,1nixpu0,Talking about towing,341,https://reddit.com/r/MadeMeSmile/comments/1nixpu0/talking_about_towing/,https://i.redd.it/uqtz2u0nx2pf1.jpeg,,1758066438.0,0.86,341,0,,mikeywithoneeye,155,True,1,False,image
MadeMeSmile,1njfed9,Such a win for the parents,17,https://reddit.com/r/MadeMeSmile/comments/1njfed9/such_a_win_for_the_parents/,https://v.redd.it/1cp560g1oqpf1,,1758120947.0,0.87,17,0,,Background-Arm-1582,4,False,0,False,text
MadeMeSmile,1nic0d0,big brothers as the best,3923,https://reddit.com/r/MadeMeSmile/comments/1nic0d0/big_brothers_as_the_best/,https://v.redd.it/06o52uigohpf1,,1758012075.0,0.99,3923,0,,bchvi,50,False,0,False,text
MadeMeSmile,1nk727d,Funny irony (OC),0,https://reddit.com/r/MadeMeSmile/comments/1nk727d/funny_irony_oc/,https://i.redd.it/ucbiuad04xpf1.jpeg,6th grade students all had to create a Lab Saftey poster and the irony on this one MadeMeSmile,1758198902.0,0.41,0,0,,twersk711,10,True,1,False,image
MadeMeSmile,1niupnl,a gem off of the guys being dudes sub,251,https://reddit.com/r/MadeMeSmile/comments/1niupnl/a_gem_off_of_the_guys_being_dudes_sub/,https://v.redd.it/xr5cag8qjlpf1,,1758058904.0,0.92,251,0,:snoo_putback: Helping Others :fixing:,major_chunks,19,False,0,False,text
MadeMeSmile,1nihdaz,Some toddlers just can't contain themselves.,1074,https://reddit.com/r/MadeMeSmile/comments/1nihdaz/some_toddlers_just_cant_contain_themselves/,https://v.redd.it/gyizxwkq2jpf1,,1758028974.0,0.94,1074,0,:snoo_hearteyes: Wholesome Moments :snoo_simple_smile:,Chocolat3City,94,False,0,False,text
MadeMeSmile,1ni686x,[OC] My mom has secretly been getting me uranium glass,6716,https://reddit.com/r/MadeMeSmile/comments/1ni686x/oc_my_mom_has_secretly_been_getting_me_uranium/,https://i.redd.it/1mlrww6szfpf1.jpeg,"I absolutely love uranium glass. It’s so fascinating to me, anything radioactive really is. Maria Skłodowska-Curie has been such an inspiration to me for as long as I can remember, and inspired me to major in chemistry and hopefully work in some kind of nuclear chemistry field in the future. I got my first piece of uranium glass a few months ago right before I went off to college. I finally had the opportunity to go back home for the weekend from college and I found out my mom has secretly been getting me uranium glass to add to my collection! I can’t describe the joy I feel about this. I just needed to share.",1757991659.0,0.99,6716,0,:snoo_hearteyes: Wholesome Moments :snoo_simple_smile:,Extension-Abies-6412,128,True,1,False,image
MadeMeSmile,1ni4h2c,Spiderman: Finally Home,8255,https://reddit.com/r/MadeMeSmile/comments/1ni4h2c/spiderman_finally_home/,https://v.redd.it/89bbgvxtkfpf1,,1757986635.0,0.97,8255,0,:smilingface2: Family & Friends :smilingface2:,Commercial-Law-2229,296,False,0,False,text
MadeMeSmile,1nk911m,I was shocked to say the least,0,https://reddit.com/r/MadeMeSmile/comments/1nk911m/i_was_shocked_to_say_the_least/,https://i.redd.it/u3qi543rixpf1.jpeg,,1758203857.0,0.31,0,0,:box1: Meme :box1:,No-Cancel1823,2,True,1,False,image
MadeMeSmile,1nihoae,Kid uses uno reverse on his mom,682,https://reddit.com/r/MadeMeSmile/comments/1nihoae/kid_uses_uno_reverse_on_his_mom/,https://v.redd.it/0owgzskx4jpf1,,1758029714.0,0.98,682,0,,Puzzled_ethics9175,22,False,0,False,text
MadeMeSmile,1niq67e,Adorable ❤️❤️ not OC,258,https://reddit.com/r/MadeMeSmile/comments/1niq67e/adorable_not_oc/,https://v.redd.it/aym89h5mqjpf1,,1758048628.0,0.99,258,0,:snoo_hearteyes: Wholesome Moments :snoo_simple_smile:,Educational_Key1206,9,False,0,False,text
MadeMeSmile,1ni6iaj,Very heart warming - Not OC,4866,https://reddit.com/r/MadeMeSmile/comments/1ni6iaj/very_heart_warming_not_oc/,https://i.redd.it/hribzrx72gpf1.jpeg,,1757992479.0,0.95,4866,0,,rmzullo,80,True,1,False,image
MadeMeSmile,1nj32is,Festival celebration on the street,38,https://reddit.com/r/MadeMeSmile/comments/1nj32is/festival_celebration_on_the_street/,https://v.redd.it/yi5zeviifnpf1,,1758081704.0,0.83,38,0,,AajBahutKhushHogaTum,9,False,0,False,text
MadeMeSmile,1nip8so,Cub scratching a butt,230,https://reddit.com/r/MadeMeSmile/comments/1nip8so/cub_scratching_a_butt/,https://v.redd.it/5pxo97g4jkpf1,,1758046592.0,0.99,230,0,:orly:ANIMALS :sloth:,darth_vader39,13,False,0,False,text
MadeMeSmile,1niv3lm,"Our rescue Forest, excited to see us.",109,https://reddit.com/r/MadeMeSmile/comments/1niv3lm/our_rescue_forest_excited_to_see_us/,https://v.redd.it/s5ua1ijfmlpf1,,1758059819.0,0.98,109,0,,mxwashington7,7,False,0,False,text
MadeMeSmile,1nj2rpa,Max - Mr. Drama King,35,https://reddit.com/r/MadeMeSmile/comments/1nj2rpa/max_mr_drama_king/,https://i.redd.it/0jlrsdyjcnpf1.jpeg,,1758080786.0,0.88,35,0,:cat3: CATS :cat1:,g-o-u-l-a,3,True,1,False,image
MadeMeSmile,1nhxjq0,My husband and I donated our wedding flowers to the local nursing home,14860,https://reddit.com/r/MadeMeSmile/comments/1nhxjq0/my_husband_and_i_donated_our_wedding_flowers_to/,https://i.redd.it/p28au9u84epf1.jpeg,"I’m so happy they made it!! The staff will distribute them to the residents today, I hope it made someone’s day! 💖",1757968947.0,0.99,14860,0,,farrah_berra,94,True,1,False,image
MadeMeSmile,1nhrvkt,The best kind of doctor.,61891,https://reddit.com/r/MadeMeSmile/comments/1nhrvkt/the_best_kind_of_doctor/,https://i.redd.it/i5xq15s73dpf1.jpeg,,1757956495.0,0.96,61891,0,:snoo_hearteyes: Wholesome Moments :snoo_simple_smile:,aoi_ringo,498,True,1,False,image
MadeMeSmile,1nim1xe,Be more kind to yourself ❤️,220,https://reddit.com/r/MadeMeSmile/comments/1nim1xe/be_more_kind_to_yourself/,https://i.redd.it/eg8odibeyjpf1.jpeg,,1758039620.0,0.97,220,0,,Dogmom1592,14,True,1,False,image
MadeMeSmile,1nhv7s2,Owen Cooper’s acceptance speech after becoming the youngest male Emmy winner at just 15 years old.,16216,https://reddit.com/r/MadeMeSmile/comments/1nhv7s2/owen_coopers_acceptance_speech_after_becoming_the/,https://v.redd.it/56i4wdflodpf1,,1757963799.0,0.96,16216,0,:snoo_putback: Good Vibes :snoo_tongue:,Subtle_srikhand,464,False,0,False,text
MadeMeSmile,1nip3v8,Guy painting on the bus. So simple but yeah it made me smile.,129,https://reddit.com/r/MadeMeSmile/comments/1nip3v8/guy_painting_on_the_bus_so_simple_but_yeah_it/,https://i.redd.it/cdni1u58ikpf1.jpeg,,1758046292.0,0.94,129,0,:snoo_putback: Good Vibes :snoo_tongue:,405freeway,9,True,1,False,image
MadeMeSmile,1nielru,Knitting while listening to music makes me feel like this. Glad it’s knitting season again! (Pic by my kid.),441,https://reddit.com/r/MadeMeSmile/comments/1nielru/knitting_while_listening_to_music_makes_me_feel/,https://www.reddit.com/gallery/1nielru,,1758021429.0,0.97,441,0,:upvote::illuminati: Good News :illuminati::upvote:,notawildaccount,27,True,2,True,text
MadeMeSmile,1niooo2,Baby tiger attacks her caregiver at a tiger sanctuary in China,123,https://reddit.com/r/MadeMeSmile/comments/1niooo2/baby_tiger_attacks_her_caregiver_at_a_tiger/,https://v.redd.it/kgxk97t90kpf1,,1758045398.0,0.97,123,0,:orly:ANIMALS :sloth:,PainterImpossible368,7,False,0,False,text
MadeMeSmile,1nhqj5z,I love your outfit,34703,https://reddit.com/r/MadeMeSmile/comments/1nhqj5z/i_love_your_outfit/,https://v.redd.it/oxtptc2fucpf1,,1757953535.0,0.91,34703,0,:snoo_hearteyes: Wholesome Moments :snoo_simple_smile:,EtrnlMngkyouSharngn,243,False,0,False,text
MadeMeSmile,1ni49ga,My grandmother turned 100 on September 13 - I posted just her young picture & everyone complained that I only posted her young picture. So here is my g’ma at 100 & my mother at 75.,2367,https://reddit.com/r/MadeMeSmile/comments/1ni49ga/my_grandmother_turned_100_on_september_13_i/,https://i.redd.it/0nx70mquifpf1.jpeg,,1757986038.0,0.99,2367,0,,FunkyGabrielle,50,True,1,False,image
MadeMeSmile,1nhsdws,Acceptance,13116,https://reddit.com/r/MadeMeSmile/comments/1nhsdws/acceptance/,https://v.redd.it/dbcb4fzh6dpf1,,1757957600.0,0.97,13116,0,,EtrnlMngkyouSharngn,251,False,0,False,text
MadeMeSmile,1ni4gke,Saxophonist serenades seniors,1730,https://reddit.com/r/MadeMeSmile/comments/1ni4gke/saxophonist_serenades_seniors/,https://v.redd.it/l09t20y2kfpf1,,1757986596.0,0.97,1730,0,:snoo_putback: Good Vibes :snoo_tongue:,australiughhh,175,False,0,False,text
MadeMeSmile,1nijnrq,South Carolina Spider-Man rescues couple stuck on waterfall,141,https://reddit.com/r/MadeMeSmile/comments/1nijnrq/south_carolina_spiderman_rescues_couple_stuck_on/,https://v.redd.it/qr43u3f9ijpf1,,1758034287.0,0.97,141,0,:snoo_putback: Helping Others :fixing:,nbcnews,16,False,0,False,text
MadeMeSmile,1niwbfa,Found a Unicorn Today,30,https://reddit.com/r/MadeMeSmile/comments/1niwbfa/found_a_unicorn_today/,https://i.redd.it/dya7g463vlpf1.jpeg,,1758062818.0,0.84,30,0,,fasada68,1,True,1,False,image
MadeMeSmile,1nihky8,(OC) trying to teach our 2mo how to howl so she can be a wolf for Halloween,151,https://reddit.com/r/MadeMeSmile/comments/1nihky8/oc_trying_to_teach_our_2mo_how_to_howl_so_she_can/,https://v.redd.it/hwtb10i04jpf1,,1758029481.0,0.9,151,0,,FatherFinance31,14,False,0,False,text
MadeMeSmile,1niise1,I love public transport now. Lol,101,https://reddit.com/r/MadeMeSmile/comments/1niise1/i_love_public_transport_now_lol/,https://v.redd.it/fne29rxw4jpf1,,1758032336.0,0.89,101,0,,crowbaited,12,False,0,False,text
MadeMeSmile,1nho50a,We recreated last year’s Christmas card (which was also our pregnancy announcement),8555,https://reddit.com/r/MadeMeSmile/comments/1nho50a/we_recreated_last_years_christmas_card_which_was/,https://www.reddit.com/gallery/1nho50a,,1757948246.0,0.98,8555,0,:snoo_hearteyes: Wholesome Moments :snoo_simple_smile:,Callme-risley,45,True,2,True,text
MadeMeSmile,1nij156,[OC] My Yia Yia signed off my birthday card with a cute drawing of herself,89,https://reddit.com/r/MadeMeSmile/comments/1nij156/oc_my_yia_yia_signed_off_my_birthday_card_with_a/,https://i.redd.it/n3v4gdpbejpf1.jpeg,,1758032873.0,0.96,89,0,:snoo_hearteyes: Wholesome Moments :snoo_simple_smile:,No-Insect9930,10,True,1,False,image
MadeMeSmile,1nincp8,Cat acting in Super Smash Brothers Ultimate Commercial,53,https://reddit.com/r/MadeMeSmile/comments/1nincp8/cat_acting_in_super_smash_brothers_ultimate/,https://v.redd.it/guer48sv1kpf1,,1758042519.0,0.69,53,0,:cat3: CATS :cat1:,EtrnlMngkyouSharngn,19,False,0,False,text
MadeMeSmile,1nilj3m,Maybe it was for them! :),60,https://reddit.com/r/MadeMeSmile/comments/1nilj3m/maybe_it_was_for_them/,https://i.redd.it/ip6bt22xujpf1.png,[https://www.reddit.com/r/Damnthatsinteresting/comments/1nil0gs/dog\_in\_mexico\_walks\_through\_parade\_for\_pope/?utm\_source=share&utm\_medium=web3x&utm\_name=web3xcss&utm\_term=1&utm\_content=share\_button](https://www.reddit.com/r/Damnthatsinteresting/comments/1nil0gs/dog_in_mexico_walks_through_parade_for_pope/?utm_source=share&utm_medium=web3x&utm_name=web3xcss&utm_term=1&utm_content=share_button),1758038463.0,0.89,60,0,,Kong_AZ,5,True,1,False,image
MadeMeSmile,1nhhkd5,Cows are waiting for their turn,17260,https://reddit.com/r/MadeMeSmile/comments/1nhhkd5/cows_are_waiting_for_their_turn/,https://v.redd.it/mtbp7h9cwapf1,,1757929969.0,0.99,17260,0,:snoo_hearteyes: Wholesome Moments :snoo_simple_smile:,darth_vader39,132,False,0,False,text
MadeMeSmile,1nhsddm,My mom made this basket to put in the bathroom at our wedding 🥹,2643,https://reddit.com/r/MadeMeSmile/comments/1nhsddm/my_mom_made_this_basket_to_put_in_the_bathroom_at/,https://i.redd.it/edqk8wxe6dpf1.jpeg,So thoughtful and made me smile. ,1757957570.0,0.98,2643,0,:smilingface2: Family & Friends :smilingface2:,Ill-Cat-2610,99,True,1,False,image
MadeMeSmile,1ni7it9,Dog thinks he’s a cat,369,https://reddit.com/r/MadeMeSmile/comments/1ni7it9/dog_thinks_hes_a_cat/,https://v.redd.it/fdt69h4c2gpf1,,1757995606.0,0.98,369,0,:puppywave: DOGGO,nutznboltsguy,12,False,0,False,text
MadeMeSmile,1nifrxh,Saving lives,78,https://reddit.com/r/MadeMeSmile/comments/1nifrxh/saving_lives/,https://v.redd.it/whyi7xcw5ipf1,,1758024892.0,1.0,78,0,:smilingface4: Favorite People :smilingface5:,Caratteraccio,4,False,0,False,text
MadeMeSmile,1nilvi6,Thirsty squirrel,34,https://reddit.com/r/MadeMeSmile/comments/1nilvi6/thirsty_squirrel/,https://v.redd.it/zbx50168xjpf1,We have windows in the roof and this squirrel likes to lick off the morning dew from time to time ,1758039229.0,0.91,34,0,,onlyonejan,3,False,0,False,text
MadeMeSmile,1nhm2mi,Mother corgi with baby corgi,4621,https://reddit.com/r/MadeMeSmile/comments/1nhm2mi/mother_corgi_with_baby_corgi/,https://v.redd.it/68rffs2d0cpf1,,1757943428.0,0.99,4621,0,:dog1: DOGS :dog1:,nugurimt,54,False,0,False,text
MadeMeSmile,1ni2itt,I am a shelter vet tech and met a kiddo named Oat,610,https://reddit.com/r/MadeMeSmile/comments/1ni2itt/i_am_a_shelter_vet_tech_and_met_a_kiddo_named_oat/,https://www.reddit.com/gallery/1ni2itt,,1757981284.0,0.99,610,0,:puppywave: DOGGO,MegaNymphia,21,True,2,True,text
MadeMeSmile,1nicv8b,(OC) He won't leave my side even at the bathroom 💖,102,https://reddit.com/r/MadeMeSmile/comments/1nicv8b/oc_he_wont_leave_my_side_even_at_the_bathroom/,https://i.redd.it/504ingm8yhpf1.jpeg,,1758015354.0,0.94,102,0,:cat3: CATS :cat1:,Scared-Bat-295,28,True,1,False,image
MadeMeSmile,1ninfaj,Wrong Michael Scott!,23,https://reddit.com/r/MadeMeSmile/comments/1ninfaj/wrong_michael_scott/,https://i.redd.it/p9zx0t8h7kpf1.png,,1758042676.0,0.72,23,0,,HonestAttraction,5,True,1,False,image
MadeMeSmile,1ni14b7,Kids making core memories,537,https://reddit.com/r/MadeMeSmile/comments/1ni14b7/kids_making_core_memories/,https://v.redd.it/pz9k3y3wtepf1,,1757977574.0,0.96,537,0,:smilingface2: Family & Friends :smilingface2:,Ramboryback,17,False,0,False,text
MadeMeSmile,1nhpktp,Sassy!,2017,https://reddit.com/r/MadeMeSmile/comments/1nhpktp/sassy/,https://v.redd.it/70qpj9c4ocpf1,,1757951418.0,0.94,2017,0,:snoo_putback: Good Vibes :snoo_tongue:,Commercial-Law-2229,49,False,0,False,text
MadeMeSmile,1nhv2ll,Getting my chimney cleaned today and the company texted me to tell me what my technician's hobbies are [OC],970,https://reddit.com/r/MadeMeSmile/comments/1nhv2ll/getting_my_chimney_cleaned_today_and_the_company/,https://i.redd.it/dzrhl620odpf1.jpeg,,1757963483.0,0.97,970,0,,YazPistachio19,88,True,1,False,image
MadeMeSmile,1ni5qe2,Quality Assurance Technician,217,https://reddit.com/r/MadeMeSmile/comments/1ni5qe2/quality_assurance_technician/,https://v.redd.it/jtkzh34pe8pf1,,1757990193.0,0.99,217,0,:cat3: CATS :cat1:,EtrnlMngkyouSharngn,5,False,0,False,text
MadeMeSmile,1ni0br6,"A little girl wanted some cake, and so it shall be",441,https://reddit.com/r/MadeMeSmile/comments/1ni0br6/a_little_girl_wanted_some_cake_and_so_it_shall_be/,https://v.redd.it/mt5hlxiunepf1,,1757975539.0,0.99,441,0,,bigbusta,11,False,0,False,text
MadeMeSmile,1nhxduy,BUSTED!!! 😮‍💨😮‍💨😮‍💨,583,https://reddit.com/r/MadeMeSmile/comments/1nhxduy/busted/,https://v.redd.it/4tiy7y743epf1,,1757968569.0,0.98,583,0,,Acceptable-Kale-8432,4,False,0,False,text
MadeMeSmile,1nhus35,Doggone it ... this is FUN!!,742,https://reddit.com/r/MadeMeSmile/comments/1nhus35/doggone_it_this_is_fun/,https://v.redd.it/t5ny012ykdpf1,,1757962855.0,0.99,742,0,:dog1: DOGS :dog1:,blonderengel,24,False,0,False,text
MadeMeSmile,1nhoz9t,An anteater playing with its caretaker.,1197,https://reddit.com/r/MadeMeSmile/comments/1nhoz9t/an_anteater_playing_with_its_caretaker/,https://v.redd.it/n79r9tylkbpf1,,1757950097.0,0.98,1197,0,:orly:ANIMALS :sloth:,AdResponsible1617,111,False,0,False,text
MadeMeSmile,1nhbahy,The ice cream man passed away and every ice cream truck pulled up like it was a final parade,12544,https://reddit.com/r/MadeMeSmile/comments/1nhbahy/the_ice_cream_man_passed_away_and_every_ice_cream/,https://v.redd.it/dktwwbs309pf1,,1757907022.0,0.99,12544,0,:snoo_hearteyes: Wholesome Moments :snoo_simple_smile:,Svoles,80,False,0,False,text
MadeMeSmile,1nh6pa2,Good people still exist,53366,https://reddit.com/r/MadeMeSmile/comments/1nh6pa2/good_people_still_exist/,https://i.redd.it/n4kkzbozo7pf1.jpeg,,1757893730.0,0.99,53366,0,,HondaForever84,169,True,1,False,image
MadeMeSmile,1nhhlp1,[OC] My 85-Year-Old Grandpa's Hilarious Internet Misadventure with the Golden Girls!,2258,https://reddit.com/r/MadeMeSmile/comments/1nhhlp1/oc_my_85yearold_grandpas_hilarious_internet/,https://i.redd.it/nwddmt7bwapf1.jpeg,"So, my grandpa now has a phone after insisting he would never get one, never trusting ""these new things"".

Me and my sister tho got him a smartphone for his birthday, more in case of emergencies, like he has a fall and needs help. We have tho been teaching him how to use it.  After a few weeks he had worked out how to send a text on his own, which was great.

Recently we have been trying to teach him how to use the internet, so he can get the news, sports results etc.

Today I got this gem from him, guess he may have stumbled on to a site he wasn't expecting!  The emoji especially made me giggle. I can just picture him squinting at his phone, trying to navigate the internet to get his dose of Blanche, Rose, Dorothy, and Sophia, only to end up somewhere way out of his comfort zone!

He's been a Golden Girls superfan forever, and the idea of him accidentally clicking into some sketchy corner of the web is both adorable and hilarious.  Got to love his use of emoji too.

Just had to share this because it made me laugh. I'm now popping over later to help set up a safe streaming app for his favorite show. 

Anyone else have a wholesome grandparent tech story?",1757930112.0,0.99,2258,0,,mooroonic,71,True,1,False,image
MadeMeSmile,1ni7fy1,Nothing just best friends laughing at each other,76,https://reddit.com/r/MadeMeSmile/comments/1ni7fy1/nothing_just_best_friends_laughing_at_each_other/,https://v.redd.it/g4wlg1y40bpf1,,1757995351.0,0.9,76,0,,-imjustalittleguy-,4,False,0,False,text
MadeMeSmile,1nhqgh8,Little princess,636,https://reddit.com/r/MadeMeSmile/comments/1nhqgh8/little_princess/,https://v.redd.it/yjhqyqextcpf1,,1757953371.0,1.0,636,0,:snoo_hearteyes: Wholesome Moments :snoo_simple_smile:,darth_vader39,7,False,0,False,text
MadeMeSmile,1nhj3gs,"My grandmother turned 100 on Saturday, September 13!! 🥳 yay for her!!!",1442,https://reddit.com/r/MadeMeSmile/comments/1nhj3gs/my_grandmother_turned_100_on_saturday_september/,https://i.redd.it/vtqh2x11cbpf1.jpeg,,1757935243.0,0.99,1442,0,:smilingface2: Family & Friends :smilingface2:,FunkyGabrielle,49,True,1,False,image
MadeMeSmile,1nh2p9v,"My great-aunt turned 100 today and to celebrate, she wanted to dance on her birthday!",37957,https://reddit.com/r/MadeMeSmile/comments/1nh2p9v/my_greataunt_turned_100_today_and_to_celebrate/,https://v.redd.it/qzrfbr6427pf1,,1757883482.0,0.98,37957,0,:smilingface2: Family & Friends :smilingface2:,Intelligent_Finger88,241,False,0,False,text
MadeMeSmile,1nh8g1n,First zipper sewn.  Adult daughter had shoulder fusion surgery and now needs all of her clothing converted to single mobile arm donning.,6964,https://reddit.com/r/MadeMeSmile/comments/1nh8g1n/first_zipper_sewn_adult_daughter_had_shoulder/,https://www.reddit.com/gallery/1nh8g1n,"Thank you YouTube for how to videos, and to the library which has Brother CS6000i sewing machines complete with zipper feet.  I mostly sew dog food bags, upcycling them into reusable totes and I don’t really care what they look like.  I need to use some backing material for the next one, on the collar and hem areas",1757898682.0,0.99,6964,0,:jokerdance: Personal Win :jokerdancemirror:,rockstar_not,85,True,8,True,text
MadeMeSmile,1nhss2d,Lost dog owner posted a picture of her dog because he ran away from home and 30 minutes later a neighbor sent a video of him enjoying a concert with strangers..🐕🐾🎶🎷🎸😅,283,https://reddit.com/r/MadeMeSmile/comments/1nhss2d/lost_dog_owner_posted_a_picture_of_her_dog/,https://v.redd.it/0hmwce76tbpf1,,1757958475.0,0.98,283,0,,mikeywithoneeye,7,False,0,False,text
MadeMeSmile,1nhqf35,"Get zoomin, get happy",362,https://reddit.com/r/MadeMeSmile/comments/1nhqf35/get_zoomin_get_happy/,https://v.redd.it/b387vbeitcpf1,,1757953283.0,0.98,362,0,:dog1: DOGS :dog1:,Paladjordan,7,False,0,False,text
MadeMeSmile,1nh9rtc,The dad was waiting his whole life for that.,4531,https://reddit.com/r/MadeMeSmile/comments/1nh9rtc/the_dad_was_waiting_his_whole_life_for_that/,https://i.redd.it/8o02dkrpm8pf1.jpeg,,1757902516.0,0.99,4531,0, :cakeday: :downvote:Very Reddit:upvote: :cakeday:,Sebastianlim,17,True,1,False,image
MadeMeSmile,1nh98dh,"My nephew asked for a switch cake for his birthday. Apparently I misunderstood the assignment. (Just kidding, had to prank the kid first.)",4285,https://reddit.com/r/MadeMeSmile/comments/1nh98dh/my_nephew_asked_for_a_switch_cake_for_his/,https://www.reddit.com/gallery/1nh3fg1,,1757900952.0,0.99,4285,0,,Scorpio_SSO,51,False,0,False,text
MadeMeSmile,1nh3c7b,Nothing but just two buddies laughing at each other,12558,https://reddit.com/r/MadeMeSmile/comments/1nh3c7b/nothing_but_just_two_buddies_laughing_at_each/,https://v.redd.it/lqhpe7sl67pf1,,1757884994.0,0.99,12558,0,:snoo_hearteyes: Wholesome Moments :snoo_simple_smile:,ChaoticBlueShells,78,False,0,False,text
MadeMeSmile,1nhyfm9,Double rainbow!,97,https://reddit.com/r/MadeMeSmile/comments/1nhyfm9/double_rainbow/,https://i.redd.it/ncbudqc6aepf1.jpeg,"September here in the UK means the steady shortening of days and the changing weather as we try to hold on to a few more days of sun and summer clothes.

We were at the pub beer garden and a flash rain storm hit us. As it passes there was a massive double rainbow.

See you next year summer.",1757970941.0,0.96,97,0,,latro666,13,True,1,False,image
MadeMeSmile,1nhe9yd,"The right ""wrong"" number",1437,https://reddit.com/r/MadeMeSmile/comments/1nhe9yd/the_right_wrong_number/,https://v.redd.it/5d5sg417u9pf1,,1757917142.0,0.99,1437,0,,HerpesIsItchy,51,False,0,False,text
MadeMeSmile,1nhxe6m,So #wholesome 🐘❤️‍🩹,100,https://reddit.com/r/MadeMeSmile/comments/1nhxe6m/so_wholesome/,https://v.redd.it/eqkiucve0epf1,,1757968590.0,0.95,100,0,,Acceptable-Kale-8432,4,False,0,False,text
MadeMeSmile,1ni6oc1,$20 says my lovely wife will remain forever oblivious to my latest bout of immaturity,25,https://reddit.com/r/MadeMeSmile/comments/1ni6oc1/20_says_my_lovely_wife_will_remain_forever/,https://i.redd.it/vnuja26b9fpf1.jpeg,,1757992983.0,0.71,25,0,,TheMainM0d,10,True,1,False,image
MadeMeSmile,1nhzeag,When you hang out together too much,71,https://reddit.com/r/MadeMeSmile/comments/1nhzeag/when_you_hang_out_together_too_much/,https://v.redd.it/pe9dn8cacepf1,,1757973309.0,0.93,71,0,,delafarles,6,False,0,False,text
MadeMeSmile,1ngy7fi,Donkey love kisses,18933,https://reddit.com/r/MadeMeSmile/comments/1ngy7fi/donkey_love_kisses/,https://v.redd.it/52phqdeu66pf1,,1757872967.0,0.99,18933,0,:snoo_hearteyes: Wholesome Moments :snoo_simple_smile:,darth_vader39,122,False,0,False,text
MadeMeSmile,1nj9mhw,"Since the summer holiday has ended, Dutchies get escorted back to their country 🇩🇪 🇳🇱",0,https://reddit.com/r/MadeMeSmile/comments/1nj9mhw/since_the_summer_holiday_has_ended_dutchies_get/,https://v.redd.it/5rrkzey5klpf1,,1758105646.0,0.32,0,0,,DilithiumCrystals,3,False,0,False,text
MadeMeSmile,1nhy99d,Rescued a lizard stuck in my fence,76,https://reddit.com/r/MadeMeSmile/comments/1nhy99d/rescued_a_lizard_stuck_in_my_fence/,https://v.redd.it/3ykbdqaq8epf1,I noticed my dog being obsessed with something near the fence. Found this poor little dude stuck. Got him freed with a pair of pliers ,1757970536.0,0.97,76,0,,1000dreams_within_me,4,False,0,False,text
MadeMeSmile,1nhvxot,She knows,67,https://reddit.com/r/MadeMeSmile/comments/1nhvxot/she_knows/,https://www.reddit.com/gallery/1nhvxot,Lola is not allowed in the kitchen during dinner she know the limit she’s a good girl. ,1757965389.0,0.93,67,0,,Penguins060,5,True,2,True,text
MadeMeSmile,1ngpuqc,Woman is greeted everyday by a stray dog who became her friend when she opens her shop 🥹,94761,https://reddit.com/r/MadeMeSmile/comments/1ngpuqc/woman_is_greeted_everyday_by_a_stray_dog_who/,https://v.redd.it/l5ib1o3lh4pf1,,1757852372.0,0.97,94761,0,:puppywave: DOGGO,Strict_Photograph254,511,False,0,False,text
MadeMeSmile,1nioln8,Emotional support horse,0,https://reddit.com/r/MadeMeSmile/comments/1nioln8/emotional_support_horse/,https://v.redd.it/zdbbdcg1fkpf1,,1758045219.0,0.49,0,0,,HerpesIsItchy,21,False,0,False,text
MadeMeSmile,1nh23dx,Owen Cooper gets surprised by Jake Gyllenhaal (his favorite actor) prior to the Emmys,4073,https://reddit.com/r/MadeMeSmile/comments/1nh23dx/owen_cooper_gets_surprised_by_jake_gyllenhaal_his/,https://v.redd.it/fxibhlppx6pf1,,1757882031.0,0.98,4073,0,:snoo_hearteyes: Wholesome Moments :snoo_simple_smile:,mcfw31,111,False,0,False,text
MadeMeSmile,1nh7rek,"Tramell Tillman wins Best Supporting Actor in a Drama Series for ‘Severance’ at the Emmys and he honors his mother in his speech: ‘Momma, you were there for me when no one else was and when no else showed up’",1854,https://reddit.com/r/MadeMeSmile/comments/1nh7rek/tramell_tillman_wins_best_supporting_actor_in_a/,https://v.redd.it/ek33zaqe58pf1,,1757896701.0,0.99,1854,0,:snoo_hearteyes: Wholesome Moments :snoo_simple_smile:,mcfw31,39,False,0,False,text
MadeMeSmile,1nht27n,My smiling fridge friends make me smile every time I look at them.,71,https://reddit.com/r/MadeMeSmile/comments/1nht27n/my_smiling_fridge_friends_make_me_smile_every/,https://i.redd.it/t63w9inyadpf1.jpeg,,1757959100.0,0.95,71,0,:snoo_putback: Good Vibes :snoo_tongue:,OpulentOwl,3,True,1,False,image
MadeMeSmile,1ni87r3,Thought this might work here,7,https://reddit.com/r/MadeMeSmile/comments/1ni87r3/thought_this_might_work_here/,https://www.reddit.com/r/90s/comments/1nhy2lv/what_product_screams_90s/nef2jex/,,1757997912.0,0.69,7,0,,lovesickjones,7,False,0,False,text
MadeMeSmile,1nhpt5s,(OC) Ferrets falling asleep is literally the cutest thing ❤️,60,https://reddit.com/r/MadeMeSmile/comments/1nhpt5s/oc_ferrets_falling_asleep_is_literally_the_cutest/,https://v.redd.it/gjpcuidnpcpf1,,1757951937.0,1.0,60,0,:orly:ANIMALS :sloth:,KevFive,7,False,0,False,text
MadeMeSmile,1ngru4a,Friendly old man walks with his pet tortoise in Japan!,8543,https://reddit.com/r/MadeMeSmile/comments/1ngru4a/friendly_old_man_walks_with_his_pet_tortoise_in/,https://v.redd.it/7apa6nywx4pf1,@ananya.ray,1757857858.0,0.99,8543,0,:orly:ANIMALS :sloth:,pikahetti,69,False,0,False,text
MadeMeSmile,1nhjf48,Cute little creatures,129,https://reddit.com/r/MadeMeSmile/comments/1nhjf48/cute_little_creatures/,https://v.redd.it/n8k5hmz3fbpf1,"I can't really tell what animal this is, but this was adorable, it made me smile. ",1757936281.0,0.99,129,0,,degausser187,4,False,0,False,text
MadeMeSmile,1nguqto,Waving to the kids at the University of Iowa children’s hospital after the 1st quarter is truly the best tradition in college sports.,4546,https://reddit.com/r/MadeMeSmile/comments/1nguqto/waving_to_the_kids_at_the_university_of_iowa/,https://v.redd.it/v99kedkbi4pf1,,1757865003.0,0.99,4546,0,,ImpinAintEZ_,19,False,0,False,text
MadeMeSmile,1nhnbhe,Costume looks a bit too much like a stuffed animal… must play,66,https://reddit.com/r/MadeMeSmile/comments/1nhnbhe/costume_looks_a_bit_too_much_like_a_stuffed/,https://v.redd.it/v52uzp119cpf1,,1757946358.0,0.95,66,0,,PlethoraOfTrinkets,9,False,0,False,text
MadeMeSmile,1nhhhyg,I have a brother like him.,148,https://reddit.com/r/MadeMeSmile/comments/1nhhhyg/i_have_a_brother_like_him/,https://v.redd.it/93qremf5i9pf1,,1757929723.0,0.94,148,0,,Gloomy_Pineapple_836,19,False,0,False,text
MadeMeSmile,1nhn6es,This delightful old Hadza woman looks like she's been wearing a smile forever,61,https://reddit.com/r/MadeMeSmile/comments/1nhn6es/this_delightful_old_hadza_woman_looks_like_shes/,https://v.redd.it/98v5o7348cpf1,,1757946036.0,0.75,61,0,,Prestigious-Wall5616,26,False,0,False,text
MadeMeSmile,1nh082a,Satisfaction for both,1894,https://reddit.com/r/MadeMeSmile/comments/1nh082a/satisfaction_for_both/,https://v.redd.it/bl3ag5guk6pf1,,1757877681.0,0.99,1894,0,,misterxx1958,48,False,0,False,text
MadeMeSmile,1ngqr38,My friend and I dressed up as abuelitas to run our first 5K,5377,https://reddit.com/r/MadeMeSmile/comments/1ngqr38/my_friend_and_i_dressed_up_as_abuelitas_to_run/,https://www.reddit.com/gallery/1ngqr38,,1757854960.0,0.98,5377,0,,Chanclaphobia,74,True,2,True,text
MadeMeSmile,1nhqs5e,Isn’t it [OC],33,https://reddit.com/r/MadeMeSmile/comments/1nhqs5e/isnt_it_oc/,https://i.redd.it/yhsfoit2wcpf1.jpeg,"Saw this guy walking in front of me the other day. Was lost in thoughts, was so strange to see something pop up.",1757954093.0,0.77,33,0,,hikmaet,9,True,1,False,image
MadeMeSmile,1nhjxw0,this view from train made me smile,58,https://reddit.com/r/MadeMeSmile/comments/1nhjxw0/this_view_from_train_made_me_smile/,https://i.redd.it/tih3x10ojbpf1.jpeg,"rains, clouds clashing mountains, a landscape, all passing by.., joy of lil things:)",1757937818.0,0.93,58,0,,secretlyswos,5,True,1,False,image
MadeMeSmile,1ngpeiw,asking their teachers to sign old photos of themselves,4846,https://reddit.com/r/MadeMeSmile/comments/1ngpeiw/asking_their_teachers_to_sign_old_photos_of/,https://v.redd.it/6ojd94lzc4pf1,,1757851017.0,0.99,4846,0,:snoo_hearteyes: Wholesome Moments :snoo_simple_smile:,bewarethechameleon,125,False,0,False,text
MadeMeSmile,1nggjzq,Owner decided to test their cat’s intelligence.,96358,https://reddit.com/r/MadeMeSmile/comments/1nggjzq/owner_decided_to_test_their_cats_intelligence/,https://v.redd.it/p7ftbgj0t1pf1,,1757819889.0,0.97,96358,0,:cat3: CATS :cat1:,Sebastianlim,503,False,0,False,text
MadeMeSmile,1ngwaz9,Seems like crows are better at managing garbage than us human beings.,1313,https://reddit.com/r/MadeMeSmile/comments/1ngwaz9/seems_like_crows_are_better_at_managing_garbage/,https://i.redd.it/pi827zfvt5pf1.jpeg,,1757868605.0,0.99,1313,0,:orly:ANIMALS :sloth:,aoi_ringo,29,True,1,False,image
MadeMeSmile,1ngkdh7,Can't even complain.....,8717,https://reddit.com/r/MadeMeSmile/comments/1ngkdh7/cant_even_complain/,https://v.redd.it/66zj20ubw2pf1,,1757833136.0,0.98,8717,0,:puppywave: DOGGO,funnyfew72,50,False,0,False,text
MadeMeSmile,1ngiyyj,Bear Race? I think not!,12864,https://reddit.com/r/MadeMeSmile/comments/1ngiyyj/bear_race_i_think_not/,https://i.redd.it/vjo7bviah2pf1.jpeg,,1757828080.0,0.99,12864,0,,HonestAttraction,42,True,1,False,image
MadeMeSmile,1nh4u1z,Reverse Panhandle.,410,https://reddit.com/r/MadeMeSmile/comments/1nh4u1z/reverse_panhandle/,https://v.redd.it/r7ei0nmnh7pf1,,1757888708.0,0.93,410,0,,HerpesIsItchy,24,False,0,False,text
MadeMeSmile,1nhdfws,Spotted on a country road in Cumbria 🌈,104,https://reddit.com/r/MadeMeSmile/comments/1nhdfws/spotted_on_a_country_road_in_cumbria/,https://i.redd.it/vu0chvw6l9pf1.jpeg,"The stupid birds in question were two peacocks, one in full colour, the other completely white from beak to flaw",1757914112.0,0.98,104,0,,Existing_Physics_888,3,True,1,False,image
MadeMeSmile,1ngqrzc,Rosie the golden meeting a new pal! 😍,2029,https://reddit.com/r/MadeMeSmile/comments/1ngqrzc/rosie_the_golden_meeting_a_new_pal/,https://v.redd.it/jyw3jmvhp4pf1,,1757855029.0,0.99,2029,0,:dog1: DOGS :dog1:,vladgrinch,37,False,0,False,text
MadeMeSmile,1nhd5wy,Humpback whale in Maui with calf,101,https://reddit.com/r/MadeMeSmile/comments/1nhd5wy/humpback_whale_in_maui_with_calf/,https://v.redd.it/am2nrlg8i9pf1,,1757913121.0,1.0,101,0,:orly:ANIMALS :sloth:,EtrnlMngkyouSharngn,2,False,0,False,text
MadeMeSmile,1nhbys5,[OC] my feral kitty who hates everyone started to loaf around me and my big scary dog! Progress!,113,https://reddit.com/r/MadeMeSmile/comments/1nhbys5/oc_my_feral_kitty_who_hates_everyone_started_to/,https://i.redd.it/8stzmspc69pf1.png,"Btw she's not like abused or anything, we bought her for 5$ from a barn because we have a mouse problem (country house) and she likes to come inside to terrorize us and occasionally nap on our couch 😹",1757909121.0,1.0,113,0,:snoo_hearteyes: Wholesome Moments :snoo_simple_smile:,Comprehensive-Dig235,5,True,1,False,image
MadeMeSmile,1nhfuid,[OC] this potted plant fixed to a crane,45,https://reddit.com/r/MadeMeSmile/comments/1nhfuid/oc_this_potted_plant_fixed_to_a_crane/,https://v.redd.it/1lme29n2capf1,Made me smile seeing such a gentle thing fixed to such an aggressive looking machine. ,1757923159.0,0.91,45,0,,toxicwaste95,4,False,0,False,text
MadeMeSmile,1nheatf,"Brush-tailed bettongs are back from the brink: imagine a marsupial the size of a guinea pig, with big eyes, tiny paws, and a prehensile tail it uses to carry grass like a handbag.",57,https://reddit.com/r/MadeMeSmile/comments/1nheatf/brushtailed_bettongs_are_back_from_the_brink/,https://thepostsa.au/environment/2025/09/11/back-from-the-brink-yorke-peninsulas-comeback-gets-furry/?utm_medium=email&utm_campaign=SA%20Top%20Picks%20%2015%20September%202025&utm_content=SA%20Top%20Picks%20%2015%20September%202025+CID_a4a4ab5865767e880f059ce16a518fdd&utm_source=EDM&utm_term=READ%20MORE%20AT%20THE%20POST,,1757917233.0,0.97,57,0,:orly:ANIMALS :sloth:,CapnFancyPants,3,False,0,False,text
MadeMeSmile,1nh3iul,"Whatever happens, happens for a good reason.",254,https://reddit.com/r/MadeMeSmile/comments/1nh3iul/whatever_happens_happens_for_a_good_reason/,https://v.redd.it/6yk43kfx77pf1,,1757885438.0,0.95,254,0,:snoo_putback: Good Vibes :snoo_tongue:,1m_d0n3_c4r1ng,12,False,0,False,text
MadeMeSmile,1nhbr6u,Woman is greeted everyday by a stray dog who became her friend when she opens her shop,75,https://reddit.com/r/MadeMeSmile/comments/1nhbr6u/woman_is_greeted_everyday_by_a_stray_dog_who/,https://v.redd.it/fsbjxpv829pf1,,1757908468.0,0.91,75,0,:puppywave: DOGGO,nutznboltsguy,4,False,0,False,text
MadeMeSmile,1ngmvq1,Endless fun for this doggo,1973,https://reddit.com/r/MadeMeSmile/comments/1ngmvq1/endless_fun_for_this_doggo/,https://v.redd.it/zfbwgsspn3pf1,,1757842323.0,0.99,1973,0,,Prestigious-Wall5616,34,False,0,False,text
MadeMeSmile,1ngt4z3,Lil shark,716,https://reddit.com/r/MadeMeSmile/comments/1ngt4z3/lil_shark/,https://v.redd.it/1rluqq1q75pf1,Source: chicca_le_sue_gattine_e_minnie,1757861169.0,0.99,716,0,:puppywave: DOGGO,humankendoll33,14,False,0,False,text
MadeMeSmile,1ngzaja,Making magic,336,https://reddit.com/r/MadeMeSmile/comments/1ngzaja/making_magic/,https://v.redd.it/2j4qch7de6pf1,,1757875496.0,0.99,336,0,:snoo_hearteyes: Wholesome Moments :snoo_simple_smile:,copitamenstrual,12,False,0,False,text
MadeMeSmile,1nh3oc0,got a job- mid flight ✈️ 🍹,186,https://reddit.com/r/MadeMeSmile/comments/1nh3oc0/got_a_job_mid_flight/,https://v.redd.it/lz5h5hl197pf1,,1757885813.0,0.93,186,0,,Acceptable-Kale-8432,18,False,0,False,text
MadeMeSmile,1ng9ekd,A Rescued Chimpanzee Who Now Lives Free Recognizes His Former Caregiver After Years Apart,33984,https://reddit.com/r/MadeMeSmile/comments/1ng9ekd/a_rescued_chimpanzee_who_now_lives_free/,https://v.redd.it/zxc2t11930pf1,,1757799249.0,0.98,33984,0,:orly:ANIMALS :sloth:,RealRock_n_Rolla,545,False,0,False,text
MadeMeSmile,1nhbi3u,“No opener” 😂 (Vulfpeck at MSG 9/13/25),53,https://reddit.com/r/MadeMeSmile/comments/1nhbi3u/no_opener_vulfpeck_at_msg_91325/,https://v.redd.it/kms80s04s8pf1,,1757907673.0,0.9,53,0,:snoo_hearteyes: Wholesome Moments :snoo_simple_smile:,renduh,8,False,0,False,text
MadeMeSmile,1ngxp7k,Awwwww,304,https://reddit.com/r/MadeMeSmile/comments/1ngxp7k/awwwww/,https://v.redd.it/8sdid44e36pf1,,1757871805.0,0.98,304,0,,EtrnlMngkyouSharngn,18,False,0,False,text
MadeMeSmile,1nh39cu,Cuteness overload,146,https://reddit.com/r/MadeMeSmile/comments/1nh39cu/cuteness_overload/,https://v.redd.it/489sjc2167pf1,TikTok: @blueplanetpets,1757884805.0,0.98,146,0,,Indieriots,4,False,0,False,text
MadeMeSmile,1ngz48a,Chiropractor in training,241,https://reddit.com/r/MadeMeSmile/comments/1ngz48a/chiropractor_in_training/,https://v.redd.it/cxg9dsbnr5pf1,,1757875082.0,0.98,241,0,,EtrnlMngkyouSharngn,3,False,0,False,text
MadeMeSmile,1nhavp3,Owen Cooper gets surprised by Jake Gyllenhaal (his favorite actor) prior to the Emmys,48,https://reddit.com/r/MadeMeSmile/comments/1nhavp3/owen_cooper_gets_surprised_by_jake_gyllenhaal_his/,https://v.redd.it/d6lgdxo9d6pf1,,1757905769.0,0.92,48,0,,cleverinspiringname,2,False,0,False,text
MadeMeSmile,1nggfsl,"A father got a tattoo that mirrors the scar on his young son’s chest, a mark from life-saving surgery for congenital heart disease.",4029,https://reddit.com/r/MadeMeSmile/comments/1nggfsl/a_father_got_a_tattoo_that_mirrors_the_scar_on/,https://www.reddit.com/gallery/1nggfsl,,1757819521.0,0.98,4029,0,,Rook8811,50,True,3,True,text
MadeMeSmile,1nh0tp4,Women rugby world cup : an English player gifts the referees homemade crochet after the game,142,https://reddit.com/r/MadeMeSmile/comments/1nh0tp4/women_rugby_world_cup_an_english_player_gifts_the/,https://v.redd.it/561ikwpdm6pf1,,1757879076.0,0.96,142,0,,Goanawz,6,False,0,False,text
MadeMeSmile,1nh4dn6,Dad came to life when the music hit 😂❤️,91,https://reddit.com/r/MadeMeSmile/comments/1nh4dn6/dad_came_to_life_when_the_music_hit/,https://v.redd.it/n1slidln97pf1,,1757887542.0,0.92,91,0,,mikeywithoneeye,2,False,0,False,text
MadeMeSmile,1ngscvo,A kid mimicking his favourite human,287,https://reddit.com/r/MadeMeSmile/comments/1ngscvo/a_kid_mimicking_his_favourite_human/,https://v.redd.it/knjsb7kx15pf1,,1757859209.0,0.98,287,0,:snoo_putback: Good Vibes :snoo_tongue:,Anschuz-3009,9,False,0,False,text
MadeMeSmile,1nh0bq6,Who are you?,106,https://reddit.com/r/MadeMeSmile/comments/1nh0bq6/who_are_you/,https://v.redd.it/nogb17n71sof1,,1757877925.0,0.89,106,0,:jokerdance: Personal Win :jokerdancemirror:,EtrnlMngkyouSharngn,6,False,0,False,text
MadeMeSmile,1nfyq8d,"If you can be anything, be kind.",70545,https://reddit.com/r/MadeMeSmile/comments/1nfyq8d/if_you_can_be_anything_be_kind/,https://i.redd.it/ur7609nhyxof1.jpeg,,1757773302.0,0.97,70545,0,:snoo_hearteyes: Wholesome Moments :snoo_simple_smile:,aoi_ringo,217,True,1,False,image
MadeMeSmile,1ngxuc7,#Goals to grow old,111,https://reddit.com/r/MadeMeSmile/comments/1ngxuc7/goals_to_grow_old/,https://v.redd.it/ex9azquptrof1,,1757872133.0,0.97,111,0,:snoo_hearteyes: Wholesome Moments :snoo_simple_smile:,EtrnlMngkyouSharngn,2,False,0,False,text
