subreddit,post_id,post_title,post_score,post_url,post_content_url,post_text,timestamp,post_upvote_ratio,post_ups,post_total_awards_received,post_link_flair_text,post_author,post_num_comments,has_images,num_images,is_gallery,content_type
MakeupAddiction,1npihnz,Holy Grail Voting 2025: MIDRANGE,82,https://reddit.com/r/MakeupAddiction/comments/1npihnz/holy_grail_voting_2025_midrange/,https://www.reddit.com/r/MakeupAddiction/comments/1npihnz/holy_grail_voting_2025_midrange/,"Its time to comment and vote for your favorite **MIDRANGE** beauty items for 2025! This can be new releases and old favorites.

Please see additional information below.

**How To:**

* We will post product types as **parent comments**
* Name your favorite product in a comment **underneath each category/parent comment**

**PLEASE:**

* Only one product per comment
* Upvote your favorite products
* If someone has already posted your favorite product, upvote that comment instead of posting your comment
* Include specific shade/color when applicable (lipstick shades, blush color etc.)

**\*\*Double check that the product you comment has not been discontinued!\*\***

(Examples of brands that have closed: Coastal Scents, Jordana, Jaclyn Hill Cosmetics, Makeup Geek)

**Drugstore vs Midrange vs High End:**

* **Drugstore**: Mass/drugstore brands usually are released with wide distribution at accessible price points and designed for a large audience. Ex. Loreal, Maybelline, Revlon, Milani, Morphe, ColourPop
* **Mid-range**: Straddle the line between drugstore and high end. Ex. Urban Decay, Stila, Too Faced, Makeup Forever, MAC, Rare Beauty
* **High-end**: Niche, unapologetically expensive, and have more limited distribution/retail presence than mass brands. Also associated with high end fashion brands. Ex. Tom Ford, Chanel, Dior, Giorgio Armani, Cle de Peau, Chantecaille

**Make sure to also comment and upvote in the other 2025 Holy Grail Lists!:**

* [Drugstore](https://www.reddit.com/r/MakeupAddiction/comments/1ncmdp6/holy_grail_voting_2025_drugstore/)

",1758735122.0,0.99,82,0,,JackieRose29,416,False,0,False,text
MakeupAddiction,1nnhf4t,"""Does this match?"" Monday",2,https://reddit.com/r/MakeupAddiction/comments/1nnhf4t/does_this_match_monday/,https://www.reddit.com/r/MakeupAddiction/comments/1nnhf4t/does_this_match_monday/,"**Happy Monday!!** 

Please use this pinned weekly thread to discuss your shade matches, near matches, and seek advice on shade matching! Foundation, concealer, and any other makeup products that need a shade match are all up for discussion. You can post your photos as comments as well. This is a super casual thread and most rules are relaxed, but still be kind to yourselves and one another!

  
We're trying out some regular themed posts. Please [message the mods](https://www.reddit.com/message/compose?to=r/MakeupAddiction) to give us your feedback!",1758531711.0,1.0,2,0,,AutoModerator,1,False,0,False,text
MakeupAddiction,1npiz4a,do you like this makeup look i did today?,816,https://reddit.com/r/MakeupAddiction/comments/1npiz4a/do_you_like_this_makeup_look_i_did_today/,https://www.reddit.com/gallery/1npiz4a,,1758736241.0,0.98,816,0,FOTD,possumpssy,102,True,2,True,text
MakeupAddiction,1npbfj5,My favorite eye makeup I’ve ever done,538,https://reddit.com/r/MakeupAddiction/comments/1npbfj5/my_favorite_eye_makeup_ive_ever_done/,https://i.redd.it/zr0helbj14rf1.jpeg,,1758718662.0,0.99,538,0,,AyoAndee,16,True,1,False,image
MakeupAddiction,1npjfmk,Mermaid inspired eyeshadow look,181,https://reddit.com/r/MakeupAddiction/comments/1npjfmk/mermaid_inspired_eyeshadow_look/,https://www.reddit.com/gallery/1npjfmk,"Pallets and shades used:
Morphe: Desert bouquet
Shades: phoenix flora

Color fusion: over the rainbow
Shades are not named

Morphe:cyber chrome
Shades: crossed wires

Shellwe makeup: present highlighter pallet 
Shades not named

I also used brown tarte tubing mascara, I highly recommend it!

Im planning on being a siren/mermaid for halloween and this is a potential eyeshadow look I might do
",1758737300.0,1.0,181,0,FOTD,Soup_Gremlin,4,True,3,True,text
MakeupAddiction,1npio2w,i went to the kali uchis concert!!💖🪽,115,https://reddit.com/r/MakeupAddiction/comments/1npio2w/i_went_to_the_kali_uchis_concert/,https://www.reddit.com/gallery/1npio2w,"i just want to start off by saying i took these pics with my 2010 or 2011 nikon coolpix S9300 and i know im a duck lip warrior 😩😭 it’s just me and her against the world fr 

anyways! i traveled to chicago on monday almost right after school (let’s all pray i did well on my physiology exam) so i didnt have the time to do the kind of look i wanted , but im still happy with how my makeup came out! 

last pic is the outfit i wore, i wasnt really able to follow the “dress code” bc i didnt really have anything like that in my closet and im trying to be more responsible which means not spending money on an entire new outfit for a concert 🥲

i cant remember if photos are allowed in the comments or not but if they are, i would love to see the makeup looks and outfits of those who attend the kali concert ☺️

PRODUCTS 

liquid complexion

* danessa myricks - yummy skin water powder serum 

* too faced born this way concealer - shade chestnut 

* nars radiant creamy concealer - shade caramel 

* charlotte tilbury hollywood flawless filter - shade 6.5

* saie sun melt natural cream bronzer - shade deep bronze 

* glossier cloud paint gel blush - shade puff 

* juvias place liquid blush - shade marigold 

* tarte shape tape concealer - shade 22B light beige

* urban decay all nighter setting spray (OG formula)  


powder complexion

* juvias place bronzed palette - shade dark 

* beauty n beats cosmetics blush palette (small business in MI, this product probably doesn’t exist anymore cause it’s like 5 years old lol) 

* maybelline fit me blush - shade 55, berry baie 

* maybelline fit me pressed powder - shade 235, pure beige 

* one size ultimate setting powder - shade translucent 

* rare beauty powder highlighter - shade flaunt 



brows

* 24 hr brow setter by benefit 

* nyx micro brow pencil - shade espresso 

* nyx lift and snatch brow tint pen - shade espresso 


lips

* charlotte tilbury pillow talk lip liner - shade 3 intense 

* mac lip pencil - shade chestnut 

* mac satin lipstick - shade creme d’nude 

* sephora ultra shine lip gel (discontinued) - shade baby doll 

* saie glossy bounce - shade disco 

p.s. you definitely don’t need to use all these products to achieve the lip combo lol 
",1758735538.0,0.99,115,0,,Impressive_Ad2189,3,True,3,True,text
MakeupAddiction,1npf4ev,Makeup look for a wedding this weekend!,158,https://reddit.com/r/MakeupAddiction/comments/1npf4ev/makeup_look_for_a_wedding_this_weekend/,https://www.reddit.com/gallery/1npf4ev,"Primer: Benefit Porefessional
Foundation: MAC SPF15
Concealer: Maybelline Fit Me
Eyeliner: Wet n Wild Breakup Proof 
Mascara: Essence Lash Princess
Eyeshadow: Colourpop Fade into hue
Lipstick: Maybelline Superstay Matte Ink Voyager
Blush: NARS",1758727518.0,0.97,158,0,FOTD,the-nerdy-girl,13,True,2,True,text
MakeupAddiction,1npahgq,Guys what do you think of this makeup 🙂,263,https://reddit.com/r/MakeupAddiction/comments/1npahgq/guys_what_do_you_think_of_this_makeup/,https://www.reddit.com/gallery/1npahgq,,1758716029.0,0.98,263,0,,Alternative_Talk_970,46,True,2,True,text
MakeupAddiction,1npjmv0,"How do I get my makeup to look less dull, flat and washed out especially in pictures?",71,https://reddit.com/r/MakeupAddiction/comments/1npjmv0/how_do_i_get_my_makeup_to_look_less_dull_flat_and/,https://www.reddit.com/gallery/1npjmv0,"For the life of me I can never get my makeup
to show up in pictures like any of my wish pics. It looks “okay” IRL but in pics it looks like I just smeared matte foundation all over my face and nothing else, no matter what other type makeup products I use and how much of it I put on.

How does everyone else look so luminous, radiant, saturated, and dimensional yet I look so dull, washed out and flat? How does everyone have that “lit from within” glow? ",1758737748.0,0.92,71,0,Question,its_givinggg,171,True,11,True,text
MakeupAddiction,1npd7gr,What’s happened to this product?,142,https://reddit.com/r/MakeupAddiction/comments/1npd7gr/whats_happened_to_this_product/,https://www.reddit.com/gallery/1npd7gr,Decluttering my makeup kit and noticed this Unicorn Cosmetic Bear Brows has went all weird with lots of white spots all over? I opened it a few months ago and used it handful times and now it’s went all weird? I’m planning on binning it anyway cause I just find it odd for it to look like this ,1758723086.0,0.96,142,0,Question,picklejuice_10,24,True,3,True,text
MakeupAddiction,1np53e2,How's my makeup?,348,https://reddit.com/r/MakeupAddiction/comments/1np53e2/hows_my_makeup/,https://i.redd.it/b60zojzq52rf1.jpeg,,1758695868.0,0.95,348,0,FOTD,_Melody_skinny,26,True,1,False,image
MakeupAddiction,1npm7qn,My go to day look,27,https://reddit.com/r/MakeupAddiction/comments/1npm7qn/my_go_to_day_look/,https://i.redd.it/loye4kcv36rf1.jpeg,"Toner: Nars skin toning treatment lotion, Moisturizer: Skin 1004 centella, Sunscreen: Face Republic purity sun essence, foundation: Nars light reflecting foundation in deauville, Concealer: Nars Creamy radiant concealer in Vanilla, Liquid blush: Chuchu beauty in Feeling Peachy, Contour: Lucky Beauty in Bikini, Liquid Highlighter: Lucky Beauty in Moonlight, Eyeshadow: Charlotte Tilbury palette in Pillowtalk, Mascara: Heroine Kissme, Powder Blush: Nars in Orgasm, Brows: Vice Cosmetics in ash gray, Powder: Strokes, Lipstick: Mac in Mull it Over, Setting Spray: Happy skin",1758743663.0,0.94,27,0,FOTD,CozImAMirrorball,2,True,1,False,image
MakeupAddiction,1np4whl,looking for a lipstick in this shade?,235,https://reddit.com/r/MakeupAddiction/comments/1np4whl/looking_for_a_lipstick_in_this_shade/,https://i.redd.it/dp0a26vj32rf1.jpeg,"i’m looking for a cool toned lavender/grey suitable for very pale skintones
the closest shade i know of used to be NYX liquid lip lingerie in embellishment but it’s been discontinued
:( 
I’m searching for something budget friendly (not mac) and preferably drugstore, i am open to any sort of finish or lip product! thanks in advance! 
",1758695126.0,0.97,235,0,Question,Life_Anteater_8392,70,True,1,False,image
MakeupAddiction,1npgie1,Zebra look 🦓,23,https://reddit.com/r/MakeupAddiction/comments/1npgie1/zebra_look/,https://i.redd.it/nvdx7kq315rf1.jpeg,"Hello!
I tried to make a nice little zebra look, the features are a little shaky but I did my best.

Products used for this look: 
Contouring + blush: glitch beauty palette 
Highlighter: ayo Coralie x beauty bay palette 
Palette: glitch beauty
Eyeliner: epic ink from nyx 
Mascara: volume from kiko 
Pencil: black from Amazon 
Rhinestones: purchased on AliExpress 
Eyebrow: black palette 35B from Morphe 
Mouth: rose + gloss from nyx 

NB: this is a fake nose piercing",1758730625.0,0.83,23,0,FOTD,Z0rochan,2,True,1,False,image
MakeupAddiction,1nppp4t,pleasantly surprised by a random mascara I picked up in Japan,8,https://reddit.com/r/MakeupAddiction/comments/1nppp4t/pleasantly_surprised_by_a_random_mascara_i_picked/,https://www.reddit.com/gallery/1nppp4t,I picked it up out of sheer desperation because I hated how round my eyes were looking in all my pictures on this trip 😂 I walked into a random convenience store next to a subway station in Tokyo and now it’s my go-to natural looking mascara. It’s the Canmake metalook mascara and I didn’t know how popular it was until I was looking up how to buy it in America ,1758751983.0,1.0,8,0,Review,lun-lem,2,True,4,True,text
MakeupAddiction,1npjbrw,A Red Rosy Look and Fighting Off Nonsense 👄❤️,11,https://reddit.com/r/MakeupAddiction/comments/1npjbrw/a_red_rosy_look_and_fighting_off_nonsense/,https://www.reddit.com/gallery/1npjbrw,"Y'all. Therapy? Turns out, REALLY helpful! Who woulda thunk? (I have been in therapy for 5 years, I knew, I was the thunk).

~~ PRIMERS ~~>
💙 About-face Smoothing Eyeshadow Primer 
💙 TULA Illuminizing Primer - First Light 

~~ EYES ~~>
💙 About-face Matte Fluid Eye Paint- Crocodile Rock, Everything Now
💙 Colourpop Super Shock Shadow - Empire
💙 Colourpop x Pokemon Pallet Town Palette - Champion
💙 NYX Epic Ink Liner - Dark Chocolate
💙 Maybelline Lash Sensational Mascara - Black

~~ BROWS ~~>
💙 NYX Lift and Snatch Brow Pen - Espresso
💙 NYX The Brow Glue

~~ LIPS ~~>
💙 NYX Line Loud Lip Liner - Make A Statement
💙 Milani Fruit Fetish Lip Oil - Cranberry Currant

~~ FACE ~~>
💙 Colourpop Powder Blush - Shortbread 
💙 Wet n Wild MegaGlo Highlighter - Bloom Time
💙 Milani Make It Last Original Setting Spray 
💙 ELF HD Loose Powder",1758737054.0,0.76,11,0,FOTD,biosicc,3,True,5,True,text
MakeupAddiction,1npq942,keeping it simple 2day,5,https://reddit.com/r/MakeupAddiction/comments/1npq942/keeping_it_simple_2day/,https://www.reddit.com/gallery/1npq942,"brows: nyx lift & snatch brow tint pen (in ‘caramel’)

eyes: nyx epic ink liner + nyx retractable crayon eyeliner

cheeks: maybelline cheek heat (in ‘rose vibrant/flush(?))

lips: sacheu lip liner stain in pinked + ulta dual ended liner/lipstick (text has worn off so idk what color) ",1758753395.0,1.0,5,0,FOTD,urleftringfinger,2,True,2,True,text
MakeupAddiction,1npdwvc,What lashes does Tems wear?,18,https://reddit.com/r/MakeupAddiction/comments/1npdwvc/what_lashes_does_tems_wear/,https://www.reddit.com/gallery/1npdwvc,"Hi guys!

Does anyone know what lashes Tems wears? I don’t think they’re extensions, but they’re so pretty. I love how spiky yet sparse they look. Does anyone know the exact brand/style, or good search terms so I can find something similar?",1758724774.0,0.85,18,0,Question,KillaKem_,4,True,5,True,text
MakeupAddiction,1npkid0,Why does this happen to my eye makeup?,5,https://reddit.com/r/MakeupAddiction/comments/1npkid0/why_does_this_happen_to_my_eye_makeup/,https://www.reddit.com/gallery/1npkid0,"I did my make up at 9am this morning- it’s 2:30 now and I look like a sweaty raccoon. This happens when ever I put eyeliner in my eyes. Top or bottom eyeliner. It pools at the ends of my eyes and I don’t know how to stop it.
I use Clinique, nyx, mac eyeliners and all the same results. Any tips?",1758739733.0,1.0,5,0,Question,Healthy_Artichoke583,6,True,2,True,text
MakeupAddiction,1npcd83,How do I fix my brows? How should I shape them,13,https://reddit.com/r/MakeupAddiction/comments/1npcd83/how_do_i_fix_my_brows_how_should_i_shape_them/,https://www.reddit.com/gallery/1npcd83,,1758721053.0,0.88,13,0,,Safe_Freedom_7503,34,True,3,True,text
MakeupAddiction,1npm7ug,How can I improve my « best » makeup,4,https://reddit.com/r/MakeupAddiction/comments/1npm7ug/how_can_i_improve_my_best_makeup/,https://www.reddit.com/gallery/1npm7ug,"Today, I received photos from a photographer who took pictures of me at an event. That day, I had made myself look particularly pretty, I had done one of my best makeup, or at least that's what I thought. The photos are HORRIBLE, I look so ugly on them, I spent the day crying when I thought about it. I know that makeup isn't everything and that you can't improve something unfixable like my face, but maybe there's something I could improve with my makeup ? I'll spare you the photos I’m talking about because it's really too hard for me to share it, but here's 2 photos that I took previously of the makeup I did that day. Not looking for pity or anything here, I really want to improve my view about myself and maybe makeup can help instead of just crying over the fact I find myself repulsive. Thanks in advance for your help. 

Product list : 
- Nyx glue primer + Nyx pore filler
- Erborian super bb gold shade 
- powder fit me maybelline
- blush rare beauty shade encourage
- mascara, bronzer and hilighter are from Monoprix
- lipliner sacheu stay-n p-inked + crayon + lip oil from nyx 
- for the eyes i used an old palette i don’t know the name ",1758743670.0,1.0,4,0,,canardmelomane,3,True,2,True,text
MakeupAddiction,1nphy8u,How do I get Alia’s bhat shiny base? ✨,6,https://reddit.com/r/MakeupAddiction/comments/1nphy8u/how_do_i_get_alias_bhat_shiny_base/,https://i.redd.it/h9ts5dqea5rf1.jpeg,"I was scrolling through pinterest for some makeup inspo and came across alia bhatt look from paris fashion week. 

what i liked the most was the glow on her face, her skin looked so shiny and healthy. I guess that’s the trend right now and I really want to try something similar.

Any product suggestions for getting that kind of glow?

",1758733884.0,0.61,6,0,Question,Street-Building-9456,19,True,1,False,image
MakeupAddiction,1npeaki,Which foundation-concealer-primer work the best together? (Out of my collection),8,https://reddit.com/r/MakeupAddiction/comments/1npeaki/which_foundationconcealerprimer_work_the_best/,https://i.redd.it/zzy6zsjbm4rf1.jpeg,"The question was worded kind of odd but essentially (out of my collection) I want to find which foundation concealer and primer can be used together without any separating/lifting/pilling or really any issues. 

The other day I used my Maybeline fit me dewy foundation with my mcobeauty primer (I forgot which concealer I used) and my makeup was legit just sitting on top of my skin like MUD and wasn’t drying down. nothing was combining and it was creasing really bad in my smile lines so i ended up having to redo my whole makeup look. 

In order to avoid that situation again I wanna know which products from yalls experience are like best friends and don’t mess with each other. 

I don’t really care particularly about powders or setting sprays messing with my makeup because but if anyone has a setting spray/powder that works heavenly with their base products I would love to know",1758725652.0,0.75,8,0,Question,Relative_Yak_9031,4,True,1,False,image
MakeupAddiction,1nppakg,Is this Pat McGrath palette on IPSY worth it?,2,https://reddit.com/r/MakeupAddiction/comments/1nppakg/is_this_pat_mcgrath_palette_on_ipsy_worth_it/,https://i.redd.it/or86388mp6rf1.jpeg,"PAT MCGRATH LABS Mothership XI: Sunlit Seduction 

Just saw that Ipsy has PAT MCGRATH LABS Mothership XI: Sunlit Seduction available for $35.00 instead of usual $110.00 price tag. Is this palette worth it? It originally came out in the summer of 2023. I’d imagine the shadows are still good and haven’t expired. What are your thoughts?",1758750975.0,1.0,2,0,,AdventurousBug4467,6,True,1,False,image
MakeupAddiction,1npj011,Back after some suggestions!,3,https://reddit.com/r/MakeupAddiction/comments/1npj011/back_after_some_suggestions/,https://www.reddit.com/gallery/1npj011,"Hello everyone! I made a post recently looking for some tips on how to feminize and amp up my natural face a little more. I received so many helpful comments and picked up some new cosmetics to play around with! 

I’m not used to wearing so much makeup, so this feels very bold for me, lol. Lots of technique things I think I still need to practice but I’d love some feedback on my attempt at a new face! 

New products I used: Fenty Lip Oil (fussy), Sephora lip liner (apricot), Saie highlighting cream blush (peach glow), morphe eyeshadow palette, O/S brown liner 

Makeup is so fun! ",1758736303.0,0.81,3,0,FOTD,venometh2,3,True,2,True,text
MakeupAddiction,1npojtr,Replacement for About Face lipgloss,2,https://reddit.com/r/MakeupAddiction/comments/1npojtr/replacement_for_about_face_lipgloss/,https://www.reddit.com/gallery/1npojtr,"Anyone have any recommendations for a replacement for the about face lip gloss in the shade “wish you were here”? I bought it the other day when it was half off at Ulta and I absolutely ADORE it, it’s one of my favorite shades and glosses I’ve ever tried, but I didn’t realize it has lavender which I’m allergic to. I’m glad I thought to check the ingredients, I was wondering why I felt like garbage after putting it on 😭😂",1758749167.0,1.0,2,0,Question,zellotic,4,True,3,True,text
MakeupAddiction,1npip9g,What’s the difference?,3,https://reddit.com/r/MakeupAddiction/comments/1npip9g/whats_the_difference/,https://i.redd.it/k2a862bxf5rf1.jpeg,"I rarely wear makeup, but when I do, I have my favorites that I always return to. One being L’Oréal True Match Super-Blendable Pressed Powder Foundation (Specifically N1 during fall/winter and N2 in spring/summer) 

I remember seeing a post on Reddit saying that the L’Oréal True Match Super-Blendable Pressed Powder Foundation had a formulation change! Is that true? 

I thought I saved the post, and now I can’t seem to find it. The posts I see when I search Reddit are for all of the older loose powders that L’Oréal has completely discontinued. And I’m getting mixed info when I search online for clarification. 

If I remember correctly, what I saw in the post, people were saying the new formula is in the square package while the old formula is in the circular package. The new formula has coconut oil in it while the other/older formula has talc? 

Is that the case? What really is the difference? Anyone see a difference between the two when using these pressed powders? This is the only powder foundation I enjoy that has great coverage and doesn’t feel too drying! (I have acne prone/combo skin.)

I’m seeing less and less of the circular packages/older products on the shelves - and only the square packages/new products. (I live in Montréal, Canada, by the way) 

I want to make sure this is the case (formulation difference) before I panic buy all the remaining ones I see at the store ahaha. 

Thanks in advance! ",1758735612.0,0.81,3,0,Question,cmqueen04,1,True,1,False,image
MakeupAddiction,1npohbw,Looking for setting recommendations,2,https://reddit.com/r/MakeupAddiction/comments/1npohbw/looking_for_setting_recommendations/,https://www.reddit.com/r/MakeupAddiction/comments/1npohbw/looking_for_setting_recommendations/,"I am currently wearing Summer Fridays skin tint with a cream bronzer (makeup by Mario) and cream blush (rhode) and I feel like my face looks weird after because I typically use the Laura Mercier setting powder under my eyes for my concealer. I used to use shape tape, but then switched to the tower 28 concealer because it’s water-based.

I’m hoping someone has a recommendation for what kind of concealer and/or setting method for my under eyes?  I love the dewy look of my skin everywhere else with these products, but because the concealer is being set, it starts to look super dry compared to the rest of my face. I feel like I have to set it so it doesn’t crease too much. I’m not sure if that makes sense?

So, for skin tint wearing gurus, what are we doing with our under eyes so that our whole face looks dewy?",1758748997.0,1.0,2,0,FOTD,delulu713,2,False,0,False,text
MakeupAddiction,1npduz8,Help!,7,https://reddit.com/r/MakeupAddiction/comments/1npduz8/help/,https://i.redd.it/epes3lzbj4rf1.jpeg,"How do I keep my make up from doing this on my nose and upper lip? I try not to sweat while doing my make up but kinda inevitable some days. 
I do the skin prep, have tried all the primers and setting powders/ setting sprays. 

Open to all & any suggestions. Less foundation? I tried to blend it in well",1758724647.0,0.82,7,0,,CText-9008,20,True,1,False,image
MakeupAddiction,1nplttm,Advice/recs when restarting your makeup collection?,2,https://reddit.com/r/MakeupAddiction/comments/1nplttm/advicerecs_when_restarting_your_makeup_collection/,https://www.reddit.com/r/MakeupAddiction/comments/1nplttm/advicerecs_when_restarting_your_makeup_collection/,"For some background, I fell out of doing makeup in its entirety a couple years back when I was previously doing a full face DAILY! The products I had to begin with were pretty low quality, not properly taken care of, and a lot of my tools were already worn out before I took I break. 

Fast forward to now, i’m dying to jump back into experimenting with makeup again. But with all my makeup items being expired, dried out, and straight up broken i’m feeling a little overwhelmed with the idea of starting over. Which is why i’m here! 

If you have any advice for what to buy, what items/sets you recommend, how to get the best bang for your buck(good quality cost effective options), or where you think I should start when rebuilding my collection please share below! 


Here’s a more specific list of advice i’m seeking for this topic(but don’t forget all your advice is welcomed and appreciated):

- Brush sets that last with fluffy powder brushes, eyeshadow brushes, as well as more precise thin brushes for graphic eyeliner looks etc.

- Recommendations on products needed for good base makeup, for both everyday base makeup and full glam base makeup.

- Eyeshadow pallets that are good quality and have a nice selection of colors that will be used frequently (i hope that makes sense lol). I tend to lean towards dark colors. Browns, greens, blacks, purples, oranges, etc. kinda like earthy and gothic tones. I do enjoy other colors that might not fit into those categories but only if they’re more sheer/not as pigmented. 

- Long lasting eyeliners and waterline eyeliners.

- Brands that carry quality products that are semi coast effective.

- Eyebrow products!!!! I do dye my hair vivid colors (mostly orange) so products or tools that work well when creating a realist looking brow shape and color that will last through the day, that’s what i’m on the hunt for. 

- Lip liners and lipsticks, preferably less pigmented options. Dark and light browns, as well as more natural light and not heavily pigmented pinks. 

+ anything else you can think of that might help me! 

",1758742747.0,1.0,2,0,Question,grabbipatti,4,False,0,False,text
MakeupAddiction,1npqofp,"Primers, contour's, and blushes that aren't elf???",1,https://reddit.com/r/MakeupAddiction/comments/1npqofp/primers_contours_and_blushes_that_arent_elf/,https://www.reddit.com/gallery/1npqofp,"Hey so, since I fear we are boycotting elf because of the Matt Rife ad, I need reccomendations for a pore minimizing primer, a liquid liner, a cool-toned contour stick, and kind of an orangey blush for my makeup look? These are the current products I'm using that I would like to replace once im done with them. I bought these before I knew about the controversy and hate wasting makeup because if I were to throw these away I would be throwing away money. The problem is that they are really good and affordable products. Gimme your recs!
",1758754528.0,1.0,1,0,,Ambitious_Fortune_35,4,True,7,True,text
MakeupAddiction,1nppuux,One of my eyes is more downturned and the other is rounder. What other eye makeup looks can I try that don’t accentuate this?,1,https://reddit.com/r/MakeupAddiction/comments/1nppuux/one_of_my_eyes_is_more_downturned_and_the_other/,https://i.redd.it/b9k8e80tt6rf1.jpeg,,1758752384.0,1.0,1,0,Question,weezer_fan_420,1,True,1,False,image
MakeupAddiction,1npjpzc,how to make eyes look bigger without eyelashes or false lashes,2,https://reddit.com/r/MakeupAddiction/comments/1npjpzc/how_to_make_eyes_look_bigger_without_eyelashes_or/,https://www.reddit.com/gallery/1npjpzc,"hi i wanted to ask for some tips on how to do my makeup to make my eyes appear bigger because all the videos i can find are mainly just accentuating them through your eyelashes, which i dont have at the moment. i had lost most of my eyelashes after developing blephartis, and although the infection is now gone, my dermatologist has recommended to not use eyelashes until my own grow back since i’m on lattise. i can wear makeup, she just doesn’t recommend i wear eyelashes because of the glue i would have to use. the pictures look weird lol but the first picture is of what my eyelashes normally looked like vs how they are now after losing them. ",1758737944.0,1.0,2,0,Question,deannajuan,6,True,2,True,text
MakeupAddiction,1npn0ex,Color corrector for eyebags,1,https://reddit.com/r/MakeupAddiction/comments/1npn0ex/color_corrector_for_eyebags/,https://www.reddit.com/gallery/1npn0ex,"So I want to cover up my eyebags but whenever I only put on concealer it ends up having a grayish color, what color would I use to cancel out my eyebags because people recommend orange, peach or green but I don’t want to waste my money and get the wrong color.
Could someone tell me what type of color corrector to get and recommend a specific product? (Price does not matter)",1758745508.0,1.0,1,0,Question,HawkKey3880,3,True,2,True,text
MakeupAddiction,1npms8a,Nars dupes,1,https://reddit.com/r/MakeupAddiction/comments/1npms8a/nars_dupes/,https://www.reddit.com/r/MakeupAddiction/comments/1npms8a/nars_dupes/,"I made a post earlier about finding my shade in the nars light reflecting foundation, but I was wondering if there were any good dupes out there?? Preferably affordable, and I was shade Yulong in the nars foundation, so any dupes and their shades would be much appreciated !!",1758744974.0,0.99,1,0,,AggravatingGlove552,1,False,0,False,text
MakeupAddiction,1npmh5t,Help !,1,https://reddit.com/r/MakeupAddiction/comments/1npmh5t/help/,https://www.reddit.com/r/MakeupAddiction/comments/1npmh5t/help/,"I have used clinique continues coverage natural honey glow for years 
 It has been discontinued. This foundation is my absolute holy grail !! Its totally sold out literally everywhere in the world 😫 I have spent a ridiculous amount of cash trying to find a good dude. I'm using lanera foundation which is good but definitely not a match for clinique. 
Any advice is appreciated 🙏 

 

",1758744258.0,1.0,1,0,,Minxgreen,1,False,0,False,text
MakeupAddiction,1nplptq,Headshot advice,1,https://reddit.com/r/MakeupAddiction/comments/1nplptq/headshot_advice/,https://www.reddit.com/r/MakeupAddiction/comments/1nplptq/headshot_advice/,"I'm getting a headshot on Friday and wear very little makeup normally except for mascara and a thick smudgy eyeliner on my top lid and a little concealer under my eyes (for my bags).

I don't want to overdo it on the makeup for the headshot, just looking for some general advice about small things I can do to make a difference. 

I'm 54, for what that's worth.",1758742485.0,1.0,1,0,,rudeamy,1,False,0,False,text
MakeupAddiction,1np4u55,Lipstick color/shade match,10,https://reddit.com/r/MakeupAddiction/comments/1np4u55/lipstick_colorshade_match/,https://i.redd.it/ei53cq9s22rf1.jpeg,My favorite lipstick has been discontinued for a while and I am officially out. It is the IT cosmetics blurred lines in the shade Ruby Slippers. I can’t find anything close enough the the color and texture. I am aware that they released a matching lipgloss but I have sensory issues and can’t stand most lipgloss’s. Can anyone think of a good doupe/replacement?,1758694868.0,0.82,10,0,Question,need_help-lol,4,True,1,False,image
MakeupAddiction,1npl7c2,Ninety nine Dreams lash help,1,https://reddit.com/r/MakeupAddiction/comments/1npl7c2/ninety_nine_dreams_lash_help/,https://www.reddit.com/r/MakeupAddiction/comments/1npl7c2/ninety_nine_dreams_lash_help/,"Hey everyone! I got some cluster lashes from ninety nine dreams and I’ve worn them twice so far but I feel like I’m doing something wrong. I’m using the bond and seal that comes with them, but no matter what the lashes always end up really stiff and inflexible, even though they’re super soft on the palette thingy. The first time I put the bond all over my lashes so I thought that was the issue, but the second time I just dabbed it along the base of my lashes and they still got all stiff. I haven’t been able to find any reviews or discussion where anyone else has had this issue, or thought of it as an issue! Is this A Thing with the whole bond and seal lash system? Any techniques that would still leave my lashes soft after application? I honestly really hate the crusty feeling!",1758741287.0,1.0,1,0,Question,astral_saturniidae,1,False,0,False,text
MakeupAddiction,1npkclq,Best brands for olive tones skin?,1,https://reddit.com/r/MakeupAddiction/comments/1npkclq/best_brands_for_olive_tones_skin/,https://www.reddit.com/r/MakeupAddiction/comments/1npkclq/best_brands_for_olive_tones_skin/,"Im a pale olive and I only realized a couple days ago. I was swatching cool lipsticks and quickly realized that I al in fact not cool/neutral toned like I previously thought. 

I wanna start using foundation’s as I usually just do my eyes and lips. I know olive toned things are harder to find, so suggestions would be very appreciated!",1758739369.0,1.0,1,0,Discussion,Soup_Gremlin,6,False,0,False,text
MakeupAddiction,1npk4tp,What sort of eye makeup would suit me?,1,https://reddit.com/r/MakeupAddiction/comments/1npk4tp/what_sort_of_eye_makeup_would_suit_me/,https://i.redd.it/amknfodgp5rf1.png,,1758738873.0,1.0,1,0,Question,Electrical-Source878,2,True,1,False,image
MakeupAddiction,1np2a64,What is your favorite cool toned red lipstick for everyday wear?,14,https://reddit.com/r/MakeupAddiction/comments/1np2a64/what_is_your_favorite_cool_toned_red_lipstick_for/,https://www.reddit.com/r/MakeupAddiction/comments/1np2a64/what_is_your_favorite_cool_toned_red_lipstick_for/,"Preferably with a lip liner to go with it! I'd really like to start wearing red lipstick, but I have difficulty finding anything that doesn't smear easy or stays on long enough for me to get where I'm going. It's a big commitment, but I'm ready, lol.",1758685948.0,0.9,14,0,Question,hancocklovedthat,21,False,0,False,text
MakeupAddiction,1npptku,Are strip lashes out of fashion?,0,https://reddit.com/r/MakeupAddiction/comments/1npptku/are_strip_lashes_out_of_fashion/,https://www.reddit.com/r/MakeupAddiction/comments/1npptku/are_strip_lashes_out_of_fashion/,"I've noticed recently that a lot of woman now days who do their eyeshadow looks don't add lashes anymore and stick to just mascara and it just looks off to me.

Maybe it's a 2016 style and I'm out of date but I can't imagine doing eyeshadow and liner without strip lashes at all. It's just bland. 

Is it a clean girl look I've been hearing about? ",1758752294.0,0.38,0,0,Question,Worth_Scallion1526,24,False,0,False,text
MakeupAddiction,1npj1x9,Armani Foundation Reformulation??,1,https://reddit.com/r/MakeupAddiction/comments/1npj1x9/armani_foundation_reformulation/,https://www.reddit.com/r/MakeupAddiction/comments/1npj1x9/armani_foundation_reformulation/,"Has anyone had trouble with the Armani luminous silk recently? It used to be my holy grail and I had a backup bottle for when I ran out. But the new bottle is terrible, flaky, drying, and bad finish. 

The original one I bought in the US and the backup bottle I bought in the UK so I'm not sure if they already have the reformulated version over there? So upset that I paid so much for a product I thought I was investing in but is actually atrocious. IDK if I'm just going crazy or if the bottle was from too long ago?? ",1758736426.0,1.0,1,0,,Jaded-Long-6858,2,False,0,False,text
MakeupAddiction,1npim6p,Have I bought a fake hourglass brush?,0,https://reddit.com/r/MakeupAddiction/comments/1npim6p/have_i_bought_a_fake_hourglass_brush/,https://www.reddit.com/gallery/1npim6p,"I bought this hourglass brush from another person for €30. At first glance it doesn't look fake, but there is something off with the packaging. Especially the website that's on the packaging. So did i buy a fake brush?",1758735411.0,0.5,0,0,Question,aqua_ramm4,3,True,2,True,text
MakeupAddiction,1npiizp,"Help! Reviews are allll over the place for this. Is this HG status, or a greasy mess?!",1,https://reddit.com/r/MakeupAddiction/comments/1npiizp/help_reviews_are_allll_over_the_place_for_this_is/,https://i.redd.it/oky0wz6qe5rf1.jpeg,"For reference, I have mature, combo skin (dryer in the winter). I like medium coverage with a bit of glow, but not too much in the t-zone. I’m fine with powdering down in that area. Is this amazing or awful? ",1758735206.0,0.67,1,0,Review,Kell_Bell_Fell,1,True,1,False,image
MakeupAddiction,1nphsqq,Tattoo Cover Up,1,https://reddit.com/r/MakeupAddiction/comments/1nphsqq/tattoo_cover_up/,https://www.reddit.com/r/MakeupAddiction/comments/1nphsqq/tattoo_cover_up/,"Hellooo everyone! I am starting a new job on Monday and unfortunatley cannot have any tattoos showing, I only have a few on my arms and with it coming up to winter, I'll be OK with wearing long sleeves but I am worried for when it gets to summer and I want to wear shorter sleeves, so does anyone have any good recs for foundation/concealer/anything to cover them up? I'm pretty pale if that would have any impact on your recommendations? I'm not sure about anything because my knowledge of make-up is actually less than 0 hahaha thanks in advance ! ",1758733535.0,1.0,1,0,,throwawayacc_89,1,False,0,False,text
MakeupAddiction,1npgxtx,Smudge proof eyebrow pencil?,1,https://reddit.com/r/MakeupAddiction/comments/1npgxtx/smudge_proof_eyebrow_pencil/,https://www.reddit.com/r/MakeupAddiction/comments/1npgxtx/smudge_proof_eyebrow_pencil/,"I have naturally oily skin and I feel like every eyebrow product that I’ve tried smudges all together. I’m looking for something that shows small, natural hairlike strokes, preferably a pencil! I’m not super steady and I feel like pens end up looking messy and unnatural on me, but I’m open to any suggestions! I also have dark hair with a fair, cool skin tone, and I feel like almost every product, even the ones advertised as ash browns, are still too warm. Help a girl out!",1758731593.0,1.0,1,0,,Latesince95,1,False,0,False,text
MakeupAddiction,1npft1a,Nars foundation,1,https://reddit.com/r/MakeupAddiction/comments/1npft1a/nars_foundation/,https://www.reddit.com/r/MakeupAddiction/comments/1npft1a/nars_foundation/,"I used findation to match myself with a nars foundation and it said I was shade 1.25, but I can't for the life of me find it ANYWHERE. Which shade is closest, or where would I find it???
Also, any cheaper alternatives???😅😅",1758729074.0,0.99,1,0,,AggravatingGlove552,8,False,0,False,text
MakeupAddiction,1np9bjm,Bronzer,2,https://reddit.com/r/MakeupAddiction/comments/1np9bjm/bronzer/,https://www.reddit.com/r/MakeupAddiction/comments/1np9bjm/bronzer/,Does anyone know of an affordable cream bronzer that is more of a neutral-olive tone? Every bronzer I have tried looks wayy too warm and red and just looks like blush 😢 I use a very neutral concealer though I find the more yellow concealers look best. Any bronzer that would suit that? I fake tan (olive tone) and have a naturally pale neutral skin tone,1758712363.0,1.0,2,0,Question,Pure_Adhesiveness298,3,False,0,False,text
MakeupAddiction,1npedh2,Looking for a 'Red red' lipstick,1,https://reddit.com/r/MakeupAddiction/comments/1npedh2/looking_for_a_red_red_lipstick/,https://www.reddit.com/r/MakeupAddiction/comments/1npedh2/looking_for_a_red_red_lipstick/,"So, I love wearing Red lipstick,  for all occasions. At work, going out, at home. However I really struggle to find a true, bright red. 

Most reds seem to pull very pink on me. I recently tried Pat McGrath's Elson 4 and it looked Berry rather than red which was a real disappointment,  the same was true when I was at a wedding and the MUA put Chanel's Pirate on me - it looked like a dark pink, not a red. The same was true with Nars' Dragon Girl - it looked like a berry/brighter pink as opposed to red. 

I realise that maybe I need to colour correct my lips, but that's uncomfortable for long wear. 

I'm very pale, so really dark reds may be too vampy for work, but I'm wiling to try pretty much any shade/formula at least once.
Does anyone have any suggestions? ",1758725848.0,1.0,1,0,Question,call-sign_starlight,2,False,0,False,text
MakeupAddiction,1npdz07,Is sheglam make up safe?,0,https://reddit.com/r/MakeupAddiction/comments/1npdz07/is_sheglam_make_up_safe/,https://www.reddit.com/r/MakeupAddiction/comments/1npdz07/is_sheglam_make_up_safe/,"I've tried some of their lipliners and face contours and even though i have sensitive and acneic skin i loved their formulas and they haven't done anything to my face.
Google doesn't say precisely if they are fda approved, are they generally safe to use?",1758724910.0,0.5,0,0,Question,meowyeeee,8,False,0,False,text
MakeupAddiction,1npduw1,The struggle of finding my foundation shade among Korean brands,1,https://reddit.com/r/MakeupAddiction/comments/1npduw1/the_struggle_of_finding_my_foundation_shade_among/,https://www.reddit.com/r/MakeupAddiction/comments/1npduw1/the_struggle_of_finding_my_foundation_shade_among/,"I dont have the fairest skin but also not tan, i am somewhat inbetween. so when I went into the korean wave for makeup, i struggled a lot with foundations. there all seemed to be too white or leave a white cast like sunscreen. it always looked unatural. but as the stubborn girly that i am i kept searching and recently ive been loving AGE20 foundation!! they have a rather large range of shades (for a korean brand). they recently came up with new shades and im so happy since now i can get one for my mom!! my mom has a nice tan, almost cinnamon color skin and i'm so happy she can finally try korean foundations too!!",1758724642.0,0.67,1,0,Discussion,Warm-Tumbleweed-9523,2,False,0,False,text
MakeupAddiction,1nozib3,Clinique black honey but blush,10,https://reddit.com/r/MakeupAddiction/comments/1nozib3/clinique_black_honey_but_blush/,https://www.reddit.com/r/MakeupAddiction/comments/1nozib3/clinique_black_honey_but_blush/,"Lately at the very last step of my make up I pop a tiny bit of Clinique black honey on the apple of my cheeks and I think it looks sooo cute it seriously ties everything together but it doesn’t last🥲i love of the sheer consistency since I just want a lil dab dab at the end so Id prefer not a full coverage even tho I know it would last longer 

Any recommendations to try? 

I currently use Merritt in cheeky. Shes great on her own but the added depth at the end is 😚 
Light med neutral skin tone ",1758677674.0,0.79,10,0,Question,Aech9,25,False,0,False,text
MakeupAddiction,1npdg9l,Best powder foundations for acne?,1,https://reddit.com/r/MakeupAddiction/comments/1npdg9l/best_powder_foundations_for_acne/,https://www.reddit.com/r/MakeupAddiction/comments/1npdg9l/best_powder_foundations_for_acne/,Looking for a good recommendation. Know Mac has changed their formula. I need something oil free for acne and am having trouble finding one. A drug store or high end is fine either way. If anyone has acne prone skin what do you use ,1758723672.0,1.0,1,0,,Hot-Objective6449,1,False,0,False,text
MakeupAddiction,1npdg2w,Event in a very hot and humid country. Do you think this foundation would work? Any other recs for lasting makeup?,1,https://reddit.com/r/MakeupAddiction/comments/1npdg2w/event_in_a_very_hot_and_humid_country_do_you/,https://i.redd.it/2ctbam5tf4rf1.png,"I'll attend a destination wedding in Mexico during the summer. I'm thinking about buying this foundation for it - do you think it will withstand the heat? If not, any alternatives?",1758723660.0,0.67,1,0,,gettingstitchesdone,8,True,1,False,image
MakeupAddiction,1np8aws,Best lipstick ever,2,https://reddit.com/r/MakeupAddiction/comments/1np8aws/best_lipstick_ever/,https://www.reddit.com/r/MakeupAddiction/comments/1np8aws/best_lipstick_ever/,"Fenty beauty gloss stick - what kind of sorcery is this and why haven't I try some earlier (lol I know why, they are not easily found in EU so this was a blind buy)? 

These are the best glossy lipsticks I have ever tried in my whole life and I tried a lot of high end and drugstore brands. The color, the pigmentation, the feeling, the glossines, the taste and smell, looks just like a million dolar. 

Does anything come near to these? 

Shade riri is the universal most beautiful shade I ever tried on me, please do not ever discontinue this Rihanna! 

I need them to extend the shade range to more berrys and pinks and I think I will buy them forever. 

",1758708760.0,0.75,2,0,Discussion,tinkiwinki888,2,False,0,False,text
MakeupAddiction,1np858s,Thoughts on Teviant’s Illuminating Loose Powder?,2,https://reddit.com/r/MakeupAddiction/comments/1np858s/thoughts_on_teviants_illuminating_loose_powder/,https://i.redd.it/p7nruevb63rf1.jpeg,"Got it on the live sale for a super low price (₱369). Wondering if anyone has reviews and how to use this properly. Can’t really find reviews for this. Most are for the translucent/vanilla/custard variants, and a few for the cotton candy one.",1758708167.0,1.0,2,0,Discussion,xxPrincessAzula,1,True,1,False,image
MakeupAddiction,1np7p57,Foundation for oily skin with no dimethicone,2,https://reddit.com/r/MakeupAddiction/comments/1np7p57/foundation_for_oily_skin_with_no_dimethicone/,https://www.reddit.com/r/MakeupAddiction/comments/1np7p57/foundation_for_oily_skin_with_no_dimethicone/,"I believe my skin is breaking out from dimethicone… so I’m on the hunt for a foundation without it! My skin is definitely oily and gets shiny throughout the day, so I’m looking for something that leans matte. Not interested in a powder foundation. Any recommendations out there? I have yet to find one ☹️",1758706454.0,1.0,2,0,Question,Electronic_Layer_205,3,False,0,False,text
MakeupAddiction,1npbg01,Other brands like Revlon’s whisky business?,1,https://reddit.com/r/MakeupAddiction/comments/1npbg01/other_brands_like_revlons_whisky_business/,https://www.reddit.com/r/MakeupAddiction/comments/1npbg01/other_brands_like_revlons_whisky_business/,"Revlon’s whisky business is the best shade of lip product for my slightly warm olive tone skin.

I’d like to know if anyone out there has any product recommendations in a similar colour but a different brand as the lipstick I use doesn’t really last the whole day . (Or maybe any other colours that match a warm olive skin tone )

Thank you ! ",1758718698.0,1.0,1,0,Question,A-Croissant,1,False,0,False,text
MakeupAddiction,1np2g7f,Any way to soften or make a strong jawline less pronounced?,5,https://reddit.com/r/MakeupAddiction/comments/1np2g7f/any_way_to_soften_or_make_a_strong_jawline_less/,https://www.reddit.com/r/MakeupAddiction/comments/1np2g7f/any_way_to_soften_or_make_a_strong_jawline_less/,"Pretty much the title, I have a strong jawline and am really not a fan of it. Wouldn't be so bad if people didn't point it out so often lol, just really want to make it less obvious. Tried googling it a bunch, but just about every result is about how to get a stronger jawline, when I want the exact opposite. Any help would be appreciated, thanks.",1758686485.0,0.86,5,0,,Eris_Exhausted,8,False,0,False,text
MakeupAddiction,1np76s6,Medium to full coverage powder?,2,https://reddit.com/r/MakeupAddiction/comments/1np76s6/medium_to_full_coverage_powder/,https://www.reddit.com/r/MakeupAddiction/comments/1np76s6/medium_to_full_coverage_powder/,"Helloooooo. 
Coming here with the hopes of getting some good recommendations for setting powders. 

My skin really doesn't get on well with foundation, even tinted moisturiser looks awful on me, makes my face feel heavy as well. So I'm looking for a powder that has decent coverage & can even out my complexion a little better. Quite pale and normally use translucent shades with a hint of colour. 

Bonus points if any suggestions are readily available in the UK.

TYIA 🫶🏻",1758704389.0,1.0,2,0,Question,doyouevenlemon,3,False,0,False,text
MakeupAddiction,1np9m5f,piggybacking on this earlier post.,0,https://reddit.com/r/MakeupAddiction/comments/1np9m5f/piggybacking_on_this_earlier_post/,https://i.redd.it/rl7ppkmql3rf1.jpeg,"i am also looking for a solid lipstick (not liquid) in this color. i used to love mac’s deep rooted but it was also discontinued. i am open to all price points. the suggestions for the previous post were spot on, so i’m  wondering if anyone has any suggestions here!",1758713349.0,0.5,0,0,Question,that_wasabi69,14,True,1,False,image
MakeupAddiction,1no6b06,FOR NEWBIE,392,https://reddit.com/r/MakeupAddiction/comments/1no6b06/for_newbie/,https://i.redd.it/f64ypgggxtqf1.jpeg,"Girlies, I’m trying to recreate this wiggly eyeliner heart look (pic as reference) for the upcoming TWICE concert, but I need your help with product recs. I’m bad at eyeliner, so I need something beginner-friendly that’s also waterproof, sweat proof, and tear proof so it’ll actually last me through the whole night 😭. HELP A GIRL OUT 🥺🫶🏻",1758596224.0,0.96,392,0,Question,smolkiwwii,32,True,1,False,image
MakeupAddiction,1np3gja,Sydney Grace palette question,3,https://reddit.com/r/MakeupAddiction/comments/1np3gja/sydney_grace_palette_question/,https://www.reddit.com/gallery/1np3gja,"So I’m in the market for some blue/teal/green matte and shimmer eyeshadows. I love the Heaven on Earth palette from Sydney Grace, but realistically I would only use the blue and green shades as I already have a lot of brown shades. I tried to look up the exact shades listed in the palette (out to sea, tide rising, heaven on earth, jellyfish, into the jungle, supernatural, blue lagoon, ocean daydream, asteroid belt, and voyager) but no single shadows with these names are available. 

Does anybody know if the exact shades are sold separately, just under different names?

I’m between this palette or the blue hung vanngo one, and purchasing green singles on the side.

I’m very out of practice with eyeshadow so I don’t necessarily know what colors would be best on me (fair neutral olive skin, red hair, brown eyes)

Anyways please let me know if the exact shades from the Sydney Grace palette are available for purchase separately, or any other thoughts! ",1758689927.0,0.8,3,0,Question,Ok_Treat_8647,6,True,4,True,text
MakeupAddiction,1no2bzt,80s inspo. Trying to use shimmers more,643,https://reddit.com/r/MakeupAddiction/comments/1no2bzt/80s_inspo_trying_to_use_shimmers_more/,https://i.redd.it/0yth0i0fzsqf1.jpeg,,1758584773.0,0.99,643,0,,No-Sea1889,44,True,1,False,image
MakeupAddiction,1np8orn,Has Anyone Tried Ruby’s Organics? Thoughts on Their Products?,1,https://reddit.com/r/MakeupAddiction/comments/1np8orn/has_anyone_tried_rubys_organics_thoughts_on_their/,https://www.reddit.com/r/MakeupAddiction/comments/1np8orn/has_anyone_tried_rubys_organics_thoughts_on_their/,"I recently came across **Ruby’s Organics**, an Indian brand that focuses on clean, plant-based makeup. They offer a range of products like skin tints, lip crayons, eyeliners, and mascaras—all crafted with natural ingredients and ECOCERT-certified formulas.

I love that they seem to cater specifically to Indian skin tones with an inclusive shade range, and I’ve been curious to see if their products are worth the hype.

Has anyone here tried Ruby’s Organics products? How’s the quality, pigmentation, and longevity? I’m especially interested in their **Skin Tint Foundation** and **Lip Crèmes**.

Would love to hear your honest experiences before I make a purchase!",1758710191.0,0.67,1,0,,Sanny_fuz,3,False,0,False,text
MakeupAddiction,1np3f7n,Has anyone tried this Wet n Wild product? And how can I use it best? It's the new Wet n Wild Shimmer Gel Pot. Kinda slimy,2,https://reddit.com/r/MakeupAddiction/comments/1np3f7n/has_anyone_tried_this_wet_n_wild_product_and_how/,https://www.reddit.com/gallery/1np3f7n,,1758689807.0,0.76,2,0,,Adventurous-Ask2111,3,True,4,True,text
MakeupAddiction,1np6ni9,Best MAC Cosmetics eyeshadow shades for pale skin.,1,https://reddit.com/r/MakeupAddiction/comments/1np6ni9/best_mac_cosmetics_eyeshadow_shades_for_pale_skin/,https://www.reddit.com/r/MakeupAddiction/comments/1np6ni9/best_mac_cosmetics_eyeshadow_shades_for_pale_skin/,"I'm looking for recommendations for a custom 2- or 4-pan eyeshadow palette. My foundation shade is MAC NC10, and I prefer a very natural look. Most of the time I use a light brown shade to define my crease, the outer corners of my eyes, and my lower lash line. What shades would you suggest?",1758702155.0,1.0,1,0,,null1873,2,False,0,False,text
MakeupAddiction,1npfkrr,Juvias Place liquid blushes make a good satin liquid lipstick!!!,0,https://reddit.com/r/MakeupAddiction/comments/1npfkrr/juvias_place_liquid_blushes_make_a_good_satin/,https://i.redd.it/43lyaxlyu4rf1.jpeg,"I’m sure many of u have heard or experienced the fact that Juvias Place liquid blushes r simply wayyy too pigmented for most makeup enthusiasts.  

I’m not mad at it because I’m pretty sure that women darker than myself can enjoy them although on their cheeks while many of us cannot. 

As a WOC I’ve tried every method of application and simply couldn’t get it to work… My first shade in Sweet berries literally has been sitting around since I purchased it last fall…

Today I was cleaning my bathroom and decided to try it on my lips since many companies like WYN Beauty and NARS have multi use products suitable for cheeks and lips. 

I lined my lips with Fenty lip liner in They So Vine and gave it a go… It’s moisturizing, obviously the pigment is there and it feels amazing!!! I feel like it can be set down a bit with a bit of translucent powder because it’s not transfer proof obviously but it’s not a slippery mess either thankfully! This is the only shade I own, I cannot comment on the metallic versions…

Don’t let that blush sit around y’all, make use of it like I did if u r struggling and can’t return it!!! The slanted doe foot applicator should be calling u too 😂😃

On face: 

WYN Beauty Hydrating Skin Enhancing Tint in 285 Possible 

Juvias Place Liquid Blush in Sweet Berries 
 
Fenty Trace’d Out Lip Liner in They So Vine ",1758728558.0,0.43,0,0,Discussion,Wet-N-Wavy96,3,True,1,False,image
MakeupAddiction,1nogqnm,what's going on with romand/rom&nd?,31,https://reddit.com/r/MakeupAddiction/comments/1nogqnm/whats_going_on_with_romandromnd/,https://www.reddit.com/r/MakeupAddiction/comments/1nogqnm/whats_going_on_with_romandromnd/,"So I've seen Romand post on their [official website](https://romand.co.kr/article/%EC%9D%B4%EB%B2%A4%ED%8A%B8/13/180057/)  and their [Instagram](https://www.instagram.com/p/DO8F6CzARmX/). I can't read Korean, (I've used a translator for most of the reading) but from my understanding, it seems like one of their newer products is causing chellitis/lip irritation. A lot of users seem to be replying to their post, saying Romand isn't taking enough responsibility or accountability despite doing irritation tests on one of the suspected colorants (Red 202). 

What exactly is going on? 
Has anyone here experienced such problems?",1758632408.0,0.93,31,0,Discussion,fishsharpener,8,False,0,False,text
MakeupAddiction,1np3ruz,Thoughts on Clio Kill Lash Mascara?,1,https://reddit.com/r/MakeupAddiction/comments/1np3ruz/thoughts_on_clio_kill_lash_mascara/,https://www.reddit.com/r/MakeupAddiction/comments/1np3ruz/thoughts_on_clio_kill_lash_mascara/,"Hi! I’ve been looking into what mascaras could possibly help my Asian, pin straight lashes. I use the Shiseido eyelash curler which I love but I just have not met my perfect match in mascara. I recently tried Too Faced - Better than Sex mascara and it was too heavy for my lashes that they would literally fall down after being curled. I saw the Clio Kill Lash may be a good option for my type of lashes? Anyone recommend it? If so, which type of Clio Kill Lash mascara?

Thank you!",1758691015.0,1.0,1,0,Question,ThePetiteHumanBeing,3,False,0,False,text
MakeupAddiction,1nnr737,Chappell Roan inspired makeup,739,https://reddit.com/r/MakeupAddiction/comments/1nnr737/chappell_roan_inspired_makeup/,https://www.reddit.com/gallery/1nnr737,(Last pic is the inspiration) ~ I did it a bit different bc I was just messing around and really liked how it was going ~ definitely need to buy glitter more like the one used on her in this look bc I’m in LOVE but I’m trying to save money rn ,1758558473.0,0.98,739,0,FOTD,idontgiveafckboutyou,13,True,5,True,text
MakeupAddiction,1np2lbv,Why does my makeup rub off so easy?,0,https://reddit.com/r/MakeupAddiction/comments/1np2lbv/why_does_my_makeup_rub_off_so_easy/,https://www.reddit.com/r/MakeupAddiction/comments/1np2lbv/why_does_my_makeup_rub_off_so_easy/,"So, right now, by general routine is this in this order:

- Moisturize with Cetaphil lotion
- Clinique Even Better Foundation
- Mac Fixit+
- Natasha Denona concealer
- More Mac Fixit+
- Urban Decay All Night Powder

I didn't used to do the Mac Fixit+ applications, but it makes my makeup look a lot better. Hooowever, ever since I started using it, my makeup comes off SO EASY. It sweats off, it rubs off, it comes off just because I looked at it funny. I thought it was supposed to do the opposite! It's setting spray!

I don't use a primer right now-- is that the issue? Is there some incompatibility in products or something?

Any help appreciated!",1758686942.0,0.5,0,0,Question,MissGwendolyn,8,False,0,False,text
MakeupAddiction,1npf18h,Am I overreacting?,0,https://reddit.com/r/MakeupAddiction/comments/1npf18h/am_i_overreacting/,https://i.redd.it/7b3r18v9r4rf1.jpeg,I got french nails for the first time but I'm very disappointed. I understand that it's hard to make them look perfect but I thought that people stick something on the nail to prevent this from happening. The person I went to did it without anything and now they all look pretty messy. What do you think?,1758727318.0,0.32,0,0,,Forever_Summer192,8,True,1,False,image
MakeupAddiction,1np19sj,Any tips/videos for eye makeup in general? I’m a newbie.,1,https://reddit.com/r/MakeupAddiction/comments/1np19sj/any_tipsvideos_for_eye_makeup_in_general_im_a/,https://www.reddit.com/r/MakeupAddiction/comments/1np19sj/any_tipsvideos_for_eye_makeup_in_general_im_a/,"I’ve tried eyeshadow but it looks off to me, just kinda looks like I got hit. I’m looking to get into eyeliner, trying eyeshadow again and mascara. Also, should I put a base down when doing eye makeup? Any tips are welcome. ",1758682810.0,1.0,1,0,Question,MozahAtYourService,1,False,0,False,text
MakeupAddiction,1novmml,Where can I I get this from?,2,https://reddit.com/r/MakeupAddiction/comments/1novmml/where_can_i_i_get_this_from/,https://www.reddit.com/r/MakeupAddiction/comments/1novmml/where_can_i_i_get_this_from/,I have these Cover girl I don’t even know I think lip glosses? I love them and I have no idea what they are called or where I could get them. I’ll put a picture in the comments but I got these from a friend a few years back since she didn’t like them and I can’t ask her since we don’t speak anymore. Never seen them in stores so hopefully someone knows😭 it’s just a clear stick. ,1758666948.0,0.76,2,0,Question,Teacupsbutterflys,5,False,0,False,text
MakeupAddiction,1np0f57,"makeup pills & becomes dusty after some time passed, why ??",1,https://reddit.com/r/MakeupAddiction/comments/1np0f57/makeup_pills_becomes_dusty_after_some_time_passed/,https://www.reddit.com/r/MakeupAddiction/comments/1np0f57/makeup_pills_becomes_dusty_after_some_time_passed/,"it’s so weird it only reallllllyy badly happens when i set my cheek area and chin but im so confused as to why my makeup does this

i use belif hydrating toner, either belif aqua bomb or byoma moisturizing rich cream as skin care usually

for makeup i use elf green grip primer, fitme foundation, maybeline superstay concealer, fitme pressed powder, kimchi setting spray, makeup revolution

i still notice the weird pilling dusty feeling after a little while but its worse when i set my cheeks/chin and it happens within the hour

i have combo skin",1758680284.0,0.67,1,0,Question,Ok-Butterscotch7291,4,False,0,False,text
MakeupAddiction,1no4wmv,"Looking for dark, vampy but sheer lip products",88,https://reddit.com/r/MakeupAddiction/comments/1no4wmv/looking_for_dark_vampy_but_sheer_lip_products/,https://i.redd.it/gk70h5z8ktqf1.png,"Does anyone have any good suggestions for lip products like this one?  I've got an event to go to soon and I'm looking for dark lip products that are high shine but sheer or can be sheered out with decent longevity similar to this shade - it's Girlcult's J816.  I'd grab it, but unfortunately it has microshimmer in it which I'm trying to avoid.

I'd also like to stay away from anything too blue-based since those kinds of reds always pull pink or berry on me in a way that's unflattering.

EDIT: Just wanted to say thank you to everyone that made a suggestion!  I wound up going with another Girlcult gloss, the J74 Dementor shade in case anyone else was reading this for options.  It's not quite as dark as I'd like, but I think I might be able to layer it over a darker liner.",1758592081.0,0.98,88,0,FOTD,anomalyknight,22,True,1,False,image
MakeupAddiction,1nol62m,L'Oréal Infallible 32 he Fresh Wear - fragrance free?,5,https://reddit.com/r/MakeupAddiction/comments/1nol62m/loréal_infallible_32_he_fresh_wear_fragrance_free/,https://www.reddit.com/r/MakeupAddiction/comments/1nol62m/loréal_infallible_32_he_fresh_wear_fragrance_free/,"Hi all, on the Loreal website (https://www.lorealparisusa.com/makeup/face/foundation-makeup/infallible-32-hour-fresh-wear-foundation-lightweight), it says this specific foundation is fragrance free, but I received a bottle (in the new packaging) that clearly has fragrance in ingredients. And I can smell it. Any idea?  I emailed them but haven't heard back. ",1758642866.0,0.86,5,0,Question,viridian-fox,3,False,0,False,text
MakeupAddiction,1notk34,Looking for mascara.,2,https://reddit.com/r/MakeupAddiction/comments/1notk34/looking_for_mascara/,https://www.reddit.com/r/MakeupAddiction/comments/1notk34/looking_for_mascara/,"Hello i have never worn or tried makeup before. Ive recently been wanting to dabble very subtly. I would like to know if there and sort or mascara or something that would make my eyelashes look.how theyre wet? 😅

Sorry if this doesnt makes sense. When i get out of the shower/bath or after washing my face and so on, I really like the way my lashes look, I find them so pretty. When theyre not wet they look very straight and also point downwards slightly. I find the water also giver a natural darker/dewy look. ",1758661885.0,1.0,2,0,Question,stormi_x,7,False,0,False,text
MakeupAddiction,1no5k21,a night out in the town 🌟,62,https://reddit.com/r/MakeupAddiction/comments/1no5k21/a_night_out_in_the_town/,https://www.reddit.com/gallery/1no5k21,,1758593967.0,0.85,62,0,FOTD,aimingaims,8,True,2,True,text
MakeupAddiction,1nobnr7,I need a way to neutralise my makeup,19,https://reddit.com/r/MakeupAddiction/comments/1nobnr7/i_need_a_way_to_neutralise_my_makeup/,https://www.reddit.com/r/MakeupAddiction/comments/1nobnr7/i_need_a_way_to_neutralise_my_makeup/,"I have a job interview today for a shiny corporate job. We're talking pant suits, straight hair and eyelash extensions on beautiful, thin, tanned people on the website.

I am none of that. I am not thin, i do not wear pantsuits and I am so pale it looks like I rolled out of a crypt.

My usual products are primer, shade 001 foundation and concealer, bright pink blush, translucent powder, shade 003 eyebrow pomade, bright (usually pink or green) eyeshadow, elf liquid eyeliner, hot pink lipstain, pink powder highlight, fake freckles. And my eyeliner is ALWAYS graphic.

I want to present as me. But I dont want to be instantly rejected for looking TOO me. 

I interview really well but I dont interview for this sort of thing ever, so can anyone help?",1758615249.0,0.74,19,0,Question,Egotistical_Cadaver,26,False,0,False,text
MakeupAddiction,1no22oz,Do you recommend it? I've seen it a lot on the internet lately.,96,https://reddit.com/r/MakeupAddiction/comments/1no22oz/do_you_recommend_it_ive_seen_it_a_lot_on_the/,https://i.redd.it/5v81xaq9xsqf1.jpeg,,1758584052.0,0.97,96,0,Question,Daenerys5454,64,True,1,False,image
MakeupAddiction,1noxi9m,new go-to lip liner recommendations,0,https://reddit.com/r/MakeupAddiction/comments/1noxi9m/new_goto_lip_liner_recommendations/,https://www.reddit.com/r/MakeupAddiction/comments/1noxi9m/new_goto_lip_liner_recommendations/,"years ago, i received KAB cosmetics gel lip liner in the shade virtue from an ipsy package. it recently became my absolute favorite lip liner, but im unfortunately almost out. the KAB website says it’s sold out, & the only place i’ve seen it for sale was on ebay, which kind of sketches me out

does anyone have a recommendation on a similar, affordable lip liner? i’m not very knowledgeable on makeup or how to properly describe it, but i love the sort of brown-red color & the gel formula (i feel like it’s easy to blend but also lasts). thank you so much!!",1758671969.0,0.5,0,0,Question,sjjsjshhh,1,False,0,False,text
MakeupAddiction,1noxhos,new go-to lip liner recommendations,0,https://reddit.com/r/MakeupAddiction/comments/1noxhos/new_goto_lip_liner_recommendations/,https://www.reddit.com/r/MakeupAddiction/comments/1noxhos/new_goto_lip_liner_recommendations/,"years ago, i received KAB cosmetics gel lip liner in the shade virtue from an ipsy package. it recently became my absolute favorite lip liner, but im unfortunately almost out. the KAB website says it’s sold out, & the only place i’ve seen it for sale was on ebay, which kind of sketches me out

does anyone have a recommendation on a similar, affordable lip liner? i’m not very knowledgeable on makeup or how to properly describe it, but i love the sort of brown-red color & the gel formula (i feel like it’s easy to blend but also lasts). thank you so much!!",1758671926.0,0.5,0,0,Question,sjjsjshhh,1,False,0,False,text
MakeupAddiction,1nowgnz,What are some affordable primer recommendations?,1,https://reddit.com/r/MakeupAddiction/comments/1nowgnz/what_are_some_affordable_primer_recommendations/,https://www.reddit.com/r/MakeupAddiction/comments/1nowgnz/what_are_some_affordable_primer_recommendations/,"I've been struggling for years to find a primer that doesn't make my skin look cakey. I used elf's primer for a while even though it barely worked. I went to sephora and got recommended the rare beauty primer which did absolutely nothing on my skin. I have extremely oily skin, and I'm tired of my makeup getting cakey and patchy. And, also, since I smile a lot, it like it gets a thousand times worse. I use rare beauty foundation and nyx concealer, any recommendations?",1758669133.0,1.0,1,0,Question,f2pwierdgirl,6,False,0,False,text
MakeupAddiction,1now715,"We just wrapped up a $10,000 campaign in 10 days",1,https://reddit.com/r/MakeupAddiction/comments/1now715/we_just_wrapped_up_a_10000_campaign_in_10_days/,https://www.reddit.com/r/MakeupAddiction/comments/1now715/we_just_wrapped_up_a_10000_campaign_in_10_days/,"Big news!

We just wrapped up a **$10,000 campaign in 10 days** on Echo ([https://echoapp.online](https://echoapp.online)) and the results were crazy

1. One creator pulled in **$3,000 in just 3 days**  
2. Another made **$2,800 in 3 days**  
3. 7 creators total got paid and helped the brand blow up

This is exactly why we built Echo, brands post campaigns, creators apply, everyone wins.

If you’re into **UGC or faceless content** and want in on real paid campaigns, you can join free here [https://echoapp.online](https://echoapp.online)

We’re bringing in more creators now. Next campaign is right around the corner — let’s make it even bigger",1758668427.0,1.0,1,0,,Andrew_hamal,1,False,0,False,text
MakeupAddiction,1novx6g,Face powder recommendations!,1,https://reddit.com/r/MakeupAddiction/comments/1novx6g/face_powder_recommendations/,https://www.reddit.com/r/MakeupAddiction/comments/1novx6g/face_powder_recommendations/,"Hi guys! 
Does anyone know a face powder (that has colour) that literally has the same effects s the Kylie Jenner eyeshadow shade in vanilla from her bronze pallette? 
I randomly decided to do so one day and it’s so good. My makeup looks so flawless, and it the coverage is LITERALLY chefs kiss, but I literally do not know any powder that’s has ever done the same for me. 
I have some acne and it covers it up soooo well, it covers up all the redness and you can Marley tell the marks are there. ",1758667705.0,1.0,1,0,Question,Klutzy-Culture6143,1,False,0,False,text
MakeupAddiction,1nnv3o3,All the green eyeshadow posts have been reminding me of my first non-Mac high end eyeshadow I ever bought,168,https://reddit.com/r/MakeupAddiction/comments/1nnv3o3/all_the_green_eyeshadow_posts_have_been_reminding/,https://i.redd.it/unf8soqxirqf1.jpeg,"Too faced eyeshadow duo in Lucky Charms
Who remembers these 😍 
had to be ‘08 or ‘09

⠀⠀⠀⠀⠀⠀⠀⠀⣀⡤⣒⡦⢄⠀⠀⠀⠀⠀⠀⠀⠀⠀⠀⠀⠀⠀⠀⠀⠀
⠀⠀⠀⠀⠀⠀⠀⣰⡟⠉⠁⠙⢷⡵⡄⠀⠀⢀⡔⠊⡭⣵⡢⡀⠀⠀⠀⠀⠀
⠀⠀⠀⣀⡤⡶⠰⠋⠀⠀⠌⢀⡘⢻⣼⠀⣰⠛⠉⠀⠐⠈⢻⣼⡄⠀⠀⠀⠀
⠀⢀⣾⡛⠰⠋⢀⠠⠈⠀⠄⠂⢀⢺⣽⣤⡏⠀⠄⠁⠠⠈⠘⢈⠇⣀⠀⠀⠀
⠀⠘⣿⣷⣮⣄⡂⢀⠂⠡⠐⢈⠠⣍⣾⣿⠀⠌⠀⠌⢀⠐⠠⠀⠘⢷⣭⣄⠀
⠀⠀⠙⣿⣿⣯⣝⣣⠞⣤⢡⢆⡿⣽⣿⣟⡀⢂⠡⠐⡀⢂⠐⡈⣴⣿⣿⣿⠆
⠀⠀⠀⠀⠙⢛⠻⣿⣿⣿⣿⣿⣿⣿⣿⣿⣽⣧⣛⣶⣹⣮⣽⣿⣿⣿⣿⠟⠀
⠀⢀⡴⢂⠅⠈⠀⠀⠈⠉⠛⠻⢿⣿⣿⡟⡛⠛⠛⠿⠿⠿⠿⠟⢛⠛⠁⠀⠀
⢠⣿⠁⣉⠀⡐⠀⠂⠁⡀⠂⡠⢀⣿⣯⠀⠀⠀⠄⠀⠁⠀⠭⣐⠠⡀⠀⠀⠀
⠸⣿⣶⡽⣆⡄⠐⠈⡀⠄⠐⣀⣾⣿⣿⠀⢈⠀⠄⠈⢀⠂⢀⢘⣿⣿⡄⠀⠀
⠀⠙⢿⣿⣷⣻⢤⡁⠄⢂⣵⣾⣿⣿⣿⡀⠄⠂⠠⠁⣄⢢⣤⣿⣾⣟⡿⠀⠀
⠀⠀⠀⠀⢸⣿⣿⣿⣴⣿⣿⣿⡿⣿⣿⣷⣤⡈⣤⣷⣿⣿⣿⣾⣿⡿⠃⠀⠀
⠀⠀⠀⠀⠘⢿⣿⣿⣿⣿⣿⡿⢱⡏⣿⣿⣿⣿⣿⣿⣿⡟⠙⠉⠁⠀⠀⠀⠀
⠀⠀⠀⠀⠀⠈⠙⠻⠿⠛⠋⠀⢸⡇⠘⢿⣿⣿⣿⣿⡿⠁⠀⠀⠀⠀⠀⠀⠀
⠀⠀⠀⠀⠀⠀⠀⠀⠀⠀⠀⠀⢸⢣⠀⠀⠉⠉⠉⠁⠀⠀⠀⠀⠀⠀⠀⠀⠀
⠀⠀⠀⠀⠀⠀⠀⠀⠀⠀⠀⠀⠐⡞⡄⠀⠀⠀⠀⠀⠀⠀⠀⠀⠀⠀⠀⠀⠀
⠀⠀⠀⠀⠀⠀⠀⠀⠀⠀⠀⠀⠀⠹⣿⡄⠀⠀⠀⠀⠀⠀⠀⠀⠀⠀⠀⠀⠀",1758567125.0,0.98,168,0,,IllStick6622,15,True,1,False,image
MakeupAddiction,1nopof4,Lash bond and seal recommendations?,2,https://reddit.com/r/MakeupAddiction/comments/1nopof4/lash_bond_and_seal_recommendations/,https://www.reddit.com/r/MakeupAddiction/comments/1nopof4/lash_bond_and_seal_recommendations/,"Hello, so I’m very new to lash clusters and have only tried them once, where they pretty much fell off like the next day, so I was wondering if I can have any bond and seal brand recommendations that I can get in the UK, and since I use an oil cleanser every night, do I just have to avoid my eye area when cleansing? Thank you ☺️",1758653004.0,1.0,2,0,,Daran_pow,2,False,0,False,text
MakeupAddiction,1nov5ue,Wedding trial feedback,1,https://reddit.com/r/MakeupAddiction/comments/1nov5ue/wedding_trial_feedback/,https://www.reddit.com/r/MakeupAddiction/comments/1nov5ue/wedding_trial_feedback/,"I had my makeup trial today for my wedding reception this weekend. I think it looks quite lovely and along lines of what I asked for. 

https://imgur.com/gallery/CH6QkyR 

I’d love any feedback on what could be improved for my actual day-of makeup. I’m waffling on the lashes but may use them and clip them a little shorter. I have naturally long lashes so they may just not be necessary. 

I think my first change request will be a bit more contouring. Maybe a bolder lip color. 

 I’ve also posted a few of the inspo pics I shared with my HMUA. 

Thanks in advance!! ",1758665759.0,1.0,1,0,,PullUpYourS0cks,1,False,0,False,text
MakeupAddiction,1nns6wa,tipsy makeup is always fun. what do y’all think?,212,https://reddit.com/r/MakeupAddiction/comments/1nns6wa/tipsy_makeup_is_always_fun_what_do_yall_think/,https://www.reddit.com/gallery/1nns6wa,,1758560672.0,0.96,212,0,,possumpssy,22,True,2,True,text
MakeupAddiction,1nous60,Any professional make up artists here? I have questions,1,https://reddit.com/r/MakeupAddiction/comments/1nous60/any_professional_make_up_artists_here_i_have/,https://www.reddit.com/r/MakeupAddiction/comments/1nous60/any_professional_make_up_artists_here_i_have/,"I’m going to be a bridesmaid this month and I’m getting my makeup done professionally. I’m curious about a few things though, will the makeup artist mind if I ask to do my own fake freckles? And am I allowed to ask for specific things like waterproof mascara or having my entire face set with powder? I’m really nervous about asking too much and annoying them but I’m pretty specific about a few things like I mentioned ",1758664823.0,1.0,1,0,Question,SadButterfingers,2,False,0,False,text
MakeupAddiction,1nnpb5d,Colorful Eyeshadow attempt,276,https://reddit.com/r/MakeupAddiction/comments/1nnpb5d/colorful_eyeshadow_attempt/,https://i.redd.it/2intp37mgqqf1.jpeg,"In Order of application :
Face:
Elf hydro grip primer 
Kosas hydrating primer N 0.4
Blush Glossier cloud blush shade storm
(Highlighter )twin flames liquid eyeshadow shade twin flame 
Eyes: 
Profusion eyeshadow Pallet kalediscope shades (fern,blue ice,afterthought,hypnotize,marvel)
Ulta beauty collection automatic eyeshadow shade matallic emerald shimmer eyeliner pen
Ulta twin flames shade liquid eyeshadown in love spell
",1758554238.0,0.99,276,0,FOTD,Indigopuffs,11,True,1,False,image
MakeupAddiction,1nnsiph,Green And Brown Go Together In Such A Fabulous Way,195,https://reddit.com/r/MakeupAddiction/comments/1nnsiph/green_and_brown_go_together_in_such_a_fabulous_way/,https://www.reddit.com/gallery/1nnsiph,"Y'all. Therapy? Turns out, REALLY helpful! Who woulda thunk? (I have been in therapy for 5 years, I knew, I was the thunk).

~~ PRIMERS ~~>
💙 About-face Smoothing Eyeshadow Primer 
💙 TULA Illuminizing Primer - First Light 

~~ EYES ~~>
💙 About-face Matte Fluid Eye Paint- Crocodile Rock, Everything Now
💙 Colourpop Super Shock Shadow - Empire
💙 Colourpop x Pokemon Pallet Town Palette - Champion
💙 NYX Epic Ink Liner - Dark Chocolate
💙 Maybelline Lash Sensational Mascara - Black

~~ BROWS ~~>
💙 NYX Lift and Snatch Brow Pen - Espresso
💙 NYX The Brow Glue

~~ LIPS ~~>
💙 NYX Line Loud Lip Liner - Make A Statement
💙 Milani Fruit Fetish Lip Oil - Cranberry Currant

~~ FACE ~~>
💙 Colourpop Powder Blush - Shortbread 
💙 Wet n Wild MegaGlo Highlighter - Bloom Time
💙 Milani Make It Last Original Setting Spray 
💙 ELF HD Loose Powder",1758561413.0,0.93,195,0,FOTD,biosicc,14,True,6,True,text
MakeupAddiction,1nn93ml,1920s inspired makeup,3678,https://reddit.com/r/MakeupAddiction/comments/1nn93ml/1920s_inspired_makeup/,https://www.reddit.com/gallery/1nn93ml,"base: (no primer or setting spray) 

foundation- rituel de fille potion #105  
under eye- maybelline brightener #160 
setting powder- one size powder foundation in fair 1 NR
blush- angel wing kaleidos 

eyes:

mascara -too faced better than sex 
eyeshadow palettes -melt gemini palette and NOIRICORN × @ghoul.in.japan BLIGHTMOON 

specific eyeshadows:
multichrome shimmer (gilded -blightmoon) 
greens- leo, fire og, mochi
blending/liner- luna (blending), bonnie (deepening shade/liner) 

lips:
lipstick- mandy unearthly cosmetics
liner - char unearthly cosmetics, (used leo from melt gemini palette to set it) 



",1758503356.0,0.99,3678,0,FOTD,gizmo6968,103,True,3,True,text
MakeupAddiction,1non6en,Tips pls!!,2,https://reddit.com/r/MakeupAddiction/comments/1non6en/tips_pls/,https://www.reddit.com/r/MakeupAddiction/comments/1non6en/tips_pls/,"Hello all, I am a big fan of minimal makeup but after wearing the same style for years (picture in the comments), I am looking for some tips on how to do other make up styles but keeping it minimal. I occasionally wear Fenty Blur skin tint, but that just sits on my face and comes off very easily. My eyes are also my biggest issue when it comes to makeup - many styles don't look good because I have hooded eyes. Any recommendations are appreciated! Thank you 😊",1758647340.0,1.0,2,0,,Temporary-Bug2180,7,False,0,False,text
MakeupAddiction,1nnsfu8,"Which No. is the perfect match for me, and is there any way to make the others work?",164,https://reddit.com/r/MakeupAddiction/comments/1nnsfu8/which_no_is_the_perfect_match_for_me_and_is_there/,https://i.redd.it/698hn6b91rqf1.png,,1758561239.0,0.94,164,0,Question,champoradomami,113,True,1,False,image
MakeupAddiction,1nomyc8,Need help finding a foundation for combination skin,2,https://reddit.com/r/MakeupAddiction/comments/1nomyc8/need_help_finding_a_foundation_for_combination/,https://www.reddit.com/r/MakeupAddiction/comments/1nomyc8/need_help_finding_a_foundation_for_combination/,"Hi! 

So I have found a foundation that I genuinely love (which is the Nars Light Reflecting Foundation). However, even when I use primer and a setting spray, I look and feel so oily after a couple of hours. I’m really bummed out because it’s the only foundation I’ve found that doesn’t look cakey on me (or that pills) + perfect shade match (Mont Blanc).

I went to the beauty store and asked for other foundations that would be more long lasting and they recommended me the Nars Radiant one and the new Benefit foundation. Tried both of them and they both looked awfully cakey on me. I think my skin doesn’t like foundations where Dimethicone is one of the first ingredients..? 

Does anyone know of another foundation that could hit that sweet spot? I’ve been eyeing to try the Dior Backstage foundation for example, but unsure of it because it contains fragrance.

Thank you in advance. ",1758646841.0,1.0,2,0,,Economy-Exchange-468,5,False,0,False,text
MakeupAddiction,1nnfw11,"To be thin or to be thick, that is the question.",893,https://reddit.com/r/MakeupAddiction/comments/1nnfw11/to_be_thin_or_to_be_thick_that_is_the_question/,https://www.reddit.com/gallery/1nnfw11,"i go through this dilemma every six months without fail. my brow hair grows really fast (hopefully it still will now, knock on wood) so i always switch up my
eyebrow thickness. my natural brow shape/thickness is very blocky and not arched so i dont like it as much as the thin brows but i also feel very naturally pretty and unique with my natural brows. PLEASE HELP ME🙏 ",1758525577.0,0.95,893,0,Question,okk-computerr,273,True,6,True,text
MakeupAddiction,1nogtu9,Uses for white eyeliner?,3,https://reddit.com/r/MakeupAddiction/comments/1nogtu9/uses_for_white_eyeliner/,https://www.reddit.com/r/MakeupAddiction/comments/1nogtu9/uses_for_white_eyeliner/,"I have a white eyeliner that doesn’t look great on my waterline. I’m told it washes out my eyes. What are some other uses for it? How else can it be worn? I don’t want to waste it. 

It’s a liquid eyeliner made by NYX. ",1758632627.0,1.0,3,0,Question,bad-at-everything-,8,False,0,False,text
MakeupAddiction,1nopv21,Dupe for Fenty Slip Shine Sheer Shiny lipsticks??,1,https://reddit.com/r/MakeupAddiction/comments/1nopv21/dupe_for_fenty_slip_shine_sheer_shiny_lipsticks/,https://www.reddit.com/r/MakeupAddiction/comments/1nopv21/dupe_for_fenty_slip_shine_sheer_shiny_lipsticks/,"I am currently on the hunt for a dupe for the Fenty slip shine lipsticks as I see that they’re discontinuing them😭😭 I know that there are still a few shades still available, but soon I won’t be able to keep replacing these and I’d like to try other shades too. Does anyone know of any dupes for this lipstick in terms of formula? I feel like I’ve never tried anything with this type of formula (thick, creamy, shiny and flattering), and the newer gloss lipsticks are definitely not the same. Any recommendations?",1758653411.0,1.0,1,0,Question,littlebopoop69,1,False,0,False,text
MakeupAddiction,1nooaf8,"Dupe for ColourPop Twilight New Moon ""Hello Biceps"" lip liner (from Where the Hell ... Lipstick Kit)?",1,https://reddit.com/r/MakeupAddiction/comments/1nooaf8/dupe_for_colourpop_twilight_new_moon_hello_biceps/,https://www.reddit.com/r/MakeupAddiction/comments/1nooaf8/dupe_for_colourpop_twilight_new_moon_hello_biceps/,"So I purchased the above lip duo (https://colourpop.com/products/bella-where-the-hell-have-you-been-loca-power-pout-lipstick-kit) JUST for the lipstick, but ended up adoring the lip liner (and not even having tested the lipstick yet) ...

It's going fast though, and 1) not too keen on purchasing another set just for the liner, 2) once it's been discontinued, what to do?

Therefore, is there anyone who has found a good dupe for it? I've already checked Temptalia; neither were listed there at all.

Thanks in advance!",1758649881.0,1.0,1,0,Question,handlesalwaystaken,2,False,0,False,text
MakeupAddiction,1non0c0,What to do with eyelashes for my wedding?,1,https://reddit.com/r/MakeupAddiction/comments/1non0c0/what_to_do_with_eyelashes_for_my_wedding/,https://www.reddit.com/r/MakeupAddiction/comments/1non0c0/what_to_do_with_eyelashes_for_my_wedding/,"For a few reasons, I’m doing my own makeup for my wedding in January. This sub has been super helpful in for product recommendations and refining my application, but I’m drawing a bit of a blank on eyelashes.

My current mascaras are a bit old and aren’t giving me the length/volume I would like. I was planning to get a good waterproof mascara but I know I’m going to cry and I’m not confident anything will hold up. I have issues with things being near my eyes - I’ve tried magnetic lashes without luck - so falsies are out. I’m considering extensions (I think I’ll be ok if my eyes are closed) but I’ve never had them before. 

Do I need a test run first to make sure it works for me? Is it going to look ridiculous when they start falling out? Or should I revert to Plan A, get new mascara and hope for the best?

Thanks in advance ❤️",1758646957.0,1.0,1,0,,affie_981,7,False,0,False,text
MakeupAddiction,1no30vi,I bought wing stamps - how do they look?,21,https://reddit.com/r/MakeupAddiction/comments/1no30vi/i_bought_wing_stamps_how_do_they_look/,https://www.reddit.com/gallery/1no30vi,"I didn’t see how wiggly my line was 😵‍💫any advice or thoughts welcome. Should my next eyeliner be thicker? 

I also cannot manage to ever do anything with my bottom lid/lashes. Does it look okay without it? Any advice on something easy I could try?

Products:
- Winged Eyeliner Stamp by Lovoir
- Maybelline Lash Sensational Washable Mascara
- L’Oreal Voluminous Primer
",1758586694.0,0.86,21,0,FOTD,trashshopper,25,True,2,True,text
MakeupAddiction,1nollu2,Mesauda Ink Liner dupe,1,https://reddit.com/r/MakeupAddiction/comments/1nollu2/mesauda_ink_liner_dupe/,https://www.reddit.com/r/MakeupAddiction/comments/1nollu2/mesauda_ink_liner_dupe/,"The only makeup I consistently wear is liquid ink liner. Mesauda has been my favorite ever, it’s a long felt tip so no annoying hairs like with the paintbrush tips and it allows me to be super precise. Someone got me it in Europe and I haven’t been able to find it in the US. International shipping fees are absurd, as much as I love this product I can’t justify paying them. If someone knows how I can buy it in the US for a reasonable price, or a dupe, please let me know.",1758643852.0,1.0,1,0,Question,hurrikatrinamorelike,1,False,0,False,text
MakeupAddiction,1noa014,What to do when you’ve put too much makeup on but have no time to redo it…,6,https://reddit.com/r/MakeupAddiction/comments/1noa014/what_to_do_when_youve_put_too_much_makeup_on_but/,https://www.reddit.com/r/MakeupAddiction/comments/1noa014/what_to_do_when_youve_put_too_much_makeup_on_but/,"In general, my daily makeup comes out decent. There are some days, however, when I go crazy with the contour or blush and soon enough, I realize I have too much on but have ten minutes until I have to leave. 

I’ve tried to remedy it when it happens with dewy setting sprays, especially because I love the dewy natural look, but they hardly help. Does anyone have a trick for when you realize you put too much makeup on (usually contour, bronzer or blush) but have no time to redo it?

I’m generally happy with my makeup products, but I use: TJ’s sunscreen, Essence foundation stick just around eyes and center of my face; Maybelline Age Rewind concealer under eyes and around nose; Maybelline Fit Me pressed powder under eyes, on nose, around nose, on forehead and chin; a random cool toned contour off Amazon that’s brand has worn off the front but I like; Tarte Park Ave Princess bronzer; the peachy bronzer from a Benefit Christmas set I got a few years ago, I don’t know the name or what year I got it; Milani Dewy setting spray which is a new purchase and I hate so far, I’m giving it one more chance before I return it and go back to the wet n wild dewy setting spray. 

Any help!!?? Thank you!
",1758608661.0,1.0,6,0,Question,rosequartzal,10,False,0,False,text
MakeupAddiction,1nolgrs,Fenty rose amber lip oil,1,https://reddit.com/r/MakeupAddiction/comments/1nolgrs/fenty_rose_amber_lip_oil/,https://www.reddit.com/r/MakeupAddiction/comments/1nolgrs/fenty_rose_amber_lip_oil/,"I am really interested in the fenty rose amber lip oil purley because I love all the swatches I've seen, but I have only worn tinted lip balms. My favorite being eadem boba bounce. Can anyone compare the lip oil to any popular lip balms?",1758643535.0,1.0,1,0,Question,stop_touching_shit,1,False,0,False,text
MakeupAddiction,1noi74m,Primer + Foundation + Setting Spray not working together,1,https://reddit.com/r/MakeupAddiction/comments/1noi74m/primer_foundation_setting_spray_not_working/,https://www.reddit.com/r/MakeupAddiction/comments/1noi74m/primer_foundation_setting_spray_not_working/,"Hi! I am a newbie, trying to learn how to do my own makeup. I have combination skin with prominent open pores on my cheeks, nose, and forehead.

I watched hundreds of YouTube videos and recently bought myself Benefit Pore Primer (the POREfessional), Dior Backstage Face & Body Foundation, and Charlotte Tilbury Airbrush Flawless Setting Spray.

I tried to find the top products in their respective categories but somehow never thought of checking if they would work together.

The primer + foundation looks like gunk in my large open pores. I tried following tutorials, applying a thin layer of the primer with the brush in circular motion. But then it tends to come off the skin when I apply the foundation over it.

When I put the setting spray over the foundation (tried with and without the primer), the foundation seems to break apart.

I have spent considerable amount of money on the products. I don’t know if it’s my technique or the products not being compatible. Can someone help me?
",1758636047.0,1.0,1,0,Question,mssssssa,2,False,0,False,text
MakeupAddiction,1noi5wv,Mac lipliner nutmeg 90s,1,https://reddit.com/r/MakeupAddiction/comments/1noi5wv/mac_lipliner_nutmeg_90s/,https://www.reddit.com/r/MakeupAddiction/comments/1noi5wv/mac_lipliner_nutmeg_90s/,Ok my fellow make up historians. Mac 90s lip pencil in shade nutmeg. I recently got one in new old stock while looking for 90s spice to swatch against cool spice. Nutmeg was still very very close. But I cant find anything about it on google. Anyone remember this shade?,1758635969.0,0.99,1,0,Question,Fluffy_Dog_2799,1,False,0,False,text
MakeupAddiction,1nohzde,Light cool toned YSL Touche Eclat,1,https://reddit.com/r/MakeupAddiction/comments/1nohzde/light_cool_toned_ysl_touche_eclat/,https://www.reddit.com/r/MakeupAddiction/comments/1nohzde/light_cool_toned_ysl_touche_eclat/,Can anyone help with the best cool toned YSL Touche Eclat ? I’m looking for an eye brightener to use under eyes/ eyelids for that perfect awake look… thank you.  Mac painterly too warm.  Bobbi Brown bone too warm.  Turning back to YSL…,1758635520.0,1.0,1,0,,Nissy32,1,False,0,False,text
MakeupAddiction,1nnqwzn,Fix for hooded eyes?,52,https://reddit.com/r/MakeupAddiction/comments/1nnqwzn/fix_for_hooded_eyes/,https://www.reddit.com/gallery/1nnqwzn,"Hello ,

I was wondering whether or not anyone on this sub has such extremely deep set hooded eyes? This isn't due to age or body weight , I was born like this. I didn't mind it until recently when I realised I can't wear makeup normally and no tutorial works for me , nothing water or smudge proof is water or smudge proof and is gone within minutes and when I look up my eyelashes rub up against my brows and get weighed down by the excess skin.

Is my only option for a normal makeup look a blepheroplasty?

Per sub rules , I am not wearing any makeup.",1758557848.0,0.89,52,0,Discussion,kimono_wifey,77,True,2,True,text
MakeupAddiction,1nn4l1m,“If you’re a bird then I’m a bird” seeing a The Notebook the Musical tonight here’s my look,1537,https://reddit.com/r/MakeupAddiction/comments/1nn4l1m/if_youre_a_bird_then_im_a_bird_seeing_a_the/,https://www.reddit.com/gallery/1nn4l1m,"Fenty Beauty  Highlighter 
L’Oréal Lumi Foundation c6
Juvias Place Concealer *9
Juvias Place Volume 2 Blush Palette 
Clinique cheek pop 07 cola pop
Eyebrow Setting Gel Soap
Fit colors lipliner *
Nyx buttergloss marshmallow*
Fenty beauty heat hot chocolate heat 04*
Hey Alice  lashes
James Charles palettte
Colourpop twilight palette 
Morphe 35v palette 
Beauty glazed color fusion palette
Glitter obsession palette 
Tarte mascara 
Nyx matte eyeliner black
Evpct eyeliner blue*
Fantastic color eyeliner blue*
Ben bye banana setting powder
One size matte setting spray 
Nabi lip liner 
Nyx butterflies angel food cake ",1758490977.0,0.99,1537,0,FOTD,sailor_venus29754,47,True,4,True,text
MakeupAddiction,1no4rws,Sephora Eye Love light cool eyeshadow palette dupe?,6,https://reddit.com/r/MakeupAddiction/comments/1no4rws/sephora_eye_love_light_cool_eyeshadow_palette_dupe/,https://i.redd.it/clsocs31ktqf1.jpeg,I’ve has the Sephora Eye Love light cool eyeshadow palette for YEARS. And I’ve finally ran out & they discontinued it. I tried to buy another one on eBay but it was the wam version not the cool. Does anyone know where I can find a similar palette?,1758591706.0,0.81,6,0,Question,partyrockanthem_,2,True,1,False,image
MakeupAddiction,1nnricd,how can i improve my everyday makeup?,32,https://reddit.com/r/MakeupAddiction/comments/1nnricd/how_can_i_improve_my_everyday_makeup/,https://www.reddit.com/gallery/1nnricd,looking for product recommendations too! my makeup never sits right with me. i used to like doing alt-style eyeliner but i find it hard to do on my eyeshape (could just be a skill issue). im wearing multiple layers of mascara in all of these  (either milani waterproof tubing mascara or benefit roller lash) and it feels like it’s not doing anything for me. i used to do my makeup all the time but after a depressive episode i feel like i lost any skill i had :( but thank you if you read this! ,1758559155.0,0.85,32,0,Question,aaaathroaway,28,True,3,True,text
MakeupAddiction,1noe03v,Looking for Advice on How to Find Authentic DTC Beauty Brands for a New Partnership Platform,0,https://reddit.com/r/MakeupAddiction/comments/1noe03v/looking_for_advice_on_how_to_find_authentic_dtc/,https://www.reddit.com/r/MakeupAddiction/comments/1noe03v/looking_for_advice_on_how_to_find_authentic_dtc/,"Hi everyone,

I’m currently working on building a platform, which aims to be a supportive community and partnership hub for DTC beauty and lifestyle brands. The goal is to help these brands connect with targeted audiences, collaborate on campaigns, and grow together through meaningful partnerships.

I’m trying to learn the best ways to discover authentic and promising DTC beauty brands—whether through social media channels, online marketplaces, industry events, or other platforms. I’d love to hear your experiences or recommendations on where to find such brands or communities.

Also, if you have any tips on how to approach these brands in a respectful and valuable way, I’m all ears!

Thanks so much for your help!",1758624242.0,0.4,0,0,Question,MusicLivid1248,2,False,0,False,text
MakeupAddiction,1nn5h0o,leopard print eyeshadow lewk,623,https://reddit.com/r/MakeupAddiction/comments/1nn5h0o/leopard_print_eyeshadow_lewk/,https://www.reddit.com/gallery/1nn5h0o,"when i was in high school (in 2016 ofc) i was one of the girlies who would wake up at like 5 am to do a full beat almost every single day, but as an adult it’s a special event for me to do my makeup lol, so excuse any wonky lashes 🥲

products used:
la roche posay double repair moisturizer
benefit porefessional primer (my ride or die for like 10 years)
fenty beauty eaze drop skin tint in 1
maybelline instant age rewind concealer in 95
abh shadow contour stick, lightest shade available ofc (it doesnt say the actual # or name on the packaging)
nyx micro brow pencil in chocolate
fenty beauty pro filt’r powder in lavender
too faced milk chocolate soleil bronzer
nyx buttermelt blush in feeling butta bmbl09
colourpop super shock shadow in ice dream (for highlight)
urban decay original eyeshadow primer potion
katherine girl beyond grateful palette, i always use generous to set my eyeshadow primer
juvia’s place culture palette, i used benin, kobo, and ecowas
nyx epic ink liner
i•envy feline vibe lashes ifv03
i lost the original packaging for the lash clusters i have no idea what brand they are
nyx lip pencil in natural spl810 (it is actually a perfect match to my natural lip color)
too faced lip injection extreme plumping gloss
urban decay all nighter setting spray",1758493268.0,0.99,623,0,,clownsandmold,15,True,2,True,text
MakeupAddiction,1no8p7u,Navy/Dark Grey Eyeshadow Recommendations,2,https://reddit.com/r/MakeupAddiction/comments/1no8p7u/navydark_grey_eyeshadow_recommendations/,https://www.reddit.com/r/MakeupAddiction/comments/1no8p7u/navydark_grey_eyeshadow_recommendations/,"I love the color story of MBM Moonlight palette, but I don't like his formula as I find it too dry/powdery. 

Does anyone have suggestions for either a good navy or dark grey matte eyeshadow? It's those two colors that draw me toward his palette. Thanks so much!",1758603969.0,1.0,2,0,Question,springg4life,5,False,0,False,text
MakeupAddiction,1no68iu,any primers for oily acne skin?,4,https://reddit.com/r/MakeupAddiction/comments/1no68iu/any_primers_for_oily_acne_skin/,https://www.reddit.com/r/MakeupAddiction/comments/1no68iu/any_primers_for_oily_acne_skin/,"i have oily and acne prone skin and im looking for a primer that’ll not irritate my acne and cause more, not make me more oily and possibly matte my skin, as well as making my makeup last longer. any recommendations? ive tried maybelline gripping serum however it made my skin to oily and broke me out, im thinking about maybe trying the elf matte power grip primer but i dont really know? ",1758596016.0,0.83,4,0,Question,k4t_hy,9,False,0,False,text
MakeupAddiction,1nnh20d,Mascara help; how to achieve the insane lift of this discontinued product?,85,https://reddit.com/r/MakeupAddiction/comments/1nnh20d/mascara_help_how_to_achieve_the_insane_lift_of/,https://www.reddit.com/gallery/1nnh20d,"I have very fine, very STRAIGHT eyelashes. So I struggle with mascaras, and I’ve wasted so much money buying products that don’t work for me, please can this sub help? 
 
I use a heated curler and then apply 1-2 coats of mascara. The now-discontinued Clinique lash elevating high impact mascara has been my go-to for YEARS as it’s always been the only one that could hold such an amazing curl all day long; they are so high, I love it! Clinique has unfortunately and unwisely discontinued this and have nothing else even remotely similar, so I’m back to the drawing board to find a new one 😩(devastated)

Every single other mascara I’ve tried (including telescopic lift) just drops the freshly curled lashes immediately back down to straight again under the wet mascara weight. Side note, I have similar issues getting my head-hair holding good curls too, I have very stubborn hair!

Anyway the second photo shows the closest alternate option I’ve found, by ELF… it’s OKAY and at least holds a curl; but not a fully satisfying replacement for what I am used to with the super super-high lashes I got with Clinique, and I noticed that the elf one also starts to droops down more throughout the day as well. Not ideal! 

Any other straight-lash people out there have advice for me?",1758530268.0,0.98,85,0,Question,MissJinxed,110,True,2,True,text
MakeupAddiction,1nobtdv,Whats the simplest way to get into makeup,0,https://reddit.com/r/MakeupAddiction/comments/1nobtdv/whats_the_simplest_way_to_get_into_makeup/,https://www.reddit.com/r/MakeupAddiction/comments/1nobtdv/whats_the_simplest_way_to_get_into_makeup/,I’ve never used makeup before but I really want to start even though I don’t know really anything about it. I really want a very natural look. Usually what catches my eye in makeup looks are eyelashes so I guess that’s my biggest priority. Can anyone give me what they consider to be the most necessary products and which brands they like. I’d love to keep things as simple as they can be,1758615905.0,0.5,0,0,Question,Any-Cheesecake-683,2,False,0,False,text
MakeupAddiction,1no830z,Colored liquid eyeliners,2,https://reddit.com/r/MakeupAddiction/comments/1no830z/colored_liquid_eyeliners/,https://www.reddit.com/r/MakeupAddiction/comments/1no830z/colored_liquid_eyeliners/,"Heyyyy I’m looking for liquid eyeliners like a good black eyeliner but in color. I have tried so many ( I don’t remember which ones tbh) I need some on the cheap side. I use water activated ones rn and i need a different solution. Pls help yall! I like pinks, reds, green, blue, purple, light blues, ( colors that compliment very pale skin. Thank you!!!!",1758601845.0,1.0,2,0,Question,Sail0rv3nus,6,False,0,False,text
MakeupAddiction,1nob1tx,Base for dry skin,1,https://reddit.com/r/MakeupAddiction/comments/1nob1tx/base_for_dry_skin/,https://www.reddit.com/r/MakeupAddiction/comments/1nob1tx/base_for_dry_skin/,"I’m having a hard time deciding on which foundation to get bcs of the split reviews. I have a very dry skin & always get patchy & flaky on my upper lip area & t-zone. Pls lmk which one do u think will work best for me.

Dior backstage, Armani Luminous Silk, Haus labs, Lancome Teint Idole, Charlotte tilbury beautiful skin, Nars light reflecting

Note: I’m using It cosmetics CC cream rn and it’s been working well but sometimes it gets flaky on me.",1758612733.0,1.0,1,0,,SingleHovercraft1056,1,False,0,False,text
MakeupAddiction,1no4ide,Please help me dupe the ELF x Jennifer Coolidge lip liner,3,https://reddit.com/r/MakeupAddiction/comments/1no4ide/please_help_me_dupe_the_elf_x_jennifer_coolidge/,https://www.reddit.com/r/MakeupAddiction/comments/1no4ide/please_help_me_dupe_the_elf_x_jennifer_coolidge/,"The lip kit collab ELF did with Jennifer Coolidge is one of my favorites ever, but I especially love the lip liner ""Fill Frontal"". It's my perfect ""my lips but better"" color and I've been trying hard to find a match for it but I'm having a hard time. I think ELF themselves suggested their ""Baddest Beige"" shade as a dupe but it's not quite exact. Please help!

https://imgur.com/FaqsaYL",1758590942.0,1.0,3,0,Question,theplasticfantasty,3,False,0,False,text
MakeupAddiction,1no9qst,Makeup remover Help,1,https://reddit.com/r/MakeupAddiction/comments/1no9qst/makeup_remover_help/,https://www.reddit.com/r/MakeupAddiction/comments/1no9qst/makeup_remover_help/,"preface- i know nothing abt makeup.
I work at a haunted house and we use alcohol based sfx makeup.
i usually get off with micellar water.
any advice for getting it off easier?
would mixing it with a bit of rubbing alcohol help?",1758607717.0,1.0,1,0,,General-Breadfruit16,3,False,0,False,text
MakeupAddiction,1nnr75z,My eyeliners are step-sister. How do i make them more similar?,10,https://reddit.com/r/MakeupAddiction/comments/1nnr75z/my_eyeliners_are_stepsister_how_do_i_make_them/,https://www.reddit.com/gallery/1nnr75z,"They're supposed to be similar! But my eyes are asymmetrical and the bones are so different too it makes it hard to make two similar eyeliner look.

I like the left look better but that's also my good eye lol it's bigger and more lifted than the right, so ideally i want it to look similar following the left shape. The outer end of the hood is also longer on the right eye so it makes it hard to make more dramatic and upward wing

Thanku!",1758558477.0,0.92,10,0,Question,burnedout_247,5,True,2,True,text
MakeupAddiction,1no8sxi,Tower 28 SOS rescue spray as primer?,1,https://reddit.com/r/MakeupAddiction/comments/1no8sxi/tower_28_sos_rescue_spray_as_primer/,https://www.reddit.com/r/MakeupAddiction/comments/1no8sxi/tower_28_sos_rescue_spray_as_primer/,"Anyone tried it? I’m wondering if it’s worth adding to my routine.

I’m on tretinoin, so in the AM my routine is cetaphil cleanser, heavy occlusive moisturizer, and beauty of joseon SPF followed by makeup: milk hydrogrip and ilia foundation plus nars concealer (the wand one).

I’ve been having some pilling/ oil control issues (makeup revealing patchy texture under skin, then oily in the afternoon) from the Tret, plus a lot of redness. 

Lady at Sephora suggested adding this to my routine to reduce redness and act as a second barrier/ primer in case my skincare or heavy application of foundation is what’s causing pilling but not much online about using it for the latter…. Wondering if it’s worth the expense and another addition to my routine.

I know this isn’t skincare sub but fwiw I have acne and combination skin   ",1758604332.0,1.0,1,0,,Troublemaker-0,2,False,0,False,text
MakeupAddiction,1no8olw,Fake eyelashes,1,https://reddit.com/r/MakeupAddiction/comments/1no8olw/fake_eyelashes/,https://www.reddit.com/r/MakeupAddiction/comments/1no8olw/fake_eyelashes/,"What’s your fave brand of fake eyelashes? 

Do you prefer strips or clusters?

Do you prefer gluing on top of lashes or underneath?

I’m looking for length (especially to outer edges), yet still want to maintain a very natural look. I’m fair, so bonus if they come in brown!

Thanks!!",1758603914.0,1.0,1,0,Question,Same_Sir_3592,4,False,0,False,text
MakeupAddiction,1no8erm,Best longwear (all day) white gothic foundation?,1,https://reddit.com/r/MakeupAddiction/comments/1no8erm/best_longwear_all_day_white_gothic_foundation/,https://www.reddit.com/r/MakeupAddiction/comments/1no8erm/best_longwear_all_day_white_gothic_foundation/,"Hi! I'm going to be doing a look this October that requires a gothic white liquid foundation that I need to be able to wear wear all day, on stage, in a hot indoor venue. I need it to be affordable (under 30 bucks if possible), and I need to have enough for repeat use. What specific products would y'all recommend? I am pretty new to makeup and don't have much experience other than doing eyeshadow and lipstick for shows with my band",1758602975.0,1.0,1,0,Question,SammySterling813,5,False,0,False,text
MakeupAddiction,1no7wme,full coverage but hydrating concealer,1,https://reddit.com/r/MakeupAddiction/comments/1no7wme/full_coverage_but_hydrating_concealer/,https://www.reddit.com/r/MakeupAddiction/comments/1no7wme/full_coverage_but_hydrating_concealer/,"I'm looking for a full coverage concealer that will cover acne marks and hyperpigmentation, but I don't want it to be drying on the skin. I know that the Nars pot concealer is popular, but I want something other than that. I have been looking at the Haus Labs concealer, so if you have tried it, let me know your thoughts and other recommendations. ",1758601256.0,1.0,1,0,Discussion,xuminggles,4,False,0,False,text
MakeupAddiction,1nncmvc,Obsessed with this look! What makeup products could I use to recreate it?,86,https://reddit.com/r/MakeupAddiction/comments/1nncmvc/obsessed_with_this_look_what_makeup_products/,https://i.redd.it/gpskluxq4nqf1.jpeg,,1758513925.0,0.94,86,0,Question,SunWasHigh,14,True,1,False,image
MakeupAddiction,1nnsxs2,"Your BB-Cream, skin veil, or tint recommendation?",7,https://reddit.com/r/MakeupAddiction/comments/1nnsxs2/your_bbcream_skin_veil_or_tint_recommendation/,https://www.reddit.com/r/MakeupAddiction/comments/1nnsxs2/your_bbcream_skin_veil_or_tint_recommendation/,"I’m looking for a very light foundation that is water-based, and ideally doesn’t oxidize

I was hoping to try the NYX Bare With Me Skin Veil(BB cream), but I see it’s discontinued and I’ve found no one reselling it

Please help a girl out?

The Maybelline Super Stay Skin Tint was not for me…

If it helps to know, I am have combination skin, slightly drier/dehydrated. Dealing with redness and weakened/irritated skin barrier at times

Thank you guys!!!",1758562353.0,1.0,7,0,Discussion,Extension_Kiwi_,32,False,0,False,text
MakeupAddiction,1no7cyh,Fake eyelashes to hide bald spots from trichotillomania?,0,https://reddit.com/r/MakeupAddiction/comments/1no7cyh/fake_eyelashes_to_hide_bald_spots_from/,https://www.reddit.com/r/MakeupAddiction/comments/1no7cyh/fake_eyelashes_to_hide_bald_spots_from/,"I have a horrible issue with constantly ripping out my eyelashes and there tends to be major bald spots on my eyelids due to this. Would using fake eyelashes help try to hide my bald eyelid spots?

Even then, what kind of fake eyelashes would work the best to hide it? ",1758599481.0,0.5,0,0,Question,SCP_Guy5,1,False,0,False,text
MakeupAddiction,1no6vzx,Travel compact mirror,1,https://reddit.com/r/MakeupAddiction/comments/1no6vzx/travel_compact_mirror/,https://www.reddit.com/r/MakeupAddiction/comments/1no6vzx/travel_compact_mirror/,"I've been searching for a compact mirror to put in my make up bag. I mostly put my make up on in the car before work. A lot of my eyeshadow palettes don't have mirrors (colourpop 😢) I rotate palettes so sometimes I have a mirror, otherwise I use my car shade mirror. Anyone have one they like or suggestions? I've looked on Amazon, ulta and a general search with google. Looking for something sturdy, light weight, stiff hinged and basic (no light). ",1758598018.0,1.0,1,0,Question,Sneakerlambs,6,False,0,False,text
MakeupAddiction,1no1y7e,Question about moisturizer.,2,https://reddit.com/r/MakeupAddiction/comments/1no1y7e/question_about_moisturizer/,https://www.reddit.com/r/MakeupAddiction/comments/1no1y7e/question_about_moisturizer/,"Can Vaseline be used as moisturizer for VERY dry under eyes for under my everyday makeup? I have no moisturizer what so ever, very little money, and all I have is Vaseline. I'm 20 years old, F, and I have faint crepy under eyes ALREADY!",1758583716.0,1.0,2,0,Question,Desperate-Thing1784,4,False,0,False,text
MakeupAddiction,1nofqxz,Sick of SPF - any recs before I sack it off forever?,0,https://reddit.com/r/MakeupAddiction/comments/1nofqxz/sick_of_spf_any_recs_before_i_sack_it_off_forever/,https://www.reddit.com/r/MakeupAddiction/comments/1nofqxz/sick_of_spf_any_recs_before_i_sack_it_off_forever/,"I am sick of using SPF on my face. I replaced my daily moisturizer with SPF a few years ago as I thought it would be good for my health/skin. I'm starting to think it's worth risking my skin to be able to wear makeup stress free. 

Its fine if I'm not wearing makeup, but that NEVER happens if I'm out in public.

When I do wear makeup it ALWAYS makes my makeup slide off my face, transfers onto literally everything, even if my hair blows across my face it ends up with foundation on it. Sometimes I see myself in the mirror an hour or so after applying and my face is covered in patches and creases where it's slid without hardly being touched. I can't wear glasses and touch my phone to my face. When I eat all the makeup around my mouth disappears. 

I've tried every combination of foundation and SPF, I don't have the money to also experiment with primers as well as the other two, and I never needed a primer before I started with SPF. I've even tried using basic body moisturizer under my foundation and it still doesn't work. I've tried wearing less foundation, more foundation, setting powders and sprays. I've tried applying my makeup with different tools, I've tried less SPF, more SPF. I've tried applying right after applying, I've tried letting it sit for 10, 15, 20, 30 minutes before applying makeup. 

Is there anything else I haven't tried? Does anyone else have this issue?",1758629724.0,0.33,0,0,Question,UnderstandingWild371,52,False,0,False,text
MakeupAddiction,1nnb2ps,Did you ever switch to buying mostly/all drugstore in order to save $$?,78,https://reddit.com/r/MakeupAddiction/comments/1nnb2ps/did_you_ever_switch_to_buying_mostlyall_drugstore/,https://www.reddit.com/r/MakeupAddiction/comments/1nnb2ps/did_you_ever_switch_to_buying_mostlyall_drugstore/,"Just curious because I went shopping at Walgreens the other day to buy a mascara and it was sold as a promo eyeliner +mascara duo in the package. At Sephora,this alone (or separately) would’ve cost up to $50. I’m trying my hardest to set a pretty strict budget until next summer,and that includes how much I spend on makeup. Has anyone ever switched to just drugstore in order to save $$? Does it even make a difference,truly? lol ",1758509085.0,0.98,78,0,Discussion,venusinflannel,93,False,0,False,text
MakeupAddiction,1no50ee,What BB cream can you recommend based on this color?,0,https://reddit.com/r/MakeupAddiction/comments/1no50ee/what_bb_cream_can_you_recommend_based_on_this/,https://www.reddit.com/gallery/1no50ee,"I am quite interested in trying Korean BB creams like Missha, Klairs, Skin79, The Face Shop…
Is there a way to match up a color from another brand’s foundation? 
Sorry for the dumb question. I am new to this.",1758592377.0,0.5,0,0,Question,Glittering_Bank_8670,1,True,2,True,text
MakeupAddiction,1nnzt4n,Working for Charlotte Tilbury,2,https://reddit.com/r/MakeupAddiction/comments/1nnzt4n/working_for_charlotte_tilbury/,https://www.reddit.com/r/MakeupAddiction/comments/1nnzt4n/working_for_charlotte_tilbury/,"Hi everyone, I’m thinking of applying for a Beauty Advisor job at Charlotte in Holt Renfrew. I worked previously at Sephora, and at a fast pace location so I know how to be quick and all that. 
I was just wondering if anyone who has worked at Charlotte could answer me this; do you get a part of the percentage of the sale when you do a makeup over at Charlotte? 
At Sephora we didn’t, and that’s one of the main reasons why I left.
Please let me know🤍",1758578113.0,1.0,2,0,Question,mermaidfaery,2,False,0,False,text
MakeupAddiction,1nnzfsn,Essence mascara issues,2,https://reddit.com/r/MakeupAddiction/comments/1nnzfsn/essence_mascara_issues/,https://www.reddit.com/r/MakeupAddiction/comments/1nnzfsn/essence_mascara_issues/,"I’ve used like six different mascaras from this brand. A few different of the lash princess, the volume stylist lash extension (my fave), and rn currently using call me queen which I like but it’s just okay. 

My issue with them is after about two months the formula changes. They flake on my lashes when they dry and then shortly after that, like maybe two weeks they whole tube gets so dry and then it does nothing for my lashes. All of them that I have used above do that. I keep my makeup in a darker area in my house and I live in the Midwest so it’s not super dry or humid. My other masacaras don’t do this. My milani massacre and my better than sex is going 8 months strong. 

Does anyone have this issue or maybe solutions?",1758577189.0,1.0,2,0,,Hannao102,2,False,0,False,text
MakeupAddiction,1no44t3,Looking for foundation recs,0,https://reddit.com/r/MakeupAddiction/comments/1no44t3/looking_for_foundation_recs/,https://www.reddit.com/r/MakeupAddiction/comments/1no44t3/looking_for_foundation_recs/,"I’ve been using Maybelline Fit Me foundation in shade Warm Nude for the longest time, but I’m trying to move on to other options. So far I’ve tried Loreal and Juvias Place but neither of them really suited me. I really liked Maybelline's clay formula, so I’m hoping to find something similar. Any recommendations for foundations with a clay like formula? Thanks",1758589871.0,0.33,0,0,Discussion,StormKaya,2,False,0,False,text
MakeupAddiction,1no40rz,holographic/iridescent/duochrome non-glittery highlighter suggestions??,1,https://reddit.com/r/MakeupAddiction/comments/1no40rz/holographiciridescentduochrome_nonglittery/,https://www.reddit.com/r/MakeupAddiction/comments/1no40rz/holographiciridescentduochrome_nonglittery/,"Im looking for a highlighter or something to that effect that has a holographic/iridescent/duochrome look to it without it being glittery, sparkly or gritty. I've looked at Kaleidos Cosmetics and they seem to have really beautiful stuff but I've heard that it looks glittery up close which isnt what im going for. I want to look like an alien/angel/holograph <3",1758589553.0,1.0,1,0,Question,No-Cauliflower-2312,5,False,0,False,text
MakeupAddiction,1no3mq0,"What MAC shade would you guys put in my custom palette to ""complete"" it? Pretty sure I can squeeze one more pan in!",1,https://reddit.com/r/MakeupAddiction/comments/1no3mq0/what_mac_shade_would_you_guys_put_in_my_custom/,https://www.reddit.com/gallery/1no3mq0,"Including photos with and without flash. 

Shade names of the left 3 (from top to bottom) - Royal Rendezvous
- Sable
- Cork

Shade names of the right 3 (from top to bottom)
- Embark
- Honey Lust
- Espresso",1758588434.0,1.0,1,0,,Which-Ad4704,5,True,2,True,text
MakeupAddiction,1no3900,Shell's Jewel 6-Color Makeup Palette SO2- Mermaid Tears,1,https://reddit.com/r/MakeupAddiction/comments/1no3900/shells_jewel_6color_makeup_palette_so2_mermaid/,https://www.reddit.com/r/MakeupAddiction/comments/1no3900/shells_jewel_6color_makeup_palette_so2_mermaid/,"Hello, I am naturally drawn to blue glittery eyeshadows and in the mall I usually go to, they sell the product in the title- **Shells Jewel 6-Color Makeup Palette SO2- Mermaid Tears.** It is 35 dollars before tax (assuming its markup because its in the mall) and its not an issue of cost, but i**s the quality generally good? Does anyone own this and is slightly tan/golden tone?** I'm Filipino so I'm not sure if it would show as much on my eyelids. I normally use disco crush but I'm looking for an eyeshadow palette to invest in, and I heard the brand is clean. Here is the source link for the images [https://flowerknows.co/products/shells-jewel-6-color-makeup-palette?variant=55219148489073](https://flowerknows.co/products/shells-jewel-6-color-makeup-palette?variant=55219148489073)

[The source is Flowerknows Website](https://preview.redd.it/y2k9fztp6tqf1.png?width=479&format=png&auto=webp&s=c55531f2a89f3ec1040f8925256912a29ac9e1dc)

[The source is Flowerknows website](https://preview.redd.it/h4yqx1pr6tqf1.png?width=487&format=png&auto=webp&s=ec883fa8d0b4d984e5ae1c148859bb2cecee093a)

",1758587340.0,1.0,1,0,Question,SaplingOfFortunes,1,True,2,False,text
MakeupAddiction,1nn0ikp,Getting rid of these after YEARS of not using them lol who remembers them? Peak 2015-2019 (I think?),217,https://reddit.com/r/MakeupAddiction/comments/1nn0ikp/getting_rid_of_these_after_years_of_not_using/,https://www.reddit.com/gallery/1nn0ikp,,1758481393.0,1.0,217,0,,unf1xedreality,75,True,2,True,text
MakeupAddiction,1no2q4i,Make up for a party 🥳,0,https://reddit.com/r/MakeupAddiction/comments/1no2q4i/make_up_for_a_party/,https://i.redd.it/aiu0wikn2tqf1.jpeg,,1758585863.0,0.5,0,0,,Junior-Researcher720,1,True,1,False,image
MakeupAddiction,1nnx9gv,Best Powder bronzer??,2,https://reddit.com/r/MakeupAddiction/comments/1nnx9gv/best_powder_bronzer/,https://www.reddit.com/r/MakeupAddiction/comments/1nnx9gv/best_powder_bronzer/,My skin is like a tan-medium tone and super oily so i'm looking for a powder bronzer. I use the fenty concealer so i still get that pigment which is why i want a bronzer that will give a more airbrushed look!,1758572070.0,1.0,2,0,,Organic-Ad1317,7,False,0,False,text
MakeupAddiction,1no2ccs,Is anyone selling Schwarzkopf Eyebrow tint?,0,https://reddit.com/r/MakeupAddiction/comments/1no2ccs/is_anyone_selling_schwarzkopf_eyebrow_tint/,https://i.redd.it/8av69jzhzsqf1.jpeg,"Hello, I am in desperate need of the old Schwarzkopf Eyebrown tint. I believe that they have discontinued it because I can't find anywhere to purchase it, at least not in the U.S. If anyone knows where I can purchase this in the U.S., or someone who is selling it, please let me know. No other brow tint works as well for my eyebrows. ",1758584801.0,0.5,0,0,,MarkusJohnus,1,True,1,False,image
MakeupAddiction,1no26zb,"I need new makeup so help me choose well, what brand of highlighter is good quality? (give me options)",0,https://reddit.com/r/MakeupAddiction/comments/1no26zb/i_need_new_makeup_so_help_me_choose_well_what/,https://www.reddit.com/gallery/1no26zb,,1758584383.0,0.5,0,0,Question,Daenerys5454,3,True,2,True,text
MakeupAddiction,1nnssmu,Is the Estee Lauder Bronze Goddess Highlighter good for light skin?,3,https://reddit.com/r/MakeupAddiction/comments/1nnssmu/is_the_estee_lauder_bronze_goddess_highlighter/,https://www.reddit.com/r/MakeupAddiction/comments/1nnssmu/is_the_estee_lauder_bronze_goddess_highlighter/,I wanted to buy this highlighter as I like some of the Estee Lauder products but not really sure if it is too dark for light skin. Which shade would you recommend in this case and if you can maybe can share any experience with this highlighter.,1758562034.0,1.0,3,0,Question,MagicRoseIceCream,4,False,0,False,text
MakeupAddiction,1no1mqu,How do I transition from winged eyeliner?,1,https://reddit.com/r/MakeupAddiction/comments/1no1mqu/how_do_i_transition_from_winged_eyeliner/,https://www.reddit.com/gallery/1no1mqu,"I think ever since 2016 I’ve only ever done winged eyeliner looks for everything and I want to learn how to just be comfortable with wearing lashes. Do you guys have any tips if you struggled with the same feeling? I feel like I only look good with it and I don’t wear mascara alone bc no mascara ever holds its curl on my eyes. I also like that all my friends and coworkers can just do like a very natural go to makeup and I always have the same eye look. Any tips are appreciated! I posted a pic to show what typical eye looks I do for everyday 

I use diosa lashes that I get from HEB
And just the nyx epic liner since day one lol",1758582838.0,0.55,1,0,,beaniebean19,12,True,2,True,text
MakeupAddiction,1nmx4k1,Recent Beauty Confessionals Looks,251,https://reddit.com/r/MakeupAddiction/comments/1nmx4k1/recent_beauty_confessionals_looks/,https://www.reddit.com/gallery/1nmx4k1,"Hiya!

Just wanted to share my recent looks from my TikTok Series “Beauty Confessionals” ✨

I do vary my Makeup Products but since these are from a few months I’m just gonna post a selection of my most used products in the comments :) 
",1758473642.0,0.93,251,0,FOTD,jacikiss,38,True,5,True,text
MakeupAddiction,1no0yyi,Dupe For Rhode Beauty Blush,0,https://reddit.com/r/MakeupAddiction/comments/1no0yyi/dupe_for_rhode_beauty_blush/,https://www.reddit.com/gallery/1no0yyi,"Hey guys! Can anyone pls help me find a dupe for Rhode Beauty’s Pocket Blush in the shade “pinky tan” ? I just want a dupe for the color, I’m not worried about a dupe for the formula, so pls don’t worry about suggesting a dupe that’s 100% similar. If no one can find a dupe it’s no big deal, I’ll just buy the actual product! Thank u so much to anyone who sees this and is willing to help me🫶🏼💕",1758581062.0,0.5,0,0,,Specialist-Context59,5,True,2,True,text
MakeupAddiction,1no0og6,Mac White Frost Dupe,1,https://reddit.com/r/MakeupAddiction/comments/1no0og6/mac_white_frost_dupe/,https://www.reddit.com/r/MakeupAddiction/comments/1no0og6/mac_white_frost_dupe/,"My Mac white frost hit pan and it’s basically finished. I didn’t realize they discontinued that shade!! Does anyone know of any brand that makes a similar shade to this? 
I’ll probably make a funeral for mine when it fully runs out lol",1758580299.0,1.0,1,0,Question,ImaginaryFondant7345,1,False,0,False,text
MakeupAddiction,1nn6eue,Bridal makeup first draft - looking for feedback,72,https://reddit.com/r/MakeupAddiction/comments/1nn6eue/bridal_makeup_first_draft_looking_for_feedback/,https://www.reddit.com/gallery/1nn6eue,"Hi all, I’m doing my own makeup for my wedding at the end of next month. I’m very particular about my look and I find there are very few products, shades and techniques that work on my face, so I’m taking matters into my own hands. I spent a ton of time researching and trying swatches before buying all of the products below so hopefully I’ve made some decent choices 🙏🏻

This is my first try at the full(ish) look. It’s not perfect and there are some things that will change as I get closer to the date, such as getting lash extensions and brow cleanup. Also since this is for rough draft practice, I used my old foundation so the finish is not *quite* as nice as it will be with the good stuff. I’m mostly looking for feedback regarding placement, color intensity, continuity, anything missing, etc.

Products used:
- Primer: Bobbi brown vitamin enriched face base
- Concealer: Kosas revealer extra bright
- Foundation: IT bye-bye foundation in fair; closer to the wedding I’ll be using Dior forever skin glow in 0CR
- Setting powder: Morphe brightening pink
- Blush (under-painted): Morphe blush drops in hot shot
- Blush (over foundation): Benefit dandelion
- Highlighter: Haus labs rose quartz
- Eyeshadow: Huda beauty cool matte obsessions palette
- Mascara: Blinc tubing mascara in black
- Lip liner: Ulta beauty automatic lip liner in mauve
- Lip color: Mac lustreglass lipstick in syrup
- Setting spray: Milk hydro grip set + refresh spray

Any and all feedback appreciated. TIA!",1758495754.0,0.92,72,0,FOTD,fatherlystalin,32,True,3,True,text
MakeupAddiction,1nncwh3,How to accomplish this 90s eye look?,27,https://reddit.com/r/MakeupAddiction/comments/1nncwh3/how_to_accomplish_this_90s_eye_look/,https://i.redd.it/hup6aese7nqf1.jpeg,"I'm SUCH a sucker for this eye look, the way the liner is diffused while still being precise and makes black look so delicate. How the heck do you do it, because I always end up with a heavier, smudgier look especially under my eyes. 

Photo is from Medusa Makeup.",1758514821.0,0.81,27,0,Question,misumena_vatia,8,True,1,False,image
MakeupAddiction,1no0ehv,Deep Skin Neutral Undertone Friendly Foundation Recommendations,1,https://reddit.com/r/MakeupAddiction/comments/1no0ehv/deep_skin_neutral_undertone_friendly_foundation/,https://www.reddit.com/r/MakeupAddiction/comments/1no0ehv/deep_skin_neutral_undertone_friendly_foundation/,"My whole makeup wearing life I've been told I have a warm undertone. Actually I feel like most makeup products assume rich/deep skin only has warm undertones. But I recently discovered that I'm actually a neutral undertone, that runs a touch peach. I'm looking for something that has a nice balance of pinks (cool) and yellows (warm).

I've been playing around with new foundations, but struggling to find a match that isn't too warm. Some neutral foundations are too flat and suck the life out of my complexion. Juvia's place and Tarte really let me down here.

What are some deep skin neutral undertone friendly foundation lines I can try?

Here are some semi-successful complexion products I've tried recently.

Too Faced Born this Way Foundation - Spiced Rum (this was my closest shade match ever. I used it for 2 years, but they reformulated and it's a bit red on me now)

Nars Light Reflecting Foundation - D2.5 La Serena. (This was an excellent summer shade for the darker parts of my face, but was slightly ashy on my forehead)

Ilia Complexion Rewind Stick - 37N Ipe (This is my perfect summer shade! But I'm starting to lighten up and it's running a bit red on my now)

Morphe Wakeup Artist concealer - Mocha 13W (This runs slightly pink, but I'm using it for color correcting. A neutral version of this would be ideal)

About Face The Performer - D3 Neutral (Excellent match. Forgot why I didn't purchase it, will try it again)",1758579578.0,1.0,1,0,Question,vsaholic,1,False,0,False,text
MakeupAddiction,1nn5cmz,Random refund from 6+ year old KVD order??,83,https://reddit.com/r/MakeupAddiction/comments/1nn5cmz/random_refund_from_6_year_old_kvd_order/,https://i.redd.it/jz0vlindelqf1.jpeg,"I found this in my junk folder. I thought it was some type of spam/scam/junk but after reading the items ordered I realized this is an actual order of mine from maybe 6 years ago? 

It says the whole order has been refunded and if it’s real I don’t even think I remember what I used to pay for it lol 

Has anyone else received one? ",1758492950.0,0.96,83,0,Question,helloglitterthot,12,True,1,False,image
MakeupAddiction,1nnazlh,Tried liquid eyeliner for the first time!!,31,https://reddit.com/r/MakeupAddiction/comments/1nnazlh/tried_liquid_eyeliner_for_the_first_time/,https://i.redd.it/lpxyftnkpmqf1.png,,1758508828.0,0.95,31,0,FOTD,CarpenterIcy4441,3,True,1,False,image
MakeupAddiction,1nnz6be,How to make glow balms not transfer,1,https://reddit.com/r/MakeupAddiction/comments/1nnz6be/how_to_make_glow_balms_not_transfer/,https://www.reddit.com/r/MakeupAddiction/comments/1nnz6be/how_to_make_glow_balms_not_transfer/,"Hi guys!! So I recently got engaged and my fiancé and I are having an engagement party with a religious event as well. I want to look all bronzed and glowy without having to get a spray tan. For context I am going to be doing a dress change. I have a green long sleeve sweetheart neck line dress for the religious ceremony before I change into a pink square neck dress for the engagement party after. I mainly wanted to bronze my chest and arms but im worried about transfer, especially onto my pink dress. I like the way the Patrick ta glow balm looks like, but it transfers a lot with my skin. so I was wondering if anyone has any other recommendations or any advice to make the Patrick ta stay on my skin, especially with a dress change. I am also totally ok with doing touch ups if necessary after a dress change.

Thank you for all the help!:)

  
Stuff I have:

Patrick ta all over glow balm (shes on vacation)

one size setting spray 

\-im also open to buying new products",1758576526.0,1.0,1,0,,Sad-Elevator8784,2,False,0,False,text
MakeupAddiction,1nnplnd,I need help with acne safe makeup for a wedding!,3,https://reddit.com/r/MakeupAddiction/comments/1nnplnd/i_need_help_with_acne_safe_makeup_for_a_wedding/,https://www.reddit.com/r/MakeupAddiction/comments/1nnplnd/i_need_help_with_acne_safe_makeup_for_a_wedding/,"Hi makeup family!! I am looking for some advice. I am a bridesmaid in my best friends wedding in about a month and I don't know how I'll do my makeup. I am extremely acne prone and have finally found a very specific routine that works for me in the last 2 years. It's pretty much exclusively Ciele cosmetics, and I wear as little product as possible. Ciele is definitely more natural/not full coverage. I do not want a makeup artist to do my makeup out of fear I will breakout so I'm going to do my own. Does anybody have any advice on how I can use Ciele products to make a more ""wedding-y"" look? Or any recommendations for other acne safe brands? Thank you!!",1758554904.0,1.0,3,0,Question,urmomsanoverthinker,3,False,0,False,text
MakeupAddiction,1nmwkbs,Had a competition today. Make up did not budge!,197,https://reddit.com/r/MakeupAddiction/comments/1nmwkbs/had_a_competition_today_make_up_did_not_budge/,https://www.reddit.com/gallery/1nmwkbs,,1758472324.0,0.99,197,0,FOTD,lilenie,10,True,3,True,text
MakeupAddiction,1nnylgf,Help identify product…,1,https://reddit.com/r/MakeupAddiction/comments/1nnylgf/help_identify_product/,https://www.reddit.com/gallery/1nnylgf,"I hope this is ok to post here. I was wondering if anyone is able to identify this lip product or even the brand of the product?
Sorry the pictures are not that clear they are from a YouTube video. Thanks.",1758575144.0,0.67,1,0,Question,Broxy712,3,True,2,True,text
MakeupAddiction,1nn43m6,Today's look!,73,https://reddit.com/r/MakeupAddiction/comments/1nn43m6/todays_look/,https://www.reddit.com/gallery/1nn43m6,Thanks to my bestie of 21+ years 💖 she did my makeup I did the rest ❤️ I'm just feeling my self in this look today!! 🥰please feel free to give advice /tips on things! I am open to new ideas. Ask green is my fav color ,1758489767.0,0.95,73,0,FOTD,BionicBunny4,8,True,4,True,text
MakeupAddiction,1nnxhec,thoughts on elf sticky primers?,1,https://reddit.com/r/MakeupAddiction/comments/1nnxhec/thoughts_on_elf_sticky_primers/,https://www.reddit.com/r/MakeupAddiction/comments/1nnxhec/thoughts_on_elf_sticky_primers/,i have acne prone skin and ive been looking for a sticky/grippy drugstore primer. I tried the maybelline grippy serum primer however i broke out from it. ive heard many say that the elf is a good option but ive also heard many say that the elf primer broke them out a lot. i was just wondering if anyone who has acne prone skin/has acne rn has tried both the pink or blue one and if its safe because technically it is non pore clogging but i dunno. I also wanted to mention i have oily skin so should i check out the matte version or will it break me out? ,1758572565.0,0.67,1,0,Question,k4t_hy,3,False,0,False,text
MakeupAddiction,1nnb45t,Hung Vanngo new palettes are FANTASTIC,25,https://reddit.com/r/MakeupAddiction/comments/1nnb45t/hung_vanngo_new_palettes_are_fantastic/,https://i.redd.it/46pnfcepqmqf1.jpeg,"I got the Generous Greens and Yellows palette after swatching the collection of them at Sephora. When I say these are a formula you just HAVE to swatch… ugh these are fantastic. The kinds of shadows you swatch once and fall in love with as you may be able to tell. They’re soft, easily blendable and it melts together and looks fantastic. I wore the look for 8-9 hours with no creasing at all with the One Size glass skin setting spray. Fallout is minimal. It is super easily cleaned up too! I also use the One Size brand makeup melt and it took this entire look off in one swipe. A dream pairing come true. 😍 


SO SO excited about these and had to share a look! 

Exact deets: 
Primer: Urban Decay in “SIN” eye primer
Palette: Generous Greens and Yellows by Hung Vanngo using shades 1, 2, 3, 5, 7 and 8 
Highlighter: Smashbox x Becca “Champagne Pop”
Mascara: Lash Idolé by Lancôme 
Setting Spray: One Size Glass Skin 

Bonus:
Perfume: 
Pumpkin Crème by Le Monde layered with 
Kay Ali Vanilla 28
",1758509202.0,0.94,25,0,Discussion,eclipseseeker,1,True,1,False,image
MakeupAddiction,1nnwupx,Makeup looks without lipstick?,1,https://reddit.com/r/MakeupAddiction/comments/1nnwupx/makeup_looks_without_lipstick/,https://www.reddit.com/r/MakeupAddiction/comments/1nnwupx/makeup_looks_without_lipstick/,"Hi, unfortunately im having some sort of lip eczema/dermatitis flareup and i cant wear lipsticks or lipliners. Can you all suggest makeup looks that look neat and clean like glowy and REALL GOOD EYES AND STUFF, but that also goes well with just a plain lip balm? 

ANYYY RECOMMENDATIONS OR IDEAS AREE ACCEPTABLE HEREE. I really wanna do my makeup without the lippies even though its so hard:(((",1758571153.0,1.0,1,0,FOTD,redbrowzer,5,False,0,False,text
MakeupAddiction,1nnh1q1,Dark douyin&anime-inspired makeup,9,https://reddit.com/r/MakeupAddiction/comments/1nnh1q1/dark_douyinanimeinspired_makeup/,https://i.redd.it/6dm5jj57hoqf1.jpeg,,1758530235.0,0.71,9,0,,_AnnaCat_,3,True,1,False,image
MakeupAddiction,1nn3j29,Lip combo update,64,https://reddit.com/r/MakeupAddiction/comments/1nn3j29/lip_combo_update/,https://i.redd.it/irp1r89v0lqf1.jpeg,"Sharing a new lip combo based on my last post. This is MAC Plum liner and Sleek Shine lipstick in Signature Move. I shared this in the comments of my last post but I applied the liner more boldly and I’m wearing a more full face of makeup. I’m new to liner so my lines aren’t the straightest. 

Other products: Maybelline Sky High mascara in brown; the pale purple shimmer from revlon day to night quad in Exquisite; NARS blush in Thrill.",1758488409.0,0.99,64,0,,dntworrybby,12,True,1,False,image
MakeupAddiction,1nnvruo,Textured and splotchy skin,1,https://reddit.com/r/MakeupAddiction/comments/1nnvruo/textured_and_splotchy_skin/,https://i.redd.it/n2jq15jhnrqf1.jpeg,"Hi !!
Looking for help with my base bcus texture always comes through even when I do a thin layer, and it looks lowkey splotchy :/
My skin is combo but oily in tzone so I will take any product recommendations 🙏🏾",1758568654.0,0.67,1,0,,Sad_Razzmatazz_8731,2,True,1,False,image
MakeupAddiction,1nnvq03,Good setting/mattifying powders?,1,https://reddit.com/r/MakeupAddiction/comments/1nnvq03/good_settingmattifying_powders/,https://www.reddit.com/r/MakeupAddiction/comments/1nnvq03/good_settingmattifying_powders/,Hello! I’m currently using the essence loose powder to set my makeup but I wanted to know if anyone had any good recommendations for setting or matrifying powders. I’m looking for something that can either be found at a local drugstores and makeup stores (kruidvat or di for example) or at Sephora for more high-end options. My skin is quite oily but also acne prone so I’m defo looking for something that won’t cause breakouts.,1758568532.0,1.0,1,0,Question,Taginechomper,5,False,0,False,text
MakeupAddiction,1nnvp87,What eyebrow color/brand do you recommend?,1,https://reddit.com/r/MakeupAddiction/comments/1nnvp87/what_eyebrow_colorbrand_do_you_recommend/,https://www.reddit.com/gallery/1nnvp87,I recently got my hair done for the autumn season and my natural is a level 7 (medium blonde) and I really think I need to use some sort of eyebrow pencil do darken my eyebrows. Any recommendations on what products work? ,1758568484.0,0.67,1,0,,shortgirlmidwest25,3,True,2,True,text
MakeupAddiction,1nnvo6e,Help please,1,https://reddit.com/r/MakeupAddiction/comments/1nnvo6e/help_please/,https://www.reddit.com/r/MakeupAddiction/comments/1nnvo6e/help_please/,so im a dude and I like my facial hair and dont wanna get rid of it but I also like having a full face on. So is their anything I can use/put on my mustache and beard to be able to throw other stuff on after??,1758568419.0,1.0,1,0,,Pristine_Rip5705,3,False,0,False,text
MakeupAddiction,1no3lmt,What is this lip liner?,0,https://reddit.com/r/MakeupAddiction/comments/1no3lmt/what_is_this_lip_liner/,https://www.reddit.com/gallery/1no3lmt,"Only info it has that I can make out is (33) (ros(e)) and (crayo(n)). I know this is a stretch lmao. I’d feel extremely grateful if anyone knows which lip liner this is? If anyone knows the brand even that would be extremely helpful!! Thank you in advance to everyone!! 
",1758588346.0,0.4,0,0,Question,PotentialCourt8417,3,True,3,True,text
MakeupAddiction,1nn4d2h,Feminizing Makeup Tips?,48,https://reddit.com/r/MakeupAddiction/comments/1nn4d2h/feminizing_makeup_tips/,https://www.reddit.com/gallery/1nn4d2h,"Hello! I’m trans and have been transitioning for a little over a year. I’ve started getting a little more comfortable with using makeup and was wondering if any of you pros have some advice for Feminizing my look a little more? 

I tend to go for a more natural look but have recently started playing with contouring and want to start working on my eyes as well. 

Most of the shapes/lines I try are messy or they don’t quite work for my face. 

Anything jumping out that’s screaming “needs improvement” ?? I can take it! 

Foundation: Merit (Dune)
Concealer: ELF Camo Concealer (Light Peach)
Contour: ELF Halo Glow (Fair) 
Bronzer: Milk (Baked) 
Blush: Benefit (Dandelion)
Eyeliner: Revlon Colorstay (202 Black Brown)
Eyeshadow: Kween Bee Velveteen Dream gold shadow
Mascara: Tartelette (Brown)
Lip: Kim Chi Chic (Wowza) (it’s pretty rubbed off in this pic haha) 

Thank you! ❤️

Thank you ☺️ ",1758490428.0,0.7,48,0,Question,venometh2,67,True,2,True,text
MakeupAddiction,1nnuk40,Beauty shopping survey,0,https://reddit.com/r/MakeupAddiction/comments/1nnuk40/beauty_shopping_survey/,https://docs.google.com/forms/d/e/1FAIpQLSc8WsUL5B2egSTFq1x2DETYcnzOdrUIkl_TGUa33wQsh7wq6A/viewform?usp=header,"If you have any experience buying beauty products I'd love 2 minutes of your time for this anonymous survey. No email required! Researching if there's a better way to discover products. This is for a personal passion project and would be greatly appreciated.

I may have already posted here but I am just trying to get as many responses as possible.",1758565908.0,0.5,0,0,,Zswag10,1,False,0,False,text
MakeupAddiction,1nnn7g6,"Whats the difference between baking powder, compressed powder, and loose powder? Do I need all of it?",2,https://reddit.com/r/MakeupAddiction/comments/1nnn7g6/whats_the_difference_between_baking_powder/,https://www.reddit.com/r/MakeupAddiction/comments/1nnn7g6/whats_the_difference_between_baking_powder/,"I’m a bit confused if I need to purchase all three or do I just have to pick?? And whats the difference between them? Do I put it after makeup or during? Cause I see a lot of influencers do both so I’m a little confused, I’m a little new at this",1758549472.0,1.0,2,0,,Adorable_Paimon,3,False,0,False,text
MakeupAddiction,1nnt50n,Mothership XI vs . Tilbury Beautifying Trends Pink Love and Sensual Sunset?,0,https://reddit.com/r/MakeupAddiction/comments/1nnt50n/mothership_xi_vs_tilbury_beautifying_trends_pink/,https://www.reddit.com/gallery/1nnt50n,"I own the Tilbury Beautifying Trends in Sensual Sunset. Love the colors. I’m also looking to expand my pinks and purples. I’m debating whether adding Tilbury Pink Love to Sensual Sunset would cover all bases, or whether nixing Pink Love and instead adding McGrath Mothership XI (Sunlit Seduction) would give me more variety than the 2 Tilbury palettes.

I know and love Charlotte’s formula and have never owned a McGrath product before. Below are swatches of the 2 Tilbury palettes and swatches grabbed from a kind Reddit user of the Mothership (the McGrath swatches are so deceptive). Any advice would be appreciated!",1758562798.0,0.5,0,0,,Gatito9791,1,True,4,True,text
MakeupAddiction,1nnsrez,GodMode Beauty order returned to sender - but I was never contacted about paying a tariff,1,https://reddit.com/r/MakeupAddiction/comments/1nnsrez/godmode_beauty_order_returned_to_sender_but_i_was/,https://www.reddit.com/r/MakeupAddiction/comments/1nnsrez/godmode_beauty_order_returned_to_sender_but_i_was/,"Title says most of it. I ordered a double-ended eyeliner from them on September 2nd. I still have not received my package, so I checked the order status and it says it has been returned to sender. However I was never contacted by anyone about paying a tariff for it or anything, and I have not been refunded. What the heck is going on? Had anyone else had this experience?",1758561956.0,1.0,1,0,Discussion,DiligentProfession25,1,False,0,False,text
MakeupAddiction,1nnsjqo,Batch codes,1,https://reddit.com/r/MakeupAddiction/comments/1nnsjqo/batch_codes/,https://www.reddit.com/r/MakeupAddiction/comments/1nnsjqo/batch_codes/,For looking up batch codes on checkfresh are sample products typically on there? I’m going through my hoard of samples to toss old ones and some showed as 6 years old but others are saying invalid batch codes so I’m wondering if sample products use different batch codes? Thanks!,1758561475.0,1.0,1,0,,Outrageous_Grocery83,1,False,0,False,text
MakeupAddiction,1nns2og,What foundation shade matches best with my skin tone? Struggling.,0,https://reddit.com/r/MakeupAddiction/comments/1nns2og/what_foundation_shade_matches_best_with_my_skin/,https://i.redd.it/f9i0n1yzyqqf1.jpeg,"What L’Oréal infallible 32 hr foundation matches my skin? I have like tan, medium, olive, yellow, neutral undertones. Foundations in the past look too peachey, grey, reddish, or too light. The one pictured is golden beige. Is there another foundation that would be a better match or is this the best they got? ",1758560419.0,0.5,0,0,,gorgongargantuan,9,True,1,False,image
MakeupAddiction,1nnrl26,New Gloss Drying Out Lips!,1,https://reddit.com/r/MakeupAddiction/comments/1nnrl26/new_gloss_drying_out_lips/,https://i.redd.it/pgczo1cqvqqf1.jpeg,"I just bought some new NYX Butter Gloss Bling lip glosses, and they’re super glittery and super pretty and it’s definitely not my first time using a glittery gloss however, the morning after I first used these, my lips were completely dried out and it felt like the skin on my lips was so tight. I looked in the mirror and my lips are peeling, with dead skin covering them. I’ve been using cocoa butter Vaseline on my lips since then, but I don’t understand why this is happening, but I know it’s because of these because these are the only new things I’ve used on my lips. Has anyone else had this problem before? And do you think it’s a reason I should stop using these products? ",1758559321.0,1.0,1,0,Question,rickyspanish1997,4,True,1,False,image
MakeupAddiction,1nnr9ux,Helppp - does anyone else have issues with their powdered products breaking?,0,https://reddit.com/r/MakeupAddiction/comments/1nnr9ux/helppp_does_anyone_else_have_issues_with_their/,https://i.redd.it/k6c5fj3qtqqf1.jpeg,"Ever since I got into makeup over 10 years ago, I always had an issue with my base-powder products breaking?? Like either the case or the actual product breaks and it’s so frustrating

I don’t think I’m particularly rough with my products at ALL and I don’t drop them, but why does this keep happening?? I literally just open them one day and they’re shattered (for clarification, these all broke at different times) 

You can tell that for the 2 that are shattered that they’re still pretty full and not close to being a thin layer in the pan

Does anyone have any answers or tips? I’m getting so frustrated ",1758558646.0,0.33,0,0,Question,mildlyannoyedmango,12,True,1,False,image
MakeupAddiction,1no3p7v,What can I improve on with my makeup?,0,https://reddit.com/r/MakeupAddiction/comments/1no3p7v/what_can_i_improve_on_with_my_makeup/,https://i.redd.it/v2oy218watqf1.jpeg,,1758588634.0,0.38,0,0,,Puzzledm3,8,True,1,False,image
MakeupAddiction,1nn59g1,Pink and orange look for today branching out.,27,https://reddit.com/r/MakeupAddiction/comments/1nn59g1/pink_and_orange_look_for_today_branching_out/,https://www.reddit.com/gallery/1nn59g1,"I'm not use to bright colors. I usually keep it very neutral but I've been told recently to try brighter colors. So I tried pink, orange, yellow and white today.

James charles x morphe pallette, e.l.f liquid liner, ioni strip lashes. ",1758492722.0,0.88,27,0,FOTD,Worth_Scallion1526,11,True,3,True,text
MakeupAddiction,1nnq9gn,Reformulated MAC studio fix,1,https://reddit.com/r/MakeupAddiction/comments/1nnq9gn/reformulated_mac_studio_fix/,https://www.reddit.com/r/MakeupAddiction/comments/1nnq9gn/reformulated_mac_studio_fix/,"Can anyone recommend another product that behaves the same or close to as the OG MAC studio fix powder/foundation ? 
I’ve used this for years & since they reformulated it , it’s just not doing it for me ! I managed to match my shade , but the texture , the finish , how it behaves compared to old formula is so bad & not sustainable. I’m really sad about it :( 
Any help is appreciated 💞",1758556396.0,1.0,1,0,,JulesWild,1,False,0,False,text
MakeupAddiction,1nnkedc,Do Rare Beauty eyeshadow sticks have a smell?,2,https://reddit.com/r/MakeupAddiction/comments/1nnkedc/do_rare_beauty_eyeshadow_sticks_have_a_smell/,https://www.reddit.com/r/MakeupAddiction/comments/1nnkedc/do_rare_beauty_eyeshadow_sticks_have_a_smell/,"Hey all, Basically as the title suggests, do the rare beauty eyeshadow sticks have a smell? I recently bought one and it has an almost play-doh like smell? I read that they were fragrance free etc and it's definitely not a fragrance or scent like smell. But a smell nonetheless. I did the batch code check and it showed that it was produced in 2023 and says it's still good to use. I was wondering if it has in fact gone bad? Or if this smell is normal for rare beauty?",1758542068.0,0.76,2,0,Question,NinaCoots,3,False,0,False,text
MakeupAddiction,1nmq0la,Mel Madarda inspired smoky eye,162,https://reddit.com/r/MakeupAddiction/comments/1nmq0la/mel_madarda_inspired_smoky_eye/,https://www.reddit.com/gallery/1nmq0la,,1758455778.0,0.99,162,0,FOTD,Infinite_Priority_46,11,True,3,True,text
MakeupAddiction,1nnh6l2,how to prep my undereye for a dry pot concealer?,3,https://reddit.com/r/MakeupAddiction/comments/1nnh6l2/how_to_prep_my_undereye_for_a_dry_pot_concealer/,https://i.redd.it/oq1kzvxtioqf1.jpeg,"i own the saem triple pot concealer and when i apply it for my undereye its very dry. i dont want to waste one of the color and just use the other 2 colors as my PIE scars color corrector and i really want to get a good use of all the colors. do you have any tips to prep for my undereye? i dont own an eye serum and my skin is dehydrated oily. ive got essence,moisturizing toner and torriden soothing cream. would be great if you have tips using the skincare products i have :)",1758530768.0,1.0,3,0,Question,ecstathiq,3,True,1,False,image
MakeupAddiction,1nnh1st,It's berry season!! Let's talk vampy make up!,3,https://reddit.com/r/MakeupAddiction/comments/1nnh1st/its_berry_season_lets_talk_vampy_make_up/,https://www.reddit.com/r/MakeupAddiction/comments/1nnh1st/its_berry_season_lets_talk_vampy_make_up/,"As the weather turns and there's a chill in the air, every shop is putting out their autumn stock. I cannot be more excited, I'm sure my fellow fall enjoyers understand. 

Brown, dark red, and berry tones have been on my radar recently and I feel like this is the perfect season and weather to really let that shine. When I think about that sort of colour palette, I think of 90s make up; dark, vampy lips, maybe a grungy smoky eye. Though that might just be the pop culture interpretation of 90s make up, I wasn't old enough to remember much of that period. 

In terms of products, I recently got my very first MAC lipstick! I know it's not a big deal in this day and age. But it's a sentimental milestone. I was recommended the shade Empowered. The formula is lovely and you can pull out more of the brown or plum shade depending on how much you put on (I find a thin layer looks more purple). It pairs perfectly with Fenty gloss bomb in the shade hot chocolit as well. This combo looks great with smudgy/smoky brown eyeliner. I'd usually paint my nails brown to match but I'm waiting on an order of gel polish instead. 

I want to hear about everyone's favourite moody make up products and their go-to looks!",1758530245.0,0.8,3,0,Discussion,mibibi,4,False,0,False,text
MakeupAddiction,1nn8x1t,What is your favorite drugstore brand for mascaras?,12,https://reddit.com/r/MakeupAddiction/comments/1nn8x1t/what_is_your_favorite_drugstore_brand_for_mascaras/,https://www.reddit.com/r/MakeupAddiction/comments/1nn8x1t/what_is_your_favorite_drugstore_brand_for_mascaras/,"My favorite drugstore brand is Maybelline. I’ve tried other brands too (both drugstore and high-end), but I keep going back to Maybelline mascaras. They don’t smudge, smear, or give me panda eyes. 🐼 I usually only apply two coats, so clumping has never been an issue for me. 

The newer L’Oréal mascaras have been getting a lot of positive reviews as well, but I am hesitant to try them. I have found L’Oréal mascaras to be very clumpy on multiple occasions and they tend to give me panda eyes.",1758502833.0,1.0,12,0,Discussion,Expert_Marsupial_235,22,False,0,False,text
MakeupAddiction,1nmj2eb,wanted to show off this bold eye look i did today!!,455,https://reddit.com/r/MakeupAddiction/comments/1nmj2eb/wanted_to_show_off_this_bold_eye_look_i_did_today/,https://www.reddit.com/gallery/1nmj2eb,"i’m absolutely in LOVE with my makeup today, i just had to show it off lol. i’m clearly very inspired by the 2016 bold eye looks, especially if i’m told we’re gonna go somewhere nice lol 

list of products used

primer: elf power grip primer 

foundation: fenty beauty soft lit shade 110

concealer: elf camo concealer light peach

contour: elf halo glow beauty wand fair 

blush: juvias place blushed rougie volume 5 

bronzer: morphe glam bronze mastermind 

highlight: wet n wild chameleon chrome blue 

setting spray: morphe luminous setting spray 

lips: saint luxe lip liner moscato, nyx matte lip balm mushy 

eyes: mikayla x glamlite palette, mikayla x glamlite paht two 10 pan palette

eyeliner: black nyx epic wear liquid liner 

lashes: duo black lash glue, ioni lashes fluffy hybrid criss cross spikey ",1758430402.0,0.97,455,0,FOTD,its_virgo_season,14,True,3,True,text
MakeupAddiction,1nnnb09,Need makeup advice,1,https://reddit.com/r/MakeupAddiction/comments/1nnnb09/need_makeup_advice/,https://www.reddit.com/r/MakeupAddiction/comments/1nnnb09/need_makeup_advice/,"Hello! This is my first time posting here. 

I'm not posting to fish for compliments or anything, but I've been down about my appearance for a while. I'm 28 years old and I feel like my makeup is aging me. It might partially be my skincare routine (or lack of) as I just use moisturizer and wash my face. 

I used to be really into makeup; I would religiously watch beauty gurus on youtube (back when they weren't called influencers), do full beats every day, would venture out and wear blue lip color, and spend soooo much money on products that I don't have now. I feel like all of my makeup knowledge is from peak 2015-16. 

I would also consider myself a flavor of alternative. But haven't had the motivation to express myself as I feel kind of gross about myself. Again, not looking for sympathy, just sharing how I feel. 

Anyway, I think the main goal here is for advice of products, any influencers I might be interested in watching do their makeup (preferably plus size/fat babes), techniques... whatever y'all think might be helpful. Thank you so much. Please refer to captions under photos for timeline. (Current makeup, me without makeup, me with makeup in 2017)

**TL;DR: I need makeup advice: Products, who should I be watching, techniques, etc.**

[Current makeup](https://preview.redd.it/sbx3ornj2qqf1.jpg?width=2048&format=pjpg&auto=webp&s=089c1d62ab6751721283f6a851dc7aebabc76f34)

[Current makeup](https://preview.redd.it/ij6p4snj2qqf1.jpg?width=1536&format=pjpg&auto=webp&s=f98a639f691966e7cd48109783b28393ec107c45)

[Me without makeup](https://preview.redd.it/ovekgg3s2qqf1.png?width=388&format=png&auto=webp&s=947c3337f61d977a3142db4a8d48c7e84a3feb28)

[Me in 2017 and how I used to do my makeup.](https://preview.redd.it/zd87bwcu2qqf1.jpg?width=676&format=pjpg&auto=webp&s=2e78504ddaadaf02e1b611792ab116831f62ddd1)



",1758549700.0,0.67,1,0,,Ok_Cake4805,5,True,4,False,text
MakeupAddiction,1nn0ued,"A Full Beat Of Purples Ft. My Devil On My Shoulder, My Personal Demon, White Liner 💜",32,https://reddit.com/r/MakeupAddiction/comments/1nn0ued/a_full_beat_of_purples_ft_my_devil_on_my_shoulder/,https://www.reddit.com/gallery/1nn0ued,"Still struggling quite a bit, but I am absolutely not going to let that influence me from not doing makeup. This is my art and a fun source of creativity, I'm not letting this surprise bout of everything get me down long term!

~~ PRIMERS ~~>
❤️ Milani Eyeshadow Primer
❤️ Smashbox Photo Finish Primer 

~~ EYES ~~>
❤️ Colourpop x Pokemon Pallet Town Palette - Indigo League, Lavender Town, Pewter City,  Drying Pan
❤️ Colourpop BFF Creme Gel Liner - Exit, Joy Ride
❤️ NYX ButterMelt Highlighter - Butta Mint
❤️ Maybelline Sky High Mascara - Burgundy

~~ BROWS ~~>
❤️ Colourpop BFF Creme Gel Liner - Joy Ride

~~ LIPS ~~>
❤️ Milani Color Fetish Lipstick - Dahlia
❤️ FENTY Glass Bomb Lipgloss - Glass Slipper

~~ FACE ~~>
❤️ About-face The Performer Foundation - L1 Neutral 
❤️ Milani Cheek Kiss Cream Blush - Merlot Moment
❤️ Nyx ButterMelt Highlighter - Butta Mint
❤️ Milani Make It Last Setting Powder 
❤️ Milani Make It Last Original Setting Spray ",1758482146.0,0.83,32,0,FOTD,biosicc,1,True,5,True,text
MakeupAddiction,1nmdwrf,Am I seeing things,954,https://reddit.com/r/MakeupAddiction/comments/1nmdwrf/am_i_seeing_things/,https://www.reddit.com/gallery/1nmdwrf,Both are Revlon powder blushes and the shade is labeled 001 Oh Baby! Pink on both… but I swear they’re two distinct colors. Has anyone ever tried these? I bought the top blush since I liked the color more. There were only two in store so I couldn’t tell which was “off”. ,1758414055.0,0.99,954,0,,YoVoldysGoneMoldy,54,True,2,True,text
MakeupAddiction,1nnmgu2,Huda Beauty Mini Color Correctors,1,https://reddit.com/r/MakeupAddiction/comments/1nnmgu2/huda_beauty_mini_color_correctors/,https://www.reddit.com/r/MakeupAddiction/comments/1nnmgu2/huda_beauty_mini_color_correctors/,"I know that Huda Beauty color correctors are infamous for how leaky they are, and that they’ve recently updated the packaging to stop this. I see some minis on the Sephora website that seem to still have the old packaging but it looks like a new product (at least Sephora marks them as new), does someone own the minis and are they also leaky? I’d like to get one to test but if it’s going to cause a mess I’d rather just get the full size. Thank you!",1758547626.0,1.0,1,0,Question,Equivalent_Price_970,1,False,0,False,text
MakeupAddiction,1nnrrou,Let's Talk About My Daily Wear,0,https://reddit.com/r/MakeupAddiction/comments/1nnrrou/lets_talk_about_my_daily_wear/,https://www.reddit.com/gallery/1nnrrou,"Me: 45NB.... I've been stumbling through my makeup for the last year or so, but have settled on a general routine (below).

Looking for general advice for my daily routine and also very curious about conturing, but I can't seem to figure that out.

Any advice? Thx!



In order:  
  
e.l.f. Power Grip Matte Primer 

Mehron CreamBlend Stick Orange

e.l.f. Perfect Finish HD Powder

Dermablend Leg and Body Makeup – 35w

VolksRose Shimmer - multiple colors

NYX Professional Vivid Rich Mechanical Liner

Maybelline Lash Sensational Mascara - Very Black

e.l.f. Matte Magic Mist & Set

Benefit Playtint – Pink lemonade tint

",1758559733.0,0.48,0,0,,huge_dick_mcgee,22,True,4,True,text
MakeupAddiction,1nnluvy,Has anyone heard of this bodypaint product?,1,https://reddit.com/r/MakeupAddiction/comments/1nnluvy/has_anyone_heard_of_this_bodypaint_product/,https://www.reddit.com/r/MakeupAddiction/comments/1nnluvy/has_anyone_heard_of_this_bodypaint_product/,Have any of you heard of an alcohol activated Bodypaint cake. It’s a hybrid I think that can only be activated by the activator from the same company. I heard of it a while back but didn’t get it and now can’t think of the name of the brand. If it helps the company also makes a remover but people have worked out they can use oil based remover to get it off. Sorry if this is super vague.,1758546119.0,1.0,1,0,Question,PinEMup,1,False,0,False,text
MakeupAddiction,1nnkvif,Il Makiage power rewind pump,1,https://reddit.com/r/MakeupAddiction/comments/1nnkvif/il_makiage_power_rewind_pump/,https://www.reddit.com/r/MakeupAddiction/comments/1nnkvif/il_makiage_power_rewind_pump/,Anyone know how to prevent the Power Rewind pump from clogging? I love the product but have tried many different tricks to prevent it from clogging up and then losing a whole bunch when forcing the pump down.,1758543463.0,0.67,1,0,,MartyDodgerD,1,False,0,False,text
MakeupAddiction,1nnkpbs,Free Il Makiage Promo Codes,0,https://reddit.com/r/MakeupAddiction/comments/1nnkpbs/free_il_makiage_promo_codes/,https://www.reddit.com/r/MakeupAddiction/comments/1nnkpbs/free_il_makiage_promo_codes/,"howdy! i have coupons from il makiage that i am not going to use.

if you want to use it, knock yourself out!

i imagine it is a first-come-first-serve coupon code.  
i am not using it because i do not use il makiage make up, but i have tried it before and they are trying hard to make me come back, lol.

if they don't work, that means someone already got to them first. if you use them, please comment so people know!

anyhoo, here are the codes:

$50 **50REAAYS1A2**

$25 **25SRYWDVDBAK**

BOGO + free shipping on orders $50+ **BDBOGOAK2A55RM**

$15 **REV15Y8ZHVS7F**",1758542968.0,0.33,0,0,,AutoCADgeek4,1,False,0,False,text
MakeupAddiction,1nnkbyt,Traveling with Danessa Myricks Blurring Balm?,1,https://reddit.com/r/MakeupAddiction/comments/1nnkbyt/traveling_with_danessa_myricks_blurring_balm/,https://www.reddit.com/r/MakeupAddiction/comments/1nnkbyt/traveling_with_danessa_myricks_blurring_balm/,"Love the stuff. But also have to travel a lot (like weekly...) and i cannot find a travel size where I live...

So has anyone figured out how to best pack a small amout of it to not have to carry the complete thing around ?

(its taking up quite some space in my cosmetics bag, also I fear breaking it at some point...)

TX",1758541867.0,1.0,1,0,Question,Timely-Pause6424,4,False,0,False,text
MakeupAddiction,1nm0xpm,Aqua & black,3469,https://reddit.com/r/MakeupAddiction/comments/1nm0xpm/aqua_black/,https://www.reddit.com/gallery/1nm0xpm,"
Face: elf Liquid portless putty primer, Colourpop pretty fresh foundation in light 55N+ elf soft glam foundation in fair cool + LA girl ProColor foundation mixing pigment in blue grip, Wet n wild incognito concealer in fair beige & catrice true skin concealer in cool cashmere, Elf putty bronzer in feelin shady, Elf halo glow wand contour in fair light, pawpaw contour stick in nude, wet and wild Photofocus translucent loose powder,  LA girl pro concealer in white, flower beauty gel crush in blackberry crush, wet n wild Photofocus translucent loose powder, Flower beauty light illusion pressed powder in porcelain, 1 :Dark cool, medium cool, light cool, essence brighten up banana powder in Bababanana, elf stay all night spray 

Eyebrows: Beauty creations by brow definer pencil in 06, elf bite sized brow in dark brown, got2b glued 

Eyes: O.TWO.O universal cooling Eye primer in natural. LA girl ultimate autoliner in ultimate black, Morphe JH palette: pool party, abyss, beam. Beaurt bay 42 bright matte palette: white lies & sea mist. Nyx epic ink eyeliner in black. slayfire cosmetics diamond skin glitter palette center column bottom row. 

Lashes: AOA curl mascara, lashes are from AliExpress manga style. (I reused a random pair idk where these are from so sorry !) 

Lips: LA girl shockwave eyeliner in blackout & nyx lingerie XXL matte lip naughty noir ",1758381619.0,1.0,3469,0,FOTD,waterfromthevalley,94,True,2,True,text
MakeupAddiction,1nmwxsp,Urban Decay Naked OG palette is quietly back on their website,32,https://reddit.com/r/MakeupAddiction/comments/1nmwxsp/urban_decay_naked_og_palette_is_quietly_back_on/,https://www.reddit.com/r/MakeupAddiction/comments/1nmwxsp/urban_decay_naked_og_palette_is_quietly_back_on/,This is random but if anyone is needing a new UD OG Naked palette it’s available on their US website again! I’d been on the hunt for one recently and just happened to peruse their website and it’s back again? I thought it was random because there was no announcement from their social media pages from what I remember lol.,1758473201.0,0.79,32,0,Discussion,3uphoricglitt3r,22,False,0,False,text
MakeupAddiction,1nmeh78,Baby Shower Glam (not mines😗) guess the gender,553,https://reddit.com/r/MakeupAddiction/comments/1nmeh78/baby_shower_glam_not_mines_guess_the_gender/,https://www.reddit.com/gallery/1nmeh78,"


Nyx the face glue primer
Nyx eyebrow pencil ash*
Nyx Matte Eyeliner black*
Evpct eyeliner purple*
Fantastic color eyeliner blue*
Glitter Obsession pallete 
Morphe such a gem 39s palette
James Charles’s plalette
One Size Matte Setting Spray Ben Nye Banana Setting Powder
Tarte Mascara 
WetnWild Eyeshadow Primer
Fenty Beauty  Highlighter 
L’Oréal Lumi Foundation c6
Juvias Place Concealer *9
Juvias Place Volume 2 Blush Palette-Sola,Tau
Clinique cheek pop 07 cola pop
Eyebrow Setting Gel Soap
Fit colors lipliner 02*
Nyx buttergloss marshmallow*
Fenty beauty heat hot chocolate heat 04*
Focipeysa lashes",1758415767.0,0.95,553,0,FOTD,sailor_venus29754,34,True,6,True,text
MakeupAddiction,1nnje0n,Looking for the official LOTR makeup products used on Liv Tyler as Arwen (I know about Black Honey!),1,https://reddit.com/r/MakeupAddiction/comments/1nnje0n/looking_for_the_official_lotr_makeup_products/,https://www.reddit.com/r/MakeupAddiction/comments/1nnje0n/looking_for_the_official_lotr_makeup_products/,"Hi everyone! I’ve been searching everywhere, but I can’t find a full official list of what makeup products were used on Liv Tyler as Arwen in The Lord of the Rings.

I already know that her lipstick was Clinique Almost Lipstick in Black Honey, but does anyone know what other products (foundation, blush, mascara, eyeshadow, etc.) the LOTR makeup team used on her? Maybe from interviews, behind-the-scenes info, or professional sources?

Thanks in advance! 🌿✨",1758538870.0,0.6,1,0,FOTD,Pitiful-Mango8952,3,False,0,False,text
MakeupAddiction,1nnflor,Makeup recommendations,2,https://reddit.com/r/MakeupAddiction/comments/1nnflor/makeup_recommendations/,https://www.reddit.com/r/MakeupAddiction/comments/1nnflor/makeup_recommendations/,"I recently threw away all of my makeup, I couldn’t stand seeing so much products I really felt like I was just consuming more than I should. Although I used it pretty often I would like recommendations for beauty products that are worth the price. I’m looking to buy quality instead of quality. As per products I’d like a really good
- setting powder 
- setting spray 
- tubing mascara 
- concealer 
- foundation (I use elf soft glam)
- eyeliner 
- glitter for eyes 
- contour 
- lip liner 
I pretty much just need everything just anything worth my buck is preferred. Thanks again for any advice and product mention :3. ",1758524472.0,1.0,2,0,,hotpplhaveibs,2,False,0,False,text
MakeupAddiction,1nn064u,Do these lashes look silly? First time applying them myself.,18,https://reddit.com/r/MakeupAddiction/comments/1nn064u/do_these_lashes_look_silly_first_time_applying/,https://i.redd.it/cb9igm3qdkqf1.jpeg,"I did my makeup very heavy for family photos on the beach. I usually do mascara but wanted to try lashes. I applied them and left them on after first try so I didn’t mess up my makeup. It’s too late now but I hope they look okay. 

Foundation js Too Faced Born This Way in Ivory.
Concealer is Tower 28 in 3CC. Cheek highlight is Gwen Stefani in Karat Country. Matte bronzer is NARS Laguna talc free. Blush is Patrick Ta in shade Not Too Much. Eyeshadow is Too Faced Better than Chocolate and Precious Gems.
Brows NYX Rich Auburn. Setting powder is Laura Mercier talc free. Setting spray is Benefit Porefessional. Lashes are Lilly Self Adhesive half lashes in Day Dreamer. ",1758480623.0,1.0,18,0,Question,GlitterBombBomb,9,True,1,False,image
MakeupAddiction,1nn3h8y,do i have to use any eyebrow products if my brows are naturally full? i don’t really understand anything about eyebrow makeup,13,https://reddit.com/r/MakeupAddiction/comments/1nn3h8y/do_i_have_to_use_any_eyebrow_products_if_my_brows/,https://i.redd.it/drk7tg6j0lqf1.jpeg,,1758488294.0,0.88,13,0,Question,PrestigiousCause5650,13,True,1,False,image
MakeupAddiction,1nn77o1,new palette+earrings,5,https://reddit.com/r/MakeupAddiction/comments/1nn77o1/new_paletteearrings/,https://www.reddit.com/gallery/1nn77o1,"eyes- harry potter profusion the dark arts palette sectumsempra and serpensortia with wet n wild chameleon chrome topper in too sirius(also used for highlighter) nyx epic ink liner in black, nyx vivid brights liquid liner in ghosted green under wing, wet n wild chameleon chrome in superstar suit under eyes, maybelline lash sensational luscious mascara, ioni fake lashes halfling bougie

blush- harry potter profusion ph blushlighter in the dark mark 

lips- harry potter profusion color changing shimmer lip oil in narcissa 

bronzer- nars laguna 

concealer/powder- elf hydrating camo concealer fair rose, sheer powder 
",1758497958.0,0.61,5,0,FOTD,newtnootnute,3,True,4,True,text
MakeupAddiction,1nm9h7b,Eyeshadow look I did this week!,897,https://reddit.com/r/MakeupAddiction/comments/1nm9h7b/eyeshadow_look_i_did_this_week/,https://www.reddit.com/gallery/1nm9h7b,"All three eyeshadow palettes used are cheeryep, shimmer is w7 eye lust (blue) plus cheeryep, and highlighter is GirlsCrush dewy pearl. Sorry for the blurry pictures😅",1758402092.0,1.0,897,0,FOTD,poshpumpkinspice,21,True,3,True,text
MakeupAddiction,1nnensq,Any advice on my makeup?,2,https://reddit.com/r/MakeupAddiction/comments/1nnensq/any_advice_on_my_makeup/,https://www.reddit.com/gallery/1nnensq,"Sorry I look kinda grumpy in the first pic, i can't see properly in the sun lol. My routine is very minimal and it only has 6 products. I feel like i need to do something with my brows, they kinda look messy and maybe i should use lip liner? And if yes than what shade? Maybe something like cocoa? Im not sure, please help",1758520955.0,0.75,2,0,,JustACuri0usHuman,5,True,2,True,text
MakeupAddiction,1nn5sgg,Who remembers these??,7,https://reddit.com/r/MakeupAddiction/comments/1nn5sgg/who_remembers_these/,https://www.reddit.com/gallery/1nn5sgg,Who remembers the Anastasia Beverly Hills highlights!!! I just saw this on my reels page… what a throw back y’all I totally forgot about this product!!! 😩 thinking back I have no idea what happened to my palette 💔,1758494108.0,1.0,7,0,,bananakitty69,4,True,2,True,text
MakeupAddiction,1nnsgh4,fake or real,0,https://reddit.com/r/MakeupAddiction/comments/1nnsgh4/fake_or_real/,https://www.reddit.com/gallery/1nnsgh4,"the charlotte tilbury setting spray is on shein, and i’m wondering if it’s real or fake. on the second slide, it shows that it says it’s verified and authentic charlotte tilbury with a verification mark on it, but i’m just not too sure. does it have the chinese lettering on the bottle because it’s just made for the chinese market or because it’s fake ? can anyone help ? thank you :))",1758561279.0,0.14,0,0,Question,Lazy_Butterscotch436,4,True,2,True,text
MakeupAddiction,1nmc5mv,Throwback: Urban Decay used to have this customizable palette and it was PERFECT for everyday and travel use.,478,https://reddit.com/r/MakeupAddiction/comments/1nmc5mv/throwback_urban_decay_used_to_have_this/,https://www.reddit.com/gallery/1nmc5mv,"As stated in the title, Urban Decay used to have a customizable palette where you would put individual shades in. Most of these are from Naked 2. I recently replaced Snakebite (discontinued) and Tease and only use Foxy and Busted sometimes. ",1758409097.0,1.0,478,0,Organization,sdbabygirl97,60,True,2,True,text
MakeupAddiction,1nmw93s,Hello everyone (oc),18,https://reddit.com/r/MakeupAddiction/comments/1nmw93s/hello_everyone_oc/,https://i.redd.it/ln63h3vvmjqf1.jpeg,,1758471599.0,0.88,18,0,FOTD,little_elderberri,6,True,1,False,image
MakeupAddiction,1nn75md,Lipsticks that LAST!,3,https://reddit.com/r/MakeupAddiction/comments/1nn75md/lipsticks_that_last/,https://www.reddit.com/r/MakeupAddiction/comments/1nn75md/lipsticks_that_last/,"What's a lip product (preferably matte or low shine) that really stays on all day for you? 

I've been looking for something similar to Wet and Wild's mega last lipstick in the shade ""Cherry Bomb"". It's a dark red with a touch of coolness but that isn't super purple. 

I'm open to different types of products (liquid, stain, tint, cream lipstick) etc but would prefer a bullet lipstick. I find that the lipstick I have right now smears super easily",1758497796.0,0.81,3,0,Question,Superb-Government-10,27,False,0,False,text
MakeupAddiction,1nnbiuy,Brands that make a foundation that actually has pink undertones?,2,https://reddit.com/r/MakeupAddiction/comments/1nnbiuy/brands_that_make_a_foundation_that_actually_has/,https://www.reddit.com/r/MakeupAddiction/comments/1nnbiuy/brands_that_make_a_foundation_that_actually_has/,"So I am trying to embrace my pale skin after many many self tan blunders one of the reasons I self tanned was because I hated how I looked with a foundation that matched my pale skin. I always felt like I looked ghostly, ill, washed out and overall worse than I do with tan. When I wear foundation while I'm tanned I feel more glowy, natural and smoother.

Basically I want to try and find a foundation that matches my pale skin while not washing me out and reads more pink than white. Below is a link to a selfie of me with zero self tan and my natural skin tone.

Thank you in advance!

https://ibb.co/Zp8G3gPV

https://ibb.co/bj1p896B",1758510451.0,1.0,2,0,Question,makeupbybilly,2,False,0,False,text
MakeupAddiction,1nmh2u2,throwback to this look i did last year,156,https://reddit.com/r/MakeupAddiction/comments/1nmh2u2/throwback_to_this_look_i_did_last_year/,https://i.redd.it/t0qwh6joofqf1.jpeg,,1758423773.0,0.99,156,0,FOTD,possumpssy,12,True,1,False,image
MakeupAddiction,1nn2zg3,I Feel Like It Could Be Better???,5,https://reddit.com/r/MakeupAddiction/comments/1nn2zg3/i_feel_like_it_could_be_better/,https://i.redd.it/5x1sqj91xkqf1.jpeg,"I don’t think my makeup is horrible but definitely feel like it could be better?? Maybe I am over comparing to girls on social media??

Product List

-ordinary barrier repair serum and hylauranic acid 
-ordinary moisturizer 
-nyx concealer serum under eyes sometimes around nose and on chin
-rare beauty liquid blush “happy” on cheek
-nyx eyebrow gel 
-waterproof lash paradise 
-a random powder blush i’ve had for much too long
-very little translucent powder on a wet beauty blender to set my undereyes 
-wet n wild tattoo lip liner and some aquaphor ",1758487124.0,0.78,5,0,,Medical-Carpenter-81,7,True,1,False,image
MakeupAddiction,1nmscgz,Love doing a colorful makeup look!,21,https://reddit.com/r/MakeupAddiction/comments/1nmscgz/love_doing_a_colorful_makeup_look/,https://www.reddit.com/gallery/1nmscgz,,1758462262.0,0.87,21,0,FOTD,meowcrosoft,3,True,4,True,text
MakeupAddiction,1nnejoh,Any suggestions for discontinued Undone gloss,1,https://reddit.com/r/MakeupAddiction/comments/1nnejoh/any_suggestions_for_discontinued_undone_gloss/,https://i.redd.it/k7lj1cghonqf1.jpeg,I wanted to repurchased this gloss from Ulta’s site but looks like the gloss is discontinued. I really enjoy how this gloss is light weight and hydrating and sheet in terms of color. Any suggestions for a dupe? ,1758520562.0,1.0,1,0,Discussion,Nothingbutbliss312,1,True,1,False,image
MakeupAddiction,1nnecl1,Is my foundation ashy good match? Is it looking too ashy or is it a depth problem. Which one looks better? I can never find a proper match.,0,https://reddit.com/r/MakeupAddiction/comments/1nnecl1/is_my_foundation_ashy_good_match_is_it_looking/,https://www.reddit.com/gallery/1nnecl1,"I have no foundation on in the third photo. Sometimes the foundation looks fine in person, other times it looks too yellow, or too ashy. There is some redness in my face, which the foundation seems to conceal. I am using Mac NC 20 here, I tried going darker and using NC 25 and it just turned me orange. Like an Oompa Loompa. Is it incredibly grey? Or can I work with it somehow? My neck and face are too different tones and my face always looks ashy compared to my neck. Also, this might be too vain but is the foundation making a marked diff? Should I just blend the foundation with a cream and turn it into a tinted moisturiser which will fix a lot of the problems. ",1758519839.0,0.5,0,0,FOTD,Any-Refrigerator-331,3,True,3,True,text
MakeupAddiction,1nnecfh,Is my foundation ashy good match? Is it looking too ashy or is it a depth problem. Which one looks better? I can never find a proper match.,0,https://reddit.com/r/MakeupAddiction/comments/1nnecfh/is_my_foundation_ashy_good_match_is_it_looking/,https://www.reddit.com/gallery/1nnecfh,"I have no foundation on in the third photo. Sometimes the foundation looks fine in person, other times it looks too yellow, or too ashy. There is some redness in my face, which the foundation seems to conceal. I am using Mac NC 20 here, I tried going darker and using NC 25 and it just turned me orange. Like an Oompa Loompa. Is it incredibly grey? Or can I work with it somehow? My neck and face are too different tones and my face always looks ashy compared to my neck. Also, this might be too vain but is the foundation making a marked diff? Should I just blend the foundation with a cream and turn it into a tinted moisturiser which will fix a lot of the problems. ",1758519824.0,0.5,0,0,FOTD,Any-Refrigerator-331,1,True,3,True,text
MakeupAddiction,1nn1u62,Anyone know the name of this colour?!,7,https://reddit.com/r/MakeupAddiction/comments/1nn1u62/anyone_know_the_name_of_this_colour/,https://www.reddit.com/gallery/1nn1u62,"I have this NYX colour correcting palette and this colour (circled) is a perfect match for me, does anyone have any idea of the colour name/number?!! I’ve tried looking on the website specifications and I’ve had no luck. Hoping one of you gems might have an answer! ",1758484439.0,0.73,7,0,,sydflynn,15,True,2,True,text
MakeupAddiction,1nndwa6,Foundation recommendation,1,https://reddit.com/r/MakeupAddiction/comments/1nndwa6/foundation_recommendation/,https://www.reddit.com/r/MakeupAddiction/comments/1nndwa6/foundation_recommendation/,"I’m looking to try a foundation from the drugstore. I have dry skin, but I don’t want something too dewy. I don’t want something that will empathize texture/pores, peels, cling to dry patches, or go away at the end of the night. What I’m looking for is basically a foundation that is not too heavy, long-lasting, and is not cakey. I have tried the Maybelline skin tint and it clung to dry patches, so please don’t recommend this one. ",1758518194.0,1.0,1,0,,yayawhodis,9,False,0,False,text
MakeupAddiction,1nmg3ox,Found out I'm cool toned and changed up my makeup!,149,https://reddit.com/r/MakeupAddiction/comments/1nmg3ox/found_out_im_cool_toned_and_changed_up_my_makeup/,https://www.reddit.com/gallery/1nmg3ox,Been using warm makeup this whole time and always felt off. I thought my veins were purple and green but it was actually blue 😅. I feel much better in cool toned makeup now that I have it on! Planning to dye my hair blue soon too ☺️,1758420716.0,0.99,149,0,,quinnie200,7,True,3,True,text
MakeupAddiction,1nnkmjt,Trans female (40) looking for advice,0,https://reddit.com/r/MakeupAddiction/comments/1nnkmjt/trans_female_40_looking_for_advice/,https://i.redd.it/0hbdzhueipqf1.jpeg,"Used: elf orange color corrector (suggested to hide beard shadow), IT cosmetics CC+ natural matte (light), Revlon colorstay foundation (light/ivory), Maybelline blush, Anastasia brow pencil (soft brown), and an elf powder brush. So far I need to add concealer and a primer. I’m going for a natural look; any advice to improve is appreciated 🙏. I just use pink lip gloss for lips. 

This is my second time applying makeup so I’m a total amateur. Any advice is greatly appreciated.

PS I also just bought clear mascara and primer but haven’t used either yet. Also need a concealer as mentioned. 
",1758542736.0,0.47,0,0,Question,dystopian_dreamz,55,True,1,False,image
MakeupAddiction,1nn7riy,Creators like Neoitgirl aka Nykita Joy,2,https://reddit.com/r/MakeupAddiction/comments/1nn7riy/creators_like_neoitgirl_aka_nykita_joy/,https://www.reddit.com/r/MakeupAddiction/comments/1nn7riy/creators_like_neoitgirl_aka_nykita_joy/,"Hi! I was wondering if anyone had any recommendations as to creators like Nykita. Any suggestions for people that have a more professional/glam bend to their content is appreciated. 

I like that she uses some classic product and brands like Ben Nye, Mac, RCMA, Kryolan, etc without making them look too old fashioned. Her tutorials are always glamorous and a bit theatrical, but don’t fully go into heavy or drag territory. Those are really beautiful styles, but I feel like Nykita’s style suits me more and is more adaptable for daily/nightly wear in my life.

If anyone has recommendations for creators who are less “influencer-y” and more classic, editorial style looks, please let me know!! Thank you!!",1758499510.0,1.0,2,0,,ExpensivePeach,2,False,0,False,text
MakeupAddiction,1nn755a,Recommendations for foundation similar to ONE SIZE Turn Up the Base Blurring Foundation,2,https://reddit.com/r/MakeupAddiction/comments/1nn755a/recommendations_for_foundation_similar_to_one/,https://www.reddit.com/r/MakeupAddiction/comments/1nn755a/recommendations_for_foundation_similar_to_one/,"I hope this is the right sub to ask this question. I am looking for a foundation similar to the One Size. I've been using it since I got into makeup so I am not really familiar with good foundations. It seems like lately a ton of One Size products are always out of stock and I can't seem to find my shade (Fair 2) anywhere.

I am looking for something with light coverage for combination skin. I'm not allergic to anything, I've got more rosy undertones, and I usually wear a full face or at least the foundation every time I go out. I don't want something super matte which is why I really like how lightweight and natural the blurring foundation is. Even a skin tint that still provides coverage would be amazing. Any recommendations?",1758497761.0,1.0,2,0,Question,No-Bandicoot816,1,False,0,False,text
MakeupAddiction,1nn6lq0,Laura Mercier Setting Powder,2,https://reddit.com/r/MakeupAddiction/comments/1nn6lq0/laura_mercier_setting_powder/,https://www.reddit.com/r/MakeupAddiction/comments/1nn6lq0/laura_mercier_setting_powder/,"hi! I started using the Laura Mercier loose setting powder and I love it but it’s very messy to carry it around for touchups. I was wondering if the Laura Mercier pressed setting powder is the same formula just with the binding agent or is it very different? Right now I put some of the powder in another compact, but it’s very fragile. When I run out, should I buy the pressed powder or continue putting the loose powder in the compact mysel? Thank you",1758496271.0,1.0,2,0,Question,weirdowithabeird,2,False,0,False,text
MakeupAddiction,1nma1vo,Help me feminize my face/chin? 🩷,225,https://reddit.com/r/MakeupAddiction/comments/1nma1vo/help_me_feminize_my_facechin/,https://i.redd.it/hq5f0mui0eqf1.jpeg,"Hi! Baby trans girl here, just hoping for some tips to feminize my face. I generally feel dysphoric about my mouth/chin area, is there anything I can do in that area? I generally just try to pull attention up to my eyes. I like my lips enough, but bold lipsticks feel like they pull my gaze closer to my chin, which I don't like. Thanks 🩷",1758403553.0,0.8,225,0,,FishTamer,215,True,1,False,image
MakeupAddiction,1nmls8k,Two toned blue eyeliner🧞‍♂️,34,https://reddit.com/r/MakeupAddiction/comments/1nmls8k/two_toned_blue_eyeliner/,https://www.reddit.com/gallery/1nmls8k,"Products used: L’Oréal infallible black and blue liquid eyeliner
•	⁠blue eyeshadows from the revolution Rich In Colour Shadow Palette
•	⁠blue and white Barry m cream eyeliner pencils
•	⁠ridiculously long but cool eyelashes from 
#mua #makeup #bluemakeup #creativemakeup
",1758440357.0,0.9,34,0,FOTD,julianasolerti,3,True,3,True,text
MakeupAddiction,1nm3s9j,Does this lip combo look good on me?,476,https://reddit.com/r/MakeupAddiction/comments/1nm3s9j/does_this_lip_combo_look_good_on_me/,https://i.redd.it/uhzau76brcqf1.jpeg,"Mac Cool Spice liner with Mac Signature Move Sleek Shine lipstick (I think that’s what it’s called). It’s so hard to find cool toned but not gray or purple lipliners and lipsticks when you’re as cool and pale as me. 

Also wearing: elf xtendr mascara in brown and Clinique black honey cheek pop blush. ",1758388340.0,0.96,476,0,Question,dntworrybby,136,True,1,False,image
MakeupAddiction,1nnawhi,Rhode vs Summer Friday,1,https://reddit.com/r/MakeupAddiction/comments/1nnawhi/rhode_vs_summer_friday/,https://www.reddit.com/r/MakeupAddiction/comments/1nnawhi/rhode_vs_summer_friday/,"Hi, Im choosing a lip product, that needs to have the following:

1. highshine.  
2. good for layer after lip liner or other lip gloss.  
3. great value.

I come to have two choices: rhode peptide lip treatment or summer friday lip butter balm.m

What are your opinions?",1758508573.0,1.0,1,0,Discussion,Thick_Fan_1777,1,False,0,False,text
MakeupAddiction,1nnamdl,Did I get lash glue in my eye?,0,https://reddit.com/r/MakeupAddiction/comments/1nnamdl/did_i_get_lash_glue_in_my_eye/,https://www.reddit.com/r/MakeupAddiction/comments/1nnamdl/did_i_get_lash_glue_in_my_eye/,"Posting here because I'm panicking... I always do my own lash clusters at home, and finally found the perfect glue. It holds for like a week at a time, but you're able to apply it yourself. 

Unfortunately, while I was doing my lashes like an hour ago, I think I got lash glue in my eye. Since then, it's felt like I have an eyelash in my eye. It's not red or burning at all, and my eyelid is not sealed shut. However, I swear I can feel something and it's annoying. It feels just like whenever you get a lash in your eye, but I've inspected my eyeball for like 30 minutes and found no sign of glue or an eyelash. 

Also, it's not really painful, just like irritating I guess? It keeps going away as well, but sometimes it becomes more prevalent. 

Do I need to seek medical attention, or is my eye just dry or something? I really can't afford medical stuff right now, please lmk any solutions. ",1758507729.0,0.5,0,0,,mntgi,3,False,0,False,text
MakeupAddiction,1nn9pre,Please help me find my concealer and foundation shade.,1,https://reddit.com/r/MakeupAddiction/comments/1nn9pre/please_help_me_find_my_concealer_and_foundation/,https://www.reddit.com/r/MakeupAddiction/comments/1nn9pre/please_help_me_find_my_concealer_and_foundation/,"I'm just getting into the world of makeup because I didn't have anyone to teach me. I barely know how to use lipstick and mascara, ha ha, but I want to change that and be able to do a full makeup look.

I was told that I'm probably shade 220 in Maybelline foundation, but I don't know if that's correct, and I also don't know which concealer shade to buy. There are no stores with testers near where I live (I'd have to travel to another city lol), so that's why I'm turning to you.

This is my skin. I chose photos taken in natural light. They told me **I'm number 220** at the Maybelin base, **but I don't know if that's correct.**

https://preview.redd.it/1x7my8rcemqf1.jpg?width=161&format=pjpg&auto=webp&s=bb1f90590717c651e1388502d3411d8e950e0698

https://preview.redd.it/ixn9nfrcemqf1.jpg?width=158&format=pjpg&auto=webp&s=da598be670d5c49348cc57faeccd582fcf251678

",1758505117.0,0.67,1,0,Question,Starry_clouds1,3,True,2,False,text
MakeupAddiction,1nmys56,"Got a Vintage Compact, What Can I put in here?",5,https://reddit.com/r/MakeupAddiction/comments/1nmys56/got_a_vintage_compact_what_can_i_put_in_here/,https://www.reddit.com/gallery/1nmys56,"I just got this vintage Elizabeth Arden compact. I'm wondering if anyone knew any pans that fit in a compact this size. I measured it and internally it's around 50mm. I know I can press powder into it myself, but if I can find a pan that fits I'd rather get that.",1758477475.0,0.86,5,0,,NightRainPanda,4,True,2,True,text
MakeupAddiction,1nn2o83,Help me figure out my skin tone/ under tone! Tryna find the perfect red lip 💋,2,https://reddit.com/r/MakeupAddiction/comments/1nn2o83/help_me_figure_out_my_skin_tone_under_tone_tryna/,https://www.reddit.com/gallery/1nn2o83,"I’ve been trying so many red lipsticks and none of them look quite right on me 😭

When I went to get color matched at Sephora they said neutral with peachy undertones, but what do yall think? 

Contrast between my skin tone and my mom’s skin tone included for funsies lol",1758486397.0,0.75,2,0,Question,ieatbedbug,12,True,4,True,text
MakeupAddiction,1nn2f57,Fenty Fu$$y dupe,2,https://reddit.com/r/MakeupAddiction/comments/1nn2f57/fenty_fuy_dupe/,https://www.reddit.com/r/MakeupAddiction/comments/1nn2f57/fenty_fuy_dupe/,I recently rediscovered fu$$y by fenty and I love the color so much. (The og formula) but tbh I HATEEE the smell 😭 does anybody know of any similar colors or dupes? It’s the perfect pinky nude with a little shimmer. Or mine is older maybe the newer formula doesn’t have a scent? ,1758485793.0,1.0,2,0,Question,tinyy_angel,1,False,0,False,text
MakeupAddiction,1nmuo5z,Has someone tested this eyeshadow palette and is it good?,5,https://reddit.com/r/MakeupAddiction/comments/1nmuo5z/has_someone_tested_this_eyeshadow_palette_and_is/,https://www.reddit.com/gallery/1nmuo5z,"Hi guys, so I saw a video of a guy who did a really nice look with this palette, I checked online and found it for a suspiciously low price. So I am wondering has someone tested it and can you confirm the good reviews? What is your opinion on this? 
I like the idea of having shimmer and creamy eyeshadow, and the colours are a lot, could be used for contour and highlighter, for a person who rarely wears make up I find this to be a good deal. ",1758467867.0,0.69,5,0,Question,Aria7109,40,True,2,True,text
MakeupAddiction,1nm1oeh,2016 is calling ☎️,341,https://reddit.com/r/MakeupAddiction/comments/1nm1oeh/2016_is_calling/,https://www.reddit.com/gallery/1nm1oeh,"My base is all MAC (MAC GIRL) my eyes in the first blue is a palette I found at the Dollar Tree by beauty creations!!!! The second look was created with the new MAC Dazzleshadow sticks. Lips in first picture is Cork Liner smothered in Fleshpot by MAC. The second lip is Stripdown Liner smothered in Creme d’nude also MAC. I’m wearing ABH highlight in Sun Idol picture one and picture two no highlight just a whole lot of Fix Plus. 

Face Routine is - 
Studio Radiance Primer
Strobe Skin Tint - Med 2
Studio Fix Liquid - NC40
Studio Radiance Concealer - NC 40/NC 20
Mineralize Skinfinish Bronzer - Give Me Sun
Glow Play Blush - Plush Pepper (pic 2) Grand - (pic 1)",1758383366.0,0.98,341,0,FOTD,thiajean,12,True,2,True,text
MakeupAddiction,1nn6hgw,"Best long lasting no smudge liquid lipstick -green, blue, black, purple and other fun colors",1,https://reddit.com/r/MakeupAddiction/comments/1nn6hgw/best_long_lasting_no_smudge_liquid_lipstick_green/,https://www.reddit.com/r/MakeupAddiction/comments/1nn6hgw/best_long_lasting_no_smudge_liquid_lipstick_green/,"I absolutely love Maybelline SuperStay Matte Ink Liquid Lipstick! I like the longevity and feel. I have the majority of the colors available. 


But I need more color options! I am really missing a good green, silver, or interesting color that's not a pink, red, neutral.

Any brands or suggestions that have similar longevity and no smudge?


",1758495953.0,1.0,1,0,,NimbleLeafNeedle,1,False,0,False,text
MakeupAddiction,1nm5sa7,Vampy,172,https://reddit.com/r/MakeupAddiction/comments/1nm5sa7/vampy/,https://i.redd.it/3wj3g15g5dqf1.jpeg,"
Thayers Milky Toner,
Clinique dramatically difference moisturizer,
Sephora Best Skin Ever Foundation in 38p
Il Makiage FIF concealer in 15,16
Tarte Shape Tape in 44 Tan,
Essence foundation stick in 360,380,
Makeup By Mario Loose Powder in Fair Pink,
Black Opal Beauty Foundation Powder,
Morphe continuous setting mist, Maybelline lasting drama Gel Pot liner, 
Essence What The Fake Mascara ,
NikaK New York blush in cotton candy , 
Juvias Place “mini Masquerade Pallete,
NYX eye liner in black ,
Il Makiage Lippie in Ciara,
Il Makiage Lip service in Bow Down


 ",1758393091.0,0.97,172,0,,kxrdellcollinss,14,True,1,False,image
MakeupAddiction,1nn5l54,Special shade single eyeshadows,1,https://reddit.com/r/MakeupAddiction/comments/1nn5l54/special_shade_single_eyeshadows/,https://www.reddit.com/r/MakeupAddiction/comments/1nn5l54/special_shade_single_eyeshadows/,"I've have been snooping on this sub a bit looking for brands where I can pick out singles. I want to have a handful of different duo-chrome/ multi-chrome shadows and a few complementary mattes without overlapping with existing shades I own (e.g. golds) or dud shades I won't use (beiges). 

Do you know any brands where the price per single pan is reasonable enough to compare with palettes? A lot of brands I'm looking at (kaima cosmetics, Karla cosmetics, lethal cosmetics, gavissi beauty, terra moon) are £7-10 per pan for special shades, £4-6 per pan for mattes. So, by the time I have say 6 special shades and 4 mattes + a magnetic palette to hold the shades, It's already close to £80, which for me is about the price of a high-end 10 pan palette.

Is this just the price one has to pay in order to curate the shades you want? I know that a lot of single shadows contain more product than an individual pan in a palette, but I don't really care about the amount of product outside of my base neutral shades, which I already have....  
",1758493566.0,1.0,1,0,Question,gm_piodis_i7,3,False,0,False,text
MakeupAddiction,1nmvo55,Makeup tips,4,https://reddit.com/r/MakeupAddiction/comments/1nmvo55/makeup_tips/,https://www.reddit.com/gallery/1nmvo55,I'm a beginner and I have no idea what I'm doing 😭 do you have any tips for making my makeup better or other suggestions? I also would like to know how people with lip piercings do their makeup because I consider getting some myself. Please also give me (affordable) makeup product tips if you want to!,1758470243.0,0.67,4,0,Question,Quick_Bee_3864,6,True,2,True,text
MakeupAddiction,1nmhp1e,Help me find Puree and Luscious,29,https://reddit.com/r/MakeupAddiction/comments/1nmhp1e/help_me_find_puree_and_luscious/,https://www.reddit.com/gallery/1nmhp1e,"My aunt gifted this palette to me for my 17th birthday, my golden birthday. Before this palette I was deeeep into cool tone edgy alternative makeup.  Next year this palette will be a decade old. It still smells so sweetly of peaches. Does anyone have a recommendation for a shade like Puree and Luscious??? Obviously that was my favourite lol. 


Lately I’ve been getting into color analysis and unsure if I’m a soft summer or soft autumn. Looking through all my makeup and reflecting on all the phases I’ve had, I’m starting to think I am a soft autumn. ",1758425781.0,0.97,29,0,Question,curecarebear,14,True,3,True,text
MakeupAddiction,1nn4sem,Nyx buttemilk blush broke me out really bad,1,https://reddit.com/r/MakeupAddiction/comments/1nn4sem/nyx_buttemilk_blush_broke_me_out_really_bad/,https://www.reddit.com/r/MakeupAddiction/comments/1nn4sem/nyx_buttemilk_blush_broke_me_out_really_bad/,I got the nyx buttermilk blush in shade in back and butta and literally everywhere i apply it a bunch of acne appears. My skin is normally super clear with no acne and not sensitive and this has genuinely been terrible. Am I alone?? Also any suggestions for alternatives? ,1758491495.0,1.0,1,0,Discussion,No_Imagination1124,7,False,0,False,text
MakeupAddiction,1nmy85r,Show me you “untraditional” bridal makeup,2,https://reddit.com/r/MakeupAddiction/comments/1nmy85r/show_me_you_untraditional_bridal_makeup/,https://www.reddit.com/r/MakeupAddiction/comments/1nmy85r/show_me_you_untraditional_bridal_makeup/,"I’ve been trying to decide on what my makeup will be like on my wedding day, and since I have to do it myself, I’ve been doing them on myself. And while I love the soft glam look on other people, every time I try to do it on me, it doesn’t feel right. I’m very much a “neutrals with a twist” kinda gal. 

I like high-impact shimmers (especially duochromes and iridescents) not satins — I like contrast, not softness. I also like color! I’m not going to do electric blue eyeshadow (mostly because I don’t have the finesse to make it look good) but I love coppers and grungy greens. If you’re comfortable doing so, I’d love to see your (or the inspo for) “untraditional” wedding makeup. I haven’t picked a dress and my wedding is outside during brunch hours, which I’m sure will impact my choices, but I’m feeling kinda stuck and could also use some encouragement. ",1758476191.0,0.75,2,0,Discussion,LilMsFeckingSunshine,10,False,0,False,text
MakeupAddiction,1nn3w67,How to use this properly?,1,https://reddit.com/r/MakeupAddiction/comments/1nn3w67/how_to_use_this_properly/,https://i.redd.it/pfnm4yqe3lqf1.jpeg,"Bear with me but I am very new to this. I was recommended this for my strawberry legs, but how do I actually use this…? The internet seems to say before and then after shaving but others are saying days before shaving? 
Product : Cocokind KP smoothing stick 🪒 ",1758489262.0,0.67,1,0,Question,stellarsolarnb,4,True,1,False,image
MakeupAddiction,1nmoo3b,Who makes your favorite creamy lipstick?,7,https://reddit.com/r/MakeupAddiction/comments/1nmoo3b/who_makes_your_favorite_creamy_lipstick/,https://www.reddit.com/r/MakeupAddiction/comments/1nmoo3b/who_makes_your_favorite_creamy_lipstick/,"I miss Marc Jacobs' lipstick so much I could cry. I need a creamy lipstick with a nice consistency, even pigment, and if it can’t be fragrance free then the fragrance needs to be nice. Who makes the absolute best one?",1758451109.0,1.0,7,0,Discussion,itsemmab,9,False,0,False,text
MakeupAddiction,1nn2z5a,I Feel Like It Could Be Better???,0,https://reddit.com/r/MakeupAddiction/comments/1nn2z5a/i_feel_like_it_could_be_better/,https://i.redd.it/4rba223zwkqf1.jpeg,"I don’t think my makeup is horrible but definitely feel like it could be better?? Maybe I am over comparing to girls on social media??

Product List

-ordinary barrier repair serum and hylauranic acid 
-ordinary moisturizer 
-nyx concealer serum under eyes sometimes around nose and on chin
-rare beauty liquid blush “happy” on cheek
-nyx eyebrow gel 
-waterproof lash paradise 
-a random powder blush i’ve had for much too long
-very little translucent powder on a wet beauty blender to set my undereyes 
-wet n wild tattoo lip liner and some aquaphor ",1758487104.0,0.33,0,0,,Medical-Carpenter-81,1,True,1,False,image
MakeupAddiction,1nmgfa5,Smokey fall look 🍁,29,https://reddit.com/r/MakeupAddiction/comments/1nmgfa5/smokey_fall_look/,https://www.reddit.com/gallery/1nmgfa5,,1758421713.0,0.92,29,0,FOTD,aimingaims,4,True,2,True,text
MakeupAddiction,1nmcts0,Loving today’s look!,46,https://reddit.com/r/MakeupAddiction/comments/1nmcts0/loving_todays_look/,https://i.redd.it/yobnf2limeqf1.jpeg,"I am loving a dark brown smokey look recently.
Make up used today is 
-eye shadow Sephora pyrite pallet 
-Mascara essence call me queen in black
-Wet and wild icon pencil liner in black 
-Revlon lipstick in the shade coffee bean 
-No foundation or concealer used",1758410939.0,0.96,46,0,FOTD,Timelessallure1797,10,True,1,False,image
MakeupAddiction,1nmdrzm,Did my make up again:). Think it came out very well,39,https://reddit.com/r/MakeupAddiction/comments/1nmdrzm/did_my_make_up_again_think_it_came_out_very_well/,https://i.redd.it/4aimcrlmueqf1.jpeg,,1758413667.0,0.95,39,0,,New_Tap2006,7,True,1,False,image
MakeupAddiction,1nmaq54,Pink or peach blush?,53,https://reddit.com/r/MakeupAddiction/comments/1nmaq54/pink_or_peach_blush/,https://www.reddit.com/gallery/1nmaq54,"As the title says! I’m unsure if peach (left) or pink (right) blush suits my skin tone more. 

I used to wear peach all the time when I was little but then switched to exclusively pink. I use tan as well which makes pink pop more too but now wondering if peach suits the warmer tone better. Opinions welcome! ",1758405275.0,0.93,53,0,Question,lalelalelale,33,True,2,True,text
MakeupAddiction,1nn09ob,"How to wear eye makeup after constant styles, eye infections and eye inflammation?",1,https://reddit.com/r/MakeupAddiction/comments/1nn09ob/how_to_wear_eye_makeup_after_constant_styles_eye/,https://www.reddit.com/r/MakeupAddiction/comments/1nn09ob/how_to_wear_eye_makeup_after_constant_styles_eye/,"I love makeup so much but seems I’m doing something wrong. 

Every 2 to 3 months I wake up with red swollen eyes lids and pain near the eyelash area. I have reduced my makeup wear to only twice a week but inevitably after 2 or 3 times the blepharitis symptom comes back. 

I thought it was my mascara or eyeshadow brushes so I switched over to disposable brushes for each use. I bought like a hundred pack so I use a new brush each time for both but that hasn’t helped. 

I also buy a new eyeshadow palette every 2 months but no changes.

This brings me to believe maybe the type of makeup I’m using is clogging my eye oil glands. 

Are there certain products, brands or types of makeup that’s better to use when you have constant eye irritation? Any ingredients I should avoid? Am I supposed to sanitize my eyeliner or eyeshadow after each use? Is that just by spraying alcohol? 

I currently use an oil free store brand makeup wipe remover. Should I use something else? 

I would appreciate any help and advice to get back to wearing makeup again since I’m so self conscious about my dark circles and acne marks but have now completely stopped wearing makeup including concealer anywhere near the eye area. ",1758480842.0,1.0,1,0,Discussion,Electrical_Drink2443,14,False,0,False,text
MakeupAddiction,1nmua6z,Suggestions for YT Makeup Channels 2025,2,https://reddit.com/r/MakeupAddiction/comments/1nmua6z/suggestions_for_yt_makeup_channels_2025/,https://www.reddit.com/r/MakeupAddiction/comments/1nmua6z/suggestions_for_yt_makeup_channels_2025/,"Hi! I went through a phase of being heavily into makeup in 2019, 2020, 2021, and watched a lot of beauty content back then. I'm kind of renewing my love affair with makeup as we head into fall and winter. Knowing that the YT landscape of content creators has probably changed a lot just in the last few years, can anyone recommend some good channels? I like a grown-up, sexy, glamorous look. Maybe somewhere right in the middle of the spectrum between Basic Becky (i.e. Emily Noel) and pretty-but-clownish (i.e. Angelica Nyqvist). Thanks!",1758466963.0,0.75,2,0,,Electronic-Sun-1092,3,False,0,False,text
MakeupAddiction,1nm91et,"Is this good, or no? Been without eyeliner for 14 years, confused about everything.",55,https://reddit.com/r/MakeupAddiction/comments/1nm91et/is_this_good_or_no_been_without_eyeliner_for_14/,https://i.redd.it/t4gv463wsdqf1.jpeg,,1758400976.0,0.98,55,0,,TroubledTofu,29,True,1,False,image
MakeupAddiction,1nmtcr0,"eye make up with no concealer or foundation, opinions?",2,https://reddit.com/r/MakeupAddiction/comments/1nmtcr0/eye_make_up_with_no_concealer_or_foundation/,https://www.reddit.com/r/MakeupAddiction/comments/1nmtcr0/eye_make_up_with_no_concealer_or_foundation/,"I'm a beginner in makeup I barely use any so I don't wanna look bad

I hate foundation and sometimes I use concealer but I wonder if it's OK to give it up sometimes and use only eyeliner, eyeshadow and lipstick (I'd appreciate it if any of you have pic examples) thank you",1758464743.0,1.0,2,0,Question,Sea_Piece9765,8,False,0,False,text
MakeupAddiction,1nmz515,Anyone know a good dupe for Revlon’s 044 Bare it all?,0,https://reddit.com/r/MakeupAddiction/comments/1nmz515/anyone_know_a_good_dupe_for_revlons_044_bare_it/,https://www.reddit.com/gallery/1nmz515,"I don’t want to buy from revlon anymore. Please and thank you. 
Filling for body :
Jajajsjajakskskskskakksjehehebwbwhwhahajwjwjwjwjwjwjwjwjwjwjwjwjjwjwjwjwhwbwbwbwbwbwhwhwhwhwhhwhwhwhwjwjwjwjwjwkwkwkwkwkkwwkjwhwvejekejenebrbrbrbbrbrbbrhrhrhrhrhrhehehehhehehehebebebebebebjejejejekwkwkwkwkwkwjwjwjjwwjjwjwjwjwhwjwjwjwjwjwjjwjwjwjwjwjwjwjwjwjwjwjkwkwjwkwkwkwjwj",1758478276.0,0.33,0,0,,Specific_Sun1548,3,True,2,True,text
MakeupAddiction,1nlflm2,I did a Mel Medarda cosplay from Arcane photo shoot. (Makeup done by me),3932,https://reddit.com/r/MakeupAddiction/comments/1nlflm2/i_did_a_mel_medarda_cosplay_from_arcane_photo/,https://www.reddit.com/gallery/1nlflm2,"Super proud of this !! ✨had a fun time taking these photos


Products used-
Milani Illuminating Face Primer - Bright Side
MegaGlo Highlighting Powder
Eaze Drop Blurring Skin Tint
Cheeks Out Freestyle Cream Blush
Prep-Set-Glow Hydrating Setting Spray
Milani Conceal + Perfect 2-in-1 Foundation + Concealer, Mahogany, 1.0 fl oz
The Violets Palette
Black Radiance Color Perfect
Foundation Stick",1758316247.0,0.99,3932,0,FOTD,Exotic_Use_2533,97,True,6,True,text
MakeupAddiction,1nmw5zq,Does anyone know of any makeup to cover spots and tattoos?,0,https://reddit.com/r/MakeupAddiction/comments/1nmw5zq/does_anyone_know_of_any_makeup_to_cover_spots_and/,https://www.reddit.com/r/MakeupAddiction/comments/1nmw5zq/does_anyone_know_of_any_makeup_to_cover_spots_and/,"Hi, I'm starting college and i'm a pretty insecure girl about her appearance, however, lately I had gained enough confidence to come out of my shell, but due to an illness, I have just been left with a horrible black spot on my lip, it looks like a mustache and has crushed my confidence. I don't want this take over me, So if anyone could recommend me a high coverage foundation that would be wonderful, thanks :(",1758471398.0,0.5,0,0,,Extreme_Anything7421,1,False,0,False,text
MakeupAddiction,1nmqozu,Benefit Sugarbomb Blush - Alternative,2,https://reddit.com/r/MakeupAddiction/comments/1nmqozu/benefit_sugarbomb_blush_alternative/,https://i.redd.it/ii7crsnvhiqf1.jpeg,"Hey All,
I used to love Benefit Sugarbomb Blush but its been discontinued for a while. It was the first blush I owned and just gave the best coverage, color and a touch of highlight to the face. Any recommendations for an alternative? ",1758457807.0,0.76,2,0,Question,the_girl_who_lived07,1,True,1,False,image
MakeupAddiction,1nmvzib,Independent reviews of skin care and makeup products,0,https://reddit.com/r/MakeupAddiction/comments/1nmvzib/independent_reviews_of_skin_care_and_makeup/,https://www.reddit.com/r/MakeupAddiction/comments/1nmvzib/independent_reviews_of_skin_care_and_makeup/,"I would love to see a space here where people comment on products that really work and those that do not.  I’ll start.

Products that work:

il Makiage Power Redo.  Absolutely covers fine lines. Pretty amazing. Just make sure you apply in an upward direction only.

Tarte Lights, Camera, Lashes.  Does. Not. Clump.

Instatox under eye gel.  Smooths out eye bags!  Again, swipe from inner eye out.  There’s a bit of a learning curve, but the stuff works!

Bed Head Small talk. Post shampoo leave in hair cream that actually does give my hair more body and manageability.

RMS eye color gel in Halo.  I put it on my lips, let it dry and then cover with lip gloss.



Products that don’t work:

City Lips. Been making the same promises about plumping and line smoothing for years. All it is is lip gloss.

Cuma balm….the jury is still out, but I’ve been using it for a week and nothing is happening so far.

What can you add?

",1758470973.0,0.5,0,0,Review,Yajahyaya,1,False,0,False,text
MakeupAddiction,1nmhoj4,I found a new favorite mascara…essence lash without limits. It’s the GOAT 🐐,12,https://reddit.com/r/MakeupAddiction/comments/1nmhoj4/i_found_a_new_favorite_mascaraessence_lash/,https://i.redd.it/axsst6oiufqf1.jpeg,"Product featured: Essence Lash Without Limits Tubing Mascara in black. 

This mascara is the literal GOAT!!

I’m a mascara junkie, and I tend to always have at least 3-5 open tubes on hand. 

Today I went to Ulta, not for any particular reason, just to browse, and I ended up buying this and some other stuff…but this is the GOAT. It is pure gold!! 

At the moment, and basically since its launch, my current go-to mascara has been the Tarte Tartelette XL tubing mascara…but this stuff puts that to shame!!! The formula is more liquify, lighter weight, and it adds way more length and volume in just one single SWIPE than Tarte could ever DREAM of doing! It separates my lashes so much better too. Stays on just as well, but I haven’t taken it off yet, so I can’t speak on its removal right now. All of this for $5!!! 

I’ve used A LOT of mascara in my day, and this is BY FAR, the absolute BEST ONE I have EVER tried!!! 

I’m curious to see how it will play with others (because I like to layer my mascaras to create a false lash look since my natural lashes already make me look like I’m wearing mascara as they’re long, curly and black)…but that’s an experiment for another day. 

Has anyone else tried this mascara? Why are your thoughts? 

I almost didn’t buy it because the other essence mascaras I’ve tried have just been pretty “meh” but I don’t know…this one just seemed different—and it is!! 

",1758425737.0,0.93,12,0,Review,PreciousLoveAndTruth,7,True,1,False,image
MakeupAddiction,1nn8mum,Recommendations for actual clean/organic/“low-tox” makeup products,0,https://reddit.com/r/MakeupAddiction/comments/1nn8mum/recommendations_for_actual_cleanorganiclowtox/,https://www.reddit.com/r/MakeupAddiction/comments/1nn8mum/recommendations_for_actual_cleanorganiclowtox/,"As a girly who is trying to minimize the harmful chemicals in her life step by step, I have always avoided makeup. But at the ripe age of 22, I feel like I want to explore what it would look on me! I have sensitive skin but am willing to try anything at this point! ",1758502010.0,0.14,0,0,Question,stellarsolarnb,4,False,0,False,text
MakeupAddiction,1nmpz13,Black Makeup advice (UK),2,https://reddit.com/r/MakeupAddiction/comments/1nmpz13/black_makeup_advice_uk/,https://www.reddit.com/gallery/1nmpz13,"I need advice on makeup/prep products to buy. I’m on a time crunch and I really want to semi- master makeup before my birthday in December.

My skin is really dry and eczema prone and so when I try a makeup look it looks REALLY dry and cakey so I assumed my products weren’t good and threw them away. I also want my makeup to last 6+ hours for school then work after.

Beggars can’t be choosers but I need it to be SOMEWHAT AFFORDABLE

Skin tone: Medium-deep to deep brown. Undertones: Neutral-warm (golden/olive balance).

My ideal look is UK black girls; like Uche and Maria but women from other countries are welcome

Thank you for your help!!",1758455637.0,0.6,2,0,Question/advice,Ocnajiii,6,True,6,True,text
MakeupAddiction,1nmusnk,really struggling with my foundation,1,https://reddit.com/r/MakeupAddiction/comments/1nmusnk/really_struggling_with_my_foundation/,https://www.reddit.com/gallery/1nmusnk,"Hello all. I need help. I'm beginning to feel very dejected here. 

I'm 31 and my skin is starting to change, so I'm kind of needing to ""get to know it"" all over again. For a long time I just gave up on foundation because its just seemed to make me look worse. My skin has been though the ringer and it shows (many severe sunburns as a child, vicious hormonal acne from my teens to VERY recently) and I feel like I'm always fighting with it. 

 I moisturize like a fiend because my skin has just been getting drier easier. My skin is scarred and textured, discolored, and to top it off it's oily as heck and any foundation leaves me feeling uncomfortably greasy and shiny after a while. 

Someone here turned me on to Wet N Wild PhotoFocus and of everything I've tried recently it looks the best on my skin and the shade match is stellar! At least, I thought that in person until I looked back in my photos (first 3 listed) and again I just feel like it looks worse than no foundation, just so textured and dry. 

I did put a setting powder over the setting spray to try and prevent my oily skin from just melting it all away, which I suspect caused that excessively dry look, but whenever I try to go in the opposite direction with a more 'dewy' finish, it accentuates the texture and large pores. But toning down the dewyness with even a light dusting of powder makes me look like I never drink water.

Last photo here is me without foundation, just a touch of blush. I feel like my skin looks best  here, but I wish I could use foundation to cover up blemishes/capillaries/scars without making me look worse.

I love makeup. I do it for fun and love playing around, and I feel like this hurdle is preventing me from feeling good about it. Maybe I'm just zooming in too closely and looking for too long.

  
Any advice is welcome, thank you for your time. 



**Products used:**

* **moisturizer:** *Vanicream Daily Facial Moisturizer with Hyaluronic Acid and Ceramides,* applied and let sit for about 15 minutes
* **foundation:** *Wet n Wild PhotoFocus Liquid foundation* (applied to hand then stippled with saturated brush)
* **concealer:** *Nyx Pro Fix Stick in Pink,* also applied to hand and stippled with a brush
* **powder:** *Laura Mercier Translucent Loose Setting Powder*
* **blush:** *Rare Beauty Soft Pinch Liquid Blush in Believe* (only product on face in last pic) 
* **brows:** *Winky Lux UniBrow precision pencil + Nyx Control Freak eyebrow gel*
* **setting spray:** *Rare Beauty Always An Optimist 4-in-1 Mist*
* **eyes:** *Mac Prep + Prime 24-Hour Extend Eye Base + ColourPop Stone Cold Fox Eyeshadow Palette + L'Oréal Voluminous Lash Paradise Volume Mascara*
* **lips:** *literally nothing, look at that astounding lack of real estate, would love advice here too if you've made it this far into reading this, which, by the way, thank you.* ",1758468160.0,0.55,1,0,Question,justa_cat_in_disgize,19,True,4,True,text
MakeupAddiction,1nn09ms,What edit/editing app gives the smooth warm look that these have? (different muas in different states),0,https://reddit.com/r/MakeupAddiction/comments/1nn09ms/what_editediting_app_gives_the_smooth_warm_look/,https://www.reddit.com/gallery/1nn09ms,"also any tips to achieve this photos, i like the style of makeup but im more interested in how the makeup is captured and edited, i love it, been searching facetune, airbrush and face app none of them look like that with the face",1758480840.0,0.46,0,0,FOTD,miss-reliable400,10,True,3,True,text
MakeupAddiction,1nmu92k,Nyx powder louder brow pencil Deep brown (TBP08) alternate?,1,https://reddit.com/r/MakeupAddiction/comments/1nmu92k/nyx_powder_louder_brow_pencil_deep_brown_tbp08/,https://www.reddit.com/gallery/1nmu92k,"I ADORE the colour of nyx powder pencil in shade deep brown but the actual texture isn’t for me. It’s so soft, powdery, gritty and smudgeable imo. 

My brow pencil also keeps blunting so easily, keeps coming out the wooden pencil and just seems like such poor quality. I’ve bought 3 , they all do the same </3

I don’t want a very sharp pencil, but I don’t want anything too dark too. Is there another company with a similar colour? ",1758466895.0,1.0,1,0,,Short_Description_65,2,True,4,True,text
MakeupAddiction,1nmu3lv,Help! Trying to decide between foundations and concealers.,1,https://reddit.com/r/MakeupAddiction/comments/1nmu3lv/help_trying_to_decide_between_foundations_and/,https://www.reddit.com/r/MakeupAddiction/comments/1nmu3lv/help_trying_to_decide_between_foundations_and/,"I'm not totally new to makeup, but I haven't worn it since I was in my teen years. I'd like to get back into it, but the options are overwhelming.

I have very dry skin, sahara desert under eyes, and would prefer to wear spf under my makeup. I'm aiming for medium-full coverage. Here are the foundations and concealers I'm trying to decide between: 

- Pat McGrath sublime foundation + concealer
- Nars light reflecting foundation + creamy radiant concealer
- Estee Lauder Futurist Hydra Rescue foundation + skincealer
- Lancome Ultra Wear Care and Glow foundation + Care and Glow concealer 
- Bobbi Brown Weightless Skin foundation + Skin full coverage longleaf concealer

Bonus points of you have recommendations for primers, setting sprays, and powders (specifically for dry, crepey undereyes). Tyia!",1758466543.0,1.0,1,0,Question,semiburntout,3,False,0,False,text
MakeupAddiction,1nmtw39,Why is my It cosmetics powder like this??,1,https://reddit.com/r/MakeupAddiction/comments/1nmtw39/why_is_my_it_cosmetics_powder_like_this/,https://www.reddit.com/gallery/1nmtw39,"I got a light and medium 

The light (on the left) is darker than the medium. 

What is going on? Anyone else have this experience? It’s my first time getting the light color and it’s definitely darker than medium. ",1758466039.0,0.6,1,0,Question,rangerlakes,5,True,2,True,text
MakeupAddiction,1nmtqke,Tips for fixing splayed brush?,1,https://reddit.com/r/MakeupAddiction/comments/1nmtqke/tips_for_fixing_splayed_brush/,https://i.redd.it/r2h9pl495jqf1.jpeg,Is there any way to fix a splayed brush?  It is the Sigma Winged Liner E06.  I tried using my hair straightening iron on it but that did not work.  Should I just cut off the bristles that will not lie flat?,1758465667.0,1.0,1,0,Question,Taracat,9,True,1,False,image
MakeupAddiction,1nloxtr,Purple lip strikes again with different eyeshadow,456,https://reddit.com/r/MakeupAddiction/comments/1nloxtr/purple_lip_strikes_again_with_different_eyeshadow/,https://www.reddit.com/gallery/1nloxtr,,1758343142.0,0.98,456,0,,bubbleguts516,15,True,5,True,text
MakeupAddiction,1nmsd1a,Do you really toss mascara after 3 months? How do you know when it’s time to toss?,1,https://reddit.com/r/MakeupAddiction/comments/1nmsd1a/do_you_really_toss_mascara_after_3_months_how_do/,https://www.reddit.com/r/MakeupAddiction/comments/1nmsd1a/do_you_really_toss_mascara_after_3_months_how_do/,I opened my mascara in January and it’s still working.  I don’t want to toss it but maybe I should? It’s thicker than it was but goes on without clumping. I don’t want to waste it. If it seems ok should I keep using it?,1758462304.0,0.56,1,0,,bad-at-everything-,24,False,0,False,text
MakeupAddiction,1nms6vo,Spray sunscreen that can be reapplied over makeup?,1,https://reddit.com/r/MakeupAddiction/comments/1nms6vo/spray_sunscreen_that_can_be_reapplied_over_makeup/,https://www.reddit.com/r/MakeupAddiction/comments/1nms6vo/spray_sunscreen_that_can_be_reapplied_over_makeup/,"As title says, I'm looking for a spray sunscreen that can be reapplied over makeup. Preferably one without fragrance as I do have an allergy (patch tested for regular tests + cosmetic tests, fragrance is my only cosmetic allergy out of the ones tested thankfully), that hopefully won't smudge the makeup (granted I don't tend to wear a full face of makeup, just some blush, eyeliner, mascara and lipstick - I'm too lazy for foundation and contour for the most part)

I had found the La Roche-Posay Anthelios UVmune 400 dermo-pediatrics which doesn't have fragrance but I'm not sure if it's good to apply over makeup, it's made for kids so it should be resistent but I do worry about days where I'm in the sun a lot and my skin is very fair so it becomes pink easily, and I don't wanna give up looking pretty to have sun protection",1758461862.0,1.0,1,0,Question,spr3admywings,1,False,0,False,text
MakeupAddiction,1nn3nln,which lipliner is this?,0,https://reddit.com/r/MakeupAddiction/comments/1nn3nln/which_lipliner_is_this/,https://i.redd.it/mv1cgcgq1lqf1.jpeg,"photo from clarios valentino photoshoot. seems to be a mac lip liner but the shade name is not visible. any guesses?

•	½ cup (115g) butter
	•	1 cup (200g) sugar
	•	2 eggs
	•	⅓ cup (40g) cocoa powder
	•	½ cup (65g) flour
	•	1 tsp vanilla
	•	Pinch salt

Steps
	1.	Melt butter, mix in sugar, eggs, and vanilla.
	2.	Stir in cocoa, flour, and salt.
	3.	Spread in pan, bake at 175°C / 350°F for ~20–25 min.",1758488698.0,0.25,0,0,,Melifous,2,True,1,False,image
MakeupAddiction,1nm7rfr,What's Your Favorite BOLD Lipstick That Is Surprisingly WEARABLE,25,https://reddit.com/r/MakeupAddiction/comments/1nm7rfr/whats_your_favorite_bold_lipstick_that_is/,https://www.reddit.com/r/MakeupAddiction/comments/1nm7rfr/whats_your_favorite_bold_lipstick_that_is/,"Mine is Mac Russian Red. Despite how bold this shade is, there's something so classic and understated about the deep red tone of this *specific* red. I find that I can both wear it with a full face of glam or pop it on with a dab of concealer and a quick swipe of mascara for daytime activities. It's somehow always flattering.

What's your shade that makes a big, bold, colorful statement but is still inexplicably wearable?  ",1758397823.0,0.89,25,0,,Alarmed-Bed-2953,46,False,0,False,text
MakeupAddiction,1nm7v5d,I've been experimenting with some reddish tones,24,https://reddit.com/r/MakeupAddiction/comments/1nm7v5d/ive_been_experimenting_with_some_reddish_tones/,https://www.reddit.com/gallery/1nm7v5d,"But I'm not sure if this work out, I normally go with dark brown black for that rocker look but lately I wanted to try something more inspired by vampires? There's soon a Halloween and wanted something new. But for now I feel like I""ve been punched in the eye with that tone, maybe I should go for more intense red? ",1758398075.0,0.87,24,0,Question,Arrachi,3,True,4,True,text
MakeupAddiction,1nmnbsp,This shade 🫠,2,https://reddit.com/r/MakeupAddiction/comments/1nmnbsp/this_shade/,https://i.redd.it/gwq39ph7jhqf1.jpeg,,1758446149.0,1.0,2,0,Tutorial,Acceptable-Owl3920,1,True,1,False,image
MakeupAddiction,1nmppix,Need help finding a similar lipliner shade!!,1,https://reddit.com/r/MakeupAddiction/comments/1nmppix/need_help_finding_a_similar_lipliner_shade/,https://www.reddit.com/r/MakeupAddiction/comments/1nmppix/need_help_finding_a_similar_lipliner_shade/,"Hi everyone! My mum is holding onto a sliver of her Estée Lauder lipliner in the shade 32 Garnet. Any recommendations from a different brand for the same colour?? (She likes brands like Clinique, Dior, Charlotte Tilbury and MAC)",1758454777.0,1.0,1,0,,FeaturePlayful156,1,False,0,False,text
MakeupAddiction,1nmoqlh,How do Dream Light and Aura Light compare to the permanent Hourglass Ambient Lighting Finishing Powder shades?,1,https://reddit.com/r/MakeupAddiction/comments/1nmoqlh/how_do_dream_light_and_aura_light_compare_to_the/,https://www.reddit.com/r/MakeupAddiction/comments/1nmoqlh/how_do_dream_light_and_aura_light_compare_to_the/,"I left my Diffused Light in a hotel in Costa Rica (sob), and am trying to decide between replacing it, and buying the new Unlocked Edit Deer palette. Diffused Light was a really great shade on me, I've also tried Dim Light and found it to be far too dark for my pale skin.

How do Dream Light and Aura Light compare to the existing shades?

TIA all!",1758451365.0,1.0,1,0,,exhausted-educator,3,False,0,False,text
MakeupAddiction,1nmaeip,My current everyday makeup,12,https://reddit.com/r/MakeupAddiction/comments/1nmaeip/my_current_everyday_makeup/,https://i.redd.it/4wrf0z3u1eqf1.jpeg,"I used to have a much bigger collection, but I decluttered much of it when I moved. This is what I currently use. I do want to add some more eyeshadows to my collection eventually. 

- Clinique Even Better Foundation 
- Urban Decay All Nighter Primer
- Urban Decay Primer Potion
- Mac Blushes in Gingerly and Blushbaby (I go between these two)
- Morphe Rose Frequency pallet
- Maybelline Sky High Mascara

*Not pictured- I do have some of the Nyx Butter Glosses and a couple of Revlon lipsticks
",1758404456.0,0.93,12,0,,Odd_Hope5371,4,True,1,False,image
MakeupAddiction,1nlq4xj,Akaza CHEST PIECE,164,https://reddit.com/r/MakeupAddiction/comments/1nlq4xj/akaza_chest_piece/,https://www.reddit.com/gallery/1nlq4xj,"Empress.lane

Products
@NYX Professional Makeup vivid rich eye pencil (quartz queen & smokin topaz) for outline

@tarte cosmetics shape tape concealer (white & 365)

@Blend Bunny Cosmetics 
PRIMAL (Luna, prey, hidden) 
BLENDS (bubble bath, 32, submerged, serendipity, inside joke, wild flower, barely, enigma, vexed, spellbound, chance, depth, mama bear, intuition) 
SICKLY SWEET (brooding, cry if I want to, gloom n doom) 
ELLIS vol 2 (deception, burnt, calcified, obsidian, submerged, garden of stars night shade)

SUVA BEAUTY water activated liner (primaries, taffy, bright, grunge, uv it, fanny pack, acid trip)

@Makeup A Murder, INC. neon/ pastel pigments blue & orange

@Glisten Cosmetics LTD spectra color foundation base (white, green, yellow, dark blue)

I ENVY color couture ic03

@about-face beauty eye paints (white noise, blue Monday, vertigo flower)

@UnbotheredCosmetics island glow

EYEKANDY GLITTER pixie stick 

@coleyes_official akaza eye contacts",1758347177.0,0.97,164,0,FOTD,Empresslane,23,True,10,True,text
MakeupAddiction,1nm60da,Tried soft glam,13,https://reddit.com/r/MakeupAddiction/comments/1nm60da/tried_soft_glam/,https://i.redd.it/vcb0hxe27dqf1.jpeg,"Worked really hard to nail ‘effortless makeup’ 

As a brown girl who’s dealt with cakey makeup, mismatched undertones, and all that other annoying stuff.
I’m actually very proud of this soft glam look, it feels effortless for once! Would love to hear your thoughts. 

Products used : Colour corrector- kaybykatrina
Foundation- maybelline_ind (326)+ lorealparis(medium tan)
Blush- elf cosmetics Sauve Mauve 
Lip liner- reachedmars
Lips- romand velvet tint 
Gloss- anastasia beverly hills",1758393638.0,0.9,13,0,,meeggha,6,True,1,False,image
MakeupAddiction,1nm2t4y,frutiger aero,22,https://reddit.com/r/MakeupAddiction/comments/1nm2t4y/frutiger_aero/,https://i.redd.it/ofymkj1hkcqf1.jpeg,,1758386038.0,0.89,22,0,,arielles_arttt,3,True,1,False,image
MakeupAddiction,1nmgoka,Sephora Interview Tips,3,https://reddit.com/r/MakeupAddiction/comments/1nmgoka/sephora_interview_tips/,https://www.reddit.com/r/MakeupAddiction/comments/1nmgoka/sephora_interview_tips/,"Hi! I have an interview next week for an Operations Consultant, and I was wondering if anyone could give me advice on what to expect. What kind of interview questions would I get and what kind of answers are the best ones? Please help me and comment/DM, thank you!",1758422516.0,1.0,3,0,,Charming_Resident_19,3,False,0,False,text
MakeupAddiction,1nmmncp,Good alternatives for setting and fixing sprays,1,https://reddit.com/r/MakeupAddiction/comments/1nmmncp/good_alternatives_for_setting_and_fixing_sprays/,https://www.reddit.com/r/MakeupAddiction/comments/1nmmncp/good_alternatives_for_setting_and_fixing_sprays/,"Hi everyone 🙂 I have oily skin that requires a lot of hydration so my make up looks good. The skin prep obviously helps a lot with that, however the MAC Fix it + setting spray has been a lifesaver. Adding the UD All Nighter after that locks everything in place.

The thing is, prices have gone almost double in the last year and atp paying this much for the MAC spray kind of seems ridiculous considering all other expenses I have. Then there’s all the drama with the change in formula for the All Nighter, plus also the price. I’m all out of the Fix it and it just doesn’t look the same without that step.

Do you guys have any suggestions for a similar combination of sprays that’s more budget friendly? I’m mainly missing the melting effect of the Fix it. I’m also in eastern Europe so not everything is available here but I’ll try to find any products you suggest.

Thank you!



",1758443592.0,1.0,1,0,Question,chookitty_o,2,False,0,False,text
MakeupAddiction,1nl6hk0,"Its been a few months since I've done my makeup, but I think its safe to say I still got it",1936,https://reddit.com/r/MakeupAddiction/comments/1nl6hk0/its_been_a_few_months_since_ive_done_my_makeup/,https://i.redd.it/v1x39hmp25qf1.jpeg,,1758295318.0,0.96,1936,0,FOTD,BrandoLeeB,32,True,1,False,image
MakeupAddiction,1nm2l7h,"Hi, how do I shape my eyebrows to be more stylish?",19,https://reddit.com/r/MakeupAddiction/comments/1nm2l7h/hi_how_do_i_shape_my_eyebrows_to_be_more_stylish/,https://www.reddit.com/gallery/1nm2l7h,"I don't want to start randomly and mess it up, so asking from the professionals, you guys. I feel my eyebrows are quite bushy, I don't want super thin and that is the only style my girl friends know how to do, so struggling a bit.",1758385513.0,0.86,19,0,Question,Naive-Razzmatazz-353,19,True,3,True,text
MakeupAddiction,1nmcqs9,Similar lipstick shade from KIKO?,5,https://reddit.com/r/MakeupAddiction/comments/1nmcqs9/similar_lipstick_shade_from_kiko/,https://i.redd.it/mjs2be3uleqf1.jpeg,Hello everybody! I am looking for a similar lipstick shade and type especially from KIKO with this look of Marina. The reason I want to get it only from KIKO is because there is a huge sale there in my country and I will visit there tomorrow for sure. I don’t have time wander around and visit other stores. Could you please give me recommendations? Thank you 🧡,1758410710.0,0.78,5,0,Question,islia99,1,True,1,False,image
MakeupAddiction,1nmho48,Help me find Puree and Luscious,2,https://reddit.com/r/MakeupAddiction/comments/1nmho48/help_me_find_puree_and_luscious/,https://www.reddit.com/gallery/1nmho48,"My aunt gifted this palette to me for my 17th birthday, my golden birthday. Before this palette I was deeeep into cool tone edgy alternative makeup.  Next year this palette will be a decade old. It still smells so sweetly of peaches. Does anyone have a recommendation for a shade like Puree and Luscious??? Obviously that was my favourite lol. 



Lately I’ve been getting into color analysis and unsure if I’m a soft summer or soft autumn. Looking through all my makeup and reflecting on all the phases I’ve had, I’m starting to think I am a soft autumn. ",1758425700.0,0.63,2,0,Question,curecarebear,6,True,3,True,text
MakeupAddiction,1nmhfeg,Question as someone who's never used makeup before,2,https://reddit.com/r/MakeupAddiction/comments/1nmhfeg/question_as_someone_whos_never_used_makeup_before/,https://www.reddit.com/r/MakeupAddiction/comments/1nmhfeg/question_as_someone_whos_never_used_makeup_before/,"Hi! as the title says, I have never used makeup before. I am 19, F. 

I really want to start using makeup, but I dont know where to begin. I use mascara here and there, but I have no touched any other makeup my entire life. 

I have a very chubby face.. idk how to make makeup look good on it. I dont even know what to buy... how do I make my eyes look sharp?? Any and all advice would be appreciated!! Im trying to glow up^^",1758424907.0,0.75,2,0,Question,Maleficent_Treat3275,6,False,0,False,text
MakeupAddiction,1nmktbf,Is this mold in my eyeshadow?,1,https://reddit.com/r/MakeupAddiction/comments/1nmktbf/is_this_mold_in_my_eyeshadow/,https://www.reddit.com/gallery/1nmktbf,This is the romand eye shadow palette I think I only had it for a year now I saw some white fuzzy stuff in the dark brown one and there was some black stuff in the pink eyeshadow on top (which I scraped it) I haven’t really experienced any mold in my eyeshadow so far so is this mold or something else ? if it is pls do help me since idk if it’s mold or not or if I should throw it or not ,1758436696.0,1.0,1,0,Question,cinnamonrolliebow,16,True,2,True,text
MakeupAddiction,1nm4prg,Which one?,9,https://reddit.com/r/MakeupAddiction/comments/1nm4prg/which_one/,https://www.reddit.com/gallery/1nm4prg,Looking for the perfect beige/ brown blush this fall. Do we like any of these? Why or why not? Are there others you recommend? I prefer a non-matte formula. Must be cruelty free. Below $50 preferably. I’ll go swatch before buying but I would like to narrow things down a little bit first.,1758390550.0,0.85,9,0,,MistressofEvil1,18,True,3,True,text
MakeupAddiction,1nmcuy4,"L’Oreal Infaillible Powder 130 changed – old “True Beige” users, what are you wearing now?",3,https://reddit.com/r/MakeupAddiction/comments/1nmcuy4/loreal_infaillible_powder_130_changed_old_true/,https://www.reddit.com/r/MakeupAddiction/comments/1nmcuy4/loreal_infaillible_powder_130_changed_old_true/,"I’ve been using the powder foundation in shade 130 for years, and it always matched my skin tone perfectly — almost like I wasn’t wearing anything at all. Recently, I noticed it looks darker on me, and the shade seems to have been renamed from “True Beige” to “Neutral.” The new version is much more orange and definitely not neutral. Has anyone else experienced this and can recommend a product that matches the original 130 shade?
",1758411025.0,1.0,3,0,Question,Shibamum,3,False,0,False,text
MakeupAddiction,1nm2ldz,Each of these foundations are individually necessary and not at all excessive ifkyk,11,https://reddit.com/r/MakeupAddiction/comments/1nm2ldz/each_of_these_foundations_are_individually/,https://i.redd.it/d6v4x25yicqf1.jpeg,,1758385524.0,0.76,11,0,Discussion,Limp_Perspective_355,4,True,1,False,image
MakeupAddiction,1nmjmal,what powder to use with jungsaemmool,1,https://reddit.com/r/MakeupAddiction/comments/1nmjmal/what_powder_to_use_with_jungsaemmool/,https://www.reddit.com/r/MakeupAddiction/comments/1nmjmal/what_powder_to_use_with_jungsaemmool/,"i really like the jungsaemmool essential skin under cushion, but my t zone tends to get oily. does anyone have powder recommendations that go well with this foundation for oil control? also how do u guys set this foundation? it feels slightly more sticky compared to shu uemura and lancome",1758432338.0,1.0,1,0,Question,pinkdinosaur29,1,False,0,False,text
MakeupAddiction,1nlm8kk,could someone tell me what pallet this is,143,https://reddit.com/r/MakeupAddiction/comments/1nlm8kk/could_someone_tell_me_what_pallet_this_is/,https://i.redd.it/kmrzrj92b8qf1.jpeg,hi i’ve had this for a while now and I really like it but i broke the package and have no idea what it is. i have been using these as highlight a lot and want to restock but can’t remember what it is. i think its probably a drug store brand.,1758334446.0,0.97,143,0,Question,Any-Perception1076,45,True,1,False,image
MakeupAddiction,1nmjaqd,How to cover undereye dark circles? Any makeup tips,1,https://reddit.com/r/MakeupAddiction/comments/1nmjaqd/how_to_cover_undereye_dark_circles_any_makeup_tips/,https://www.reddit.com/gallery/1nmjaqd,,1758431189.0,0.57,1,0,,Any-Construction1624,11,True,3,True,text
MakeupAddiction,1nmj37q,Rare beauty contour or Bronzer,1,https://reddit.com/r/MakeupAddiction/comments/1nmj37q/rare_beauty_contour_or_bronzer/,https://www.reddit.com/r/MakeupAddiction/comments/1nmj37q/rare_beauty_contour_or_bronzer/,"Trying to decide between Rare Beauty’s Soft Pinch Liquid Contour and the Warm Wishes Bronzer Stick, and I’m stuck. I have a warm skin tone—light to medium—and I genuinely have no clue which one would flatter me more. The contour promises sculpted definition with a lightweight, blendable formula, while the bronzer stick is all about that sun-kissed glow and creamy texture. I want something that enhances my features naturally without looking muddy or patchy. If anyone has tried both or has tips for warm undertones, help a girl out! ",1758430480.0,1.0,1,0,,Thick_Fan_1777,2,False,0,False,text
MakeupAddiction,1nltb34,Bored and had ideas,38,https://reddit.com/r/MakeupAddiction/comments/1nltb34/bored_and_had_ideas/,https://www.reddit.com/gallery/1nltb34,"Was sitting in bed after school and wanted to do something productive and this is what came of it! Took me about 3 hours! The contacts took me 45 but we don't talk about that 🩷

Products:

Brows: Ucanbe ATHENA face paint; mixture of yellow, red, and blue to get my desired color.

Eyes:
PRIMER; Elf camo concealer shade Tan Walnut, EYESHADOW; ucanbe purple witch pallette, WATERLINE; colorpop creme gel liner shade Swerve, LASHES; lash strips from aliexpress with added Mizbarn clusters to ends as well as bottom lashes

Base:
PRIMER; Elf power grip primer, COLOR CORRECTOR; elf color corrector shade Orange, FOUNDATION; elf halo glow shade Tan/Deep(6), CONCEALER; elf camo concealer shade Tan Walnut, BLUSH; ucanbe ATHENA face paint pallette(mixed colors for my desired shade), CONTOUR; black radiance creme contour pallette shade Medium to Dark, SETTING POWDER; Wet and Wild photofocus shade Translucent, HIGHLIGHT; ucanbe purple witch eyeshadow pallette(used pale iridescent purple in first row, no name listed) SETTING SPRAY; Milani Make it Last Dewy

Lip: 
LINER; Sacheu Peel off Lip Stain shade Pinked, Colorpop creme gel liner shade Swerve, BASE COLOR; Nyx Soft Matte Lip Cream shade Istanbul(SMLC06)

",1758359013.0,0.93,38,0,,lesbiankatmom,1,True,2,True,text
MakeupAddiction,1nm6d2d,Urban Decay Snakebite,5,https://reddit.com/r/MakeupAddiction/comments/1nm6d2d/urban_decay_snakebite/,https://i.redd.it/gljpv63l9dqf1.jpeg,"Hey all!  My wife accidentally left her make up bag while we were on vacation.  She had snakebite in there but from what I found out yesterday, it was discontinued in 2019.  Does anyone know of a good replacement besides spending $70 on eBay?  ",1758394483.0,0.78,5,0,Question,PMC55,1,True,1,False,image
MakeupAddiction,1nld49e,Every year for my birthday I do a photoshoot and I’m really happy with how this makeup came out. I’m 35 today ! ✨,446,https://reddit.com/r/MakeupAddiction/comments/1nld49e/every_year_for_my_birthday_i_do_a_photoshoot_and/,https://www.reddit.com/gallery/1nld49e,,1758310339.0,0.88,446,0,,christinacreeps,30,True,3,True,text
MakeupAddiction,1nlz2s0,New collection,13,https://reddit.com/r/MakeupAddiction/comments/1nlz2s0/new_collection/,https://www.reddit.com/gallery/1nlz2s0,"Some of my lipsticks, from top down order:
B02 - flower knows ballerina line
Rose blues velvet - Rogue dior 429 
669 warm teddy - mac
Satin radiance - Guerlain

Flower knows is the wettest, guerlain is moist, the dior and mac are quite drying. Ive been trying to find some nude shades/mlbb shades, and the guerlain looks almost the same as mac on my lips. Pictures taken under white and yellow lights. For reference, I'm more olive toned :)",1758377156.0,0.94,13,0,Swatches,Successful_Truth587,3,True,3,True,text
MakeupAddiction,1nm3ezd,Which side is a better match? I’m wearing the Hourglass Hydrating Skin Tint in shade 12 and 13.,7,https://reddit.com/r/MakeupAddiction/comments/1nm3ezd/which_side_is_a_better_match_im_wearing_the/,https://www.reddit.com/gallery/1nm3ezd,,1758387467.0,1.0,7,0,,Meal-Significant,4,True,5,True,text
MakeupAddiction,1nm4hus,Is Half Magic re-releasing the Maxxxine makeup??,6,https://reddit.com/r/MakeupAddiction/comments/1nm4hus/is_half_magic_rereleasing_the_maxxxine_makeup/,https://i.redd.it/1myjckc5wcqf1.jpeg,I saw this at my local Ulta today and got so excited because VHS vixen is the lip gloss from their maxxxine makeup set and my gloss from it is on its last few drops. Are they rereleasing the gloss or is this just an old set up? I really hope they are individually releasing it as well as the X factor eye paint it’s the most perfect pale blue I’ve ever seen.,1758390025.0,0.88,6,0,Question,vroomvroom02,2,True,1,False,image
MakeupAddiction,1nls9l0,Products that work well with larger pores/oily skin for a glowy cheek look?,34,https://reddit.com/r/MakeupAddiction/comments/1nls9l0/products_that_work_well_with_larger_poresoily/,https://i.redd.it/hxunl1i80aqf1.jpeg,"I love the glass skin look but because my cheeks have larger pores, I feel as if putting a luminizer there always highlights my pores, so I’m torn between my skin looking smoother or looking more radiant. And the wetter the product, indeed the more glowy, and also the more textured my skin appears. Any suggestions as to products that might work well with larger pores/oily skin? 

Products:

Lancôme Génifique Serum
Lancôme serum sunscreen
Porefessional primer 
Maybelline Lumi Matte Glow shade 102 mixed with shade 115, applied with damp beauty blender 
Rare beauty soft pinch luminizing blush 
MAC mineralize skin finish in lightscapade (mixed that with some serum and dotted on, then lightly blended with beauty blender)
Set very lightly with Armani luminous silk glow setting powder in color 2 
Finished with NYX matte finish setting spray (I use a hairdryer on cold and low on my face when the setting spray is still damp and it dries “tight” and looks more luminous) ",1758355018.0,0.81,34,0,FOTD,danceswithturtles286,44,True,1,False,image
MakeupAddiction,1nm8h7z,Hi friends. Help a clueless lady!,3,https://reddit.com/r/MakeupAddiction/comments/1nm8h7z/hi_friends_help_a_clueless_lady/,https://www.reddit.com/gallery/1nm8h7z,"I have no idea how to do makeup and I would love to learn. This is what I did today in the morning and then about ten hours later. I have oily skin, and I would love to figure out something that looks cute and modern. Can anyone recommend any brands that last throughout the day? Also do my lips look over lined? 👀 Thank you ",1758399597.0,0.67,3,0,,Psychotriaelata,2,True,2,True,text
MakeupAddiction,1nm61x6,"Help, which lipstick color?",3,https://reddit.com/r/MakeupAddiction/comments/1nm61x6/help_which_lipstick_color/,https://www.reddit.com/gallery/1nm61x6,"Bridal makeup trial. I liked the make up but I *hate* the lipstick, which color / lipstick should I try on instead?? 

ps. all pictures are same make up, same day, just different lighting.",1758393738.0,0.72,3,0,Question,Brave_Necessary_9571,12,True,3,True,text
MakeupAddiction,1nmfvg0,HELP ME TO FIND THE SHADE,0,https://reddit.com/r/MakeupAddiction/comments/1nmfvg0/help_me_to_find_the_shade/,https://i.redd.it/3v0490nidfqf1.jpeg,"So this is an old picture of me, and i dont recall the lipstcik i was wearing!!! I dont remember if is was liquid o normal lipstick or what! So i dont knoww
Can u help me to look for somethinf similar ?",1758420019.0,0.33,0,0,Question,sat94,3,True,1,False,image
MakeupAddiction,1nlbay3,A Look In Spite Of Having One (1) Severe Cry Overnight,263,https://reddit.com/r/MakeupAddiction/comments/1nlbay3/a_look_in_spite_of_having_one_1_severe_cry/,https://www.reddit.com/gallery/1nlbay3,"You see how I do my makeup in spite of crying myself to sleep due to being overwhelmed by the state of the world? Very cutesy, very mindful. I don't let the country that's falling apart see me struggle, I show strength and mindfulness, I show a demure face!

(I'll be okay, just a lot of things happening all at once combined with a parent company that seems hell bent on blowing up. Seems to be a common thought right now lmao)

~~ EYES ~~>
👄 @nyxcosmetics Epic Wear Liner Stick - Olive
👄 @halfmagicbeauty Eyeshadow - Electric Butterfly
👄 @trixiecosmetics Hotline Gel Liner - Black
👄 @aboutfacebeauty Matte Fluid Eye Paint - Blue Monday
👄 @inglot_cosmetics Duraline
👄 @maybelline Sky High Mascara - Black

~~ BROWS ~~>
👄 @anastasiabeverlyhills Dipbrow - Medium

~~ LIPS ~~>
👄 @colourpopcosmetics Fresh Kiss Lip Balm - Strawberry Milk 

~~ FACE ~~>
👄 @aboutfacebeauty Blush Rush Liquid Blush - In The Dust
👄 @milanicosmetics Baked Highlighter - Luminoso
👄 @milanicosmetics Make It Last Original Setting Spray 
👄 @elfcosmetics HD Loose Powder

#makeup #makeuplook #makeuplooks #makeupaddict #eyelook #eyeshadow #eyeliner #eyemakeup #trans #transmakeup #nonbinary #nonbinarymakeup #queer #queermakeup",1758306169.0,0.93,263,0,FOTD,biosicc,23,True,5,True,text
MakeupAddiction,1nl61nc,Tired Mama looking for a quick and easy make-up-for-dummies routine.,469,https://reddit.com/r/MakeupAddiction/comments/1nl61nc/tired_mama_looking_for_a_quick_and_easy/,https://www.reddit.com/gallery/1nl61nc,"I’m embarrassed to admit, I’m 41 and still have no idea what I’m doing when it comes to makeup. I have a toddler and am always running out the door with 5 minutes to get ready while he’s tugging at my pants leg and cleaning out drawers. I’ve purchased so many products, many have failed (or I’m using them wrong). I’d love to look fresh, like I actually drank my water and got enough sleep. Nothing too heavy, just easy, fresh, bright. Thank you! Brightener? Concealer? Highlighter? Contour? Olive warm or neutral? Brow pencil or brow powder??? Ahhh!! ",1758294311.0,0.95,469,0,Question,Affectionate_Mess488,171,True,4,True,text
MakeupAddiction,1nmh8g4,What lip color is this?,0,https://reddit.com/r/MakeupAddiction/comments/1nmh8g4/what_lip_color_is_this/,https://www.reddit.com/r/MakeupAddiction/comments/1nmh8g4/what_lip_color_is_this/,"[https://www.instagram.com/gominsi/p/DHVn4CwycRg/?hl=fr&img\_index=3](https://www.instagram.com/gominsi/p/DHVn4CwycRg/?hl=fr&img_index=3)

Exactly the shade I am looking for... Anything clean makeup brand would be great too!",1758424262.0,0.44,0,0,,Lower_Corgi6004,1,False,0,False,text
MakeupAddiction,1nmcdbk,Please help me find an eyeshadow that looks like this Lily Collins look from 2019!,0,https://reddit.com/r/MakeupAddiction/comments/1nmcdbk/please_help_me_find_an_eyeshadow_that_looks_like/,https://www.reddit.com/r/MakeupAddiction/comments/1nmcdbk/please_help_me_find_an_eyeshadow_that_looks_like/,"https://preview.redd.it/s4q4qr8sheqf1.jpg?width=1080&format=pjpg&auto=webp&s=b92b6ce5a60fcbc6e0878023f878049cf36c38e2

According to Vogue, this eyeshadow look is done using the discontinued 2019 Lancome Cafe Bonheur La Palette, which looks like:

https://preview.redd.it/gr5mzo08ieqf1.png?width=728&format=png&auto=webp&s=5d559a4fc89b30434906c42018c9c8897170bd95

Swatched, the shadows I think were used look like:

https://preview.redd.it/yxxwr25aieqf1.png?width=450&format=png&auto=webp&s=7613e40c9b1bc2cb249fbb656225f7f707fa10df

https://preview.redd.it/4dt5jopbieqf1.png?width=572&format=png&auto=webp&s=b443c358782a29349db15200b639e4e1c0fa9cf4

Can anyone suggest an eyeshadow (single or palette) or eyeshadows that could help me recreate this look?",1758409668.0,0.33,0,0,FOTD,EcstaticDragonfruit9,1,True,4,False,text
MakeupAddiction,1nm3h81,Setting powder for very dry skin that lasts ALL DAY?? photo friendly too.,3,https://reddit.com/r/MakeupAddiction/comments/1nm3h81/setting_powder_for_very_dry_skin_that_lasts_all/,https://www.reddit.com/r/MakeupAddiction/comments/1nm3h81/setting_powder_for_very_dry_skin_that_lasts_all/,"I need a setting powder that’s going to make me look blurred and airbrushed for ALL DAY wear. i like to go to outdoor events and I live in a very humid area. also need something that won’t cause photo flashback !!

some of the setting powders i’ve tried so far are wayyy too heavy on me and make me look cakey or cling to dry areas on my face.

the huda beauty and kimchi chic setting powders are both way too cakey and drying on me.

The OG Laura mercier powder was good, but the translucent shade is way too yellow on me 😭

l’oréal infallible blur-fection works great for dry skin but doesn’t last all day . i have to touch it up every few hours

Anybody have suggestions?? high end or drugstore.",1758387612.0,0.81,3,0,Question,kaden356,3,False,0,False,text
MakeupAddiction,1nm2zel,I have a serious issue with eyeshadow,3,https://reddit.com/r/MakeupAddiction/comments/1nm2zel/i_have_a_serious_issue_with_eyeshadow/,https://i.redd.it/4iianmlnlcqf1.jpeg,"Reorganized my make up and you really don’t realize how bad it is until you see it all together…

I have always been obsessed with the UD Naked palettes. My current love is Trixie Cosmetics eyeshadow palettes. They are unbelievably pigmented! ",1758386442.0,1.0,3,0,,ExcitingHeat4814,3,True,1,False,image
MakeupAddiction,1nmbig9,HUDA BEAUTY LOOSE POWDER?,0,https://reddit.com/r/MakeupAddiction/comments/1nmbig9/huda_beauty_loose_powder/,https://i.redd.it/oaylmhwtbeqf1.jpeg,"okay surely cherry blossom is just out of stock yes ??

Because it’s in stock in the mini, it’s just weird as the Sephora app will always show it. Even if it’s not available ?

Pls see screenshot!!!! 
",1758407346.0,0.5,0,0,Discussion,Bellaamayyy,14,True,1,False,image
MakeupAddiction,1nmbcim,Eyeshadow Palette Recs,0,https://reddit.com/r/MakeupAddiction/comments/1nmbcim/eyeshadow_palette_recs/,https://www.reddit.com/gallery/1nmbcim,"Hi! I am relatively new to makeup, im a male, and im looking for something eyeshadow recs (also open to if you think it would be smarter to use like a lipstick as eyeshadow). For context I am pale with cool undertones dark hair, blue eyes, lots of cool tone pink & a little peach, and purple eye bags. Right now my routine is just primer, concealer, blush, eyebrows, lip balm but I notice I kind of like when guys have that slightly sunken in eye look, and want to experiment a bit with eyeshadow! I attached some images as inspiration, some are more natural day to day looks (first couple) and some are a little bit grunge/smokey eye/indie sleaze/tim burton (last couple) for when im going out with friends. If you have any recs I would soooooo appreciate it!! I think I should be looking for maybe 1-3 matte cool tone beige/brown colors, maybe a matte light red or a peach, a matte black, a matte grey, and then something fun like a metallic black/grey or a white shimmer but tell me if im wrong. Price isn’t really a huge issue for me but try not to rec anything above like… $70 unless it’s absolutely amazing for what im looking for. Appreciate any help thank you!",1758406903.0,0.43,0,0,Question,OkLength2840,2,True,10,True,text
MakeupAddiction,1nmbc68,Are my lashes too curled?,0,https://reddit.com/r/MakeupAddiction/comments/1nmbc68/are_my_lashes_too_curled/,https://www.reddit.com/gallery/1nmbc68,Just got a last lift about 30 minutes ago. I feel like my left eyelashes are too curled. I know I have hooded eyelids but have never felt them before. This time I can feel my lashes when I blink. I spent 140 dollars and want them to look okay and grow out nicely. I hate mascara so I get lifts usually. Am I being too picky? ,1758406876.0,0.5,0,0,Question,hanbancat,8,True,4,True,text
MakeupAddiction,1nmb5ut,Bridal Make up,0,https://reddit.com/r/MakeupAddiction/comments/1nmb5ut/bridal_make_up/,https://www.reddit.com/r/MakeupAddiction/comments/1nmb5ut/bridal_make_up/,Hello .. I decided to do my own make up on my wedding day but I am not a professional and I don’t do that much make up on my day to day life. I need your recommendations on what to buy and what I need to start trying and testing and preparing for my big day ,1758406417.0,0.5,0,0,,Candy-Medium,2,False,0,False,text
MakeupAddiction,1nl3y83,FOTD 🫶🏻✨,362,https://reddit.com/r/MakeupAddiction/comments/1nl3y83/fotd/,https://i.redd.it/lrea9ce3l4qf1.jpeg,,1758289391.0,0.97,362,0,FOTD,BOGOBlondies,19,True,1,False,image
MakeupAddiction,1nm1g4x,What blush color would look best? Is my skin warm or cool toned?,4,https://reddit.com/r/MakeupAddiction/comments/1nm1g4x/what_blush_color_would_look_best_is_my_skin_warm/,https://i.redd.it/d2rxjy5xacqf1.jpeg,What is the tone of my skin and what is the best blush color that would look good? I struggle trying to find what would look best on my skin. I also want to try and find a good makeup style that will look good on me. Please help!,1758382828.0,0.83,4,0,Question,Brennakathryn22,4,True,1,False,image
MakeupAddiction,1nm8s64,Lip liner question,1,https://reddit.com/r/MakeupAddiction/comments/1nm8s64/lip_liner_question/,https://www.reddit.com/r/MakeupAddiction/comments/1nm8s64/lip_liner_question/,"So i’ve had a really hard time finding a perfect lip liner, i can usually find a nice color but either the packaging is stupid and wasteful or the formula gets all clumpy and gets into the pores around my lips. 

I do prefer the pencil ones because they can be sharpened but those are the ones that tend to be clumpy. I’m an over liner so it needs to apply really smooth and matte. 

I had an almost perfect one, i believe it was maybelline, the color and formula was perfect but the mechanical twist up applicator just didn’t work, so i could only use it like a handful of times before having to scoop the product out with a lip brush. 

Please suggest me your favorites!! If i can find one with a good applicator and formula i’ll get it in every color. ",1758400341.0,1.0,1,0,Question,Consistent-Amoeba-84,1,False,0,False,text
MakeupAddiction,1nm8l6g,need advice - dry skin makeup,0,https://reddit.com/r/MakeupAddiction/comments/1nm8l6g/need_advice_dry_skin_makeup/,https://www.reddit.com/gallery/1nm8l6g,"Hello! I’ve been struggling with dry skin particularly around the mouth/chin area which i know is most likely due to tretinoin, but my skin has cleared up immensely.

Does anyone have any hg recommendations that can help with this issue when it comes to makeup? I believe the issue isn’t the foundation I’m using but my base/skincare prep and skin tint/moisturizers typically glide off my skin fast with a swipe of a finger, I’ve tried elf grip primer, bobbi brown vitamin c, damp beauty sponge, and milky toners (causes me fungal acne). Any primers, foundation, moisturizers, serums or anything that has helped with dry skin would be appreciated, thanks! 

current makeup routine:
- jung saem mool cream
- natasha hyglam foundation/jsm masterclass cushion foundation
- tower28 concealer
- mario skin sculpting bronzer
- saie blush/rhode blush
- mario setting powder with a powder puff
- jung saem mool fitting mist
- i rotate between charlotte tilbury, mario, and the new one size powder melt but usually i use the mario one

skincare am:
- vanicream cleanser
 - good molecules hyaluronic acid serum
- vitamin c from japan
- clindamy/ben 1.2-5% gel
- ONGREDIENTS skin barrier calming lotion
- kose sunscreen

skincare pm:
- elf makeup cleansing balm if i wear makeup
- vanicream cleanser
- good molecules hyaluronic acid serum
- vitamin c from japan
- tretinoin 0.1% cream
- ONGREDIENTS skin barrier calming lotion
- dr jart ceramidin cream",1758399873.0,0.5,0,0,,melliflucious,7,True,2,True,text
MakeupAddiction,1nlbrcz,My makeup for the Dua Lipa concert last night,97,https://reddit.com/r/MakeupAddiction/comments/1nlbrcz/my_makeup_for_the_dua_lipa_concert_last_night/,https://www.reddit.com/gallery/1nlbrcz,"First time trying little adhesive face pearls for a Dua Lipa concert with my friend. They stayed on the whole night! The brand is “Half Magic,” and they were pretty easy to apply with tweezers 🩵✨🌟🩵✨💫🌟🩵",1758307233.0,0.97,97,0,,BouncyBunnyRabbit,3,True,2,True,text
MakeupAddiction,1nm7ewj,Skin tone help,0,https://reddit.com/r/MakeupAddiction/comments/1nm7ewj/skin_tone_help/,https://www.reddit.com/gallery/1nm7ewj,"I ran out of the foundation I have used for years (Dior dream cushion 010). They reformulated and the color number is different now and I don’t like it. It is very hard to find a foundation that fits my face color (giving some ‘room’ to oxidize) but also not dry on my skin. I think I am a neutral 2? But a lot of neutral 2 looks orange on me. The vein color test is hard because I can see both green and blue. So I don’t know now…
These picture I don’t have makeup on ",1758396992.0,0.4,0,0,Question,Peach-Killer-7,4,True,3,True,text
MakeupAddiction,1nm1hzq,Natasha Denona Foundation,2,https://reddit.com/r/MakeupAddiction/comments/1nm1hzq/natasha_denona_foundation/,https://www.reddit.com/r/MakeupAddiction/comments/1nm1hzq/natasha_denona_foundation/,Has anyone tried the ND Hyglam foundation yet? I’ve been so curious about it but don’t wanna spend the money. I got tired of seeing filtered videos on tik tok and was curious is anyone has tried it and how it lasted and wore?! ,1758382946.0,1.0,2,0,Question,cowboypickle22,30,False,0,False,text
MakeupAddiction,1nmbml7,"Warm, cool or neutral",0,https://reddit.com/r/MakeupAddiction/comments/1nmbml7/warm_cool_or_neutral/,https://i.redd.it/mkdeomklceqf1.jpeg,"Are my veins green, blue or a mix of both?",1758407661.0,0.25,0,0,,Ok-Marzipan9662,1,True,1,False,image
MakeupAddiction,1nm0gj3,Anyone else experienced intense reactions to the new L’Oréal eyeshadow sticks,2,https://reddit.com/r/MakeupAddiction/comments/1nm0gj3/anyone_else_experienced_intense_reactions_to_the/,https://www.reddit.com/r/MakeupAddiction/comments/1nm0gj3/anyone_else_experienced_intense_reactions_to_the/,Just for context I’ve NEVER had an allergic reaction to a makeup product. Like not once in my life. I bought one of these today in magnetic bronze and was so excited to try it out. I put it on earlier and experienced a stinging in my eye so intense I couldn’t open my eye and had to immediately take it off. My eye was watering and stinging like crazy. I thought maybe a flake of my earlier makeup had gotten in my eye or some residual sunscreen. I tried it again with a bare face and the same thing happened but much worse. It felt like I went blind in one eye and I couldn’t see properly for like 30 seconds. I will be binning this product. I just don’t know why I’m having such a strong reaction to it when this has literally never happened in the past. I think I read something that this formula has a cooling effect and it does feel quite cold on the eye but has no menthol or menthol like ingredients in it. So weird! ,1758380480.0,0.6,2,0,,Difficult-Put-7048,6,False,0,False,text
MakeupAddiction,1nmfit7,what shade of lipstick would look good on me???,0,https://reddit.com/r/MakeupAddiction/comments/1nmfit7/what_shade_of_lipstick_would_look_good_on_me/,https://www.reddit.com/gallery/1nmfit7,"first pic is me w/ no makeup, second is me w lipstick, eyeshadow, and eyeliner. i cant find what my proper lipstick shade is tho can yall help me??? cuz i dont rlly like the shade im using rn. 
more abt my style os that im rather alternative so please no critique on that",1758418961.0,0.36,0,0,Question,throwaway-77589,6,True,2,True,text
MakeupAddiction,1nm59ay,NARS Soft Matte Foundation,1,https://reddit.com/r/MakeupAddiction/comments/1nm59ay/nars_soft_matte_foundation/,https://www.reddit.com/r/MakeupAddiction/comments/1nm59ay/nars_soft_matte_foundation/,"I’ve been wearing the NARS Soft Matte Foundation in Vienna for a few years now, after it was recommended to me by a Kohl’s Sephora employee when my previous foundation was discounted. Based on how difficult it has been for me to find my shade anywhere near me in the metropolitan I live in, I think this one will be discounted soon, too??

I have oily skin and a tendency to touch my lower face throughout the day without realizing it. The NARS foundation lasted through the day with very little fade for me, was an excellent color match, and had great full coverage. Is there a dupe out there that is comparable? 

I’ve tried Fenty Filt’r Soft Matte, Estée Lauder’s double wear, Makeup Forever Matte Velvet Skin, and the Revlon Colorstay…probably some others in there, too, and was overall disappointed in them on my skin. 

Thank you! ",1758391832.0,1.0,1,0,Question,NickelCole87,1,False,0,False,text
MakeupAddiction,1nm57z0,Kylie skin tint review - lives up to the hype!!,1,https://reddit.com/r/MakeupAddiction/comments/1nm57z0/kylie_skin_tint_review_lives_up_to_the_hype/,https://i.redd.it/38j24rnf1dqf1.jpeg,"I hesitated buying this for the past 2 months but I wanted to try a new skin tint (was using kosas bb burst)

So glad I did!!! My skin actually looks soooooo good with the tint on, and it doesn’t look cakey at all. I’m using the shade 6N (5N was out of stock but I think it matches my neck/body well!)

It’s really lightweight and feels kinda matte even without any powder (I used a little on my t zone!! I have really dry skin but I just use an oil serum right before application and it looks awesome. Didn’t cling to my dry patches and didn’t settle into fine lines which is crazy!! So glad that I ended up trying this.
",1758391744.0,0.56,1,0,Review,Tiny-Explorer-7400,6,True,1,False,image
MakeupAddiction,1nm4wl3,Can you help me find my shades in other foundations/skin tints? (Fenty hydrating foundation in 315),1,https://reddit.com/r/MakeupAddiction/comments/1nm4wl3/can_you_help_me_find_my_shades_in_other/,https://www.reddit.com/r/MakeupAddiction/comments/1nm4wl3/can_you_help_me_find_my_shades_in_other/,"So the only foundation I’ve ever had that truly matched my skin is the Fenty Beauty Luminous Hydrating foundation in 315 (330 if I’m tan). 

I struggle to find other foundation with the right undertones. I’m not sure how to look for other foundations or skin tints that are in my shade, it’s overwhelming testing them all out! 

I’m interested in Kylie skin but open to all brands! ",1758391013.0,1.0,1,0,,hotpeppermintea,2,False,0,False,text
MakeupAddiction,1nlum34,"Anyone else remember a ""teen"" targeted makeup line...",5,https://reddit.com/r/MakeupAddiction/comments/1nlum34/anyone_else_remember_a_teen_targeted_makeup_line/,https://www.reddit.com/r/MakeupAddiction/comments/1nlum34/anyone_else_remember_a_teen_targeted_makeup_line/,"From the 80s. The packaging was super pink and pastels  and cute. I want to say it was Shine Free from Maybelline but that's not quite right. I remember buying it from Big Lots and keeping them in my Caboodle. I think it was mainly lipsticks with coordinating nail polish, but can't say for certain. Not Bonnie Bell, Jane, Almay, or Max Factor.

This has been racking my mind for years. 
",1758363889.0,1.0,5,0,,CurlyMessyBun77,4,False,0,False,text
MakeupAddiction,1nm4lvf,Similar lash suggestions,1,https://reddit.com/r/MakeupAddiction/comments/1nm4lvf/similar_lash_suggestions/,https://www.reddit.com/gallery/1nm4lvf,"Help! My all time favorite eyelashes have been discontinued for a while now, and I’m hoping anyone knows of a similar kind. 

Points I’m looking for:
- Short inner corner
- When I cut the outer corner, the lash turns into a subtle cat eye
- The lashes look clustered yet fluffy
- Perfect balance between volume while not being too dense
- Long, but not too long

If anyone has any suggestions, I would be forever grateful!",1758390293.0,0.67,1,0,Question,Misster,4,True,3,True,text
MakeupAddiction,1nldgaf,Makeup advice on how to look more ethereal,53,https://reddit.com/r/MakeupAddiction/comments/1nldgaf/makeup_advice_on_how_to_look_more_ethereal/,https://www.reddit.com/gallery/1nldgaf,"Consistently have done the same make up look and want to try out something new. I’d like to look more ethereal. I don’t really use foundation. The routine usually includes blush, colored eyeliner, cat eye, and a lip liner. Any cute advice? ",1758311122.0,0.92,53,0,Question,Scoopydragon,34,True,2,True,text
MakeupAddiction,1nm36fi,"Looking for a truly matte, small, pigmented mini-pallett of nudes",1,https://reddit.com/r/MakeupAddiction/comments/1nm36fi/looking_for_a_truly_matte_small_pigmented/,https://www.reddit.com/r/MakeupAddiction/comments/1nm36fi/looking_for_a_truly_matte_small_pigmented/,"I work in the film industry and I'm desperately looking for a great mini pallet of nudes that's truly matte. I am a long time user of Too Faced Natural Eyes, and I just love it, but often the makeup gals will comment that I need to be wearing makeup without shimmer as it's way too shiney. I'm a shimmer girl in general, but when I do my makeup for set I always feel like I refrain from those colors in the pallet. But there must still be something shiny in my non-shimmer look. 

I'm down for something drugstore, as long as it's pigmented and blends well. And preferably a small pallet that fits in a downsized makeup bag of just essentials for set touch ups.",1758386901.0,1.0,1,0,FOTD,Winter_Football_4593,5,False,0,False,text
MakeupAddiction,1nm35tg,Rare Beauty 4 in 1 Spray,1,https://reddit.com/r/MakeupAddiction/comments/1nm35tg/rare_beauty_4_in_1_spray/,https://www.reddit.com/r/MakeupAddiction/comments/1nm35tg/rare_beauty_4_in_1_spray/,"Thoughts on rare beauty 4 in 1 always an optimist spray? 
I have normal skin and have been wanting to try some sprays out for my makeup to melt my powder into my skin. I usually don’t even wear any kinds of sprays after I finish my makeup but I have been wanting to experiment more with it. I recently got the milani original setting spray. Also any other spray recommendations would be great 💕",1758386858.0,1.0,1,0,Question,Key_Register_6898,1,False,0,False,text
MakeupAddiction,1nlhihh,Finally replaced my ~10 year old AB dipbrow,25,https://reddit.com/r/MakeupAddiction/comments/1nlhihh/finally_replaced_my_10_year_old_ab_dipbrow/,https://i.redd.it/hq9xtqpk77qf1.jpeg,"I’ve been using it dry and I’d put in a few drops of eye drops solution to make it wet. Finally bit the bullet and bought a new one with the f&f sale.

Glad to see they haven’t really changed the packaging/oz. ",1758321166.0,0.92,25,0,,mytaco000,7,True,1,False,image
MakeupAddiction,1nm2hs0,Toasty makeup,1,https://reddit.com/r/MakeupAddiction/comments/1nm2hs0/toasty_makeup/,https://www.reddit.com/gallery/1nm2hs0,"I’m looking for products/ techniques that would give me the “toasty look” for my skin tone. The pic I took is in natural sunlight, only wearing the Morphe blush trio in sunset swim which is barely even noticeable in my opinion lol. ",1758385290.0,0.6,1,0,,styleless13,1,True,4,True,text
MakeupAddiction,1nlkoy5,Best lipstick color to match my custom shade?,17,https://reddit.com/r/MakeupAddiction/comments/1nlkoy5/best_lipstick_color_to_match_my_custom_shade/,https://i.redd.it/tvlamz7dx7qf1.jpeg,"Anyone have any suggestions for a lipstick shade that resembles this custom color I do? I get it by mixing Mac’s Bronx with a dot or two of black liquid lipstick, then blend with my finger. Would rather just have a similar shade in one product so I don’t have to mix. Thanks! ",1758329840.0,0.95,17,0,,Logical-Ground2271,5,True,1,False,image
MakeupAddiction,1nm0ad7,Advice on how to use Huda Easy Bake Powder?,0,https://reddit.com/r/MakeupAddiction/comments/1nm0ad7/advice_on_how_to_use_huda_easy_bake_powder/,https://www.reddit.com/r/MakeupAddiction/comments/1nm0ad7/advice_on_how_to_use_huda_easy_bake_powder/,"Hi all, I just bought the Danessa Myricks Yummy Skin tint and I love the light to medium coverage but it is super dewy and I want to make it a little more matte. I have the Huda powder and it blurs like a DREAM, but when I put it all over my face I end up looking so cakey. 

Do you guys put the setting powder all over, or just under the eyes? Do you have links to tutorials you recommend?

I prep my skin with the Byoma milky toner and the NYX marshmallow primer. If you recommend skipping a primer with the skin tint I can definitely give that a try as well. ",1758380078.0,0.5,0,0,Question,pickleeater58,4,False,0,False,text
MakeupAddiction,1nlzykr,Best One-Day Lashes?,1,https://reddit.com/r/MakeupAddiction/comments/1nlzykr/best_oneday_lashes/,https://www.reddit.com/r/MakeupAddiction/comments/1nlzykr/best_oneday_lashes/,"Hi everyone!

I am done with mascara, I’ve decided. I started with Lashify and moved to Lilac Street once I discovered at-home lash extensions. However, I’m getting a bit tired of the bond, and I find that sleeping in them is a pain because sometimes they do come off when I shift around and end up on my face in my sleep and I can never fully get my eye make up off if I leave them on. So I think I’d like to just add lashes at the end of my eye make up routine and then take them off at the end of the day. I’ve seen the self adhesive lashes that would save me the bonding step, but if I take them off at the end of each day…boy howdy that would get expensive, and it also seems environmentally unsustainable. I’ve also seen these magnetic split/clip lashes, but have seen mixed reviews. I also really don’t want to go back to strip lashes. lol Any suggestions?",1758379296.0,1.0,1,0,Question,DottieToots,1,False,0,False,text
MakeupAddiction,1nlz9in,Foundation help!,0,https://reddit.com/r/MakeupAddiction/comments/1nlz9in/foundation_help/,https://i.redd.it/5anx5c5evbqf1.jpeg,"any foundation recs? i’m have dry skin and most of the foundations i’ve tried have pulled really warm on me (sometimes even orange) i was shade matched at ulta for the lancôme teint idol foundation but it now has a new formula and pulls warm (🥲) im pretty sure im a neutral golden (though i am not a professional) according to other websites im just neutral since my veins are blue-green . i do tan and burn in the summers but this is recent and ive listed my summer tan 🤣 my most recent shade matched was the l’oréal tru match foundation and was shade w6! 
*",1758377605.0,0.5,0,0,,Able_Leg_187,2,True,1,False,image
MakeupAddiction,1nlz03e,Nars lipstick flying out of tube,1,https://reddit.com/r/MakeupAddiction/comments/1nlz03e/nars_lipstick_flying_out_of_tube/,https://www.reddit.com/r/MakeupAddiction/comments/1nlz03e/nars_lipstick_flying_out_of_tube/,"I bought my first Nars lipstick and twice have experienced it come flying out of its tube when opening it. The first time was at work and it landed in the sink, so I chucked it. I contacted customer service and requested a replacement (I had JUST gotten it), which they provided free of charge. It just happened again. Fortunately this time I was at home and it landed in my own sink, so I have no problem with putting it back in. Is this a common occurrence with this brand? Why is this happening? It’s always stored at room temp, never left in a car or in the sun or anything. ",1758376973.0,1.0,1,0,Question,ifweweresharks,8,False,0,False,text
MakeupAddiction,1nld23l,Feeling myself today,26,https://reddit.com/r/MakeupAddiction/comments/1nld23l/feeling_myself_today/,https://i.redd.it/qguk3ttza6qf1.jpeg,,1758310208.0,0.88,26,0,,AliceWitchy,4,True,1,False,image
MakeupAddiction,1nllhiy,need advice on what i should do with eye makeup,6,https://reddit.com/r/MakeupAddiction/comments/1nllhiy/need_advice_on_what_i_should_do_with_eye_makeup/,https://www.reddit.com/gallery/1nllhiy,hi! i recently started diving more into makeup and doing more than just mascara and lip gloss and i feel like ive learned a decent bit but also still not really sure what to do around my eyes. rn i use the brown or sometimes burgundy rare perfect strokes eyeliner on my upper waterline with some mascara (usually too faced damn girl) and some inner corner highlighter (rare silky touch highlighter in mesmerize). not sure if i should start practicing doing a wing or maybe just some eyeshadow i dont rly know what would suit me !! ive seen some cute inspo from this fashion influencer who often does like a pink to white shimmery gradient that ive thought is pretty (sophie silva) but idk if it would look good or even be visible since i think i have hooded eyes and idk what those exact shades are anyway. put some pics to show what my usual going out/date makeup has been like lately. feel free to be critical of other parts of my routine too if u think theyre not good. gonna put all my products for a typical look (like these) in a comment since i think thats how im supposed to do it idk,1758332224.0,0.58,6,0,Question,femmanems,31,True,3,True,text
MakeupAddiction,1nloc2u,Hello beauties!,6,https://reddit.com/r/MakeupAddiction/comments/1nloc2u/hello_beauties/,https://i.redd.it/vgceqcxru8qf1.jpeg,"It has been a loong time coming that I need to replace my JFC velour liquid lips. Time to move onto something new since I’m over 40! I enjoy nudes, flaming coral and peachy pinks. Would love suggestions of brands with similar formulas please! ",1758341077.0,1.0,6,0,Question,Then_Mycologist1618,1,True,1,False,image
MakeupAddiction,1nlnzod,Which one do you recommend?,5,https://reddit.com/r/MakeupAddiction/comments/1nlnzod/which_one_do_you_recommend/,https://i.redd.it/u533kashr8qf1.jpeg,,1758339972.0,0.64,5,0,Discussion,Samantha098LOVE,4,True,1,False,image
MakeupAddiction,1nllmku,Looking for Lash Strips that look like this,7,https://reddit.com/r/MakeupAddiction/comments/1nllmku/looking_for_lash_strips_that_look_like_this/,https://i.redd.it/9m60mw7o58qf1.jpeg,Looking for lash strips that look like these extensions! I feel like sometimes my lashes don’t show up enough in pictures if that makes sense so I want ones that aren’t too dramatic looking in person (not too long) but will still show. Thank you! ,1758332633.0,0.73,7,0,Question,jaehalcyon,1,True,1,False,image
MakeupAddiction,1nl6vlg,Practicing my eye liner and lips thoughts?,35,https://reddit.com/r/MakeupAddiction/comments/1nl6vlg/practicing_my_eye_liner_and_lips_thoughts/,https://www.reddit.com/gallery/1nl6vlg,"Only eyes and lips done

Eyes:
L'Oreal pencil infallible black

Wet N Wild Breakup Proof Waterproof Liquid Eyeliner hydrofudge black

Milani Highly Rated Anti-Gravity Mascara black

Lips:
Suede Matte Lip Liner Velvet Soft crayon Alien

Revelon color satin ink 036 royal amethyst
",1758296193.0,0.9,35,0,Question,Dahlia-WF,25,True,2,True,text
MakeupAddiction,1nllu75,What makeup style would look best on me? As a beginner,5,https://reddit.com/r/MakeupAddiction/comments/1nllu75/what_makeup_style_would_look_best_on_me_as_a/,https://i.redd.it/b3xinjni78qf1.jpeg,,1758333254.0,0.67,5,0,Question,BLANK13489,12,True,1,False,image
MakeupAddiction,1nlupo4,alien vibes,2,https://reddit.com/r/MakeupAddiction/comments/1nlupo4/alien_vibes/,https://www.reddit.com/gallery/1nlupo4,,1758364248.0,0.63,2,0,FOTD,possumpssy,2,True,2,True,text
MakeupAddiction,1nle0du,Can someone give me a cruelty free version similar to this color?,13,https://reddit.com/r/MakeupAddiction/comments/1nle0du/can_someone_give_me_a_cruelty_free_version/,https://i.redd.it/q78cfeknh6qf1.jpeg,"I don’t know the original brand, just saw the photo on Pinterest and liked the look. If anyone could help me find a similar color I’d appreciate it. Thank you! Vegan and cruelty free brands are preferred ! ",1758312448.0,0.8,13,0,Question,linacrossingg,6,True,1,False,image
MakeupAddiction,1nloche,70s/80s Revlon lipstick?,3,https://reddit.com/r/MakeupAddiction/comments/1nloche/70s80s_revlon_lipstick/,https://www.reddit.com/r/MakeupAddiction/comments/1nloche/70s80s_revlon_lipstick/,"Delete if not allowed! To all of you who lived in the 70s/80s: what Revlon (or other lipstick!) shades did you use? I know some are still made today, I just picked up Cherries in the Snow (50s) and Rosewine (70s). This could be for any other lipstick brand as well, I’m just looking for anything I can still get today!",1758341117.0,1.0,3,0,Question,Horror_Chance1506,3,False,0,False,text
MakeupAddiction,1nl2fro,skin prep for stick-on pearls like this? (pic from pinterest),51,https://reddit.com/r/MakeupAddiction/comments/1nl2fro/skin_prep_for_stickon_pearls_like_this_pic_from/,https://i.redd.it/hdrz0b5m94qf1.jpeg,"hello! I’m planning to recreate this or a similar look soon for a photoshoot and I was wondering what the best way is to stick the pearls on the skin so they last (I need them to be secure for about 3ish hours) – I have some DUO eyelash glue which I’ve heard should be pretty good, but what do I do beforehand? just apply them on my base makeup and hope for the best? or is there an extra step I should know about? tia for any advice! x",1758285532.0,0.89,51,0,Question,patinoire,16,True,1,False,image
MakeupAddiction,1nltvaj,Has anyone tried the Swan palette from hourglass with Medium olive skin tone?,1,https://reddit.com/r/MakeupAddiction/comments/1nltvaj/has_anyone_tried_the_swan_palette_from_hourglass/,https://www.reddit.com/r/MakeupAddiction/comments/1nltvaj/has_anyone_tried_the_swan_palette_from_hourglass/,"This may be a long shot but I'm thinking of buying the Swan palette from hourglass as a Christmas present to myself. I'm shade 6 in the Giorgio Armani Luminous Silk foundation, 3WO in the Dior Face and Body, Nars Sheer Glow in Stromboli. Has anyone tried the hourglass palette? I'm also thinking of buying myself the Ambient Lightning Palette in Volume II. Let me know if you're around my skin tone and have tried it!",1758361171.0,1.0,1,0,Discussion,primewasteofoxygen,1,False,0,False,text
MakeupAddiction,1nl40ol,I never thought this day would come…,42,https://reddit.com/r/MakeupAddiction/comments/1nl40ol/i_never_thought_this_day_would_come/,https://www.reddit.com/r/MakeupAddiction/comments/1nl40ol/i_never_thought_this_day_would_come/,"I have made the difficult decision to break up with my longest standing purchased product and the product I have spent the most money on out of everything I own. I’ve pondered over this for a long time but it’s finally all become clear and apparent. So I’m asking for your help and recommendations. 

The product I’m breaking up after 15 years is Estée Lauder Double Wear. I’m 33 now and while I’m not aged by any means I just don’t like the way it sits or feels anymore. I wore a full face to work because I’ve started a new job with longer hours and I felt like I was legitimately wearing a mask. 

So I’m asking for recommendations for foundations that are long wear and feel weightless and almost like you’re not wearing anything. I have combination skin that is significantly oilier in warmer months (that’s right now). 

Hit me with your best recommendations. Price isn’t an issue as a bottle of foundation lasts for ages for me. ",1758289559.0,0.98,42,0,Question,Difficult-Put-7048,36,False,0,False,text
MakeupAddiction,1nlhp9r,Cool toned contour swatches,7,https://reddit.com/r/MakeupAddiction/comments/1nlhp9r/cool_toned_contour_swatches/,https://www.reddit.com/gallery/1nlhp9r,"I listed everything I used here: [cool toned contours](https://www.amazon.com/shop/influencer-6cf29ea2/list/1ZMO1VXXLV7LM?ref_=cm_sw_r_cp_ud_aipsflist_3MAF2M2MYHHRTGHAG1GC_1) and I will come back to tell you which is which in order. Promise, I’m going to retake these pictures and do them better all labeled in the pic too. This was a just a Quick Look testing lighting.

Which would you go for?

Which do you think looks best on me? 

Any of these lighting work or shall I make any changes? I’m thinking I’ll do indoors and outdoors but I feel filming outside would show the colors better. I’m shooting a video swatching them all and want to make sure I get this swatching done in the best lighting for them to show up right.

I divided the swatches into creams and powders. The 2nd is the only liquid. Do you like this order or shall I change it up?",1758321658.0,1.0,7,0,Swatches,FLMarlinHeat,2,True,3,True,text
MakeupAddiction,1nkgqnz,Manic pixie dream girl recs 💋💄✨💖,903,https://reddit.com/r/MakeupAddiction/comments/1nkgqnz/manic_pixie_dream_girl_recs/,https://www.reddit.com/gallery/1nkgqnz,"Anyone have recs for quality beginner friendly rich color makeup that you’d see a manic pixie dream girl wear? Easy to apply and rich pigment? I am an outsider in the makeup world and get stressed out by too involved or fiddly looks, but I LOVE statement eyes and blush, glitter, all over face and body shine. I’ve attached inspo - I know elements of some of these are complicated, just posting the general vibe
Pls help 🙏🏽",1758221223.0,0.98,903,0,,spoons_monkey,47,True,7,True,text
MakeupAddiction,1nl8awa,Overlining upper lip,14,https://reddit.com/r/MakeupAddiction/comments/1nl8awa/overlining_upper_lip/,https://i.redd.it/i45tpzxse5qf1.jpeg,"I have a near non existent upper lip, especially when I smile. But my bottom lip is very full. 

How obvious is it that I'm overlining my upper lip? I know it's hard to tell on photos, but I've heard it always looks bad in person. I really like overlining my upper lip because it gives me more confidence.

Lip Product: NYX ShineLoud GOALGETTER - just without the shine. 

(Please ignore my grays, haven't had the time for the salon lol)",1758299383.0,0.9,14,0,,Hopeful_Pea_3275,3,True,1,False,image
MakeupAddiction,1nm3u51,"Foundation that will reduce shine in photos? (Chin, nose)",0,https://reddit.com/r/MakeupAddiction/comments/1nm3u51/foundation_that_will_reduce_shine_in_photos_chin/,https://i.redd.it/iep73b2prcqf1.jpeg,,1758388467.0,0.22,0,0,Question,Hot-Maximum-9428,3,True,1,False,image
MakeupAddiction,1nktrsw,On the hunt for a TRUE smokey eye,148,https://reddit.com/r/MakeupAddiction/comments/1nktrsw/on_the_hunt_for_a_true_smokey_eye/,https://www.reddit.com/gallery/1nktrsw,"On the hunt for a cool toned, black, grey, and white eyeshadow palette. for years i’ve used LA COLORS moondust, but the formula is actual garbage. every eyeshadow palette I see in drugstores is either Vivids, warm neutrals or Rosy tones. why is everything so warm? i need your best recommendations for cool toned, literally just grey and white eyeshadow. I don’t really have a budget as i’d use this every day and it would be a good investment. my inspo picks have some warmer glitter/mettalic but i am looking for no warmth. straight up grey and white. please let me know if you can help! 

idk WHAT they used to do taylor momsen’s makeup on gossip girl but they must not make it anymore because i cannot find any cool toned eyeshadow palletes anywhere. she will always be the ideal makeup inspo to me ",1758255261.0,0.96,148,0,Question,picnic_pants16,43,True,5,True,text
MakeupAddiction,1nlr9bm,Huda Beauty Lipliner Empty After Two Months,0,https://reddit.com/r/MakeupAddiction/comments/1nlr9bm/huda_beauty_lipliner_empty_after_two_months/,https://www.reddit.com/r/MakeupAddiction/comments/1nlr9bm/huda_beauty_lipliner_empty_after_two_months/,"i literally bought one two months ago and i absolutely love it so far. but since this morning i cant twist it any further so i believe its empty. after two months tho?? i’m kinda disappointed especially for that price point.

is that normal? anyone experienced the same thing? ",1758351217.0,0.5,0,0,,wefoundvangogh,7,False,0,False,text
MakeupAddiction,1nlchka,help with lip combo,8,https://reddit.com/r/MakeupAddiction/comments/1nlchka/help_with_lip_combo/,https://i.redd.it/fs2ztxv276qf1.jpeg,"can anyone give me some examples of products that would look like this lip combo (liner, lip gloss or lip stick)??? i love this but im not sure what products would give this exact color/combo! thanks!!! ",1758308892.0,0.79,8,0,Question,korkett,7,True,1,False,image
MakeupAddiction,1nlq3ws,True brown lip stain?,0,https://reddit.com/r/MakeupAddiction/comments/1nlq3ws/true_brown_lip_stain/,https://www.reddit.com/r/MakeupAddiction/comments/1nlq3ws/true_brown_lip_stain/,"I've bought all the brown shades of Liquid I.V. (plus some lol) and a few Ulta branded tints, but they all tint a soft pink, berry, or mauve. I don't mind these stains but they're getting a little repetitive and I don't want to keep purchasing the same undertones.

The only more orangey red tone was the Benefit Coco Cabana Moisturizing Dewy Lip Tint and its been a personal fav since purchase. But I would like something darker or even more on the cool side!

I prefer darker stains and more pigment even if I have to reapply throughout the day. I was going to look into Wonderskin but Im skeptical because i am specifically looking for a cool or chocolate brown with an almost true to application tint. Is it possible lol.

Edit: Maybe I am more looking for something neutral i just don't want to see anything too pinky
",1758347076.0,0.33,0,0,Question,No-Garbage8018,5,False,0,False,text
MakeupAddiction,1nlprpf,Matte Lip Stain Recs?,1,https://reddit.com/r/MakeupAddiction/comments/1nlprpf/matte_lip_stain_recs/,https://www.reddit.com/r/MakeupAddiction/comments/1nlprpf/matte_lip_stain_recs/,"hi!! I'm looking for a matte lip stain that's transfer proof, the peel of stuff is super patchy imo (maybe I just didn't use it right. idk.) so preferably just a standard lip stain. I don't have a price preference!",1758345923.0,1.0,1,0,,CatElectronic50,1,False,0,False,text
MakeupAddiction,1nlp8fo,HELPPPP,1,https://reddit.com/r/MakeupAddiction/comments/1nlp8fo/helpppp/,https://i.redd.it/mwxu6ldx39qf1.jpeg,Ok so my favorite blush is shade Pink Sand from Too Faced Natural Face Palette which is now discontinued and I just ran out of it!!! Anyone know any other blushes that could be a similar shade?? I’m open to any suggestions.,1758344152.0,1.0,1,0,,malyram,3,True,1,False,image
MakeupAddiction,1nlolqt,Argentina  Makeup ??,1,https://reddit.com/r/MakeupAddiction/comments/1nlolqt/argentina_makeup/,https://www.reddit.com/r/MakeupAddiction/comments/1nlolqt/argentina_makeup/,"Hello, I been looking at TEI cosmética products and I really want try there foundation but there mainly based in ARG but I live in America does anyone know any sold in America if not anything similar to there TEI 24 hour foundation?",1758341986.0,1.0,1,0,,Nesssa_xo,1,False,0,False,text
MakeupAddiction,1nlvt6c,how can i cover my moles?,0,https://reddit.com/r/MakeupAddiction/comments/1nlvt6c/how_can_i_cover_my_moles/,https://www.reddit.com/gallery/1nlvt6c,"what product can fully cover my moles? last picture is barefaced/no makeup.

i’ve attempted to cover my moles using the judydoll airy cushion foundation (no2 fair shade) but clearly, it is not working.",1758367966.0,0.46,0,0,FOTD,stariiko_o,15,True,3,True,text
MakeupAddiction,1nlo70q,Makeup Help/Setting Spray,1,https://reddit.com/r/MakeupAddiction/comments/1nlo70q/makeup_helpsetting_spray/,https://www.reddit.com/r/MakeupAddiction/comments/1nlo70q/makeup_helpsetting_spray/,"I’m looking for a new setting spray. One Size and Loreal are TOO matte for my preference.

I have combination skin. I recently switched from powder products (bronzer/blush) to cream…I also use a cream foundation. I prefer the slightly dewy/glowy look. 

I’m struggling with my makeup transferring & wearing off throughout the day. I don’t like the look of when I add setting powder because it makes me look too matte. But if there’s a different kind of setting powder that still has that skin like, somewhat glowy finish, I’d be open to trying. ",1758340637.0,1.0,1,0,,Ok_Shoe8778,2,False,0,False,text
MakeupAddiction,1nkatuy,How can I look more feminine on my femme days?,878,https://reddit.com/r/MakeupAddiction/comments/1nkatuy/how_can_i_look_more_feminine_on_my_femme_days/,https://www.reddit.com/gallery/1nkatuy,"Hey guys! I'm pretty new to makeup and I was wondering how I can use makeup to make myself more feminine when I want to present femme? Pic 3 for my light makeup attempt

Edit: I didn't expect so overwhelming response and support from everyone here!! Thank you so much! I'm slow with replying but I'll try my best to reply to everyone :)

Edit 2: update posted on my profile :) [link](https://www.reddit.com/user/RecognitionNo5982/comments/1nl3yzo/update_tried_some_of_your_tips_and_feeling/?utm_source=share&utm_medium=web3x&utm_name=web3xcss&utm_term=1&utm_content=share_button)",1758208045.0,0.85,878,0,FOTD,RecognitionNo5982,271,True,4,True,text
MakeupAddiction,1nln754,anyone have advice on how to wear lashes without causing uneven eyelids?,1,https://reddit.com/r/MakeupAddiction/comments/1nln754/anyone_have_advice_on_how_to_wear_lashes_without/,https://www.reddit.com/r/MakeupAddiction/comments/1nln754/anyone_have_advice_on_how_to_wear_lashes_without/,"i wear fake strip lashes every few days a week just because why not yk. however everytime i wear them the next day i either get a triple eyelid or i lose my crease and get a monolid. my eyelids are something im a bit insecure about bc they’re uneven naturally however im scared that wearing lashes we’ll make my eyelids uneven everytime i wear them. any advice? i take them off but just peeling them off but i do it gently, i use the quo lash glue (quo is a canadian brand) and i havent gotten a reaction. my biggest assumption is not removing the glue properly but i dont know. i just use the regular micellar water the pink one to remove it by soaking my eyes with a cotton pad and i think it works? ",1758337421.0,1.0,1,0,Question,k4t_hy,6,False,0,False,text
MakeupAddiction,1nlmv2d,Best Travel-Sized Makeup?,1,https://reddit.com/r/MakeupAddiction/comments/1nlmv2d/best_travelsized_makeup/,https://www.reddit.com/r/MakeupAddiction/comments/1nlmv2d/best_travelsized_makeup/,"I’m going on a cruise (my first!) in November with my husband and kids, and space is super limited. 

With all my planning, I got it stuck in my head that I HAVE to have a pared down makeup bag with travel size products. 

But, like all of you wonderful people, I have and wear a lot of makeup. 

I’ve been on a mission to find the best “compact” products, and I’m hoping to get some recommendations! 

An idea of what I use daily, and if I have it in a mini size:
- Trixie Cosmetics base spray
- Milani conceal + perfect primer
- Estée Lauder double wear concealer
- Milk hydro grip skin tint or hourglass skin tint
- Rhode pocket blush in Tan Line
- Huda beauty setting power (have a mini) 
- Rare Beauty brow gel
- Patrick Ta major dimension matte palette
- Milani brow pen for wing liner 
- Benefit Hoola bronzer (have a mini)
- Tower 28 blush in Samo Spritzer
- One Size powder melt setting spray
- L’Oréal double extend mascara
- Essence lash princess mascara
- makeup forever liner in anywhere caffeine 
- summer fridays lip butter balm in iced coffee

So please, spam me with any and all mini/travel size products you’ve used and loved! 

I know I’m not going on vacation to do a full beat every day, but I still want to feel like myself! And if I’m being honest, looking up and trying new makeup is pretty fun. 

Thank you all in advance!! 😘
",1758336365.0,1.0,1,0,Discussion,jflarps86,8,False,0,False,text
MakeupAddiction,1nkavis,Did eyeshadow for the first time yesterday —so excited about how it turned out!,579,https://reddit.com/r/MakeupAddiction/comments/1nkavis/did_eyeshadow_for_the_first_time_yesterday_so/,https://i.redd.it/ve4jt0sevxpf1.jpeg,,1758208147.0,0.98,579,0,,Big_Wrongdoer359,26,True,1,False,image
MakeupAddiction,1nl5dfj,Which makeup style would suits me the most?,7,https://reddit.com/r/MakeupAddiction/comments/1nl5dfj/which_makeup_style_would_suits_me_the_most/,https://www.reddit.com/gallery/1nl5dfj,"
I just got told, 'Wow, you don’t look a day over 15!' which is... a pretty weird thing to say to a girl who just turned 18, if you ask me.

It got me thinking about my own style. Since I was homeschooled and I rarely go out (don’t get me wrong, I love a great hangout, but I truly prefer my solitude), I feel like I completely skipped the 'teenage dirtbag' era. I never had that phase of experimenting with crazy, bold makeup looks. I never even acquired the right products to try.

On top of that, my face doesn't seem to suit a lot of the trending looks, so my routine has always been super simple: just a bit of concealer, lip tint and blush. That’s it. That’s the whole routine.

But lately, I’ve been feeling this real desire for change. My clothes evolve, my age is definitely changing, but my makeup has been stuck in the same place for years. I really want to develop my own personal makeup look, something that feels like me, and maybe even a statement look! The problem is, I have no idea where to start, what would actually suit my features, and I definitely lack the skills. That pretty much sums up my dilemma.

So, I’d genuinely loveee some advice from all the divas and experts out there! Where did you start? How did you find your signature look? Any advice is so welcome!

",1758292772.0,0.73,7,0,Question,iartheeanecore,5,True,3,True,text
MakeupAddiction,1nlkvcd,Need recommendation for make-up remover / micellar water,1,https://reddit.com/r/MakeupAddiction/comments/1nlkvcd/need_recommendation_for_makeup_remover_micellar/,https://www.reddit.com/r/MakeupAddiction/comments/1nlkvcd/need_recommendation_for_makeup_remover_micellar/,"Hi. I've been using the Mac ""Gently Off Eye and Lip Makeup Remover"" (pink in bottle) forever. It's working great for me. Mostly I need it to take off **Maybelline Matte Ink Superstay lipstick.**

As I am running out, I ordered a new bottle on the website. My order has been sitting in ""backorder"" status for about a month. Customer support has not been able to give me any information about an ETA, how long things are typically on backorder, how long this one has been out of stock or anything else that would help me decide whether to cancel or not.

In the mean time, I have tried the Sephora micellar water and it is NOT getting the lipstick off, so I'll be passing this bottle along to somebody else or use it exclusively for mascara or something.

What products work for you? Those Superstay lipsticks are very very persistent on my lips - a good thing but without a way to take them off at the end of the day I can't use them!

I'm in Canada, so availability and shipping cost are a factor.  
  
Thank you so much for your recommendations :)",1758330365.0,1.0,1,0,,Lenitas,4,False,0,False,text
MakeupAddiction,1nlki3u,Is there a product for lashes/brows that's more like a pomade?,1,https://reddit.com/r/MakeupAddiction/comments/1nlki3u/is_there_a_product_for_lashesbrows_thats_more/,https://www.reddit.com/r/MakeupAddiction/comments/1nlki3u/is_there_a_product_for_lashesbrows_thats_more/,"Maybe a weird question but I'm not big on wearing mascara much lately, but still love the way my lashes look with the shape mascara adds.  I know there's clear mascaras, but haven't had a lot of luck.  I notice when I wear makeup primer, if it gets on my eyes, it almost works like a low/medium-hold mascara and keeps a fanned, curled look. Is there a product I could buy that would mimic this kind of consistency and hold shape for both my curled and bare lashes as well as my brows?",1758329285.0,1.0,1,0,Question,PuppyHindleg,1,False,0,False,text
MakeupAddiction,1nkic0l,Which high-end makeup product do you think is totally worth its price tag and why? {2025},190,https://reddit.com/r/MakeupAddiction/comments/1nkic0l/which_highend_makeup_product_do_you_think_is/,https://www.reddit.com/r/MakeupAddiction/comments/1nkic0l/which_highend_makeup_product_do_you_think_is/,Really interested to see what you think is worth splurging on! I would think it’s products that either have a unique color shade that you can’t find in the drugstore or outshines based on performance and quality. ,1758224874.0,0.98,190,0,Discussion,Kaffetratsch,306,False,0,False,text
MakeupAddiction,1nljj4m,What do I do with my eyebrows?,0,https://reddit.com/r/MakeupAddiction/comments/1nljj4m/what_do_i_do_with_my_eyebrows/,https://www.reddit.com/gallery/1nljj4m,"Sorry this isn’t the best pics. I’ve struggled with my eyebrows my whole life I just don’t understand how to make them better. I just shave them kinda randomly, not knowing what I’m doing. I can also never get them even.",1758326483.0,0.5,0,0,Question,BLANK13489,18,True,2,True,text
MakeupAddiction,1nknwob,Which one should I do? (night dinner),93,https://reddit.com/r/MakeupAddiction/comments/1nknwob/which_one_should_i_do_night_dinner/,https://www.reddit.com/gallery/1nknwob,,1758238441.0,0.97,93,0,Question,Daenerys5454,36,True,2,True,text
MakeupAddiction,1nkffpk,"A Shiny Liner Slay For A Thursday. A Thurs-Slay, If You Will",236,https://reddit.com/r/MakeupAddiction/comments/1nkffpk/a_shiny_liner_slay_for_a_thursday_a_thursslay_if/,https://www.reddit.com/gallery/1nkffpk,"Shower mornings usually require simpler makeup to account for the time lost in getting ready. But does that mean I do not slay? Absolutely not! I will just perform more minor slays 💃

~~ EYES ~~>
💃 Colourpop BFF Multichrome Creme Gel Liner - Ventura Blvd
💃 Juvia's Place Culture 2 Liquid Eyeshadow - Cheri Coco
💃 Maybelline Sky High Mascara - Green Altitude

~~ BROWS ~~>
💃 NYX Micro Brow Pencil - Ash Brown
💃 NYX The Brow Glue

~~ LIPS ~~>
💃 Milani Fruit Fetish Lip Oil - Black Cherry Vanilla 

~~ FACE ~~>
💃 Colourpop Powder Blush - Papaya
💃 Milani Baked Highlighter - Luminoso
💃 Milani Make It Last Original Setting Spray 
💃 ELF HD Loose Powder ",1758218307.0,0.94,236,0,FOTD,biosicc,16,True,5,True,text
MakeupAddiction,1nldorb,Orange Spots,2,https://reddit.com/r/MakeupAddiction/comments/1nldorb/orange_spots/,https://i.redd.it/2b7i49cdf6qf1.png,I've noticed these orange spots occur on my face after applying foundation for a few hours. This picture is of my chin. I also apply pressed powder on my chin. What could be the reason for these orange spots ? I use the Flormar HD Invisible Foundation and Cevera pressed powder. My skin prep consists of moisturiser and sunscreen.,1758311682.0,1.0,2,0,Question,minniemao28,1,True,1,False,image
MakeupAddiction,1nlcaod,Weekly Simple Questions and General Community Discussion Thread,2,https://reddit.com/r/MakeupAddiction/comments/1nlcaod/weekly_simple_questions_and_general_community/,https://www.reddit.com/r/MakeupAddiction/comments/1nlcaod/weekly_simple_questions_and_general_community/,Use this post for anything you feel doesn't need to be a whole post of its own! Ask for product recommendations! Get opinions on what eye shape you have! Or just get to know each other!,1758308458.0,0.75,2,0,Discussion,AutoModerator,4,False,0,False,text
MakeupAddiction,1nlc3ek,Should I be buying cool toned makeup? Particularly blush and lip products. (please ignore my acne marks),1,https://reddit.com/r/MakeupAddiction/comments/1nlc3ek/should_i_be_buying_cool_toned_makeup_particularly/,https://www.reddit.com/gallery/1nlc3ek,,1758308002.0,0.57,1,0,Question,dontsuspendthis1,11,True,6,True,text
MakeupAddiction,1nlh870,Dupes for CT powder?,0,https://reddit.com/r/MakeupAddiction/comments/1nlh870/dupes_for_ct_powder/,https://www.reddit.com/r/MakeupAddiction/comments/1nlh870/dupes_for_ct_powder/,I’ve been using the charlotte tillbury powder in the shade fair for a few years now and I love it but I can’t justify spending 50 on powder anymore. Any cheaper recommendations that give the same type of finish? For reference I’m 35 with pretty pale and combo skin. ,1758320406.0,0.5,0,0,,soitgoes123,1,False,0,False,text
MakeupAddiction,1nlb3dg,Need help with eyeshadow,2,https://reddit.com/r/MakeupAddiction/comments/1nlb3dg/need_help_with_eyeshadow/,https://i.redd.it/201ehwbkx5qf1.jpeg,"Hi, I'm trying to do a no makeup look. Which my usual makeup routine. As I was setting my  eyeshadow palette Light My Fire by Too Faced , my eyelids started to become rough, dark, heavy, and patchy that really don't need. I even have very oily eyelids.
Here's what I do with my eyeshadow
1. Used an eye primer by About-face and added mini Bare Minerals setting powder on my eyelids 
2. I used a single yellow eyeshadow by Is'Mine as a base to make the darker colors to become lighter for other eyeshadow palettes
3. After using setting powder, I go back setting my eyeshadow palettes again but, became rough when trying to blend.
4. Used banana setting powder by wet N' Wild as a finished touch, used E.l.f Coconut dewy setting spray or any type. Made my eyeshadow dark and heavy. 
It's pretty upsetting and I need help. ",1758305693.0,0.75,2,0,,Adventurous-Owl-4322,1,True,1,False,image
MakeupAddiction,1nlgp7t,Quick Beauty Shopping Survey! Anonymous! (personal project),0,https://reddit.com/r/MakeupAddiction/comments/1nlgp7t/quick_beauty_shopping_survey_anonymous_personal/,https://forms.gle/xkFrgAqePoACLD1r6,Hi everyone! I'm researching people's experiences when buying beauty products. Would love 2 minutes of your time for this completely anonymous survey. Thank you so much!,1758319042.0,0.5,0,0,Question,Zswag10,1,False,0,False,text
MakeupAddiction,1nkhgy8,Is this make up suitable for my bday party?,137,https://reddit.com/r/MakeupAddiction/comments/1nkhgy8/is_this_make_up_suitable_for_my_bday_party/,https://www.reddit.com/gallery/1nkhgy8,Short bangs are a no no im aware of that jist focus on the make up pls,1758222897.0,0.9,137,0,Question,Michaelscottera,40,True,6,True,text
MakeupAddiction,1njtb24,fairy makeup look 🤍,4786,https://reddit.com/r/MakeupAddiction/comments/1njtb24/fairy_makeup_look/,https://www.reddit.com/gallery/1njtb24,"products used: 
- juvias place the coffee shop 
- too faced concealer(mocha) and pro concealer 
- metamorphosisbf: beary cute eyeshadow, pink blush stick, gold liquid highlight
- juvias place bronzer (dark) and blush powder (volume 3)
- delanci panda eyeshadow 
- smoke and mirrors electric eyeshadow 
- athena face paint 
- bribossmetics brown lip liner
- urban decay setting spray 
",1758153349.0,0.98,4786,0,FOTD,SadDegree4974,170,True,6,True,text
MakeupAddiction,1nl4aye,Does this makeup suit me?,5,https://reddit.com/r/MakeupAddiction/comments/1nl4aye/does_this_makeup_suit_me/,https://i.redd.it/p4gfb3lnn4qf1.jpeg,"I posted here before regarding lips and y'all were super helpful :)

  
I was looking at makeup looks I can try cause Im just getting into makeup and trying to learn. 

I want my makeup to be soft, cute and easy because I have shaky hands. The simpler it is there is less of a chance of poking my eyes. Before I get anything I would like to see this or something similar would suit me.

And any recommendations to help me achieve this.

All help is welcomed :).

[https://v1.pinimg.com/videos/iht/hls/b9/d1/e3/b9d1e3bdeec1f336d8b66476686d3315.m3u8](https://v1.pinimg.com/videos/iht/hls/b9/d1/e3/b9d1e3bdeec1f336d8b66476686d3315.m3u8)

My skin is normal.

Skin care:

\*\*\* Im only wearing the moisturizer and Face wash in the picture!! \*\*\*

\> Toleriane Double Repair Face Moisturizer with Niacinamide ( - My younger cousin said how important skin care / skin prep is so she just recommended me this moisturizer and cleanser. I dont know if there optimal but they feel nice )

\> Toleriane Purifying Foaming Face Wash for Oily Skin

\> Vasaline

\> Strawberry Shortcake Body cream ( This is to just layer smell to last longer )",1758290261.0,0.78,5,0,Question,Bittersweet_2005,10,True,1,False,image
MakeupAddiction,1nlg1eg,Setting spray,1,https://reddit.com/r/MakeupAddiction/comments/1nlg1eg/setting_spray/,https://www.reddit.com/gallery/1nlg1eg,"I switched the nyx marshmallow setting spray into my empty elf setting spray because the NYX spray was not the best, I feel like it came out super heavy instead of like a mist and felt like I would waste a lot because of how many times I might have to spray to get all over my face anyone else agree?",1758317348.0,0.67,1,0,Discussion,Other_Resolve9026,4,True,2,True,text
MakeupAddiction,1nk00yt,First time doing halo eyeshadow,1541,https://reddit.com/r/MakeupAddiction/comments/1nk00yt/first_time_doing_halo_eyeshadow/,https://www.reddit.com/gallery/1nk00yt,How we feeling about this halo eyeshadow look? Its my first time doing it and im REALLY loving it!!!!  Any recommendations for an even chromier glitter?!?! I used the juvias place culture palette for this look! I lovee how vibrant this palettes colors are! ,1758173817.0,0.99,1541,0,,ciannadanae,103,True,4,True,text
MakeupAddiction,1nlkywo,help identifying lip shade,0,https://reddit.com/r/MakeupAddiction/comments/1nlkywo/help_identifying_lip_shade/,https://www.reddit.com/r/MakeupAddiction/comments/1nlkywo/help_identifying_lip_shade/,"hi! i was watching new girl and saw jess with this really cute lip color and was wondering if anyone had any idea what it was? if it helps it's season 1 episode 23 about 20 minutes in

https://preview.redd.it/4n1cnzoqz7qf1.png?width=2343&format=png&auto=webp&s=be1ace0093d3532a71faae46d81ef9a455cc56d6

",1758330666.0,0.25,0,0,,femmanems,2,True,1,False,text
MakeupAddiction,1nl6j0s,What is wrong with my setting powder?,4,https://reddit.com/r/MakeupAddiction/comments/1nl6j0s/what_is_wrong_with_my_setting_powder/,https://i.redd.it/bpqzsy4z25qf1.jpeg,"Hello, I recently purchased a trial size of the Charlotte Tilbury airbrush finish setting powder in shade 1. Recently, I noticed the top of the powder has some weird dark spots. The compact looked completely fine just a few days ago. I would greatly appreciate any info on why this happens to pressed powders and how to prevent it. 
",1758295408.0,0.7,4,0,,SaltyRequirement,18,True,1,False,image
MakeupAddiction,1nlfrxw,How can I pick the correct shade?,1,https://reddit.com/r/MakeupAddiction/comments/1nlfrxw/how_can_i_pick_the_correct_shade/,https://www.reddit.com/r/MakeupAddiction/comments/1nlfrxw/how_can_i_pick_the_correct_shade/,"I have a really big problem.
I don't know how to get the correct shade for foundation/skin tint/bb cream etc.
I am pretty pale and have a pink undertone and picking the correct shade is a challenge for me. Almost every time I get it wrong. I also can't really find products that have pink undertones ,only yellow ones who make me look ridiculous . Many people say to try it on your neck ,but I look kind of stupid in the middle of the store testing products on my neck 😭. Are there any better alternatives?
Can someone please guide me on how to stop wasting money on products I can't use?Or at least tell me some good products?",1758316683.0,0.57,1,0,,Adorable-Pepper-8164,4,False,0,False,text
MakeupAddiction,1nl9xb6,Seeking skin tint recommendation for very fair skin that is similar to Milk Makeup’s tint,2,https://reddit.com/r/MakeupAddiction/comments/1nl9xb6/seeking_skin_tint_recommendation_for_very_fair/,https://www.reddit.com/r/MakeupAddiction/comments/1nl9xb6/seeking_skin_tint_recommendation_for_very_fair/,"Hi, y’all! I’m looking for recommendations for a skin tint that is similar to the Milk Makeup Hydro Grip Hydrating Gel Skin Tint but available in a cooler, fairer shade. I tried the lightest shade, Shade 1, and unfortunately it is still too dark and too yellow for me. I have very fair skin with a cool pink undertone, my skin is somewhat sensitive, and I am in my late 30s.  (My husband offered the very helpful advice to “just go out in the sun more and then it’ll match.” 🙃)

I wore the Milk Makeup for two days, and I absolutely LOVE the texture and finish and the way it feels on my face. I have a hard time getting past the feeling of foundation if it is heavy, sticky, dry, chalky, etc., and this tint feels like moisturizer. I have tried so many skin tints that seem to float on top of my skin, leading to streaks and patches and they come off at the slightest touch if I happen to touch my face. Some tints look chalky and they settle into fine lines and pores and make my skin look worse than if I had on nothing at all. I basically want enough coverage to even out my skin tone and cover a little redness, but that’s about it. For everyday wear, I don’t want my skin to look like a porcelain doll—I do that level of makeup for special occasions only. I want something that I can apply with my fingers and not have to do 15 minutes of skin prep, priming, etc. before application. 

Do you know of any skin tints, tinted serums or moisturizers, or very blendable lightweight foundations that are similar to the Milk Makeup tint but made for very, very fair skin? 

Thanks in advance! 


",1758303054.0,1.0,2,0,Question,merathon,9,False,0,False,text
MakeupAddiction,1nlfnpf,Do you recommend this makeup brand? These gloss lipsticks really caught my attention.,1,https://reddit.com/r/MakeupAddiction/comments/1nlfnpf/do_you_recommend_this_makeup_brand_these_gloss/,https://www.reddit.com/gallery/1nlfnpf,,1758316389.0,0.57,1,0,Question,Samantha098LOVE,3,True,3,True,text
MakeupAddiction,1nkpkx1,I found my daily look!,42,https://reddit.com/r/MakeupAddiction/comments/1nkpkx1/i_found_my_daily_look/,https://i.redd.it/z1jkn7cfr0qf1.jpeg,"- tarte face tape foundation, light sand
- tarte creaseless corrector, peach (for mild beard shadow)
- colourpop powder blush, just cruisin’ 
- nyx buttermelt highlighter, glaze it butta (light bronze)
- colourpop super shock eyeshadow, moonwalk (my absolute favorite eyeshadow color)
- nyx liquid eyeliner, black
- tarte maneater mascara, black (amazing)
- elf lip oil, citrine gleam (glimmer finish gold)
- elf dewy coconut setting mist ",1758243093.0,0.9,42,0,FOTD,weez22,5,True,1,False,image
MakeupAddiction,1nl9dxm,Best lip balms,2,https://reddit.com/r/MakeupAddiction/comments/1nl9dxm/best_lip_balms/,https://www.reddit.com/r/MakeupAddiction/comments/1nl9dxm/best_lip_balms/,"Needing a gift idea.. what’s the best lip balm? Summer Fridays? laneige? Any others? 

My in laws do adult stocking stuffers I’m in charge of my sister in laws and this year I’m doing a lip scrub and wanted to include some type of lip balm 

I personally like Laneige over Summer Fridays but maybe there’s something else out there I’m not aware of. ",1758301839.0,0.76,2,0,,glitter-me,5,False,0,False,text
MakeupAddiction,1nlexeq,Blush undertone,1,https://reddit.com/r/MakeupAddiction/comments/1nlexeq/blush_undertone/,https://www.reddit.com/gallery/1nlexeq,"So I’m pretty sure one of my favorite blushes has been discontinued (Kaja’s Cheeky Stamp in the color 06 Flirty). It’s sold out at other retailers, and the company’s website doesn’t list the color anymore. I’m trying to figure out what I should get as a substitute, but I can’t figure out what the undertone of this blush is. I guessed maybe neutral? One blush I thought looked similar (Fwee’s Blurry Pudding Pot in the color Baby) was listed as a neutral undertone blush (slides 5 and 6 show the Fwee blush). Can anyone help me? Trying to find a replacement without knowing the undertone is really difficult. ",1758314622.0,0.57,1,0,Question,deadmemename,1,True,6,True,text
MakeupAddiction,1nkq5v7,lip liner shade help,32,https://reddit.com/r/MakeupAddiction/comments/1nkq5v7/lip_liner_shade_help/,https://i.redd.it/fqiudyycw0qf1.jpeg,hi! looking for a lip liner similar to this shade. any recommendations? thanks :),1758244753.0,0.97,32,0,Question,BagFamous7544,2,True,1,False,image
MakeupAddiction,1nl4cq7,curl holding mascara,3,https://reddit.com/r/MakeupAddiction/comments/1nl4cq7/curl_holding_mascara/,https://www.reddit.com/r/MakeupAddiction/comments/1nl4cq7/curl_holding_mascara/,"what in your opinion is the BEST sturdiest mascara that holds curls and doesnt smudge and preferabbly waterproof, i bought lash sensational mabelline and i hate it, it doesnt hold a curl at all but its nice and smooth and doesnt smudge, i regularly use essence waterproof one but its okay at holidng curls but smudges HORRIBLY please help i hear loreal telescopic or sky high mabelline is good",1758290380.0,1.0,3,0,Discussion,golfwangcmiygl,2,False,0,False,text
MakeupAddiction,1nkco14,🎠🎀,158,https://reddit.com/r/MakeupAddiction/comments/1nkco14/_/,https://i.redd.it/gsupl31f7ypf1.jpeg,,1758212151.0,0.97,158,0,,arielles_arttt,8,True,1,False,image
MakeupAddiction,1nkpq0u,Do ANY of these match 😭,27,https://reddit.com/r/MakeupAddiction/comments/1nkpq0u/do_any_of_these_match/,https://i.redd.it/84uh4p4ns0qf1.jpeg,"Left to right (with flash): 
• NYX bare with me concealer in light
• NYX bare with me concealer in fair 
• Estée Lauder double wear in 1N0 porcelain 
• L’Oréal Paris Pro-Glow shade 202 

I am struggling so badly to find a proper shade match, do any of these look close enough for everyday wear? ",1758243502.0,0.82,27,0,,avcd34,39,True,1,False,image
MakeupAddiction,1nl1e7u,Period Drama makeup (Italian Renaissance) but adapted for Deep Autumn | Advice needed!,4,https://reddit.com/r/MakeupAddiction/comments/1nl1e7u/period_drama_makeup_italian_renaissance_but/,https://www.reddit.com/gallery/1nl1e7u,"Hi everyone!

I’m fascinated by the kind of makeup looks you see in period dramas like The Borgias, with that Italian Renaissance painting kind of glow. 

What I’d love some help with is how to adapt this style to suit a Deep/Dark Autumn palette for a high-contrast individual (me! - fair olive with black hair). 
Most references I find lean very rosy and light, but I’d like to recreate the essence of this look while staying harmonious with deeper, warmer and richer shades that won’t wash me out.

Any tutorials, product recs or just ideas on how to approach the task?

YouTuber Evangeline Molly does looks of that short, but she has a completely different coloring...

Please help🙏",1758282590.0,0.83,4,0,Question,AtmosphereRude6236,1,True,2,True,text
MakeupAddiction,1nlatif,Help me build a drugstore makeup kit for my wedding + functions,1,https://reddit.com/r/MakeupAddiction/comments/1nlatif/help_me_build_a_drugstore_makeup_kit_for_my/,https://www.reddit.com/r/MakeupAddiction/comments/1nlatif/help_me_build_a_drugstore_makeup_kit_for_my/,"Hi everyone,
My wedding is in about 4 months and I really want to invest in makeup products that I can use everyday or for my wedding events/functions. I’m pretty new to all this.

I already have:
• e.l.f. Halo Glow (glowy highlighter / glow-product)
• Maybelline Perfector 4-in-1 Glow
• Rare Beauty blush

I have combination skin with visible pores, and I want a look that’s radiant/glowy but still looks like skin (I do not mind heavy foundation as well).

What kind of products should I be looking for (primer, foundation, concealer, setting products, etc.)?
And any drugstore recs you love for:
• Minimizing pores / smoothing texture
• Keeping glow without too much shine
• Lasting all day (especially for wedding photos, events)

Thanks so much!!",1758305068.0,1.0,1,0,,Mingi_shrooms,1,False,0,False,text
MakeupAddiction,1nlaryb,Lip liner smudging,1,https://reddit.com/r/MakeupAddiction/comments/1nlaryb/lip_liner_smudging/,https://www.reddit.com/r/MakeupAddiction/comments/1nlaryb/lip_liner_smudging/,"Lifter lipliner by Maybelline and essence Juicy bomb lip gloss together smudge instantly. I so much press a tissue to my lips and all the colour is gone or smudged. Is there a formula clash between those two? I've seen people say that lip liner STICKS for good, for some reason for me it smudges almost instantly even without the gloss. Pls don't recommend setting powder, I haven't even figured out the most basic products yet, I'm just trying to learn how to do eyes and lips first💔💔💔",1758304968.0,1.0,1,0,,Adorable-State2046,1,False,0,False,text
MakeupAddiction,1nl9t8j,laura mercier batch code,1,https://reddit.com/r/MakeupAddiction/comments/1nl9t8j/laura_mercier_batch_code/,https://www.reddit.com/r/MakeupAddiction/comments/1nl9t8j/laura_mercier_batch_code/,"i hope someone can help me here !!

caviar stick does anyone know where i can find the batch code please . colour in celestine noir

It doesnt appear on box or on product and i find that odd . thank you very much.",1758302807.0,1.0,1,0,,Comfortable_Daikon61,1,False,0,False,text
MakeupAddiction,1nl9qop,Suggest me the best foundation to wear in special occasions please,1,https://reddit.com/r/MakeupAddiction/comments/1nl9qop/suggest_me_the_best_foundation_to_wear_in_special/,https://www.reddit.com/r/MakeupAddiction/comments/1nl9qop/suggest_me_the_best_foundation_to_wear_in_special/,I want to be generous and pay for a nice foundation to wear it in special occasions. I wear make-up daily that's not heavy. But I want to look different when I go to my friends engagement parties.I usually buy cheap brands lol. What do you guys suggest? ,1758302646.0,0.67,1,0,Question,samm105107,10,False,0,False,text
MakeupAddiction,1nl9o7c,Pressed powder,1,https://reddit.com/r/MakeupAddiction/comments/1nl9o7c/pressed_powder/,https://www.reddit.com/r/MakeupAddiction/comments/1nl9o7c/pressed_powder/,"I’ve tried using pressed powder (the one I currently have is Hourglass) with the puff that came with it, a small black triangle puff, and various brushes. I am convinced that it removed more makeup from my face than it adds powder on top. No matter how lightly and carefully I tap it on, I can then wipe the puff/brush on a white towel and see a bit of my skin-colored makeup on it. So I feel like it’s pointless, and potentially worse than not using at all. Does anyone else experience this?",1758302483.0,1.0,1,0,,Deloittesm,1,False,0,False,text
MakeupAddiction,1nl2ka6,makeup help,2,https://reddit.com/r/MakeupAddiction/comments/1nl2ka6/makeup_help/,https://www.reddit.com/gallery/1nl2ka6,"i’m new to makeup and just need some feedback, my sister said too much blush and my eyebrows are too thick. im not really sure what kind of style fits me yet but the 3rd pic is me natural with just lip. thoughts?",1758285875.0,0.67,2,0,Discussion,pinknotepads,7,True,3,True,text
MakeupAddiction,1nl7ypq,Please help with finding my undertones,0,https://reddit.com/r/MakeupAddiction/comments/1nl7ypq/please_help_with_finding_my_undertones/,https://www.reddit.com/gallery/1nl7ypq,"If I could have a little help, that would be amazing. I don’t know my undertones and I want to go a little darker for my hair, closer to black/brown. I don’t know if I should go cool or warm though. I have dark hair, freckles, hazel eyes, and fair skin. I usually get a little red from the sun then it turns to a tan that doesn’t last very long. But my veins confuse me. I can’t tell if it’s blue or green. I have been told royal blue is my color, I wear both gold and silver jewelry but I also know nothing about this so it could just look bad and I have no idea haha. I *think* I am neutral but leaning on the cool side? But I’ve dyed my hair a cool toned jet black years ago and it washed me out (it was also winter time though). My natural hair highlights are caramel and the natural lowlights in the sun are deep red. I don’t know what info is important to know so I’m throwing it all out there haha. Anyone able to help? Thank you for reading<3",1758298619.0,0.5,0,0,Question,SubstantialMilk149,1,True,2,True,text
MakeupAddiction,1nl1xxp,Help appreciated: Which primer should I choose?,2,https://reddit.com/r/MakeupAddiction/comments/1nl1xxp/help_appreciated_which_primer_should_i_choose/,https://www.reddit.com/r/MakeupAddiction/comments/1nl1xxp/help_appreciated_which_primer_should_i_choose/,"I am almost out of my ELF Grip Primer, as well as almost everything else, and thought this would be a great opportunity to try out something new. I already got a new foundation. While the ELF Primer was great it's not as nicely as before even though still good.

I have a bit dry to normal skin, right now on the drier side because I started doing a skin treatment (really low retinal) the last 4 weeks. I'm taking a break and it's already getting better. 

I'm in my early 30s and want to try a bit more of a blurry primer if possible.  
  
I got a gift card recently and also a reward of 20% off for my online store, so I can splurge a bit! When looking around I mostly came across these ones:

* Shiseido Synchro Skin Blur Primer
* Iconic London Underglow
* Hourglass Veil Mineral Primer
* Yves Saint Laurent Touche Éclat Blur Primer

Are these still good primers or outdated, overhyped, etc.? ",1758284166.0,1.0,2,0,Question,SadBaddieGirl,3,False,0,False,text
MakeupAddiction,1nksvnw,How do I get a soft lip look?,9,https://reddit.com/r/MakeupAddiction/comments/1nksvnw/how_do_i_get_a_soft_lip_look/,https://www.reddit.com/gallery/1nksvnw,"Skin care:

\*\*\* Im only wearing the moisturizer and cleanser in the picture!! \*\*\*

\> Toleriane Double Repair Face Moisturizer with Niacinamide ( - My younger cousin said how important skin care / skin prep is so she just recommended me this moisturizer and cleanser. I dont know if there optimal but they feel nice )

\> Toleriane Purifying Foaming Face Wash for Oily Skin

\> Vasaline

\> Strawberry Shortcake Body cream ( This is to just layer smell to last longer )

I started putting vaseline and lip gross on which I like but the lip tint I got is a bit dark...

Any recommendations? Any products are welcomed!

I have dry lips if that helps!",1758252550.0,0.81,9,0,Question,Bittersweet_2005,8,True,5,True,text
MakeupAddiction,1nkz92i,"What's your quick ""I have meeting in 10 "" makeup that actually looks polished?",3,https://reddit.com/r/MakeupAddiction/comments/1nkz92i/whats_your_quick_i_have_meeting_in_10_makeup_that/,https://www.reddit.com/r/MakeupAddiction/comments/1nkz92i/whats_your_quick_i_have_meeting_in_10_makeup_that/,"I need a tiny office day routine, drugstore friendly if possible. Share your real I'd say 15 minute steps with exact products, shades, brushes if helpful. Bonus if it survives mask and coffee. I'll rest a few and report back. If remember include prices, too!!",1758275381.0,0.59,3,0,Question,GirlyCupid,42,False,0,False,text
MakeupAddiction,1nl1ju9,How would you do eyeshadow/makeup to make very dark eyes pop?,2,https://reddit.com/r/MakeupAddiction/comments/1nl1ju9/how_would_you_do_eyeshadowmakeup_to_make_very/,https://i.redd.it/b0o6syi824qf1.jpeg,"Hello! I struggle so much with eye makeup because my eyes are very dark. This pic is taken in direct light, in most other lighting they look pretty much black and it's hard to tell the difference between the iris and the pupil.
The only references I can find are either: brown eyes that are lot warmer and lighter than mine, or dark eyes but on people with darker features like dark hair and/or thick long lashes, and with both the makeup styles just don't translate well to my face.

As you can see I have barely any eyelashes 🥲 so I don't really suit full glam makeup. Also no idea what my skin tone is and if I'm warm or neutral.. anyways, any tips appreciated, especially what colours to use. Black eyeliner and mascara tend to look harsh, so I use brown or grey, but my eyes always look very meh ",1758283050.0,0.75,2,0,Question,officialdiscoking,10,True,1,False,image
MakeupAddiction,1nl6sg7,olive toned foundation,1,https://reddit.com/r/MakeupAddiction/comments/1nl6sg7/olive_toned_foundation/,https://www.reddit.com/r/MakeupAddiction/comments/1nl6sg7/olive_toned_foundation/,"does anyone have any reccomendations for light coverage like airbrushed dewy foundation that also has pale olive tones💔 foundation is always too pink or too orange for me i need help, and also budget friendly perchance",1758295994.0,1.0,1,0,Discussion,golfwangcmiygl,2,False,0,False,text
MakeupAddiction,1nlkwum,Skin tone?,0,https://reddit.com/r/MakeupAddiction/comments/1nlkwum/skin_tone/,https://www.reddit.com/gallery/1nlkwum,This is kinda stupid-Im tyrana find if im lightskin or darksin so i can figure out what makeup i should buy? Ive had some ppl say im darkskin(esp since my parents and brother r) but im pretty sure im lightskin,1758330496.0,0.11,0,0,Question,Few-Orange7261,4,True,2,True,text
MakeupAddiction,1nl6in8,Oily 40+ skin cool-neutral fair foundation/concealer/primer help needed!,1,https://reddit.com/r/MakeupAddiction/comments/1nl6in8/oily_40_skin_coolneutral_fair/,https://www.reddit.com/r/MakeupAddiction/comments/1nl6in8/oily_40_skin_coolneutral_fair/,"I’m over 40 now and I’ve started getting fine lines around my eyes, forehead, and near my mouth, and even more visible lines on my neck. I also have a lot of oil production on my forehead especially (which also happens to be a fivehead because it’s so big) as well as under eyes, near nose and mouth, and chin. If I do skincare let it absorb then put on makeup, it settles into fine lines almost immediately and my forehead is almost instantly shiny. If I don’t do skincare then I get maybe an hour before those things start happening. I know I’ve got to be using the wrong products, there has to be something that stays smooth and not oily looking for longer than an hour.

I’m typically a drugstore makeup kinda person but I will save up to buy a foundation (or maybe medium weight cc cream?), primer, and concealer that is higher priced if it will fix my issues. 

My skin is fair with cool-neutral undertones (I’m a Soft Summer color type), I get a bit of redness on my cheeks sometimes from rosacea but if I can find a good green color corrector it usually works well to cover it. Fine lines around eyes, mouth, forehead, and more pronounced lines on my neck. It was suggested to me to avoid anything with silicone in it since that might be causing the oil production so quickly. I used to only use matte finish but as I get older I just look dusty as hell. So a natural or satin finish would be great.

Any suggestions for primers, foundations, and/or concealers to help with these problems I would appreciate it so much! 💖

Whatever I end up buying I’ll make a review post for it so anyone else with my problems can have solutions.",1758295387.0,1.0,1,0,Question,PegasusRancher,2,False,0,False,text
MakeupAddiction,1nl65ut,What palette will you use for a Chappell Roan style makeup?,1,https://reddit.com/r/MakeupAddiction/comments/1nl65ut/what_palette_will_you_use_for_a_chappell_roan/,https://www.reddit.com/r/MakeupAddiction/comments/1nl65ut/what_palette_will_you_use_for_a_chappell_roan/,"I am preparing for Halloween! Still plenty of time! I want to do a Chappell Roan look. Haven’t decided exactly which look to replicate, but my costume will be a blue-ish shiny dress so I would go blue/green/purple for makeup. I’ve purchased a wig, haven’t arrived, hope it’s good. I don’t have much experience with dramatic makeup looks, need some help here!",1758294582.0,1.0,1,0,Discussion,aaronkingfox,1,False,0,False,text
MakeupAddiction,1nl5za0,My favorite foundation is discontinued- help me find a dupe?,1,https://reddit.com/r/MakeupAddiction/comments/1nl5za0/my_favorite_foundation_is_discontinued_help_me/,https://www.reddit.com/r/MakeupAddiction/comments/1nl5za0/my_favorite_foundation_is_discontinued_help_me/,"Hey everyone! I wanted to share a little love for a foundation I’ve been using for over a year: Essence Fresh & Fit in Fresh Honey. 

Sadly, it’s been discontinued where I live &  I am bummed because this was my absolute favorite. It made my skin look and feel amazing, like it just worked perfectly for me. 

Here’s a picture of the bottle. If anyone knows a foundation that’s a great dupe or has a similar effect, I’d love to hear your suggestions! 

Thanks so much 
",1758294166.0,1.0,1,0,Question,MissVexa,1,False,0,False,text
MakeupAddiction,1nl5oyi,How to disinfect magnetic lashes?,0,https://reddit.com/r/MakeupAddiction/comments/1nl5oyi/how_to_disinfect_magnetic_lashes/,https://www.reddit.com/r/MakeupAddiction/comments/1nl5oyi/how_to_disinfect_magnetic_lashes/,"Basically the title. A regular cleaning won't do, I dropped one on the floor at a veterinary hospital so I need it actually disinfected lol. I don't think micellar water or a gentle cleanser would clean it well enough. I appreciate any tips <3",1758293523.0,0.5,0,0,Question,rstingwitchface,4,False,0,False,text
MakeupAddiction,1nl5lrv,Bridal Trial Saga (pt3),1,https://reddit.com/r/MakeupAddiction/comments/1nl5lrv/bridal_trial_saga_pt3/,https://www.reddit.com/gallery/1nl5lrv,"OKAY! Me again! Hi, friends. 
Part 2 here: https://www.reddit.com/r/MakeupAddiction/s/SLCkEj0BoL (contains link to pt 1) 

I took all the feed back from both trials and ran with it. I had settled to last resort of doing my own makeup, but with homecoming season here, I messaged any and every gal who did makeup I liked the look of. I did a last minute trial this morning. Thoughts and opinions?? To me, she’s light, she’s glowy, she’s beautiful. ",1758293315.0,0.67,1,0,Discussion,Ill-Refrigerator7470,2,True,3,True,text
MakeupAddiction,1nkzz8z,Allergy from Maybelline Sky High Mascara?,2,https://reddit.com/r/MakeupAddiction/comments/1nkzz8z/allergy_from_maybelline_sky_high_mascara/,https://www.reddit.com/r/MakeupAddiction/comments/1nkzz8z/allergy_from_maybelline_sky_high_mascara/,"I may be actually allergic to an ingredient in Sky High. This is the first time my skin reacted to a makeup product especially around the eye area. I wore the mascara at 2:30 PM and by 6:00 PM, I started feeling like my right eye was itching and felt a little sore/heavy. I realized I might be having an allergic reaction, having forgotten to do a patch test. 

I tried removing the mascara with cetaphil and water but damn, this mascara does not budge. How can I remove this oh my god. I'm kinda sad cause I bought two of them and I might have to discard them. :((( 

I tried Maybelline Hyper curl and another local brand before but it never gave me this reaction. ",1758277955.0,1.0,2,0,Question,Apprehensive-Turn230,1,False,0,False,text
MakeupAddiction,1nl4is2,What can I improve,1,https://reddit.com/r/MakeupAddiction/comments/1nl4is2/what_can_i_improve/,https://i.redd.it/fersnrf6p4qf1.jpeg,Don’t mind the foundation in my wig lmao. I feel pretty good about this beat but want to know what I can do better. I’m aiming for glam mixed with drag so I want to avoid bright colors and keep the tones more neutral brown while also having the contour and shapes be influenced by drag. Maybe a blush color suggestion? I feel the brown blush blends in too much. Also how do I get my face to be less crusty lmao. I put setting powder all over my face to set it and I’ve recently started using One Size powder melt and that helped a bit but I’m aiming for that glowy look that makeup artists tend to get. Also lashes! What lashes would look good to give me a snatched fox eye. Thank you!!,1758290765.0,0.53,1,0,Question,sashballs,19,True,1,False,image
MakeupAddiction,1nlg6qc,How can I recreate this look?,0,https://reddit.com/r/MakeupAddiction/comments/1nlg6qc/how_can_i_recreate_this_look/,https://i.redd.it/h5vrcw2bx6qf1.jpeg,,1758317715.0,0.4,0,0,FOTD,journo_swine,4,True,1,False,image
MakeupAddiction,1nkw0g2,where is the best place for color matching,3,https://reddit.com/r/MakeupAddiction/comments/1nkw0g2/where_is_the_best_place_for_color_matching/,https://www.reddit.com/r/MakeupAddiction/comments/1nkw0g2/where_is_the_best_place_for_color_matching/,"Where is the best place to go to get a color match for your skin tone?

I've been to Sephora and Ulta, and in both places, the sales reps didn't seem to know what they were doing. Are there other places to go besides those stores?

Maybe the makeup counters? Or can you request a licensed makeup artist? If so, where do we find them?",1758262862.0,0.81,3,0,Question,Embarrassed_Entry597,12,False,0,False,text
MakeupAddiction,1nkz8qv,Looking for a lightweight foundation to cover beard shadow,2,https://reddit.com/r/MakeupAddiction/comments/1nkz8qv/looking_for_a_lightweight_foundation_to_cover/,https://www.reddit.com/r/MakeupAddiction/comments/1nkz8qv/looking_for_a_lightweight_foundation_to_cover/,"Hi everyone,
I’m trying to find a foundation that can help me cover the grey-ish beard shadow after shaving. What I’m looking for is something lightweight enough for everyday use (with a bit of powder on top) that still gives decent coverage — not full glam, just enough to reduce the grey.

Ideally:

liquid or easy-to-blend texture (I like very fluid products)

“second skin” finish, not cakey or heavy

medium coverage that works with a small amount of product

doesn’t lighten too much / look chalky

affordable would be a big plus


I’m not aiming for a flawless base, I just really want to tone down that beard shadow without it looking like I’m wearing a lot of makeup. Does something like this even exist? Any recommendations would be super appreciated!

Thanks a lot 🙏",1758275351.0,1.0,2,0,FOTD,No-Original-7022,4,False,0,False,text
MakeupAddiction,1nl350m,Pump dispenser cosmetics,1,https://reddit.com/r/MakeupAddiction/comments/1nl350m/pump_dispenser_cosmetics/,https://www.reddit.com/r/MakeupAddiction/comments/1nl350m/pump_dispenser_cosmetics/,"I want to buy a lot of hip, cool high quality makeup suitable for a teen. The catch is they have to be in a pump dispenser. Any good brands that use pumps? Skincare too. She already has some good minerals and Neutrogena tinted spf stuff. The pump is to keep from spilling or leaving the tops off. ",1758287364.0,1.0,1,0,,SusieShowherbra,1,False,0,False,text
MakeupAddiction,1nl32nh,Does someone know a dupe for this lip color?,1,https://reddit.com/r/MakeupAddiction/comments/1nl32nh/does_someone_know_a_dupe_for_this_lip_color/,https://i.redd.it/9hlel6wje4qf1.png,"I'm looking for t a similar reddish brownish color. I have too many reds and berries, some more flesh toned would be nice",1758287192.0,0.67,1,0,Question,Best-Web-2563,1,True,1,False,image
MakeupAddiction,1nl1xhh,"How do you switch up your products/routine for seasonal makeup? (Calendar seasons, not colour analysis)",1,https://reddit.com/r/MakeupAddiction/comments/1nl1xhh/how_do_you_switch_up_your_productsroutine_for/,https://www.reddit.com/r/MakeupAddiction/comments/1nl1xhh/how_do_you_switch_up_your_productsroutine_for/,"I live in the Southern hemisphere, so it’s currently Spring time for us. I’m really enjoying seeing everyone’s Autumn/Fall content though.
It made me think - what do you guys (if you do, that is) do for seasonal makeup? Beyond what product or technique is trending? Summer, Autumn, Winter and Spring, I want to hear it all!!",1758284129.0,1.0,1,0,Discussion,Pickles_The_Cat_1234,7,False,0,False,text
MakeupAddiction,1nkxfms,HELP why is this happening to the corners of my mouth and how do I stop it?,2,https://reddit.com/r/MakeupAddiction/comments/1nkxfms/help_why_is_this_happening_to_the_corners_of_my/,https://i.redd.it/gqmns03eu2qf1.jpeg,"It’s like peeling and dry but the rest of my face is oily! I use moisturiser too but nothing really changes??? As for my base, I start with sunscreen, then Smashbox oil control primer ONLY on my nose, then apply foundation with my fingers and finally Huda Beauty Setting Powder with a Powder Puff!!",1758268306.0,0.57,2,0,Question,GuardExtreme7397,21,True,1,False,image
MakeupAddiction,1nkanhn,Favorite alt/goth MUAs? Bonus points if they have hooded eyes,42,https://reddit.com/r/MakeupAddiction/comments/1nkanhn/favorite_altgoth_muas_bonus_points_if_they_have/,https://i.redd.it/qdw3vys1uxpf1.jpeg,"I want to love makeup again so I just messed around really quickly. I have been so basic and boring with my makeup and I just wanna have fuuuun

Products: old colorpop eyeshadow palette , Anastasia brow pomade in ebony, and tarte concealer. Nothing crazy, just messing about ",1758207659.0,0.91,42,0,Question,SomeSluttyBean,4,True,1,False,image
MakeupAddiction,1nksfiy,Skin tints,3,https://reddit.com/r/MakeupAddiction/comments/1nksfiy/skin_tints/,https://www.reddit.com/r/MakeupAddiction/comments/1nksfiy/skin_tints/,Is it just me or does skin tints always wear off so fast!! Does anyone have a recommendations for skin tints that last long? Preferably with a light- medium coverage and a slightly glowy finish Thank you!! ,1758251222.0,0.81,3,0,,Ok_Influence9147,15,False,0,False,text
MakeupAddiction,1nkmx7k,What makeup would suit me?,9,https://reddit.com/r/MakeupAddiction/comments/1nkmx7k/what_makeup_would_suit_me/,https://www.reddit.com/gallery/1nkmx7k,If you were doing my makeup what would you do? I like alt makeup but nothing too crazy. I like making my eyes look as green as possible and I love having a sharp look since my face is quite round. Also any brand suggestions would be welcomed! I also struggle with finding a way to do my lips that i actually like.,1758235806.0,0.91,9,0,Question,JedSpagheddy,20,True,3,True,text
MakeupAddiction,1nkys31,Nude lips - help,1,https://reddit.com/r/MakeupAddiction/comments/1nkys31/nude_lips_help/,https://www.reddit.com/r/MakeupAddiction/comments/1nkys31/nude_lips_help/,"Hello, I am discovering my feminine side a bite late.
I really like how lips look with nude combination - lip linner and some nude lipstick. But my observation is that make up artist or influencers when they apply powder on the face, they usually go a bit over the lips too.
Later, when they do a nude lip, it looks so much better because the lips are neutralized (they are ""beige"" not pink).

When I try a nude lip on my natural (fresh) lips, they still look pink underneath, so the ""nude"" effect isn’t the same.

Is there a product or a proper way to create a base for the lips (like a primer or something) before applying nude lipstick?

Thank you for the help!

I loved combination : MAC Cool spice and Maybelline Vinyl Ink 95 Captivated
Looked surreal in my opinion.
",1758273582.0,1.0,1,0,,MoonlightSee,4,False,0,False,text
MakeupAddiction,1njp8bo,This stuff is almost 10 years old. How much can I keep?,729,https://reddit.com/r/MakeupAddiction/comments/1njp8bo/this_stuff_is_almost_10_years_old_how_much_can_i/,https://i.redd.it/wwnxb0quhspf1.jpeg,"Hello! Sorry, I hope this is the right place to ask about this. I don't typically use makeup, my ex tried to get me into it and helped me buy all this stuff and I used it only a few times. I know makeup ""expires"" but it seems like some things are safer to use than others. For reference, I got this all probably in 2017? I'd hate for it to go completely to waste - and I'm not opposed to doing some light makeup for special occasions in the future, so I'd like to keep whatever is safe to still use. I already have the eyeliner and mascara in the trash pile. But things I'm less sure about:
• Maybelline Baby Skin
• Unopened elf blemish control face primer
• Highlighter
• Eyeshadows/whatever those square things are
• Blush
• Covergirl Lip Lava
• Nyx eyebrow pencil
• The brushes??? They have definitely never been washed.",1758143019.0,0.97,729,0,Question,cinderblocc,110,True,1,False,image
MakeupAddiction,1nky7og,Your favourite brown/burgundy drugstore eye pencils with staying power,1,https://reddit.com/r/MakeupAddiction/comments/1nky7og/your_favourite_brownburgundy_drugstore_eye/,https://www.reddit.com/r/MakeupAddiction/comments/1nky7og/your_favourite_brownburgundy_drugstore_eye/,"I’m looking for brown, burgundy, taupe color eye pencils that are soft and easy to apply yet have staying power. (Both cool and warm browns are welcome) Will mostly use on the lids but if they are good for the waterline that’s also great! Looking for more affordable products. Please share your favourites",1758271366.0,1.0,1,0,,Altruistic_Oil9574,2,False,0,False,text
MakeupAddiction,1njx30o,Thin or thick brows?,237,https://reddit.com/r/MakeupAddiction/comments/1njx30o/thin_or_thick_brows/,https://www.reddit.com/gallery/1njx30o,"I'm so torn! Yes I know that I can rock both, but I want a signature. I feel like thick brows are a bit too much for my features and short hair. But also thin makes me look a bit mean and unapproachable. Help 😭",1758164099.0,0.95,237,0,Discussion,arrowhead_2,478,True,6,True,text
MakeupAddiction,1njibw9,I feel like lava girl 🥰🥰✨️✨️🔥🔥🔥 deets for this look below 👇🏽,1405,https://reddit.com/r/MakeupAddiction/comments/1njibw9/i_feel_like_lava_girl_deets_for_this_look_below/,https://i.redd.it/ljaz0tvj7rpf1.jpeg,"In true Chantellie tradition around this time I start getting cute for my birthday (Dec 8, big Sag ♐️) so here's my makeup look to kick off 💕💜🩷💜🩷💜

Face: Milk hydrogrip primer, Maybelline fit me matte poreless powder foundation in golden caramel, Maybelline fit me concealer in tan, Revlon powder blush in tickled pink, Milk hydrogrip hydrating setting spray

Eyes/brows: W7 Socialite eyeshadow pallete shades Worldy & About Town with Fenty diamond bomb highlighter in the corners, wet n wild pencil liner in black, L'Oréal Voluminous mascara in carbon black; BROWS: Anastasia dipbrow in almond (I also dyed my eyebrows when I dyed my edges)

Lips: Nyx butter gloss in creme brulee & NYX lip liner in shade toffee ",1758127448.0,0.99,1405,0,FOTD,Glass_Room2330,28,True,1,False,image
MakeupAddiction,1nkgde9,What makeup look would suit me?,12,https://reddit.com/r/MakeupAddiction/comments/1nkgde9/what_makeup_look_would_suit_me/,https://i.redd.it/y544zddqvypf1.jpeg,,1758220396.0,0.93,12,0,Question,memesarelifebRo69,7,True,1,False,image
MakeupAddiction,1nktrpz,On the hunt for a TRUE smokey eye,2,https://reddit.com/r/MakeupAddiction/comments/1nktrpz/on_the_hunt_for_a_true_smokey_eye/,https://www.reddit.com/gallery/1nktrpz,"On the hunt for a cool toned, black, grey, and white eyeshadow palette. for years i’ve used LA COLORS moondust, but the formula is actual garbage. every eyeshadow palette I see in drugstores is either Vivids, warm neutrals or Rosy tones. why is everything so warm? i need your best recommendations for cool toned, literally just grey and white eyeshadow. I don’t really have a budget as i’d use this every day and it would be a good investment. my inspo picks have some warmer glitter/mettalic but i am looking for no warmth. straight up grey and white. please let me know if you can help! 

idk WHAT they used to do taylor momsen’s makeup on gossip girl but they must not make it anymore because i cannot find any cool toned eyeshadow palletes anywhere. she will always be the ideal makeup inspo to me ",1758255253.0,0.75,2,0,Question,picnic_pants16,6,True,5,True,text
MakeupAddiction,1nkp1aj,Liquid eyeshadow = allergic reaction?,4,https://reddit.com/r/MakeupAddiction/comments/1nkp1aj/liquid_eyeshadow_allergic_reaction/,https://www.reddit.com/r/MakeupAddiction/comments/1nkp1aj/liquid_eyeshadow_allergic_reaction/,I bought an ELF liquid metallic eyeshadow in the shade little dipper. Upon putting it on it immediately began making my eyes burn and water. I didn't really have time to take it off and fix the rest of my makeup and in my 31 years of life I have never had that happen so I just sucked it up and went on. It's 6 hours later. My eyes feel fatigued as if I've been crying all evening. I've also suddenly been hit with post nasal drip and in my face around my eyes/nose it just feels sore. I'm definitely allergic to that crap. I'm just wondering if anyone else has had such a reaction as to develope post nasal drip and the soreness? I thought once I got home and washed my face I'd be all good but it is persistent. Such a shame because I got multiple compliments on it! ,1758241573.0,1.0,4,0,,cooledkarma,4,False,0,False,text
MakeupAddiction,1nkl2zz,Discontinued holy grail,6,https://reddit.com/r/MakeupAddiction/comments/1nkl2zz/discontinued_holy_grail/,https://www.reddit.com/gallery/1nkl2zz,Look what I found in my old makeup kit. L’oreal’s Tint Caresse 🤭 I tried it on and it’s still so nice on the lips. This is so much better than any matte lipstick I have tried. Very lightweight! I bought this around 2016. Although it’s not as pigmented as before anymore but still works 😅 This shade is Tulip Blossom. ,1758231225.0,1.0,6,0,,Veronixxxx,1,True,2,True,text
MakeupAddiction,1nkrp1a,Anyone know what Huda beauty lipstick shades these are?,2,https://reddit.com/r/MakeupAddiction/comments/1nkrp1a/anyone_know_what_huda_beauty_lipstick_shades/,https://i.redd.it/x0z4fj0791qf1.jpeg,,1758249069.0,0.63,2,0,,Specific_Sun1548,4,True,1,False,image
MakeupAddiction,1nkedju,What helped you build a healthy relationship with makeup?,10,https://reddit.com/r/MakeupAddiction/comments/1nkedju/what_helped_you_build_a_healthy_relationship_with/,https://www.reddit.com/r/MakeupAddiction/comments/1nkedju/what_helped_you_build_a_healthy_relationship_with/,"I’m a mental health counselor and have been working with a teen on healthy self-esteem and make up use! It got me thinking about ways we can rebuild our relationship to self while still enjoying makeup. I’m thinking about things like no make up monday, or maybe following social media accounts that use makeup in a creative/feminist way that doesn’t always confine to beauty standards. 

Have you all found things to help yourself when you’re makeup-free as well as looking fancy? What habits have helped you? ",1758215935.0,0.82,10,0,,melmariet,13,False,0,False,text
MakeupAddiction,1nkukoj,depuff eyes,1,https://reddit.com/r/MakeupAddiction/comments/1nkukoj/depuff_eyes/,https://www.reddit.com/r/MakeupAddiction/comments/1nkukoj/depuff_eyes/,"i need help on how to depuff my under eyes. It’s not genetic, i get sleep and i’ve tried many products none seem to be working though. I tried the Ordinary caffeine serum it worked for a few days felt my skin tighten saw a bit of results then stopped working not sure why and it’s new not expired or anything like that. I’ve tried under eye patches didn’t work either. can someone recommend a product that will genuinely work to depuff my eyes.",1758257883.0,0.99,1,0,,Ok_Marionberry_4403,2,False,0,False,text
MakeupAddiction,1nkugt2,Oily face big pores please help,1,https://reddit.com/r/MakeupAddiction/comments/1nkugt2/oily_face_big_pores_please_help/,https://www.reddit.com/r/MakeupAddiction/comments/1nkugt2/oily_face_big_pores_please_help/,"Can someone suggest me a primer, powder foundation and any bronzer highlighter blush and setting spray? 

Sometimes my eyelids can get oily too and suggestion for those? 

I am over 30 and I have oily skin with large pores and starting to age. ",1758257519.0,0.67,1,0,Question,Embarrassed_Entry597,2,False,0,False,text
MakeupAddiction,1nkmbcj,Powder Blush to Layer on top of Rare Beauty Liquid Blush in Hope,3,https://reddit.com/r/MakeupAddiction/comments/1nkmbcj/powder_blush_to_layer_on_top_of_rare_beauty/,https://www.reddit.com/r/MakeupAddiction/comments/1nkmbcj/powder_blush_to_layer_on_top_of_rare_beauty/,Hello! I'm looking for a powder blush to use on top of Rare Beauty Liquid Blush in Hope. I currently have the Milani Baked Blush in Petal Primavera but it doesn't really last on my skin all day. I also have the Haus Labs highlighter in Rose Quartz and love how it looks on top of Hope but would still love a powder blush! Thank you so much!,1758234237.0,1.0,3,0,,Adorable_Clue_6563,3,False,0,False,text
MakeupAddiction,1nkdpkj,need general help,7,https://reddit.com/r/MakeupAddiction/comments/1nkdpkj/need_general_help/,https://www.reddit.com/gallery/1nkdpkj,"i used to be super into makeup, then i gained weight and stopped caring about myself. now I’m down 100 pounds and only do low maintenance makeup with kind of old products from a few years ago. i kind of hate wearing foundation but i also feel like my shade never matches. any tips for that are appreciated, i don’t understand undertones or anything like that. im hoping to make my face just more dimensional i guess ? so i feel confident again after such drastic body changes. when i look at my face i still just feel huge and puffy.

these are all recent pictures. what should i do differently? be honest. any products or tips would be so helpful 😣",1758214460.0,0.82,7,0,Question,burgundyonmyts,4,True,4,True,text
MakeupAddiction,1nkg5wc,Tips to Avoid Dry Cakey Makeup,6,https://reddit.com/r/MakeupAddiction/comments/1nkg5wc/tips_to_avoid_dry_cakey_makeup/,https://www.reddit.com/r/MakeupAddiction/comments/1nkg5wc/tips_to_avoid_dry_cakey_makeup/,"I've seen a lot of people posting about their makeup getting cakey or flakey or dry throughout the day and figured I'd offer some tips that work for me.

1. Moisturize before applying anything. Use a lightweight moisturizer that spreads smoothly and evenly.

2. Don't use too much foundation. Spread it thin and evenly. If you feel like you have to apply a lot, get one with heavier coverage.

3. Don't use too much powder. Make sure to knock off excess before applying, and you usually need a lot less than you might think.

4. Use a setting spray instead of powder. Keeps things in place without having dry powder absorbing oils, gathering in creases, and flaking.

5. Practice with small amounts and gradually increase until you find the minimum amount of product that still looks good. More isn't always better. In fact, it rarely is.",1758219926.0,1.0,6,0,,-a-rabbit-,5,False,0,False,text
MakeupAddiction,1nkxezp,Could this make up look work for green eyes? And how to achieve it?,0,https://reddit.com/r/MakeupAddiction/comments/1nkxezp/could_this_make_up_look_work_for_green_eyes_and/,https://www.reddit.com/gallery/1nkxezp,"Hi all! This Samantha look is so classic. Could it work for red hair & green eyes too? Any inspiration pics for that? 

And is it just a classic Smokey eye or does the color go up  on the inside of the eye? Anyone know a tutorial? Thanks ☺️",1758268235.0,0.36,0,0,Question,Woolsbup,3,True,2,True,text
MakeupAddiction,1nknk0m,concealer help!,2,https://reddit.com/r/MakeupAddiction/comments/1nknk0m/concealer_help/,https://www.reddit.com/r/MakeupAddiction/comments/1nknk0m/concealer_help/,"I need help to find a really hydrating concealer for very dry under eyes. No matter how much I moisturise any concealer I use highlights the dryness and looks awful. I even slug my eyes with Vaseline as well as plenty of moisturisers yet nothing helps. 

I have very dry skin as well as very sensitive skin but it's only around my eyes that looks dry with makeup on. I was debating getting a lighter shade of my nars light  reflecting foundation and using that as concealer. 

 I have tried Nars light reflecting eye brightener. As well as multiple drug store ones that claim to be hydrating. I have even tried using mat concealers but that made my skin worse. I don't mind paying high end prices for a concealer that will hide my red patches and doesn't dry my under eyes out or highlight my dry skin. 
",1758237478.0,1.0,2,0,Question,Moist-Scientist-7341,4,False,0,False,text
MakeupAddiction,1nks5vm,Ami Cole lip liner shade petit cola dupe?,1,https://reddit.com/r/MakeupAddiction/comments/1nks5vm/ami_cole_lip_liner_shade_petit_cola_dupe/,https://www.reddit.com/r/MakeupAddiction/comments/1nks5vm/ami_cole_lip_liner_shade_petit_cola_dupe/,"hi guys! i just lost my favorite lip liner by ami cole in the shade petit cola. as i’m sure you know, ami cole is unfortunately out of business and the lip liner itself is no longer being sold. i’m soooo sad and upset that I lost it, but I was wondering if anyone knew a good lip liner that’s a similar color to it? it’s like a brownish plummish type of color and was creamy and bendable but had long lasting power. sorry i’m not really good at describing shades haha but yeah if anyone has any recommendations that also aren’t too expensive (over $20) i’d really appreciate it. ",1758250444.0,1.0,1,0,Question,SnooPineapples337,3,False,0,False,text
MakeupAddiction,1nkm97k,Need a Dupe please!,2,https://reddit.com/r/MakeupAddiction/comments/1nkm97k/need_a_dupe_please/,https://www.reddit.com/r/MakeupAddiction/comments/1nkm97k/need_a_dupe_please/,"I lost my Chanel liquid lipstick in the shade passionate red, and I think it was limited edition cause I’m not finding it anymore. I really liked that lip gloss, and I’m sad that I lost it. Can someone recommend a dupe? It’s dark red with gold glitter, which is perfect for my green eyes. ",1758234081.0,1.0,2,0,,Worried-Profession-8,1,False,0,False,text
MakeupAddiction,1nkjv58,Favorite gold shimmer eyeshadows?,2,https://reddit.com/r/MakeupAddiction/comments/1nkjv58/favorite_gold_shimmer_eyeshadows/,https://i.redd.it/v3v4p4apjzpf1.jpeg,"Hello, all!

I was wondering what your favorite gold shadow is. Can be warm or cool, champagne or darker.

I really like the gold from the Essence Nothing Compares to Nude palette, but I want to find something new. 
(Upper left in photo) 

Thank you! ",1758228389.0,1.0,2,0,Question,bbyscorp,1,True,1,False,image
MakeupAddiction,1nkdrlm,Brush Cleaning HELP!!!,5,https://reddit.com/r/MakeupAddiction/comments/1nkdrlm/brush_cleaning_help/,https://www.reddit.com/r/MakeupAddiction/comments/1nkdrlm/brush_cleaning_help/,"What’s the most effective and time-saving way to clean makeup brushes without damaging them?

For context, I use KJH brushes, which are quite expensive. In the past, I’ve ruined brushes using some of the popular Amazon brush cleaners. I still haven’t found a product that truly works well. I also don’t have the time to clean each brush one by one and get a deep clean. Honestly, it feels like we’re living in the pre–washer-and-dryer era of brush cleaning.

Any recommendations or suggestions?
",1758214583.0,1.0,5,0,Question,Kitchen_Expert9127,8,False,0,False,text
MakeupAddiction,1nkp0dw,any grippy primers for acne skin?,1,https://reddit.com/r/MakeupAddiction/comments/1nkp0dw/any_grippy_primers_for_acne_skin/,https://www.reddit.com/r/MakeupAddiction/comments/1nkp0dw/any_grippy_primers_for_acne_skin/,"ive been using the maybelline gripping primer serum but ive noticed some break outs. especially those pimples that appear under the skin. i have a lot of acne and acne scars and my makeup always seemed to peek through, no matter what i did. but ever since i tried the primer my makeup has been doing well. however sadly its breaking out with a lot of under the skin pimples. i wanted to try the elf primer but im a little scared as ive heard a bunch of people say it broke them out and another bunch saying it didnt. is there any recommendations especially in the drugstore aisle? ",1758241499.0,1.0,1,0,Question,k4t_hy,4,False,0,False,text
MakeupAddiction,1njvy2t,black lipstick sometimes looks good on me 🖤,56,https://reddit.com/r/MakeupAddiction/comments/1njvy2t/black_lipstick_sometimes_looks_good_on_me/,https://www.reddit.com/gallery/1njvy2t,"one of my fave looks i’ve done 🦇

product list: 
primer - NYX the face glue

foundation - LA GIRL mixing pigment in white 

brows - ELF instant life brow pencil shade deep brown 

blush - burts bees blush shade velvet wine 

eyeshadow - jeffree star cremated palette shade RIP

liner - COLOURPOP cream gel liner shade swerve 

mascara - MAYBELLINE bubble colossal + TARTE tubing mascara 

lipstick - NYX lingerie xxl shade naughty noir 

setting spray - LOREAL infallible 3 second setting mist 
",1758160797.0,0.95,56,0,FOTD,starrypond,10,True,3,True,text
MakeupAddiction,1nkfkxf,need major help with this issue,3,https://reddit.com/r/MakeupAddiction/comments/1nkfkxf/need_major_help_with_this_issue/,https://i.redd.it/8kqc49tnqypf1.jpeg,"hi beauty gurus! my makeup keeps separating. what am I doing wrong? my skin type is combo (dry in most places, oily in same) and in my late 20s, but I lean towards primarily oily throughout the day, especially since I’m prone to sweating. This leads to separation and patches of missing makeup especially above my lip/under my nose (where I sweat the most) and under my eye. And throughout my cheeks as shown in the pic. I usually avoid wearing makeup in the summer because of the oily mess it becomes, but that can’t be the solution to my problems.

I do my skincare, I cleanse my face, I dermaplane, I exfoliate, I wait long enough in between skincare steps. I research heavily to make sure products mix well. I use all silicone makeup products OR all water based makeup products making sure not to mix the two types. I moisturize, I prime, and I set with powder in the oily areas ONLY like the upper lip and use a generous amount of setting spray to lock it all in. I’ve even tried using setting spray in between makeup application steps. People have suggested to use the onesize Patrick Starr setting spray but I’m worried too much of a mattifyjng product like that will emphasize/create more dry patches. At this point, I don’t think it’s the setting sprays fault. Maybe the base?

I’ve played with all types of primers and setting sprays: mattifying, pore minimizing, dewy, etc. I’ve also tried emphasizing hydration in my skincare so I can use mattifying makeup products. Still, the upper lip makeup always separates leaving streakiness and powder no matter which products I use and I have random patchiness throughout my face. For this one picture, I used:

- bobbi brown face base (primer)
- lancôme teint idole ultra wear concealer
- lancôme teint idole foundation stick
- benefit blush (tried both benetint and the powder but same issues)
- benefit bronzer (powder)
- morphe setting powder (banana)
- charlotte tillbury flawless setting spray

I’m leaning towards replacing my foundation/concealer with water based products but don’t know which would be best for my skin type/concerns. Here are some foundations I’m contemplating trying next:
- ABH Luminous
- Huda Beauty #FauxFilter Luminous Matte
- Fenty Pro Filt’r Soft Matte
- Makeup Forever Reboot
- SAIE Glowy Super Skin Tint >> I saw someone on Reddit say this cling to their dry patches, so maybe not.

Looking for any and all tips! I’m so desperate at this point because it feels like I’ve tried everything.",1758218622.0,0.8,3,0,Question,_stability_,13,True,1,False,image
MakeupAddiction,1nkofht,HELP! What is the least cakey foundation from the drugstore?,0,https://reddit.com/r/MakeupAddiction/comments/1nkofht/help_what_is_the_least_cakey_foundation_from_the/,https://www.reddit.com/r/MakeupAddiction/comments/1nkofht/help_what_is_the_least_cakey_foundation_from_the/,"I have oily skin but at the same time it can be dry. I have tried things like wetting my sponge, putting less, prime and moisturising but I think it's my foundation that makes me look so cakey. I use one from Revlon currently, I am about to go to the drugstore to find a new one. Im worried that every foundation will look cakey with my skin.",1758239877.0,0.33,0,0,,Tiny_Independence648,3,False,0,False,text
MakeupAddiction,1njz8yf,Any makeup critiques? No,32,https://reddit.com/r/MakeupAddiction/comments/1njz8yf/any_makeup_critiques_no/,https://www.reddit.com/gallery/1njz8yf,Last pic is me without makeup minus brows (they are tattooed)… I have a red mark above my lip I cover up (scar from inflammation). Let me know if I need to change up my look or what I can do to better accentuate my features. Thanks ,1758171110.0,0.86,32,0,Question,HotterthanHabanero,26,True,3,True,text
MakeupAddiction,1nkhmko,Help - Trying to find a specific red liquid lipstick,2,https://reddit.com/r/MakeupAddiction/comments/1nkhmko/help_trying_to_find_a_specific_red_liquid_lipstick/,https://www.reddit.com/r/MakeupAddiction/comments/1nkhmko/help_trying_to_find_a_specific_red_liquid_lipstick/,"Hi everyone!  Long story short, I'm slowly and intentionally building my makeup collection back up after years of avoiding makeup because of self-esteem stuff and am trying to find a red lipstick that I used to wear a lot in my early 20s (around 2016-2018ish?), but I cannot for the life of me remember the brand.  Here's what I remember, hopefully someone can point me in the right direction!

* It was a matte-finish, red liquid lipstick with blue undertones (if I recall correctly)
* It was sold at Sephora at the time - wasn't a drugstore brand, but might have also been at Ulta
* The tube was mostly gold but had a clear window where you could see product 
* Tube had a sort of rounded rectangular shape on the corners and each end (""top and bottom"") came to a sort of flattened point.  Almost like a rectangular raviolo 
* It had a pretty thin applicator 
* My brain always wants to say it was from Hourglass, but I can't find one that matches what I remember 

 If anyone can remember this lipstick or let me know if it got discontinued, I'd be incredibly appreciative! ",1758223260.0,1.0,2,0,,burgerbingbettuce,2,False,0,False,text
MakeupAddiction,1nkn8a3,Kylie Cosmetics Chocolate Teddy color dupe,1,https://reddit.com/r/MakeupAddiction/comments/1nkn8a3/kylie_cosmetics_chocolate_teddy_color_dupe/,https://www.reddit.com/r/MakeupAddiction/comments/1nkn8a3/kylie_cosmetics_chocolate_teddy_color_dupe/,"I’m obsessed with this color. It’s so flattering and so perfect, but it’s only available in Kylie’s plumping powder matte lip line. I’m looking for a similar deep brown lipstick without plumping ingredients. Let me know if you have a recommendation. Thanks!",1758236608.0,1.0,1,0,,Ok_Outlandishness832,2,False,0,False,text
MakeupAddiction,1nkdixk,Best eye pencils?,3,https://reddit.com/r/MakeupAddiction/comments/1nkdixk/best_eye_pencils/,https://www.reddit.com/r/MakeupAddiction/comments/1nkdixk/best_eye_pencils/,Hey everyone!! I recently started wearing eyeshadow recently as casual daily looks but i feel like the touch of a black eye pencil would pull the whole look together. I have had some cheap ones before (essence and nyx) but they have no longevity. Any recommendations? I heard some good things about the mario one,1758214049.0,1.0,3,0,,meowyeeee,3,False,0,False,text
MakeupAddiction,1nk6jb7,MAC Alone Time lovers - what other lip products do you love??,7,https://reddit.com/r/MakeupAddiction/comments/1nk6jb7/mac_alone_time_lovers_what_other_lip_products_do/,https://www.reddit.com/gallery/1nk6jb7,"I’ve discovered MAC Alone Time. I’m obsessed. Looking for recommendations from people who also love this lipstick!!
Could be something in a similar shade, could be something a totally different shade that still suits you, could even be a blush instead of a lipstick.",1758197440.0,1.0,7,0,Discussion,Pickles_The_Cat_1234,8,True,2,True,text
MakeupAddiction,1nkgejo,What are some makeup tips that we all need to know.,2,https://reddit.com/r/MakeupAddiction/comments/1nkgejo/what_are_some_makeup_tips_that_we_all_need_to_know/,https://www.reddit.com/r/MakeupAddiction/comments/1nkgejo/what_are_some_makeup_tips_that_we_all_need_to_know/," I’m not that new at makeup but, I’m definitely not there yet. Could you guys give me some tips to get better? Any products I should know about and ways to lawyer your foundation? Etc. I’m just a girlie trying to learn makeup.😭🤣",1758220470.0,1.0,2,0,Discussion,babydeerss,13,False,0,False,text
MakeupAddiction,1nklw9d,Best product to fill acne scarring that is makeup friendly?,1,https://reddit.com/r/MakeupAddiction/comments/1nklw9d/best_product_to_fill_acne_scarring_that_is_makeup/,https://www.reddit.com/r/MakeupAddiction/comments/1nklw9d/best_product_to_fill_acne_scarring_that_is_makeup/,"I was looking at things like Ben nye scar nose wax. May sound silly but is there something that can create scars also help hide them? And makeup will look good over it? Thought i would ask on this thread because if there are any experts here, you may have some great tips to help with holes, pitted scars etc

I do use tarte timeless smoothing primer which is good but if theres anything that is better id be grateful for some advice! 

I also have used benefit poreless primer too

Thank you in advance x",1758233178.0,1.0,1,0,Question,Personal-Zombie1880,2,False,0,False,text
MakeupAddiction,1njnmzf,Was gifted Rare beauty Tajin lip gloss and blush,117,https://reddit.com/r/MakeupAddiction/comments/1njnmzf/was_gifted_rare_beauty_tajin_lip_gloss_and_blush/,https://www.reddit.com/gallery/1njnmzf,"My best friend gifted me two packs of the Rare Beauty Tajin lipgloss and blush set. I’m mexican living overseas so I honestly really appreciate it 🥲

I think the colors are great for tan skin like mine, slthiugh I’m not used to using a lot of blush and this one stains quite a lot. Love the lipgloss it smells delicious (I was low-key expecting it to taste like Tajin). I’ve never bought a Rare Beauty product before, the quality seems good for now.",1758139285.0,0.98,117,0,,Right_Lie8793,11,True,2,True,text
MakeupAddiction,1njij9n,pierce the veil themed makeup !!,196,https://reddit.com/r/MakeupAddiction/comments/1njij9n/pierce_the_veil_themed_makeup/,https://i.redd.it/3z8kxsxu8rpf1.jpeg,,1758127899.0,0.94,196,0,,kindawitchy-exe,16,True,1,False,image
MakeupAddiction,1njz83j,Le parezco guapo,21,https://reddit.com/r/MakeupAddiction/comments/1njz83j/le_parezco_guapo/,https://i.redd.it/ds7gdes4tupf1.jpeg,,1758171027.0,0.83,21,0,,Kitchen_Durian_9168,7,True,1,False,image
MakeupAddiction,1nk0y1q,"New hair, new look",14,https://reddit.com/r/MakeupAddiction/comments/1nk0y1q/new_hair_new_look/,https://i.redd.it/w2r3c6dgbvpf1.png,,1758177188.0,0.86,14,0,FOTD,S3M0,4,True,1,False,image
MakeupAddiction,1njyh8p,DIY wedding makeup,23,https://reddit.com/r/MakeupAddiction/comments/1njyh8p/diy_wedding_makeup/,https://www.reddit.com/gallery/1njyh8p,"I’ve been practicing my DIY wedding makeup for my wedding next spring. I think I’m finally getting somewhere. Would love any constructive comments or advice! 

Products used: 
Face:
- welleda skin food as primer 
- Dior backstage face and body foundation 
- Milani cream bronzer in ‘hey honey!’
- hourglass concealer 
- Patrick ta blush in ‘she’s that girl’ and ‘just enough’ 
- kosas bronzer in ‘beachy’ 
- L’Oréal blurfection loose powder
- Dior backstage glow highlight palette. Pink shade as blush topper. Beige shade as highlight. 
- MAC fix+ setting spray 

Eyes: 
- MAC paint pot in bare study 
- makeup by Mario master mattes (lightest shade on inner corner and lid, mix of two medium shades in crease/outercorner) 
- stila eyeshadow in ‘kitten’ in inner corner 
- urban decay eyeliner in ‘whiskey’ 
- maybelline sky high mascara, waterproof 

Brows: 
- NYX the brow glue in ‘taupe’ 
- elf pencil in ‘blonde’

Lips: 
- MAC liner in ‘Soar’ 
- MAC lipstick in ‘Modesty’
",1758168490.0,1.0,23,0,,stickyspice,5,True,2,True,text
MakeupAddiction,1nkea0m,Mica-Free & Talc-free recommendations needed,2,https://reddit.com/r/MakeupAddiction/comments/1nkea0m/micafree_talcfree_recommendations_needed/,https://www.reddit.com/r/MakeupAddiction/comments/1nkea0m/micafree_talcfree_recommendations_needed/,"Hi all!

I have extremely sensitive skin due to an autoimmune disorder. I easily break into hives or get dry patches. 

I’d like to avoid products with mica, talc, and silicones (if possible). 

Any suggestions for a clean, pigmented blush and effective setting powder? Almost all seem to use these ingredients. 

Thank you! ",1758215713.0,1.0,2,0,Question,TheLoneCanoe,1,False,0,False,text
MakeupAddiction,1njfanm,80s inspired colorful Smokey eye FOTD,251,https://reddit.com/r/MakeupAddiction/comments/1njfanm/80s_inspired_colorful_smokey_eye_fotd/,https://i.redd.it/48ta1jajnqpf1.jpeg,"Products used:

hourglasscosmetics vanish primer Mac face and body foundation n0 maccosmeticscanada Mac pro longwear concealer nw15 maccosmeticscanada studio fix powder Elf liquid blush in bold faced lilac Benefit gimme brow (blonde 1) blendbunnycosmetics Blend bunny cosmetics surge and the blends palette MAC fluidline (black track) Tower28 make waves mascara Maccosmeticscanada whirl lip liner Mac angel lipstick maccosmeticscanada lipglass in dreamy ",1758120716.0,0.98,251,0,FOTD,gabbyandarthur,8,True,1,False,image
MakeupAddiction,1njgh9r,Which Brand is the worst about discontinuing well loved products and why is it MAC?,221,https://reddit.com/r/MakeupAddiction/comments/1njgh9r/which_brand_is_the_worst_about_discontinuing_well/,https://www.reddit.com/r/MakeupAddiction/comments/1njgh9r/which_brand_is_the_worst_about_discontinuing_well/,"I will never underestand why MAC routinely gets rid of stuff everyone likes, or introduces it as a limited edition. I""m always a bit afraid to fall in love with a Mac product for this reason. and then they re-add it here and there. It reminds me when I was younger (and I'm dating myself here) and Disney would release movies from the ""Disney Vault"" that you couldn't see at any other time.",1758123371.0,0.99,221,0,,crankyweasels,63,False,0,False,text
MakeupAddiction,1nkjrne,I cannot apply eyeshadow!,0,https://reddit.com/r/MakeupAddiction/comments/1nkjrne/i_cannot_apply_eyeshadow/,https://www.reddit.com/r/MakeupAddiction/comments/1nkjrne/i_cannot_apply_eyeshadow/,"So I've been getting into make-up again recently and my eyes are very sensitive I hate when people do my makeup and I can only bare it when I do it myself. 
 But I cannot wink like at all and when I try to apply eyeshadow and put a hand or a finger to forcefully  close it I cannot see since I'm a glasses user. 
Basically I feel like all the odds are against me in learning how to apply eyeshadow on myself 😭
Any tips or tricks or tutorials would be so highly appreciated🫶🫶",1758228159.0,0.5,0,0,Question,Healthy_Sugar9558,7,False,0,False,text
MakeupAddiction,1njqzcp,Glitter look😊,53,https://reddit.com/r/MakeupAddiction/comments/1njqzcp/glitter_look/,https://www.reddit.com/gallery/1njqzcp,"In order of application  :😊🧡
Elf power grip matte primer
Kosaa super creamy concealor shade N 0.4
Eyebrows Loreal Parisbrow stylist definer shade dark brown 
Blush /lips benefit moone collection shade Dancin in the moonlight
Masscara  Loreal  Paris Telescopic black carbon 
Eyeshadow Urban Decay shade Solstice
Eyeliner Wet n Wild shade darkest black 
Stars on cheeck Colourpop Glitterally Obsessed body gliter Shade Ur a Firework



",1758147290.0,0.98,53,0,FOTD,Indigopuffs,5,True,2,True,text
MakeupAddiction,1nj5bzl,What’s a discontinued product you miss most?,1019,https://reddit.com/r/MakeupAddiction/comments/1nj5bzl/whats_a_discontinued_product_you_miss_most/,https://i.redd.it/eypoi4892opf1.jpeg,"This is just a short list of mine from my youth lol. What are some products you miss?

⠀⠀⠀⠀⢀⣠⣤⣤⣤⣀⠀⠀⠀⠀⣀⣠⣤⣤⣤⣄⡀⠀⠀⠀⠀⠀
⠀⠀⣠⣿⠿⠛⠛⠛⠛⠛⢿⣷⣤⣾⠿⠛⠛⠙⠛⠛⠿⠗⠀⠀⠀⠀
⠀⣾⡿⠁⠀⠀⠀⠀⠀⠀⠀⠙⡿⠁⠀⢀⣤⣀⠀⠀⢀⣤⣶⡆⠀⠀
⢸⣿⠁⠀⠀⠀⠀⠀⠀⠀⠀⠀⠀⠀⠀⠈⣿⣿⣿⣿⣿⣿⣿⡇⠀⠀
⠸⣿⡆⠀⠀⠀⠀⠀⠀⠀⠀⠀⠀⠀⠀⠀⣸⣿⣿⣿⣿⣿⣿⣧⣄⠀
⠀⢹⣿⠀⣿⣷⣄⣀⣤⡄⠀⠀⠀⠀⢀⣴⣿⣿⣿⣿⣿⣿⣿⣿⣿⠷
⠀⠀⣁⣤⣿⣿⣿⣿⣿⠃⠀⠀⠀⠀⠘⠛⠛⠛⠻⣿⣿⣿⠋⠉⠀⠀
⠀⠘⠻⢿⣿⣿⣿⣿⣿⡄⠀⠀⠀⠀⠀⠀⠀⢀⡀⠹⣿⡟⠀⠀⠀⠀
⠀⠀⠀⠀⢹⣿⠟⢙⠛⠛⠀⠀⠀⠀⠀⣀⣴⡿⠓⠀⠀⠀⠀⠀⠀⠀
⠀⠀⠀⠀⠈⠁⠀⠈⠻⢿⣦⣄⠀⣠⣾⡿⠋⠀⠀⠀⠀⠀⠀⠀⠀⠀
⠀⠀⠀⠀⠀⠀⠀⠀⠀⠀⠙⢿⣿⠿⠋⠀⠀⠀⠀⠀⠀⠀⠀⠀⠀⠀
⠀⠀⠀⠀⠀⠀⠀⠀⠀⠀⠀⠀⠁⠀⠀⠀⠀⠀⠀⠀⠀⠀⠀⠀⠀⠀",1758089346.0,0.99,1019,0,Discussion,IllStick6622,1294,True,1,False,image
MakeupAddiction,1nki9b3,"Tried doing my make up but I'm so bad with eyeliner, any tips?",0,https://reddit.com/r/MakeupAddiction/comments/1nki9b3/tried_doing_my_make_up_but_im_so_bad_with/,https://i.redd.it/tvo65lwq8zpf1.jpeg,"I can't make straight lines without it smudging, how do I stop this. Also would welcome any other tips that you think would work for me:). I am very new to make up so please be kind to me, I have only tried goth make up so far.",1758224705.0,0.5,0,0,,New_Tap2006,9,True,1,False,image
MakeupAddiction,1nkhkvb,Keeping my makeup in place! Oily skin help.,1,https://reddit.com/r/MakeupAddiction/comments/1nkhkvb/keeping_my_makeup_in_place_oily_skin_help/,https://www.reddit.com/r/MakeupAddiction/comments/1nkhkvb/keeping_my_makeup_in_place_oily_skin_help/,"I’m running low on some of my regular products and  considering switching things up. I’ve looked at several different primers and setting sprays, and I’m looking for opinions before making a purchase.

For reference I have oily/combo/sensitive skin, and I often have issues with my makeup separating, looking like it’s just sitting in my pores, and if it’s too hot and I wipe sweat away from my face I find that I’ve often wiped the products off too. I often feel powder makes me look too dry and cakes when I sweat, and setting mists sometimes accelerate my makeup separation. 

I’m primarily looking for a new primer and setting spray, perhaps a lighter foundation or cc cream that has a skin-like finish. 

For primers, I’ve been considering:
- One Size Oil Sucker 
- Fenty Grip Trip Mattifying & Blurring primer
- Huda Easy Blur Smoothing & Pore Minimizing primer
- Danessa Myricks Yummy Skin Mattifying Water Powder Serum & Skin Blurring Balm

For setting sprays I’m looking at:
- O/S On ‘Til Dawn
- Fenty You Mist Make-Up Extending Spray
- Huda Easy Bake Setting Spray
- Danessa Myricks Liquid Blurring Balm
- Milk Makeup Pore Eclipse Setting Spray
- Iconic Prep Set Blur

I’m honestly just getting analysis paralysis trying to decide which ones to try. I’ve also looked at and previously used products from Laura Mercier, Hourglass, MAC, Urban Decay, & Make Up Forever. I use Kosas concealer and was considering trying their BB cream (current foundation is Glossier stretch fluid), and also explored Tir Tir. I’m about to go on vacation and don’t want to sweat through my makeup by mid-day. 

I’m hopeful someone else feels my pain and has some recommendations. I’m open to other products not mentioned too, bonus if they’re skincare infused products. 
",1758223150.0,1.0,1,0,Question,Feather_Tether,2,False,0,False,text
MakeupAddiction,1nk5d0g,ISO: Agent Carter Bésame Cosmetics Collaboration,5,https://reddit.com/r/MakeupAddiction/comments/1nk5d0g/iso_agent_carter_bésame_cosmetics_collaboration/,https://www.reddit.com/gallery/1nk5d0g,"Hi all! I am looking for items from the Besame Cosmetics Agent Carter collection! I'm looking for any of the pieces of the collection, with highest priority being the jewelry box, lipsticks, and face powder compact. 

Budget is negotiable but I'm hoping to stay around:
Jewelry Box - 100
Lipsticks - 50 each
Compact - 80
Eyeshadow Palette - 120",1758193854.0,1.0,5,0,Question,lurker17066,2,True,4,True,text
MakeupAddiction,1njjm96,Is this eyeliner look too much for daytime?,98,https://reddit.com/r/MakeupAddiction/comments/1njjm96/is_this_eyeliner_look_too_much_for_daytime/,https://www.reddit.com/gallery/1njjm96,"Helppp I can’t live without eyeliner on my lower lash line! And I don’t want to be saved😩 I love how it ties everything together nicely and personally I don’t think it’s “way too much” but every now and then when a stranger takes a longer look at my face I can’t help but wonder whether it’s the eyeliner they’re looking at in confusion. Not many people express themselves through makeup where I’m from. So this look might be considered heavy to some. And I know it shouldn’t matter what others think, but I just don’t want to be stared at🫣

I’ve tried doing the lash line with black eyeshadow (last 2 pictures), eyeliner marker and pencil, but it just doesn’t look as clean and sharp as liquid eyeliner and in my opinion seems bulkier despite being lighter in color. That’s why in the photos I only lined the outer half of my lash line, even though I prefer eyeliner covering the whole thing.

Just to clarify, I don’t mean for work or anything professional, but for simple dilly dallying, going to cafes, parks, really any daytime activity. 
",1758130281.0,0.83,98,0,Question,Regular_Condition80,56,True,5,True,text
MakeupAddiction,1nk6ltn,How do I achieve this makeup style?,2,https://reddit.com/r/MakeupAddiction/comments/1nk6ltn/how_do_i_achieve_this_makeup_style/,https://www.reddit.com/gallery/1nk6ltn,"I don’t know how to phrase what this makeup style is, and I definitely don’t know what is the key to achieving it. I feel like I have similar *features* to these people - olive skin, deeper hair, similar nose and lips, etc. - so I’m hoping this style will look good on me. I’m particularly interested in achieving the lash looks for both the first and second slide??",1758197645.0,0.6,2,0,Question,Pickles_The_Cat_1234,2,True,3,True,text
MakeupAddiction,1nkfbzd,Makeup that will hold in the humid heat,1,https://reddit.com/r/MakeupAddiction/comments/1nkfbzd/makeup_that_will_hold_in_the_humid_heat/,https://www.reddit.com/r/MakeupAddiction/comments/1nkfbzd/makeup_that_will_hold_in_the_humid_heat/,"Hi!! I’ll be attending a weeding with an outside ceremony in Florida next may, I’m just looking for recommendations for foundation, primer, concealer, etc 

Right now I use either Fit me foundation or a skin tint and tarte concealer. I just want something that will hold up nicely or a technique I can implement. Since I have a lot of time to practice I would try anything! Thank you!!",1758218073.0,1.0,1,0,Question,BadBiologist1,4,False,0,False,text
MakeupAddiction,1nj7cri,What type of eye makeup should I do? Any white mascara suggestions?,478,https://reddit.com/r/MakeupAddiction/comments/1nj7cri/what_type_of_eye_makeup_should_i_do_any_white/,https://www.reddit.com/gallery/1nj7cri,"i have albinism so it’s always been hard for me even find a concealer light enough for me let alone all this other makeup stuff haha
i’m not quite sure as to what to do with my eye area makeup wise and wanted to get some extra opinions and tips! i was initially thinking to try out white mascara (clear mascara didn’t do anything for me) but it’s not available in any makeup store i’ve been to and im not sure what to buy online.
i could also go the route of darkening my brows and lashes but im not sure what to do or use either! i tried it once a few months ago (it’s the last photo)  but im not sure if it looks right or if i should fill everything in darker or enhance how light my eye area is for my makeup style 
what type of eye makeup do you think i should do day to day? what do you suggest i use/ do? 
it should be noted because of my albinism i am visually impaired so intricate makeup like eyeliner would be very hard for me to do (unless there’s a way around it of course!)

",1758097128.0,0.96,478,0,Question,Pleasant-Relief5833,121,True,8,True,text
MakeupAddiction,1nk8qiz,What makeup would suit me?,2,https://reddit.com/r/MakeupAddiction/comments/1nk8qiz/what_makeup_would_suit_me/,https://i.redd.it/ugaewkllgxpf1.jpeg,,1758203157.0,0.6,2,0,,Denialle,3,True,1,False,image
MakeupAddiction,1nkelns,help!!,0,https://reddit.com/r/MakeupAddiction/comments/1nkelns/help/,https://www.reddit.com/gallery/1nkelns,"hihii so i’m new-ish to makeup, and i’ve ran into a new problem where my base is starting to reaaaaally crack around my mouth/nose. and cracking where my smile lines are on my left side— any tips on how to limit that/products would be appreciated🥹",1758216449.0,0.5,0,0,Question,cyanetous,4,True,5,True,text
MakeupAddiction,1nja8lj,should i change my makeup style?,240,https://reddit.com/r/MakeupAddiction/comments/1nja8lj/should_i_change_my_makeup_style/,https://www.reddit.com/gallery/1nja8lj,"so recently i posted on reddit to ask why someone thought my style was emo. someone then mentioned that it’s probably my eyeliner and i think they implied it was a little too big making me look more emo. is this true? what do yall think? when i do try to do more darker eyeshadow looks, i try to go more of a. baddie vibe (last pic) rather than an emo vibe (think aria montgomery from pretty little liars) anyways let me know what yall think i should improve on. thanks in advance? 

products:
i currently use the the STILA black eyeliner for most of my makeup looks. for shimmer, i use the romand glitter pallete.",1758107649.0,0.94,240,0,Question,wxrriedd,133,True,4,True,text
MakeupAddiction,1nk7uao,Killian murphy eyes here,2,https://reddit.com/r/MakeupAddiction/comments/1nk7uao/killian_murphy_eyes_here/,https://www.reddit.com/gallery/1nk7uao,I have very deep set hooded eyes with minimal brow space. I have highlighted in one of the pictures were my brow bone is. Does anyone have any good videos or pictures of good eye make up for my kind of eyes? I don't have my eyebrows brushed up right now but honestly when I do they dont go anywhere. They are just very straight and dont give me any extra real-estate to work with. They just kind of make me look like a cartoon villain if they are brushed up. Im looking for good color options too. I've liked plum eyeliner in the past! ,1758200943.0,0.67,2,0,,Medical-Soup-7459,4,True,3,True,text
MakeupAddiction,1nkcyw8,Help which make up should i do for my bday party,0,https://reddit.com/r/MakeupAddiction/comments/1nkcyw8/help_which_make_up_should_i_do_for_my_bday_party/,https://www.reddit.com/gallery/1nkcyw8,The last photo is me without make up.but which one is better for a party?,1758212814.0,0.47,0,0,Question,Michaelscottera,8,True,20,True,text
MakeupAddiction,1nkcy9g,Ilia skin tint,1,https://reddit.com/r/MakeupAddiction/comments/1nkcy9g/ilia_skin_tint/,https://i.redd.it/cf1cdt1a9ypf1.jpeg,"Does anyone else have this problem with the Ilia skin tint foundation? No matter how tight I put the cap on, it leaks and makes a mess in my bag, my drawer. I love this product but I’m at my wits end. It gets all over everything and it’s so wasteful! ",1758212777.0,1.0,1,0,,nadej22,1,True,1,False,image
MakeupAddiction,1nkpxhz,Mandela Effect Hula vs. Hoola?!,0,https://reddit.com/r/MakeupAddiction/comments/1nkpxhz/mandela_effect_hula_vs_hoola/,https://www.reddit.com/r/MakeupAddiction/comments/1nkpxhz/mandela_effect_hula_vs_hoola/,"I remember 100% without a doubt that the Hula brand name had a ""u"" instead of too overlapping ""oo""s?!

Haha silly universe we live in... Just had to share.

What do you all remember? I just perused a bunch of older threads, and there are so many people calling it Hula?

Just gotta laugh sometimes...",1758244081.0,0.14,0,0,,goldenrod777,4,False,0,False,text
MakeupAddiction,1nkcsz9,Which is my match?,0,https://reddit.com/r/MakeupAddiction/comments/1nkcsz9/which_is_my_match/,https://www.reddit.com/gallery/1nkcsz9,"Attached original post with context.

NARS Radiant Light Reflecting Foundation

Here are photos of Yulong and Oslo thickly swatched (below) / blended out (above) on me in different lights

Yulong is on the right, Oslo is on the left

Thank you so much!


https://www.reddit.com/r/MakeupAddiction/s/T2etobRwnq",1758212454.0,0.5,0,0,Swatches,AdApprehensive8941,32,True,4,True,text
MakeupAddiction,1nkcq1p,Good spf for under makeup?,1,https://reddit.com/r/MakeupAddiction/comments/1nkcq1p/good_spf_for_under_makeup/,https://www.reddit.com/r/MakeupAddiction/comments/1nkcq1p/good_spf_for_under_makeup/,"Hi everyone! I’ve been using the Neutrogena Clear Face Oil-Free Sunscreen for a while, and I really like it! But it is *awful* under makeup. I use the Covergirl spf skin tint 75% of the time and while I love it, I know it’s not enough to properly protect my face from the sun. Every sunscreen I’ve tried—which hasn’t been many—has broken me out awfully aside from the Neutrogena one.",1758212272.0,1.0,1,0,Question,nixellaa,1,False,0,False,text
MakeupAddiction,1njz6t9,Eyeliner suggestions (Canada),7,https://reddit.com/r/MakeupAddiction/comments/1njz6t9/eyeliner_suggestions_canada/,https://www.reddit.com/gallery/1njz6t9,"Hello everyone!
Eyeliner is the one makeup step I can't live without and I have moved to Canada and haven't found a good eyeliner for me that doesn't break the bank. My favorite liner is the Super Fine eyeliner from Focallure, but it takes a while to be delivered.

I was wondering if anyone knew of an eyeliner that would be super precise, super black and have a smooth formula. Thanks 😊",1758170906.0,0.9,7,0,Question,UpbeatGiraffe0,1,True,2,True,text
MakeupAddiction,1nk6gus,Benetint black cherry dupe,2,https://reddit.com/r/MakeupAddiction/comments/1nk6gus/benetint_black_cherry_dupe/,https://www.reddit.com/r/MakeupAddiction/comments/1nk6gus/benetint_black_cherry_dupe/,"Tried this product at Sephora and the color was so perfect, but I only buy cruelty free which benefit isn’t. Does anyone know a dupe for this shade? Only cruelty free options, price doesn’t matter. Any help would be appreciated 🩷",1758197242.0,1.0,2,0,,Ok-Witness7842,1,False,0,False,text
