subreddit,post_id,post_title,post_score,post_url,post_content_url,post_text,timestamp,post_upvote_ratio,post_ups,post_total_awards_received,post_link_flair_text,post_author,post_num_comments,has_images,num_images,is_gallery,content_type
movies,1nohdf9,"Hi /r/movies! I'm Sarah Friedland, writer/director of Indie Spirit Award winner FAMILIAR TOUCH starring Kathleen Chalfant, a coming-of-old-age drama about a woman navigating late life changes, now out on streaming platforms. AMA!",34,https://reddit.com/r/movies/comments/1nohdf9/hi_rmovies_im_sarah_friedland_writerdirector_of/,https://i.redd.it/114kyt9rzwqf1.png,"Hi reddit! I'm Sarah Friedland, writer/director of FAMILIAR TOUCH. Ask me anything!

Information about the film:

Winner of the Someone to Watch award at the Film Independent Spirit Awards, writer-director Sarah Friedland’s FAMILIAR TOUCH is a coming-of-old-age story that compassionately follows the winding path of octogenarian Ruth’s shifting memories and desires while remaining rooted in her sage perspective.

Watch the trailer: [https://youtu.be/NY7qpocVWZE](https://youtu.be/NY7qpocVWZE)

FAMILIAR TOUCH is now available on digital wherever you rent/purchase films. Learn more: [https://www.musicboxfilms.com/film/familiar-touch/](https://www.musicboxfilms.com/film/familiar-touch/)

Ask me anything! I'll be back tomorrow Wednesday 9/24 at 4 PM ET to answer any questions.",1758634032.0,0.66,34,0,AMA,FamiliarTouchAMA,19,True,1,False,image
movies,1nkrua7,Official Discussion Megathread (HIM / A Big Bold Beautiful Journey) plus throwback discussions,18,https://reddit.com/r/movies/comments/1nkrua7/official_discussion_megathread_him_a_big_bold/,https://www.reddit.com/r/movies/comments/1nkrua7/official_discussion_megathread_him_a_big_bold/,"**New In Theaters**:

[HIM](https://old.reddit.com/r/movies/comments/1nkrsiq/official_discussion_him_spoilers/?)

[A Big Bold Beautiful Journey](https://old.reddit.com/r/movies/comments/1nkrsl7/official_discussion_a_big_bold_beautiful_journey/?)

**25th Anniversary Throwback Discussion Threads**:

* [Almost Famous](https://old.reddit.com/r/movies/comments/1nkrsmq/official_throwback_discussion_almost_famous/?)

**Still In Theaters**:

* [The Long Walk](https://old.reddit.com/r/movies/comments/1nerbo8/official_discussion_the_long_walk_spoilers/?)
* [Spinal Tap II: The End Continues](https://old.reddit.com/r/movies/comments/1nerbpv/official_discussion_spinal_tap_ii_the_end/?)
* [Downton Abbey: The Grand Finale](https://old.reddit.com/r/movies/comments/1nerbsd/official_discussion_downton_abbey_the_grand/?)
* [Demon Slayer: Infinity Castle](https://old.reddit.com/r/movies/comments/1nerbr6/official_discussion_demon_slayer_infinity_castle/?)
* [Splitsville](https://old.reddit.com/r/movies/comments/1nerbtt/official_discussion_splitsville_spoilers/?)
* [Twinless](https://old.reddit.com/r/movies/comments/1nerbvd/official_discussion_twinless_spoilers/?)


**New On Streaming:**

* [Highest 2 Lowest](https://old.reddit.com/r/movies/comments/1n9h173/official_discussion_highest_2_lowest_spoilers/?)
* [The Thursday Murder Club](https://old.reddit.com/r/movies/comments/1n5045m/official_discussion_the_thursday_murder_club/?)
* [The Home](https://old.reddit.com/r/movies/comments/1n5046o/official_discussion_the_home_spoilers/?)
* [Eenie Meanie](https://old.reddit.com/r/movies/comments/1n5043w/official_discussion_eenie_meanie_spoilers/?)
* [Fixed](https://old.reddit.com/r/movies/comments/1ms61cu/official_discussion_fixed_spoilers/?)
* [Night Always Comes](https://old.reddit.com/r/movies/comments/1ms61j7/official_discussion_night_always_comes_spoilers/?)
* [War of the Worlds (2025)](https://old.reddit.com/r/movies/comments/1mek72y/official_discussion_war_of_the_worlds_spoilers/?)",1758249474.0,0.75,18,0,Official Discussion,LiteraryBoner,0,False,0,False,text
movies,1npgi6f,"First Image of Sam Rockwell in Gore Verbinski's 'Good Luck, Have Fun, Don't Die' - A man from the future travels to the past and recruits the patrons of a Los Angeles diner he arrives in to help combat a rogue artificial intelligence.",2516,https://reddit.com/r/movies/comments/1npgi6f/first_image_of_sam_rockwell_in_gore_verbinskis/,https://i.redd.it/4680m5f215rf1.jpeg,,1758730612.0,0.98,2516,0,Media,MarvelsGrantMan136,122,True,1,False,image
movies,1npeogc,Denis Villeneuve To Start Casting For An “Unknown” Brit Actor For ‘Bond 26’ When He Completes ‘Dune: Part Three’,2522,https://reddit.com/r/movies/comments/1npeogc/denis_villeneuve_to_start_casting_for_an_unknown/,https://deadline.com/2025/09/james-bond-cast-unknown-british-actor-denis-villeneuve-dune-1236554375/,,1758726514.0,0.96,2522,0,News,MarvelsGrantMan136,446,False,0,False,text
movies,1npbhxq,Official Poster for Kathryn Bigelow's 'A House of Dynamite',1859,https://reddit.com/r/movies/comments/1npbhxq/official_poster_for_kathryn_bigelows_a_house_of/,https://i.redd.it/may9ccj024rf1.jpeg,,1758718838.0,0.93,1859,0,Poster,MarvelsGrantMan136,238,True,1,False,image
movies,1npd7yx,"'Moneyball' (2011) - ""That's what losing sounds like"" - Brad Pitt, Phillip Seymour Hoffman, Jonah Hill",1044,https://reddit.com/r/movies/comments/1npd7yx/moneyball_2011_thats_what_losing_sounds_like_brad/,https://v.redd.it/bw3rmbale4rf1,,1758723122.0,0.94,1044,0,Media,ChiefLeef22,166,False,0,False,text
movies,1npd7g3,Official Poster for 'Greenland 2: Migration' Starring Gerard Butler & Morena Baccarin,597,https://reddit.com/r/movies/comments/1npd7g3/official_poster_for_greenland_2_migration/,https://i.redd.it/r9rbsnzke4rf1.jpeg,,1758723084.0,0.93,597,0,Poster,MarvelsGrantMan136,268,True,1,False,image
movies,1np8xq3,Robert De Niro to Be Honored With Rome’s Top Honor as Part of Alice in the City Festival,592,https://reddit.com/r/movies/comments/1np8xq3/robert_de_niro_to_be_honored_with_romes_top_honor/,https://variety.com/2025/film/global/robert-de-niro-rome-alice-in-the-city-nobu-hotel-roma-1236527806/,,1758711079.0,0.89,592,0,News,MoneyLibrarian9032,14,False,0,False,text
movies,1npilbw,"First Image of Cate Blanchett in 'Sweetsick' - It follows a woman with a strange and piercing gift, the ability to see what others most intimately need, often at great personal cost",172,https://reddit.com/r/movies/comments/1npilbw/first_image_of_cate_blanchett_in_sweetsick_it/,https://i.redd.it/b0mqblhve5rf1.jpeg,,1758735358.0,0.9,172,0,Media,BunyipPouch,40,True,1,False,image
movies,1npacxr,"The opening title sequence for ""Halloween 4: The Return of Michael Myers"" (1988), but with the credits removed. Leaving just the ominous Fall atmosphere.",329,https://reddit.com/r/movies/comments/1npacxr/the_opening_title_sequence_for_halloween_4_the/,https://www.youtube.com/watch?v=AN681J0-9qI,,1758715657.0,0.91,329,0,Media,Amaruq93,47,False,0,False,text
movies,1npfl8i,"Official Poster for 'Whistle' starring Dafne Keen, Nick Frost - A misfit group of unwitting high school students stumble upon a cursed object, an ancient Aztec Death Whistle. They discover that blowing the whistle and the terrifying sound it emits will summon their future deaths to hunt them down.",157,https://reddit.com/r/movies/comments/1npfl8i/official_poster_for_whistle_starring_dafne_keen/,https://i.redd.it/mno2itn1v4rf1.jpeg,,1758728590.0,0.9,157,0,Poster,Task_Force-191,43,True,1,False,image
movies,1npaixz,Wicked: For Good | Final Trailer,281,https://reddit.com/r/movies/comments/1npaixz/wicked_for_good_final_trailer/,https://www.youtube.com/watch?v=R2Xubj7lazE,,1758716150.0,0.69,281,0,Trailer,MarvelsGrantMan136,119,False,0,False,text
movies,1npg3z8,New Poster for ‘SPRINGSTEEN: DELIVER ME FROM NOWHERE’,90,https://reddit.com/r/movies/comments/1npg3z8/new_poster_for_springsteen_deliver_me_from_nowhere/,https://i.redd.it/d7slz8chy4rf1.jpeg,,1758729743.0,0.78,90,0,Poster,KillerCroc1234567,33,True,1,False,image
movies,1notqvr,"Claudia Cardinale, Enchantress of Italian Cinema, Dies at 87",1963,https://reddit.com/r/movies/comments/1notqvr/claudia_cardinale_enchantress_of_italian_cinema/,https://www.hollywoodreporter.com/movies/movie-news/claudia-cardinale-dead-leopard-once-upon-time-in-the-west-1236378179/,,1758662328.0,0.95,1963,0,News,bdzz,77,False,0,False,text
movies,1noilrz,Emma Watson says she misses acting but not promoting films,7884,https://reddit.com/r/movies/comments/1noilrz/emma_watson_says_she_misses_acting_but_not/,https://www.theguardian.com/film/2025/sep/23/emma-watson-explains-long-break-from-acting-harry-potter,,1758637000.0,0.93,7884,0,Article,lawrencedun2002,797,False,0,False,text
movies,1nofyzg,'Steve Jobs' (2015) - Steve Wozniak (Seth Rogen) Confronts Steve Jobs (Michael Fassbender) Prior to the Launch of the iMac - Directed by Danny Boyle,12579,https://reddit.com/r/movies/comments/1nofyzg/steve_jobs_2015_steve_wozniak_seth_rogen/,https://v.redd.it/npjywahgqwqf1,,1758630355.0,0.9,12579,0,Media,BunyipPouch,1313,False,0,False,text
movies,1nopyq0,Chinese censor uses AI to change the gender of gay character in Dave Franco and Alison Brie's ‘Together’,2554,https://reddit.com/r/movies/comments/1nopyq0/chinese_censor_uses_ai_to_change_the_gender_of/,https://www.hindustantimes.com/entertainment/hollywood/chinese-censor-uses-ai-to-alter-gender-of-gay-character-in-dave-franco-and-alison-bries-together-viewers-slam-move-101758610163360.html,,1758653643.0,0.92,2554,0,News,Gato1980,317,False,0,False,text
movies,1npa6za,'The Worst Person in the World' (2021) - Julie (Renate Reinsve) and Askel (Anders Danielsen Lie) Confront Nostalgia & Death - Directed by Joachim Trier,97,https://reddit.com/r/movies/comments/1npa6za/the_worst_person_in_the_world_2021_julie_renate/,https://v.redd.it/pkw8jbczq3rf1,,1758715198.0,0.79,97,0,Media,BunyipPouch,9,False,0,False,text
movies,1nonumc,"Disney+, Hulu to Hike Prices Again in October",2654,https://reddit.com/r/movies/comments/1nonumc/disney_hulu_to_hike_prices_again_in_october/,https://www.thewrap.com/disney-plus-hulu-espn-price-increases-october-2025/,,1758648887.0,0.94,2654,0,News,MarvelsGrantMan136,525,False,0,False,text
movies,1npg2r6,"Jim Henson Partners With Julien’s for Auction of ‘Muppets,’ ‘Fraggle Rock,’ ‘The Dark Crystal’ Pieces",37,https://reddit.com/r/movies/comments/1npg2r6/jim_henson_partners_with_juliens_for_auction_of/,https://www.hollywoodreporter.com/tv/tv-news/jim-henson-company-juliens-auction-muppets-fraggle-rock-1236377688/,,1758729674.0,0.83,37,0,News,KillerCroc1234567,1,False,0,False,text
movies,1npdbfc,Gina Gershon Thriller ‘Breed Of Greed’ Gets North American Distribution Deal,37,https://reddit.com/r/movies/comments/1npdbfc/gina_gershon_thriller_breed_of_greed_gets_north/,https://deadline.com/2025/09/gina-gershon-breed-greed-us-distribution-deal-1236554368/,,1758723346.0,0.8,37,0,News,KillerCroc1234567,11,False,0,False,text
movies,1npjz0q,Millie Bobby Brown to Play Olympian Kerri Strug in the Biopic Gymnastics Film ‘Perfect’ - The image of Strug being carried off of the mat by her coach after injuring her ankle during her Gold-medal-winning routine in 1996 is considered one of the most memorable moments in Olympic history.,18,https://reddit.com/r/movies/comments/1npjz0q/millie_bobby_brown_to_play_olympian_kerri_strug/,https://deadline.com/2025/09/millie-bobby-brown-kerri-strug-perfect-1236554595/,,1758738514.0,0.76,18,0,News,BunyipPouch,14,False,0,False,text
movies,1noo0kl,Marvin Jones III To Play Crime Boss Tombstone In ‘Spider-Man: Brand New Day’,1524,https://reddit.com/r/movies/comments/1noo0kl/marvin_jones_iii_to_play_crime_boss_tombstone_in/,https://deadline.com/2025/09/spider-man-brand-new-day-casts-marvin-jones-iii-tombstone-1236553455/,,1758649265.0,0.95,1524,0,News,MarvelsGrantMan136,179,False,0,False,text
movies,1npce0n,Laws named after actors?,32,https://reddit.com/r/movies/comments/1npce0n/laws_named_after_actors/,https://www.reddit.com/r/movies/comments/1npce0n/laws_named_after_actors/,"Was just wondering after a conversation with friends what actors have had laws named after them? Either statutory or in SAG-AFTRA

The three that we came up with were

Coogan's law, requiring child entertainers to have a portion of their earnings placed in trust until they turn 18. 

Glover's Law which was an alteration of an existing law, dealing with the use of the imagery of a performer. 

The Eddie Murphy rule which made what they did at the end of trading places actually illegal",1758721108.0,0.73,32,0,Discussion,TheGlen,53,False,0,False,text
movies,1noma6f,Chris Stuckmann's 'Shelby Oaks' - Review Thread,1467,https://reddit.com/r/movies/comments/1noma6f/chris_stuckmanns_shelby_oaks_review_thread/,https://www.reddit.com/r/movies/comments/1noma6f/chris_stuckmanns_shelby_oaks_review_thread/,"*A woman's obsessive search for her missing sister leads her into a terrifying mystery at the hands of an unknown evil.*

Cast: Camille Sullivan, Keith David, Michael Bleach

Release Date: October 24, 2025 (Distributor - NEON)

**Rotten Tomatoes:** [83%](https://www.rottentomatoes.com/m/shelby_oaks/reviews)

**Metacritic:** [N/A (updating)](https://www.metacritic.com/movie/shelby-oaks/)

Some Reviews:

[Slashfilm - BJ Colangelo](https://www.slashfilm.com/1626527/shelby-oaks-review/) \- 8 / 10

>It's clear that Chris Stuckmann loves horror and has taken his years of determining what he likes and what he thinks ""works"" by reviewing films on YouTube to shape his craft. At no point does it feel like ""Shelby Oaks"" is anything other than the very best version of what he intended to make, as opposed to the numerous films by first-time feature filmmakers who spend too much time trying to make something they *think* they're supposed to make. The result is a deeply unsettling view that never loses its sense of heart or humanity. With Sullivan's phenomenal performance and Stuckmann's keen eye, ""Shelby Oaks"" allows us to witness the start of one of the most promising new voices in horror.

[Gizmodo - German Lussier](https://gizmodo.com/shelby-oaks-puts-a-satisfying-scary-spin-on-the-found-footage-genre-2000661720)

>This is a horror film for and by the YouTube generation: one that’s inspired by many horror films of the past, with little regard for when or how to borrow from them. As long as it’s cool and scary. Which *Shelby Oaks* is.

[Polygon - Jake Kleinman](https://www.polygon.com/shelby-oaks-review-chris-stuckmann/)

>Overall, Stuckmann’s directorial debut is a sturdy horror movie from a lover of film who clearly understands the genre. While the involvement of indie distributor Neon and producer Mike Flanagan must have gone a long way (For a sense of what the original version of *Shelby Oaks* was like, you can read the mostly positive reviews from its initial premiere at 2024’s Fantasia International Film Festival), there’s strong evidence of talent — and cinematic depravity — to be seen.

[RogerEbert - Brian Tallerico](https://www.rogerebert.com/reviews/shelby-oaks-chris-stuckmann-fantastic-fest-movie-review-2025) \- 2 / 4

>Stuckmann is a smart dude, and one has to admire the commitment to getting this film made. He’ll bounce back, especially given he’s now been given a thumbs-up by Neon. He was also smart enough to give character actor Keith David a movie-stealing scene as the former prison warden who tells Mia about how his facility went to shit and how one of his inmates might have been possessed. A movie about a guy trying to run a haunted prison might have felt more original than this retread. Maybe they can explore that idea in the sequel. At least it’s a new one.",1758645352.0,0.92,1467,0,Review,ChiefLeef22,451,False,0,False,text
movies,1nojb6r,Stavros Halkias Goes to Hollywood,2026,https://reddit.com/r/movies/comments/1nojb6r/stavros_halkias_goes_to_hollywood/,https://www.baltimoremagazine.com/section/artsentertainment/stavros-halkias-comedian-actor-podcaster-profile-greektown-baltimore-native-rise-to-fame/,,1758638672.0,0.89,2026,0,News,aresef,361,False,0,False,text
movies,1nonai8,Randy Savage Biopic From Producer Kenan Thompson In Development,1160,https://reddit.com/r/movies/comments/1nonai8/randy_savage_biopic_from_producer_kenan_thompson/,https://deadline.com/2025/09/randy-savage-biopic-kenan-thompson-in-development-1236552908/,,1758647604.0,0.95,1160,0,Article,singleguy79,160,False,0,False,text
movies,1nolcqz,The Bride | Official Teaser,1135,https://reddit.com/r/movies/comments/1nolcqz/the_bride_official_teaser/,https://youtu.be/LJraZRHhFwQ?si=o53ZjY1uorlkd1Cg,,1758643285.0,0.93,1135,0,Trailer,SpeedForce2022,187,False,0,False,text
movies,1nonms2,"As ‘Weapons’ Witchy Villain Amy Madigan Sparks Oscar Chatter, Zach Cregger Confirms Prequel Idea",866,https://reddit.com/r/movies/comments/1nonms2/as_weapons_witchy_villain_amy_madigan_sparks/,https://www.indiewire.com/news/general-news/weapons-amy-madigan-oscar-chatter-prequel-aunt-gladys-1235152566/,,1758648383.0,0.87,866,0,Discussion,indiewire,162,False,0,False,text
movies,1npbim7,"Hi /r/movies! We're filmmaking duo, Adam Lee (DP) and Kelsey Taylor (director), and we're distributing our first feature, TO KILL A WOLF, a dark reimagining of Little Red Riding Hood. We've worked on ten plus features together as a couple and are best known for our short, ALIEN: SPECIMEN.",20,https://reddit.com/r/movies/comments/1npbim7/hi_rmovies_were_filmmaking_duo_adam_lee_dp_and/,https://i.redd.it/qvh4wpdm04rf1.png,"Hi r/movies! We're filmmaking duo, Adam Lee (DP) and Kelsey Taylor (director), and we're distributing our first feature, TO KILL A WOLF, a dark reimagining of Little Red Riding Hood. We've worked on ten plus features together as a couple and are best known for our short, ALIEN: SPECIMEN.

Information about the film(s) and ourselves:

>In a modern re-imagining of Little Red Riding Hood, a social pariah discovers a teenage runaway in the Oregon wilderness and does his best to help her find a way home - a troubling exploration of trauma and redemption.

**Trailer:**

[https://www.youtube.com/watch?v=pfxWGxCFvF4](https://www.youtube.com/watch?v=pfxWGxCFvF4)

It stars Maddison Brown and Ivan Martin.

Currently at 100% on Rotten Tomatoes with 26 reviews! - [https://www.rottentomatoes.com/m/to\_kill\_a\_wolf](https://www.rottentomatoes.com/m/to_kill_a_wolf)

We've also worked together to make ALIEN: SPECIMEN, which I (Kelsey) directed and Adam shot.

Here's our short film, ALIEN: SPECIMEN:

[https://www.youtube.com/watch?v=dYAHOZ\_91A0](https://www.youtube.com/watch?v=dYAHOZ_91A0)

>During the night shift in a colony greenhouse, a botanist does her best to contain suspicious soil samples that have alarmed her sensitive lab dog.

Ask us anything! We'll be back tomorrow Thursday 9/25 to answer any questions!",1758718885.0,0.78,20,0,AMA,ToKillAWolfAMA,12,True,1,False,image
movies,1np2k1l,'Alien: Specimen' - Short Film from 2019 - 'Alien' Official Anthology - Director Kelsey Taylor & DP Adam Lee will be joining us here on /r/movies for on an AMA/Q&A this Thursday 9/25 at 3 PM ET.,109,https://reddit.com/r/movies/comments/1np2k1l/alien_specimen_short_film_from_2019_alien/,https://www.youtube.com/watch?v=dYAHOZ_91A0,,1758686828.0,0.82,109,0,Media,BunyipPouch,13,False,0,False,text
movies,1npgem9,The Last Film Critic: Chicago and the Slow Death of the Professional Movie Review,10,https://reddit.com/r/movies/comments/1npgem9/the_last_film_critic_chicago_and_the_slow_death/,https://www.pastemagazine.com/movies/film-criticism/the-last-film-critic-chicago-tribune-michael-phillips-newspapers-film-criticism-dying,,1758730390.0,0.73,10,0,Article,johntentaquake,1,False,0,False,text
movies,1npdaz2,"Ethan Hawke’s 10 Best Performances, Ranked",15,https://reddit.com/r/movies/comments/1npdaz2/ethan_hawkes_10_best_performances_ranked/,https://www.indiewire.com/lists/best-ethan-hawke-movies/,,1758723316.0,0.67,15,0,Discussion,indiewire,18,False,0,False,text
movies,1nolcia,Official Posters for Maggie Gyllenhaal's 'The Bride!' Starring Jessie Buckley and Christian Bale,879,https://reddit.com/r/movies/comments/1nolcia/official_posters_for_maggie_gyllenhaals_the_bride/,https://i.redd.it/xscytscctxqf1.jpeg,,1758643270.0,0.94,879,0,Poster,MarvelsGrantMan136,36,True,1,False,image
movies,1nopjd9,'Battle Royale' - Official Trailer for the 4K Restoration & 25th Anniversary Theatrical Re-Release,507,https://reddit.com/r/movies/comments/1nopjd9/battle_royale_official_trailer_for_the_4k/,https://youtu.be/s4AFmGjndAA,,1758652688.0,0.91,507,0,Trailer,BunyipPouch,58,False,0,False,text
movies,1nocb1w,Disney secures $2.2 billion in UK subsidies as Hollywood production declines,2876,https://reddit.com/r/movies/comments/1nocb1w/disney_secures_22_billion_in_uk_subsidies_as/,https://www.financialexpress.com/business/brandwagon-disney-secures-2-2-billion-in-uk-subsidies-as-hollywood-production-declines-3981775/,,1758617906.0,0.93,2876,0,News,AnonymousTimewaster,211,False,0,False,text
movies,1np15is,What is your ‘indulgent’ movie - that you spoil yourself with when you need it?  Mine is ‘The Ninth Gate.’,102,https://reddit.com/r/movies/comments/1np15is/what_is_your_indulgent_movie_that_you_spoil/,https://www.reddit.com/r/movies/comments/1np15is/what_is_your_indulgent_movie_that_you_spoil/,"Something about the smoke filled european hard liquor vibe is necessary for me occasionally.  About every three years I find my way back to this one movie. 

It’s quirky and mysterious with an entertaining milieu of travel destinations. 

I avoid dwelling on the questionable pedigree of the director- perhaps just because I need the vibe for some reason. 

Am I the only one with a recurring indulgence?",1758682453.0,0.83,102,0,Question,GraysonFerrante,146,False,0,False,text
movies,1nojrx9,Official Poster for 'V/H/S/Halloween',814,https://reddit.com/r/movies/comments/1nojrx9/official_poster_for_vhshalloween/,https://i.redd.it/0ctouz8rixqf1.jpeg,,1758639732.0,0.93,814,0,Poster,MarvelsGrantMan136,71,True,1,False,image
movies,1nov1xp,After Godzilla Minus One I Watched 82 Kaiju Films in Six Months,189,https://reddit.com/r/movies/comments/1nov1xp/after_godzilla_minus_one_i_watched_82_kaiju_films/,https://www.reddit.com/r/movies/comments/1nov1xp/after_godzilla_minus_one_i_watched_82_kaiju_films/,"(Note: I wrote these notes for /godzilla, but thought I'd see if it could be a conversation starter here.)  
  
This March, I finally saw Godzilla Minus One.

I’d been meaning to for a year, after catching a clip of the boat chase. Having only seen Godzilla ’98 prior, Minus One hooked me on the franchise.

I’d heard it was a prequel to the ’54 original. (Turns out, not quite.) But that led me to Criterion’s 4K release. Drawn in, I proceeded with the Showa era set and followed through with the rest of the Godzilla canon. Still curious, I watched every other major kaiju film, including proto-kaiju and kaiju-adjacent entries.

These are my notes on that journey, including my tier rankings. If I seem contrarian, just know I was totally ignorant of consensus. And if this all seems like self-indulgent bullshit, hey, don't read it, whatever.

All in all, I loved this experience and will be a Godzilla fan for life.

**The Terror of Western Godzilla: 2014 vs. Minus One**

One thing I learned watching 130-some hours of kaiju:

In a character-driven story, the central conflict needs resonate within the protagonist. Otherwise, it’s just stuff happening.

To say it another way: in order to transcend being just an FX monster that smashes fake buildings, Godzilla must mean something to our leads.

That’s why I opted to include *The Host* in my rankings despite it not being strictly a kaiju film. In addition to being a noted influence on *Godzilla Minus One*, it exemplifies a character-driven monster story. Our leads have clear stakes tied to the monster. The unfolding conflict illuminates our leads to us and their relationships with one another. Because the plot and emotional context move as one, the action’s climax is received and felt on an emotional level.

This kind of thematic monster story is something Steven Spielberg (a student of Japanese cinema) does very well. Consider *Jurassic Park*. Alan Grant doesn’t just save a couple kids. Instead, he overcomes his aversion to kids, discovers something noble in himself, and leaves the island greater than he arrived. *Godzilla Minus One* operates in that same tradition.

When Godzilla lands at Ginza, Koichi is forced to confront the same monster that caused him to choke in fear years earlier. His desperation to save Noriko shows his transformation into someone ready to act despite mortal terror, specifically for his chosen family. After Noriko is swept away, the loss compounds his guilt and drives his determination in the final confrontation with Godzilla. What's more, we're left to wonder if he'll choose to live despite this grief.

Contrast this with the sequence from *Godzilla 2014,* in which Ford Brody (woof) saves the abandoned boy on the train. There, the situation resolves with Brody totally unaffected. Despite opportunities around his mother's death, his estranged father, or his own family, the film never invests in emotional stakes. Even when Ford's military expertise becomes useful, it's devoid of emotional weight. After Act I, our lead's story doesn't intersect meaningfully with the monster conflict. The result is a face-melting CG climax in the service of nothing.

This refusal to engage us plagues Legendary’s MonsterVerse. Their next Godzilla film swings so hard in the opposite direction its theme becomes unrelatable. *King of the Monsters’* eco-terrorist question of erasing humanity to save the planet gestures at a philosophical dilemma, but it never roots the question in relatable human experience.

Japanese kaiju explores themes of real, shared cultural anxieties like nuclear trauma, the shame of occupation, chemical pollution, or the pitfalls of bureaucracy. If western kaiju can muster a theme at all, it hides behind banal, supervillain, blockbuster tropes.

I know that films don't all need to be Spielbergian monster-as-daddy stories. *Shin Godzilla* succeeds by taking a different approach (exploring the response of human systems). *Destroy All Monsters* succeeds as campy fun. And hey, it’s great! I love the Showa era. But if a storyteller wants me to relate emotionally to its characters, all the Dolby Vision and Atmos in the world won’t substitute for a resonant theme and relatable stakes.

That’s why *Minus One* lured me into the genre and why it deserves the acclaim. It proves stories are still powerful and that the fundamentals still matter.

Having said all that, I also enjoy ridiculous Tokusatsu suitmation adventures! Which leads me to…

**Horror of the Zeitgeist: Tokusatsu vs. CG**

For most modern viewers, Tokusatsu films will bounce off their eyeballs as ludicrous and primitive relics from before CG. Nothing more than fodder for *Mystery Science Theater 3000*. But when I engaged with them on their own terms, something clicked. The magic isn’t in realism. It’s in craft and participation.

Some moments where my love of the genre took root:

·       Mothra’s twin larvae racing across the sea to blast Godzilla with silk

·       The gang curb-stomping Ghidorah in *Destroy All Monsters*

·       Hedorah sucking exhaust from a factory smokestack

·       Mechagodzilla soaring past Godzilla and peppering him with missiles

·       The epic finale of the original *Daimajin*

These scenes invite you to play along. As with pro wrestling, Tokusatsu runs on kayfabe. You know it’s a guy in a suit. You know the buildings are miniatures. But if you can engage with the illusion, the payoff can become real.

The Showa era feels magical to me because it wasn’t embarrassed to be Tokusatsu. The Heisei era, by contrast, seemed darker and more self-serious, as if trying to shed its own silly legacy. (I understand there were more complex cultural factors of the era I’m not an expert on.) The Millennium era felt even more detached, willing to sacrifice character legacy to chase contemporary tastes. Though Tokusatsu remained the medium, its tone wavered as the cultural zeitgeist shifted.

Toho’s reaction to *Godzilla ’98* seems a flashpoint. Maybe it was the redesign. Maybe the story. Maybe the box office. But I wonder if it wasn’t the CG. (After all, they parodied it in *Final Wars*, as if reclaiming the joke.)

Watching the films chronologically, I detected a shift once I crossed the CG threshold. My tolerance for weak stories and dull characters dropped. It seems when the suits and miniatures are gone, I stop playing along as willingly. I start asking what all this spectacle is in service of.

Maybe it's just the novelty of an antique era? Today, competent CG is now a baseline expectation. Suitmation never was. Its novelty is inexhaustible, as is its humanity. You can feel the fingerprints on every frame. (To be fair though, I’m not excited by lame Tokusatsu either.)

In the end, I guess what makes a film prescient is how it arrives in the zeitgeist of its era. And not just in its FX. Some of the Godzilla Tokusatsu films are exemplars of their era. The MonsterVerse CG films just aren’t.

In 2024, *Godzilla Minus One* earned Toho the Academy Award for Best Visual Effects, signaling they’re once again operating at the forefront of the technical zeitgeist. The Tokusatsu-inspired CG of that film feels like the culmination of a tradition stretching back to Honda and Tsuburaya. I'm sure it felt like quite the achievement for the studio, and proves that Tokusatsu was always an important language in the evolution of filmmaking.

**Me vs. Consensus**

After ranking the Godzilla canon, I compared my list to others. It was interesting to note the discrepancies.

**Things I didn’t enjoy as much as consensus:**

* **GMK** – The characterizations felt off. Why use Mothra if it’s not fully Mothra? Why use Ghidorah if it’s not really Ghidorah? They felt more like arbitrary selections than intentional deconstructions.
* **Godzilla vs. Destoroyah** – I just couldn’t get wrapped up in it. It felt like an event that I wasn't in on. Will revisit someday.
* **Aliens and Ghidorah** – I don’t prefer the alien stories. They just felt like ways to get Ghidorah on the screen. On that note, Ghidorah doesn’t feel grounded or well-conceived to me. For contrast, Hedorah has a thematic design that suits its backstory. A species arrived by comet and evolved in chemical pollutants? I get it. But a bulbous three-headed dragon from space just wasn’t for me.
* **Heisei Gamera** – Oversold to me in advance. While impressive for its era and clearly an FX revolution, the attempt to bring weight to the character struck me as flat and joyless overall. The second film made me wonder if I’d just seen too many kaiju military efforts by that point.

**Some things I enjoyed more than consensus:**

* **Gamera the Brave** – I was expecting it to be bad, but as a family film, it worked and had a satisfying conclusion. Probably the best kids/family kaiju movie I watched.
* **Godzilla vs. Hedorah** – I grew up on *Mad Magazine*, pot, and the Beatles, so this was a big hit for me. I plan to watch it again as soon as possible.
* **Son of Godzilla** – The campy monster story contrasted well with the survivalist human drama. The other island monsters were great. It felt well-conceived all around, despite some goofy design.
* **Ebirah, Horror of the Deep** – I liked the setup of the guys stowing away with the criminal. Their infiltration scheme was decent. They all had something to contribute. The water fights were cool. He rips the guy’s claw off and waves it at him. Come on.
* **The War of the Gargantuas** – This stands out as the most MST3K-worthy film of them all. It’s a blast to watch with others because it’s exceedingly campy and ridiculous. “Frankenstein’s ghost has apparently been eating some people.” Okay then. (Bonus: It stars Dr. Jacoby for you Twin Peaks fans.)

**Extra Gushing**

* **Rodan** – The standalone *Rodan* film is great. Awesome to see a color Showa film that retains a horror tone. Well-paced. The aerial stuff is great and unique. The ants were bad, but *Rodan* remains one of the best Showa kaiju films.
* **Mothra and the Shobijin/Cosmos** – I adore Mothra. The mythos, design, and character are spectacular. The Peanuts are icons. Love the musical summoning component.
* **The Kiryu Saga** – I appreciated the quality of these two films. They weren’t outrageous and didn’t swing as hard as other entries, but were well done, compelling, and had satisfying action.
* **Akira Ifukube** – Some of this music is incredible. The opening title theme of *Rodan* is otherworldly. Big fan.

**Origin Stories**

In conclusion: a kaiju film is like a kaiju itself.

The best ones have profound origins, born from fear, satire, grief, or joy. They’re distinct in design, combining familiar elements into something bold and unforgettable. They have a silhouette that reads like a signature.

Each succeeds or fails on the strength of its own identity. Some are nightmares, manifesting our collective anxieties. Some reflect our notions of heroism. Some make us cheer. Some make us laugh. And some are lovably ridiculous without apology.

Of course, some are forgettable. Some are manufactured. And some are abominations we should stuff into the core of the planet.

But the fact that kaiju films can succeed across such a diversity of approaches suggests there are still frontiers left to raid. My hope for the genre’s future is to see giant monsters storm them all.

**My Rankings**

Note: I haven't revisited or scrutinized my comments here, so I preemptively disown them.

**S-Tier (Ranked)**

1. **Godzilla Minus One** (2023, *Toho*) – The total package.
2. **Shin Godzilla** (2016, *Toho*) – The coolest entry. Outstanding opening Act I.
3. **King Kong** (1933, *RKO*) – A work of vision with incredible animation that creates a legend from thin air.
4. **Godzilla** (1954, *Toho*) – Vision and theme elevate B-movie subject to sublime effect. A genre is born.
5. **The Host** (2006, *Chungeorahm*) – Not totally kaiju, but an outstanding monster film that modernizes the genre and influences kaiju to come.

**A-Tier (Ranked)**

1. **Godzilla vs. Hedorah** (1971, *Toho*) – Godzilla's hippie freakout is a blast. Well-developed challenger in Hedorah.
2. **Godzilla: Tokyo S.O.S.** (2003, *Toho*) – Satisfying and just highly competent, balances spectacle with story investment.
3. **Mothra vs. Godzilla** (1964, *Toho*) – The first time the vs. formula really works. Match made in Heaven.
4. **Rodan** (1956, *Toho*) – Kaiju still operating as horror. Transcends the era.
5. **Godzilla vs. Mothra** (1992, *Toho*) – A return to form that still works.

**B-Tier (Ranked)**

1. **Godzilla vs. Biollante** (1989, *Toho*) – Singular mood among the films, with intriguing threat and great human characters.
2. **Godzilla Against Mechagodzilla** (2002, *Toho*) – More effective and sincere than others in goofy Millennium era.
3. **Destroy All Monsters** (1968, *Toho*) – Silly? Yes. Fun? Definitely. Great action sequences. Great kaiju selection.
4. **The Beast from 20,000 Fathoms** (1953, *Warner*) – Proto Godzilla shines in stunning city destruction with great animation.
5. **Godzilla vs. Megaguirus** (2000, *Toho*) – A romp that has fun with itself in Godzilla's awkward era.
6. **Son of Godzilla** (1967, *Toho*) – Compelling kaiju action despite the goofy little guy with decent human storyline.
7. **Ebirah, Horror of the Deep** (1966, *Toho*) – One of the best human character ensembles and story with good action sequences.
8. **Mothra** (1961, *Toho*) – Feels classic and essential immediately and doesn't disappoint.
9. **Godzilla vs. Mechagodzilla** (1974, *Toho*) – The Showa era tries for a more mature sci-fi story after too much kid crap. Mechagodzilla rules.

**C-Tier (Ranked)**

1. **Godzilla vs. Megalon** (1973, *Toho*) – Jet frickin' Jaguar. It's a fun one and the best example of Godzilla as camp.
2. **King Kong** (2005, *Universal*) – Jackson's competent if bloated Kong is fine.
3. **Daimajin** (1966, *Daiei*) – Incredible final ten minutes. Slow and dull buildup.
4. **Godzilla vs. Mechagodzilla II** (1993, *Toho*) – A cool entry for Mechagodzilla with status quo human drama.
5. **Gamera the Brave** (2006, *Kadokawa*) – Better-than-expected family film with a great third act.
6. **Gamera: Guardian of the Universe** (1995, *Daiei*) – Overrated, dry, and too serious, but outstanding effects.
7. **The Return of Godzilla** (1984, *Toho*) – Self-conscious reboot, not as much fun as it should've been.
8. **Them!** (1954, *Warner*) – Stylish and cool for its day. Drags in the second half.
9. **Godzilla vs. Destoroyah** (1995, *Toho*) – Grim spectacle and not much fun. Finale didn't seem to earn impact. Confusing opening. 1954 tie-ins interesting.
10. **Gamera vs. Barugon** (1966, *Daiei*) – The most entertaining Showa era Gamera, but this schtick won't hold.
11. **Ghidorah, the Three-Headed Monster** (1964, *Toho*) – Hokey alien storyline with a repeat climax from *Mothra vs. Godzilla*.
12. **Gamera 3: Revenge of Iris** (1999, *Daiei*) – Another dour Gamera entry that begs you to believe.
13. **The War of the Gargantuas** (1966, *Toho*) – Bad overall, but the most fun flick in its tier. Good for viewing with friends.
14. **Shin Ultraman** (2022, *Toho/Khara*) – Great to look at. Fun at first. Storyline wears.
15. **Pacific Rim** (2013, *Legendary*) – Mech action film using kaiju. Bogged down by its own lore. Wanted to love it, but was exhausted by it.
16. **Godzilla Raids Again** (1955, *Toho*) – Over-hated Godzilla sequel with some fun human performances.
17. **Frankenstein vs. Baragon** (1965, *Toho*) – All kaiju movies should aspire to be this strange.
18. **Terror of Mechagodzilla** (1975, *Toho*) – Decent, but the human storyline feels reheated and overwrought.
19. **Gamera the Giant Monster** (1965, *Daiei*) – Competent but unnecessary Godzilla knock-off. Fun novelty.
20. **Gamera 2: Attack of Legion** (1996, *Daiei*) – Middle part of trilogy does nothing to build to its finale. Dull military procedural. Great effects.
21. **King Kong vs. Godzilla** (1962, *Toho*) – Notable for introducing the vs. format, but the action is half-assed and Kong looks terrible.
22. **GMK: Giant Monsters All-Out Attack** (2001, *Toho*) – Treats kaiju as a grab-bag of toys with revisionist lore. Horror tone is unique. Felt more arbitrary than deconstructed.

**D-Tier (Chronological)**

* **Invasion of Astro-Monster** (1965, *Toho*) – Goofy space story with dumb dancing.
* **Gappa** (1967, *Nikkatsu*) – More charm than a lot of these one-off knock-offs, with charismatic actors. Ultimately generic.
* **Gamera vs. Gyaos** (1967, *Daiei*) – Gamera really wearing out his welcome here with this dull challenger.
* **Godzilla vs. Gigan** (1972, *Toho*) – Goofy action, muddled human drama, weird buddy vibes.
* **Godzilla vs. King Ghidorah** (1991, *Toho*) – Incoherent plot drags out overrated nemesis for a weirdly self-conscious Heisei entry.
* **Godzilla vs. SpaceGodzilla** (1994, *Toho*) – Tedious Miki melodrama. Worst action of the Heisei era?
* **Rebirth of Mothra** (1996, *Toho*) – An attempt at a family film that has some cute moments, but feels unnecessary.
* **GODZILLA** (1998, *TriStar*) – Notoriously bad, yet still gives its characters more weight than the horrible *Godzilla '14*.
* **Cloverfield** (2008, *Paramount*) – Feels like a student film. Can't maintain the found footage aesthetic.
* **GODZILLA: Planet of Monsters** (2017, *Toho*) – Barely a Godzilla/kaiju product. At least trying something.

**F-Tier (Chronological)**

* **Son of Kong** (1933, *RKO*) – WTF is this?
* **The Mysterians** (1957, *Toho*) – Kaiju sounds like an alarm clock.
* **Varan the Unbelievable** (1958, *Toho*) – Half-assed compared to other Toho. Incoherent action sequences.
* **The Giant Behemoth** (1959, *Artistes*) – Dull.
* **Gorgo** (1961, *King Brothers*) – British nautical knock-off of *Godzilla* by way of *King Kong*.
* **Atragon** (1963, *Toho*) – Novel as a Toho film of its era but dull and barely kaiju.
* **Return of Daimajin** (1966, *Daiei*) – Boring repeat.
* **Wrath of Daimajin** (1966, *Daiei*) – Another boring repeat.
* **The X from Outer Space** (1967, *Shochiku*) – Unremarkable.
* **King Kong Escapes** (1967, *Toho*) – Janky 60s Kong fails. Stupid plot. Looks awful.
* **Gamera vs. Viras** (1968, *Daiei*) – Schlock.
* **All Monsters Attack** (1969, *Toho*) – Stock footage clip show with dopey bullying message.
* **Gamera vs. Guiron** (1969, *Daiei*) – Crap.
* **Space Amoeba** (1970, *Toho*) – Low-mid Toho with no inspiration. Had no patience for this.
* **Gamera vs. Jiger** (1970, *Daiei*) – Bullshit.
* **Gamera vs. Zigra** (1971, *Daiei*) – No.
* **King Kong** (1976, *DEG/Paramount*) – The Dude is not enough to save this weak, dated impression of a timeless classic.
* **The Mighty Peking Man** (1977, *Shaw Bros*) – Almost fun.
* **Gamera: Super Monster** (1980, *Daiei*) – Fart sound.
* **King Kong Lives** (1986, *DEG*) – Torture.
* **Rebirth of Mothra II** (1997, *Toho*) – My eyes crossed trying to stay focused on this.
* **Rebirth of Mothra III** (1998, *Toho*) – Just let it end.
* **Godzilla 2000: Millennium** (1999, *Toho*) – Okay concept, dull execution. Yawn.
* **Godzilla: Final Wars** (2004, *Toho*) – Put down the *Animatrix* and step away from the Godzilla. A tacky nightmare.
* **Godzilla (2014)** (*Legendary*) – Inexcusable to not thematically tie the lead to the monster. Cynical, vacuous flop.
* **Kong: Skull Island** (2017, *Legendary*) – Did someone make this movie at gunpoint? Hollow and dull with trite, forced nostalgia.
* **GODZILLA: City on the Edge of Battle** (2018, *Toho*) – Melodramatic, dull, and not kaiju.
* **GODZILLA: The Planet Eater** (2018, *Toho*) – Let it end, dear god.
* **Godzilla: King of the Monsters** (2019, *Legendary*) – Big budget slop doesn't respect these characters or this genre at all.
* **Godzilla vs. Kong** (2021, *Legendary*) – No heart and no competent storytelling. What am I supposed to be engaged by here?
* **Godzilla x Kong: The New Empire** (2024, *Legendary*) – Embarrassing.",1758665492.0,0.78,189,0,Discussion,Matterell,84,False,0,False,text
movies,1nom67c,Mark Ronson to Score Greta Gerwig’s ‘Narnia’ Adaptation for Netflix,511,https://reddit.com/r/movies/comments/1nom67c/mark_ronson_to_score_greta_gerwigs_narnia/,https://variety.com/2025/film/news/mark-ronson-score-greta-gerwig-narnia-adaptation-netflix-1236527157/,,1758645104.0,0.89,511,0,News,NoCulture3505,48,False,0,False,text
movies,1npjnbx,What is your favorite motivational film?,4,https://reddit.com/r/movies/comments/1npjnbx/what_is_your_favorite_motivational_film/,https://www.reddit.com/r/movies/comments/1npjnbx/what_is_your_favorite_motivational_film/,"I’m thinking about movies that make you want to run through a wall and become an excellent version of yourself. I was inspired to make this post by that scene from Moneyball (2011) that just hit the front page, “this is what losing sounds like” 🥶

Great scene. Miracle (2004) is another good one. I’m sure there are tons of non-sports movies I’m not thinking of.",1758737778.0,0.83,4,0,Discussion,-lazybones-,11,False,0,False,text
movies,1nphzq9,Stephen King Novella ‘Rat’ Getting Movie Adaptation From ‘The Witch’ & ‘The Lighthouse’ Producer & Mexican Director Isaac Ezban,4,https://reddit.com/r/movies/comments/1nphzq9/stephen_king_novella_rat_getting_movie_adaptation/,https://deadline.com/2025/09/stephen-king-rat-movie-adaptation-witch-lighthouse-producer-1236554470/,,1758733976.0,0.59,4,0,News,Task_Force-191,5,False,0,False,text
movies,1nodm9v,Official Poster for ‘Death Stranding Mosquito’,1117,https://reddit.com/r/movies/comments/1nodm9v/official_poster_for_death_stranding_mosquito/,https://i.redd.it/17jeq4ar4wqf1.jpeg,,1758622890.0,0.91,1117,0,Poster,MarvelsGrantMan136,87,True,1,False,image
movies,1nocagg,"A24’s 'Death Stranding' Film, Directed by Michael Sarnoski, Is Not a Direct Adaptation And Will Tell An Original Story Set in the Game's Universe",974,https://reddit.com/r/movies/comments/1nocagg/a24s_death_stranding_film_directed_by_michael/,https://insider-gaming.com/death-stranding-film-a24-original-story/,,1758617838.0,0.93,974,0,News,ChiefLeef22,79,False,0,False,text
movies,1nonfk2,‘R.L. Stine’s 'Pumpkinhead’ Movie Lands October Release on Tubi,193,https://reddit.com/r/movies/comments/1nonfk2/rl_stines_pumpkinhead_movie_lands_october_release/,https://www.hollywoodreporter.com/movies/movie-news/r-l-stines-pumpkinhead-release-tubi-1236377705/,,1758647926.0,0.89,193,0,News,BunyipPouch,24,False,0,False,text
movies,1npjkpb,"2025 - 2026 Film Awards Calendar: Oscars, Golden Globes, SAG, and More",2,https://reddit.com/r/movies/comments/1npjkpb/2025_2026_film_awards_calendar_oscars_golden/,https://www.indiewire.com/awards/industry/2025-2026-awards-calendar-film-oscars-1235152466/,,1758737610.0,1.0,2,0,Discussion,indiewire,0,False,0,False,text
movies,1npbou6,What Are Some Lost Films You’d Love To See And Why?,5,https://reddit.com/r/movies/comments/1npbou6/what_are_some_lost_films_youd_love_to_see_and_why/,https://www.reddit.com/r/movies/comments/1npbou6/what_are_some_lost_films_youd_love_to_see_and_why/,"It’s such a shame that so many Silent Films from The 1900s, 1910s, 1920s, and The 1930s are lost. I hope that in my lifetime all of these Slient Films will be found. I really would love to see some early films of Clara Bow, Louise Brooks, Greta Garbo, and Myrna Loy. I really hope that I will be able to see some of these movies in my lifetime. Who are some of your favorite Actresses and Actors from The Slient Films/Movie Era?",1758719320.0,0.65,5,0,Discussion,PrincessBananas85,28,False,0,False,text
movies,1np44yt,Has anyone seen the movie Circle (2015) on Netflix?,20,https://reddit.com/r/movies/comments/1np44yt/has_anyone_seen_the_movie_circle_2015_on_netflix/,https://www.reddit.com/r/movies/comments/1np44yt/has_anyone_seen_the_movie_circle_2015_on_netflix/,"HUGE fan of this random-ass film - the concept is highly intriguing and I want to find more stuff like this. 50 people wake up in a strange, dark room (I won’t reveal what or where the room is), and discover that every few minutes they have to vote anonymously to eliminate one person in the group. The cast of characters is diverse in that it includes almost every stereotype (in a good way) - you have a wealthy conservative businessman, an ex con, a pregnant lady, an immigrant, a military grunt, a crafty tech millennial, etc etc etc. It comes across as a contrived social experiment, but they’re voting people to their immediate death so the stakes are pretty damn high. It’s interesting to see all of the different archetypes of people interact/state their case(s)/align with other archetypal characters. 

It’s a simple plot but it’s damn intriguing to me for some reason. I love elimination shows like survivor so maybe that factors in, but either way: I highly recommend this quick watch (it’s MAYBE an hour 20 - similar in length—and tone—to a Black Mirror episode). Especially if you like to see a group of people narrow down until there’s one left. It’s very well-written in my opinion. The direction is what it is - you can’t ask for incredible camera angles or shots in a one-room psychological thriller

I weirdly love this movie and have seen it/“shown it to people” like 5 times. First saw it when I was a young teenager; within the first 5 minutes I was hooked. But I also have an affinity for these “one room” psychological thrillers (they’re rare, unfortunately, and typically poorly reviewed, to my astonishment - “Exam” is another that falls in this genre). 

Have you seen it? If so, do you have any similar recs? What did you think of this film?  WHICH “PLAYER” DID YOU FAVOR, IF ANY? I’m truly interested to hear from folks who saw this.",1758692341.0,0.6,20,0,Question,ballknower4,63,False,0,False,text
movies,1npgl5e,The Old Man & the Gun (2018) - Prison Escape Montage,2,https://reddit.com/r/movies/comments/1npgl5e/the_old_man_the_gun_2018_prison_escape_montage/,https://www.youtube.com/watch?v=HVmjkHIwksk,,1758730795.0,0.55,2,0,Media,GeronimoRay,6,False,0,False,text
movies,1no2dfs,"Ron Friedman, ‘Transformers: The Movie’ Writer, Dies At 93",3406,https://reddit.com/r/movies/comments/1no2dfs/ron_friedman_transformers_the_movie_writer_dies/,https://variety.com/2025/tv/news/ronald-i-friedman-transformers-writer-dead-gi-joe-1236526596/,,1758584886.0,0.95,3406,0,News,MarvelsGrantMan136,223,False,0,False,text
movies,1nnypmq,Zach Cregger says the 'Weapons' prequel is real and he is in talks with Warner Bros. with a story ready,5796,https://reddit.com/r/movies/comments/1nnypmq/zach_cregger_says_the_weapons_prequel_is_real_and/,https://www.fangoria.com/weapons-streaming-release-zach-cregger-interview/,,1758575414.0,0.93,5796,0,News,ChiefLeef22,635,False,0,False,text
movies,1nohooc,Read 25 pages from David Zucker's unmade Naked Gun script!,212,https://reddit.com/r/movies/comments/1nohooc/read_25_pages_from_david_zuckers_unmade_naked_gun/,https://www.officialstuntlist.com/nakedgun,"With writer/director David Zucker's upcoming AMA, enjoy 25 pages of excerpts from his unmade Naked Gun script, co-written with Pat Proft and Michael McManus:

[READ THE SCRIPT PAGES HERE](https://www.officialstuntlist.com/nakedgun)

The script had two different drafts and titles:

THE NAKED GUN 44 1/4: NORDBERG DID IT and NAKED IMPOSSIBLE!

Which title do you prefer? Do you have a favorite scene from the excerpts? Zucker has mentioned wanting to cast Andy Samberg as Frank Drebin Jr.  Who would you like to have seen cast as Aubrey?

Make sure to stop by David's AMA (Friday 9/26/25, thread opens at 9:00EST and he will return at 3:00EST to answer) and ask questions about these script pages, his MasterCrash class, his book, the upcoming Airplane screenings, and his films: The Naked Gun original trilogy, Airplane, Top Secret, BASEketball, High School High, Scary Movie 3 and 4, and Kentucky Fried Movie. This is going to be SERIOUS!",1758634797.0,0.84,212,0,Discussion,ericmoyer,31,False,0,False,text
movies,1npjyjm,"Javier Bardem and Mark Ruffalo Board Jordanian Oscar Entry ‘All That’s Left of You’ as Executive Producers, First Trailer Debuts",0,https://reddit.com/r/movies/comments/1npjyjm/javier_bardem_and_mark_ruffalo_board_jordanian/,https://variety.com/2025/film/news/javier-bardem-mark-ruffalo-all-thats-left-of-you-oscars-1236527539/,,1758738484.0,0.5,0,0,News,KillerCroc1234567,0,False,0,False,text
movies,1np0fhx,In need of a great movie recommendation!,20,https://reddit.com/r/movies/comments/1np0fhx/in_need_of_a_great_movie_recommendation/,https://www.reddit.com/r/movies/comments/1np0fhx/in_need_of_a_great_movie_recommendation/,"I have every streaming service available, feels like I haven’t seen a great movie in a long time. My fiancée and I love true crime, thriller, comedy, nothing boring, any great recommendations across any platforms? Need a new movie of recent years, I’ve seen all of the best of the best I’m not looking for that I need sleeper recommendations please!",1758680309.0,0.65,20,0,Discussion,JTthebutcher,127,False,0,False,text
movies,1npj3uy,Neil Jordan - Interview with the Vampire AMA at v/VampireChronicles on Friday,1,https://reddit.com/r/movies/comments/1npj3uy/neil_jordan_interview_with_the_vampire_ama_at/,https://www.reddit.com/r/movies/comments/1npj3uy/neil_jordan_interview_with_the_vampire_ama_at/,"Shared with permission from the (lovely) r/movies mods:

Neil Jordan will answer questions about *Interview with the Vampire* (1994) at **r/VampireChronicles**, on Friday, 26th September at 7pm UTC:

https://www.reddit.com/r/VampireChronicles/s/MlQTBHEecQ

Please join us live, or submit questions on the AMA thread.

Thank you! VC Mods.",1758736552.0,0.57,1,0,Announcement,vermouth-anhialation,8,False,0,False,text
movies,1nonqzk,‘Long Walk' Co-Stars David Jonsson And Cooper Hoffman Eye Reunion On 'The Chaperones' From A24. Plan B And Icki Eneo Arlo,88,https://reddit.com/r/movies/comments/1nonqzk/long_walk_costars_david_jonsson_and_cooper/,https://deadline.com/2025/09/long-walk-david-jonsson-cooper-hoffman-the-chaperones-1236552986/,,1758648651.0,0.86,88,0,Not Confirmed,KillerCroc1234567,8,False,0,False,text
movies,1nphv5m,Freaky Tales (2024) -- am I overthinking this?,1,https://reddit.com/r/movies/comments/1nphv5m/freaky_tales_2024_am_i_overthinking_this/,https://www.reddit.com/r/movies/comments/1nphv5m/freaky_tales_2024_am_i_overthinking_this/,"This post discusses the plot of the film, so I guess I'll spoiler-tag the entire thing.

Consider the following:

* >!Psytopics is initially presented as something ridiculous, and Sleepy Floyd (Jay Ellis) is shown making pretty ridiculous commercials for it.  We're apparently meant to think of this as something like Scientology, at least initially.!<
* >!Going into the third act, we're told by the narrator that the sequence of events is still debated, but this is how he heard things.!<
* >!Before Sleepy Floyd's killing spree, he goes to the dojo in his house and starts meditating.!<
* >!Later, during the spree, it flashes back to him meditating.!<
* >!Sleepy is not shown traveling to or from The Guy's house!<
* >!Nobody who survives the day actually sees Sleepy Floyd at The Guy (Ben Mendelsohn)'s house.  The only people who see anything are the surviving Nazi Skinheads, who, upon arriving at the house, see Clint (Pedro Pascal) leaving the house, carrying an axe, saying that The Guy messed with the wrong warrior.  (Of course, since it's said aloud, we can't see whether ""warrior"" was capitalized or not.)!<
* >!Clint is a trained and experienced killer; Sleepy is a professional athlete.!<
* >!Both Clint and Sleepy have lost their significant others that day as a result of the The Guy's actions.!<
* >!In the final infomerical for Psytopics, Sleepy specifically talks about defeating your enemies with your mind alone.!<

I take this to mean that:

* >!We are meant to interpret the killing spree, as shown, as being the result of Sleepy doing some sort of astral projection, where he physically remains in his dojo the entire time but his spirit goes through They Guy's base, killing everyone.!<
* >!This is the version of events that Sleepy actually believes to have happened.!<
* >!What *actually* happened is that Clint, a trained killer, killed everyone in the house and left with his newborn daughter.!<

I did not go back and rewatch the movie to double-check that all the evidence lines up, though.

I tried Googling this to see if anyone suggested it, but it looks like there's not a ton of discussion of this movie in general.",1758733686.0,0.56,1,0,Discussion,DanielMcLaury,3,False,0,False,text
movies,1nossnp,Looking for other slice of life films like Perfect Days,42,https://reddit.com/r/movies/comments/1nossnp/looking_for_other_slice_of_life_films_like/,https://www.reddit.com/r/movies/comments/1nossnp/looking_for_other_slice_of_life_films_like/,I've loved recent films like [Perfect Days](https://www.imdb.com/title/tt27503384/?ref_=fn_all_ttl_1) (Wim Wenders) and [Paterson](https://www.imdb.com/title/tt5247022/?ref_=nv_sr_srsg_0_tt_1_nm_7_in_0_q_Paterson) (Jim Jarmusch) and would love to find similar movies that are unhurried and content with the simple and the everyday (even better if they're relatively wholesome too),1758660118.0,0.86,42,0,Discussion,m_t_rv_s__n,36,False,0,False,text
movies,1noxn7s,'Insidious 6' Adds Laura Gordon From 'Late Night With the Devil',15,https://reddit.com/r/movies/comments/1noxn7s/insidious_6_adds_laura_gordon_from_late_night/,https://deadline.com/2025/09/insidious-6-laura-gordon-1236553779/,,1758672344.0,0.62,15,0,News,BunyipPouch,8,False,0,False,text
movies,1nnppat,New poster for Dwayne Johnson in ‘THE SMASHING MACHINE’,7238,https://reddit.com/r/movies/comments/1nnppat/new_poster_for_dwayne_johnson_in_the_smashing/,https://i.redd.it/wruq9oa9jqqf1.jpeg,,1758555129.0,0.87,7238,0,Poster,MoneyLibrarian9032,636,True,1,False,image
movies,1nokgpt,"Nicolas Cage, Matthew Goode, Ed Skrein, Alice Eve, Michael Sheen & Ben Kingsley Among Cast For Simon West WWII Espionage Pic ‘Fortitude’; Filming Underway",75,https://reddit.com/r/movies/comments/1nokgpt/nicolas_cage_matthew_goode_ed_skrein_alice_eve/,https://deadline.com/2025/09/nicolas-cage-matthew-goode-ed-skrein-alice-eve-fortitude-1236553184/,,1758641270.0,0.85,75,0,News,NoCulture3505,5,False,0,False,text
movies,1nnlu32,Official Poster for ‘The Mandalorian and Grogu’,15985,https://reddit.com/r/movies/comments/1nnlu32/official_poster_for_the_mandalorian_and_grogu/,https://i.redd.it/9mexnzjbspqf1.jpeg,,1758546067.0,0.82,15985,0,Poster,MarvelsGrantMan136,2103,True,1,False,image
movies,1nonj9b,"""I'm not a spy! I read books!"" ""Three Days of the Condor""",44,https://reddit.com/r/movies/comments/1nonj9b/im_not_a_spy_i_read_books_three_days_of_the_condor/,https://www.reddit.com/r/movies/comments/1nonj9b/im_not_a_spy_i_read_books_three_days_of_the_condor/,"""Three Days of the Condor"" is a 1975 thriller starring Robert Redford as a bookish CIA analyst who stumbles on a lethal conspiracy and has to run for his life while unraveling the mystery as he goes. I admired the movie and enjoyed watching it, but I was not engaged. 

Redford is cool and handsome. I loved the clothes and cars. The CIA gadgetry is delightfully retro high-tech (transistorpunk). Faye Dunaway is beautiful and warm as Redford's love interest; she effortlessly steals a scene at a New York deli. Max Von Sydow is delicious as a weirdly friendly assassin. The movie also features Cliff Robertson and John Houseman. 

It's a very good New York movie, showing off the gritty city in the 1970s. It's in a category of 1970s New York movies like ""The French Connection"" and early ""Annie Hall."" The movie takes place just before Christmas; director Sidney Pollack made an interesting, smart and realistic choice: There's no snow on the ground, which is often the case in New York over Christmastime. There's almost no discussion of Christmas. You hear some Christmas carols in ambient music and see some Christmas decorations in stores and that's it for the Christmas angle. It takes place over Christmas but it's not a Christmas movie. It's like ""Die Hard"" that way. 

The plot is complicated and confusing. Redford does thriller-movie shtick, using Dunaway as a go-between to deliver a menacing message, getting into brawls and gunfights, racing across town and hacking a phone switching office. He is infinitely resourceful and confounds experienced field agents,  explaining that he learned everything from books. In the end, of course, Redford figures everything out, but I don't know how, and I'm not 100% sure what he figured out. 

Although I enjoyed the movie, it didn't pull me in because it's been overtaken by headlines. The movie premise is that a hypercompetent conspiracy of government agents drives U.S. affairs. In reality today, the government is run by clowns. I wish ""Three Days of the Condor"" were an accurate depiction; instead, we're living in ""Idiocracy.""	

Redford's character's relationship with Dunaway's character is disturbing. She is a stranger whom he kidnaps at random so he can use her as cover to get out of Manhattan and hide out in her apartment. He holds her at gunpoint and ties her up in her own bathroom for hours while he goes out and does spy things. Nonetheless, she decides he's a nice guy and has sex with him. Sometimes I'm shocked by how rapey pop culture was in the 20th Century. 

Sloppy Internet research:

- Redford wears an excellent, preppy wardrobe. He wears a herringbone tweed jacket or a pea-jacket at different times in the movie, over a navy crew-neck sweater, chambray shirt and tie (the crew-neck sweater and tie are not, to be honest, a good look), flared jeans, and hiking boots. [Men's fashionistas have struggled for decades to find that exact tweed jacket.](https://www.ft.com/content/3c1aaf5b-5eb6-4e82-86f9-c114f3ad48c3). The look is iconic, like Steve McQueen's tweed jacket and roll-neck sweater in ""Bullitt,"" which set off a fashion trend for men when that movie was released.   
- The film has been received as a political statement or propaganda, but director Sidney Pollack says it's [just a thriller](https://en.wikipedia.org/wiki/Three_Days_of_the_Condor#Reception) — nothing more. It was released at about the same time as a scandal broke in the news about illegal CIA activities; Pollack says the movie was already well underway when the scandal hit, and he is frustrated by people who think he was sending a message. 
- At the beginning of the movie, Redford's character orders lunch for his office from a luncheonette, the [Lexington Candy Shop.](https://www.lexingtoncandyshop.com/) It was founded in 1925, is still in business, and [still looks the same](https://rolandopujol.substack.com/p/at-the-lexington-candy-shop-a-sweet). 
- [Faye Dunaway is still alive and seems to be still working.](https://en.wikipedia.org/wiki/Faye_Dunaway) I'm happy to see it. 

Cheap shots from Letterboxd:
- [""crying that the book was called six days of the condor--sydney pollack snorted a line and was like don't worry girls i can do it in three""](https://letterboxd.com/benmatthewempey/film/three-days-of-the-condor/)
- [""A movie about sinister forces at work in the CIA with big scenes set at the World Trade Center and in a Ford Bronco? It's like the nexus of all conspiracy theories!""](https://letterboxd.com/superpulse/film/three-days-of-the-condor/)
- [""Men get so hot when their lives fall apart and they stop shaving""](https://letterboxd.com/emma_ward/film/three-days-of-the-condor/)",1758648160.0,0.78,44,0,Discussion,TommyAdagio,19,False,0,False,text
movies,1no9mwn,Oliver Reed confronts his accusers in THE DEVILS (1971),349,https://reddit.com/r/movies/comments/1no9mwn/oliver_reed_confronts_his_accusers_in_the_devils/,https://youtu.be/1mcGWvfGsGM,,1758607331.0,0.88,349,0,Media,zzj,63,False,0,False,text
movies,1nnyuh9,"Official 25th Anniversary Poster for ‘Battle Royale’, Returning to Theaters in October with 4K Restoration",1747,https://reddit.com/r/movies/comments/1nnyuh9/official_25th_anniversary_poster_for_battle/,https://i.redd.it/9eazpuzi8sqf1.jpeg,,1758575732.0,0.95,1747,0,Poster,MarvelsGrantMan136,120,True,1,False,image
movies,1no5dbd,"American History X. Brutal, gut wrenching, and more relevant than ever.",691,https://reddit.com/r/movies/comments/1no5dbd/american_history_x_brutal_gut_wrenching_and_more/,https://www.reddit.com/r/movies/comments/1no5dbd/american_history_x_brutal_gut_wrenching_and_more/,"Just rewatched American History X after a few years. The thing that struck me the most, is how well it's aged. Everything about it is carefully and artfully crafted. The two most powerful bits, in my opinion, are the dinner table discussions. The first with the mother's boyfriend, and the second with her late husband. Showing how racism and hate is often twisted and packaged behind pseudo-economic and perceived inequality tinged hatred, and then, how it begins. Learned at home. And throughout the film, you see where that gets you: absolutely nowhere. And the ending is just heart wrenching, the cycle never ends. Highly encourage a rewatch. The cinematography, the soundtrack, the use of monochrome, it's all funneled into an ugly look of America's dark side. And it's more poignant in these times that it's ever been.",1758593427.0,0.75,691,0,Discussion,Flashy-Two5006,132,False,0,False,text
movies,1nomf6m,‘The Perfect Neighbor’ Trailer: The Oscars Can’t Ignore This Gripping Look at a Stand-Your-Ground Case Caught on Film,47,https://reddit.com/r/movies/comments/1nomf6m/the_perfect_neighbor_trailer_the_oscars_cant/,https://www.indiewire.com/news/trailers/the-perfect-neighbor-trailer-documentary-1235152431/,,1758645659.0,0.64,47,0,Trailer,indiewire,20,False,0,False,text
movies,1nolexv,"tick, tick... boom! is a great watch!",42,https://reddit.com/r/movies/comments/1nolexv/tick_tick_boom_is_a_great_watch/,https://www.reddit.com/r/movies/comments/1nolexv/tick_tick_boom_is_a_great_watch/,"In an uncertain-anxious making-nervous path, movies like this can be so comforting at times. Thanks to the instagram reel edits for introducing to this movie. Andrew Garfield is an awesome actor, put his soul and heart in the role. I know the movie follows all the cliché tropes of  a struggling artist film but the movie feels so personal and takes you in so well that you want them to make it.

Your work is alive Jonathan Larson...",1758643414.0,0.81,42,0,Review,Idontworkeven40hrs,12,False,0,False,text
movies,1np4kjr,"Let's talk about 8 1/2, one of my favorite movies!",3,https://reddit.com/r/movies/comments/1np4kjr/lets_talk_about_8_12_one_of_my_favorite_movies/,https://www.reddit.com/r/movies/comments/1np4kjr/lets_talk_about_8_12_one_of_my_favorite_movies/," (Picture is of the late Claudia Cardinale, a signed copy of a scene from the movie)

https://preview.redd.it/rfjpgh6qz1rf1.jpg?width=2560&format=pjpg&auto=webp&s=c930982bbe78fa9d756c38cad75fde654b52d046

I love the 1963 film 8 1/2 by Fellini, one of his best. Parrt of what makes it special is the essence of the plot, which is btw about Marcello Mastroiannni's character (Guido), a film director, struggling with director's block. It's also the themes, the film is about reality and memory, it's about desire and fantasies. In fact, the whole thing really feels like a dream and that's where the movie begins and in a sense where it ends. As an artist, I can really relate to the struggles of the director who just cant find the inspiration but what I love way more is just the experience of the movie and of course all the beautiful scenes filled with beautiful people, including Caudia Cardinale, who is just an angel.

Here is the dreamy scene where she first enters the movie:

[https://www.youtube.com/watch?v=Hh6V\_BqEUjo](https://www.youtube.com/watch?v=Hh6V_BqEUjo)",1758693892.0,0.6,3,0,Discussion,big-enchilada,1,True,1,False,text
movies,1no8td3,DEATH STRANDING MOSQUITO | Teaser Trailer,236,https://reddit.com/r/movies/comments/1no8td3/death_stranding_mosquito_teaser_trailer/,https://www.youtube.com/watch?v=GFLoRTwPtic,,1758604373.0,0.8,236,0,Trailer,MarvelsGrantMan136,34,False,0,False,text
movies,1nolhtx,"Official Poster for ""The Hand that Rocks the Cradle""",26,https://reddit.com/r/movies/comments/1nolhtx/official_poster_for_the_hand_that_rocks_the_cradle/,https://i.redd.it/1s428wqauxqf1.jpeg,,1758643603.0,0.59,26,0,Poster,NoCulture3505,56,True,1,False,image
movies,1nnltro,The Mandalorian and Grogu | Official Trailer,3695,https://reddit.com/r/movies/comments/1nnltro/the_mandalorian_and_grogu_official_trailer/,https://www.youtube.com/watch?v=_pa1KLXuW0Y,,1758546046.0,0.75,3695,0,Trailer,MarvelsGrantMan136,1941,False,0,False,text
movies,1npgezm,Movies for Loser-Round Trivia,0,https://reddit.com/r/movies/comments/1npgezm/movies_for_loserround_trivia/,https://www.reddit.com/r/movies/comments/1npgezm/movies_for_loserround_trivia/,"I'm looking for movie recommendations for a specific trivia-based scenario. I have a wonderful trivia group that sometimes has too much fun and gets last place. Luckily our trivia host has a solid mechanic for folk like us. Our trivia is structured in six rounds with different topics, five questions for each round. The last place group gets to secretly pick the topic for next week's sixth round. Additionally, teams can elect to 'double down' a round, whereby a round has double points if you get each question within the round correct, or zero points if you get a single answer in that round wrong. Since the last place team knows their topic going into the next week, they have a better chance of successfully pulling off a double down.

We've gotten last place three times. The first time we picked 'The Artic', and we realized our mistake fairly quickly- way too broad of a topic for a week's worth of study. Then we figured out that we could just pick a movie and have a movie night with the group in-between trivia nights. So far we've done Idiocracy and Shawshank Redemption, successfully pulling off the double down each time. Now every time we're getting to the end of a trivia night, and it's looking like we're about to lose, we're scrambling for a movie pick.

Unfortunately, not every movie is perfect for this. Our team has discussed this for awhile, and here's some of the parameters we've come up with.

\- **The movie cannot be too obscure.**   
The trivia host can veto any submitted topic, and he nearly vetoed Idiocracy for being too obscure. He accepted it, but if the movie is more obscure than Idiocracy, it'll probably be rejected.

\- **The movie should not be too popular amongst hipsters aged 21-40.**   
If we pick something too popular in that demo, everyone's going to double down that round, nullifying the benefit.

\- **Standalone.**   
We only have a week to learn everything about this movie, so if there is extraneous information from sequels, an adapted book, or a stage production, we're screwed. Shawshank is based on a novella, and they asked questions about that. 

\- **Good for a Movie Night**.   
Our group is composed of single-ish guys and gals, aged 27-36. Shawshank was a smidge heavy for movie night- probably our limit. 

\- **Rewatchable.**  
I watched Idiocracy three times that week. If the movie's a little dank, that helps. 

\- **Not too scary.**  
I thought Midsommar would work for the group, and two guys said it was too scary. Bit of a shame since there's good standalone horror movies, but if someone doesn't go to movie night, the team suffers. 

  
Appreciate any movie recommendations that the group has! If we use any of these for future trivia nights, I'll totally report back with the results. ",1758730414.0,0.22,0,0,Recommendation,thereddestbeard,3,False,0,False,text
movies,1nol3ot,Film with the greatest opening title/credits sequence?,16,https://reddit.com/r/movies/comments/1nol3ot/film_with_the_greatest_opening_titlecredits/,https://www.reddit.com/r/movies/comments/1nol3ot/film_with_the_greatest_opening_titlecredits/,"My absolute favorites have probably got to be The Good, The Bad, and The Ugly, Se7en, and Spider-Man 2(2004). The best part about them is they are not merely a way to credit the cast and crew, but they actually propel the story in different ways.

The Good, The Bad, and The Ugly has a title sequence that is more or less a teaser for what’s the come in the film. The illustrations are great, the use of the airbrush to reveal the principal actors is extremely creative, and the theme song needs no introduction. One of the most iconic of all time and some of Ennio Morricone’s best work.

Se7en might be the most visually creative opening sequence of all time. The combination of the dark, disturbing imagery, the visceral editing, and the use of the song Closer by NIN is absolute perfection. They could not have set the tone any better. 

Spider-Man 2 thrives in simplicity. A quick recap of the first film with the theme song playing over it, while introducing the musical motif of the film’s villain. Again, this credit sequence has great illustrations. They are incredible to look at and it very effectively recaps the first film in a short amount of time. Another key element is the great musical score by Danny Elfman. 

Which title/credits sequence would you say is your favorite or the best?

Edit: After some thought I’d also like to add Casino Royale and The Devil’s Rejects on here as honorable mentions. Great opening credits and music from both films. ",1758642712.0,0.65,16,0,Discussion,Stankassmfgorilla,184,False,0,False,text
movies,1nnomkr,Reese Witherspoon Predicts Hollywood Will Have to Change Radically to Adapt to Shifting Attention Spans in Younger Audiences,1890,https://reddit.com/r/movies/comments/1nnomkr/reese_witherspoon_predicts_hollywood_will_have_to/,https://variety.com/2025/tv/news/reese-witherspoon-gen-z-films-artificial-intelligence-1236525677/,,1758552743.0,0.83,1890,0,Discussion,Dottsterisk,685,False,0,False,text
movies,1noli6h,The Hand That Rocks the Cradle | Official Trailer | Hulu,16,https://reddit.com/r/movies/comments/1noli6h/the_hand_that_rocks_the_cradle_official_trailer/,https://www.youtube.com/watch?v=A0SFXzNMthc,,1758643626.0,0.62,16,0,Trailer,NoCulture3505,22,False,0,False,text
movies,1nowlqq,What films were you really hyped for that let you down?,4,https://reddit.com/r/movies/comments/1nowlqq/what_films_were_you_really_hyped_for_that_let_you/,https://www.reddit.com/r/movies/comments/1nowlqq/what_films_were_you_really_hyped_for_that_let_you/,"The reason I’m making this post is A Big Bold Beautiful Journey. Columbus is I think one of the only perfect films to exist and After Yang is also great. Colin Farrell is one of my favourite actors. I didn’t think it would be as good as those, but I was like surely 7.5/10. The fact it’s got a 30% on RT is just heartbreaking to me lol. 

And his other film Ballad Of A Small Player is also getting below average reviews. “Him” also looked really interesting and is completely flopping. Big Marlon Wayans fan and was really hoping this could be something special.  

Reminiscence (2021) - I love Hugh Jackman, and it felt like a 2000’s film, the sci fi world felt noir and dripping with atmosphere, at least based on the trailer, which I watched dozens of times. Came out, got bad reviews, watched it and it was the most empty forgettable experience. 

Gemini Man (2019) - Life Of Pi is one of my fave films and Will Smith was my favourite actor when I was younger. Had too much faith in Ang Lee. I didn’t hate it as much as everyone else did. But completely throwaway. 

Oz The Great & Powerful (2013) - This one hurts more in hindsight, I’ve since become a huge fan of Sam Raimi. And I really love the first 20 minutes of the film, but man does it become super generic and dull after the sepia sequence. Nightmare Alley was basically those first 20 minutes but for a whole film and I adore that film.
",1758669523.0,0.54,4,0,Discussion,Jeremyfurfaro,160,False,0,False,text
movies,1np5396,What’s a scene or storyline you love from a movie you think is otherwise bad?,2,https://reddit.com/r/movies/comments/1np5396/whats_a_scene_or_storyline_you_love_from_a_movie/,https://www.reddit.com/r/movies/comments/1np5396/whats_a_scene_or_storyline_you_love_from_a_movie/,"Sometimes a movie doesn’t work as a whole, but there’s that one scene or subplot that makes you wish the entire thing had been built around it. A glimmer of goodness which makes you watch select scenes out of a movie. 

For me, it’s the Umbrella Corp containment and asset securing scenes in Resident Evil 2. The rest of the movie is whatever, but those scenes with the corporation locking everything down and dealing with the outbreak felt like a glimpse of a way better film. I would have watched a whole movie just about that.

What about you? Any favorite scenes or storylines buried inside movies you don’t really like overall or that disappointed you?",1758695853.0,0.55,2,0,Discussion,LurkerBigBangFan,28,False,0,False,text
movies,1npewd3,An Unsettling Trip to the Movie Theater - 28 Days Later,0,https://reddit.com/r/movies/comments/1npewd3/an_unsettling_trip_to_the_movie_theater_28_days/,https://www.reddit.com/r/movies/comments/1npewd3/an_unsettling_trip_to_the_movie_theater_28_days/,"While listening to a podcast about 28 Years Later, a theater experience popped into my head that I can't believe I had forgotten.

I was living in Utah when 28 Days Later came out. I tried to see matinees whenever possible, and the showing was around 11 AM, give or take. I have Tourette Syndrome, and the small vocal tics can get a little harder to control in a theater, so I was thrilled to see that I was the only one there when the lights went down.

I sat near the front. A few minutes into the movie, I happened to look back during a flash of light on the screen and there was someone else there, near the back. I had the impression of a hoodie on a big body. He must have come in when I wasn't looking. Then I heard him cough, so it hadn't been my imagination.

For some reason, I looked back again a few minutes later. He had moved to the middle of the theater, but had switched sides. This happened a few more times. He changed seats frequently, but never came within 10 rows of me. Given the nature of the movie, this made it even harder to relax.

I don't want to make more of it than it was, so I should say that when the movie ended, I waited while he walked out. He looked completely normal. Not covered in barnacles, or blood, or slavering and cackling. ""Pretty good!"" when he saw me. He was also completely average in height and weight. So, insanely anti-climactic in hindsight, but it got me pretty wound up that day.

Has anyone here had an unsettling time at the theater, because of what was happening during the movie? ",1758727005.0,0.33,0,0,Discussion,to_better_days,8,False,0,False,text
movies,1npagrl,Juxtaposing About Time (2013) and Ruby Sparks (2012),0,https://reddit.com/r/movies/comments/1npagrl/juxtaposing_about_time_2013_and_ruby_sparks_2012/,https://www.reddit.com/r/movies/comments/1npagrl/juxtaposing_about_time_2013_and_ruby_sparks_2012/,"This might be a hot take because I feel a lot of people hail About Time (2013) as a really good romantic movie. But for some reason I've always found a close affinity between it and Ruby Sparks (2012).

In a way, I see the male lead in About Time, at least to a certain point in the film, controlling the female lead, giving her an illusion that she is making a choice when in fact it's a product of benevolent manipulation (he goes back in time to 'right wrongs'). The male control in Ruby Sparks, of course, is far more obvious. Both films are arguably framed within the male gaze, but a key difference is that the latter is entirely self-aware, which I think is the point of the film.",1758715971.0,0.33,0,0,Discussion,Pub_bar1954,0,False,0,False,text
movies,1no1v78,Josh Brolin Visits the Criterion Closet,245,https://reddit.com/r/movies/comments/1no1v78/josh_brolin_visits_the_criterion_closet/,https://www.youtube.com/watch?v=7FdeJX23RHw&list=PL7D89754A5DAD1E8E&index=1,,1758583480.0,0.84,245,0,Media,BunyipPouch,39,False,0,False,text
movies,1nouwjf,What’s one movie line or scene that feels like it was written about your life?,3,https://reddit.com/r/movies/comments/1nouwjf/whats_one_movie_line_or_scene_that_feels_like_it/,https://www.reddit.com/r/movies/comments/1nouwjf/whats_one_movie_line_or_scene_that_feels_like_it/,"Sometimes movies hit differently  like they’re holding a mirror up to your own story. It could be a line that sums up your struggles, your heartbreak, your growth, or even your sense of humor. For me, there are certain moments in films where I pause and think, “That’s me. That’s my story.”

What’s that one line or movie for you that feels so close to home, it almost feels personal?
",1758665126.0,0.59,3,0,Discussion,rebelliousbrownie9,31,False,0,False,text
movies,1nnjf90,Official Poster for ‘Return to Silent Hill’,1754,https://reddit.com/r/movies/comments/1nnjf90/official_poster_for_return_to_silent_hill/,https://i.redd.it/i4vo4ry77pqf1.jpeg,,1758538970.0,0.94,1754,0,Poster,MarvelsGrantMan136,236,True,1,False,image
movies,1npbt2m,the parallels between media in 2022 and 2025.,0,https://reddit.com/r/movies/comments/1npbt2m/the_parallels_between_media_in_2022_and_2025/,https://www.reddit.com/r/movies/comments/1npbt2m/the_parallels_between_media_in_2022_and_2025/,"a ryan coogler movie(black panther wakanda forever/sinners)

a knives out movie(glass onion/wake up dead man)

a darren aronofsky movie(the whale/caught stealing)

a season of the sandman

a predator movie(prey/predator killer of killers/predator badlands)

a season of wednesday

a joseph kosinski(top gun maverick/F1)

a Jurassic world movie(jurassic world dominion/jurassic world rebirth)

a bad guys movie(the bad guys/the bad guys 2)

a black phone movie(the black phone/the black phone 2)

a guillermo del toro netflix movie(pinocchio/frankenstein)

an avatar movie(avatar the way of water/avatar fire and ash)",1758719627.0,0.25,0,0,Discussion,herequeerandgreat,5,False,0,False,text
movies,1nnfthp,David Fincher's 'SE7EN' Released 30 Years Ago Today: Fincher famously said he'd rather die of colon cancer than direct another film after his debut failure of 'Alien 3' - but he followed it up with one of the most influential thrillers in cinema,3523,https://reddit.com/r/movies/comments/1nnfthp/david_finchers_se7en_released_30_years_ago_today/,https://www.scmp.com/lifestyle/entertainment/article/3325810/how-david-finchers-serial-killer-film-seven-still-influential-30-years,,1758525315.0,0.97,3523,0,Article,ChiefLeef22,211,False,0,False,text
movies,1nnvtj8,'Black Phone 2' - Review Thread,349,https://reddit.com/r/movies/comments/1nnvtj8/black_phone_2_review_thread/,https://www.reddit.com/r/movies/comments/1nnvtj8/black_phone_2_review_thread/,"*Bad dreams haunt 15-year-old Gwen as she receives calls from the black phone and sees disturbing visions of three boys being stalked at a winter camp.*

Director: Scott Derrickson

Cast: Ethan Hawke, Mason Thames, Miguel Mora

**Rotten Tomatoes:** [100% (9 reviews)](https://www.rottentomatoes.com/m/black_phone_2)

**Metacritic:** [73 / 100](https://www.metacritic.com/movie/black-phone-2/)

Some Reviews:

[Slashfilm - Rafael Motamayor](https://www.slashfilm.com/1974280/black-phone-2-review/) \- 9 / 10

>The most impressive feat Black Phone 2 pulls off is finding a way to bring The Grabber back that feels coherent and actually adds to the character. We get some backstory on the child-abductor that comes across as deepening the character rather than just answering questions that no one asked.

[RogerEbert - Brian Tallerico](https://www.rogerebert.com/reviews/black-phone-2-movie-review-2025) \- 3 / 4

>It’s a tick too long and has a section that’s far too expository for a film that’s at its best when it leans into surreal nightmare logic, but this weird movie works its fear factor in unexpected, creative ways.

[IndieWire - Katie Rife](https://www.indiewire.com/criticism/movies/the-black-phone-2-horror-movie-review-1235152348/)

>a complaint that’s also common to contemporary horror films nags at “Black Phone 2,” in that all of the best things about this movie come from other movies, whether they be the creative team’s previous efforts or iconic titles from decades past. These elements are enjoyable, which is precisely why they’re recycled here. And maybe that’s good enough for a horror sequel. But good enough will never be more than just that. ",1758568764.0,0.86,349,0,Review,ChiefLeef22,84,False,0,False,text
movies,1npfa4u,Kubrick ALWAYS portrayed sex in a negative way!,0,https://reddit.com/r/movies/comments/1npfa4u/kubrick_always_portrayed_sex_in_a_negative_way/,https://www.reddit.com/r/movies/comments/1npfa4u/kubrick_always_portrayed_sex_in_a_negative_way/,"There's not a single healthy sexual relationship in all his films, free from negative connotations.  
""Love you long time"" wartime prostitution.. Eyes Wide Shut (all of it: AIDS scare, young Leelee, dangerous orgy, etc).. Bathroom hag.. Lusting over Lolita.. A.I.'s male robot prostitute.. ""Floride""-induced impotence.",1758727877.0,0.33,0,0,Discussion,salamacast,23,False,0,False,text
movies,1npazgr,Movies with actual genious characters,0,https://reddit.com/r/movies/comments/1npazgr/movies_with_actual_genious_characters/,https://www.reddit.com/r/movies/comments/1npazgr/movies_with_actual_genious_characters/,"What's a movie (or series) with a genius that's actually despicted as a genius? Most times we see smart characters they're written so dumb. The only recent exception for me was the detective in Knives Out. If not a genius, at least very smart.

ps. This question came to me after watching Fantastic Four and a few episodes of Alien Earth in sequence.",1758717429.0,0.35,0,0,Discussion,Imomaway,20,False,0,False,text
movies,1no4rzj,Faust (2000) has everything,92,https://reddit.com/r/movies/comments/1no4rzj/faust_2000_has_everything/,https://www.reddit.com/r/movies/comments/1no4rzj/faust_2000_has_everything/,"Campy tropes, bdsm, gore, nudity, sex (both straight and lesbian), cheesy self-aware costuming, Jeffrey combs, demonic ritual sacrifice, cool medieval tapestries, subway chase scene, amazing metal soundtrack, snakes, orgiastic killings, awesome Batman-esque demon of vengeance, also did I mention the metal soundtrack?",1758591712.0,0.81,92,0,Discussion,ElderberryMaster4694,28,False,0,False,text
movies,1nnttlx,"According to a poll commissioned by OctaneSeating for “Most Obnoxious Moviegoers?”: 34% say horror movies have the rowdiest crowds, while documentaries have the calmest; 41% have yelled at someone during a movie (mostly over phones, chatter, or couples getting handsy)",370,https://reddit.com/r/movies/comments/1nnttlx/according_to_a_poll_commissioned_by_octaneseating/,https://rogersmovienation.com/2025/09/11/most-obnoxious-moviegoers-heres-the-latest-poll/,,1758564300.0,0.91,370,0,Article,ChiefLeef22,77,False,0,False,text
movies,1np6dan,I need movie recs,0,https://reddit.com/r/movies/comments/1np6dan/i_need_movie_recs/,https://www.reddit.com/r/movies/comments/1np6dan/i_need_movie_recs/,"My favorite genre of movies is hard to explain but these are kinda the mix of genres that makes me actually sit down and enjoy a movie. 

Psychological horror/thriller, 
black comedy, 
si-fi, social commentary, 
and nostalgia 

My favorites movies that I have seen that fall within these categories are 
* Sorry To Bother You
* Opus
* Vivarium
* I Saw The TV Glow
* Mr. Crockett 
* They Cloned Tyrone
* Nope
* Everything, Everywhere, All at Once
* The Menu
* Get Out
* Black Rainbow
* The Lobster
* Death of a Unicorn
* Drop Dead Fred
* Dinner for Schmucks 
* Wes Andersons 4 Roald Dahl short films: The Rat Catcher, The Swan, The Wonderful story of Henry Sugar, and Poison
* Talk To Me 
* The House (stop motion)
* Rabbits
* The Secretary
 
(Updated list thanks to y’all reminding me of some I loved!!)

Please help because id love to find random weird movies like these thank youuuu. ",1758700951.0,0.45,0,0,Recommendation,CandyyCornCarl,44,False,0,False,text
movies,1nor41r,La Pelle ( The Skin ) 1981,2,https://reddit.com/r/movies/comments/1nor41r/la_pelle_the_skin_1981/,https://www.reddit.com/r/movies/comments/1nor41r/la_pelle_the_skin_1981/,"I found the book from Malaparte brilliant. The film is very emotional and many scenes are brilliant too though I pictured Malaparte differently than Marcello Mastroianni’s performance but it's probably just a prejudice when reading the book. Most brilliant scene is the gay birth scene imho. What’s your opinion?

https://youtu.be/keulTSmxBzk?si=hrsbMG0GSMHqd-0F

",1758656266.0,0.6,2,0,Review,EDSpatient,0,False,0,False,text
movies,1nphp9v,Could my wife watch Alien if she likes Jaws?,0,https://reddit.com/r/movies/comments/1nphp9v/could_my_wife_watch_alien_if_she_likes_jaws/,https://www.reddit.com/r/movies/comments/1nphp9v/could_my_wife_watch_alien_if_she_likes_jaws/,"Context: I’m trying to convince my wife to give Alien a shot. She’s very horror averse and has had nightmares in the past after watching them. However she really enjoys Jaws and we watch it every year. I know neither of them are hardcore horror; so, I think since she enjoys Jaws, she could tolerate Alien. What do y’all think?",1758733322.0,0.23,0,0,Discussion,spdyjstc4u,30,False,0,False,text
movies,1noz6qj,"New MPA/CARA Ratings and Reasons for the Week of Wednesday September 24, 2025.",0,https://reddit.com/r/movies/comments/1noz6qj/new_mpacara_ratings_and_reasons_for_the_week_of/,https://www.reddit.com/r/movies/comments/1noz6qj/new_mpacara_ratings_and_reasons_for_the_week_of/,"PG

1.	**Dude Perfect: The Hero Tour (DOCUMENTARY)** (for some thematic elements and action.) Regal Entertainment Distribution

2.	**Finding Hozho** (for thematic material including some violence.) Holt Hamilton Films

3.	**Standout: The Ben Kjar Story (DOCUMENTARY)** (for thematic material and some language.) Susan Tuckett Media, Inc.


__________________________________________________________________________________________________________________________________________________________________________________________________________________

PG-13

1.	**Mercy** (for violence, bloody images, some strong language, drug content and teen smoking.) Amazon MGM Studios

____________________________________________________________________________________________________________________________________________________________

R

1.	**Fairyland** (for drug use.) Lionsgate

2.	**Kiss of the Spider Woman** (for language, sexual content and some violence.) Roadside Attractions, L.L.C.

3.	**Long Shadows** (for some violence, bloody images, and brief use.) ArtAffects Entertainment

4.	**Nirvanna The Band The Show The Movie** (for language and brief violence.) NEON

5.	**Nouvelle Vague (SUBTITLED)** (for some language.) Netflix , Inc.

6.	**Violent Ends** (for strong/bloody violence, language and some drug content.) IFC Films",1758676743.0,0.5,0,0,Media,yawningvoid28,0,False,0,False,text
movies,1nnom4k,'Predator: Badlands' Director Dan Trachtenberg Wanted To Make Something That Hadn’t Existed Before (New Image),547,https://reddit.com/r/movies/comments/1nnom4k/predator_badlands_director_dan_trachtenberg/,https://www.empireonline.com/movies/news/predator-badlands-director-dan-trachtenberg-wanted-to-make-something-that-hadnt-existed-before/,,1758552716.0,0.9,547,0,Article,KillerCroc1234567,133,False,0,False,text
movies,1nn8wtt,"Tom Holland Suffered Concussion On ‘Spider-Man: Brand New Day’ Set, Will Return To Filming Soon",7978,https://reddit.com/r/movies/comments/1nn8wtt/tom_holland_suffered_concussion_on_spiderman/,https://deadline.com/2025/09/tom-holland-hospitalized-spider-man-brand-new-day-stunt-1236552019/,,1758502817.0,0.94,7978,0,News,MarvelsGrantMan136,315,False,0,False,text
movies,1nnyomr,Fun crime movies like In Bruges and Kiss Kiss Bang Bang,163,https://reddit.com/r/movies/comments/1nnyomr/fun_crime_movies_like_in_bruges_and_kiss_kiss/,https://www.reddit.com/r/movies/comments/1nnyomr/fun_crime_movies_like_in_bruges_and_kiss_kiss/,"Hey everyone,
Inspired by the disappointing Caught Stealing, my partner and I have loved revisiting one of our favorite genres: fun crime movies. We’ve hit a ton of them, but noticed that most of the movies we’ve watched in this genre seem to mostly have white male protagonists. For variety sake: anybody want to recommend their favs that have female or nonwhite leads? Thanks!",1758575351.0,0.89,163,0,Discussion,floeckher,184,False,0,False,text
movies,1nnm0ra,"Good Fortune (2025) Official Trailer #2 – Seth Rogen, Aziz Ansari, Keke Palmer, Keanu Reeves",711,https://reddit.com/r/movies/comments/1nnm0ra/good_fortune_2025_official_trailer_2_seth_rogen/,https://youtu.be/SAMkXY2Ja80?si=NfHv9xsnIPJ7IeA6,,1758546528.0,0.91,711,0,Trailer,Task_Force-191,83,False,0,False,text
movies,1np8agd,Anybody knows the Title or Composer name of the Intro of Her (2013),0,https://reddit.com/r/movies/comments/1np8agd/anybody_knows_the_title_or_composer_name_of_the/,https://www.youtube.com/watch?v=n1CxhRH1oTE&t=51s,I'm specifically talking about the synths you hear up to 0:45 in the video i linked. I couldn't find any informations about it so i'm hoping somebody in here knows something.,1758708715.0,0.33,0,0,Discussion,voltuzz,4,False,0,False,text
movies,1np9vq3,What Order Should I Watch The X-Men Movies?,0,https://reddit.com/r/movies/comments/1np9vq3/what_order_should_i_watch_the_xmen_movies/,https://www.reddit.com/r/movies/comments/1np9vq3/what_order_should_i_watch_the_xmen_movies/,"Hi, so guys, I know that there is a chronological order that doesn't take into account when the movies were made. That starts with **X-Men: First Class** and then **X-Men: Days of Future Past** and so on. Which one would you recommend for me to watch in that order? Like the chronological order of the story above? Or by when the movies were made? It's my first time watching the X-Men movies, so which one would add flair to the story, starting with X-Men 200?",1758714216.0,0.3,0,0,Discussion,SeaGroundbreaking304,15,False,0,False,text
movies,1npakia,The villain screaming DIE,0,https://reddit.com/r/movies/comments/1npakia/the_villain_screaming_die/,https://www.reddit.com/r/movies/comments/1npakia/the_villain_screaming_die/,"Looking for movies where the villain literally tells a victim to die beforehand. Its almost kind of comical at times when its an otherwise silent type and I've seen in a few times.

One example is Michael Myers in Halloween 2 (2009). He literally screams DIE in Loomis face. Its the only word he ever speaks too lmao",1758716272.0,0.2,0,0,Discussion,Bluesmokee,9,False,0,False,text
movies,1npchy5,Super Charlie Trailer,0,https://reddit.com/r/movies/comments/1npchy5/super_charlie_trailer/,https://www.youtube.com/watch?v=mzkvJHnezL0,,1758721379.0,0.16,0,0,Trailer,Bennett1984,6,False,0,False,text
movies,1npbgu4,Was Graham Yost’s claim that his idea for Speed came from Runaway Train & not the nearly identical concept of Bullet Train to avoid getting sued or make him look original?,0,https://reddit.com/r/movies/comments/1npbgu4/was_graham_yosts_claim_that_his_idea_for_speed/,https://www.reddit.com/r/movies/comments/1npbgu4/was_graham_yosts_claim_that_his_idea_for_speed/,"*Screenwriter Graham Yost was told by his father, Canadian television host Elwy Yost, about a 1985 film called Runaway Train starring Jon Voight, about a train that speeds out of control. Elwy mistakenly believed that the train's situation was due to a bomb on board. Such a theme had in fact been used in The Bullet Train. After seeing the Voight film, Graham decided that it would have been better if there had been a bomb on board a bus with the bus being forced to travel at 20 mph to prevent an actual explosion. A friend suggested that this be increased to 50 mph.*

This may be poorly paraphrased, misquoted or out of context but to me it sounds like nonsense if its  accurate. There is absolutely nothing even remotely similar in that description to the concept for Speed, whose premise is practically identical to Bullet Train. 

This is like Napoleon Dynamite level of undeniable rifting.",1758718762.0,0.18,0,0,Discussion,Stepin-Fetchit,3,False,0,False,text
movies,1npj2mu,"A Dirty Harry movie remake would be a good idea given the world right now, says Warner Bros. bosses",0,https://reddit.com/r/movies/comments/1npj2mu/a_dirty_harry_movie_remake_would_be_a_good_idea/,https://www.thepopverse.com/movies-dirty-harry-warner-bros-remake,,1758736473.0,0.15,0,0,News,chrisarrant,31,False,0,False,text
movies,1np4100,Exodus,0,https://reddit.com/r/movies/comments/1np4100/exodus/,https://www.reddit.com/r/movies/comments/1np4100/exodus/,"I stated watching Exodus for the first time in about 30 years! I've seen it a couple times, but I really didn't follow the plot that well either time, in part because I was too mesmerized by Eva Marie Saint, who was drop dead gorgeous, but also in part because I wasn't so up on history. But now I must say that I think it's an excellent movie! I'm about 2/3 of the way through with it, and I'll finish it tomorrow night. Since I'm Jewish, though I'm not at all religious, I'm pretty passionate about the story (I'm glad the Jews got a homeland after nearly 2000 years!), though I'm sorry things didn't work out between the characters played by Paul Newman and Eva Marie Saint. I'm also not too crazy about the 17-year-old boy who tries to get involved in a Jewish terrorist organization.",1758691937.0,0.41,0,0,Discussion,dcterr,2,False,0,False,text
movies,1np18g5,Asking for recommendations,0,https://reddit.com/r/movies/comments/1np18g5/asking_for_recommendations/,https://www.reddit.com/r/movies/comments/1np18g5/asking_for_recommendations/,"I have a new baby, and I stay up with her from ~8-11 every night so mom can sleep a bit.  

I’ve found that horror movies keep me engaged / awake enough to not fall asleep in a dark house but am seeking recommendations on anything else that may work. 

I enjoy all types of movies — historical documentaries, action, thrillers, horror, whatever you’ve got, throw it at me.  If it’s engaging for 2 hours I’ll check it out. 

Thanks Reddit! ",1758682697.0,0.44,0,0,Recommendation,parTickle_man,12,False,0,False,text
movies,1np6lzy,2025 The Ritual - I Actually Preferred The Exorcism of Anna Ecklund A Bit More,0,https://reddit.com/r/movies/comments/1np6lzy/2025_the_ritual_i_actually_preferred_the_exorcism/,https://www.reddit.com/r/movies/comments/1np6lzy/2025_the_ritual_i_actually_preferred_the_exorcism/,"Yes you had Al Pacino as the lead priest but for the past few decades it always seemed like it is Al Pacino playing as Al Pacino. He was such a good actor in the 70s and early 80s but since I never felt like he was playing a character just playing himself. 

I also felt the movie Exorcism of Anna Ecklund humanized Emma more. Anna Ecklund and Emma Schmidt are the same person. In Anna Ecklund we saw her husband and an interview with a friend of hers both added to her as a person. Here I felt she was not much more then a patient needed an exorcism. Also when Pacino said Emma was sensitive I felt that part was much better handled in the other movie with the friend who gave concrete examples. 

Was Father Joe and Sister Rose lovers? I got the impression they could have been from the start of movie. I do wish we knew what happened to her after the exorcism. The Mother Superior was far more strong willed in Anna Ecklund I can’t picture her letting Sister Rose run off into the catacombs while staying huddled in her office. 

I am also not sure why a convent would have catacombs. Googling Wisconsin, convents and catacombs I found nothing. I am not sure why the movie would include something in a “biopic” that is easily disprovable. 

I really had a more enjoyable time last night watching Demon Witch Child from 1975 it was at least fun and an interesting take of a possessed girl who seemed more willing to be possessed then a victim. 

Al Pacino’s pep talks were getting on my nerves. He sounded more like a football coach than priest. ",1758701969.0,0.4,0,0,Discussion,DanEosen,0,False,0,False,text
movies,1np93be,What major movie moment got spoiled for you?,0,https://reddit.com/r/movies/comments/1np93be/what_major_movie_moment_got_spoiled_for_you/,https://www.reddit.com/r/movies/comments/1np93be/what_major_movie_moment_got_spoiled_for_you/,"Maybe the biggest for me was learning that Arnold switched from the bad Terminator to the good Terminator before the sequal was released.  The movie plays out for it to be a huge surprise, but seems many knew from a reporter that leaked it during an interview.  It would have been fantastic to experience!",1758711608.0,0.38,0,0,Spoilers,hyteck9,101,False,0,False,text
movies,1nnrpaa,"Poster for Dark-Comedy Horror 'Shell' - Starring Elisabeth Moss, Kate Hudson, Kaia Gerber, Elizabeth Berkley & Este Haim - Desperate to reclaim her career, a once-beloved actress is drawn into the glamorous world of a wellness mogul, only to uncover a monstrous truth beneath its flawless surface.",229,https://reddit.com/r/movies/comments/1nnrpaa/poster_for_darkcomedy_horror_shell_starring/,https://i.redd.it/ztrxtvi7wqqf1.jpeg,,1758559584.0,0.76,229,0,Poster,BunyipPouch,110,True,1,False,image
movies,1nnvcm7,Have you seen Frequency from 2000?,146,https://reddit.com/r/movies/comments/1nnvcm7/have_you_seen_frequency_from_2000/,https://www.reddit.com/r/movies/comments/1nnvcm7/have_you_seen_frequency_from_2000/,"I've saw it yesterday again and it's a terrific movie with Dennis Quaid and Jim Caviezel. First time was at the premiere! It's about: >!An accidental cross-time radio link connects father and son across 30 years. The son tries to save his father's life, but then must fix the consequences.!<

It's kinda similar to the movie The Butterfly Effect from 2004.",1758567679.0,0.81,146,0,Discussion,HydratedCarrot,95,False,0,False,text
movies,1np7apv,About to start The Conjuring universe,0,https://reddit.com/r/movies/comments/1np7apv/about_to_start_the_conjuring_universe/,https://www.reddit.com/r/movies/comments/1np7apv/about_to_start_the_conjuring_universe/,"Gonna start watching all the Conjuring related movies.
Never watched it before.
But lately i have a craving for horror,thriller,psychological thriller/horror.
So i decided to give it a shot.

Are there any movies i should skip? What is the best order to watch them? Release date or chronologically? 

And is it worth watching? 😁
Thanks",1758704823.0,0.3,0,0,Discussion,MindWicked1911,17,False,0,False,text
movies,1no02zp,"September 19-21 Box Office Recap – Despite collapsing 75%, 'Demon Slayer: Infinity Castle' becomes the biggest anime title domestically ($104.7M) and worldwide ($555M). 'Him' opens with a so-so $13.2M, while 'A Big Bold Beautiful Journey' flops with an anemic $3.2M against a $45M budget.",69,https://reddit.com/r/movies/comments/1no02zp/september_1921_box_office_recap_despite/,https://www.reddit.com/r/movies/comments/1no02zp/september_1921_box_office_recap_despite/,"https://preview.redd.it/dbvnezwhhsqf1.png?width=1920&format=png&auto=webp&s=3e187c4c2b3049194e61f1651b604a24ba8a5a16

With two newcomers failing to meet expectations, ***Demon Slayer: Kimetsu no Yaiba – The Movie: Infinity Castle*** held the top spot despite its steep second weekend drop. ***Him*** had a so-so debut, but its opening was quite front-loaded, suggesting the future is not bright for the film. But the real loser this weekend was Sony's ***A Big Bold Beautiful Journey***, which had one of the worst debuts for any film playing at 3,000 theaters.

The Top 10 earned a combined $60.1 million this weekend, which was down 19.5% from last year, when ***Beetlejuice Beetlejuice*** repeated at #1 for a third weekend and ***Transformers One*** flopped.

Keeping the top spot, ***Demon Slayer: Kimetsu no Yaiba – The Movie: Infinity Castle*** earned $17.3 million this weekend. That's a brutal 75% drop, although drops like these are common in anime films, especially fan-driven ones. Still, it's a steeper drop than ***Mugen Train*** (69.5%).

But with $104.7 million domestically, ***Infinity Castle*** has officially become the biggest anime title in the country, finally dethroning ***Pokémon: The First Movie*** ($85.7 million), although ***Pokémon*** is still ahead of it in terms of inflation ($166.7 million). As it loses IMAX and other PLF screens this week, it will continue dropping hard.

In second place, Universal's ***Him*** debuted with $13.2 million in 3,168 theaters. This debut is below other football-themed films, but it's hard to find comparisons given that this is a sports horror film, which is very rare to find. 

The film cost $27 million, so a $13.2 million debut isn't bad. The problem, however, is how front-loaded it was: Friday ($6.4 million) represented a massive 49% of the weekend's gross, while Saturday and Sunday saw steep drops, falling to third place. That's why this debut is just so-so.

There's no doubt that Universal bet high on this, but primarily because of producer Jordan Peele's involvement. His name was plastered all over the posters and trailers, leading many to believe this was his new directorial effort. While that's misleading, you usually use your biggest asset as the selling point. And it worked; with the exception of Marlon Wayans (who isn't really a box office draw), the cast and crew are not familiar to the public. If Universal ditched Peele's name from the marketing, perhaps the film would miss $10 million.

When marketing began, they sold a very efficient premise: *Whiplash* meets football meets horror. That's a very interesting concept, especially when sport horror films are incredibly rare in theaters. As the film got closer to release, however, Universal leaned more into supernatural elements while highlighting even further Peele's involvement. That felt a bit desperate, but again, you use your best asset. Although in this case, the reviews did not help: it's sitting at a very poor 29% on RT. Considering Peele's producing credits are often well-received, that was a huge red flag.

According to Universal, 51% of the audience was male, and 64% was 25 and over. Critics slammed the film, and unfortunately, the audience agreed: they gave it a horrible ""C–"" on CinemaScore, even for horror that's bad. With poor word of mouth and a front-loaded debut, it's clear the film is gonna fall off a cliff very quickly. There's a very strong chance it will finish below $30 million domestically. And that spells flop territory, as football isn't popular outside America (check the overseas section for this film).

After its horrible second weekend drop, ***The Conjuring: Last Rites*** had another rough drop, thanks to ***Him***. This time, it fell 52%, earning $12.2 million this weekend. The film has amassed $150.5 million, officially becoming the biggest film in the franchise. If it continues dropping like this, it might miss $180 million.

***Downton Abbey: The Grand Finale*** added $6.4 million this weekend. That's a brutal 65% drop, far worse than any of the prior films. Through 10 days, the film has earned $31.7 million, and it's now guaranteed to miss $50 million domestically.

Despite some horror competition, ***The Long Walk*** held very well on its second weekend. It dipped 47%, adding $6.2 million. Pretty good, considering 50% or more is usually the norm. Through 10 days, the film has made $22.6 million, and it should finish with around $35 million if it keeps holding well.

Debuting in sixth place, Sony's ***A Big Bold Beautiful Journey*** flopped with an anemic $3.2 million in 3,330 theaters. That's the sixth worst debut for any film playing at over 3,000 theaters. Incredibly depressing fact: Margot Robbie's other film, ***Babylon***, is also the eighth worst debut ($3.6 million in 3,343 theaters). Which means she has starred in the two worst debuts at 3,300 theaters. It's also the second worst wide debut for Colin Farrell, only ahead of ***Voyagers*** ($1.3 million).

This debut also translates to a pathetic $977 per-theater average. If each theater was playing this film in 5 screenings at an average $11.31 ticket price, that means that there were just 5 people at each screening. Sony bought the film for $50 million, setting it as a $45 million production. Yet the film couldn't open to 10% of that figure. That's one of the worst ROI debuts for a wide release. How could it fare this badly? 

Romance films are definitely profitable. But mixing romance with fantasy is a niche market; some people don't like that combination. And the concept (doors taking the characters on a journey to the past) just didn't connect with audiences. Fantasy dramas are just difficult to pull off, especially at the box office.

Sony had the film set for May, but they decided to move it to this weekend, hoping to capitalize on weak competition. But the film simply lacked buzz compared to other titles this month. And while Margot Robbie and Colin Farrell are recognizable names, they're not exactly huge draws: Robbie has starred in a lot of flops prior to ***Barbie***, and Farrell has been part of many panned flops for the past 20 years. So their presence doesn't guarantee success (then again, who does?). But the real nail in the coffin was the reviews. Adult dramas need acclaim just to stand a chance, but the film's poor 37% on RT dissuaded those interested from checking out.

According to Sony, 59% of the audience was female, and 76% was 25 and over. They gave it a poor ""B–"" on CinemaScore, quite rough for a romance title. With such a poor debut, zero buzz and incoming competition, the film will not last long in theaters. It would be a surprise if the film made it past $10 million domestically. That's absolutely horrible.

In seventh place, Angel Studios' ***The Senior*** earned just $2.6 million in 2,405 theaters. That's one of the worst debuts for a film playing in those theaters. Even with an ""A"" on CinemaScore, it will disappear quickly from theaters.

The 30th anniversary re-release of ***Toy Story*** dropped 59%, earning $1.4 million. That takes its lifetime gross to $198.4 million.

In ninth place, Fathom Events' re-release of ***Howl's Moving Castle*** earned $1.4 million this weekend. That takes its lifetime total to $10.5 million.

Rounding out the Top 10 was Fathom Events' ***Sight & Sound Presents: NOAH Live!***, which made $1.3 million from 933 theaters.

Outside the Top 10, ***Weapons*** dropped 54% and added $1.2 million this weekend. That takes its domestic total to $149.7 million.

***Freakier Friday*** dropped 46% for a $1.1 million weekend. The film's domestic total stands at $92.9 million, and it's now certain to miss $100 million domestically.

MUBI expanded ***The History of Sound*** to 552 theaters, but it could only muster $309,072. It's unlikely it can perform much better than this.

#**OVERSEAS**

It is official: with $555 million worldwide, ***Demon Slayer: Kimetsu no Yaiba – The Movie: Infinity Castle*** has become the biggest anime title in history, dethroning ***Mugen Train***. It came from $36 million overseas this weekend, with big debuts in France ($8.6M) and Germany ($8.2M). The biggest markets are Japan ($269M), South Korea ($37.3M), Taiwan ($25M), Mexico ($15.1M), Hong Kong ($12.4M), India ($8.1M), the UK ($7.5M), and Indonesia ($7.3M). By next week, it should cross $600 million.

***The Conjuring: Last Rites*** added $28.3 million overseas, taking its worldwide total to $399.3 million (so damn close man). The best markets are Mexico ($26.4M), the UK ($20.3M), Brazil ($15.3M), France ($14.6M) and Germany ($12.7M). While it won't hit $500 million, it should still safely hit $450 million worldwide.

***Downton Abbey: The Grand Finale*** added $8.3 million overseas, for a $59.4 million worldwide total. Its best markets are the UK ($13.9M), France ($2.6M), Australia ($2.4M), Netherlands ($1.9M) and Finland ($1.2M). It still has some markets left.

***A Big Bold Beautiful Journey*** also had horrible news in the rest of the world. It debuted with just $4.5 million overseas, for a very poor $7.7 million worldwide total. Even though that's just 42 markets, that's still an underwhelming debut and doesn't point to a bright future.

***Him*** debuted in 25 markets, but it could only earn an abysmal $258K, for a very underwhelming $13.5 million worldwide debut. The result is not surprising; football is not popular outside America, so films focused on that lean heavily on the domestic side. The only markets where it has a chance to perform solidly are Mexico, the UK and Brazil (markets where the NFL is popular), all of which open in October. But don't expect any of them to save the film.

#**FILMS THAT ENDED THEIR RUN THIS WEEK**

Movie | Release Date | Studio | Domestic Opening | Domestic Total | Worldwide Total | Budget |
----------|----------|----------|:--------:|:--------:|:--------:|:--------:
*The Naked Gun* | Aug/1 | Paramount | $16,805,560 | $52,647,396 | $101,847,396 | $42M
*Nobody 2* | Aug/15 | Universal | $9,251,190 | $21,604,985 | $39,299,926 | $25M

- Paramount's ***The Naked Gun*** has closed with $52 million domestically and $101 million worldwide. Not exactly a smash hit, but not a bad amount. Especially considering how comedies are struggling in theaters, and how people were hesitant over having someone replace Leslie Nielsen here. But with such good reception, there's clearly some interest here. If it makes a killing on home media, it should spawn sequels.

- Nobody was interested in ***Nobody 2***, which closed with just $21 million domestically and $39 million worldwide. Somehow, it managed to earn less than the original, which opened in far worse conditions. Perhaps it's a sign that there's not much interest in this franchise.

#**THIS WEEKEND**

Three newcomers arrive in wide release.

The big release is WB's ***One Battle After Another***, the newest film from Paul Thomas Anderson. Headlined by Leonardo DiCaprio, it follows a group of ex-revolutionaries who reunite to rescue the daughter of one of their own after an enemy resurfaces. The film has enjoyed incredible reviews (97% on RT, 96 on Metacritic) and WB even secured IMAX screenings for the film. WB is certainly enjoying an incredible streak at the box office. But with the exception of ***Boogie Nights*** and ***There Will Be Blood***, PTA's films are known for flopping at the box office. On its advantage, this is his first film playing at more than 3,000 theaters and securing PLF screenings. But it's still carrying a high $130 million budget, which means it's gonna need over $300 million worldwide just to break even. Pressure is very high on this one. If the opening weekend begins with a ""2"", that's definitely gonna be a very disappointing figure. It'll need to make a big first impression.

DreamWorks is also releasing ***Gabby's Dollhouse: The Movie***, a continuation of the Netflix series. There aren't many options for kids right now, given that ***The Bad Guys 2*** is almost 2 months old and on its way out of theaters. Perhaps it can surprise.

And Lionsgate is also releasing ***The Strangers – Chapter 2***, almost one year and a half after ***Chapter 1*** hit theaters. Despite its poor reception, it still made $48 million. But with such a gap and very little good will for this ""trilogy"", it's very unlikely it can reach those numbers.

____________________________________________________________________________________________

If you're interested in following the box office, come join us in r/BoxOffice.",1758578776.0,0.83,69,0,Weekly Box Office,SanderSo47,12,True,1,False,text
movies,1npb35g,New “Wicked: For Good” Poster,0,https://reddit.com/r/movies/comments/1npb35g/new_wicked_for_good_poster/,https://i.redd.it/4zj6uo7qy3rf1.jpeg,,1758717718.0,0.37,0,0,Poster,NoCulture3505,13,True,1,False,image
movies,1nnrrpo,Movies that say the title of the movie the most?,152,https://reddit.com/r/movies/comments/1nnrrpo/movies_that_say_the_title_of_the_movie_the_most/,https://www.reddit.com/r/movies/comments/1nnrrpo/movies_that_say_the_title_of_the_movie_the_most/,"I just watched the 4k restoration of Linda Linda Linda, a 2004 or 2005 Japanese movie about a high school band.  As they are covering The Blue Hearts song Linda Linda Linda, it gets said a lot.  I was wondering what movie has the name of the movie said in it the most?

Also, which time was the most meta/tongue in cheek? I remember in Deathstalker II the villain says something like ""I'll get you, and Deathstalker too!""

  
Edit:  Wow, there are a lot more than I initially thought!  I wasn't really thinking of movies where the title is the main character's name, like Superman, but that makes sense.  Also the movie 'Fuck' ",1758559734.0,0.84,152,0,Discussion,Unable_Car_5539,218,False,0,False,text
movies,1norf1f,Cursed - 2004 - a review from 2025's perspective,2,https://reddit.com/r/movies/comments/1norf1f/cursed_2004_a_review_from_2025s_perspective/,https://www.reddit.com/r/movies/comments/1norf1f/cursed_2004_a_review_from_2025s_perspective/,"In looking for something, anything, to take our minds off of living in 2025, my wife and I recently watched 2004's Cursed, directed by Wes Craven. This movie stars Christina Ricci, Judy Greer, Joshua Jackson and Jessie Eisenberg and its very 2004. 

If you are looking for a hard hitting, scary werewolf movie then look elsewhere because this movie would literally be scarier if the leads were being attacked by furries taking things too far. The downfall of many werewolf movies is when the wolf looks too much like a crazy stuffed animal come to life. That's happening here. 

Also, this movie is full of people that have acted before and acted since, but you'd think this was the first time anyone in this movie had ever been in front of a camera. I can't blame the actors for bad acting in a movie with a script as bad as this movie. It also feels like Wes Craven shot this as some sort of contractual obligation or in between bigger projects he wanted to do. 

I could go into the plot of this movie, but it's basically a young lady  and her nerdy brother turning into werewolves and its probably the fault of the lead's mysterious boyfriend or her romantic rival. Part of this movie takes place behind the scenes of the Craig Kilborn show (remember that?) and some of the plot concerns Scott Baio's appearance and then being cut from an episode. Also, Ricci's boyfriend played by Jackson is opening some weird goth/horror nightclub that looks doomed to failure. 

The plot doesn't make a lot of sense and the dialogue is spotty, but really the fun of this movie is that it takes place in 2004. Everyone is wearing styles from that time and it's in an America that seems young, fun and exciting. People are unironically enjoying Bowling For Soup, listening to cheesy Nu-Metal and having a good time. Nothing in this movie is that serious despite all the death and dismemberment and you can just relive 2004, a time I never, ever thought I'd be nostalgic for. 

No one in this movie has that post-pandemic look about them. We all have it now. We've all seen some shit. No one in that movie is upset about politics. Trump is still just some weird rich guy that's on TV sometimes. No mention of him or his stupid politics in the movie. Yes, this is a Bush era movie, but this movie touches on none of it because its focused on young adults/teens and that was a time where politics were generally for older people to worry about. Imagine that, politics were boring for most people. 

I do have to caution that there is homophobia from that time creeping in this movie. The trope of the homophobic high school bully in the movie turning out to be in the closet is a very 2004 subplot. Not the best aspect of this movie, but at least he stops being a bully and becomes a friend. You feel that this movie is trying to be positive, but maybe misses the mark. Then again, according to my daughter, 16 year old boys still call each other boys gay all the time and she would know as she and most her friends are LGTBQ+.

In the end, I recommend this movie if you want to teleport yourself to a different America. Like an alternate dimension. An America that doesn't exist anymore.",1758656966.0,0.53,2,0,Discussion,black_flag_4ever,15,False,0,False,text
movies,1nnsgtc,Daniel-Day Lewis on how Anemone rekindled his acting career,129,https://reddit.com/r/movies/comments/1nnsgtc/danielday_lewis_on_how_anemone_rekindled_his/,https://www.empireonline.com/movies/news/anemone-reignited-daniel-day-lewis-acting-career-im-not-going-to-shy-away-from-it/,,1758561300.0,0.82,129,0,Article,ThinWhiteDuke00,33,False,0,False,text
movies,1no1c8b,Horror with satisfying endings,33,https://reddit.com/r/movies/comments/1no1c8b/horror_with_satisfying_endings/,https://www.reddit.com/r/movies/comments/1no1c8b/horror_with_satisfying_endings/,"One thing I don't like about horror / supernatural films is that they build up to all this wild creepy stuff happening but don't give a satisfying answer to how or why things pan out the way they do or just generally fall apart in the 3rd act.

What's your recommendation for horror/supernatural/paranormal genre films that ave a satisfying explanation/ending?

For reference some of my faves are Us, The others, Cabin in the woods, Event horizon (my pick for most scary).",1758582055.0,0.74,33,0,Discussion,HumanTraffic2,85,False,0,False,text
movies,1no05jj,Pine oil in Training Day (2001),39,https://reddit.com/r/movies/comments/1no05jj/pine_oil_in_training_day_2001/,https://www.reddit.com/r/movies/comments/1no05jj/pine_oil_in_training_day_2001/,"When Alonzo tells Jake that a gas chamber smells like pine oil, is he talking about the smell of the gas itself? Or is he implying they use Pine-Sol to clean the chamber? There are a lot of references that I've had to look up to understand, like SHU Program and Pelican Bay. Interestingly, all of these references come from the same scene.",1758578948.0,0.75,39,0,Question,CzeckeredBird,27,False,0,False,text
movies,1npa43m,Anyone tired of this youtube movie reviewer trend?,0,https://reddit.com/r/movies/comments/1npa43m/anyone_tired_of_this_youtube_movie_reviewer_trend/,https://www.reddit.com/r/movies/comments/1npa43m/anyone_tired_of_this_youtube_movie_reviewer_trend/,Where the reviewer cosplays whatever from the movie they are reviewing in the thumbnail. Idk why it annoys me but probably because so many do it. They all copy each other like sheep. For example on a recent video of geeking with James he is reviewing the smashing machine so he is hoping up a weight and wearing a ufc shirt. ,1758714952.0,0.19,0,0,Discussion,Itiswrittenkjv1611,12,False,0,False,text
movies,1nmvcoz,"‘Demon Slayer: Infinity Castle’ Passes $550M Globally, Officially the Top-Grossing Anime Film of All Time",13691,https://reddit.com/r/movies/comments/1nmvcoz/demon_slayer_infinity_castle_passes_550m_globally/,https://www.hollywoodreporter.com/movies/movie-news/box-office-demon-slayer-edging-out-him-for-no-1-1236376666/,,1758469498.0,0.93,13691,0,News,MarvelsGrantMan136,1085,False,0,False,text
movies,1nn78hk,First Poster for Horror Film “Primate”,1999,https://reddit.com/r/movies/comments/1nn78hk/first_poster_for_horror_film_primate/,https://i.redd.it/4gvxk8ygtlqf1.jpeg,,1758498025.0,0.94,1999,0,Poster,KillerCroc1234567,231,True,1,False,image
movies,1nombxl,NYC's Paris Theater: 50th Anniversary 'Grey Gardens' Screening with Julia Fox,1,https://reddit.com/r/movies/comments/1nombxl/nycs_paris_theater_50th_anniversary_grey_gardens/,https://www.indiewire.com/news/general-news/nyc-paris-theater-grey-gardens-screening-julia-fox-1235152555/,,1758645459.0,0.52,1,0,Discussion,indiewire,0,False,0,False,text
movies,1nnzg7f,"Ed O’Neill, Danielle Brooks, John Higgins Join Cameron Diaz in Action Comedy ‘Bad Day’ (Exclusive)",29,https://reddit.com/r/movies/comments/1nnzg7f/ed_oneill_danielle_brooks_john_higgins_join/,https://www.hollywoodreporter.com/movies/movie-news/ed-oneill-danielle-brooks-john-higgins-cameron-diaz-1236377402/,,1758577216.0,0.75,29,0,News,lawrencedun2002,2,False,0,False,text
movies,1nou2df,Has anybody seen SICCIN all parts?,0,https://reddit.com/r/movies/comments/1nou2df/has_anybody_seen_siccin_all_parts/,https://www.reddit.com/r/movies/comments/1nou2df/has_anybody_seen_siccin_all_parts/,"I want to know if anybody has ever seen siccin all parts. It's a Turkish horror movie. Is it worth watching? Or is it too much to watch?

Honest reviews only. I'm thinking to watch it all the parts cause I'm a great horror movie fan.

SİCCÎN is a Turkish supernatural horror franchise with multiple installments it’s dark and not for the faint-hearted. ",1758663088.0,0.4,0,0,Discussion,rebelliousbrownie9,7,False,0,False,text
movies,1np1iiw,"Why is the 2010 indie romance ""Sunday's At Tiffany's"" trending on iTunes?",0,https://reddit.com/r/movies/comments/1np1iiw/why_is_the_2010_indie_romance_sundays_at_tiffanys/,https://www.reddit.com/r/movies/comments/1np1iiw/why_is_the_2010_indie_romance_sundays_at_tiffanys/,"I'm just curious- all the expected titles on the top 100: new releases of high profile films like Fantastic Four: First Steps, Mission: Impossible: Final Reckoning, Weapons, F1, Superman, etc. etc. so then why is the random 2010 movie ""Sunday At Tiffany's"" in the top films right now? Anybody know? I'm morbidly curious.",1758683544.0,0.15,0,0,Discussion,Appropriate_Formal64,4,False,0,False,text
movies,1nnt2c0,"'If Beale Street Could Talk' (2018) - Agape Scene - Directed by Barry Jenkins, Composed by Nicholas Britell",53,https://reddit.com/r/movies/comments/1nnt2c0/if_beale_street_could_talk_2018_agape_scene/,https://v.redd.it/d2usuvytwqqf1,,1758562630.0,0.71,53,0,Media,BunyipPouch,11,False,0,False,text
movies,1noq16a,"Benny Safdie Picks His Favorite Shots From Uncut Gems, The Smashing Machine and More",0,https://reddit.com/r/movies/comments/1noq16a/benny_safdie_picks_his_favorite_shots_from_uncut/,https://youtu.be/zhtFpgJuNVs,,1758653801.0,0.48,0,0,Media,HeStoleMyBalloons,0,False,0,False,text
movies,1nn73kk,"Elaine Merk Binder, One of the Last Surviving Munchkins from ‘The Wizard of Oz’, Dies at 94",1473,https://reddit.com/r/movies/comments/1nn73kk/elaine_merk_binder_one_of_the_last_surviving/,https://variety.com/2025/film/news/elaine-merk-binder-dead-munchkin-wizard-of-oz-1236525749/,,1758497636.0,0.97,1473,0,News,MoneyLibrarian9032,35,False,0,False,text
movies,1nn8eva,What are the things that seem very easy in movies but are difficult in real life?,1104,https://reddit.com/r/movies/comments/1nn8eva/what_are_the_things_that_seem_very_easy_in_movies/,https://www.reddit.com/r/movies/comments/1nn8eva/what_are_the_things_that_seem_very_easy_in_movies/,"What are the things that seem very easy in movies but are difficult in real life?

I'll go first: For me it's hackers/hacking - in many movies there's always a guy with a small laptop in a backpack that can hack into Million dollar systems in less than 5 mins without breaking a sweat.

I have been writing software code for atleast a few solid years now and I can't even hack into the open source software program that I wrote, that is running on my computer where I have full access to the code and the program.",1758501360.0,0.92,1104,0,Discussion,Commercial-Catch-680,1410,False,0,False,text
movies,1np2ny0,Who framed roger rabbit,0,https://reddit.com/r/movies/comments/1np2ny0/who_framed_roger_rabbit/,https://www.reddit.com/r/movies/comments/1np2ny0/who_framed_roger_rabbit/,"I have a theory when it comes to Eddie's Toon gun in the movie who framed a roger?Rabbit.  I don't mean the bullets I mean the actual gun itself. In the real world, it's a toon gun in toon town it's a real gun, but the bullets are characters, so they stay toons. Anybody who's ever seen this movie knows that the movies are practically perfect, but that always bothered me a little. Why didn't all of a sudden in tomtown turned to a real gun? But then I kind of figured, maybe it's just the opposite.It's toon outside in a real world and real in toon town . Does anyone else have an alternate explanation? But that's just my theory what's yours?",1758687194.0,0.19,0,0,Discussion,Few-Chemical-5165,9,False,0,False,text
movies,1nozb0a,American runs of films with violence or gore edited heavily.,0,https://reddit.com/r/movies/comments/1nozb0a/american_runs_of_films_with_violence_or_gore/,https://www.reddit.com/r/movies/comments/1nozb0a/american_runs_of_films_with_violence_or_gore/,"So I'm from the UK and I'm in the US, Orlando. I am watching a Gladiator rerun on the hotel TV this evening and have noticed that so much of it has been edited, I assume to be palatable for a wider audience. Honestly, what's the point? There's so much violence and gore all over other media yet films are massively edited for TV. It might seem silly for me to feel annoyed about this but I am, it completely detracts from the entire film. ",1758677088.0,0.43,0,0,Discussion,T43ns43bl3d,34,False,0,False,text
movies,1nnnkww,"AMA/Q&A Announcement - David Zucker - Friday 9/26 at 3:00 PM ET - Comedy legend known for directing/writing 'Airplane!', 'The Naked Gun 1 & 2', 'Scary Movie 3 & 4', 'BASEketball', 'Top Secret!', and lots more.",64,https://reddit.com/r/movies/comments/1nnnkww/amaqa_announcement_david_zucker_friday_926_at_300/,https://i.redd.it/k8vhvgtk4qqf1.png,,1758550342.0,0.77,64,0,Announcement,BunyipPouch,15,True,1,False,image
movies,1nns6bv,Return of the Living Dead writer/director Dan O'Bannon on getting real skeletons for movie props,34,https://reddit.com/r/movies/comments/1nns6bv/return_of_the_living_dead_writerdirector_dan/,https://www.youtube.com/watch?v=_Cc8cj6PAKk,,1758560636.0,0.74,34,0,Media,OatSoyLaMilk,2,False,0,False,text
movies,1nn3pwk,Amy Poehler Discusses The Academy Overlooking And Rarely Awarding Oscars To Pure Comedies,1382,https://reddit.com/r/movies/comments/1nn3pwk/amy_poehler_discusses_the_academy_overlooking_and/,https://www.ign.com/articles/amy-poehler-thinks-its-hot-bullst-that-the-oscars-rarely-award-pure-comedies,,1758488851.0,0.92,1382,0,News,ChiefLeef22,198,False,0,False,text
movies,1nnur4h,"""Dancer in the Dark"": What are your thoughts on the ending?",26,https://reddit.com/r/movies/comments/1nnur4h/dancer_in_the_dark_what_are_your_thoughts_on_the/,https://www.reddit.com/r/movies/comments/1nnur4h/dancer_in_the_dark_what_are_your_thoughts_on_the/,"I mean, at least it wasn't as exploitative and hard to watch as Bess in Breaking the Waves. 

Bjork had a really bad experience making the movie because she didn't get along with Lars Von Trier, so much so she quit acting. She only did two movies afterwards and even those were small parts. Pity, because Bjork could act jer ass off. 

Von Trier wanted Selma to behave like a moron, just like Bess, and Bjork refused to do that, she wanted to make Selma smarter and more independent. 

The ending felt pretty contrived to me. The nice neighbor turns psycho and begs Selma to kill him. And after she accidentally shoos him, she starts running and singing and then decides she'll plea guilty and be hanged so her son can keep the money for his surgery to save his eyesight. Does that seem like a logical ending? 

Either way, I loved it. It didn't make me angry like in Breaking the Waves where Jan is a pig who is responsible for Bess's death and we're supposed to be happy about how her sacrifice saved Jan. He forced her to degrade herself for sex. 

Dancer in the Dark gives Selma ownership on her fate and it felt more dignified with the song and Siobhann Fallon as a support system. That's just me!",1758566348.0,0.7,26,0,Spoilers,LaserDiscCurious,18,False,0,False,text
movies,1notd6s,Name another film that has several great one-liners/quotes,0,https://reddit.com/r/movies/comments/1notd6s/name_another_film_that_has_several_great/,https://www.reddit.com/r/movies/comments/1notd6s/name_another_film_that_has_several_great/,"Beacuse I am stil a kid at heart, I'll start with **The Incredibles**. Some of my favourite quotes are:

* ""And when everyone's super... **no one will be.**"" *This quote is said by Syndrome, the main villian of the film, once he captures the entire family. He planed to make everyone a superhero in his city, but in doing so everyone would become equal, therefore it would be as if the city never had powers to begin with.*
* ""See? Now you respect me because **I am a threat.**"" *Also said by Syndrome, when he successfully thrashes Mr Incredible with his machine and introduces himself earlier into the movie. Mr Incredible apologises for his harsh attitude to Syndrome when he was a young ""fan"" (Incrediboy) but Syndrome's arrogance makes him feel more powerful than he really is, ignoring his apology and heightening his ego.*
* ""Coincidence? **I think NOT!**"" *This is said by Dash's teacher, Bernie, who goes on an entire tangent accusing Dash of placing pins in his chair, towards his headteacher, but since Dash is too fast, the camera is unable to catch the exact frame of Dash leaving to place the pins in his chair. With flawed evidence, Dash is dismissed by the headteacher, much to his delight and to Bernie's annoyance.*",1758661432.0,0.45,0,0,Discussion,Squad_Checkmate,75,False,0,False,text
movies,1nouun2,Anybody think they should remake The Net 1995,0,https://reddit.com/r/movies/comments/1nouun2/anybody_think_they_should_remake_the_net_1995/,https://www.reddit.com/r/movies/comments/1nouun2/anybody_think_they_should_remake_the_net_1995/,I just rewatched this the other night and the concept would be cool to do with modern technology and CGI. The storyline really isn't that far-fetched from then to now. They would probably have to rethink the whole bit about border security but the whole identity modification bit could be really played up with high resolution terminals and computers/cell phones.,1758664990.0,0.35,0,0,Discussion,meuchels,10,False,0,False,text
movies,1nonhvt,"Movies with intentional continuity""errors""",0,https://reddit.com/r/movies/comments/1nonhvt/movies_with_intentional_continuityerrors/,https://www.reddit.com/r/movies/comments/1nonhvt/movies_with_intentional_continuityerrors/,"I'm interested in checking movies out that have ""continuity errors"" that end up adding to the story after multiple viewings. Like a scene with characters that either change from edit to edit, or a character holds or wears something that changes, and it matters for the story at large. Maybe like Shutter Island, though I don't know that it plays games like that. Thanks!",1758648074.0,0.44,0,0,Discussion,Zealousideal_Box1512,13,False,0,False,text
movies,1noddmu,"Poster for 'The Yellow Tie', upcoming biopic covering the life of famous composer Sergiu Celibidache",2,https://reddit.com/r/movies/comments/1noddmu/poster_for_the_yellow_tie_upcoming_biopic/,https://i.redd.it/837f1npe1wqf1.png,,1758622029.0,0.53,2,0,Poster,FluffyCoconut,3,True,1,False,image
movies,1nour2r,Terrifier Franchise The Most Disturbing Yet Addictive.,0,https://reddit.com/r/movies/comments/1nour2r/terrifier_franchise_the_most_disturbing_yet/,https://www.reddit.com/r/movies/comments/1nour2r/terrifier_franchise_the_most_disturbing_yet/,"I absolutely loved Terrifier, all parts of it. There’s something about Art the Clown that’s both terrifying and fascinating at the same time. It’s not just the gore (which is on another level), but the sheer unpredictability of the story and how unapologetically brutal it is. Most horror movies I’ve seen follow the same formula, but Terrifier feels raw, shocking, and almost too real at times.

I know it’s not everyone’s cup of tea because of how graphic it gets, but for me, that’s exactly why it stands out. It’s rare to find horror that actually unsettles you long after watching. Honestly, I can’t wait to see what they do in the next installment.
",1758664747.0,0.38,0,0,Review,rebelliousbrownie9,10,False,0,False,text
movies,1novgoh,"I can’t stand the criticism that “there are no original movies, only superheroes and remakes”",0,https://reddit.com/r/movies/comments/1novgoh/i_cant_stand_the_criticism_that_there_are_no/,https://www.reddit.com/r/movies/comments/1novgoh/i_cant_stand_the_criticism_that_there_are_no/,"The reason I can’t stand this criticism, is because 1. It’s not true, and 2. All of the people who say this, don’t watch original new films. Many moronic movie YouTubers like critical drinker and Nerdrotic, constantly say they only make superheroes and remakes and no original films are made. However many are, A24 is an entire industry dedicated solely to making nothing but original unique films. Many directors such as Paul Thomas Anderson are constantly making great original films.

But the people that run these channels, who say this, ONLY make content dedicated to superhero and remake films. They complain about them, but that’s all that they review. Do they go see original films, no. Do they review them, no. Do they give any attention to them, no. If people want more original films, then they should see them and make them the highest grossing films of the year, more original films will be made that way. 

I’m sick of people who complain about no originality, then let so many great original films completely bomb at the box office, and then fly off the radar and be completely forgotten. Eddington was a great film that completely flew under the radar and bombed. PTA’s new film One Battle After Another is a film by a very talented director with a huge budget and stacked cast, do these channels talk about it? Nope, not a word. It’s gonna completely bomb and barely be discussed. People who don’t see original films, shouldn’t complain that there are no original films, because they are completely contributing to this misconception that “there is no originality” by not giving original films any attention and constantly reviewing the regurgitated slop that they claim to hate so much.",1758666527.0,0.45,0,0,Discussion,These_Feed_2616,26,False,0,False,text
movies,1noypxh,Speculation: Tron:Ares,0,https://reddit.com/r/movies/comments/1noypxh/speculation_tronares/,https://www.reddit.com/r/movies/comments/1noypxh/speculation_tronares/,"Right off the top, I have not seen Tron:Aries yet. I was just listening to the soundtrack and a wild thought crossed my mind, I don’t know why, it just did. What if the reason that the grid is actually able to make it’s way into the real world, isn’t because of some technological advancement, but because of the fact that our world is also a grid! That’s right, our world is a simulation. It’s turtles all the way down!",1758675397.0,0.24,0,0,Spoilers,MrLuddite,7,False,0,False,text
movies,1novnaz,What theme is gonna be the next big trend for movies?,0,https://reddit.com/r/movies/comments/1novnaz/what_theme_is_gonna_be_the_next_big_trend_for/,https://www.reddit.com/r/movies/comments/1novnaz/what_theme_is_gonna_be_the_next_big_trend_for/,"The MCU is finally at its end. 

Star Wars/ Star Trek is fading. 

The whole Twilight/Vampires/Werewolf phase is over. 

Harry Potter is done.

Zombies are dead.

Jurassic Park is fading away.

Fast and Furious is over.

Bond is boring.

Barbieheimer faded faster than a summer tan.

There’s always a new trend or fad that it seems like the whole world embraces (or at least the US).

What are your thoughts? Period pieces? Cartoons? AI? 

Is there something already starting? Or is the future of cinema merely rebooting old IPs, and doing sequels, prequels, and origin stories?

Don’t get me wrong. I love Beetlejuice and Freaky Friday as much as anyone, but I really don’t want to see an updated The Breakfast Club or Ferris Buehler. 

**So what’s next for us?**

",1758666997.0,0.32,0,0,Discussion,infinitum3d,24,False,0,False,text
movies,1noh3b1,THE KITCHEN BRIGADE | Theatrical Trailer,0,https://reddit.com/r/movies/comments/1noh3b1/the_kitchen_brigade_theatrical_trailer/,https://www.youtube.com/watch?v=y8BOQBf10fk,,1758633312.0,0.48,0,0,Trailer,Bennett1984,2,False,0,False,text
movies,1nov6w1,Why is nobody talking about Xeno?,0,https://reddit.com/r/movies/comments/1nov6w1/why_is_nobody_talking_about_xeno/,https://www.reddit.com/r/movies/comments/1nov6w1/why_is_nobody_talking_about_xeno/,"I just got back from this movie today and was surprised how good it actually was, especially for something in the family/adventure genre.  It reminds me of another movie I saw I saw this year “Sketch” which is trying to be kind of a throw back to 80s family movies like ET and Gremlins.  At the same time I feel like there’s also a complete rejection by audiences to these type of movies for some reason despite both being pretty high quality on a smaller budget (Especially Sketch since it was pretty heavily marketed with a wide release).  Maybe they’ll get strong word of mouth and eventually become cult classics,  but I’m just surprised how buried these movies are, especially Xeno since I’ve seen zero marketing or discussion about it.  Anyway, check those movies out if ya haven’t. They’re great.  Peace!",1758665834.0,0.16,0,0,Discussion,boobanana83,13,False,0,False,text
movies,1noyqp2,"Ranking and Reviewing Every Movie I've Ever Seen, Part 2: Final Destination 2",0,https://reddit.com/r/movies/comments/1noyqp2/ranking_and_reviewing_every_movie_ive_ever_seen/,https://www.reddit.com/r/movies/comments/1noyqp2/ranking_and_reviewing_every_movie_ive_ever_seen/,"https://preview.redd.it/qg53fizsd0rf1.jpg?width=220&format=pjpg&auto=webp&s=17e86b2799cdfa39515da5627f6b3aa8bf8bd69f

* Ranked 147 out of 1,591
* 7/10 on IMBD
* 4 out of 5 on Letterboxd

It is very rare, in my opinion, where a sequel is better than the original. I believe this is one of those rare occasions. 

The sequel to Final Destination, properly titled Final Destination 2, is done much better than the original. The death scenes are better, the tie backs to the original are great, I think the characters are better too. It might be due to how I can relate to the older cast in the sequel vs. the younger cast in the original. But it's just done better overall. There is a down side to not really having a satisfying update on one of the main characters in the original (trying not to give spoilers). But overall this is the movie in the series that people think about. The highway death scene....that is some people's worst nightmare come to life.

As a whole, I would highly recommend the whole Final Destination franchise of movies. They do start to go a bit downhill after the 2nd one, but they are always a wild ride to watch with suspense and blood. What more could you ask for?!  But this is a classic in my opinion. This movie was made in 2002 and it still gives people nightmares about a certain scenario. I know without the original, the sequel doesn't exist, however, it's better in every single metric in my opinion. Faster paced, keeps your attention a bit more than the original. The list goes on. You are missing out if you haven't watched this at least once in your life.

",1758675457.0,0.18,0,0,Review,WeAreFlashingImages,8,True,1,False,text
movies,1np2wil,Why does Leonardo DiCaprio exclusively play buffoons now?,0,https://reddit.com/r/movies/comments/1np2wil/why_does_leonardo_dicaprio_exclusively_play/,https://www.reddit.com/r/movies/comments/1np2wil/why_does_leonardo_dicaprio_exclusively_play/,"I’m a big fan of Leonardo DiCaprio, but it feels like The Revenant is the last full-on dramatic performance he’s given, which is shocking to say considering he has always been a dramatic actor. Ever since then, it feels like he’s constantly playing a variation of a buffoon, with a little distinction, whether it’s a stoner buffoon (One Battle After Another), an ignorantly evil buffoon (Killers of the Flower Moon) or a washed-up, alcoholic buffoon (Once Upon a Time in Hollywood). Even in Don’t Look Up, where he’s meant to play an intelligent guy, he has a lot of those buffoon moments. It’s a solid archetype, but now that he’s done it for his last 4 movies, it feels like he’s getting dangerously close to being one of those actors who plays the same role in every movie. Why has Leo decided to go down this route? And how do you feel about it? ",1758688011.0,0.21,0,0,Discussion,KatherineLangford,26,False,0,False,text
movies,1noo6qy,"GOODFELLAS fans, submit your thoughts & comments!",0,https://reddit.com/r/movies/comments/1noo6qy/goodfellas_fans_submit_your_thoughts_comments/,https://www.reddit.com/r/movies/comments/1noo6qy/goodfellas_fans_submit_your_thoughts_comments/,"Hi all, I'm an entertainment journalist and podcast host of ""Actors With Issues"" and our returning spin-off podcast ""Once Upon A Time At The Movies"" celebrates a film hitting a milestone that month. In 2023, we covered Halloween and The Way We Were.

This month's film is Goodfellas, which is celebrating its 35th anniversary. 

We invite anyone who is a fan of the movie to leave their comments below for a chance to be featured in the episode, which will release next week before the end of the month. What are your likes? Dislikes? Favorite scene? Standout performance? Why has this film stood the test of time? Let us know! ",1758649654.0,0.38,0,0,Discussion,iJuanAyala,16,False,0,False,text
movies,1nojlxv,What are your favourite bits of Robin Williams improv used in non-comedy movies?,0,https://reddit.com/r/movies/comments/1nojlxv/what_are_your_favourite_bits_of_robin_williams/,https://www.reddit.com/r/movies/comments/1nojlxv/what_are_your_favourite_bits_of_robin_williams/,"In one of my favourite movies, Good Will Hunting, he improvised “he stole my line”. But I can’t remember any other improv in drama movies.   He did a ton of improv in things like Aladdin and Mrs.Doubtfire, but those it was expected.  What examples can you remember of his improv making it to the Final Cut of something that wasnt a comedy?",1758639371.0,0.47,0,0,Discussion,flight_recorder,7,False,0,False,text
movies,1nn73ye,"What film has the most realistic depiction of characters making ""stupid"" decisions due to stress, fear, pain, hubris, lack of knowledge, experience or planning?",452,https://reddit.com/r/movies/comments/1nn73ye/what_film_has_the_most_realistic_depiction_of/,https://www.reddit.com/r/movies/comments/1nn73ye/what_film_has_the_most_realistic_depiction_of/,"In Alien - Dallas should never have requested access to the Nostromo after an immobilised Kane is brought back. He's the captain and knows safety protocols.

I'm sure there's lots of other great scenes where resourceful smart people are acting on their feet and don't have the gift of hindsight.

What's your favourite?",1758497667.0,0.91,452,0,Discussion,gogoluke,369,False,0,False,text
movies,1nou9vg,Could Future Original Animated Films Get a Tax Write Off?,0,https://reddit.com/r/movies/comments/1nou9vg/could_future_original_animated_films_get_a_tax/,https://www.reddit.com/r/movies/comments/1nou9vg/could_future_original_animated_films_get_a_tax/,"After Elio flopped, original theatrical animation is probably DOA in theaters. Better off on streaming like with K-Pop Demon Hunters.

I have a bad feeling Hoppers, Hexed and Gatto and all future original films from Disney will all get a tax write off by Bob Iger if he wants to save money and only prioritize on Avengers: Doomsday, endless live action remakes and endless sequels forever.

Zaslav set the standard for erasing movies that won’t make a profit. What if Elio got the Turning Red, Soul and Luca treatment or the Batgirl treatment and become property of the IRS? ",1758663593.0,0.18,0,0,Discussion,rwinger24,11,False,0,False,text
movies,1nouc2o,"What are your thoughts on Tom Cruise's iconic ""Cocktail"" (1988), where he plays a college graduate who goes from swinging beer bottles to being a kept boy for rich, older women? Featuring Kokomo and Elisabeth Shue's shrieking",0,https://reddit.com/r/movies/comments/1nouc2o/what_are_your_thoughts_on_tom_cruises_iconic/,https://www.reddit.com/r/movies/comments/1nouc2o/what_are_your_thoughts_on_tom_cruises_iconic/,"This is such a weird movie to watch as a millennial. I was a teenager when I first saw it and was floored that this guy decided to chase money and fame by becoming a bartender. Plus the music is atrocious. It was so weird. I guess young people today are kind of like that though expecting fame and money when they have no special skills or education. Gina Gershon looks great in it though.

Also, talk about naivete and delusions of grandeur. The character Tom Cruise plays is so sure he’ll take New York by storm even though he has no special skills and a minimal education. Then he goes on to believe he’ll find wealth through bartending. 

When he moved on from that, he suddenly became an older rich woman's kept boy. Of course Elisabeth Shue plays the scorned ex who ends up screaming her guts out on the 80% of her screen time.",1758663736.0,0.36,0,0,Discussion,LaserDiscCurious,11,False,0,False,text
movies,1nomnay,Kid - Music Drama,0,https://reddit.com/r/movies/comments/1nomnay/kid_music_drama/,https://youtu.be/HAWvnFScuVk?si=ZudCl3w4iwgmmspC,"A rising music producer lands a career-defining record deal with everything on the line — but as the deadline looms, so does the risk of losing his family. Caught between chasing his dreams and the chaos at home, he must choose what matters most before it all falls apart.

Made for £4k. The film premiered at the Manchester Film Festival and is now BIFA qualifying. Out now on Prime Video, YouTube Movies and more.",1758646168.0,0.36,0,0,Trailer,RyanJSmithMovies,0,False,0,False,text
movies,1novy4i,What really grinds your gears when you see it in a movie?,0,https://reddit.com/r/movies/comments/1novy4i/what_really_grinds_your_gears_when_you_see_it_in/,https://www.reddit.com/r/movies/comments/1novy4i/what_really_grinds_your_gears_when_you_see_it_in/,"There are some things in movies or TV shows that make me cringe when I see them.

One of them is security camera angles. 
When reviewing security footage, sometimes the images are just the scene itself (that we already saw), in the exact same angle, with some added grain and tint. Security cameras aren't placed 5 feet high facing the person head on, they are in the corner of the room 9-feet hig at least. I know it is cheaper to reuse footage, but it also cheapens the experience of watching it. 

Another is people sleeping that don't wake up when someone enters the room, sits beside them, tucks a loose strand of hair behind the ear and give them a kiss on the forehead. 
They can't be that heavy sleepers, unless they drained an entire bottle of wine or vodka beforehand. 
I wake up as soon as someone enters the room, let alone kiss me on the forehead. I would instinctively punch them in the face from the scare alone. 

CPR. Come on, people, it is not so difficult to at least learn the correct position to do it. 
Punching the chest won't work, and neither will just pushing with your hands, without any weight behind it. 
They don't have to get the timing right, nor have to call emergency services on their phone while doing compressions. Just get the position correct, it literally takes only 30 seconds to learn it (and who knows, maybe they can actually save somebody for real, sometime). 


What are your ""that really grinds my gears"" moments? 
",1758667774.0,0.27,0,0,Discussion,jovenitto,59,False,0,False,text
movies,1nmtwyy,Michael Mann Confirms 'Heat 2' Remains In Active Development And Possibly Shooting In 2026,1867,https://reddit.com/r/movies/comments/1nmtwyy/michael_mann_confirms_heat_2_remains_in_active/,https://variety.com/2025/film/festivals/michael-mann-heat-ensemble-film-al-pacino-sequel-busan-1236525523/,,1758466100.0,0.95,1867,0,News,ChiefLeef22,192,False,0,False,text
movies,1nollyg,The Godfather Part II (1974): What are your feelings on the Michael and Fredo dilemma: was Michael wrong or can you see and understand his side?,0,https://reddit.com/r/movies/comments/1nollyg/the_godfather_part_ii_1974_what_are_your_feelings/,https://www.reddit.com/r/movies/comments/1nollyg/the_godfather_part_ii_1974_what_are_your_feelings/,"What Fredo did was beyond anything a brother would do. He purposefully collaborated on the attempted murder of Michael and his family and his excuse of not knowing they'd try to kill Michael, I don't buy it. He knows the world he and Michael lived in, how their dad nearly died after getting shot. 

Fredo always came across as immature, insecure and unpredictable. Regardless of anything, keeping Fredo alive was a risk for Michael, even if he had it in his heart of forgiving, because how would he know if Fredo wouldn't try again or snitch on Michael? Keeping Fredo alive was always going to be something which placed  Michael and his family's lives in danger. He didn't have a choice. 

The one problem I had was Michael being fake and ""forgiving"" Fredo when he didn't mean it. He just did it so Fredo would trust his sibling again.",1758643859.0,0.44,0,0,Discussion,LaserDiscCurious,35,False,0,False,text
movies,1nntd4l,What is your thoughts on The Blair Witch Project?,12,https://reddit.com/r/movies/comments/1nntd4l/what_is_your_thoughts_on_the_blair_witch_project/,https://www.reddit.com/r/movies/comments/1nntd4l/what_is_your_thoughts_on_the_blair_witch_project/,I’m getting into Halloween mode and threw on the Blair Witch project on a whim. I grew up not far from where they filmed it and it’s always been an interesting film to me. It seems to be one of the only found footage films taken seriously by a selection of prominent film critics. It’s pretty chilling; The paranoia and panic of being lost in the woods feels more realistic in it than other films. I know however a lot of people just find it boring and unsatisfying. The movie is definitely polarizing but I’m curious what the current evaluation is.,1758563300.0,0.59,12,0,Discussion,Melodic-Pollution341,133,False,0,False,text
movies,1nnmh2d,Which film has the most realistic depiction of injury. Either the visceral look or characters reaction and impact on the story?,26,https://reddit.com/r/movies/comments/1nnmh2d/which_film_has_the_most_realistic_depiction_of/,https://www.reddit.com/r/movies/comments/1nnmh2d/which_film_has_the_most_realistic_depiction_of/,"We've all seen the hero get shot, stabbed, strangled,  burned, cut, whipped, slapped, suspended and then dunked in water... and still just carry on.

Whats the opposite? Who has realistic reactions to injury?

One of the Presidents in Point Break says he feels cold then just bleeds out. Poncho in Predator tries to catch a tree with his bare hands breaking his ribs and is incapacitated for the rest of the film.",1758547640.0,0.68,26,0,Discussion,gogoluke,128,False,0,False,text
movies,1nnoyr6,"Roofman | Toys ""R"" Us Featurette (2025 Movie)",17,https://reddit.com/r/movies/comments/1nnoyr6/roofman_toys_r_us_featurette_2025_movie/,https://www.youtube.com/watch?v=GZ98ibGnWME,,1758553481.0,0.65,17,0,Trailer,JamieReleases,2,False,0,False,text
movies,1noabsm,Hard Boiled 4k restoration screening,0,https://reddit.com/r/movies/comments/1noabsm/hard_boiled_4k_restoration_screening/,https://www.reddit.com/r/movies/comments/1noabsm/hard_boiled_4k_restoration_screening/,"I just went to see Hard Boiled in cinema i'm too young to have seen it when it was released so I was pretty excited to experience it on a big screen but it was an horrible experience, the audience was laughing all along the movie, every action sequence, even when you see the babies at the hospital they were laughing there ass off, the audience wasn't teenager , I don't understand, I never thought this movie was funny or ridiculous, it's a masterpiece, this movie inspired action movies for decade, I don't understand people going to see an old movie to laugh at it ,if you think it's bad why going and ruin the experience for other people. ",1758609916.0,0.49,0,0,Discussion,Vinzanity91,51,False,0,False,text
movies,1nor500,When did Pixar go from essential viewing to skippable?,0,https://reddit.com/r/movies/comments/1nor500/when_did_pixar_go_from_essential_viewing_to/,https://www.reddit.com/r/movies/comments/1nor500/when_did_pixar_go_from_essential_viewing_to/,"I'm just curious.

I think Cars 2, but I'm curious what y'all think and why? 

Any theories on the signifier of the decline? 

What was the peak? 

**1990s** 

* **Toy Story** (1995)
* **A Bug’s Life** (1998)
* **Toy Story 2** (1999)

**2000s** 

* **Monsters, Inc.** (2001)
* **Finding Nemo** (2003)
* **The Incredibles** (2004)
* **Cars** (2006)
* **Ratatouille** (2007)
* **WALL-E** (2008)
* **Up** (2009)

**2010s** 

* **Toy Story 3** (2010)
* **Cars 2** (2011) <--- Mine (my guess is the Disney acquisition since these movies take over three years to make) 
* **Brave** (2012)
* **Monsters University** (2013)
* **Inside Out** (2015)
* **The Good Dinosaur** (2015)
* **Finding Dory** (2016)
* **Cars 3** (2017)
* **Coco** (2017)
* **Incredibles 2** (2018)
* **Toy Story 4** (2019)

**2020s** 

* **Onward** (2020)
* **Soul** (2020)
* **Luca** (2021)
* **Turning Red** (2022)
* **Lightyear** (2022)
* **Elemental** (2023)
* **Inside Out 2** (2024)
* **Elio** (2025)",1758656328.0,0.4,0,0,Discussion,kylecords,89,False,0,False,text
movies,1nnjcgw,"Guillermo del Toro opens up about his take on ‘Frankenstein’, with Jacob Elordi playing the creature (New Image)",34,https://reddit.com/r/movies/comments/1nnjcgw/guillermo_del_toro_opens_up_about_his_take_on/,https://www.empireonline.com/movies/news/frankenstein-jacob-elordis-creature-is-so-shockingly-beautiful-in-guillermo-del-toro-adaptation/,,1758538739.0,0.75,34,0,Media,KillerCroc1234567,6,False,0,False,text
movies,1nomf4c,"Do you think time travel can ever make sense in movies, or is it always a paradox?",0,https://reddit.com/r/movies/comments/1nomf4c/do_you_think_time_travel_can_ever_make_sense_in/,https://www.reddit.com/r/movies/comments/1nomf4c/do_you_think_time_travel_can_ever_make_sense_in/,"I’ve seen so many time travel movies where the logic falls apart if you think about it for more than five minutes. Paradoxes, plot holes, rules that change halfway through, you name it. Even classics like the Terminator films or Back to the Future are notorious for this. Has there ever been a story that actually stuck to its own rules and felt consistent?",1758645655.0,0.37,0,0,Discussion,browniebiscuitchildr,75,False,0,False,text
movies,1nmwho0,First Poster for Kristen Stewart’s Directorial Debut ‘The Chronology Of Water’ - Starring Imogen Poots & Thora Birch - A woman becomes a competitive swimmer after surviving an abusive childhood.,1023,https://reddit.com/r/movies/comments/1nmwho0/first_poster_for_kristen_stewarts_directorial/,https://i.redd.it/o5utw4jeojqf1.jpeg,,1758472153.0,0.92,1023,0,Poster,BunyipPouch,136,True,1,False,image
movies,1nncctz,"I remastered one of my favorite MST3K movies to 4K, Mitchell!",123,https://reddit.com/r/movies/comments/1nncctz/i_remastered_one_of_my_favorite_mst3k_movies_to/,https://youtu.be/F60JSFfN-Ac,I found a decent copy of the 1975 film about the sloppy cop played by the late-great Joe Don Baker and upscaled it to 4K and now in its proper 16x9 aspect ratio.  Enjoy some of my favorite parts,1758513058.0,0.8,123,0,Media,watchtower82,32,False,0,False,text
movies,1nmggb2,Christopher Nolan Elected President of Directors Guild of America,23975,https://reddit.com/r/movies/comments/1nmggb2/christopher_nolan_elected_president_of_directors/,https://variety.com/2025/film/news/christopher-nolan-directors-guild-elect-president-1236525332/,,1758421805.0,0.95,23975,0,News,MarvelsGrantMan136,602,False,0,False,text
movies,1noqgqz,Brightburn deserves a sequel,0,https://reddit.com/r/movies/comments/1noqgqz/brightburn_deserves_a_sequel/,https://www.reddit.com/r/movies/comments/1noqgqz/brightburn_deserves_a_sequel/,"I always wanted to see what would happen if Superman came here and became evil.

Now with the new tv show out called “The Boys”, we get to see much more of that.

But I do feel that it hits harder to watch a kid, or even a teen, with those type of powers go around and cause Hell for other ppl. 
That first movie was extremely crazy. Coulda added a lil more but was definitely crazy",1758654775.0,0.35,0,0,Discussion,Historical-Heron241,12,False,0,False,text
movies,1noofp8,A Nolan-esque Pirates of the Caribbean Film (Totally Serious),0,https://reddit.com/r/movies/comments/1noofp8/a_nolanesque_pirates_of_the_caribbean_film/,https://www.reddit.com/r/movies/comments/1noofp8/a_nolanesque_pirates_of_the_caribbean_film/,"
Everyone talks about rebooting Pirates, but I think the original trilogy's world is too rich to abandon. The problem with the later films was a tonal shift. So, what if we went the other way? What if we made a sequel that was a serious, philosophical epilogue to the Age of Piracy, steeped in the themes of Christopher Nolan but also keeping the sense of adventure and humor we see in Inception?

I'm calling this pitch:

Pirates of the Caribbean: THE DUTCHMAN'S GAMBIT

THE LOGLINE: Two decades after the War on Piracy, a disillusioned Captain Jack Sparrow, now hiding in the Royal Navy, is tasked with using experimental technology to erase the mythic Flying Dutchman from history—a mission that forces him to confront the ghost of his past and choose between a safe future or a chance to rewrite his own legacy.

THE SETUP:

· A Changed World: The Age of Piracy is a fading memory. The British Empire, under the cold, calculating Admiral Shaw (Guy Pearce), has nearly stamped out magic and myth in the name of Order and Progress.

· A Hidden Sparrow: Jack is older, weary, and living under the alias ""John Griffin."" (John G.) He's a surprisingly competent Navy Captain, his flamboyance replaced by a cynical restraint. It's the perfect hiding place: who would look for Jack Sparrow in the heart of the institution he despised? Yet, he's haunted by the spectral, taunting form of Hector Barbossa, a manifestation of his guilt over their countless betrayals in the quest for immortality (the Fountain of Youth, the Pearl, etc.).

· The Empire's Weapon: Admiral Shaw introduces Jack to Dr. Alistair Finch (Cillian Murphy), a brilliant scientist who represents the new age. Finch hasn't built a bigger cannon; he's discovered a ""Temporal Current""—a way to sail not across oceans, but through time itself. The Empire's goal isn't just to sink the Dutchman; it's to retroactively erase its existence from history, making a symbolic end to all pirate legends.

THE CONFLICT:

Shaw's plan is simple: Lure the Dutchman by targeting its heart. They will apprehend Elizabeth Swann and her son (who has a rebellious, piratical streak), knowing Will Turner will come for them.

But this mission forces a profound internal struggle in Jack:

1. The Ghost of Barbossa: Barbossa's ghost isn't just for scares. He is Jack's id, his pirate conscience. He constantly mocks Jack's ""cowardice,"" reminding him of their shared history of chasing immortality. ""All that effort for the Fountain,"" Barbossa would sneer, ""and now the Crown hands ye the key to eternity itself. Will ye die a servant to the king, Jack? Or finally seize yer destiny?""

2. The Moral Abyss: Jack is torn. Part of him wants to save Will and Elizabeth, the last remnants of a code he once understood. But a darker, more desperate part sees the Temporal Current as his last, best chance at the immortality he always sought. He begins to fantasize about not just finding the Dutchman, but usurping it. He could become the new Captain, a timeless legend, rewriting his story not as a failed pirate, but as the eternal master of the seas.

3. The Wrath of the Old Gods: The Empire's plan to undo history does not go unnoticed. Tia Dalma/Calypso re-emerges. As the goddess of the sea, the Empire's temporal meddling is an affront to the natural, chaotic order she embodies. She doesn't side with pirates or empires; she seeks to destroy the technology that threatens to unravel the very fabric of her domain. She confronts Jack, not as an ally, but as a force of nature, forcing him to see that his choice has consequences far greater than his personal desires.

THE NOLAN TOUCH:

· Non-Linear Storytelling: The film would weave between the present mission and fragmented, vivid flashbacks of Jack and Barbossa's legendary (and backstabbing) partnerships, showing the roots of Jack's obsession with cheating death.

· Practical Effects & Scale: The Dutchman wouldn't be just a CGI ghost ship. It would be a terrifying, tangible leviathan emerging from unnatural storms. The ""Temporal Current"" would be a visceral, dangerous phenomenon, like sailing into a tidal wave of shattered memories.

· Thematic Depth: This isn't about a treasure chest. It's about legacy, time, and the cost of progress. Is it better for a beautiful, wild legend to die, or for it to be systematically erased as if it never was?

THE CLIMAX:

The final act is a three-way battle in a temporal maelstrom: The Empire's fleet, the monstrous Dutchman, and Calypso's raging seas. Jack, facing Will Turner one last time, is given the ultimate choice: activate the Temporal Current to erase the Dutchman (and his own past), seize the ship for himself, or sabotage the machine.

His final decision wouldn't be for treasure, but for meaning. 

What do you think? Could this tone work for a final, mature chapter for Jack?",1758650210.0,0.17,0,0,Discussion,United_Preparation29,26,False,0,False,text
movies,1no911u,Within (2016),1,https://reddit.com/r/movies/comments/1no911u/within_2016/,https://www.reddit.com/r/movies/comments/1no911u/within_2016/,"Just finished watching Within on TUBI for free. I find it amazing there are films from 2016 I've never seen before. If you're interested in seeing Starlight (The Boys) you're in for a treat. Too bad she wasn't dating Dewy, he would have made quick work of David. 

Have you seen Within? What did you think? Don't ever move into a house a murder was committed in. Honestly the entire film had Sinister vibes. But definitely worth a watch in my opinion. ",1758605120.0,0.52,1,0,Discussion,Virologist_LV4,4,False,0,False,text
movies,1nn4l01,Mulholland Drive (2001) – Diner Scene.,318,https://reddit.com/r/movies/comments/1nn4l01/mulholland_drive_2001_diner_scene/,https://www.youtube.com/watch?v=UozhOo0Dt4o,,1758490974.0,0.88,318,0,Media,SanderSo47,96,False,0,False,text
movies,1no89vs,"What short films would you include with the theme ""Horror and Heart""",2,https://reddit.com/r/movies/comments/1no89vs/what_short_films_would_you_include_with_the_theme/,https://www.reddit.com/r/movies/comments/1no89vs/what_short_films_would_you_include_with_the_theme/,"I want  to have a short film watch party where we watch horror short films intermixed with heart-warming short films to lighten the mood. This way we get our october spooky fix and also release the tenstion with some stories about love. Please minimal body horror, I prefer psychological horror. Bonus points for queer content, bonus for foreign films, I'm also into the weird and avant-guard. Thanks for all suggestions.",1758602506.0,0.56,2,0,Discussion,it_devours,6,False,0,False,text
movies,1nnltg7,After the Hunt | Official Trailer 2,18,https://reddit.com/r/movies/comments/1nnltg7/after_the_hunt_official_trailer_2/,https://www.youtube.com/watch?v=sCC7iIMHq2U,,1758546024.0,0.66,18,0,Trailer,KillerCroc1234567,8,False,0,False,text
movies,1nmsoq3,"I rewatched Amélie after 20 years. It’s still one of my very favorite films, which surprised me when I realized how “tell don’t show” it is.",1143,https://reddit.com/r/movies/comments/1nmsoq3/i_rewatched_amélie_after_20_years_its_still_one/,https://www.reddit.com/r/movies/comments/1nmsoq3/i_rewatched_amélie_after_20_years_its_still_one/,"Amélie has got to be one of the most accessible foreign films out there to an English speaking audience. I was around 13 when it released, and my experience watching it wasn’t all that different seeing it again at 37. People even show it to young children and they get it, too (despite puritanical ratings boards getting their knickers in a twist about the comedic and rather brief sex scenes).

What really leapt out at me this time was something that I guess can only come with 20+ years of film literacy since my first watch: that the film takes *every* opportunity it can to be as crystal clear as possible about what is going on, to the point that it becomes “tell not show” at a baseline level. Or at least, “tell AND show.”

Jean-Pierre Jeunet has his actors speak from the heart (while they emote so bombastically and delightfully you could understand their mental state from watching this on a vaseline-smeared TV set), and any time Amélie has a big moment of change, a narrator is there to guide us through an exact breakdown of her thoughts and beliefs. Many important characters get an entire origin story told to us and a quick bullet point list read off about how they think. There are amazing visuals and stagings and editing and all of it is very clever language of its own, but it is all so on the nose and makes for what’s probably the least challenging “great movie” I’ve ever seen. And I love that it succeeds so thoroughly in spite of that… or perhaps, more interestingly, because of it.

Part of me has been almost conditioned by challenging cinema and video essays that demand a viewer pay close attention and do a lot of mental work to fully enjoy cinema, and there sometimes seems to be this belief going around in film circles that anything that doesn’t require deep thought is somehow a lesser form of art… but here is Amélie, cheerfully and lovingly doing the opposite, bringing viewers to happy tears whether they’re analyzing it or not. And I love it for it. Especially now. I needed that escape yesterday.

And I want to remind others that yes, there is a ticket to happiness that you can have too, and it exists in the form of a doe-eyed lead on a quirky green DVD box (or I guess, stream it too) and it doesn’t require you to be at your most tip-top shape as a viewer to just deeply connect to it on a soul level.

Magnifique.

———

*Edit: some have pointed out that Amélie is very tell **AND** show and I have to agree with that. Telling without showing would actually mean having things like empty backstory and inauthentic dialogue that gives unnecessary and unbelievable exposition dumps, and conveying information in a way that actively makes the emotional viewing experience worse. So the film deftly sidesteps all those common pitfalls in its rulebreaking.*",1758463113.0,0.93,1143,0,Discussion,Sir_Hapstance,118,False,0,False,text
movies,1nnad3e,All the President's Men (1976) - Follow The Money Scene,109,https://reddit.com/r/movies/comments/1nnad3e/all_the_presidents_men_1976_follow_the_money_scene/,https://www.youtube.com/watch?v=QodGxD19_as,,1758506981.0,0.83,109,0,Media,Top_Report_4895,17,False,0,False,text
movies,1nnpx8q,Magnolia Pictures Lands TIFF Hit ‘Normal’; 2026 Wide Release For Bob Odenkirk Starrer Hatched By ‘John Wick’s Derek Kolstad,8,https://reddit.com/r/movies/comments/1nnpx8q/magnolia_pictures_lands_tiff_hit_normal_2026_wide/,https://deadline.com/2025/09/magnolia-normal-bob-odenkirk-john-wick-creator-derek-kolstad-1236552260/,,1758555635.0,0.61,8,0,News,KillerCroc1234567,6,False,0,False,text
movies,1nokq6v,"Re-watching the ""Not Quite My Tempo"" scene from ""Whiplash"" yields a somewhat different reaction",0,https://reddit.com/r/movies/comments/1nokq6v/rewatching_the_not_quite_my_tempo_scene_from/,https://www.reddit.com/r/movies/comments/1nokq6v/rewatching_the_not_quite_my_tempo_scene_from/,"[The famous scene in question.](https://www.youtube.com/watch?v=GBvBu5ErSSo)

The first time I watched this, I was so captivated by JK's intensity that I wasn't fully able to appreciate the actual musicianship and audio of the scene.

Upon the second time I watched it though, and also subsequent views on YouTube for fun, I realized that if you *really* listen to Neiman's drumming, you can actually pretty easily tell when he's too fast or too slow. I say this as someone who had a decent amount of music training (piano and orchestra as a kid)- it's possible someone with less training will have a harder time hearing it, but conversely to someone better trained than me it'd probably be *glaringly* obvious to the point of sounding genuinely bad or distracting.

I was just wondering if anyone else had the same experience, or if maybe any of y'all caught the tempo being off upon first watch, or if maybe you haven't caught it before, you now want to go try! Without commentary on Fletcher's other actions in the film, I can see how to a musician as accomplished as him, that drum tempo being way off would in fact be infuriating!",1758641874.0,0.32,0,0,Discussion,thesavant,7,False,0,False,text
movies,1nogypa,Something I noticed in Hone Alone,0,https://reddit.com/r/movies/comments/1nogypa/something_i_noticed_in_hone_alone/,https://www.reddit.com/r/movies/comments/1nogypa/something_i_noticed_in_hone_alone/,"When I was watching this movie I noticed that the pizza guy actually went inside the house, i'm sure it's nice to be inside, Especially when it's all snowy and cold like that, but I find it weird that the pizza guy would actually go inside, I know this was a different time but anytime I've had anything delivered like that. They just hand off at the door. Not to mention the fact that he had to wait around forever until they paid him. ",1758632987.0,0.29,0,0,Discussion,OneTransportation4,8,False,0,False,text
movies,1nni43k,Sakamoto Days Live-Action Film Announced,25,https://reddit.com/r/movies/comments/1nni43k/sakamoto_days_liveaction_film_announced/,https://www.crunchyroll.com/news/latest/2025/9/21/sakamoto-days-live-action-film-announced,,1758534396.0,0.72,25,0,News,TigerSharkFist,6,False,0,False,text
movies,1nna3cb,Dog Day Afternoon- what a masterclass in acting,93,https://reddit.com/r/movies/comments/1nna3cb/dog_day_afternoon_what_a_masterclass_in_acting/,https://www.reddit.com/r/movies/comments/1nna3cb/dog_day_afternoon_what_a_masterclass_in_acting/,"First things first, I am ***MAD*** that no one in my life had told me to watch this movie. I spent some time on HBO Max looking for something to watch this evening and this was on the home page. Obviously I had heard about the movie, but literally all I knew was that it starred Pacino as a bank robber, had the “Attica! Attica!” quote, and it is one of the 5 John Cazale films. 

That is literally all I had before I found myself completely captivated by the script and acting. It had several comedic moments, so I found myself laughing between scenes of varying intensity. I’m not sure what I found funniest, but it might have been Sal thinking Wyoming was a country.

Pacino truly gave a masterclass in ‘How to Act’ in this film. Cazale… he told so much from just his eyes. And in an unintentional moment of heartbreak for me, his line about not smoking due to not wanting to ‘get the cancer’ hit me really got in the gut. If it wasn’t for his cancer, we absolutely would have seen him continue to star in great films and be on ‘Best of’ lists. I only knew Chris Sarandon from ‘The Princess Bride’ and ‘The Nightmare Before Christmas’, and this performance was incredibly ahead of its time.

I was not expecting the cultural relevancy that this film has on current events. I know this was a random watch for me, but it felt incredibly timely.",1758506217.0,0.82,93,0,Review,ThePhantomEvita,28,False,0,False,text
movies,1noekg6,Toxic Avenger - why isn't it playing anywhere?,0,https://reddit.com/r/movies/comments/1noekg6/toxic_avenger_why_isnt_it_playing_anywhere/,https://www.reddit.com/r/movies/comments/1noekg6/toxic_avenger_why_isnt_it_playing_anywhere/,"The trailer said the release date was Sept 21 but when I searched it just now, I'm seeing that it was released on Aug 29 and didn't stick around for very long in the theaters. I'm so confused!

I was really hoping to see the movie this week in the theater. I love that they're promoting the Undo Medical Dept charity by donating proceeds from every million the movie makes at the box office. ",1758626164.0,0.44,0,0,Discussion,marla_hooch_spacecat,26,False,0,False,text
movies,1nobb14,(HELP) Trying to compile a list of all movie frames projected in live visual of Movies by Weyes Blood in 2023 tour,0,https://reddit.com/r/movies/comments/1nobb14/help_trying_to_compile_a_list_of_all_movie_frames/,https://www.reddit.com/r/movies/comments/1nobb14/help_trying_to_compile_a_list_of_all_movie_frames/,"As the title says, I'm trying to compile in a [**letterboxd list**](https://letterboxd.com/andreasjp/list/movies-by-weyes-blood-2023-live-montage-incomplete/) all the movies -projected in movie frames- in the live visual of the song ""Movies"" by Weyes Blood in 2023 live performances.

Here are two videos where the movie images are clearer (if you can help me with the ones missing in the list):

* [https://www.youtube.com/watch?v=qWYhDPMX99k](https://www.youtube.com/watch?v=qWYhDPMX99k)
* [https://www.youtube.com/watch?v=6wgmJzEgOSg](https://www.youtube.com/watch?v=6wgmJzEgOSg)",1758613810.0,0.46,0,0,Question,lostmediaseeker,6,False,0,False,text
movies,1nmv2zs,A24's 'A Ghost Story' - I Get Overwhelmed Scene - Directed by David Lowery,506,https://reddit.com/r/movies/comments/1nmv2zs/a24s_a_ghost_story_i_get_overwhelmed_scene/,https://v.redd.it/dlpuit7qejqf1,,1758468862.0,0.85,506,0,Media,BunyipPouch,119,False,0,False,text
movies,1nn5qhf,Can yall recommend some good scary movies for kids?,139,https://reddit.com/r/movies/comments/1nn5qhf/can_yall_recommend_some_good_scary_movies_for_kids/,https://www.reddit.com/r/movies/comments/1nn5qhf/can_yall_recommend_some_good_scary_movies_for_kids/,"A buddy of mine who has 2 daughters, 8 and 10, is asking me if I know of any kid scary movies cause I’m a dad daughter myself. 
Unfortunately, my daughters are young adults and watch legit horror films. Can yall give me your favorite kid scary movies that are not too traumatizing?

I know there’s things like Goosebumps but they’ve seen that and want to watch something less comical but nothing that might traumatize.

EDIT: Ty for all the responses. I’ll be sharing this post with him so keep them coming. These are all great suggestions so far.",1758493955.0,0.83,139,0,Discussion,TommyGonzo,598,False,0,False,text
movies,1nowsbk,Why is Jared Leto being hated?,0,https://reddit.com/r/movies/comments/1nowsbk/why_is_jared_leto_being_hated/,https://www.reddit.com/r/movies/comments/1nowsbk/why_is_jared_leto_being_hated/,"Hey Movies sub. I hope this post does not get deleted and someone can help me fill in the gaps of my knowledge.

I have an honest to god question. Since the Promotion of TRON Ares has started, i see a general hate for Jared Leto. I simply do not understand why.

Obviously i am missing something big here, since the Disliking for Jared seems to be pretty Unanimous.

I tried Google but i did not get any definitive answers.

Can someone fill in this Gap, i am obviously out of the Loop if something happened.

Edit 1 - Wow, He really is a Maniac. I though these kinds of Extreme Cultists and Psychos only existed in movies. Apparently Not. He is as real as anyone.

In my defence, I am not too young to know about him, i have listened to some 30 Seconds to Mars songs and saw Dallas Buyers Club in theatres, both of which were okay \[nothing great in my opinion, Matt in the movie was good though\]. I just never really cared for the guy enough to give  a flying fuck about the news about him. I guess that's where my lack of knowledge about him became real.",1758670009.0,0.13,0,0,Discussion,BlinkingSugar,30,False,0,False,text
movies,1noju04,Why does The Shawshank Redemption still connect so deeply with people after all these years?,0,https://reddit.com/r/movies/comments/1noju04/why_does_the_shawshank_redemption_still_connect/,https://www.reddit.com/r/movies/comments/1noju04/why_does_the_shawshank_redemption_still_connect/,"I watched The Shawshank Redemption again last night, and I was struck by how different people seem to take completely different lessons from the movie.   
  
Some see it as a story about never losing hope, others focus on the friendship between Andy and Red, and some even say it is more about the system itself and how it can either break you or make you stronger.  
  
What makes this film stand out for me is that it seems to work on all these levels at once.

So, my question is:   
  
When you think of Shawshank, do you see it more as a story of personal survival and hope, or more as a statement about the system and society?   
  
And why do you think it still connects so deeply with audiences today compared to other movies from the 90s?

Thank you.",1758639861.0,0.18,0,0,Question,gamersecret2,11,False,0,False,text
movies,1nn8dpn,Sorcerer 1977 — starring Roy Scheider,81,https://reddit.com/r/movies/comments/1nn8dpn/sorcerer_1977_starring_roy_scheider/,https://www.reddit.com/r/movies/comments/1nn8dpn/sorcerer_1977_starring_roy_scheider/,"This movie had me white knuckling the couch.  What a ride!

A lot of people never saw it so I don’t want to ruin it, but wow!

This story has 4 very different characters who have their own reasons for “running away”.

Where they end up, desperate and trapped, but with a single chance for redemption, an impossible task against insurmountable odds.

This movie is an emotional roller coaster.",1758501268.0,0.87,81,0,Discussion,AwwwComeOnLOU,41,False,0,False,text
movies,1nocxuf,"""Scarface"" (1983): Was Tony in love with his sister, Gina, or was he just overly protective?",0,https://reddit.com/r/movies/comments/1nocxuf/scarface_1983_was_tony_in_love_with_his_sister/,https://www.reddit.com/r/movies/comments/1nocxuf/scarface_1983_was_tony_in_love_with_his_sister/,"In my mind. he saw Gina was the sole family member he had since his own mom was a bitch. When he came to the family house, the mom was shrieking and cursing his ass out while Gina was defending Tony. Gina was a good girl and Tony didn't want to destroy the one person in his life who was innocent and free from the toxicity which surrounded his lifestyle. 

He got aggressive with Gina when he saw her misbehave or with Manny when he started showing interest towards his kid sister. Even though Tony liked Manny, Manny was of the life and he disapproved of seeing a mobster or a criminal touch his sister. He also got very disrespectful in talking about Gina in the car. 

We don't know if Tony had been accepting of Gina dating a Harvard Graduate or a wholesome boy. 

The incest part was highlighted because of Gina bringing it up in her stream of madness due to the grief of losing Manny. 

I haven't seen the original with Paul Muni so I don't know if it made Tony's feelings less ambiguous.",1758620399.0,0.39,0,0,Discussion,LaserDiscCurious,7,False,0,False,text
movies,1nmosiu,Oppenheimer meets Truman - Oppenheimer (2023),864,https://reddit.com/r/movies/comments/1nmosiu/oppenheimer_meets_truman_oppenheimer_2023/,https://v.redd.it/qtanpbhryhqf1,,1758451566.0,0.88,864,0,Media,Boss452,135,False,0,False,text
movies,1nnn7d8,"New Character Posters for Luca Guadagnino's ""After the Hunt""",6,https://reddit.com/r/movies/comments/1nnn7d8/new_character_posters_for_luca_guadagninos_after/,https://imgur.com/a/XoDH99K,,1758549467.0,0.59,6,0,Poster,KillerCroc1234567,1,False,0,False,text
movies,1nogvxc,Is a Great Movie with a terrible ending still a great movie?,0,https://reddit.com/r/movies/comments/1nogvxc/is_a_great_movie_with_a_terrible_ending_still_a/,https://www.reddit.com/r/movies/comments/1nogvxc/is_a_great_movie_with_a_terrible_ending_still_a/,"Simple question. If there's a movie that is really good for most of the runtime, but then the ending sucks, can it still be considered a great movie?

For example, I don't think everyone is going to agree with me, but today I saw Watchmen (2009) for the first time which led me to this dilemma. I really like the movie. The characters are amazing imo (except Laurie and Dan). The story is also great. I was prepared to give it a really high score. But then, the ending happened. (SPOILERS) >!Don't get me wrong, I like Ozymandias and his plan, the problem for me is how the movie sides with the villain, attempting to justify his actions. Ozymandias is wrong. The cycle will eventually repeat itself, and when it does, there won't be an Ozy to unite the world temporarily. Peace won't last. Plus we should forge our own destiny and future. We don't need some individual making decisions on what our future should be. If we are doomed to nuclear warfare then so be it. What if the war were somehow resolved peacefully and didn't happen at all? What about that small possibility, like, idk, real life maybe??? Neither event happened IRL. Ozymandias robs us of that possibility. !<  
  
>!I don't have a problem with any of this, because Ozy is the villain, it's ok for him to be wrong. But then the script dumbs down Dr Manhattan and he agrees with Ozy, ruining the best character in the movie, not to mention he also kills the second best character in a super anticlimactic way (Rorschach)??? What happened to all that talk about miracles?? Why didn't that pay off in the ending?? Hell, if it must end like this, at least have SOMEONE brutalize Ozymandias just to get a bit of satisfaction out of it. The only MCs that survive and aren't ruined were the most boring ones (Laurie and Dan). !<  
  
TLDR, I really like Watchmen but I hate the ending with a passion, and now I have a dilemma of whether to consider the movie great or not. What do you think? Do note that they are technically 2 separate questions. One is whether a bad ending can ruin a great movie. The other (which you don't have to answer if you dont want to) is whether the ending of Watchmen 2009 in particular ruins Watchmen 2009.  
  
Also, if you want to discuss Watchmen in particular, keep it focused on the 2009 movie. I haven't read the comic, and I'm not really interested in doing so. Pretend the 2009 movie is a standalone original film or something idk, I don't really care about comic accuracy.",1758632780.0,0.26,0,0,Discussion,NamelessGamer_1,39,False,0,False,text
movies,1nmuyew,An 'incredible bounty' of Indigenous films is lighting up Canadian festival screens,277,https://reddit.com/r/movies/comments/1nmuyew/an_incredible_bounty_of_indigenous_films_is/,https://www.cbc.ca/radio/unreserved/an-incredible-bounty-of-indigenous-films-is-lighting-up-canadian-festival-screens-1.7638786,,1758468552.0,0.86,277,0,Article,zsreport,5,False,0,False,text
movies,1nnzw81,"What documentaries on fashion, culture, aesthetics, or architecture would you recommend?",2,https://reddit.com/r/movies/comments/1nnzw81/what_documentaries_on_fashion_culture_aesthetics/,https://www.reddit.com/r/movies/comments/1nnzw81/what_documentaries_on_fashion_culture_aesthetics/,"What documentaries on fashion, culture, aesthetics, or architecture would you recommend? I’m interested in works that explore refined taste, the history of design and style, cultural aesthetics, iconic movements, biographies of influential photographers and fashion designers, as well as films on visual sophistication and architectural beauty.",1758578329.0,0.57,2,0,Question,fuckin_jouissance,8,False,0,False,text
movies,1nodzng,"Sinners - the ""music can summon spirits"" detail felt superfluous",0,https://reddit.com/r/movies/comments/1nodzng/sinners_the_music_can_summon_spirits_detail_felt/,https://www.reddit.com/r/movies/comments/1nodzng/sinners_the_music_can_summon_spirits_detail_felt/,"I finally got around to watching Sinners today.

I liked it, particularly the performances of Jordan, O'Connell, and the guy that played Little Sammy.

One thing that I felt was superfluous to the story was the legend that gifted musicians could summon the dead / link to the past and the present.

It's shown that Little Sammy's jam session (where different eras of music appear) is what drew the attention of Jack O'Connell's crew. But outside of that, nothing really came of it.

It was hinted that deceased would be summoned, yet they didn't. 

Music was obviously a huge part of the film, and it led to some cool moments, but the legend that was referred to by the narrator felt unnecessary.

Did I miss something?",1758624196.0,0.38,0,0,Discussion,Lanky_Magician_2383,39,False,0,False,text
movies,1noja5j,Why are the ice road and ice road vengeance rated so poorly on imdb when they are really good?,0,https://reddit.com/r/movies/comments/1noja5j/why_are_the_ice_road_and_ice_road_vengeance_rated/,https://www.reddit.com/r/movies/comments/1noja5j/why_are_the_ice_road_and_ice_road_vengeance_rated/,"like they are even in the top ten on netflix why are they rated so poorly on imdb? im just curious i have seen worse movies in my life and they got better ratings on imdb what's going on exactly?

Honestly, I am just confused. Are the quality of people who are watching the movies decreasing or the movie itself bad because I never felt uninterested while  watching those movies.

edit : who are all these freaks commenting on my post when those movies are really good",1758638607.0,0.15,0,0,Discussion,No-Advantage4069,8,False,0,False,text
movies,1nnxqlm,Kid - British Music Drama,0,https://reddit.com/r/movies/comments/1nnxqlm/kid_british_music_drama/,https://youtu.be/HAWvnFScuVk?si=alWRYe3XXbQikjmG,"A rising music producer lands a career-defining record deal with everything on the line — but as the deadline looms, so does the risk of losing his family. Caught between chasing his dreams and the chaos at home, he must choose what matters most before it all falls apart.

Made for £4k. The film premiered at the Manchester Film Festival and is now BIFA qualifying. Out now on Prime Video, YouTube Movies and more. ",1758573148.0,0.48,0,0,Trailer,RyanJSmithMovies,1,False,0,False,text
movies,1nnx9sd,Movie starting with a dictionary entry,0,https://reddit.com/r/movies/comments/1nnx9sd/movie_starting_with_a_dictionary_entry/,https://www.reddit.com/r/movies/comments/1nnx9sd/movie_starting_with_a_dictionary_entry/,"Of course, Pulp Fiction is probably the most famous example of a film, whose first frame is the dictionary entry of what „Pulp“ means. 

I saw MY OWN PRIVATE IDAHO( great film by the way!)  today, which starts with the shot of the dictionary entry of „narcolepsy“. 
What other films like this do you know?

",1758572089.0,0.47,0,0,Discussion,cityofstars2017,18,False,0,False,text
movies,1no8ht6,Dracula 1992 vs nosferatu 2024,0,https://reddit.com/r/movies/comments/1no8ht6/dracula_1992_vs_nosferatu_2024/,https://www.reddit.com/r/movies/comments/1no8ht6/dracula_1992_vs_nosferatu_2024/,"Is it me or does brams stokers dracula feel more complete? Nosferatu isnt supposed to be the same as dracula and they took a different route as they said, but it feels similar. Not only are the characters the same, but the beginning of the plot. I like bram stokers better because it feels complete

Am i missing something here or are they literally the same copy pasted movie? ",1758603268.0,0.35,0,0,Question,Dracoaeterna,4,False,0,False,text
movies,1nnx4o2,Looking for suggestions,0,https://reddit.com/r/movies/comments/1nnx4o2/looking_for_suggestions/,https://www.reddit.com/r/movies/comments/1nnx4o2/looking_for_suggestions/,"Hi everyone!

I’m looking for TV shows and movies to watch and would love some suggestions. Here are some that I really enjoyed:

Fleabag

Normal People

Sex Education

You

Baby Reindeer

The End of the F***ing World

Big Bang Theory

Young Sheldon

Before Sunrise

The Vampire Diaries

I’ve tried watching some of the really popular, highly recommended shows, but honestly I find it hard to get into them and lose interest quickly. I guess I should just stick to my type, so I’d love recommendations that are closer to the shows/movies I already listed.

Thanks in advance 💜

",1758571766.0,0.47,0,0,Recommendation,noname_19998025,8,False,0,False,text
movies,1nmq9v5,Tom Hardy’s best work?,355,https://reddit.com/r/movies/comments/1nmq9v5/tom_hardys_best_work/,https://www.reddit.com/r/movies/comments/1nmq9v5/tom_hardys_best_work/,"What would you say is Tom Hardy’s best work? I haven’t seen everything he has done mind you, so I’m sure I’m missing some huge hits or misses.
I particularly like his performance in Peaky Blinders and Legend. Love Mad Max as well- great performance considering the lack of speaking.
I’m not a fan of  the Venom movies themselves, but it’s sort of a fun change to see him be goofy and play a less serious role.
",1758456555.0,0.86,355,0,Discussion,Gailforce_winds012,686,False,0,False,text
movies,1nmhpmu,"What recent movie in the last 5 years or so made you go ""wow that was a damn good movie""",1533,https://reddit.com/r/movies/comments/1nmhpmu/what_recent_movie_in_the_last_5_years_or_so_made/,https://www.reddit.com/r/movies/comments/1nmhpmu/what_recent_movie_in_the_last_5_years_or_so_made/,"Just had a conversation with my wife, and we asked ourselves what was the last movie that made us go, “wow, that was really good”?

For context, we’re millennials who grew up on 90s, 2000s, and 2010s/2020s films. We were just watching the Hans Zimmer concert DVD, and when they played themes from Batman, Inception, Interstellar, and some of his other classics, those brought back some great memories. But in the last five years, we honestly can’t think of many films that gave us that same “wow” factor.

The only recent one that really stood out was Top gun 2. Outside of that, nothing else really comes to mind.

What do you guys think? Have movies actually declined in quality, or are we just getting older and harder to impress?",1758425836.0,0.86,1533,0,Discussion,solariscalls,2223,False,0,False,text
movies,1nne0jr,"Could you please recommend a movie in which characters ""stage a fight"" or ""play fight"" in order to deceive or trick another group?",15,https://reddit.com/r/movies/comments/1nne0jr/could_you_please_recommend_a_movie_in_which/,https://www.reddit.com/r/movies/comments/1nne0jr/could_you_please_recommend_a_movie_in_which/,"Looking for movies where characters play or stage a fight in order to deceive another party. Both characters need to be in on it, so nothing like in Snatch where a character ""throws a fight"" in order for another character to get ahead. Looking for a ""stage a fight to get out of a sticky situation,"" like if the characters are friends and are trapped somewhere and they trick the guards by play-fighting then turning the fight on the guards. Things like that. Thank you.",1758518624.0,0.62,15,0,Recommendation,SeraphsEnvy,93,False,0,False,text
movies,1no9egb,Do you use Plex server?,0,https://reddit.com/r/movies/comments/1no9egb/do_you_use_plex_server/,https://www.reddit.com/r/movies/comments/1no9egb/do_you_use_plex_server/,"Anyone using Plex? I have a server with 1149 movies on it. And 136 TV shows. 5TB total mostly 1080p but some in 720. I have probably another 500 movies to add, probably half have to be ripped. Films are from 61 countries. US, UK, France, Italy & Japan are well represented. I have every Palm d'Or winner except Fahrenheit 911 (2004) and two from 1946 - Iris and the Lieutenant - Swiss and The Last Chance - Sweden. ",1758606488.0,0.3,0,0,Discussion,BeezeWax83,18,False,0,False,text
movies,1nn6hc6,“Failure Is Not an Option”: An Oral History of ‘Apollo 13,33,https://reddit.com/r/movies/comments/1nn6hc6/failure_is_not_an_option_an_oral_history_of/,https://www.hollywoodreporter.com/movies/movie-features/apollo-13-cast-making-tom-hanks-movie-1236374952/,,1758495943.0,0.75,33,0,Article,JannTosh70,1,False,0,False,text
movies,1nnsoa6,Snakeeater (2024) dir. Tore Knos,1,https://reddit.com/r/movies/comments/1nnsoa6/snakeeater_2024_dir_tore_knos/,https://www.reddit.com/r/movies/comments/1nnsoa6/snakeeater_2024_dir_tore_knos/,"I've not seen this discussed here. 

I really liked this! It's an entertaining mystery/drama which is nicely shot and well acted. It has a certain cheap-as-chips charm as it unfolds in a very ""broad stroke"" manner, parts of it don't make any sense whatsoever and some of the dialogue is a bit clunky but it is clearly a carefully put together piece of work which is held together by its great intriguing atmosphere and a very good performance from the lead actor but the whole cast are very good. It packs a good story into its 80 min runtime but the story is very much secondary to the overall vibe which is achieved through great editing and a curiously well crafted and menacing soundscape. Worth a watch! 7/10, rounded up as it's an indie film.",1758561763.0,0.54,1,0,Discussion,foulandamiss,0,False,0,False,text
movies,1no4vt2,Who was your childhood movie crush?,0,https://reddit.com/r/movies/comments/1no4vt2/who_was_your_childhood_movie_crush/,https://www.reddit.com/r/movies/comments/1no4vt2/who_was_your_childhood_movie_crush/,"I grew up in the 80's and my biggest teen crushs were Molly Ringwald & Ally Sheedy. 
They were a little older than me but they were definitely the two girls I fell in love with on the big screen. The guys I wanted to be were John Cusack & Ralph macchio.
I figured there is likely people here from Gen X (like me), Millennials and Gen z, maybe even some boomers in here. 

So who was your big movie crush & who did you want to be like growing up? 
",1758592016.0,0.39,0,0,Discussion,Illustrious_Bag_7323,63,False,0,False,text
movies,1nna42p,Movie you use to love / movie you used to hate,13,https://reddit.com/r/movies/comments/1nna42p/movie_you_use_to_love_movie_you_used_to_hate/,https://www.reddit.com/r/movies/comments/1nna42p/movie_you_use_to_love_movie_you_used_to_hate/,"Are there any movies that you used to really enjoy, maybe as a child, that you come back to now and go: that's garbage, dawg

Are there any movies you didn't want to watch or that you refuse to watch in the past, that you now really enjoy? 

I remember seeing the House Bunny in theaters as a kid and quoting it all the time with my friends, but I will rewatched it recently and good god, it was bad. 

I really have never been a huge fan of mob movies and avoided them for a long time, but now Goodfellas is now one of my favorite movies. ",1758506277.0,0.63,13,0,Discussion,hereagain8674,44,False,0,False,text
movies,1nn2fu5,What song has been in multiple vastly different movies?,36,https://reddit.com/r/movies/comments/1nn2fu5/what_song_has_been_in_multiple_vastly_different/,https://www.reddit.com/r/movies/comments/1nn2fu5/what_song_has_been_in_multiple_vastly_different/,"I was watching ""Goodfellas"" today, and it had a version of the song ""Stardust"".   

I know the song from ""Sleepless in Seattle"", where it was sung by Nat King Cole and was wistful and a bit melancholy.  [Link.](https://www.youtube.com/watch?v=o7YVBmCOIys) 

In Goodfellas, the song (by Billy Ward and his Dominos) was used in an organized crime montage.  [Link.](https://www.youtube.com/watch?v=-ivfLTxsoGA)

  
A bit later in the movie, they used [""And then He Kissed me](https://www.youtube.com/watch?v=XPiSB8fSviE)"" by the Crystals, which, for me, was a very prominent song in 1987's ""Adventures in Babysitting"" [Link. ](https://www.youtube.com/watch?v=xFrecN_dsPc)

Are there other songs that have been used in contexts as far apart as romantic comedies or comedy/adventure movies and mob/crime movies?

",1758485837.0,0.81,36,0,Question,Defiant-Judgment699,70,False,0,False,text
movies,1nobq9a,I genuinely want to know why Heat (1995) is so highly regarded,0,https://reddit.com/r/movies/comments/1nobq9a/i_genuinely_want_to_know_why_heat_1995_is_so/,https://www.reddit.com/r/movies/comments/1nobq9a/i_genuinely_want_to_know_why_heat_1995_is_so/,"Usually, I try to avoid discussions and comments about a movie before watching it, so I went into Heat only knowing that it’s considered pretty popular. Now here I am, confused about the hype and popularity, looking for answers. I get that tension and suspense play a big role in this movie, though I’ve seen it done better. I also get that the film leans heavily on its big-name actors—Pacino and De Niro both give strong performances. But is that all there is? Am I missing something?

The action sequences fall flat for me, and the big shootout feels dumb and unnecessarily long. I can see how the movie tries to stay grounded and realistic, but then it undermines itself with scenes where dozens of cops somehow keep missing three guys standing in the open. So I don’t really get it, the action isn’t engaging just so it can hold up as realism, and the plot keeps contradicting that realism anyway.

And from what I’ve seen, whenever someone raises questions like this, the fans usually just respond with insults and swearing, and I’d rather skip that, because I’ve seen enough of it already.",1758615537.0,0.28,0,0,Discussion,Mohireza1,29,False,0,False,text
movies,1nmx97n,Do ya remember The Pagemaster?,58,https://reddit.com/r/movies/comments/1nmx97n/do_ya_remember_the_pagemaster/,https://www.reddit.com/r/movies/comments/1nmx97n/do_ya_remember_the_pagemaster/,"The 1994 film about a boy who gets turned into a cartoon and goes on an adventure with Books through classic stories?   
I was thinking about what if it was remade today. It has some potential with a little rework. 

What I'm thinking:   
The story is more about how books can help kids in the real world. Either as comfort, inspiration, or relatability to something they are going through. The main character is a kid who is struggling with stuff in his life. (family divorcing? school struggles? bullies? being true to themselves? ect) 

One day, he goes to the library and gets transported to the ""illustration"" world like in the original.  He of course meet the personification of Adventure, Horror, and Fantasy. Perhaps each sharing resemblance with someone in his life? (coach, teacher, neighbor, ect) They go through each genre world where the kid learns and grow from each visit. Taking risks in adventure, creativity from fantasy, and bravery from horror. Or something along those lines. 

I am curious what actors would fit this story. Any thoughts? 

I thought maybe Fantasy is play by an actress who give that motherly caring vibe but has that spunk to her.   
Horror someone intimidating but speaks gently?   
Adventure defiantly should be played by someone with a lot of energy and daring behavior. 

Who would you pick?   
How would you tweak the original story? ",1758473946.0,0.83,58,0,Discussion,Purple-Bats,17,False,0,False,text
movies,1nmzomz,"Who would you give an Oscar to for ""best actor/actress in an otherwise bad movie?"" Both from this year and all time.",43,https://reddit.com/r/movies/comments/1nmzomz/who_would_you_give_an_oscar_to_for_best/,https://www.reddit.com/r/movies/comments/1nmzomz/who_would_you_give_an_oscar_to_for_best/,"I haven't watched enough new releases this year to have an answer for the first part of the question, but for all time these would be my nominees at least. (For reference, a bad movie here doesn't have to be one that lost money, just one you thought was otherwise terrible.) 


* I think The Hobbit: Battle of the Five Armies was pretty forgettable but **Martin Freeman** is very, very good casting as Bilbo. Actually, most of the casting is perfectly fine in the Hobbit movies, the issues are more with the writing and the CGI. Bilbo is the real standout though.


* **Raul Julia** in Street Fighter is a famous one. Famously he took the role for his kids, and you can really see that he takes it as seriously as any other prestigious acting job.


* Twilight did huge at the box office but it has a pretty bad reputation with audiences. That said, I've never heard one bad word about **Billy Burke** as Charlie Swan. He actually does an extremely good job in all 5 movies, and despite not being a main character (and having less to work with), he really elevates that character above many of the other characters with more screen time.


* Also from the Twilight franchise, I would nominate **Michael Sheen** as Aro. His performance is *insane* but he makes the character so much fun every time he's on screen. The leader of an evil group of vampires could be a very dry role - they usually don't do anything, they have maybe 20 collective minutes of screen time in the whole franchise until the final battle, but he gave one of the most memorable performances in the entire saga. ",1758479520.0,0.66,43,0,Discussion,graaahh,147,False,0,False,text
movies,1nnobqp,'Him' Director Justin Tipping on Combining Sports and Horror,0,https://reddit.com/r/movies/comments/1nnobqp/him_director_justin_tipping_on_combining_sports/,https://www.indiewire.com/features/podcast/him-director-justin-tipping-on-horror-and-sports-1235150012/,,1758552066.0,0.5,0,0,Discussion,indiewire,7,False,0,False,text
movies,1no32xf,Was Troy (2004) made to be nostalgic or am I overthinking it?,0,https://reddit.com/r/movies/comments/1no32xf/was_troy_2004_made_to_be_nostalgic_or_am_i/,https://www.reddit.com/r/movies/comments/1no32xf/was_troy_2004_made_to_be_nostalgic_or_am_i/,"So I'm re-watching Troy after not seeing it for close to twenty years and something I've noticed is the way it presents itself that feels unique compared to other movies of that time.

What I mean by that is it has this sort of look, sound, dialogue and overall design of a much older ""wonder"" or ""heroic"" film you'd expect to see in, say, Spartacus than you would from a movie made in 2004.

Is that something others have noticed? If so, is it intentional or just the way films transitioned from practical effects to CGI?",1758586854.0,0.38,0,0,Question,Todesfaelle,13,False,0,False,text
movies,1no7yqd,Perks of Being a Wallflower is a bit funky for me!,0,https://reddit.com/r/movies/comments/1no7yqd/perks_of_being_a_wallflower_is_a_bit_funky_for_me/,https://www.reddit.com/r/movies/comments/1no7yqd/perks_of_being_a_wallflower_is_a_bit_funky_for_me/,"I watched the perks of being a wallflower last year in my junior year of high school, and although it was a bit weird for me, I was able to kind of look past the age dynamics and differences in the storyline. However I am now a senior and looking at the movie again I can’t say I’m comfortable with the age gap at all. The age gap wouldn’t be a problem if they were in their early 20’s but the issue is that these kids are STILL high schoolers. I’m looking at the freshman that go to my school today and I’m looking back at my own freshman year and I’m able to identify the maturity gap in my own thinking.

It just feels weird, Charlie is quite literally showing up to parties with mass amounts of drugs and alcohol and is in one way or another being peer pressured into drinking. He’s had copious amounts of weed, and all of this is being supplied by his freinds who I would assume are over the age of 18. And by the way, some of these kids are considered the smart kids of their grade, Mary Anne literally goes to HARVARD but then at the same time is trying to diddle with a freshman after prom. bro ew??? I’m in a lot of ways dumber than the people in that friend group but brother never would I EVER supply a freshman or even a sophomore with things they shouldn’t be messing with, (I don’t have access to that lol but even if I did it would be a no). On top of that, and I don’t mean to victim blame but like bro as a freshman I think I would’ve been smart enough not to indulge in that stuff. And I know people are going to say like “oh he lost his best friend” yes but like I don’t think drugs are the answer.

I personally had a close friend die to suicide (I’m good tho) in my junior year and I was really messed up for a long time but I don’t think I would ever drink or even take a form of drugs, and maybe it’s because I was a junior but man I had very easy access to those things in that moment yet I chose to stay away. I know that everyone grieves differently but his friends KNEW that and still let him mess with substances? That’s like really bad and really wrong in my opinion.

I don’t know it’s just the age dynamics, the physical part of it being like “oh so we are okay with kissing 14 year olds as 18 year olds, awesome!” It just makes me a bit uneasy at times. ",1758601450.0,0.21,0,0,Discussion,weallsuck12,10,False,0,False,text
movies,1no29x1,i don't think that glimpses of the moon is going to come out anytime soon.,0,https://reddit.com/r/movies/comments/1no29x1/i_dont_think_that_glimpses_of_the_moon_is_going/,https://www.reddit.com/r/movies/comments/1no29x1/i_dont_think_that_glimpses_of_the_moon_is_going/,"this saturday will mark the one year anniversary of the release of francis ford coppola's megalopolis, a film that is not only coppola's worst movie but is the 3rd worst movie of last year and one of the worst movies of this decade. for years, megalopolis would frequently make lists of the greatest movies that were never made due to it languishing in development hell. but now, after we've seen the end product, most of us wish that it had stayed that way.

against all odds, coppola has not let the critical or commercial failure of megalopolis disway him from making more movies. in fact, he's confirmed that he's already starting development on his next movie, a musical adaptation of the 1922 novel glimpses of the moon. however, to be quite frank, i don't see it happening anytime soon.

coppola completely self financed megalopolis, even selling a portion of his incredibly profitable wine company in order to completely self finance the movie. however, the film's commercial failure means that coppola has no way to do the same with glimpses of the moon. and after megalopolis did so poorly with both critics and average moviegoers, it's highly unlikely that anyone is gonna want to touch anything coppola is involved in with a 10 foot pole. sure, coppola is the man behind the first two godfather movies and apocalypse now but that will only get you so far.

don't be surprised if glimpses of the moon takes quite a while to be made, and that's if it even is at all.",1758584617.0,0.38,0,0,Discussion,herequeerandgreat,12,False,0,False,text
movies,1nmosgg,"Joachim Trier: Having Final Cut on Films Is a ""Moral Responsibility""",124,https://reddit.com/r/movies/comments/1nmosgg/joachim_trier_having_final_cut_on_films_is_a/,https://www.hollywoodreporter.com/movies/movie-news/joachim-trier-sentimental-value-final-cut-san-sebastian-1236376925/,,1758451561.0,0.81,124,0,News,thevishal365,14,False,0,False,text
movies,1nlvcas,Netflix Considering Bid To Acquire Warner Bros.,12265,https://reddit.com/r/movies/comments/1nlvcas/netflix_considering_bid_to_acquire_warner_bros/,https://www.avclub.com/netflix-possible-warner-bros-acquisition,,1758366393.0,0.93,12265,0,Not Confirmed,ChiefLeef22,1480,False,0,False,text
movies,1nndefw,Kung Pow Alternate dub,4,https://reddit.com/r/movies/comments/1nndefw/kung_pow_alternate_dub/,https://www.reddit.com/r/movies/comments/1nndefw/kung_pow_alternate_dub/,"My friend has informed there is an alternate audio dub for Kung Pow that has a British guy talking in a serious tone through the movie. He asked me if I could find this because he has only ever seen it once, but as I search the internet I cannot find it anywhere. I didn’t even know this existed. 

During my search of IMDB I confirmed that the Blu-Ray does indeed has a Shakespearean actor dub, but couldn’t find anything else regarding this. 

If anyone could help me find this online - either to stream or download. I would be much appreciative. 

",1758516489.0,0.61,4,0,Discussion,syncbaby,5,False,0,False,text
movies,1no1hso,Does anyone know the name of the movie Im thinking about?,0,https://reddit.com/r/movies/comments/1no1hso/does_anyone_know_the_name_of_the_movie_im/,https://www.reddit.com/r/movies/comments/1no1hso/does_anyone_know_the_name_of_the_movie_im/,"It was a movie about a wendigo and somehow the wendigo infected/cursed one of the main characters causing them to eventually transform into the wendigo, I vaguely remember the group of people being 3 guys and 1 woman. I think when the guy announced he got infected they were either in a cabin or outside hiding under/near a tree. ",1758582466.0,0.3,0,0,Question,depersion,14,False,0,False,text
movies,1nnpdbl,What's a life lesson you've learned from a movie?,0,https://reddit.com/r/movies/comments/1nnpdbl/whats_a_life_lesson_youve_learned_from_a_movie/,https://www.reddit.com/r/movies/comments/1nnpdbl/whats_a_life_lesson_youve_learned_from_a_movie/,Movies are more than entertainment and the best ones can change how we think or uncover revelations we wouldn't have otherwise had. I'm curious to hear which movies have left you with life lessons that you took with you and what those lessons ended up being (as well as what effects they had on you moving forward).,1758554382.0,0.44,0,0,Question,JakeRedditYesterday,35,False,0,False,text
movies,1nne52y,When the soundtrack is a huge part of the story,2,https://reddit.com/r/movies/comments/1nne52y/when_the_soundtrack_is_a_huge_part_of_the_story/,https://www.reddit.com/r/movies/comments/1nne52y/when_the_soundtrack_is_a_huge_part_of_the_story/,"I rewatched *Drive* recently and was struck by how much the soundtrack shaped the mood. It’s hard to imagine the film without those synth-heavy tracks. Same with *Inception* or *Interstellar.* The music doesn’t just support the story, it becomes another character entirely. What films stand out to you because of their soundtrack, not just the visuals or performances?",1758519075.0,0.53,2,0,Discussion,heromat21,40,False,0,False,text
movies,1nm1mx8,"Famke Janssen ('X-Men') To Star In Post-Apocalyptic Thriller ‘One Second After’ - Set in the aftermath of an electromagnetic pulse attack on the United States, it explores the collapse of society, the struggle of individuals and communities to survive without modern technology and infrastructure.",3134,https://reddit.com/r/movies/comments/1nm1mx8/famke_janssen_xmen_to_star_in_postapocalyptic/,https://variety.com/2025/film/news/famke-janssen-one-second-after-mpi-1236516618/,,1758383265.0,0.95,3134,0,News,BunyipPouch,354,False,0,False,text
movies,1nnnrpr,PETS ON A TRAIN | OFFICIAL TRAILER,0,https://reddit.com/r/movies/comments/1nnnrpr/pets_on_a_train_official_trailer/,https://www.youtube.com/watch?v=QH8V0wpg18A,,1758550778.0,0.5,0,0,Trailer,Bennett1984,9,False,0,False,text
movies,1nn9p5e,Meatballs (1979),4,https://reddit.com/r/movies/comments/1nn9p5e/meatballs_1979/,https://www.reddit.com/r/movies/comments/1nn9p5e/meatballs_1979/,"“Are you ready for the summer? Are you ready for the good time?”. Summer Camp is fun.

Tripper (Bill Murray in his feature film debut) is the head counselor at a budget summer camp called Camp Northstar. In truth, he's young at heart and only marginally more mature than the campers themselves. Tripper befriends Rudy (Chris Makepeace), a very shy camper who has trouble fitting in. As Tripper inspires his young charges to defeat rival Camp Mohawk in the annual Olympiad competition, Rudy plays matchmaker between Tripper and Roxanne (Kate Lynch), a female counselor at Northstar. Just finished watching this on TCM and it is such a fun movie that has heart to it. The cast did a great job and looked like they had a lot of fun making the film. This is one film to watch every year on the first day of summer or any parts of it.",1758505067.0,0.56,4,0,Review,Mikeyboy101591,5,False,0,False,text
movies,1nnv53e,Best Sports Movies of All Time,0,https://reddit.com/r/movies/comments/1nnv53e/best_sports_movies_of_all_time/,https://www.indiewire.com/lists/best-sports-movies/,,1758567215.0,0.43,0,0,Discussion,indiewire,42,False,0,False,text
movies,1nmf2nh,Just rewatched Interstellar after years from last time,396,https://reddit.com/r/movies/comments/1nmf2nh/just_rewatched_interstellar_after_years_from_last/,https://www.reddit.com/r/movies/comments/1nmf2nh/just_rewatched_interstellar_after_years_from_last/,"I guess i’m getting soft, just cried 3 times. The amazing soundtrack also contributes to the emotion. What a masterpiece, i fugging love this movie.

Apparently it hits harder if you forget about him for a while (on my case, years), not like the first time, but it’s a amazing experience. Curse me for losing the opportunity to rewatch on imax last month.",1758417597.0,0.82,396,0,Discussion,Smelter_bonk,88,False,0,False,text
movies,1nnhsh0,What movie ending completely ruined an otherwise great film for you?,0,https://reddit.com/r/movies/comments/1nnhsh0/what_movie_ending_completely_ruined_an_otherwise/,https://www.reddit.com/r/movies/comments/1nnhsh0/what_movie_ending_completely_ruined_an_otherwise/,"Had high hopes for a movie that kept me completely engaged for two solid hours, then the last ten minutes just destroyed everything I loved about it. The twist felt cheap and unearned, or the resolution made absolutely no sense given what came before. Sometimes it's like they ran out of ideas and just picked the most shocking or convenient way to wrap things up. What film disappointed you the most right at the finish line? Did it make you never want to rewatch it again?",1758533155.0,0.5,0,0,Discussion,skshining,619,False,0,False,text
movies,1nnzsmz,Movies that need a prequel,0,https://reddit.com/r/movies/comments/1nnzsmz/movies_that_need_a_prequel/,https://www.reddit.com/r/movies/comments/1nnzsmz/movies_that_need_a_prequel/,"I love film and have watched tons of movies, and i believe eve there are several movies that needs prequel.
1. No country for Old Men. We need to see when Anton and Carson for meet.

2. Lots of spy movies to choose from but  I really want to see “The spy who came in from the cold” or “Tinker Sailor Soldier spy”.

3. Unforgiven - just how bad was William Munny?
",1758578077.0,0.25,0,0,Discussion,perry147,23,False,0,False,text
movies,1nm6nxz,"There Are Blu-rays of 'Bluey,' 'Andor,' Ghibli Films, and Much More",949,https://reddit.com/r/movies/comments/1nm6nxz/there_are_blurays_of_bluey_andor_ghibli_films_and/,https://www.indiewire.com/features/craft/bluey-blu-ray-collection-disney-plus-1235152031/,,1758395195.0,0.88,949,0,Discussion,indiewire,104,False,0,False,text
movies,1nn39yu,british teen culture,10,https://reddit.com/r/movies/comments/1nn39yu/british_teen_culture/,https://www.reddit.com/r/movies/comments/1nn39yu/british_teen_culture/,"can anyone recommend any films/film series that capture british teen culture? along the lines of the inbetweeners films, and human traffic. they can be from whenever, but they must be english (unsurprisingly). i’m not limited to certain streaming services (yarg), so go crazy about the sources. any age rating is fine.",1758487813.0,0.59,10,0,Recommendation,InsanityImortal,117,False,0,False,text
movies,1nnxp25,What has been the worst movie of the year so far?,0,https://reddit.com/r/movies/comments/1nnxp25/what_has_been_the_worst_movie_of_the_year_so_far/,https://www.reddit.com/r/movies/comments/1nnxp25/what_has_been_the_worst_movie_of_the_year_so_far/,"Going with definitely Smurfs. Terrible animation, obnoxious comedy, phoned in voice acting and easily the worst rendition of the Smurfs yet. Even for kids movie standards this was just crap (no way the Gabby's Dollhouse movie will come anywhere close to this bad, that looks harmless and cute enough). Although I will say Hurry Up Tomorrow comes close.",1758573053.0,0.36,0,0,Discussion,UniverslBoxOfficeGuy,38,False,0,False,text
movies,1nnf3nz,Who Was Your First Old Hollywood Actor Or Actress Movie Crush?,1,https://reddit.com/r/movies/comments/1nnf3nz/who_was_your_first_old_hollywood_actor_or_actress/,https://www.reddit.com/r/movies/comments/1nnf3nz/who_was_your_first_old_hollywood_actor_or_actress/,"What was the first Old Hollywood Movie or Tv Show that you saw as a child that made you fall in love with the Actors and Actresses? It can be movies from the 1900s, 1920s, 1930s, 1940s, 1950s, 1960s, or the 1970s. My Crushes are Audie Murphy, Jeffrey Hunter, James Stewart, Steve McQueen, Montgomery Clift, Gary Cooper, Veronica Lake, Gail Russell, Lillian Gish, Natalie Wood, Audrey Hepburn, Jacqueline Bisset, Louise Brooks, Tuesday Weld, Clara Bow, and Myrna Loy, and Pier Angeli. What do you think of my list? Who would you add or take off this list and why? I can't wait to hear everyone's opinions.",1758522607.0,0.51,1,0,Discussion,PrincessBananas85,126,False,0,False,text
movies,1nlyt2g,How Tarantino Learned To Write,1730,https://reddit.com/r/movies/comments/1nlyt2g/how_tarantino_learned_to_write/,https://v.redd.it/dspie9xzrbqf1,Full interview: [https://youtu.be/dhXZJfLBE3I](https://youtu.be/dhXZJfLBE3I),1758376487.0,0.91,1730,0,Media,Remote-Feedback567,113,False,0,False,text
movies,1nn81la,"The ""TV Movie"" in the Streaming Age: A Conversation with Episodic Medium",5,https://reddit.com/r/movies/comments/1nn81la/the_tv_movie_in_the_streaming_age_a_conversation/,https://thereveal.film/the-tv-movie-in-the-streaming-age-a-conversation-with-episodic-medium/,Interesting piece on the evolution of the TV movie nowadays.,1758500306.0,0.6,5,0,Discussion,ApprehensiveBobcat24,0,False,0,False,text
movies,1nn0qmu,The Refugees Of Casablanca,8,https://reddit.com/r/movies/comments/1nn0qmu/the_refugees_of_casablanca/,https://brian-m-davies.github.io/casablanca/,"A while back, I did a deep dive into the stories of the actors of Casablanca and wrote up what I found.  That [post over on TrueFilm](https://www.reddit.com/r/TrueFilm/comments/v78ehl/the_refugees_of_casablanca/) keeps getting upvotes three years later, so I figured I'd polish it a little more and give it a graphical treatment.

It's no secret that a lot of the actors in Casablanca were actual refugees from the Nazis, but the actual human stories are pretty amazing.



  
",1758481905.0,0.65,8,0,Article,raynicolette,4,False,0,False,text
movies,1nmvggf,Nice characters that still had it coming,12,https://reddit.com/r/movies/comments/1nmvggf/nice_characters_that_still_had_it_coming/,https://www.reddit.com/r/movies/comments/1nmvggf/nice_characters_that_still_had_it_coming/,"Like The Wall in The Meg. Hes knows for a fact sea monsters exist. Hes killed a sea monster. He was physically touching it and knows that sea monster came from the exact body of water he's floating in. He could not possibly have more reason to fear sea monsters, but instead of getting back on the boat ASAP his first instinct is to splash around while making jokes and \*SURPRISE\* he gets eaten by a sea monster. Nice guy, never did anything to anyone, absolutely had it coming. Any other good guy characters get got in a way that they kind of had coming?",1758469739.0,0.65,12,0,Discussion,Forsaken-Guidance811,8,False,0,False,text
movies,1nnuxd6,The 14 Movies to Watch Out for This Fall,0,https://reddit.com/r/movies/comments/1nnuxd6/the_14_movies_to_watch_out_for_this_fall/,https://www.theatlantic.com/culture/archive/2025/09/best-movies-2025-preview-toronto-international-film-festival/684287/?utm_source=reddit&utm_medium=social&utm_campaign=the-atlantic&utm_content=edit-promo,,1758566736.0,0.26,0,0,Article,theatlantic,1,False,0,False,text
movies,1nmjcpk,"Give me a movie franchise, where the first one was bad, but the second one was good",75,https://reddit.com/r/movies/comments/1nmjcpk/give_me_a_movie_franchise_where_the_first_one_was/,https://www.reddit.com/r/movies/comments/1nmjcpk/give_me_a_movie_franchise_where_the_first_one_was/,"Like what I mean is the first movie was absolute shit, but the second movie was a cinematic masterpiece that the only thing holding The movie back is the fact that you have to watch a really bad movie first to get the context Needed to understand, and I mean that by quality of the film, the acting reception from critics and box office numbers",1758431390.0,0.64,75,0,Discussion,Past_Razzmatazz9,648,False,0,False,text
movies,1nnlski,How Isla Johnston Became Baz Luhrmann’s New Star-in-the-Making,0,https://reddit.com/r/movies/comments/1nnlski/how_isla_johnston_became_baz_luhrmanns_new/,https://www.vogue.com/article/isla-johnson-digital-cover-september-2025-interview,,1758545964.0,0.35,0,0,Article,SpeedForce2022,0,False,0,False,text
movies,1nnll67,Does anyone know what movie I’m looking for,0,https://reddit.com/r/movies/comments/1nnll67/does_anyone_know_what_movie_im_looking_for/,https://www.reddit.com/r/movies/comments/1nnll67/does_anyone_know_what_movie_im_looking_for/,"Recently saw a clip of a movie on YouTube, with keira knightley in it. Where she gives a car ride to a man, who notices that she has air in her brakes while breaking. And after her car brakes down, they get picked up by 2 men who recognize the man she gave the ride to as a F1 driver. Does anyone know what movie this is?",1758545430.0,0.37,0,0,Discussion,Rocco1216,17,False,0,False,text
movies,1nm5l4e,'Call Me By Your Name' (2017) - Michael Stuhlbarg's Monologue - Directed by Luca Guadagnino,465,https://reddit.com/r/movies/comments/1nm5l4e/call_me_by_your_name_2017_michael_stuhlbargs/,https://v.redd.it/72pxg3qz3dqf1,,1758392608.0,0.86,465,0,Media,BunyipPouch,60,False,0,False,text
movies,1nnn7g0,Bruce Springsteen Movie Deliver Me From Nowhere Has ‘New Information To Even His Most Ardent Fans’,0,https://reddit.com/r/movies/comments/1nnn7g0/bruce_springsteen_movie_deliver_me_from_nowhere/,https://www.empireonline.com/movies/news/bruce-springsteen-movie-deliver-me-from-nowhere-has-new-information-to-even-his-most-ardent-fans/,,1758549472.0,0.41,0,0,Article,SpeedForce2022,3,False,0,False,text
movies,1nmb8pe,Sundance Film Festival's Tribute Video to Founder Robert Redford,212,https://reddit.com/r/movies/comments/1nmb8pe/sundance_film_festivals_tribute_video_to_founder/,https://youtu.be/V8B6JYtp0eo,,1758406618.0,0.9,212,0,Media,BunyipPouch,3,False,0,False,text
movies,1nlm4ol,The new Naked Gun movie was absolutely fantastic. No notes.,9185,https://reddit.com/r/movies/comments/1nlm4ol/the_new_naked_gun_movie_was_absolutely_fantastic/,https://www.reddit.com/r/movies/comments/1nlm4ol/the_new_naked_gun_movie_was_absolutely_fantastic/,"EDIT: marked spoilers cuz of comments. Post is spoiler free. 

If you haven’t seen the originals please go see them. 

Then go see this new one. It’s so god damned good. 

I really hope the message is clear to movie makers out there that they don’t have to try so hard to be funny and that they need to embrace the idea of getting laughs cuz something is just plain silly or stupid. More dumb jokes. 

IMO they really did an amazing job bringing back the vibe of the originals. So freaking refreshing. 

Leslie Nielsen fucking crushed that role. 

Liam Neeson also crushed it. ",1758334123.0,0.9,9185,0,Recommendation,EebamXela,1000,False,0,False,text
movies,1nmbpt6,What's a movie you watched and immediately couldn't remember the plot?,169,https://reddit.com/r/movies/comments/1nmbpt6/whats_a_movie_you_watched_and_immediately_couldnt/,https://www.reddit.com/r/movies/comments/1nmbpt6/whats_a_movie_you_watched_and_immediately_couldnt/,"* Jupiter Ascending - I've seen it multiple times, I actually enjoy it somewhat as a bad movie, I own it on DVD... to this day I could not exactly tell you what it's about. 

* Star Wars Episode 2 - I don't know if this is unpopular or not, but I think this is the weakest of the prequels. I can tell you almost everything that happens in this movie but I have next to no idea what's going on. When it's not boring it's confusing. A lot of stuff happens in this movie but it all feels weirdly disconnected, even though I understand it's not.

* The Fountain - Saw it once, could not recall even half of it an hour after the credits rolled, I have no idea what it even was. ",1758407895.0,0.83,169,0,Discussion,graaahh,345,False,0,False,text
movies,1nne7k1,Trying to finish out imdb's top 100,0,https://reddit.com/r/movies/comments/1nne7k1/trying_to_finish_out_imdbs_top_100/,https://www.reddit.com/r/movies/comments/1nne7k1/trying_to_finish_out_imdbs_top_100/,"So I have 32 films left to finish, and I can't decide where to start. Part of me wants to just go down the in order of rank, or maybe watch them chronologically. But first I wanted to ask reddit which ones on the list are just a must see.  

Top 50
Life is beautiful 
Spirited away
Grave of the firefly's
Harakiri
Spider man: across the spider verse
Cinema paradisio 
The untouchable
Modern times

50-100
Rear window
Once upon a time in the west
City lights
The lives of others 
Sunset Boulevard 
Spiderman: into the spider verse
Witness for the prosecution 
Paths of glory 
The great dictator 
12th fail 
Amadeus 
High and Low
Das Boot
Your Name
Princess Mononoke
Idiots
Capernum
Once upon a time in american
Singing in the rain
Come and See
The hunt
Ikiru
Incendies
The Apartment",1758519323.0,0.48,0,0,Discussion,Smileharoldsmile,19,False,0,False,text
movies,1nnv1sv,"Movie theaters are “empathy machines,” and that’s why streaming services will never replace them for Warner Bros. Pictures bosses",0,https://reddit.com/r/movies/comments/1nnv1sv/movie_theaters_are_empathy_machines_and_thats_why/,https://www.thepopverse.com/movies-theaters-empathy-machines-warner-brothers-mike-de-luca,"As technology marches on, home theaters have become more advanced. The seats are comfier than ever, the televisions and sound systems would make our ancestors faint, and thanks to streaming services, we have a huge selection of films to choose from.

Yet the movie theater experience lives on.

While box offices haven’t returned to their pre-pandemic numbers, recent trends like [GentleMinions](https://www.nytimes.com/2022/07/08/style/minions-gentleminions-tik-tok-trend.html) and [Chicken Jockey](https://www.thepopverse.com/movies-a-minecraft-movie-chicken-jockey-meme-xplained-jack-black-jason-momoa) have created cultural moments centered around the theater experience. From entire auditoriums gasping and cheering when Captain America wielded Thor’s hammer in [Avengers: Endgame](https://www.amazon.com/gp/video/detail/B07QWQ9D6P?&amp;linkCode=ll2&amp;tag=popverse07-20&amplanguage=en_US&amp;ref_=as_li_ss_tl), to singing along with Huntrix during screenings of [KPop Demon Hunters](https://www.thepopverse.com/movies/kpop-demon-hunters), the experience just doesn’t hit the same way at home.

If you need proof, try shouting “chicken jockey” alone in your living room. It doesn’t pack the same punch as it does when you’re doing it along with an excited audience.

According to Warner Bros., these communal moments are the reason why the theater experience is so important. It’s not only fun, but it connects us with strangers during times when we might feel isolated.

  
“I think that Hollywood, and just cinema in general, and foreign films as well, are empathy machines.” “Warner Bros. co-chair Mike De Luca says. “When you sit in a theater with 300 to 500 people that you don't know, who all laugh at the same joke, or jump at the same scare, or cry at the same scene, it's an empathy machine, and you feel something in that collective human experience of letting a storyteller tell you a story passively.”



Read on: [Movie theaters are “empathy machines,” and that’s why streaming services will never replace them for Warner Bros. Pictures bosses | Popverse](https://www.thepopverse.com/movies-theaters-empathy-machines-warner-brothers-mike-de-luca)",1758567012.0,0.27,0,0,Article,chrisarrant,6,False,0,False,text
movies,1nnyzad,"[RANT] Out of everyone I know, I am the one most irritated by this specific type of scene, can anyone relate? [TW: Animal Abuse].",0,https://reddit.com/r/movies/comments/1nnyzad/rant_out_of_everyone_i_know_i_am_the_one_most/,https://www.reddit.com/r/movies/comments/1nnyzad/rant_out_of_everyone_i_know_i_am_the_one_most/,"(Spoiler tag just to censor)

Edit: while I made the text express anoyance, a deeper reason of making the post is asking people if these things cause not necessarily a strong, more like a more complex-feeling trigger. 


So, picture it. Four humans land on an alien planet. Adventure, exploration, q whole new world. The ship lands in a lush forest. They get out. They all walk in their own direction, and not even 10 steps later, from under one of the shoes:

*sqwyeeeeeerhhg.h.....*

Some creature instant dies.

If it was the main character getting out of their house ajd stepping on a goddamn snail three steps out of the house, and killing it, for some reason, it would feel NOTHING like this shit (I think). It woudl ACTUALLY feel like an accident.

New planet/continent/dimension creature. That's it. That's the only situation where my brain is actually triggered this way.

(Edit: and, like, the chances... the chances of any of this happening are astronomical (no pun intended).)

---for those confused about the comments, here was a paragraph that was kinda all over the place and out of place, and it was not needed so i yeeted it---

Somehow, my brain reacts in a similarly complex way in the following:

An hour after leaving the ship, a different explorer sees some creature. 

Creature: *tret, tret*

Explorer: *tret, tret*

Creature: *tret, tret*

Explorer: *tret, tret*


WHY???


Why repeat whatever this... whoever knows what says who knows what? You don't know what it means for the love of...


(Edited for clarity)


That's it thank you.",1758576051.0,0.06,0,0,Discussion,idiot_505,30,False,0,False,text
movies,1nmb2yd,What actors do you confuse?,146,https://reddit.com/r/movies/comments/1nmb2yd/what_actors_do_you_confuse/,https://www.reddit.com/r/movies/comments/1nmb2yd/what_actors_do_you_confuse/,"I was watching Destination X (UK) a few weeks ago, and the final question for one of the games was, who is this actress? They posted a photosand I thought it was Selma Hayek, but it was Penelope Cruz, and realized that I always confuse those two. I also confuse Zoe Saldana and Thandie Newton. Who do you mix up?",1758406206.0,0.78,146,0,Discussion,Thick-Sentence-9384,648,False,0,False,text
movies,1nnoas3,Question for 4DX lovers: Which one do you think is better: Avatar: The Way of Water rerelease or Tron: Ares (I know it's not out yet),0,https://reddit.com/r/movies/comments/1nnoas3/question_for_4dx_lovers_which_one_do_you_think_is/,https://www.reddit.com/r/movies/comments/1nnoas3/question_for_4dx_lovers_which_one_do_you_think_is/,"Helloo! For those who enjoy 4DX: if you had to pick between watching *Avatar: The Way of Water* (re-release) or the upcoming *Tron: Ares* in 4DX, which one would you choose and why? I’m curious whether people prefer the proven experience of a re-released. There are already people who have experienced avatar in 4dx. So if anyone has watched the avatar in 4dx, I'm curious about your answer. or the potential of a brand new film.",1758552007.0,0.18,0,0,Question,Talhatetetr,0,False,0,False,text
movies,1nnt1wd,"Leonardo DiCaprio Says That ""One Battle After Another"" Breakout Chase Infinity Bonded with Paul Thomas Anderson Immediately",0,https://reddit.com/r/movies/comments/1nnt1wd/leonardo_dicaprio_says_that_one_battle_after/,https://www.indiewire.com/news/general-news/leonardo-dicaprio-one-battle-after-another-chase-infiniti-1235152389/,,1758562603.0,0.25,0,0,Discussion,indiewire,18,False,0,False,text
movies,1nm1gyg,Who is an actor that you don’t think of as a favorite but when you see them in something you’re excited.,433,https://reddit.com/r/movies/comments/1nm1gyg/who_is_an_actor_that_you_dont_think_of_as_a/,https://www.reddit.com/r/movies/comments/1nm1gyg/who_is_an_actor_that_you_dont_think_of_as_a/,"For me it’s Justin Long. When people ask me favorite actors he doesn’t immediately pop up but when I see him in credits before a movie I’m like “ oh damn nice. I like him “ especially lately since he’s turning into a horror guy. 

Another would be Donal Logue even though he’s mostly TV. 

Thought of this while rewatching drag me to hell…. Haven’t seen it since release and forgot Long was in it. ",1758382881.0,0.92,433,0,Discussion,sizzlinpapaya,525,False,0,False,text
movies,1nnk9pi,"30 years after Se7en, which thrillers actually learned the right lessons?",0,https://reddit.com/r/movies/comments/1nnk9pi/30_years_after_se7en_which_thrillers_actually/,https://www.reddit.com/r/movies/comments/1nnk9pi/30_years_after_se7en_which_thrillers_actually/,"Se7en just hit 30 and it’s wild how many movies copied the rain and grime but missed the craft. Which post-Se7en thrillers do you think actually got it right, with tight pacing, procedural detail, sound and credits that set a mood?

I’d go with Prisoners and Memories of Murder. Nightcrawler too, though in a different lane. What are yours? Specific scenes or techniques welcome. And favorite opening credits since Se7en? Fincher’s title work still holds up, those needles and notebooks are still creepy as hell.",1758541680.0,0.29,0,0,Discussion,Salt_Reveal8106,5,False,0,False,text
movies,1nngghr,Where to watch La Haine in Australia?,0,https://reddit.com/r/movies/comments/1nngghr/where_to_watch_la_haine_in_australia/,https://www.reddit.com/r/movies/comments/1nngghr/where_to_watch_la_haine_in_australia/,"I’ve seen a lot of people rave about La Haine, but I can’t figure out where to watch it? All Australian streaming services don’t seem to have it..

I’ve seen a lot of people rave about La Haine, but I can’t figure out where to watch it? All Australian streaming services don’t seem to have it..

I’ve seen a lot of people rave about La Haine, but I can’t figure out where to watch it? All Australian streaming services don’t seem to have it..
",1758527879.0,0.38,0,0,Question,hoaxcoast,11,False,0,False,text
movies,1nnh986,Why has the “Classic” title been completely removed as a category for movies on lists and streaming?,0,https://reddit.com/r/movies/comments/1nnh986/why_has_the_classic_title_been_completely_removed/,https://www.reddit.com/r/movies/comments/1nnh986/why_has_the_classic_title_been_completely_removed/,"Growing up one of the categories always included in video stores, lists, and other things was “Classic”. This typically meant black and white films, but not always. Hitchcock style movies and similar stand out the most in my memory. Westerns were always a separate category.
I’m not sure when this category started to disappear, maybe 10-15 years ago? But at this point I don’t see it really anywhere.
Of course what is considered “classic” has expanded considerably since I was a kid, but I miss this category and wish it would be brought back.
Does anyone know why this category disappeared?",1758531066.0,0.39,0,0,Discussion,Charming-Resort-9187,14,False,0,False,text
movies,1nmf0fl,"If you could erase one movie from your memory to experience it fresh again, what would it be and why?",66,https://reddit.com/r/movies/comments/1nmf0fl/if_you_could_erase_one_movie_from_your_memory_to/,https://www.reddit.com/r/movies/comments/1nmf0fl/if_you_could_erase_one_movie_from_your_memory_to/,"Title. I’m just trying to get open minded about what movies should I watch next, instead of the casual “let’s see what’s in the TV/streaming service menu” approach, what the algorithm recommends, or going into the already famous mainstream ones or movies that I just filter from their synopsis. I want to go blind into something someone already enjoyed so much.

So I ask you: what’s a movie, either popular or not as publicly known, maybe even a bit niche or from a specific country, that you have a great memory of, and would like to forget as to enjoy it fresh again?",1758417407.0,0.73,66,0,Discussion,onechroma,373,False,0,False,text
movies,1nnjlam,Back to the future 2,0,https://reddit.com/r/movies/comments/1nnjlam/back_to_the_future_2/,https://www.reddit.com/r/movies/comments/1nnjlam/back_to_the_future_2/,"When Biff senior takes the delorean when they go to get Jennifer, How did biff know how to use the Time Machine? I understand he left and came back to the same point…

But to know he has to Turn on the time circuits, type in the date and time and then most crucially, hitting 88mph?

It just gets me everytime I watch it…

🤷🏽‍♂️

What’s the matter… chicken??",1758539518.0,0.21,0,0,Discussion,Present_Standard_775,16,False,0,False,text
movies,1nm44rx,Movies with female monologues/speeches that make you cry,251,https://reddit.com/r/movies/comments/1nm44rx/movies_with_female_monologuesspeeches_that_make/,https://www.reddit.com/r/movies/comments/1nm44rx/movies_with_female_monologuesspeeches_that_make/,"Hi! I’m on the search for a female monologue from a movie or show for my acting class. For the life of me I cannot think of a single movie that has a solid monologue delivered by a female character, and so I’m looking for suggestions of your faves that could get me started somewhere!  Thanks in advance!! ",1758389171.0,0.78,251,0,Recommendation,itsirrelevent,487,False,0,False,text
movies,1nns249,Could the argument be made that The Empire Strikes Back is the greatest sequel ever made and possibly one of the greatest movies ever made?,0,https://reddit.com/r/movies/comments/1nns249/could_the_argument_be_made_that_the_empire/,https://www.reddit.com/r/movies/comments/1nns249/could_the_argument_be_made_that_the_empire/,"The story, the acting, the production and the directing all nailed it. It's rare where all of those knock it out of the park. The overall sense of despair and the physical and emotional beatdown of Luke, Han, and Leia. The good guys lost badly but they survived. It took balls to execute that. Having rewatched it, I have a deeper appreciation for what the movie was able to do. It obviously had a bigger budget than the first movie and unlike movies of today, you can see it on screen. I can imagine not playing it safe and ending on a cliffhanger probably angered some folks initially.",1758560387.0,0.3,0,0,Discussion,CommonManX,55,False,0,False,text
movies,1nng404,What movie did you love as a kid but can't stand rewatching now?,0,https://reddit.com/r/movies/comments/1nng404/what_movie_did_you_love_as_a_kid_but_cant_stand/,https://www.reddit.com/r/movies/comments/1nng404/what_movie_did_you_love_as_a_kid_but_cant_stand/,"Recently tried rewatching some childhood favorites and was shocked how terrible they seemed as an adult. Either my taste has completely evolved over the years or nostalgia was doing some seriously heavy lifting back then. The dialogue felt cheesy, the plot holes were glaring, and I couldn't believe I used to watch these movies on repeat. What movies from your youth absolutely don't hold up anymore when you try to rewatch them? Did you have that same jarring experience of realizing something you loved was actually pretty bad?",1758526444.0,0.48,0,0,Discussion,BrentMaxey,113,False,0,False,text
movies,1nmsei3,American Sweatshop - Narrative mystery thriller,5,https://reddit.com/r/movies/comments/1nmsei3/american_sweatshop_narrative_mystery_thriller/,https://www.reddit.com/r/movies/comments/1nmsei3/american_sweatshop_narrative_mystery_thriller/,"I've just seen the movie and it was a very interesting watch for a quiet cloudy Sunday movie. The protagonist is a content moderator whom does her job with relative qualms and acceptance of being forced to see terrible things so many others don't need to, until a video truly shocks her. Unable to stop thinking about it, she decides she has to do something with it. 

This premise makes it appear as a revenge movie of sort, but it's a much more tranquil and people-oriented movie: the characters in it have their own approaches and ideas about the job, and slowly open up to each other, while the protagonist slowly seems to spiral into obsession. I remember reading an article on such jobs moderating content for Youtube and Google, and how it affected the people that ended up needing to watch such content for hours on end, unable to stop dreaming about them.

It wasn't a perfect movie by all means (I really hope companies that do this have way better rules and treatments for their employees and dealing with cases that appear to be related to murder), but it was a very interesting watch to immerse myself into, and even if I saw the ending coming from miles away, it gives enough understanding of how things are going to play out once the movie ends. The film premiered at the 2025 South by Southwest Film & TV Festival in March as part of the Narrative Spotlight category, so I'll look forward to watch other movies on the list. Lili Reinhart reminds me a bit of Maika Monroe, so I'll be sure to keep track of the movies she chooses to participate into.

Anyone else that has seen this slow-paced movie and liked it?",1758462404.0,0.62,5,0,Discussion,Drakendan,19,False,0,False,text
movies,1nni1yi,Behind the Scenes - How to Train Your Dragon,0,https://reddit.com/r/movies/comments/1nni1yi/behind_the_scenes_how_to_train_your_dragon/,https://youtu.be/Y6EZTcWhnMM,"From [Framestore's](https://www.framestore.com/) YouTube: In this short film you’ll hear from Director Dean DeBlois, Production VFX Supervisor Christian Mänz, Production Animation Supervisor Glen McIntosh, VFX Supervisor Andy Kind and Animation Supervisor Kayn Garcia as the explain the development process, from early animation and visual development tests to real-world references and the use of both on-set puppetry and Framestore Pre-production Services’ cutting edge Farsight Go AR system.",1758534180.0,0.35,0,0,Media,Milly_onaire,1,False,0,False,text
movies,1nmjrwd,What great movie from a great director is overshadowed by their most popular work?,22,https://reddit.com/r/movies/comments/1nmjrwd/what_great_movie_from_a_great_director_is/,https://www.reddit.com/r/movies/comments/1nmjrwd/what_great_movie_from_a_great_director_is/,"Just finished a rewatch of Paths of Glory from Kubrick and it’s a shame it’s overshadowed by 2001, The Shining and FMJ.

This made me realize that theres probably many less popular movies out there from other amazing directors that I should check out.

What are other movies you recommend we watch from a great director that isn’t their most popular but is still excellent or a fun watch?",1758432894.0,0.67,22,0,Discussion,LocationOk3563,113,False,0,False,text
movies,1nm6b2l,Frailty (2001) is unexpectedly awesome,152,https://reddit.com/r/movies/comments/1nm6b2l/frailty_2001_is_unexpectedly_awesome/,https://www.reddit.com/r/movies/comments/1nm6b2l/frailty_2001_is_unexpectedly_awesome/,"Sometimes, my dad chooses a movie to watch. Typically I'm not super into the movies he chooses (with few exceptions). Today he chose Frailty. At first I thought it was going to be a boring movie that I would watch just for the sake of watching a movie of his choice with him. But fortunately, Frailty is one of those ""few exceptions"". This movie is SO GOOD. I'm surprised it isn't more popular. The story was gripping, the pacing was certainly slow but never enough to be boring, the performances are great (RIP Bill Paxton), and the final twist was good too. I was completely in awe while watching it, I totally expected it to get worse at some point but it's actually really consistent in my opinion. I rate it as a 9/10, definitely one of the best movies of 2001 for me

What do you think? Do you like the movie?",1758394353.0,0.86,152,0,Discussion,NamelessGamer_1,65,False,0,False,text
movies,1nlosgt,‘Sinners’ Will Compete for Best Drama at the Golden Globes,2159,https://reddit.com/r/movies/comments/1nlosgt/sinners_will_compete_for_best_drama_at_the_golden/,https://www.goldderby.com/film/2025/sinners-compete-drama-golden-globes-exclusive/,,1758342624.0,0.92,2159,0,News,BunyipPouch,256,False,0,False,text
movies,1nniw4s,The childhood trauma that influenced Zach Cregger into making horror movie with creepy women characters,0,https://reddit.com/r/movies/comments/1nniw4s/the_childhood_trauma_that_influenced_zach_cregger/,https://youtu.be/UftOkh0Skxg?si=Bh5Gi0i9Dqf8sxqc,,1758537174.0,0.31,0,0,Media,CakeMadeOfHam,0,False,0,False,text
movies,1nniswa,What happened to David Mills after the events of Se7en?,0,https://reddit.com/r/movies/comments/1nniswa/what_happened_to_david_mills_after_the_events_of/,https://www.reddit.com/r/movies/comments/1nniswa/what_happened_to_david_mills_after_the_events_of/,"He would definitely not serve jail time. Taking into consideration that the man is a sadistic serial killer, has just made a detective realize his wife’s head is in a box, and lost an unborn child along with her, it would be a open and shut case of not guilty.

Whether you blame it on temporary insanity or any of that, it would have been deemed justified.

The real question is what happened to Mills after everything? Chances are the man did not have much of a life after everything, even as a free man.

He probably would have been heavily messed up with mental illnesses, drug addictions, suicidal tendencies, etc.

Realistically the man would have probably been dead by his own hand within a few years.",1758536847.0,0.22,0,0,Discussion,Happy_Advisor3080,19,False,0,False,text
movies,1nnqju0,Scarlett Johansson Broke Records and Made Her Feature Directing Debut in the Same Year — Here’s How,0,https://reddit.com/r/movies/comments/1nnqju0/scarlett_johansson_broke_records_and_made_her/,https://www.indiewire.com/features/interviews/scarlett-johansson-box-office-records-eleanor-the-great-1235152353/,,1758557026.0,0.22,0,0,Discussion,indiewire,8,False,0,False,text
movies,1nnilp1,Movie directors should do a small amount of research when creating a scene with mechanical repairs,0,https://reddit.com/r/movies/comments/1nnilp1/movie_directors_should_do_a_small_amount_of/,https://www.reddit.com/r/movies/comments/1nnilp1/movie_directors_should_do_a_small_amount_of/,"Ice Road: Vengeance has a scene where the bus breaks an axle and the protagonist wants to fix it with parts from a junk bus. The scene is so technically inaccurate that my wife who has no mechanical aptitude even questioned it. 

They make a hoist using the bus with the broken axle. My wife said 'how is the axle turning if is broken? 

One of the characters somehow removes and replaces the bus tire so the wheel can be used for the hoist. That would be very hard to do. 

They build a boom out of 'pieces of guard rail' but the boom looks nothing like the steel from the guard rail and they seem to have another rim to use as a pulley from out of nowhere 

They unbolt the entire axle housing from the junk bus. That is not how you replace broken axles on commercial truck axles. You unbolt the center hub and slide the axle out. It would be a nightmare disconnecting the brake lines and driveshaft. Plus, why did the junk bus not have wheels on the side facing down?

The axle housing assemble would weigh probably 1500 lbs, and they somehow drag it up a cliff and remove the original 1500lb housing and replace with the scavenged 1500lb housing. 

Somehow they have hydraulic jacks to lift the bus and every tool required to complete the repair and build the hoist. 

This job would take days for an experienced mechanic in a shop designed to work on busses. The timeline is suggesting they complete the job in couple hours.

They also manage to pull the bus upright from laying on it's side with equipment that I guess was hidden on the bus? 

I spot impossible mechanical things in movies all the time and let it slide, but this scene is absurd.

Edit: I punished myself last night and forced myself to watch the end. There is a self driving crane! The director made a scene where a crane has an auto pilot setting for swinging cars over a ravine! This is the fking stupidest movie I've ever seen!",1758536146.0,0.37,0,0,Discussion,Yamaben,16,False,0,False,text
movies,1nnuwyl,Just rewashed the Human Centipede...I am shocked. Again. Ask your questions,0,https://reddit.com/r/movies/comments/1nnuwyl/just_rewashed_the_human_centipedei_am_shocked/,https://www.reddit.com/r/movies/comments/1nnuwyl/just_rewashed_the_human_centipedei_am_shocked/,"I am 16 y.o. First time I watched the Human Centipide as a 9 y.o. kid with my older sister. I still remembered all those scary scenes, everything in detail, this terrible film left a lot of marks on my then unformed childhood psyche. And I decided to watch it again now. I don't know why. (I watched the first film from the trilogy both times, the other two somehow I don't even want to watch). I don't know if this film is even allowed in your country, but after watching it it becomes so... disgusting?.. so, ask your questions...",1758566710.0,0.11,0,0,Discussion,sweet_corgii,34,False,0,False,text
movies,1nnlg1d,Buddies all recommended Your Name. to me for ages. Watched it last night and it felt like a paint by numbers anime movie on factory setting.,0,https://reddit.com/r/movies/comments/1nnlg1d/buddies_all_recommended_your_name_to_me_for_ages/,https://www.reddit.com/r/movies/comments/1nnlg1d/buddies_all_recommended_your_name_to_me_for_ages/,"After the bone-chillingly cringe anime series-style opening, I kept wincing through plot contrivance after plot contrivance waiting for the true artful genius of this film to detonate. Every character feels ripped out of a How To Anime pamphlet. Wise caretaker? ✅ Bratty kid? ✅ Indignant dork? ✅ Overbearing duty-bound honorable parent? ✅ 

As far as wildly convoluted star-crossed love stories about two dull as dishwater characters go, I will say the animation style was very fluid. 

Was it a “you had to be there” anomaly where 2016 just felt like the right time to watch this?

I think I might just be an out of touch jaded dickhead who genuinely does not enjoy most things. 

Thoughts? 


",1758545053.0,0.19,0,0,Discussion,Pata4AllaG,7,False,0,False,text
movies,1nmbqvk,Just having a moment appreciating Jon Stewart in The Faculty,57,https://reddit.com/r/movies/comments/1nmbqvk/just_having_a_moment_appreciating_jon_stewart_in/,https://www.reddit.com/r/movies/comments/1nmbqvk/just_having_a_moment_appreciating_jon_stewart_in/,"That's all really. For some reason, I didn't realize til my third (or so) rewatch of The Faculty - currently in progress -  that Jon Stewart was in it. Really enjoying watching him and so many other stars in this fun romp. Famke Janssen, Josh Hartnett, Elijah Wood, Salma Hayek, Bebe Neuwirth (!), Piper Laurie and many more -  crazy all-star cast for such a silly - yet thoroughly enjoyable - movie! ",1758407979.0,0.72,57,0,Recommendation,Sudden-Astronomer-84,28,False,0,False,text
movies,1nnkc2u,Horror movies becoming more popular/common,0,https://reddit.com/r/movies/comments/1nnkc2u/horror_movies_becoming_more_popularcommon/,https://www.reddit.com/r/movies/comments/1nnkc2u/horror_movies_becoming_more_popularcommon/,"Has anyone else noticed that a higher percentage of movies released these days seem to be horror? When I go look at the list of movies released on letterboxd in 2025, I’m shocked that almost half of the firsr page appears to be horror. Also seems like the most talked about films these days are also horror. I guess it reflects the dark times we are in as a society, but I can’t help but wonder if it’s not just a situation of art reflecting life, but life reflecting art and how this influences our world and mindset.",1758541876.0,0.19,0,0,Discussion,grapescherries,28,False,0,False,text
movies,1nldhuy,Marvel’s 'Avengers: Doomsday' Has Wrapped Production,9362,https://reddit.com/r/movies/comments/1nldhuy/marvels_avengers_doomsday_has_wrapped_production/,https://maxblizz.com/production-wraps-on-marvels-avengers-doomsday-crew-members-confirm/,,1758311229.0,0.88,9362,0,News,ChiefLeef22,1571,False,0,False,text
movies,1nnlhqb,"Finally got around to watch ""Anatomy of a Fall"" is this a crazy take?",0,https://reddit.com/r/movies/comments/1nnlhqb/finally_got_around_to_watch_anatomy_of_a_fall_is/,https://www.reddit.com/r/movies/comments/1nnlhqb/finally_got_around_to_watch_anatomy_of_a_fall_is/,"It was the kid, 100%. Ever since the beginning, I told my partner it was the kid. First, let's gather some evidence:  
\- He was the first at the scene  
\- He walked alongside a river (could easily dispose of the murder weapon)  
\- He messed up on what was the texture of the scotch tape  
\- He wanted to attend all trials (to get information)  
\- He kind of ""tricked"" Marge into telling him what would be the best course of action  
\- He quite obviously tried something with his dog (he was an intelligent kid, even in emotional distress, he wasn't stupid + the dog also went to sleep with the mom at the end of the movie and not the kid)  
\- The end scene, where he's kissing his mom's head it just made me think that he's comforting her that finally the dad is out of their lives and not really because she got acquitted.

Adding to that, the father was the reason why he was blind, the father consistently, even during the argument, said that his lack of time, a big part of it, was due to the son and the consistent usage of loud music by the dad, which is something that afflicts people who are blind, as they are GENERALLY more sensitive to sounds... I don't know, maybe I sound insane for seeing these dots connecting?",1758545180.0,0.16,0,0,Spoilers,420throawayz,10,False,0,False,text
movies,1nndslw,Korean Movies + Subtitles: Dubs or Subs for your?,0,https://reddit.com/r/movies/comments/1nndslw/korean_movies_subtitles_dubs_or_subs_for_your/,https://www.reddit.com/r/movies/comments/1nndslw/korean_movies_subtitles_dubs_or_subs_for_your/,"I’ve been watching Korean movies and I prefer subtitles to dubbed English audio. It feels more authentic and immersive. Plus I can clearly get the intended emotions as I read through subtitles on the original sound. But I know a lot of people swear by dubs for convenience. When it comes to foreign films, where do you stand? Subs or dubs?",1758517829.0,0.31,0,0,Discussion,jesepy,19,False,0,False,text
movies,1nm2ptk,Dissident Iranian filmmakers urge Oscars to reject state-linked submissions,129,https://reddit.com/r/movies/comments/1nm2ptk/dissident_iranian_filmmakers_urge_oscars_to/,https://www.iranintl.com/en/202509183501,,1758385818.0,0.86,129,0,News,KireRakhsh,2,False,0,False,text
movies,1nmfubz,Noticed this on the Over The Hedge Wikipedia page. Is it true?,22,https://reddit.com/r/movies/comments/1nmfubz/noticed_this_on_the_over_the_hedge_wikipedia_page/,https://www.reddit.com/r/movies/comments/1nmfubz/noticed_this_on_the_over_the_hedge_wikipedia_page/,"https://preview.redd.it/dcfpezyecfqf1.png?width=1863&format=png&auto=webp&s=4c90a8215546efdb8202249548fee422b2ad490a

Was watching Over The Hedge with my 6 year old as he has never seen it.  I was having trouble remembering who played the porcupines so I had to look it up. Was delighted to see it was none other than Eugene Levy and Catherine O'Hara, which was of course perfect at the time and even more so watching it post Schitt's Creek!

One fact I did not expect to find was this banger on the Wikipedia page about Nick Nolte and his apparent extensive research. Probably just Wikipedia vandalism but would love to know if there is some kind of origin to this story?

Edit: Not (really) Wikipedia vandalism after all: [https://editorial.rottentomatoes.com/article/filmmakers-and-cast-discuss-over-the-hedge/](https://editorial.rottentomatoes.com/article/filmmakers-and-cast-discuss-over-the-hedge/)

(Thanks to u/dogdriving)",1758419933.0,0.64,22,0,Discussion,Dylanthrope,11,True,1,False,text
movies,1nniute,Why Don't Franchise films in Particular do this?,0,https://reddit.com/r/movies/comments/1nniute/why_dont_franchise_films_in_particular_do_this/,https://www.reddit.com/r/movies/comments/1nniute/why_dont_franchise_films_in_particular_do_this/,"Get an actual writer in the genre of the film to write a short story using the characters and lore of the franchise, and then get a screenwriter to shape if for film?

For example for the last Alien film 'Covenant' which was, to be fair: absolute dogshit writing. Why couldn't they have gotten an actual sci-fi writer say Alastair Reynolds (or whoever take your pic) to do the above and then it would likely have been a really good film.

You can see an example of the difference in quality in Game of Thrones in season 8 when the screenwriters didn't have the work of an actual writer to base it on: it was nonsensical garbage.

Just seems like something that should be a common occurrence.",1758537042.0,0.05,0,0,Discussion,kensaundm31,16,False,0,False,text
movies,1nmze18,Chronicle feels like a modern Akira – Andrew reminded me so much of Tetsuo,0,https://reddit.com/r/movies/comments/1nmze18/chronicle_feels_like_a_modern_akira_andrew/,https://www.reddit.com/r/movies/comments/1nmze18/chronicle_feels_like_a_modern_akira_andrew/,"I just watched Chronicle and couldn't stop thinking about how much Andrew reminds me of Tetsuo from Akira. Both are outcasts, bullied and isolated, who suddenly gain incredible power that spirals out of control. By the end, they're less of a person and more of a force of destruction.

Do you think Chronicle is basically a “teen Akira” made for Western audiences, or does it stand on its own as something different?

Also, I wonder how different the story would feel if it had been told mainly from Matt's perspective instead of Andrew's. 

Btw I just bought the Akira manga, which I'm going to read, so I'm only comparing it to the Akira movie. ",1758478848.0,0.49,0,0,Discussion,Lopsided_Cup_1007,6,False,0,False,text
movies,1nni08h,Is HIM actually good?,0,https://reddit.com/r/movies/comments/1nni08h/is_him_actually_good/,https://www.reddit.com/r/movies/comments/1nni08h/is_him_actually_good/,"After sleeping on it, HIM is actually way better and more effective than I thought. There are quite a few disturbing scenes that stuck out to me, but the one that unnerves me the most is the part where>!Cameron performs helmet to helmet tackle that leaves the quarterback convulsing and coughing up blood on the ground!<; the scene is so visceral, I actually had a nightmare about it. 

The film is making a broader point about the disturbing nature of contact sports in general, like football and boxing; we should feel disturbed by it, but we aren't because it's framed as pure spectacle. We often cheer at the disturbing nature of sports even at their most brutal, like people craving a brutal knockout while watching boxing. The film exaggerates the brutality of, in this case, football as a hypocritical mirror in that we (as a society) claim to abhor violence yet we love the spectacle of violence. Without the commentary, the commercials, the onscreen graphics, the music, the crowd of Monday Night Football, we're left with the naked savagery of football (or contact sports in general) and it is quite unsettling.

Regarding Marlon Wayans as Isaiah White, I thought it was bad acting, but I've since realized that the character himself is acting out the part he's expected to play by the power structures he exists within: the owners, the team, the fans, the public at large. He's manipulative, performative, stiff, sociopathic, jealous, and lustful. The off-putting performance actually forces the viewer into the position of critic in a similar way to how the average person watches sports critically by judging every little move of the professional, as in ""you better meet my standards and expectations"". The film accomplishes this without the person being aware just like people aren't aware when watching sports in real life. 

Marlon Wayans' performance also mirrors the sociopathic expectation that sports fans place on those they deem as superstars. They don't admit that outright, but the expectation is that superstars act as obsessive, violent, unfeeling killers (not in the literal sense but in that they crush anyone in their way without empathy or mercy; people literally call it the killer instinct) who are able to push through any and all pain. Sports fans become sociopathic through their dehumanization of the hero, the superstar, and pass that sociopathy on to them through their expectations which is then mirrored back to them as an ideal, a goal, a purpose. 

The film is uncomfortable throughout symbolizing that heavy contact sports should unnerve and disturb rather than entertain. But, most people consume sports as pure spectacle; they're watching people destroy their own bodies for other people's entertainment, and as soon as they're completely broken, they're discarded and fall into obscurity. 

You can feel that tension throughout the film, that Cameron Cade is one misstep away from being broken and seemingly losing everything: the fame, the glory, the status, the power; the things that everyone craves in this society yet obfuscate through flowery language. The film is actually good  because it holds up a mirror to both sports and movie fans in which they become one and the same (the questions being: Are you actually entertained by this? and Is this even supposed to be entertaining?), and unmasks the spectacle for what it is, a disturbing mess.

# ",1758534001.0,0.13,0,0,Spoilers,Complete_Barnacle_46,4,False,0,False,text
movies,1nnf1pj,Butch Cassidy and the Sundance Kid,0,https://reddit.com/r/movies/comments/1nnf1pj/butch_cassidy_and_the_sundance_kid/,https://www.reddit.com/r/movies/comments/1nnf1pj/butch_cassidy_and_the_sundance_kid/,"Since Robert Redford died, I decided to watch a marathon of his movies. I first watched Barefoot in the Park with him and Jane Fonda. This one is a very clever situational comedy, though I'd say I used to like it a lot more for some reason. Tonight I watched Butch Cassidy and the Sundance Kid, which is an excellent film all around and I'd say one of my favorite Westerns. Although as with Bonnie and Clyde, it's easy to get enthralled by this duo of outlaws, I was pleased to see them get their just desserts at the end, demonstrating what I've always believed, namely that a life of crime does not pay. ",1758522392.0,0.26,0,0,Discussion,dcterr,9,False,0,False,text
movies,1nly02r,'Ash is the purest white' (2018)...The ambush,179,https://reddit.com/r/movies/comments/1nly02r/ash_is_the_purest_white_2018the_ambush/,https://v.redd.it/3zl7xqjnlbqf1,,1758374393.0,0.68,179,0,Media,crushedmoose,89,False,0,False,text
movies,1nni2db,Charlie Sheen Tells All in Debut Memoir ‘The Book of Sheen’,0,https://reddit.com/r/movies/comments/1nni2db/charlie_sheen_tells_all_in_debut_memoir_the_book/,https://variety.com/2025/shopping/news/charlie-sheen-memoir-buy-online-1236512657/,,1758534220.0,0.19,0,0,Article,ubcstaffer123,9,False,0,False,text
movies,1nneml5,"Why in the movie “Jackpot!” Are there people with signs saying, “ GO KAITIE”",0,https://reddit.com/r/movies/comments/1nneml5/why_in_the_movie_jackpot_are_there_people_with/,https://www.reddit.com/r/movies/comments/1nneml5/why_in_the_movie_jackpot_are_there_people_with/,Aren’t they supposed to be killing her? This is near the end of the movie when she is at the theater. Are those people who don’t like the game like the wax museum owner? This is the one thing I don’t understand about the movie. It doesn’t seem like there was that many people defending her in the beginning so whats the deal?,1758520849.0,0.21,0,0,Question,PsychologicalSet1744,0,False,0,False,text
movies,1nl3xsk,V for Vendetta continues to be a history lesson,20582,https://reddit.com/r/movies/comments/1nl3xsk/v_for_vendetta_continues_to_be_a_history_lesson/,https://www.youtube.com/watch?v=OhNJx14sdRg,"Late night funny man pokes fun at authoritative head of state.

Authoritative head of state has funny man disappeared.

It’s as if Donald Trump watched the film on his flight to the United Kingdom, and only finished half of it, got some ideas, phoned his buddy at the FCC, but didn’t see how it ends. Hopefully he sees how it the movie ends. 




",1758289361.0,0.91,20582,0,Media,ColdMinnesotaNights,1056,False,0,False,text
movies,1nlobov,Ong-Bak (2003) is fucking insane. I can't believe how many flying knees & elbows Tony Jaa throws that actually connect super hard!,775,https://reddit.com/r/movies/comments/1nlobov/ongbak_2003_is_fucking_insane_i_cant_believe_how/,https://www.reddit.com/r/movies/comments/1nlobov/ongbak_2003_is_fucking_insane_i_cant_believe_how/,"The stunts in this movie fucking rule. It's got everything from free running, to fights, to boss fights, set pieces, shit, there's a fucking tuktuk chase in it. How many action movies can you count where people chase eachother with tuktuks?!


Like I said in the title what really makes this movie stand out to me is the fact that Tony's really hitting his opponents and it genuinely shows. The stunt guys are always wearing big wigs, hats, beanies, or layered clothing to hide the protective pads their wearing. It's nuts. The fight choreography is gorgeous in this, Tony Jaa's movement is so fluid and rhythmic, he really brought out the beauty of Muay Thai.


The story is also pretty decent, the simple story of a country bumpkin having to team up with a scummy city slicker to return hope back to their village is pretty cute.


I think it's a tie for me between the fight club battles and the final fight for the best fight scene in the movie",1758341041.0,0.95,775,0,Discussion,Wonder-Lad-2Mad,86,False,0,False,text
movies,1nncgoh,"In The Godfather Part 3, how would Michael react if Vincent had gotten Mary pregnant?",0,https://reddit.com/r/movies/comments/1nncgoh/in_the_godfather_part_3_how_would_michael_react/,https://www.reddit.com/r/movies/comments/1nncgoh/in_the_godfather_part_3_how_would_michael_react/,"In The Godfather Part 3 Vincent and Mary were having a fling despite being cousins, how would Michael Corleone have reacted if Vincent and Mary told him that Mary was pregnant with Vincent's incest bastard?

That would be a disgrace to the Corleone Family and Michael would never order or allow his daughter to have an abortion or give the child up for adoption, he also wouldn't give his blessing or allow them to get married and humilate him in front of the other Mafia families.",1758513402.0,0.15,0,0,Discussion,Tidewatcher7819,2,False,0,False,text
movies,1nnh31l,Official Poster From Kantara Chapter 1 Releasing On 2nd October 2025 (trailer out now),0,https://reddit.com/r/movies/comments/1nnh31l/official_poster_from_kantara_chapter_1_releasing/,https://i.redd.it/o2eyqtnohoqf1.png,,1758530385.0,0.28,0,0,Poster,CommonAssistant8978,3,True,1,False,image
movies,1nmj9xu,George C. Scott's Turned Down Roles,7,https://reddit.com/r/movies/comments/1nmj9xu/george_c_scotts_turned_down_roles/,https://www.reddit.com/r/movies/comments/1nmj9xu/george_c_scotts_turned_down_roles/,"Here are the roles that George C. Scott turned down or was considered

1966: How To Steal A Million (Role: David Leland) (Actor who got it: Eli Wallach) (Reason: Scott was hired for the role when Walter Matthau was deemed too expensive. Scott had been on the set for a few weeks before shooting began. However, on his first day of shooting, he didn't show up until after lunch, and director William Wyler decided to fire him. He was already finding it difficult to handle two heavy drinkers, Peter O’Toole andHugh Griffith, and the prospect of a third was just too overwhelming. On hearing of Scott's removal from the production, Audrey Hepburn became quite inconsolable.)

1967: In The Heat Of The Night (Role: Bill Gillespie) (Actor who got it: Rod Steiger) (Reason: Scott was offered and actually accepted the role of Bill Gillespie, However, according to producer Walter Mirisch's memoir ""I Thought We Were Making Movies, Not History"". Scott backed out when wife Colleen Dewhurst wanted him to direct her in a play on Broadway. So Mirsch offered the role to Rod Steiger and he accepted)

1967: Wait Until Dark (Role: Roat) (Actor who got it: Alan Arkin) (Reason: Jack L. Warner wanted him for the role of Roat before deciding on Alan Arkin)

1970: Catch 22 (Role: Colonel Cathcart) (Actor who got it: Martin Balsam) (Reason: Scott turned down the role, stating that he already played the part in Dr. Strangelove)

1971: Dirty Harry (Role: Harry Callahan) (Actor who got it: Clint Eastwood) (Reason: Scott admitted in a 1980 Playboy Interview that he was offered the role of Harry Callahan but turned down the role because he didn’t like the script’s violent nature)

1971: McCabe & Mrs. Miller (Role: John McCabe) (Actor who got it: Warren Beatty) (Reason: He was considered for the role when Elliot Gould turned down role and Warner Bros preferred him for the role, but Altman ultimately decided to cast Warren Beatty)

1972: The Cowboys (Role: Will Anderson) (Actor who got it: John Wayne) (Reason: Was offered the role because Mark Rydell originally did not want to work with John Wayne, but John Wayne managed to convince him and Rydell admitted that he actually enjoyed working with John)

1972: The Godfather (Role: Vito Corleone) (Actor who got it: Marlon Brando) (Reason: Scott was considered for the role of Vito Corleone)

1972: Deliverance (Role: Unknown) (Reason: Scott was considered for a role in the film)

1976: Network (Role: Howard Beale) (Actor who got it: Peter Finch) (Reason: Scott reportedly turned down the role of Howard Beale)

1976: The Shootist (Role: J.B Brooks) (Actor who got it: John Wayne) (Reason: Scott was offered the role and reportedly he accepted the role on the condition that not word of the screenplay be changed but for reasons unknown, he didn’t play the part likely due to John Wayne campaigning hard for the part)

1999: Magnolia (Role: Earl Patridge) (Actor who got it: Jason Robards) (Reason: Scott was offered but turned it down after reading the script, calling it “The Worst f— Thing I’ve ever read, the language is terrible)

**I’m Still on a George C. Scott binge. I must admit, I wish Scott did more films like Patton in the 1970s. After great performances in Anatomy Of A Murder, The Hustler, Dr. Strangelove in the 70s, Scott achieved what I think is his greatest performance in Patton. However I feel after Patton, his film roles left something to be desired. I do hear great things about The Hospital & The Changeling and I did enjoy Hardcore, but when I see or hear of his other films in that era (Like Rage, The New Centurions, The Last Run, Day Of The Dolphin, Island Of The Stream, The Formula) , its “George C. Scott is great, even though the rest of the film is mid”. I will say his television films are top tier, Jane Eyre, The Price, Beauty & The Beast, A Christmas Carol, The Last Days Of Patton, 12 Angry Men Remake and others.** 

**I still think George C. Scott is a legend but I do wonder what would happen if he accepted any of the roles he turned down. (The Godfather & Deliverance are perfect castings, but I wonder on In The Heat of the Night, Network, The Shootist and Magnolia would have been an interesting if he accepted as it could have been his final film)**",1758431115.0,0.61,7,0,Discussion,FreshmenMan,16,False,0,False,text
movies,1nmux5j,Animal Movies Just saved me,1,https://reddit.com/r/movies/comments/1nmux5j/animal_movies_just_saved_me/,https://www.reddit.com/r/movies/comments/1nmux5j/animal_movies_just_saved_me/,"I was super stressed out due to multiple reasons, also health was bit off so going out, mixing with people wasn't possible.

Wasn't interested in romedy so looking for something to uplift mood. 

Came across Mark Wahlberg's Arthur the King,  then thanks to app suggestions,  binged Channing Tatum's Dog, Cat named Bob, Max, Eight Below.

Now I am feeling better. Just thought to share with others here 
",1758468469.0,0.52,1,0,Discussion,ExplorerDNA,7,False,0,False,text
movies,1nn90hm,200 Movie reviews (part 7),0,https://reddit.com/r/movies/comments/1nn90hm/200_movie_reviews_part_7/,https://www.reddit.com/r/movies/comments/1nn90hm/200_movie_reviews_part_7/,"My goal this year is to watch 200 movies I have never seen before. As I go I am ranking them 1-10, and writing a few words on them. I'm not a movie critic, and my ratings are based on how much I enjoyed the film. Feel free to ask me anything, and give input and/or suggestions! I will be posting updates to this list of mine every 25 movies I watch.

Below is the link to part 6 of my list:

https://www.reddit.com/r/movies/s/yGAQE9cazz

These are all MINI reviews! 

151. The Fly (1986): 6/10. Goldblum is such a weird dude, I think he was the perfect person for this job.

152. Training day: 7/10. Denzel funny.

153. Crouching tiger, hidden dragon: 8/10. Yeoh is great. The flying around was a little silly looking, but I got used to It. I really loved that last fight scene.

154. The toxic avenger: 5/10. For a reason I can't describe, this movie felt like it was made in the past 10 years, and only made to look like it was shot in the 80's. Felt like a high budget highschool project.

155. I'm gonna git you sucka: 3/10. just not very funny.

156. From dusk till dawn: 6/10. First time I ever disliked keitel. I actually kinda liked Tarantino. I would have LOVED going into this movie without knowing what it was about.

157. Blade: 8/10. Dude hell yeah, blade kicks ass. I like when he kills vampires. His outfit and haircut are fucking badass. He kills vampires really good.

158. Being john malkovich: 9/10. One of the most unique movies I have ever seen. I love everyone involved in this, especially malkovich and keener.

159. Phone booth: 5/10. I picked this because I felt like I was due for something awful, and I thought it looked the part. Was not as bad as I expected, but it wore out quickly and I didn't care about anyone.

160. The host: 7/10. Least favorite bong joon ho movie, still good. CGI was ugly. I don't get what sets this apart from other monster movies, I guess I'm not a monster movie guy.

161. Natural Born killers: 8/10. It was cool. thought I was gonna hate it at first, but Its weird look and tone clicked for me about 15 minutes in.

162. 2001: A space Odyssey. 10/10.

163. Barry Lyndon: 9/10. For such a long movie I don't think I blinked once. Kubrick might be my favorite director.

164. Mother!: 9/10. I have never been so frustrated and anxious throughout a movie. This is as close as any movie I have seen has come to emulating what having an actual nightmare is like. Didn't like Lawrence at first.

165. Joe Dirt 2: 1/10. I can't believe I watched this bullshit. The extended cut too, for some insane reason.

166. Jack and Jill: 2/10. 1 Star for existing, and 1 for Al Pacino. I actually laughed really hard when I saw Jared from subway, too. it was a jump scare.

167. Blair Witch 2: 1/10. Wasn't scary or funny or interesting or anything. My brain actually completely shut down while I watched this. It's insane how much they screwed this up.

168. Movie 43: 1/10. This is the only comedy I have ever watched where I didn't laugh once (I think).

169. Oldboy (2013): 6/10. Not as bad as I thought it would be. The action was bad and the movie really just didn't need to happen. Such an insane story, It's been years but I think the original is a 10.

170. The producers: 6/10. Springtime for Hitler was great. 

171. Tokyo!: 5/10. Interior design was The standout here. I didnt care about or like Merde at all. Shaking Tokyo was fine.

172. Life stinks: 5/10. It had it's moments. I liked the ending a lot. 

173. The fountain: 2/10. This BAD movie could have been GOOD if it did a better job at not being BAD (idk). Disappointed cause I really like everything else I have seen by arronofsky. 

174. L.A Confidential: 9/10. I was torn between a 9 and a 10 on this. There was a lot going on, and it slightly lost me a few times in the middle.

175. Eternal sunshine of the spotless mind: 7/10. It wasn't what I was expecting. I like carrey here more than I ever have. ",1758503109.0,0.38,0,0,Discussion,Bed_Bug_God,20,False,0,False,text
movies,1nm8a4l,What are your personal top 3 favorite scenes in film?,29,https://reddit.com/r/movies/comments/1nm8a4l/what_are_your_personal_top_3_favorite_scenes_in/,https://www.reddit.com/r/movies/comments/1nm8a4l/what_are_your_personal_top_3_favorite_scenes_in/,"I've seen tons of movies and theres many scenes in films that make me emotional. Some scenes just have so much emotional depth, brilliant acting, clever writing or great choreography that really make them special. What are your top 3?

For me it's 

1. Bench scene in Good Will Hunting
2. Doc Holliday's Duel with Johnny Ringo in Tombstone
3. Coop going through the video logs in Interstellar",1758399104.0,0.69,29,0,Discussion,meatloafpoptarts,111,False,0,False,text
movies,1nlkdam,Best monologue in movie history?,844,https://reddit.com/r/movies/comments/1nlkdam/best_monologue_in_movie_history/,https://www.reddit.com/r/movies/comments/1nlkdam/best_monologue_in_movie_history/,"I'm gonna go with Quint telling the story of the SS Indianapolis in Jaws.  

""Still... we delivered the bomb....""

Honourable mention, Dr Loomis' ""I... met him... fifteen years ago..."" from Halloween.

What's your favourite?  Jules explaining bible quotes in Pulp Fiction?  Agent Smith sharing his opinions on humanity?  Something else entirely?",1758328880.0,0.9,844,0,Discussion,EnglishTony,998,False,0,False,text
movies,1nm2ggt,Which up and coming 25 or younger actress do you think will have the best career?,42,https://reddit.com/r/movies/comments/1nm2ggt/which_up_and_coming_25_or_younger_actress_do_you/,https://www.reddit.com/r/movies/comments/1nm2ggt/which_up_and_coming_25_or_younger_actress_do_you/,"There are quite a few upcoming young actresses under 25 that have done good work and show a lot of promise for having a long great and successful career.  Which of them do you think will end up flourishing into the future A list actresses with a great trajectory, accolades and filmography?

Here is a list of some of the most popular ones along with their age for reference:

* Milly Alcock (25)
* Sophie Thatcher (24)
* Rachel Zegler (24)
* Isabela Merced (24)
* Thomasin McKenzie (24)
* Sadie Sink (23)
* Sophia Lillis (23)
* Jenna Ortega (22)
* Millie Bobby Brown (21)

Personally I think out of this group Sadie Sink will end up having a great and lasting career and will end up being part of the new generation of A listers. She has already shown her range and acting shoes in several projects like The Whale and Stranger Things,  is very charismatic and likeable and looks to be easy to work with.

How about you? Which one do you think will end up having the best career?",1758385205.0,0.64,42,0,Discussion,AtraMortes,111,False,0,False,text
movies,1nnaxw3,Charlie Sheen and Platoon,0,https://reddit.com/r/movies/comments/1nnaxw3/charlie_sheen_and_platoon/,https://www.reddit.com/r/movies/comments/1nnaxw3/charlie_sheen_and_platoon/,"For me, Charlie is good-very good in that. I give him 85-88 out of 100. Whereas like everyone else gets 100.

I’ve never really connected to him. In fact I think his best role is Hot Shots Part Deux. 100 there. Major League also*

He’s just never quite moved me except when he’s crying and being dragged out in handcuffs in Wall Street. Who do you think would be a better fit for Chris Taylor in Platoon?

* It was just the other day it clicked that Sheen and Berenger are both in Platoon and Major League. That’s how good Berenger is that I never seemed to put that together",1758508685.0,0.06,0,0,Discussion,Superman_Primeeee,2,False,0,False,text
movies,1nnawns,Anyone else find it funny how JJ Abrams has disappeared/fallen off the radar since Rise of Skywalker in 2019 despite being everywhere in the 2010s?,0,https://reddit.com/r/movies/comments/1nnawns/anyone_else_find_it_funny_how_jj_abrams_has/,https://www.reddit.com/r/movies/comments/1nnawns/anyone_else_find_it_funny_how_jj_abrams_has/,"This dude was directing a new big movie every 2 to 3 years, producing like 1-2 movies every year, but since TROS, all he’s produced are some documentaries series, and some other low profile stuff, some TV show on hbo max that got canceled quick, even the last 2 Mission: Impossible movies weren’t even produced by him, I heard he’s working on a new movie but idk about that, stuff with him attached keeps getting announced but it doesn’t seem to ever come out haha. ",1758508588.0,0.39,0,0,Discussion,Coolers78,37,False,0,False,text
movies,1nl5x43,New Poster for 'Now You See Me: Now You Don't',4041,https://reddit.com/r/movies/comments/1nl5x43/new_poster_for_now_you_see_me_now_you_dont/,https://i.redd.it/b8di3fxwy4qf1.jpeg,,1758294042.0,0.88,4041,0,Poster,MarvelsGrantMan136,871,True,1,False,image
movies,1nm5au6,Most used location for scenes in a movie,26,https://reddit.com/r/movies/comments/1nm5au6/most_used_location_for_scenes_in_a_movie/,https://www.reddit.com/r/movies/comments/1nm5au6/most_used_location_for_scenes_in_a_movie/,"Last week I was in Toronto, and I went Casa Loma, North America's only full sized castle (as claimed by them), and they had a exhibition on the movies that had been filmed there. I was amazed at how many had used it for filming, including the X-Men franchise, Scott Pilgrim vs the World, Chicago, etc, etc. All told, [according to IMDb, 57 movies](https://www.imdb.com/search/title/?locations=casa%20loma,%20toronto,%20ontario,%20canada) have been shot here, either inside or on the grounds.

Is there any other real-life (non studio) location that has been used as much? I'm not talking about landmarks that appear in movies, like the White House, London Bridge, or the Louvre, but locations that were repurposed to use as a scene.",1758391931.0,0.73,26,0,Discussion,dumbBunny9,56,False,0,False,text
movies,1nlkjad,What ENDING scene will forever live rent free in your mind?,622,https://reddit.com/r/movies/comments/1nlkjad/what_ending_scene_will_forever_live_rent_free_in/,https://www.reddit.com/r/movies/comments/1nlkjad/what_ending_scene_will_forever_live_rent_free_in/,"I’m talking the most mindboggling, or the most bizarre, or the most intense ending that you can possibly think of. It could even just be extremely memorable. 

Think outside the box here, because there are some movies that have pretty ‘predictable’ endings. I want your one movie that has that ending that sends chills down your entire spine 

MY choice is Ghost Ship. I think I’ve watched that movie over 100 times and that ending scene will always just make me go ‘wtfffff’. Her in the ambulance on the port thinking the entire thing is over and that she’s safe. All of a sudden she sees her old crew carrying the gold crates onto the new ship..that incredibly intense song by Mudvayne starts rolling, and at the end of the pack is the demon who she thought she killed, slow motion walking up the deck behind them, peers over at her, nostrils flared while maintaining constant eye contact with her, then smirks at her and she screams ‘NOOOOOO!’ while the ambulance doors close on her  

Chills. Every. Single. Time. 

What’s your most memorable ending?



",1758329380.0,0.84,622,0,Discussion,neverleavingthewagon,1485,False,0,False,text
movies,1nmcd65,Atmospheric as all hell,9,https://reddit.com/r/movies/comments/1nmcd65/atmospheric_as_all_hell/,https://www.reddit.com/r/movies/comments/1nmcd65/atmospheric_as_all_hell/,"That’s the recs I want. Rewatching  sleepy hollow 1999. It’s soooo foggy and gothic and dusky and musty and dark and awesomely atmospheric. The Witch is another one. I want that dark broody moody tone. No, I need it! Damnit, let me know what other movies I can check out in this vein. Another one would be after.life from 2009",1758409657.0,0.64,9,0,Discussion,Business_Coffee_9421,44,False,0,False,text
movies,1nn5fqr,"Hayden Christensen from Star Wars was about to become the next “big star” but instead it went downhill  because of those films, what other actors had the same path or had the similar situation ?",0,https://reddit.com/r/movies/comments/1nn5fqr/hayden_christensen_from_star_wars_was_about_to/,https://www.reddit.com/r/movies/comments/1nn5fqr/hayden_christensen_from_star_wars_was_about_to/,"Hayden Christensen who played Anakin Skywalker in Star Wars prequels had a very promising career in the early 2000’s but because of those films and lots of criticisms from fans and critics of his acting and the dialogue, it went all downhill for him and never recovered, what other actors had a similar story or situation ? ",1758493177.0,0.41,0,0,Discussion,klauswags,49,False,0,False,text
movies,1nm689g,Surfs Up (2007) is one of the best animated movies,17,https://reddit.com/r/movies/comments/1nm689g/surfs_up_2007_is_one_of_the_best_animated_movies/,https://www.reddit.com/r/movies/comments/1nm689g/surfs_up_2007_is_one_of_the_best_animated_movies/,"I watch this movie annually and every time I'm just taken back about how well it was. It's such a wholesome movie.

Characters were all casted perfectly and I love how they made made it look like it was shot by a reality TV crew. So many scenes that still make me laugh.

**so glad they never made a second one**",1758394165.0,0.66,17,0,Discussion,Mrmcflaky,12,False,0,False,text
movies,1nm8w5w,What do you find yourself enjoying more often Films or TV shows?,13,https://reddit.com/r/movies/comments/1nm8w5w/what_do_you_find_yourself_enjoying_more_often/,https://www.reddit.com/r/movies/comments/1nm8w5w/what_do_you_find_yourself_enjoying_more_often/,I personally prefer films I like having one good package of a story and find it much easier to just watch a movie since I'm getting the full story and I don't have to spread it out and even if there are sequels they are almost never planned so the one film still feels satisfying. That's just my opinion but I'm curious what the masses think.,1758400609.0,0.67,13,0,Discussion,Guy_heretoreadshit,37,False,0,False,text
movies,1nm2q95,"AMA/Q&A Announcement - DeWanda Wise - Thursday 10/16 at 6:00 PM ET - Actress in 'She's Gotta Have It', 'Jurassic World Dominion', 'Imaginary', 'Love, Brooklyn', 'The Harder They Fall', 'Poolman', 'Fatherhood', and lots more.",23,https://reddit.com/r/movies/comments/1nm2q95/amaqa_announcement_dewanda_wise_thursday_1016_at/,https://i.redd.it/hdpa5pwgjcqf1.png,,1758385845.0,0.61,23,0,Announcement,BunyipPouch,5,True,1,False,image
movies,1nn1tig,Questions about The prestige : spoilers ahead,0,https://reddit.com/r/movies/comments/1nn1tig/questions_about_the_prestige_spoilers_ahead/,https://www.reddit.com/r/movies/comments/1nn1tig/questions_about_the_prestige_spoilers_ahead/,"Re-watching The Prestige and had a question 

When Angier has the twins journal and comes to see Tesla and can't see him, he talks with Alley. Alley mentiones that Angier stole the journal, and that he is looking for a secret. Angier says that he already knows the secret of the journal and that it is the reason he is here to see Tesla. 

What did the twins write ? Did they mention the existence of the machine for Angier to be looking for it? They're real twins so why would he come after the machine after reading the journal ? Are they saying the twins were not born-twins but we're created later by Tesla's machine?
Thanks 🤯",1758484397.0,0.17,0,0,Question,Borderlime333,3,False,0,False,text
movies,1nmwvfx,Movie recommendations needed urgently!,0,https://reddit.com/r/movies/comments/1nmwvfx/movie_recommendations_needed_urgently/,https://www.reddit.com/r/movies/comments/1nmwvfx/movie_recommendations_needed_urgently/,"Some movies that I've enjoyed watching with my family are the tourist, fast & furious series, John wick, materialists, the tourist, transporter series, 21 jump st, all of Kevin hart movies, marvel movies, etc.

I need movie suggestions to watch with my siblings. We're having a movie night and I'm out of ideas. 

P.s I have siblings who aren't 18 just yet. So something that's family friendly would be great!",1758473045.0,0.36,0,0,Recommendation,maulivee,22,False,0,False,text
movies,1nmlznc,looking for movies like alejandro jodorowsky’s,1,https://reddit.com/r/movies/comments/1nmlznc/looking_for_movies_like_alejandro_jodorowskys/,https://www.reddit.com/r/movies/comments/1nmlznc/looking_for_movies_like_alejandro_jodorowskys/,"I recently watched some Alejandro Jodorowsky films and was completely blown away by the visuals and surreal storytelling. Movies like El Topo and The Holy Mountain are so unlike anything else I’ve seen.

Does anyone know other directors or films with a similar surreal, mind-bending style? I’d love recommendations for movies that make you feel like you’re stepping into another world.",1758441130.0,0.52,1,0,Question,Piot321,7,False,0,False,text
movies,1nn1egx,If James Cameron continued on with the Terminator franchise instead of focusing on Avatar.,0,https://reddit.com/r/movies/comments/1nn1egx/if_james_cameron_continued_on_with_the_terminator/,https://www.reddit.com/r/movies/comments/1nn1egx/if_james_cameron_continued_on_with_the_terminator/,"Just as the title says, if James Cameron instead of focusing on the Avatar franchise put his full creative effort into the Terminator franchise, would he still have been able to make the same visual achievements with Terminator as he has with Avatar? I enjoy the Avatar franchise but I'm not as big a fan to that as I am to the Terminator. Part of me wishes he continued on directing those movies and having the same accolades he did making Avatar. I just question in what way he could've brought Terminator to another level visually.",1758483407.0,0.38,0,0,Discussion,JoesBurning,33,False,0,False,text
movies,1nly8wt,"Any suggestions for movies that relate to the goldrush specifically, not just “western”?",28,https://reddit.com/r/movies/comments/1nly8wt/any_suggestions_for_movies_that_relate_to_the/,https://www.reddit.com/r/movies/comments/1nly8wt/any_suggestions_for_movies_that_relate_to_the/,Recently went through an old mining town and looking for something that deals with the history of the American gold rush in the west. It’s ok if it has typical western elements but not really looking for just a western cowboy kind of movie. Wondering if there’s anything more specially focused on the gold rush aspect. ,1758375038.0,0.75,28,0,Recommendation,mickyrow42,64,False,0,False,text
movies,1nn08kk,"Was Aronofky’s “Noah” actually that bad, or did I just grow up Christian?",0,https://reddit.com/r/movies/comments/1nn08kk/was_aronofkys_noah_actually_that_bad_or_did_i/,https://www.reddit.com/r/movies/comments/1nn08kk/was_aronofkys_noah_actually_that_bad_or_did_i/,"In light of the Nic Cage “Carpenter’s Son” teaser trailer release, I’ve been thinking about the inevitable backlash it’s going to receive, much like “Noah” did back in 2014. 

I was a baby 17-year-old still deep in the church life, so I just remember all the horrible reviews, the irate Christians upset about Aronofsky “bastardizing” the Bible, how I didn’t like it because of how different from the Bible story it was, etc. 

So, what did you guys think of “Noah”?
Did you enjoy it? 
Or rather, “enjoy” it as much as you can enjoy Aronofsky’s emotional roller coasters. 

I would love to hear your thoughts!
",1758480774.0,0.42,0,0,Discussion,SquashyCorgi478,67,False,0,False,text
movies,1nl50y2,New Poster for Yorgos Lanthimos’ ‘BUGONIA’,1681,https://reddit.com/r/movies/comments/1nl50y2/new_poster_for_yorgos_lanthimos_bugonia/,https://i.redd.it/hm0vb2vqs4qf1.jpeg,,1758291966.0,0.96,1681,0,Poster,MarvelsGrantMan136,70,True,1,False,image
movies,1nmwaq5,What are some of your favorite hitchhiking scenes?,0,https://reddit.com/r/movies/comments/1nmwaq5/what_are_some_of_your_favorite_hitchhiking_scenes/,https://www.reddit.com/r/movies/comments/1nmwaq5/what_are_some_of_your_favorite_hitchhiking_scenes/,"All the info is in the title really. I have a scene to write and am wondering what's out there in terms of inspiration (or tropes to avoid - I have looked on the TVTropes website, but wondering if anyone has specific suggestions that they love). Any genre, any length, could be TV too if that isn't sacrilege on this sub.",1758471699.0,0.33,0,0,Question,tapdown,11,False,0,False,text
movies,1nlnizv,"In an interview during production of Terminator: Salvation, director McG said they were trying something groundbreaking that had never been done before. What was that?",153,https://reddit.com/r/movies/comments/1nlnizv/in_an_interview_during_production_of_terminator/,https://www.reddit.com/r/movies/comments/1nlnizv/in_an_interview_during_production_of_terminator/,"I recall seeing an interview with McG discussing the production of Terminator Salvation.

He referenced attempting something that had never been done before in the production a film that, if successful, would be groundbreaking.

Does anyone know what he was talking about, if it was successful, and if it was, in fact, groundbreaking?",1758338465.0,0.86,153,0,Discussion,All_This_Mayhem,87,False,0,False,text
movies,1nmww67,Which movie is this quote from?,0,https://reddit.com/r/movies/comments/1nmww67/which_movie_is_this_quote_from/,https://www.reddit.com/r/movies/comments/1nmww67/which_movie_is_this_quote_from/,"My friends and I were scrolling Netflix and a mini trailer came out where a guy was saying to a girl ""I'm sorry alright, I don't have any money""
Can anybody please tell me: What movie/show is this scene from? My friend scrolled away too fast and we missed the name of the show 😭. I don't watch movies often and that scene caught my eye. Help!",1758473094.0,0.28,0,0,Question,huge_jugs,5,False,0,False,text
movies,1nlb6kx,TRON: ARES (2025) Soundtrack by Nine Inch Nails Released,728,https://reddit.com/r/movies/comments/1nlb6kx/tron_ares_2025_soundtrack_by_nine_inch_nails/,https://www.reddit.com/r/movies/comments/1nlb6kx/tron_ares_2025_soundtrack_by_nine_inch_nails/,"It finally dropped! I'm so psyched the full soundtrack is out now. The Tron: Legacy soundtrack was so good and so far I've been lovingggggg this one! 'New Directive' (the 22nd track) is straight heat. Feel like I have to show off this crazy-ass 7"" vinyl I got at Comic Con in honor of the full release! Where does the TRON series rank among movie soundtracks for everyone?

https://preview.redd.it/4l8azt6nx5qf1.jpg?width=4284&format=pjpg&auto=webp&s=dcc905835d9c0c64efd44c3966ccc6ee70771a4a

Also here are links to vinyl/cd for anyone interested: 

Vinyl: [https://interscope.com/products/tron-ares-soundtrack-180-gram-2lp](https://interscope.com/products/tron-ares-soundtrack-180-gram-2lp)

CD: [https://interscope.com/products/tron-ares-soundtrack-cd](https://interscope.com/products/tron-ares-soundtrack-cd)",1758305895.0,0.9,728,0,News,LocationNo1077,177,True,1,False,text
movies,1nmtsr7,What genre are movies set in the US country towns?,0,https://reddit.com/r/movies/comments/1nmtsr7/what_genre_are_movies_set_in_the_us_country_towns/,https://www.reddit.com/r/movies/comments/1nmtsr7/what_genre_are_movies_set_in_the_us_country_towns/,"Hey ! I'm so into US countryside and country cities and towns and all the themes involved in it. I would like to watch some more movies set in these places.

I've just watched No country for old men and loved it so much. How could I search for more movies with this setting?

I'm not sure searching for Country movies would do, because this research tends to give me Cowboy style movies (I also like them but wanted some more modern stuff)

Here's some of the things I watched with the setting I mean:

No country for old men
True detective (1st season)
The last of us
Interstellar
Blackkklasnman 
Hannibal ",1758465811.0,0.4,0,0,Discussion,leviano_,20,False,0,False,text
movies,1nlmnk5,‘Black Christmas’ (1974)… the call is coming from inside the house scene,144,https://reddit.com/r/movies/comments/1nlmnk5/black_christmas_1974_the_call_is_coming_from/,https://v.redd.it/x5cucl4te8qf1,,1758335729.0,0.85,144,0,Media,EuphoricButterflyy,23,False,0,False,text
movies,1nm10o9,What’s the wildest and/or weirdest movie poster you’ve ever seen?,11,https://reddit.com/r/movies/comments/1nm10o9/whats_the_wildest_andor_weirdest_movie_poster/,https://www.reddit.com/r/movies/comments/1nm10o9/whats_the_wildest_andor_weirdest_movie_poster/,"https://preview.redd.it/oncmki3n6cqf1.jpg?width=1000&format=pjpg&auto=webp&s=7cc95510baa004c1879c827d5885f6ed050a0083

Who doesn’t enjoy a good movie poster? As a teen, I plastered my walls with music posters by Frank Kozik and Coop. In college, I tumbled into a lifelong love affair with movie posters from around the world. 

I have a special love for hand-painted posters, as well as foreign posters for Hollywood films. Ghanaian movie posters, which you can [see and read about here](https://alexrollinsberg.substack.com/p/untamed-art-the-glorious-madness), tick both of these boxes. 

What are your favorite movie posters?

A quick history of these Ghanaian movie posters: The rise of home video brought movies to the most remote corners of western Africa. Mobile cinema operators crisscrossed the countryside, screening films in churches, homes, and open-air markets. To draw crowds, they needed eye-catching advertisements. But there was a problem: Ghana’s military government forbade the import of printing presses. So the mobile cinema operators turned to local artists, most of them self-taught sign painters.

Some had not yet seen the movies, while others had a selective regard for the characters and plots - adding guns, gore, and other salacious embellishments to lure audiences. Using recycled flour sacks as canvases and a mix of house and oil paints, they unleashed their eye-popping visions.

With the rise of the internet, cinema clubs faded away, and so too did the demand for hand-painted Ghanaian movie posters. Or so it seemed.

5,700 miles away in Chicago, Brian Chankin was running a tiny underground video store when a friend handed him a book called [*Ghanavision*](https://amzn.to/4ipviMF), a tribute to the obscure art form. He was mesmerized. Chankin started collecting the posters and hanging them in his shop. Customers clambered to buy them. As demand grew, Chankin decided to track down the artists. This was the dawn of his Chicago-based gallery, Deadly Prey, which has elevated local African poster artists to global sensations. ",1758381809.0,0.61,11,0,Discussion,Sorry_Manufacturer62,7,True,1,False,text
movies,1nn3aay,Movies in America,0,https://reddit.com/r/movies/comments/1nn3aay/movies_in_america/,https://www.reddit.com/r/movies/comments/1nn3aay/movies_in_america/,"I have a question about modern movies in America.  (I'm American, btw.)  I've loved movies since I was a kid, but over the last few years, I've noticed something.  Movies have gotten pretty boring.  There are plenty of explosions, plenty of car chases and shooting, plenty of CGI, and plenty of tired tropes that follow the same patterns in every single movie.  We have remakes of the same stories over and over again and we have franchises where each film is pretty much the same as all the others in each franchise.  I know movies are supposed to be entertainment, but entertainment shouldn't bore you.  My question is this: Do you think American movies have gotten boring?",1758487836.0,0.15,0,0,Question,Embarrassed-Value294,15,False,0,False,text
movies,1nn0ps2,"If the first movie was made in the year 2000, what’s the greatest movie of all time?",0,https://reddit.com/r/movies/comments/1nn0ps2/if_the_first_movie_was_made_in_the_year_2000/,https://www.reddit.com/r/movies/comments/1nn0ps2/if_the_first_movie_was_made_in_the_year_2000/,"Apologies if this question, or a similar version of it, is asked a lot. But instead of asking what the best move of the last 25 years is, if there were no movies before the year 2000 for movies after to draw reference or inspiration from, which would be the greatest of all time? If a movie had an idea that was based on a movie prior to the year 2000, but now was considered completely original, would that change your answer? ",1758481853.0,0.17,0,0,Discussion,EatMyWetBread,18,False,0,False,text
movies,1nmxyui,I recently got reminded of the movie Running Man (1987),0,https://reddit.com/r/movies/comments/1nmxyui/i_recently_got_reminded_of_the_movie_running_man/,https://www.reddit.com/r/movies/comments/1nmxyui/i_recently_got_reminded_of_the_movie_running_man/,"""By 2017 the world economy has collapsed. Food, natural resources and oil are in short supply. A police state, divided into paramilitary zones, rules with an iron hand. Television is controlled by the state."" Running Man (1987)

I wished that this was much further from the truth for many on this world. What other movies do you know that have similar quotes?",1758475601.0,0.33,0,0,Discussion,Thomytricky,21,False,0,False,text
movies,1nmap7q,What is a good movie/documentary on Crazy Horse?,4,https://reddit.com/r/movies/comments/1nmap7q/what_is_a_good_moviedocumentary_on_crazy_horse/,https://www.reddit.com/r/movies/comments/1nmap7q/what_is_a_good_moviedocumentary_on_crazy_horse/,"Hi, everyone. I’m currently in a Native American History class and an upcoming assignment has asked us to find a movie or documentary pertaining to Native history. I’m fascinated by the Red’s Cloud War and the Lakota War Chief Crazy Horse. Typically for topics like this I just go to books, but our professor has requested movies. From my search I’ve found this list of movies/documentaries:

Questions For Crazy Horse, 2010

The Authorized Biography of Crazy Horse and His Family, 2006

The Spirit of Crazy Horse, 1990

Crazy Horse: A Life, 2023

Chief Crazy Horse, 1955

Can anyone recommend one of these or a better one all together?

Thank you in advance.",1758405209.0,0.62,4,0,Recommendation,ConnectionGreen6612,0,False,0,False,text
movies,1nm3n4c,"AMA/Q&A Announcement - Max Minghella - Thursday 10/2 at 5:00 PM - Actor & director known for 'The Social Network', 'The Handmaid's Tale', 'Teen Spirit', 'Shell', 'Spiral', 'The Ides of March', 'The Darkest Hour', and lots more.",6,https://reddit.com/r/movies/comments/1nm3n4c/amaqa_announcement_max_minghella_thursday_102_at/,https://i.redd.it/bsygkyp9qcqf1.png,,1758387997.0,0.57,6,0,Announcement,BunyipPouch,6,True,1,False,image
movies,1nmto6u,How often do movie end titles misspell names?,0,https://reddit.com/r/movies/comments/1nmto6u/how_often_do_movie_end_titles_misspell_names/,https://www.reddit.com/r/movies/comments/1nmto6u/how_often_do_movie_end_titles_misspell_names/,"Question for filmmakers, I guess.

I was watching the end titles of a movie and was impressed at the amount of people that had worked on the visual effects. Which led me to the question: how common is it for end titles to feature names spelled incorrectly?

What is the usual procedure when having to correct any name? Can you correct the mistake before the release to streaming services?

Is there any strategy used by filmmakers to reduce the error to the minimum (i.e. give everyone involved in the making of the movie a window of time to review the end titles so that any correction can be submitted in time for the release of the movie itself)?

Mistakes like this must be particularly hard to avoid for massive productions...",1758465511.0,0.24,0,0,Question,BirthdayEffect,7,False,0,False,text
movies,1nmmu2b,"Movies similar (John Q, 2002)",0,https://reddit.com/r/movies/comments/1nmmu2b/movies_similar_john_q_2002/,https://www.reddit.com/r/movies/comments/1nmmu2b/movies_similar_john_q_2002/,"Sorry if this post doesn’t adhere to rules. I don’t post on reddit almost ever and every subreddit has such different rules. Guess we will see if this acceptable lol.

So I love movies, shows, and film—- I often watch hours long YT breakdowns and discussions of movies or shows that inspire or enrage or touch or intrigue me. 

Anyway, I am 32yo in the US working a min wage job basically and I just rewatched the film John Q (2002) for the first time since I was probably like, 14. Wow. 

I was disturbed to see how much nothing has changed in the positive with regards ti the US healthcare system and only gone down an even darker road with regards to our “pay-to-play” healthcare in the US— especially with regards to the public sentiment toward universal healthcare and insurance companies?!!? Oof. 

This movie is a very good one in my opinion. The acting, anyway, plot aside, is phenomenal and so emotional. I googled it veeery briefly to try and find others like it and I realized that it’s such a difficult “type” of movie to necessarily look for more of— so I was wondering if others here might be able to direct me to what I’m looking for.

I would like to find more films that have major social and or political commentary, specifically toward pro-working class or “lower class to lower middle class” people in the USA. I’m sure I may have seen some of the ones that may be suggested for example ones that highlight the prison system, or about facing off against major corporations but please dont assume I’ve seen any and please give me a great list. …

I am also interested in showing some movies I’ve already seen and finding new ones to show some of my family and friends that may… benefit from looking at things from a wider and more humanist perspective. 

Thank you in advance 🥹🥹♥️

",1758444287.0,0.39,0,0,Discussion,kklalala,17,False,0,False,text
movies,1nmwm48,Something has always bothered me about Ferris Bueller's Day Off,0,https://reddit.com/r/movies/comments/1nmwm48/something_has_always_bothered_me_about_ferris/,https://www.reddit.com/r/movies/comments/1nmwm48/something_has_always_bothered_me_about_ferris/,"Why was there a huge parade in downtown Chicago during the week when most people would either be at work or at school? I mean, I know what the parade is and that it was a real parade and blah blah blah blah blah. But why is there a parade in downtown Chicago at 2:00 in the afternoon on whatever day of the week this was?",1758472437.0,0.36,0,0,Question,KindaDrunkRtNow,24,False,0,False,text
movies,1nm8p1l,There’s something about chef films,2,https://reddit.com/r/movies/comments/1nm8p1l/theres_something_about_chef_films/,https://www.reddit.com/r/movies/comments/1nm8p1l/theres_something_about_chef_films/,"I can’t be the only one right? Chef films are just some of the best films I’ve managed to watch despite being such a niche topic. I wanna use four examples to put my case forward. 

Ratatouille: undoubtedly the best Disney film out there and I’m genuinely scared for the new sequel coming out because if it’s as bad as 99% of sequels then imma lose it. It delves deep into the passion and love of food, how it’s more than nutrition and about connections, past, family, love and togetherness. Plus, a rat controlling an incapable human to cook is one of the best concepts for a film I can think of. Will never be topped. 

No Reservations: a step up from literal child’s play in Ratatouille but another brilliant example of an easy watch chef film. A Rom com told through the passion and determination of being a head chef. The good the bad the ugly of the workload and the cost of being the best. A love story in many ways and personally one of my favourites to rewatch. 

Burnt: the gritty example of being a chef. A truer demonstration of the cost of being the greatest, the sacrifices needed, the personality type required, the mental toll placed on them and for rewards only the best ever receive. One of true passion and a steep learning curve for those who are typically self absorbed and perfectionists. Never fails to keep my heart racing from the energy of the kitchen and the external stakes from Adam’s past. One of my favourite films. 

Chef: pursuing greatness when you are millimetres above rock bottom. But refusing to see that side because you have work to do. A different tempo and structure to the others which sees a slow revival of a world class chef building himself back up using the world outside of the kitchen. Another love story of the work he does, reconnecting with his son, his family, his past to create something out of pure passion and less about success. 

All of them have so much passion. I think that’s why I like them so much. All unique in their own ways but excel in their respective differences. It requires a certain person to be a chef and personally, I can’t cook for the life of me. I still think it’s a waste of time. But you don’t get that sense by watching these films. You live through a completely different perspective on a world people very rarely see. A deep dive into the workhouse of those striving to be the best at what they do. A ruthless environment where only the strongest survive. I don’t fully know what this says about me as a person but if you’ve not watched any of these films, I’d highly recommend it. 

Does anyone else have a similar feeling about chef films or is it just me who sits in awe at how the culinary world is portrayed in Hollywood? (Regardless of how inaccurate it may be)",1758400135.0,0.55,2,0,Discussion,SafeChickennn,30,False,0,False,text
movies,1nmtk0t,Incredibles posters,0,https://reddit.com/r/movies/comments/1nmtk0t/incredibles_posters/,https://www.reddit.com/r/movies/comments/1nmtk0t/incredibles_posters/,"So i thought about this one thing ever since the incredibles 3 came out. I remember finding out about the trailer and was NOT shocked at all, i remember when incredibles 1 came out, i was in a movie theater waiting for them to start. There was like a 5 minute time where 3 posters were in the corner, one for incredibles 1, 1 for incredibles 2 (i remember seeing the screenslaver or whatever he was callez) and a poster for the 3rd movie. It happened in poland and the memory is very faint but i KNOW it happened. Anyone had a simmilar experience or know anything abt those posters?",1758465225.0,0.19,0,0,Discussion,bajgiellek,2,False,0,False,text
movies,1nlh8cx,Pamela Anderson & Her Sons Launch Production Company; Series Based on Her 1996 Film ‘Barb Wire’ In The Works As First Project,151,https://reddit.com/r/movies/comments/1nlh8cx/pamela_anderson_her_sons_launch_production/,https://deadline.com/2025/09/pamela-anderson-barb-wire-tv-series-production-company-1236549860/,,1758320417.0,0.86,151,0,News,BunyipPouch,17,False,0,False,text
movies,1nmo4u5,"In the movie The Firm, Abbey",0,https://reddit.com/r/movies/comments/1nmo4u5/in_the_movie_the_firm_abbey/,https://www.reddit.com/r/movies/comments/1nmo4u5/in_the_movie_the_firm_abbey/,"Why would you run away when your husband just told you the house is most probably bugged? She didn’t even think that maybe they are watching the house? Her behaviour makes it worse for them, she makes it so obvious she’s scared and she knows!  
I liked the movie but watching her act all righty, puts me right off!  
",1758449145.0,0.33,0,0,Discussion,Mulva13,2,False,0,False,text
movies,1nmvnsb,"If I loved Euphoria, The Idol, and Saltburn what should I watch next?",0,https://reddit.com/r/movies/comments/1nmvnsb/if_i_loved_euphoria_the_idol_and_saltburn_what/,https://www.reddit.com/r/movies/comments/1nmvnsb/if_i_loved_euphoria_the_idol_and_saltburn_what/,"I realized I’m obsessed with a certain vibe in TV/film. I loved Euphoria, The Idol, and Saltburn. I think what pulls me in is:
	•	Dark, edgy aesthetics ✨
	•	Messy, morally grey characters
	•	Themes of desire, obsession, and excess
	•	Glamorous yet toxic atmospheres
	•	A mix of psychological drama + style-heavy visuals",1758470220.0,0.11,0,0,Media,sugarbabyy99,28,False,0,False,text
movies,1nlh8k1,"Rupert Friend, Kevin Durand, Jaeden Martell to Star in Guillermo Del Toro-Produced Horror Movie ‘The Boy in the Iron Box’",120,https://reddit.com/r/movies/comments/1nlh8k1/rupert_friend_kevin_durand_jaeden_martell_to_star/,https://www.hollywoodreporter.com/movies/movie-news/guillermo-del-toro-the-boy-in-the-iron-box-1236376076/,,1758320431.0,0.87,120,0,News,KillerCroc1234567,23,False,0,False,text
movies,1nlerx9,Emily Blunt will officially submit for Supporting Actress for her work in 'Smashing Machine':,153,https://reddit.com/r/movies/comments/1nlerx9/emily_blunt_will_officially_submit_for_supporting/,https://www.goldderby.com/film/2025/emily-blunt-smashing-machine-best-supporting-actress/,,1758314259.0,0.78,153,0,Article,GoldDerby,21,False,0,False,text
movies,1nmnpi0,Movie quotes that you still don’t get due to age/regional differences?,0,https://reddit.com/r/movies/comments/1nmnpi0/movie_quotes_that_you_still_dont_get_due_to/,https://www.reddit.com/r/movies/comments/1nmnpi0/movie_quotes_that_you_still_dont_get_due_to/,"With movies being released in many different countries, and older films still available, sometimes the references or quotes in them might not quite make sense to everyone. Do you have a quote or reference that you’ve never quite understood? Maybe it might be referencing something that either only people from the original country would get, or something you’d have to have been around at the time in order to understand?

My two: 

“You built a time machine…out of a Delorean?” from Back to the Future.  It’s said in a way that makes me think it means something - either a Delorean is a piece of crap and the last thing you’d build a time machine out of, or it’s a fantastic vehicle so weird that someone would use it in an experiment. No idea which!

The other one is “I’m Audi” from Clueless. For years I thought it was “I’m outtie” meaning “I’m leaving” and when I found out it isn’t, I have no idea why they’d have her say that. ",1758447566.0,0.43,0,0,Discussion,FloatingPencil,32,False,0,False,text
movies,1nllv8z,‘The Help’ Stars Octavia Spencer & Jessica Chastain Reteam For Holiday Comedy ‘Deck The Y’Alls’,57,https://reddit.com/r/movies/comments/1nllv8z/the_help_stars_octavia_spencer_jessica_chastain/,https://deadline.com/2025/09/jessica-chastain-octavia-spencer-deck-the-yalls-1236549390/,,1758333342.0,0.74,57,0,News,TerrifierBlood,8,False,0,False,text
movies,1nmplv4,Totally Killer: The time travel Jamie's memories.,0,https://reddit.com/r/movies/comments/1nmplv4/totally_killer_the_time_travel_jamies_memories/,https://www.reddit.com/r/movies/comments/1nmplv4/totally_killer_the_time_travel_jamies_memories/,"Ok so how did Jamie not ""remember"" what had changed in her timeline? 
And her bff's mom had to update her on everything that had happened/changed? 

If you remember the dude that was into the true crime podcast kept having his memory changed/updated as Jamie was accidentally changing the way the murders happened in the past.

By that logic, wouldn't the same thing have happened to Jamie? Her memory getting ""updated"" as things changed (eg: her name, her having an older brother etc.)

Also, I just want to get it clear, that means in this new timeline Jamie spends all her normal 16 years right? While basically the bff's mom is waiting for her to discover the time machine? She might have found the time machine differently this time since there was no serial killer...or? ",1758454430.0,0.19,0,0,Question,ResidentBoysenberry1,0,False,0,False,text
movies,1nn1pcm,Who I want to and do NOT want as the next 007,0,https://reddit.com/r/movies/comments/1nn1pcm/who_i_want_to_and_do_not_want_as_the_next_007/,https://www.reddit.com/r/movies/comments/1nn1pcm/who_i_want_to_and_do_not_want_as_the_next_007/,"Do not want: Henry Cavill

Way too bland of an actor and hes pretty old now anyways for the role

Do not want: Aaron Taylor-Johnson

Right age and height but I dont think hes that good of an actor

Want: Richard Madden

Not really the right age anymore but hes a very  good actor so wouldnt mind

Would’ve been great 10 years ago: Idris Elba

Great and charismatic actor, shame hes too old now,he wouldve been perfect in the role 10 years ago or so

Atleast he got to play a secret spy in Cyberpunk Phantom Liberty

Dream cast: Damson Idris

Fantastic actor who has the right age, height and aura for the role, very charismatic too (made Amelia, the chicken shop date lady fold and she never breaks character, something only Bond could do)

”jAMeS bOnD iS whITe” well I do not care, Daniel Craig didnt fit the exact description either and hes the best Bond we have + Bonds race was never stated in the books only that he has dark hair and blue eyes",1758484119.0,0.14,0,0,Discussion,Previous_Break7664,48,False,0,False,text
movies,1nl1204,Spawn (1997) Official 4K Trailer,644,https://reddit.com/r/movies/comments/1nl1204/spawn_1997_official_4k_trailer/,https://www.youtube.com/watch?v=Yh8Eg0icV6U,,1758281525.0,0.89,644,0,Trailer,yojoono,215,False,0,False,text
movies,1nledic,What are your favorite lesser-known movie soundtracks?,122,https://reddit.com/r/movies/comments/1nledic/what_are_your_favorite_lesserknown_movie/,https://www.reddit.com/r/movies/comments/1nledic/what_are_your_favorite_lesserknown_movie/,"I’ve been on a movie soundtrack kick lately, especially while writing. Curious what underrated or lesser-known scores you all love.

Some of my recent go-tos: *Under the Skin* (Mica Levi), *Sweet Smell of Success* (Chico Hamilton), and *Gone Girl* (Atticus Ross & Trent Reznor).

What are yours? Always looking for gems. If anyone wants to see the list I put together so far on Substack, it’s [here](https://open.substack.com/pub/alexrollinsberg/p/four-things-i-love-about-the-movies?r=87ci5&utm_campaign=post&utm_medium=web&showWelcomeOnShare=false).",1758313304.0,0.89,122,0,Discussion,Sorry_Manufacturer62,435,False,0,False,text
movies,1nmpgks,Movies where a Son is obsessed with his Father?,0,https://reddit.com/r/movies/comments/1nmpgks/movies_where_a_son_is_obsessed_with_his_father/,https://www.reddit.com/r/movies/comments/1nmpgks/movies_where_a_son_is_obsessed_with_his_father/,"Hello, I'm looking for films where a son, preferably an adult, is obsessed with his father. In the sense of loving him or idolizing him. Perhaps it eventually leads to his father rejecting him and kidnapping him to force him to love him back. The kidnapping isn't necessary, but it would be interesting if it were. What I would also find interesting would be if the son never met his father but was still obsessed with him and kidnapped him to start a relationship with him. Star Wars and the strange thing about the Johnsons know I ",1758453936.0,0.23,0,0,Question,PriceNecessary7251,27,False,0,False,text
movies,1nmpfrb,"22% of film critics in the UK are making no money at all from their work, according to a new survey by Girls On Film. The survey also showed a gender pay gap of over 19% - bigger than in the media and culture industries as a whole",0,https://reddit.com/r/movies/comments/1nmpfrb/22_of_film_critics_in_the_uk_are_making_no_money/,https://www.screendaily.com/news/female-film-critics-in-the-uk-face-19-gender-pay-gap/5209104.article,,1758453855.0,0.38,0,0,Article,Sisiwakanamaru,12,False,0,False,text
movies,1nkn44i,What’s the highest amount an actor has earned from the least amount of screen time?,5491,https://reddit.com/r/movies/comments/1nkn44i/whats_the_highest_amount_an_actor_has_earned_from/,https://www.reddit.com/r/movies/comments/1nkn44i/whats_the_highest_amount_an_actor_has_earned_from/,"Alec Guinness had approximately 20 minutes of screen time in Star Wars: A New Hope, and in addition to his $150k initial salary, his 2.5% backend gross share earned him approximately $95 million by the time of his death.

Are there any even more impressive examples of actors/actresses earning more money for less screen time?",1758236312.0,0.95,5491,0,Question,unxpectedlyevlgenius,952,False,0,False,text
movies,1nl98ex,"AMA/Q&A Announcement - David Zucker - Friday 9/26 at 3:00 PM ET - Comedy legend known for directing/writing 'Airplane!', 'The Naked Gun 1 & 2', 'Scary Movie 3 & 4', 'BASEketball', 'Top Secret!', and lots more.",172,https://reddit.com/r/movies/comments/1nl98ex/amaqa_announcement_david_zucker_friday_926_at_300/,https://i.redd.it/9nlga0zmk5qf1.png,,1758301494.0,0.87,172,0,Announcement,BunyipPouch,33,True,1,False,image
movies,1nmpdma,How to Train Your Dragon (2010) - A New Tail Scene,0,https://reddit.com/r/movies/comments/1nmpdma/how_to_train_your_dragon_2010_a_new_tail_scene/,https://youtube.com/watch?v=jFQUE_6Zhn0&si=B7Cuyy4tFjigC_7z,,1758453656.0,0.27,0,0,Recommendation,Big-Property7157,0,False,0,False,text
movies,1nmopty,"""Moana"" and its portrayal of human weakness",0,https://reddit.com/r/movies/comments/1nmopty/moana_and_its_portrayal_of_human_weakness/,https://www.reddit.com/r/movies/comments/1nmopty/moana_and_its_portrayal_of_human_weakness/,"Note: This a repost. The previous version made a grand statement about it being different to other kids' movies, which ended up with the comment section comparing to other movies that had similar themes. I want this to strictly be about Moana.

[This post from TV Tropes](https://tvtropes.org/pmwiki/pmwiki.php/Fridge/Moana) puts this into perspective:

>Why is it so important that Moana is the one to restore Te Fiti's heart, instead of Maui? Because she's human. Maui stole the heart because the humans of that time asked him to. This would also tie in nicely with Maui in Polynesian Mythology because most of his deeds were done because humans asked or complained about certain issues to him and he'd fix it. The line ""It's nice to see that humans never change"" could even be a stealth insult because this song is sung immediately after Moana demands that he help her return the heart. In fact the entire point of ""You're Welcome"" is secretly to show that humans are fickle and quick to demonise people; humans kept asking him to give them gifts, because it was never enough for them. No matter how amazing he was, it was never enough for people (""It was... never enough""). Finally, he made a mistake while trying to give the gift of life itself to humanity. From then on, how was he remembered? As a trickster god who screwed everyone, (""Maybe you were but now ... Now you're just the guy who stole the heart of Te Fiti. The guy who cursed the world..."") That's why Moana was so surprised by the fact that he wasn’t a monster! She had no idea of all the good things he did. Maui was a guy whose only purpose was to make people happy but he made one mistake and was forever demonised by humanity.

And to add something myself, it's no secret that the most heinous villain isn't the non-humans, but the very much human >!Maui's parents who threw him to the sea. That event alone makes Maui understandably distance himself from his own humanity.!<

Not to mention:

>Te Fiti herself is demonised as Te Ka; no one knew that she was actually Te Fiti trying to get her heart back, she was demonised as well. People who told the story referred to her as being one of the demons who were hunting for the heart. When Moana sings ""Know Who You Are"" she sings ""***THEY*** have stolen the heart from inside you, but this does not define you"" Take note that she said they, she was never talking about Maui, she was talking about the humans themselves, the ones who kept asking Maui to give them more and more. That's why it's so important that Moana was the one to restore Te Fiti's heart and also be the one who helps Maui understand that he is so much more than what people define him as being. Because she is making up for the crimes that humans themselves have done.

Obvious environmental message aside, the film doesn't pull punches over our weaknesses, our greed, our judgements. ",1758451289.0,0.19,0,0,Discussion,HotOne9364,1,False,0,False,text
movies,1nmkjt0,Movie equivalent of Death Note,0,https://reddit.com/r/movies/comments/1nmkjt0/movie_equivalent_of_death_note/,https://www.reddit.com/r/movies/comments/1nmkjt0/movie_equivalent_of_death_note/,"If you haven't heard of it already, Death note is a legendary anime/manga where a genius guy named Light Yagami stumbles upon a note book called the ""Death Note"" in which he whose name is written dies. He uses this notebook to kill criminals around the world and eradicate evil. The Interpol dispatches a mysterious detective named L to catch him. This ensues a cat and mouse chase to uncover each other's identities. It's one of the greatest shows and even after all these years there aren't many movies like it. Looking for a similar movies that fall within the following criteria:

\- Involves a cat and mouse chase between 2 smart individuals.

\- It should be an intelligent movie in general.

\- Intense, Edge of the seat with lots of twists and turns.

\- Moves at a breakneck pace.

Some of the examples of this would be:

\- Infernal Affairs

\- The Departed

\- Catch me if you can

\- The Day of the Jackal

\- The Cure

\- Spy Games",1758435730.0,0.39,0,0,Discussion,Ryuuyami47,19,False,0,False,text
movies,1nmm0jb,What do you think is Tarantino’s best film and why?,0,https://reddit.com/r/movies/comments/1nmm0jb/what_do_you_think_is_tarantinos_best_film_and_why/,https://www.reddit.com/r/movies/comments/1nmm0jb/what_do_you_think_is_tarantinos_best_film_and_why/,"His whole filmography is insane and I see a different “his best film” every time I scroll to see opinions on a Tarantino movie I’ve watched. Would love to hear whichever yours is your favorite —my personal would be Kill Bill vol 1&2 because I love how it’s a female driven film + all the characters are so over the top. the filmography, color grading, casting, screenplay, the little things that make it Kill Bill (pussy wagon) —it’s also my first Tarantino film so it opened me up to that world.",1758441225.0,0.39,0,0,Discussion,IcyWitness1336,82,False,0,False,text
movies,1nmtac3,"Dwayne Johnson on tackling a dramatic role in ""The Smashing Machine""",0,https://reddit.com/r/movies/comments/1nmtac3/dwayne_johnson_on_tackling_a_dramatic_role_in_the/,https://www.cbsnews.com/news/dwayne-johnson-on-tackling-a-dramatic-role-in-the-smashing-machine/,,1758464586.0,0.23,0,0,Article,CBSnews,8,False,0,False,text
movies,1nl8ll2,"First Poster for Horror-Thriller 'I Live Here Now' - Starring Lucy Fry - A woman finds herself trapped in a remote hotel where the violent echoes of her past come alive, blurring the lines between her darkest nightmares and the waking world.",151,https://reddit.com/r/movies/comments/1nl8ll2/first_poster_for_horrorthriller_i_live_here_now/,https://i.redd.it/16m6mwkmg5qf1.jpeg,,1758300054.0,0.76,151,0,Poster,BunyipPouch,53,True,1,False,image
movies,1nm1tll,Blu Ray and 4K collectors question!,1,https://reddit.com/r/movies/comments/1nm1tll/blu_ray_and_4k_collectors_question/,https://www.reddit.com/r/movies/comments/1nm1tll/blu_ray_and_4k_collectors_question/,"Good morning collectors! I had a question about how you track new releases and the best way to see what’s coming out. It’s easy to look up new movie releases, like Superman and Megan 2.0 coming out this week, for Blu/4K but how do you track catalog rereleases or specialty releases like Arrow, Criterion, etc. 

I would assume there’s a website that catalogs EVERY weekly release, but without going directly onto company sites I can’t seem to find any. 

Thank you! ",1758383700.0,0.52,1,0,Discussion,Healthy_Conclusion79,3,False,0,False,text
movies,1nmk6e7,Friendship (2025 Movie) Plot Hole with Gun,0,https://reddit.com/r/movies/comments/1nmk6e7/friendship_2025_movie_plot_hole_with_gun/,https://www.reddit.com/r/movies/comments/1nmk6e7/friendship_2025_movie_plot_hole_with_gun/,"I believe most of the movie Craig is a unreliable narrator but there's one plot hole I couldn't figure out.  When Craig goes through Austin's house, he takes his gun and leaves the empty box on Austin's desk.  Austin knows Craig was in his house and comes over with the police  Whatever came out of that situation, I'm sure Austin would get his gun back, as he knew Craig had it.  However, at the end of the movie Craig still has his gun.  How did he get the gun back or how did he get to keep the gun?",1758434370.0,0.27,0,0,Discussion,Half-Beneficial,5,False,0,False,text
movies,1nm0z2c,Best film of the year,2,https://reddit.com/r/movies/comments/1nm0z2c/best_film_of_the_year/,https://www.reddit.com/r/movies/comments/1nm0z2c/best_film_of_the_year/,"Hello everyone I’m new here, however I was thinking about the question what is your favorite film. My question to you guys is what are the variables you’d factor in to think of an answer? I know there are objective qualities that can determine whether a movie is good or bad but the answer will ultimately always be subjective, what do you guys think?",1758381707.0,0.54,2,0,Discussion,Safe_Tailor380,31,False,0,False,text
movies,1nmbo66,Rebuilding after a failed relationship,0,https://reddit.com/r/movies/comments/1nmbo66/rebuilding_after_a_failed_relationship/,https://www.reddit.com/r/movies/comments/1nmbo66/rebuilding_after_a_failed_relationship/,There are so many great movies I can think of that are about the end of a romantic relationship but only a small number about people rebuilding after the end of a relationship. And not in the “we got back together” way. Any notable films that are focused on characters finding a way after a tragic romantic end?,1758407775.0,0.5,0,0,Discussion,past_tense,15,False,0,False,text
movies,1nm686s,Cold Pursuit (2019) was surprisingly more like Fargo and In Bruge than I expected for a Liam Neeson action movie.,2,https://reddit.com/r/movies/comments/1nm686s/cold_pursuit_2019_was_surprisingly_more_like/,https://www.reddit.com/r/movies/comments/1nm686s/cold_pursuit_2019_was_surprisingly_more_like/,"First off, Cold Pursuit is not The Ice Road. Yes, they're both movies that star Liam Neeson as a character who has a job involving driving on icy roads, but they are not the same.

And I'm not saying Cold Pursuit is as good as Fargo and In Bruge. It's not.

But watching it reminded me of those kinds of movies, with darkly comic moments (one of the characters is an Indian guy who is referred to as ""the fucking Indian"" by the gang of Native Americans he works for) and bad guys with a bit more depth (the main bad guy is a drug dealer who hates high-fructose corn syrup and there are some surprises with his henchmen).

I think it was overlooked because the marketing made it seem more like a generic ""Liam Neeson seeks revenge"" movie. And it was during the promotion of this movie that Liam Neeson talked about roaming around wanting to fight any random black guy, so I'm sure that didn't help...",1758394160.0,0.54,2,0,Discussion,nuttybudd,6,False,0,False,text
movies,1nmbmxj,Movies that feel like corecore/ have a quiet slice of life but inspirational feel,0,https://reddit.com/r/movies/comments/1nmbmxj/movies_that_feel_like_corecore_have_a_quiet_slice/,https://www.reddit.com/r/movies/comments/1nmbmxj/movies_that_feel_like_corecore_have_a_quiet_slice/,"I’m looking for movies that have a similar vibe to the corecore trend a while back.

Movies that I feel kind of have that are- the Florida project, I believe in unicorns, a place beyond the pines, Lars and the real girl(kind of), and tangerine (again kind of) 

Movies with a quiet, slow, slice of life feel, and a certain kind of melancholy or nostalgia, but also a very raw and real feeling beauty. It’s hard to describe the exact feeling in words but I feel like the first 3 movies I listed match it well. These sweet and sad films and the particular way of storytelling. Some recs I’ve also received are aftersun and all about lily chou chou but I haven’t seen them yet. 

(for those that don’t know what corecore is- it was a trend on TikTok/instagram, usually with the first clip being someone talking or a movie scene, followed by a bunch of clips of things like lots of nature, people on the street, dancing, mundane people and city life, more small movie clips, paired with instrumental music that usually builds or has a sad but moving feel. Example would be the clip of fantastic Mr fox “I don’t want to live in a hole anymore” followed by building instrumentals and scenes of rain, city life, dancing on the subway, birds flying, running through a field etc)  ",1758407686.0,0.44,0,0,Recommendation,lucyblu663,2,False,0,False,text
movies,1nl6l85,Nick Nolte was kind of heartbreaking in Warrior,149,https://reddit.com/r/movies/comments/1nl6l85/nick_nolte_was_kind_of_heartbreaking_in_warrior/,https://www.reddit.com/r/movies/comments/1nl6l85/nick_nolte_was_kind_of_heartbreaking_in_warrior/,"I've actually always enjoyed Nick Nolte as an actor but I'm not sure if he got up to much in later years.  One of the last films I remember seeing him in was Three Fugitives (and I was happy to be reminded about Prince of Tides ... phew).  I went in blind on Warrior, only knowing that Tom Hardy was in it and was shocked to see Nick.  More shocking was how honest and sad his portrayal of Paddy Conlon was. The Casino and hotel scene were both so very different and so gut wrenching.  It was hard.

I know the movie wasn't necessarily about him but I thought the ending was a little too Karate Kid in the way it dismissed his demons so cleanly and simply had him looking on like a proud dad. 

Anyway, just finished and it's still raw and with me and thought I'd share.",1758295543.0,0.86,149,0,Discussion,MightyMightyMonkey,79,False,0,False,text
movies,1nlfuch,Movies with strong father-son relationships?,49,https://reddit.com/r/movies/comments/1nlfuch/movies_with_strong_fatherson_relationships/,https://www.reddit.com/r/movies/comments/1nlfuch/movies_with_strong_fatherson_relationships/,"Hey everyone, I’m about to have a son soon and to be honest, I’m scared out of my mind. I never had a father figure growing up, so I don’t have much to look to as an example.

I recently watched the new Superman movie and loved how important the dad was in his life — it really hit me hard and gave me some inspiration.

I’d love some movie recommendations that show a good father and son relationship — even if it’s just the normal day-to-day stuff, or even if one of them is going through trouble. Basically, anything that can give me some ideas of what a positive father-son bond can look like.

You guys always seem to come through really well with answers!

Thanks!",1758316852.0,0.8,49,0,Recommendation,GoOsTT,202,False,0,False,text
movies,1nlj5os,Guillermo del Toro’s ‘Frankenstein’ Honored With THR’s Inaugural Trailblazer Award for Sustainable Production at TIFF,30,https://reddit.com/r/movies/comments/1nlj5os/guillermo_del_toros_frankenstein_honored_with/,https://share.google/uqMBWdoBtpjQJLHam,,1758325467.0,0.72,30,0,Article,Raj_Valiant3011,0,False,0,False,text
movies,1nm4wnu,"Some appearance In adaptations changes don’t matter, but others ruin the story",0,https://reddit.com/r/movies/comments/1nm4wnu/some_appearance_in_adaptations_changes_dont/,https://www.reddit.com/r/movies/comments/1nm4wnu/some_appearance_in_adaptations_changes_dont/,"People shouldn’t believe that every complaint about changes to a character’s appearance in a new version or adaptation is valid. It only is when that change actually affects the story or alters something important about the character.

For example, an invalid complaint would be the live-action Little Mermaid, where a lot of people criticized the fact that Ariel is played by Halle Bailey, a Black actress, when the 1989 animated Ariel is white, red-haired, and blue-eyed. But whether you like that change or not, it doesn’t matter it doesn’t affect the story at all. Ariel could literally be blue and nothing about the plot would change.

On the other hand, a valid complaint would be most film adaptations of Carrie (Stephen King’s novel). In the book, Carrie White is described as a girl with pimples on her face, back, and other parts of her body; she’s also a bit overweight. These traits matter because they’re part of the reason she’s bullied. They’re not just cosmetic they are essential to her character. But in the movies, Carrie is usuallyportrayed as thin and conventionally attractive, with perfect skin. (Obviously because, at the time, having a main character who wasn’t “marketable” would’ve been seen as box office suicide.) Still, erasing those traits takes away the whole point of the bullying she suffers, and it even weaken",1758391019.0,0.48,0,0,Discussion,PijaDeQueso,0,False,0,False,text
movies,1nlcpyq,Alicia Silverstone Visits the Criterion Closet,62,https://reddit.com/r/movies/comments/1nlcpyq/alicia_silverstone_visits_the_criterion_closet/,https://www.youtube.com/watch?v=Rb096RLBiZI,,1758309427.0,0.65,62,0,Media,BunyipPouch,16,False,0,False,text
movies,1nmp7ay,Bee Movie (2007) - Anyone For Tennis? Scene,0,https://reddit.com/r/movies/comments/1nmp7ay/bee_movie_2007_anyone_for_tennis_scene/,https://youtube.com/watch?v=IFBAXbrw31g&si=BtPPN6t1XH0jMuEA,,1758453025.0,0.07,0,0,Recommendation,Big-Property7157,0,False,0,False,text
movies,1nmiwm7,"Which is a worse fate? Discussion about themes in Interstellar, Inception, Arrival, and Eternal Sunshine of the Spotless Mind",0,https://reddit.com/r/movies/comments/1nmiwm7/which_is_a_worse_fate_discussion_about_themes_in/,https://www.reddit.com/r/movies/comments/1nmiwm7/which_is_a_worse_fate_discussion_about_themes_in/,"My girlfriend and I just finished watching Inception and we have recently also watched Arrival, Eternal Sunshine, and Interstellar and started a discussion on which fate was worse and we wanted to bring it to reddit. All these movies have similar themes of time and memory alteration but each are different in the way the directors interpret this theme and how the main character experiences this. 

In Inception, Cobb (Leonardo DiCaprio) goes through a life with his wife where they create an entire world and grow old together. He eventually comes back to a world where he is still young and where he succumbs to his regret and loses all sense of reality, as well as losing his wife to his own mistake. Yet he still gets to keep those memories and realities that he spent with his wife fake or not.

In Arrival, Louise (Amy Adams) gains the “gift” of being able to perceive time non-linearly from the aliens. This ability allows her to watch her daughter die of a disease she cannot stop. She is burdened with the knowledge of her and her daughters fate with no way of changing it. Despite that she doesn't let this consume her and she lives the way she would have regardless although the question is would you have the strength to do the same. 

In Eternal Sunshine of the Spotless Mind, Joel (Jim Carrey) has an entire relationship with a woman and has to witness these memories be removed from him. He can’t hide from it or escape it and in the end he has no memories of their time together except for this subconscious pull towards her. In the end they decide to start a relationship knowing that it ended before but only with recordings to look back on, recordings where they shamed each other. They will forever grieve the memories they have forgotten.

In Interstellar, Cooper (Mathew McConaughey) watches his family go through their lives and grow old without him and in the end he comes back to a world that is completely foreign and watches his young daughter die as an old woman. He grieves the life he was supposed to live and the memories he will never have. 

Although all these movies have some cathartic ending where all the characters accept and live with their realities, if you had to experience each, which do you believe is a worse fate?

1. Experiencing an entire life that you have created with someone just to come back knowing it was all fabricated and with a shattered grasp on reality. Grieving the memories that were never real.
2. Grieving the death of your daughter and marriage as your daughter is being born and as you meet your husband. Being burdened with the ability to experience every aspect of your life, past, present, and future, as if it is now. 
3. Going through the rest of your life having lost pieces of yourself you cant ever go back to and grieving memories that no longer exist in your conscious mind. You can continue a normal life but you still have a hole in yourself you will never be able to understand or fill, all you can do is wonder.
4. Choosing to take a leap of faith and to save humanity and as a result sacrificing the life you could have lived and the memories you could have had and only experiencing it through sparse messages filled with resentment for the choice you made. Coming back to a life filled with regret, where everything you knew is lost.",1758429846.0,0.32,0,0,Discussion,KennyKillsKids,6,False,0,False,text
movies,1nljk3k,"Why were the “radio versions” of Disney songs the ones released as singles, instead of the actual film versions?",26,https://reddit.com/r/movies/comments/1nljk3k/why_were_the_radio_versions_of_disney_songs_the/,https://www.reddit.com/r/movies/comments/1nljk3k/why_were_the_radio_versions_of_disney_songs_the/,"Like, The Lion King had Elton John’s “Can You Feel the Love Tonight” on the radio, and Beauty and the Beast had the Céline Dion/Peabo Bryson version. But those aren’t the versions we actually hear in the movies.

Why did Disney push those instead of the character-sung versions we’re familiar with? Was it just marketing, wanting a radio-friendly single, or something else?",1758326562.0,0.65,26,0,Discussion,TeamElephant,41,False,0,False,text
movies,1nm9iu5,Rate my movies and recommend me more!,0,https://reddit.com/r/movies/comments/1nm9iu5/rate_my_movies_and_recommend_me_more/,https://www.reddit.com/r/movies/comments/1nm9iu5/rate_my_movies_and_recommend_me_more/,"So, this last year, I got into this amazing movie era and I have watched almost a 100 movies in a year. Btw I also have a husband, 2 cats and a full time job, hehe.

I'll tell you my 2 favourites: Incendies + Come and see.

Here is a selection of the rest of what I ended up watching:
- A clockwork orange
- Constantine
- Red Rooms
- Kazn — The execution
- Threads
- Irreversible
- Man bites dog
- Parasite
- Old boy
- Bone Tomahawk
- Nosferatu (2025)
- The watchers
- Bring her back
- Weapons 
- Hotel Rwanda
- The widowmaker
- Alien: Romulus
- Léon
- Funny Games
- Goodfellas 
- The usual suspects
- The big short 
- The wolf of wallstreet 
- John and the hole
- Aterrados
- Cube
- Fall
- The Perfection 
- Woman in the yard
- I don't feel at home in this world anymore
- Don't look up
- Nope
- Leave the world behind
- Things heard and seen
- Frailty
- The road
- Locked
- The machinist
- Melancholia
- The house that Jack built
- Three billboards outside Ebbing, Missouri
- Maze runner
- Being John Malkowitch
- Sinners
- Scary stories to tell in the dark
- The Mauritanian
- Late night with the devil
- Midsommar 
- Rainman
- Dr. Strangelove
- Promising young woman
- Misery
- The empty man
- The earthquake
- Beau is afraid
- Passion of the Christ
- Split
- Final destination
- Speak no evil
- Heretic
- Lock, stock and two smoking barrels
- Infinity pool
- Prisoners
- Zodiac
- Dark City
- A scanner darkly
- Cokoo
- Inside
- Don't move
- Poor things
- From hell

What did I miss?? 

Holy shit, I love movies.

Edit: Bullet points, didn't realize how messy it looked before now! Also, I've seen a bunch of other stuff too of course, this is just what I have watched since my obsession spiked about a year ago.",1758402210.0,0.46,0,0,Discussion,kroxxii,6,False,0,False,text
movies,1nmjuev,So….what happens to sloth after the events of “The Goonies”?,0,https://reddit.com/r/movies/comments/1nmjuev/sowhat_happens_to_sloth_after_the_events_of_the/,https://www.reddit.com/r/movies/comments/1nmjuev/sowhat_happens_to_sloth_after_the_events_of_the/,"I just saw this movie again for the first time in like 20 years. It is a treasure. One problem though. 

The town is saved and everything is great, until you consider the events that would likely take place after the final scene: These are children who now are unknowingly stuck with the shared responsibility to be caregivers for a mentally disturbed and badly deformed man who also happens to be badly traumatized, has a razor thin threshold for anger, and also happens to be as strong as an ox? 

For those that don’t remember the ending off the top of their heads: in the climax of the goonies, the kids are trapped with 3 murderers on a pirate ship full of gold they need to save their town. Right when it seems like all is lost, Sloth, the overgrown deformity ridden 4th sibling to the murderers **(whom the other 3 had chained to the fucking wall in the fucking basement btw)** shows up to save the day! He beats up his murderer brothers and helps the kids escape the caves. The town is saved, and everyone is seen smiling and celebrating the saving of their town. 

With sloth. Sloth is directly included in the celebration because he was **crucial** to them all escaping with their lives. Which leads to my next question…

Who has to be the one to tell sloth he can’t actually chill with them? 

And how long would it take for them to be forced to make this horrible decision? 

Is chunk going to sit him down and explain the intricacies of teen adolescence to sloth? How would he even go about communicating such a nuanced concept to a man like sloth? How would you as a child communicate to sloth that they genuinely appreciate everything he did for them, but they are kids and they have lives to live. Sloth would start showing up everywhere they are. Having sloth around would invariably lead to social suicide. Sure the novelty would be funny and amusing at first. But what happens when the goonies are sitting around the house with Sloth watching football one day and a commercial comes on that tormented poor sloth endlessly **(while he sat chained to a fucking wall in a fucking basement btw)** and he starts breaking shit? Are we really supposed to believe in chunk’s or any of these children’s ability to essentially parent a mentally unstable man who could literally snap any one of them in half if the wrong synapse fires off. He would also be a serious drain in finances as well - which is the thing the kids were trying to fix the whole damn movie in the first place. Think of the therapy. The parents aren’t going to feel the same guilt as the children would, so I highly doubt they would squander their precious little money on 7-day a week therapy for poor sloth?

More importantly why aren’t people asking the hard questions like these anymore these days? Talk amongst ya selves!
 ",1758433145.0,0.44,0,0,Discussion,BeautifulArtichoke1,44,False,0,False,text
movies,1nla98t,Terence Stamp Remembered: Lesley Ann Warren on His 'The Limey' Role,66,https://reddit.com/r/movies/comments/1nla98t/terence_stamp_remembered_lesley_ann_warren_on_his/,https://www.indiewire.com/features/interviews/terence-stamp-remembered-lesley-ann-warren-the-limey-1235151625/,,1758303792.0,0.84,66,0,Discussion,indiewire,2,False,0,False,text
movies,1nkk839,Netflix Sending Guillermo Del Toro’s ‘Frankenstein’ To IMAX For Limited Screenings,2372,https://reddit.com/r/movies/comments/1nkk839/netflix_sending_guillermo_del_toros_frankenstein/,https://deadline.com/2025/09/imax-to-screen-netflix-frankenstein-limited-1236548359/,,1758229214.0,0.96,2372,0,News,MarvelsGrantMan136,62,False,0,False,text
movies,1nminjx,"Gen-Z equivalent of ""You can't handle the truth""?",0,https://reddit.com/r/movies/comments/1nminjx/genz_equivalent_of_you_cant_handle_the_truth/,https://www.reddit.com/r/movies/comments/1nminjx/genz_equivalent_of_you_cant_handle_the_truth/,"Inspired by the post from a day or so ago, asking about when CGI ""became real"" for millennials... are there any movie scenes or quotes that gen-z or younger instantly recognize as cinematicly significant? I'm not talking about just quotable movies or something like that. The quote from ""A Few Good Men"" of ""You can't handle the truth"" is not one of those on-off quotes you just insert into random conversations, IMO. It's a significant scene from the movie. 

Are there similar quote for movies since then? Where you here a single line and immediately know what movie it's from... what scene... and the entire context?",1758428972.0,0.34,0,0,Discussion,Workdawg,46,False,0,False,text
movies,1nmf7qi,Can anyone remember that movie ?,0,https://reddit.com/r/movies/comments/1nmf7qi/can_anyone_remember_that_movie/,https://www.reddit.com/r/movies/comments/1nmf7qi/can_anyone_remember_that_movie/,So this movie was about a freak this freak looks like victor Crowley from the hatchet movie and i remember that freak was made by 2 ppl were doing an experiment on him ( not jason ) so if anyone can remember it please tell me I've watched that movie before 2010 and i remember that freak was so strong can dismember anyone by his arm.,1758418036.0,0.27,0,0,Recommendation,Available_Hope5248,7,False,0,False,text
movies,1nmpma3,"Move idea: John Wick in France, but it’s a dad going up against the gang that targeted his daughter",0,https://reddit.com/r/movies/comments/1nmpma3/move_idea_john_wick_in_france_but_its_a_dad_going/,https://www.reddit.com/r/movies/comments/1nmpma3/move_idea_john_wick_in_france_but_its_a_dad_going/,"Like the title suggests, the plot could be a father grappling with inaction, gathering the resources, and then enacting justice where the law enforcement failed to do anything. I feel like France and the UK need their own version of “Wind River”.

What do you guys think? Would a movie like that ever get made or shown over there?",1758454469.0,0.08,0,0,Discussion,Slight_Swimming_7879,20,False,0,False,text
movies,1nme81k,What are your thoughts on Annihilation (2019)?,0,https://reddit.com/r/movies/comments/1nme81k/what_are_your_thoughts_on_annihilation_2019/,https://www.reddit.com/r/movies/comments/1nme81k/what_are_your_thoughts_on_annihilation_2019/,"I saw a little clip and some opinions on Reddit today of it and became kind of enthralled with the idea of watching a new movie. I’m picky with flicks and don’t like to waste my time watching wasteful or boring, poorly written stories. 

It seems like a pretty interesting and smart movie. 

What are your thoughts on the movie? What can it be compared to? How impactful is it? Would you recommend it?

Thanks for your time.

ETA: holy shit that was one of the most beautiful, thought provoking films I’ve ever seen. Thank you. My life is now changed.  ",1758414989.0,0.38,0,0,Discussion,CarniferousDog,37,False,0,False,text
movies,1nkzdzl,Martin Scorsese's 'Goodfellas' Turns 35: The Gangster Classic That Changed Cinema,170,https://reddit.com/r/movies/comments/1nkzdzl/martin_scorseses_goodfellas_turns_35_the_gangster/,https://www.hollywoodoutbreak.com/2025/09/18/goodfellas-at-35-the-gangster-classic-that-changed-cinema/,,1758275870.0,0.86,170,0,Article,ChiefLeef22,58,False,0,False,text
movies,1nmdx0k,Tom Hanks & Denzel Washington,0,https://reddit.com/r/movies/comments/1nmdx0k/tom_hanks_denzel_washington/,https://www.reddit.com/r/movies/comments/1nmdx0k/tom_hanks_denzel_washington/,"Just occurred to me while watching Hurricane….Denzel and Tom have quite similar careers. They both seem to play similar characters over and over, at least with similar personality traits: smart, a bit guarded, unlikely hero. They both have their own trademark mannerisms and speech patterns that appear in 90% of their characters. And, they both say “ok ok” in a lot of movies. Prove me wrong. ",1758414074.0,0.38,0,0,Discussion,TupeloHny,20,False,0,False,text
movies,1nkmiga,Martin Scorsese Sets ‘What Happens At Night’ Next; Leonardo DiCaprio & Jennifer Lawrence Star With Apple In Talks,1375,https://reddit.com/r/movies/comments/1nkmiga/martin_scorsese_sets_what_happens_at_night_next/,https://deadline.com/2025/09/scorsese-dicaprio-jennifer-lawrence-what-happens-at-night-1236548458/,,1758234731.0,0.92,1375,0,News,MarvelsGrantMan136,236,False,0,False,text
movies,1nmh4ki,"""Moana"" is the rare kids' movie that pulls zero punches in showing humanity's flaws.",0,https://reddit.com/r/movies/comments/1nmh4ki/moana_is_the_rare_kids_movie_that_pulls_zero/,https://www.reddit.com/r/movies/comments/1nmh4ki/moana_is_the_rare_kids_movie_that_pulls_zero/,"[This post from TV Tropes](https://tvtropes.org/pmwiki/pmwiki.php/Fridge/Moana) puts this into perspective:

>Why is it so important that Moana is the one to restore Te Fiti's heart, instead of Maui? Because she's human. Maui stole the heart because the humans of that time asked him to. This would also tie in nicely with Maui in Polynesian Mythology because most of his deeds were done because humans asked or complained about certain issues to him and he'd fix it. The line ""It's nice to see that humans never change"" could even be a stealth insult because this song is sung immediately after Moana demands that he help her return the heart. In fact the entire point of ""You're Welcome"" is secretly to show that humans are fickle and quick to demonise people; humans kept asking him to give them gifts, because it was never enough for them. No matter how amazing he was, it was never enough for people (""It was... never enough""). Finally, he made a mistake while trying to give the gift of life itself to humanity. From then on, how was he remembered? As a trickster god who screwed everyone, (""Maybe you were but now ... Now you're just the guy who stole the heart of Te Fiti. The guy who cursed the world..."") That's why Moana was so surprised by the fact that he wasn’t a monster! She had no idea of all the good things he did. Maui was a guy whose only purpose was to make people happy but he made one mistake and was forever demonised by humanity.

Not to mention:

>Te Fiti herself is demonised as Te Ka; no one knew that she was actually Te Fiti trying to get her heart back, she was demonised as well. People who told the story referred to her as being one of the demons who were hunting for the heart. When Moana sings ""Know Who You Are"" she sings ""***THEY*** have stolen the heart from inside you, but this does not define you"" Take note that she said they, she was never talking about Maui, she was talking about the humans themselves, the ones who kept asking Maui to give them more and more. That's why it's so important that Moana was the one to restore Te Fiti's heart and also be the one who helps Maui understand that he is so much more than what people define him as being. Because she is making up for the crimes that humans themselves have done.

Obvious environmental message aside, kids' movies rarely give a blunt truth about humanity's greed or flaws. That's what makes Moana such a great movie. Possibly one of the top best Disney ever made.",1758423929.0,0.37,0,0,Discussion,HotOne9364,12,False,0,False,text
movies,1nk993e,"‘The Toxic Avenger’ Relieved ‘Millions in Medical Debt,’ but Cineverse Only Spent $50K to Make It Happen",6820,https://reddit.com/r/movies/comments/1nk993e/the_toxic_avenger_relieved_millions_in_medical/,https://www.indiewire.com/features/interviews/toxic-avenger-box-office-medical-bills-cineverse-1235148546/,,1758204385.0,0.96,6820,0,News,MarvelsGrantMan136,166,False,0,False,text
movies,1nly4z0,Specific playlist for fans of tarantino-esque music?,3,https://reddit.com/r/movies/comments/1nly4z0/specific_playlist_for_fans_of_tarantinoesque_music/,https://www.reddit.com/r/movies/comments/1nly4z0/specific_playlist_for_fans_of_tarantinoesque_music/,"
Im a big fan of tarantinos song choices (especially Dark Night-The Blasters, You keep me hanging on-Vanilla Fudge, After Dark -Tito and Tarantula, Jungle Boogie-Kool and the Gang, Cat People-David Bowie) and Im looking for song and/or playlist suggestions that make you feel like you're in a tarantino movie, preferably songs that he didnt use in his movies but sound that he did",1758374749.0,0.58,3,0,Recommendation,RiffandLick,6,False,0,False,text
movies,1nlniuh,Belen - Trailer,8,https://reddit.com/r/movies/comments/1nlniuh/belen_trailer/,https://youtu.be/3F1okgH9qDE,"Synopsis: Belén is a movie based on the true story that sparked an international movement, Belén chronicles the harrowing case of Julieta, a young woman falsely accused of infanticide, and Soledad Deza (Dolores Fonzi), the fearless lawyer who takes on the highly controversial, explosive case. Produced by K&S Films (Oscar-winning producers of Wild Tales), Belén takes us to Tucumán, a conservative region of Argentina, where Julieta’s trial becomes a flashpoint for the ongoing fight for women’s reproductive rights. As Soledad faces off against a corrupt, classist, and patriarchal legal system, Julieta’s story ignites a groundswell of outrage and solidarity, galvanizing an unstoppable movement for justice and bodily autonomy.",1758338454.0,0.65,8,0,Trailer,marianitten,0,False,0,False,text
movies,1nkmxhi,Hackers at 30: The full story behind the cult cyber fairytale,1078,https://reddit.com/r/movies/comments/1nkmxhi/hackers_at_30_the_full_story_behind_the_cult/,https://www.dazeddigital.com/film-tv/article/68673/1/30-years-of-hackers-director-iain-softley-cult-cyber-fairytale,,1758235825.0,0.93,1078,0,Article,xanaduuu,183,False,0,False,text
movies,1nm9wnq,Looking for gut wrenching tearjerkers,0,https://reddit.com/r/movies/comments/1nm9wnq/looking_for_gut_wrenching_tearjerkers/,https://www.reddit.com/r/movies/comments/1nm9wnq/looking_for_gut_wrenching_tearjerkers/,"Hi all, need help finding a new go to jerker (ideally available for stream in the uk)

My go to is usually perks of being a wallflower/blind side/pear harbour/armageddon/green mile and a few others I cannot remember right now 

I’m struggling mentally atm and trying to encourage some crying to open the pressure valve a bit 

Ideally something touching in mental health or unalive 

The perfect film would be a relationship destroyed by mental health even though not people love each other deeply - if it doesn’t really exist a beg for an up and coming producer to adopt the concept (I’ll write a concept) 😂",1758403183.0,0.37,0,0,Discussion,justsaaam,53,False,0,False,text
movies,1nm5pna,Full MPAA production Code?,0,https://reddit.com/r/movies/comments/1nm5pna/full_mpaa_production_code/,https://www.reddit.com/r/movies/comments/1nm5pna/full_mpaa_production_code/,"From 1930 to 1967, the movie industry was governed by a self-imposed set of rules called the Hays Code. The full text of the Hays Code [is freely available online to read](https://productioncode.dhwritings.com/multipleframes_productioncode.php). Have the rules of the modern MPAA system, which replaced the Hays Code, ever been formally written down and published just as the Hays Code had been? And if so, where can I find online the full document for free?",1758392914.0,0.47,0,0,Question,AacornSoup,4,False,0,False,text
movies,1nlqspg,Traumatika streaming anywhere?!,3,https://reddit.com/r/movies/comments/1nlqspg/traumatika_streaming_anywhere/,https://www.reddit.com/r/movies/comments/1nlqspg/traumatika_streaming_anywhere/,"Anyone know how to watch this film?! Google says it’s streaming in The Roku Channel but it’s only the 43 second trailer.

It was playing for like 2 days in theatres and now it’s just vanished! 
Anyone know a link? Or where I can download?
It’s probably a silly movie anyway and I’ve read some super polarized opinions but stillllll",1758349549.0,0.62,3,0,Media,nelle_vance,13,False,0,False,text
movies,1nmf04r,‘The Fluffer’ (2001)… Julie finally kicks Mikey to the curb scene,0,https://reddit.com/r/movies/comments/1nmf04r/the_fluffer_2001_julie_finally_kicks_mikey_to_the/,https://v.redd.it/ij1zw0ho5fqf1,,1758417383.0,0.38,0,0,Media,EuphoricButterflyy,6,False,0,False,text
movies,1nk9hnz,What’s the Millenial version of “seeing the Star Destroyer at the start of A New Hope and knowing movies will never be the same”?,5005,https://reddit.com/r/movies/comments/1nk9hnz/whats_the_millenial_version_of_seeing_the_star/,https://www.reddit.com/r/movies/comments/1nk9hnz/whats_the_millenial_version_of_seeing_the_star/,"Too young to have seen A New Hope in theatres. 

What’s the equivalent of that for Millennials? A moment in a film that blew your mind and you will never forget. The moment that forever changed movies for you. 

Some that come to mind are Trinity hovering in The Matrix (though I didn’t see it in theatres sadly) or the cities folding over eachother in Inception.",1758204953.0,0.88,5005,0,Discussion,UnderwaterDialect,3186,False,0,False,text
movies,1nm96gc,Noticed something in the Fall Guy,0,https://reddit.com/r/movies/comments/1nm96gc/noticed_something_in_the_fall_guy/,https://www.reddit.com/r/movies/comments/1nm96gc/noticed_something_in_the_fall_guy/,"I don’t know if I’m seeing something that wasn’t there, but in the movie. It seems that whenever the Fall Guy has the upper hand the stunts are practical, but when the villains have the stunts look CG. I noticed this at the very beginning, when they first show the drop stunt appears practical, but when Ryan Gosling’s character gets in to position there’s a cut and everything is now on green screen. This happens throughout the movie.

Was this hint at the villians using technology to frame Gosling? Or am I just reaching?",1758401331.0,0.42,0,0,Question,pickandmixtape,13,False,0,False,text
movies,1nmhexa,"Ranking and Reviewing Every Movie I've Ever Seen, Part 1: Amityville: The Awakening",0,https://reddit.com/r/movies/comments/1nmhexa/ranking_and_reviewing_every_movie_ive_ever_seen/,https://www.reddit.com/r/movies/comments/1nmhexa/ranking_and_reviewing_every_movie_ive_ever_seen/,"https://preview.redd.it/g43fu7s2qfqf1.jpg?width=250&format=pjpg&auto=webp&s=7e3274f6e8106ec633f99ef50a5c77b270c92c7e

* Ranked 1,087 out of 1,590
* 5/10 on IMBD
* 2 1/2 out of 5 on Letterboxd

This isn't a terrible movie and it certainly isn't the worst in the Amityville line of movies. However, it's not good either. I wasn't expecting this movie to be like the original or the remake with Ryan Reynolds, but I also wasn't expecting it to be so badly written/acted. There are some tense moments in this movie that are good, but they don't make up for the rest of the mediocrity. The scene where the brother is asking the older sister to kill him via a voice chat/computer thing is creepy, but if there is a good scene, just expect about 3-4 bad scenes to make up for it. 

IDK if there is a proper way to do an Amityville movie. Many production companies and directors and writers have tried, but not very many have succeeded and I'm unsure of why that is. Is it the subject topic? Is it the writers that have given it a try? Or maybe films around this topic are cursed in someway. Whatever it is, I still hope one day that someone can do a really good Amityville movie because I feel like, if done properly, the Amityville story can become a huge successful and interesting story to tell.",1758424864.0,0.24,0,0,Discussion,WeAreFlashingImages,15,True,1,False,text
movies,1nkrlbp,Lionsgate Hit With Layoffs as 50 Staffers Cut,476,https://reddit.com/r/movies/comments/1nkrlbp/lionsgate_hit_with_layoffs_as_50_staffers_cut/,https://variety.com/2025/film/news/lionsgate-layoffs-50-staffers-cut-1236523408/,,1758248783.0,0.91,476,0,News,CinemaWilderfan,16,False,0,False,text
movies,1nma97k,What is the right age to show somebody Spaceballs for the first time?,0,https://reddit.com/r/movies/comments/1nma97k/what_is_the_right_age_to_show_somebody_spaceballs/,https://www.reddit.com/r/movies/comments/1nma97k/what_is_the_right_age_to_show_somebody_spaceballs/,"Just saw a screening of spaceballs in 70 mm, completely hilarious, my first time seeing it in theaters, my god what a delight! The crowd laughing made it that much funnier, so many iconic lines. 

But I remember when I first saw that movie in 4th grade, it was shocking to me lol I had never seen anything before like that and hadn't really been exposed to so much vulgarity. I had been recommended it by my best friend who knew I was into scifi, and he said it was hilarious, but I had no idea what I was getting into. 10 year old me was uncomfortable. 

There were a lot of kids in this theater, some looked as young as like 7 or 8. To me it seemed a little on the young side. I'm wondering, what's the best age to first see spaceballs? And how old were you when you first saw it? ",1758404069.0,0.38,0,0,Discussion,albatross447,10,False,0,False,text
movies,1nlq65m,Looking for movies in the style of The Tax Collector,5,https://reddit.com/r/movies/comments/1nlq65m/looking_for_movies_in_the_style_of_the_tax/,https://www.reddit.com/r/movies/comments/1nlq65m/looking_for_movies_in_the_style_of_the_tax/,"Hello. I know the movie The Tax Collector is disliked very much. I myself had some problems with the script too but what I liked most was the atmosphere. I liked how the movie took a look inti the life of criminals, cartels and gangsters. It felt dirty, unpolished and violent in all the best ways. It felt like they really show you how unforgiving life on those streets can be. Do you know any more movies in the vein of The Tax Collector? Maybe some movies you consider ""good""?",1758347298.0,0.66,5,0,Discussion,Phyliinx,2,False,0,False,text
movies,1nm4csd,The next generation syndrome in media,0,https://reddit.com/r/movies/comments/1nm4csd/the_next_generation_syndrome_in_media/,https://www.reddit.com/r/movies/comments/1nm4csd/the_next_generation_syndrome_in_media/,"I really need to talk about this: You know that trope in almost every today's media where a legendary character has their whole journey, becomes iconic, and then their journey ends and for some reason the writers decide to “pass the torch” to their kid or some successor? And instead of being cool or worthy, that successor turns out to be the most annoying, bratty, insufferable, childish, character ever written.
It drives me insane. Most of the time they trash talk the OG character which makes them 10× worse and more annoying. Like bro, I don’t care how flawed the original was, they earned their stripes. You didn’t. Shut up and sit down.

I can think of a few examples like: Boruto after Naruto, Harrison in Dexter: New Blood, Scrubs season 9 med students, Raiden in MGS2, Dani in Terminator: Dark Fate, the Inuyasha sequel girls, etc. Every time it happens, it feels like lazy writing that disrespects the legacy of the original character.

Why can’t writers make the successor actually likable or at least competent? Why does the formula always have to be: legendary character → hand the story off to an obnoxious, stupid, annoying brat?

This idiotic trop genuinely ruined some of the best media and franchises out their.",1758389696.0,0.4,0,0,Discussion,Xander_666666,11,False,0,False,text
movies,1nlizno,Leaving Las Vegas -1995,10,https://reddit.com/r/movies/comments/1nlizno/leaving_las_vegas_1995/,https://youtu.be/nVCHtzOCeqU?si=eZUV3ehxrV1qzbg5,"I watched it for the first time last night, and I felt compelled to share my thoughts in the hope that someone else who loves/has loved someone with a severe drinking problem, finds solace in this film as much as I do. Sera's perspective has give me clarity about a similar experience I had, with a severe alcoholic boyfriend, 20 years ago.

In my humble opinion, the film is a spot-on reflection of what it's like to love an alcoholic, especially a suicidal alcoholic. Like Sera, I (subconsciously) liked my boyfriend's drama...and I liked feeling needed by someone who was so fragile. Like Sera and Ben, we clicked very early on, and the relationship was evolved quickly...we both decided to be exclusive shortly after the first time we hung out. I could relate to Sera's sympathy and desire to make Ben happy despite his death wish. I remember the times my boyfriend and I spent together that were spoiled by his drunkeness. I sympathized with Sera when she asked Ben to see a specialist. It was a painful lesson to learn that loving an alcoholic; doing everything you can to help them...the sacrifices, the patience...it did not matter. I wasn't enough for my boyfriend to stop drinking, like Sera wasn't enough for Ben to stop drinking.

I knew how Sera felt as she watched Ben's light grow fainter and fainter, until there was nothing left. My heart fully broke during the scene where Ben has a major hangover (link attached). Despite the spasms, the consistent vomiting, the tremors, poor sleep, and lack of appetite...mixed with his determination to die, shows the brutally high caliber of the disease. And still, Ben reaches for the alcohol to cope.

However, the silver lining in the film, for me at least, is Sera's words to her therapist (assuming she's speaking with a therapist). She acknowledges that even though she knew the relationship with Ben would go nowhere, and that it was a toxic situation for both of them, she genuinely loved him, and he loved her...as much as he could. Her experience with Ben, in a way, saved her life... because by talking about her painful experiences, she is coping with and exploring her emotions. Her insight about herself, shows she has begun her journey down the inevitable (and painful) path of grief. 

Sera's words are what I've been thinking about for the past 20 years...I just didn't know how to articulate them. I still grieve for my boyfriend all of these years later, but the grief has lightened SIGNIFICANTLY after watching this film. I hope it helps other people who have had a similar experience (:
",1758325016.0,0.66,10,0,Discussion,ranchwithfriedfood,2,False,0,False,text
movies,1nl5ycv,"Teddy Ruxpin Live-Action Movie in the Works at Amazon MGM Studios From Seven Bucks, Story Kitchen",36,https://reddit.com/r/movies/comments/1nl5ycv/teddy_ruxpin_liveaction_movie_in_the_works_at/,https://variety.com/2025/film/news/teddy-ruxpin-movie-live-action-amazon-1236523915/,,1758294112.0,0.63,36,0,News,DemiFiendRSA,63,False,0,False,text
movies,1nm7ht6,"""Demolition"" - Jake Gyllenhaal - old movie but I only recently watched it and want to debate the theme that everyone think it's about grief, but to me seemed more like an existential dissection of his routine life",0,https://reddit.com/r/movies/comments/1nm7ht6/demolition_jake_gyllenhaal_old_movie_but_i_only/,https://www.reddit.com/r/movies/comments/1nm7ht6/demolition_jake_gyllenhaal_old_movie_but_i_only/,"Most people state Demolition is about grief, but I think that misses the bigger picture. Davis even says he never really loved his wife, so I don’t see his destruction as grief-driven. To me, it’s more of an existential dissection of his auto-pilot life upheld by routine and the death of his wife is just the catalyst. The scaffolding falls away and suddenly he has to confront the reality that his life has no intrinsic meaning. Since he did whatever was ""easy,"" the same response he gave when someone asked him why he married her as humans are naturally conditioned to choose the easier choice. No one likes to be uncomfortable. And by tearing things apart, he’s really trying to strip his own life to its core, to see what’s real.

That's my analysis at least because it resonates heavily with me, as I also been on autopilot for decades as most high achieving people do. Because to get to that point in life of high achieving careers, you have to sacrifice so much of yourself and go on autopilot to grind, to do the routine, to climb the corporate ladder, to climb the path in medicine, this hierarchical structural system that takes decades of time. It's a sacrifice. You strip a little bit of humanity, pieces of your self as you go higher in this path. I am a Physician in residency working 80 hrs a week with a decades worth of school and 3 degrees so far. I am pretty dead inside so existentialism and I are best friends.",1758397188.0,0.42,0,0,Discussion,LetsOverlapPorbitals,8,False,0,False,text
movies,1nlneq0,Papillon: Cinema’s Greatest Story of Survival,3,https://reddit.com/r/movies/comments/1nlneq0/papillon_cinemas_greatest_story_of_survival/,https://www.reddit.com/r/movies/comments/1nlneq0/papillon_cinemas_greatest_story_of_survival/,"Franklin J. Schaffner’s *Papillon* (1973), starring Steve McQueen and Dustin Hoffman, has endured as a cinematic classic because it combines both the grit of survival storytelling with an intimate exploration of human resilience. Based on Henri Charrière’s autobiographical novel, the film tells the story of a man wrongfully imprisoned in the notorious French penal colonies of South America and his unbreakable will to escape. What makes it timeless is how it captures both the brutality of confinement and the transcendence of freedom, offering not just adventure but a deep meditation on the meaning of dignity, loyalty, and hope.

The performances alone elevate *Papillon* into the realm of the greatest films ever made. Steve McQueen delivers what is widely regarded as one of his finest roles, embodying Papillon’s fierce determination and unyielding spirit with a raw intensity that’s unforgettable. Hoffman provides the perfect foil as Louis Dega, bringing quiet humanity and fragile vulnerability to balance McQueen’s defiance. Their chemistry creates a bond that becomes the emotional heartbeat of the film, proving that even in the darkest places, friendship and solidarity can survive.

Beyond performances, *Papillon* is a triumph of atmosphere and storytelling craft. Its sweeping cinematography immerses viewers in both the oppressive isolation of the penal colonies and the wild beauty of the surrounding landscapes. The pacing, music, and set design convey the crushing weight of captivity while steadily building to moments of breathtaking escape and endurance. More than just an escape movie, *Papillon* resonates as an allegory for the indomitable human spirit, a story that continues to inspire across generations - cementing its place not just as a classic, but as one of the greatest films of all time.",1758338097.0,0.58,3,0,Recommendation,OnlyWest1,5,False,0,False,text
movies,1nme1at,"What's with 'As Above, So Below'?",0,https://reddit.com/r/movies/comments/1nme1at/whats_with_as_above_so_below/,https://www.reddit.com/r/movies/comments/1nme1at/whats_with_as_above_so_below/,"Just watched this for the first time. Not a bad 'found footage' movie, but it left me with several ""wtf"" moments.

Spoilers ahead:

>!Per the imagery of the poster art, I fully expected the remaining survivors to emerge into Paris but mirrored in a hellscape. Complete with what Keanu's Constantine kind of showed us. The whole 'As above, so below' title would've made complete and perfect sense at that point. Instead, the movie dead ends on them hugging off probably the most traumatic experience of their lives. !<

>!Also... are we to assume that this whole thing could've been avoided if she got the stone off the wall, and then immediately placed it back? What purpose does the hell gate serve if they didn't even really go to hell? They just used the porch of hell to get back to what appears to be a normal overworld. Meanwhile, dodging all the obstacles that were forcing them to go further and further down. !<

>!Randomly, the templar knight seemed fairly out of place other than to guard the stone/gate. Why would the stone preserve his body if it has no effect on the dead, and why is the stone able to keep the flames lit but can't heal the wounds on a dead person? !<

I get it's just a movie, and maybe not a great one by any standard, but they definitely lost me in that swing.",1758414425.0,0.3,0,0,Spoilers,0_________o,12,False,0,False,text
movies,1nlon50,Secret Mall Apartment - 2025 (Documentary),3,https://reddit.com/r/movies/comments/1nlon50/secret_mall_apartment_2025_documentary/,https://www.reddit.com/r/movies/comments/1nlon50/secret_mall_apartment_2025_documentary/,">In 2003, eight Rhode Islanders created a secret apartment inside a busy mall and lived there for four years, filming everything along the way. Far more than a prank, the secret apartment became a deeply meaningful place for all involved.

This documentary is immense. 

Going from one moment where you're laughing to the very next properly tearing up all emotional. It has a bit of everything going on and I strongly recommend.",1758342119.0,0.58,3,0,Review,MarkL64,9,False,0,False,text
movies,1nl94ll,'Avatar: Fire And Ash’s Epic Airborne Battle Used Real Flames (New Image),22,https://reddit.com/r/movies/comments/1nl94ll/avatar_fire_and_ashs_epic_airborne_battle_used/,https://www.empireonline.com/movies/news/avatar-fire-ash-airborne-battle-used-real-flames-exclusive/,,1758301258.0,0.6,22,0,Media,NoCulture3505,42,False,0,False,text
movies,1nm8da6,Why is Apollo 18 so hated?,0,https://reddit.com/r/movies/comments/1nm8da6/why_is_apollo_18_so_hated/,https://www.reddit.com/r/movies/comments/1nm8da6/why_is_apollo_18_so_hated/,"I generally thought the movie was decent(especially the deleted scene for the Russian cosmonaut). They removed some good scenes like alternate endings. The movie is very unpopular though and just wondering why exactly, this was probably the best found footage movie that wasn't boring and had a good idea and potential. Anybody give their opinion?",1758399317.0,0.41,0,0,Discussion,Thin_Industry1398,20,False,0,False,text
movies,1nkb0ul,Official Movie poster for Night Patrol,2371,https://reddit.com/r/movies/comments/1nkb0ul/official_movie_poster_for_night_patrol/,https://i.redd.it/vai4z8pdwxpf1.jpeg,,1758208481.0,0.94,2371,0,Media,JamieReleases,156,True,1,False,image
movies,1nmdkdm,‘Snails in the Rain’ (2013) scene… Boaz has been feeling confused sexually lately and goes to the park late at night where gay men linger to hook up and ends up having a meltdown,0,https://reddit.com/r/movies/comments/1nmdkdm/snails_in_the_rain_2013_scene_boaz_has_been/,https://v.redd.it/y8izsqmxreqf1,,1758413034.0,0.26,0,0,Media,EuphoricButterflyy,0,False,0,False,text
movies,1nlbe1q,Every Which Way But Loose “1978” Opening Scene,11,https://reddit.com/r/movies/comments/1nlbe1q/every_which_way_but_loose_1978_opening_scene/,https://youtu.be/651kmYqGl4E?si=iMq0QO6i4Sh8GsB_,"This intro has always stuck with me. Not just because it’s Clint Eastwood in a very different kind of role, but because it sets the tone perfectly: simple, gritty, and a slice of everyday life. My father loved this movie, and hearing the opening again takes me right back to sitting beside him when first we watched it together. Funny how a film’s intro can hold onto memory better than the film itself.",1758306373.0,0.68,11,0,Media,RJKaste,5,False,0,False,text
movies,1nmclal,How can I break up the Hobbit and lord of the rings episodically?,0,https://reddit.com/r/movies/comments/1nmclal/how_can_i_break_up_the_hobbit_and_lord_of_the/,https://www.reddit.com/r/movies/comments/1nmclal/how_can_i_break_up_the_hobbit_and_lord_of_the/,I want to show my GF both of the trilogies but she gets bored easy.  I wanna show her the extended cuts and I've found i can get her to watch stuff if I break it up for her.  What are some areas you would consider places to stop in the movies to watch it over a longer period of time?  I'm sure there's points where you can enjoy sections of the story in chunks,1758410290.0,0.22,0,0,Question,Beras_En,20,False,0,False,text
movies,1nkrsiq,Official Discussion - HIM [SPOILERS],220,https://reddit.com/r/movies/comments/1nkrsiq/official_discussion_him_spoilers/,https://www.reddit.com/r/movies/comments/1nkrsiq/official_discussion_him_spoilers/,"#Poll

**If you've seen the film, please rate it [at this poll](https://strawpoll.ai/poll/vote/Xa9Ekdv895dB)**

**If you haven't seen the film but would like to see the result of the poll [click here](https://strawpoll.ai/poll/results/Xa9Ekdv895dB)**

#Rankings

[Click here](https://strawpoll.ai/list/ItnAgr4mX7QR) to see the rankings of 2025 films

[Click here](https://youpoll.me/list/4/) to see the rankings for every poll done

---

**Summary**
Cameron “Cam” Cade, a rising-star college quarterback, suffers a brain injury after an attack. When all seems lost, he’s offered a chance to train under Isaiah White—a legendary, near-retired quarterback—at Isaiah’s secluded compound. But the mentorship takes a sinister turn, and Cam begins to question what his hero is asking him to sacrifice for greatness.

**Director**
Justin Tipping

**Writers**
Zack Akers, Skip Bronkie, Justin Tipping

**Cast**

* Marlon Wayans
* Tyriq Withers
* Julia Fox
* Tim Heidecker
* Jim Jefferies
* Naomi Grossman
* Tierra Whack
* Guapdad 4000

**Rotten Tomatoes**
Critics Score: [32%](https://www.rottentomatoes.com/m/him)

**Metacritic**
Score: [38](https://www.metacritic.com/movie/him/)

**VOD**
In theaters September 19, 2025

**Trailer**
[HIM — Official Trailer (2025)](https://www.youtube.com/watch?v=kYW0WWUkSzw)

---",1758249331.0,0.84,220,0,Official Discussion,LiteraryBoner,999,False,0,False,text
movies,1nm5kj6,Give Me Your Movies Hot Takes,0,https://reddit.com/r/movies/comments/1nm5kj6/give_me_your_movies_hot_takes/,https://www.reddit.com/r/movies/comments/1nm5kj6/give_me_your_movies_hot_takes/,"I like hot takes because I have so many of them it can be anything related to actors, movies, cinema, characters, directors, what you hate, what you love, producers, specific performances, even the music score of a movie is up for questioning the more controversial the better so Give Me Your Movies Hot Takes",1758392567.0,0.29,0,0,Discussion,dev20099,41,False,0,False,text
movies,1nkie8o,Who is the biggest ‘scene stealer’ of all time?,691,https://reddit.com/r/movies/comments/1nkie8o/who_is_the_biggest_scene_stealer_of_all_time/,https://www.reddit.com/r/movies/comments/1nkie8o/who_is_the_biggest_scene_stealer_of_all_time/,"Now for anybody not familiar with the term ‘scene stealer’, when I say scene stealer, I mean he/she is not the MAIN character of the movie but he/she completely overshadows everybody just because of how phenomenal of an actor he/she is. Their presence although might be small, but they make a direct impact on the film

This is a complicated question for any movie buff such as myself, but if I were to put a name to it, I’d 100% choose Robert Duvall. 

Who’s your choice? 

***Edit: after going through this entire thread, I didn’t see ONE person talk shit. Not one single person start an argument. Just literally a bunch of good people talking about their favorite actors and it really made me feel quite nostalgic. First time in a while I’ve felt like the world isn’t full of hatred. Dramatic I know but..idk it’s been a while since I’ve seen a whole thread be nothing but positive vibes",1758225016.0,0.86,691,0,Discussion,neverleavingthewagon,1550,False,0,False,text
movies,1nkrsmq,Official Throwback Discussion - Almost Famous [SPOILERS],181,https://reddit.com/r/movies/comments/1nkrsmq/official_throwback_discussion_almost_famous/,https://www.reddit.com/r/movies/comments/1nkrsmq/official_throwback_discussion_almost_famous/,"# As an ongoing project, in 2025 /r/movies will be posting Throwback Discussion threads weekly for the movies that came out this same weekend 25 years ago. As a reminder, Official Discussion threads are for discussing the movie and not for meta sub discussion.

---

**Summary**
A high-school boy is given the chance to write a story for *Rolling Stone Magazine* about an up-and-coming rock band as he accompanies them on their concert tour.

**Director**
Cameron Crowe

**Writer**
Cameron Crowe

**Cast**

* Billy Crudup
* Frances McDormand
* Kate Hudson
* Jason Lee
* Patrick Fugit
* Zooey Deschanel
* Anna Paquin
* Fairuza Balk
* Noah Taylor
* Philip Seymour Hoffman

**Rotten Tomatoes**
Critics Score: [89%](https://www.rottentomatoes.com/m/almost_famous)

**Metacritic**
Score: [90](https://www.metacritic.com/movie/almost-famous)

**VOD**
Available to rent or buy on major platforms

**Trailer**
[Almost Famous (2000) Trailer](https://www.youtube.com/watch?v=5bdv0dBpLVw)

---",1758249340.0,0.87,181,0,,LiteraryBoner,88,False,0,False,text
movies,1nl7m04,Paramount Lands ‘Here Be Monsters;’ Next Film For ‘Tron: Ares’ Director Joachim Rønning,15,https://reddit.com/r/movies/comments/1nl7m04/paramount_lands_here_be_monsters_next_film_for/,https://deadline.com/2025/09/paramount-lands-here-be-monsters-tron-ares-joachim-ronning-1236549380/,,1758297829.0,0.7,15,0,News,NoCulture3505,2,False,0,False,text
movies,1nljosv,Based on true events movies,1,https://reddit.com/r/movies/comments/1nljosv/based_on_true_events_movies/,https://www.reddit.com/r/movies/comments/1nljosv/based_on_true_events_movies/,"I am looking for more movies based on true events. Some of my favorites are Secretariat, The Man Who Knew Infinity, Money Ball, and Spotlight just to name a few. I really love detective type works like Spotlight or The Report. Or underdog stories like Secretariat and the Man Who Knew Infinity. I also love war movies so if you know of any that fit those categories I am all ears! I’ve seen lists on Wikipedia and IMDB but would love if someone could narrow it down for me based movies you have loved that kinda fit those themes! Thank you!!",1758326924.0,0.52,1,0,Discussion,Hancler,60,False,0,False,text
movies,1njxd24,"Israel may defund own film awards after movie about Palestine wins top prize - Under Israel's protocol, The Sea, a film critiquing the country's occupation of Palestine, will automatically be put forth as its Oscar contender.",16556,https://reddit.com/r/movies/comments/1njxd24/israel_may_defund_own_film_awards_after_movie/,https://www.avclub.com/israel-defunding-ophir-awards-the-sea-palestine,,1758164952.0,0.93,16556,0,News,soalone34,752,False,0,False,text
movies,1nl3wqe,Is 'What Happens at Night' What Martin Scorsese Is Working on Next?,18,https://reddit.com/r/movies/comments/1nl3wqe/is_what_happens_at_night_what_martin_scorsese_is/,https://www.indiewire.com/news/breaking-news/what-happens-at-night-martin-scorsese-next-project-1235152168/,,1758289286.0,0.67,18,0,Discussion,indiewire,9,False,0,False,text
movies,1nlymux,15 rated movies that are more like a 12?,0,https://reddit.com/r/movies/comments/1nlymux/15_rated_movies_that_are_more_like_a_12/,https://www.reddit.com/r/movies/comments/1nlymux/15_rated_movies_that_are_more_like_a_12/,"I’m looking for some more films I can watch with my kids, they are 10 and 13 but we are way past animated and the typical family films. I’ve watched some 15s with them but I am very picky over what I’ll let them watch. I don’t mind language and fighting just as long as it’s not too raw. I watched the matrix with them which is a 15 but I think that’s more because it’s harder to understand, there’s obv no language or gore. Any suggestions welcome please ",1758376049.0,0.42,0,0,Discussion,Tanto207064,27,False,0,False,text
movies,1nlfdne,Best International Feature 2026 Submissions: List of Films by Country,5,https://reddit.com/r/movies/comments/1nlfdne/best_international_feature_2026_submissions_list/,https://www.indiewire.com/awards/industry/best-international-feature-2026-submissions-each-country-1235152217/,,1758315712.0,0.6,5,0,Discussion,indiewire,0,False,0,False,text
movies,1nmdsrv,What is the dumbest/stupidest movie in your opinion.,0,https://reddit.com/r/movies/comments/1nmdsrv/what_is_the_dumbeststupidest_movie_in_your_opinion/,https://www.reddit.com/r/movies/comments/1nmdsrv/what_is_the_dumbeststupidest_movie_in_your_opinion/,"Not to hate on the classics but like it has to be for me either Spaceballs or Napoleon Dynamite. Like Napoleon Dynamite first: you can't have this man looking down at the floor like he is a special Ed kid and then have this situationship with this decently pretty but awkward girl, and then Pedro bro is the exact details of ( not trying to be racist) Mexican 'Rizz' but without the Edgar haircut. Spaceballs: idk how my 30 year old older brother thinks this is a classic but like if your trying to be Star Wars don't, Star Wars was a 2 of a kind trilogy the closest thing to it is Star Trek, it's so stupid Barf shouldn't be able to talk, Darth Vader violates every man on plant Spaceballs it's just so stupid. ",1758413729.0,0.14,0,0,Discussion,Aggravating-Ear5065,31,False,0,False,text
movies,1nloe76,Any one watched Terror Comes Knocking: The Marcela Borges Story?,1,https://reddit.com/r/movies/comments/1nloe76/any_one_watched_terror_comes_knocking_the_marcela/,https://www.reddit.com/r/movies/comments/1nloe76/any_one_watched_terror_comes_knocking_the_marcela/,Let's discuss about it. Is Marcela Borges her real name? And is Bianca still a fugitive? The actual incident happened in 2009. From what I read it seemed that the husband actually had 200k usd with him but chose to not to give it to the kidnappers. Correct me if I am wrong btw. I read that the husband did not actually trust his wife that is why he never revealed about having 200k dollars with him.,1758341282.0,0.53,1,0,Discussion,No-Advantage4069,12,False,0,False,text
movies,1nky6iw,Léa Seydoux To Star In Marie Kreutzer’s ‘Gentle Monster’,35,https://reddit.com/r/movies/comments/1nky6iw/léa_seydoux_to_star_in_marie_kreutzers_gentle/,https://deadline.com/2025/09/lea-seydoux-marie-kreutzer-gentle-monster-catherine-deneuve-1236548247/,,1758271238.0,0.78,35,0,News,EThorns,5,False,0,False,text
movies,1nklyoj,'Nope' Actor Brandon Perea Set As Lead In Blumhouse & Sony’s ‘Insidious’ Sequel,242,https://reddit.com/r/movies/comments/1nklyoj/nope_actor_brandon_perea_set_as_lead_in_blumhouse/,https://deadline.com/2025/09/insidious-6-brandon-perea-1236548680/,,1758233347.0,0.89,242,0,News,BunyipPouch,19,False,0,False,text
movies,1nm1r0t,"I've barely watched any Pixar movies, and with that, I feel like I've missed out on a lot of big things...",0,https://reddit.com/r/movies/comments/1nm1r0t/ive_barely_watched_any_pixar_movies_and_with_that/,https://www.reddit.com/r/movies/comments/1nm1r0t/ive_barely_watched_any_pixar_movies_and_with_that/,"I'm 18 years old, and I feel like with the way people always talk about how big of an impact Pixar has had on their childhoods, it sometimes make me feel like I've wasted it. And to make matters worse, I've practically been spoiled almost relentlessly online on some big plot points on big movies, and it makes the FOMO much more exhausting...

So I gotta ask..... Is it too late to try and get to see what makes these movies so great, or can I still manage to enjoy them for what they are, even though I've been spoiled for happens in them?",1758383533.0,0.36,0,0,Discussion,eleonmhadu,20,False,0,False,text
movies,1nkik06,Reading ‘Jaws’ and oh my 😳,362,https://reddit.com/r/movies/comments/1nkik06/reading_jaws_and_oh_my/,https://www.reddit.com/r/movies/comments/1nkik06/reading_jaws_and_oh_my/,"Reading JAWS by Peter Benchley and boy is it ever different from the movie. 😳 Chief Brody is an asshole, and Hooper is a player who has an affair with the chief’s wife Ellen, who confesses to rape fantasies (written with a very male approach, mind you). Spielberg made the right choices, IMO. I know that Peter Benchley helped with the writing of the screenplay; I wonder what he thought of the changes. 🤔🦈

",1758225381.0,0.85,362,0,Discussion,MightInevitable6530,246,False,0,False,text
movies,1nm6jzx,Anne Hathaway vs. Emily Blunt,0,https://reddit.com/r/movies/comments/1nm6jzx/anne_hathaway_vs_emily_blunt/,https://www.reddit.com/r/movies/comments/1nm6jzx/anne_hathaway_vs_emily_blunt/,"Is it me or Emily Blunt is having a better career than Anne Hathaway? I am quite surprised, because I expected the contrary to happen. 

I don't remember any big hits starring Anne Hathaway, after ""The Devil Wears Prada"" 

Emily Blunt went from supporting actress to having a big career. Do you agree?  ",1758394938.0,0.17,0,0,Discussion,Marite64,22,False,0,False,text
movies,1nko2qc,The Pokemon TV Channel Announces a Nostalgic Movie Marathon!,157,https://reddit.com/r/movies/comments/1nko2qc/the_pokemon_tv_channel_announces_a_nostalgic/,https://thephrasemaker.com/2025/09/18/pokemon-tv-channel-movie-marathon/,,1758238910.0,0.82,157,0,News,ShopLongjumping9285,11,False,0,False,text
movies,1nm406v,Why does James Bond order a vodka martini instead of a gin martini?,0,https://reddit.com/r/movies/comments/1nm406v/why_does_james_bond_order_a_vodka_martini_instead/,https://www.reddit.com/r/movies/comments/1nm406v/why_does_james_bond_order_a_vodka_martini_instead/,"​Hey everyone,

​I've always been fascinated by James Bond.
He's the epitome of a British agent: he drives an Aston Martin, wears Savile Row suits, and his entire persona represents English sophistication. 

But there's one thing that's always confused me: his iconic drink.

​We all know his legendary line, ""vodka martini, shaken, not stirred,"" but doesn't it seem a bit contradictory? Gin, with its long history and deep cultural connection to England, would seem like the most logical choice for a character who embodies British culture.

​Yet, Bond insists on vodka, a drink with strong ties to Russia, Poland, France, etc. But not GB. 

Is this just a character quirk? Or is there a deeper reason? Perhaps a subtle detail from his creator, Ian Fleming?

​I'd love to hear what you all think. Do you see it as an insignificant detail, a strategy to set him apart, or is there a hidden symbolism in his choice?",1758388869.0,0.33,0,0,Discussion,Anxiety-Tough,42,False,0,False,text
movies,1nlr40e,How a documentary can be pure fun,0,https://reddit.com/r/movies/comments/1nlr40e/how_a_documentary_can_be_pure_fun/,https://www.reddit.com/r/movies/comments/1nlr40e/how_a_documentary_can_be_pure_fun/,"Just finished watching Pee-Wee As Himself on HBO, and wow... What a ride! Matt Wolf's directing really brings out the whimsical essence of Pee-Wee Herman while giving us a peek behind the curtain of the man behind the bowtie. The way Damian Rodriguez edited the footage makes it feel like you're flipping through a scrapbook of joy, nostalgia, and hilarity.

I loved how the documentary doesn't just focus on the performance but shows Paul Reubens' vulnerability and creativity. The balance of humor and honesty is incredible, rarely do documentaries make me smile this much while also appreciating the artistry involved.

I didn't expect to get teary-eyed at parts, honestly. Also, the pacing is perfect, never dull, always engaging. Can we talk about how Reubens' energy is still so infectious? Seriously, it's like Pee-Wee never left us.",1758350691.0,0.45,0,0,Discussion,FairMacaron4669,1,False,0,False,text
movies,1nm48xt,Hollywood Can’t Rely on Decades Old IP Solely. They Need Originals for Today’s People. Not All Originals Are Flops,0,https://reddit.com/r/movies/comments/1nm48xt/hollywood_cant_rely_on_decades_old_ip_solely_they/,https://www.reddit.com/r/movies/comments/1nm48xt/hollywood_cant_rely_on_decades_old_ip_solely_they/,"Inside Out and Coco became new IP out of original ideas. The fact that people complain about Pixar only doing sequels are honestly blinded by nostalgia. Pixar has made more original movies this decade so far and there are two more coming out with some eye catching premises.

Hoppers has a teenage girl swapping bodies with a beaver. And I’m sure that was a sellable hook more than Elio which people complained about being generic or having the bean mouth style.

Elemental became a sleeper hit due to word of mouth and it did better than most of Disney’s 2023 slate.

Hexed is coming out from Disney Animation and it might do better than Strange World and Wish. Might be a modest hit on the levels of Encanto if the premise and characters are a draw.

Gatto will likely make a dent because of a black cat as the selling point including the Italian setting and anyone who enjoyed Luca on Disney+.

Besides Disney, newer IP got a theatrical adaptation like Minecraft which did numbers.

Several award bait movies, horror/thriller movies and indie films are pulling in audiences into theaters. This year, Sinners, F1, Weapons, and Materialists are making records.

A24 and Neon are putting out films that do spark conversation amongst moviegoers.

Even if films don’t do well in theaters, they have a second life on PVOD, streaming and physical media.

Honestly, the discourse around movies like Elio have led to this nihilism including myself. I got to look at facts and reality. Studios need original movies to create new franchises and to get new filmmakers further into the industry. At some point, franchise fatigue will hit any legacy IP if they are churning out too much of it.

Sure, some legacy IP can still stay around to provide studios a safety net for future investment. Yet, original movies are still a demand as much as franchises and remakes.",1758389442.0,0.32,0,0,Discussion,rwinger24,14,False,0,False,text
movies,1nlcjs8,What movie with a lot of slapstick humour has the best plot or takeaway message?,2,https://reddit.com/r/movies/comments/1nlcjs8/what_movie_with_a_lot_of_slapstick_humour_has_the/,https://www.reddit.com/r/movies/comments/1nlcjs8/what_movie_with_a_lot_of_slapstick_humour_has_the/,"It's fun to laugh at people when they fall down, but are there any movies where people are lifted back up again? Literally and thematically?
 We just watched ""Who framed Roger Rabbit!"" and the whole house loved it. Looking for more silly antics that don't totally devolve into stooge-esqe violence for the sake of itself.

Edit: I work in a house with people that have developmental disabilities. So they need not be ""kid friendly"". Just a good time.",1758309033.0,0.55,2,0,Discussion,dewk1204,26,False,0,False,text
movies,1nlsh64,Need Suggestion About Road Danger/Stranger Danger Movies,0,https://reddit.com/r/movies/comments/1nlsh64/need_suggestion_about_road_dangerstranger_danger/,https://www.reddit.com/r/movies/comments/1nlsh64/need_suggestion_about_road_dangerstranger_danger/,"Hello everyone, I love to watch Thriller movies which includes Strangers mysterious character or some stranger meets at road and movies goes on with thriller and danger theme. 
I have watched lots of movies like that, including Red Eye, The Strangers all parts, The Purge all parts also, and a lot more, I need suggestions about this theme of movies like Stranger Danger or Road Danger so if you can recommend me I will be thankful. ",1758355832.0,0.38,0,0,Recommendation,Ok-Doctor2637,24,False,0,False,text
movies,1nl1slr,Classic lines in movies that you like to use in your daily life.,12,https://reddit.com/r/movies/comments/1nl1slr/classic_lines_in_movies_that_you_like_to_use_in/,https://www.reddit.com/r/movies/comments/1nl1slr/classic_lines_in_movies_that_you_like_to_use_in/,"What’s a classic line from a movie that you like to use? We love to use “Tell em they’re dreaming” if someone is asking too much for something and  “Straight to the pool room”  for any certificates or trophies our kids win, both are from an Australian movie called The Castle. This particular movie has many lines that Australian’s would recognise. ",1758283736.0,0.62,12,0,Discussion,lalapixi,197,False,0,False,text
movies,1nkgnl2,"Of all of the portrayals of the Devil in movies over the years, I have to say that Robert Judd in Crossroads came closest to convincing me.  He just absolutely nailed it.",318,https://reddit.com/r/movies/comments/1nkgnl2/of_all_of_the_portrayals_of_the_devil_in_movies/,https://www.reddit.com/r/movies/comments/1nkgnl2/of_all_of_the_portrayals_of_the_devil_in_movies/,"To me, Robert Judd’s performance as Scratch had that perfect balance of elegance and menace. He wasn’t some over-the-top monster; he was refined, calm, and even likable on the surface, which made the sinister edge underneath all the more chilling.

That smooth Southern drawl, the sly smile, the way he carried himself — it was like he *knew* he already owned the room (and maybe your soul, too). He gave the Devil a sort of gentlemanly charisma that made the stakes of the bargain feel very real.",1758221032.0,0.89,318,0,Discussion,OklahomaHoss,252,False,0,False,text
movies,1nllvqw,Tech from every year,1,https://reddit.com/r/movies/comments/1nllvqw/tech_from_every_year/,https://www.reddit.com/r/movies/comments/1nllvqw/tech_from_every_year/,"I was sitting here bored and decided to see how much of a badass I could make myself if I stole one item (technological, magical or otherwise) from a movie from every year for the last… oh, I don’t know… ten years? Let’s take a look…

2025 - Curse Sticks - Weapons

2024 - Mind Swap Tech - It’s What’s Inside

2023 - Ghost Communication Hand - Talk to Me

2022 - Multiverse Travel Tech - Everything Everywhere All At Once

2021 - The Spiiiiiiiiiice - Dune

2020 - Badass Invisible Man suit - The Invisible Man

2019 - Wishing Chalk - Tigers Are Not Afraid

2018 - That cool shiny Axe!- Mandy (Infinity Gauntlet feels like cheating)

2017 - Alcoholism-fueled Mind-controlled Personal giant Kaiju - Colossal

2016 - A Swiss Army Man - Swiss Army Man

That’s a lot of cool stuff. Think you can do better?
",1758333382.0,0.53,1,0,Discussion,Eklassen,0,False,0,False,text
movies,1nku11s,Hardcore (1979) is overlooked,50,https://reddit.com/r/movies/comments/1nku11s/hardcore_1979_is_overlooked/,https://www.reddit.com/r/movies/comments/1nku11s/hardcore_1979_is_overlooked/,"I went on a George C. Scott binge recently, and I came across Hardcore. This film is really interesting, it is about a father whose teenage daughter goes missing in California and turns up in a porno film. This leads him to search for her and leads him into the subculture of pornography. 

I got to say, I honestly think this film is overlooked & underrated. What makes the film is George C. Scott and his performance as the father, Jake van Horn, who immerses himself into the industry we would never dare go into, just so that he could find his daughter. George C. Scott is just a good actor, who always commits himself to the role and always is the best part of anything he is in. Season Hubley is also great as Joanne, a prostitute who help Jake find his daughter. What I like is that Joanne and Jake found a grudging respect for each other, in spite of the cultural differences between them. Also good was Peter Boyle as the private investigator

However, I did feel that the ending was a bit of a letdown, which I found predictable. I did read that Paul Schrader was forced to change the ending from what he originally intended it to be. 

But regardless I did enjoy the film and I do think it is overlooked.",1758256105.0,0.81,50,0,Discussion,FreshmenMan,16,False,0,False,text
movies,1nktarp,Secondhand lions,59,https://reddit.com/r/movies/comments/1nktarp/secondhand_lions/,https://www.reddit.com/r/movies/comments/1nktarp/secondhand_lions/,"I don’t know if it just me, but I think Secondhand Lions is underrated and underappreciated, it’s a great story with some good life lessons. It’s a movie you can rewatch and enjoy. I would honestly put it in my top 15 movies all time. I’m curious to know what y’all think. If you haven’t seen it I would highly recommend it. ",1758253832.0,0.83,59,0,Discussion,AdSimilar2866,25,False,0,False,text
movies,1nlliah,Gladiator FTW,0,https://reddit.com/r/movies/comments/1nlliah/gladiator_ftw/,https://www.reddit.com/r/movies/comments/1nlliah/gladiator_ftw/,"Still one of the best movies of all time. Ridley at his peak. Just watched the trailer again and even THAT gave me goosebumps. “My name is Maximus Decimus Meridius, commander of the Armies of the North, General of the Felix Legions and loyal servant to the TRUE emperor, Marcus Aurelius. Father to a murdered son, husband to a murdered wife. And I will have my vengeance, in this life or the next.” This movie fuuuuuuuucks.",1758332285.0,0.48,0,0,Discussion,mdjmd73,16,False,0,False,text
movies,1nkcf3l,"‘Grave Encounters’ Reboot Set: Justin Long to Star, Produce With Kate Bosworth",471,https://reddit.com/r/movies/comments/1nkcf3l/grave_encounters_reboot_set_justin_long_to_star/,https://variety.com/2025/film/news/grave-encounters-reboot-justin-long-kate-bosworth-1236523325/,,1758211594.0,0.92,471,0,News,MarvelsGrantMan136,56,False,0,False,text
movies,1nl5tae,What was it like to watch Platoon in theaters?,6,https://reddit.com/r/movies/comments/1nl5tae/what_was_it_like_to_watch_platoon_in_theaters/,https://www.reddit.com/r/movies/comments/1nl5tae/what_was_it_like_to_watch_platoon_in_theaters/,I have read before that people left the movie in silence. I have watched the movie - but not in theaters as I was born after it came out. The movie really touched me and has become one of my favorite films. What was the audience reaction? What was your reaction while watching it for the first time in theaters?,1758293803.0,0.62,6,0,Discussion,PsychologicalHat4707,8,False,0,False,text
movies,1nk1050,'HIM' - Review Thread,2319,https://reddit.com/r/movies/comments/1nk1050/him_review_thread/,https://www.reddit.com/r/movies/comments/1nk1050/him_review_thread/,"*HIM centers on a promising young football player (Tyriq Withers), invited to train at the isolated compound of a dynasty team's aging QB1. The legendary quarterback (Marlon Wayans) takes his protégé on a blood-chilling journey into the inner sanctum of fame, power and pursuit of excellence at any cost.*

Director: Justin Tipping

Cast: Marlon Wayans, Tyriq Withers, Julia Fox

Producer: Jordan Peele

**Rotten Tomatoes:** [30%](https://www.rottentomatoes.com/m/him_2025_2/reviews)

**Metacritic:** [39 / 100](https://www.metacritic.com/movie/him/)

[Next Best Picture](https://www.rottentomatoes.com/critics/source/3046) \- [Giovanni Lago](https://www.rottentomatoes.com/critics/giovanni-lago) \- 3 / 10

>""Him"" falters as a comedy and even more so as a horror film, rarely putting in the effort to build tension or create memorable scares.

[New York Magazine/Vulture](https://www.rottentomatoes.com/critics/source/334) \- [Bilge Ebiri](https://www.rottentomatoes.com/critics/bilge-ebiri)

>The movie at times plays like a high-budget student film: It’s eager to impress us with technique. And it does, at least until we realize that there’s not much else going on.

[Newsday](https://www.rottentomatoes.com/critics/source/338) \- [Rafer Guzman](https://www.rottentomatoes.com/critics/rafer-guzman) \- 0 / 4

>""HIM"" does not have the Peele touch. What it has is an intriguing premise, but no coherent story and no clear idea of what it wants to say.

[The Hollywood Reporter](https://www.rottentomatoes.com/critics/source/213) \- [Frank Scheck](https://www.rottentomatoes.com/critics/frank-scheck)

>Unfortunately, *Him*, directed by Justin Tipping (*Kicks*), squanders its potential. While it starts out promisingly, it seriously devolves in its second half into a surreal phantasmagoria that’s more gonzo than chilling. If you’re looking for a truly disturbing film about the dehumanizing effects of professional football in the corporate age, the one to see is still 1979’s *North Dallas Forty*.  

[The Direct](https://www.rottentomatoes.com/critics/source/100010147) \- [Jeff Ewing](https://www.rottentomatoes.com/critics/jeff-ewing) \- 7 / 10

>Marlon Wayans is exceptional, and well supported overall by the film's other players. Some moments do add confusion, but it ultimately comes together well enough to be a laudable experimental effort.",1758177395.0,0.9,2319,0,Review,ChiefLeef22,1184,False,0,False,text
movies,1nklsql,"Jesse Plemons & Cole Escola To Star In ‘Jonty’ At A24; Lorene Scafaria Directing From Script By ‘Succession’s Jesse Armstrong, Sam Bain",125,https://reddit.com/r/movies/comments/1nklsql/jesse_plemons_cole_escola_to_star_in_jonty_at_a24/,https://deadline.com/2025/09/jonty-a24-movie-to-star-jesse-plemons-cole-escola-1236548612/,,1758232935.0,0.86,125,0,News,KillerCroc1234567,13,False,0,False,text
movies,1nlwtaa,Worst DiCaprio Movie?,0,https://reddit.com/r/movies/comments/1nlwtaa/worst_dicaprio_movie/,https://www.reddit.com/r/movies/comments/1nlwtaa/worst_dicaprio_movie/,"I was inspired by a thread where most users were saying he’s never done a bad movie. Now I’m a huge DiCaprio fan but it got me thinking- if you had to pick, what would you say is your least favourite movie he’s done?
For me it’s probably Body of Lies. It wasn’t *bad* just sort of… forgettable? I didn’t really love J Edgar as much either.

",1758371055.0,0.37,0,0,Discussion,Gailforce_winds012,78,False,0,False,text
movies,1nl3pfp,Movie scenes suggestions with several characters for directing and acting workshop,6,https://reddit.com/r/movies/comments/1nl3pfp/movie_scenes_suggestions_with_several_characters/,https://www.reddit.com/r/movies/comments/1nl3pfp/movie_scenes_suggestions_with_several_characters/,"Hi, for a film directing and acting workshop I'm looking for some interesting scenes from movies to remake as an exercise. Most scenes we thought of are between two characters and I was wondering if people in this community had any suggestions of scenes involving several characters (4, 5 or even 16 if you know if any!) 
Ideally we are looking for scenes with important dramatic stakes, in any genre (comedy, thriller, drama etc...) and any country of origin (the best would be in french speaking cinema but any other is fine too)
Thanks a lot for reading me.",1758288789.0,0.67,6,0,Discussion,Samuel_Malerbe,11,False,0,False,text
movies,1nm1czm,"Is it possible for them to reboot ""The Mask"" to a more comic-faithful adaptation?",0,https://reddit.com/r/movies/comments/1nm1czm/is_it_possible_for_them_to_reboot_the_mask_to_a/,https://www.reddit.com/r/movies/comments/1nm1czm/is_it_possible_for_them_to_reboot_the_mask_to_a/,"IMHO, the Jim Carrey movie was bad. It had nothing to do with the comic series it shared its namesake with except some superficial similarities to its concept. It was made to cash-in on Aladdin's success without understanding what made that movie a masterpiece. Just stupid nonsense, none of which is funny or witty, and Carrey, whom I generally like, at one of his most annoying performances.

The comics could be funny but in a more morbid sense. It was satirical, smart, violent, mature, but never went too over-the-top with its grotesque nature. We're living in the golden era of horror right now. And to see someone make a more faithful adaptation of The Mask would be more than warranted. Of course it's possible but would audience be more accepting or would they think it'd be ""unnecessary"" since they're too attached to the 1994 movie?",1758382622.0,0.25,0,0,Question,HotOne9364,11,False,0,False,text
movies,1njn0n0,“Something Good- Negro Kiss” (1898)… an American short silent film (1 minute long) made in 1898. It is the first depiction of black love ever on film,20233,https://reddit.com/r/movies/comments/1njn0n0/something_good_negro_kiss_1898_an_american_short/,https://v.redd.it/fx9hqb4h2spf1,,1758137847.0,0.96,20233,0,Media,EuphoricButterflyy,202,False,0,False,text
movies,1nktnmp,"Tombstone easily has one of the best movie introductions ever, as well as some of the best character introduction scenes (Doc Holiday and Johnny Ringo's).",30,https://reddit.com/r/movies/comments/1nktnmp/tombstone_easily_has_one_of_the_best_movie/,https://www.reddit.com/r/movies/comments/1nktnmp/tombstone_easily_has_one_of_the_best_movie/,"[The intro](https://youtu.be/SQFVeAeKqWM) is just about as perfect as a movie intro can get in my eyes. All of the cowboys riding into the town to avenge the deaths of their 2 fellow cowboys and the rest of that scene of them sitting down to eat the feast. And the music just adds to the drama. Meeting the cowboys and all that, especially Johnny Ringo, [who just straight up shoots a priest right between the eyes](https://youtu.be/9DChwPjMK5U?t=265) bc he was annoyed with him talking all that shit. And then [our first intro to Doc Holiday](https://youtu.be/kEPVuP_q5hs?t=6). Again, near perfection in my opinion. His mannerisms and gestures are so on point. He is just such a bad ass. The whole film was just so well casted, written, directed, scored, and edited. I love it a little more every time I see it.",1758254902.0,0.69,30,0,Discussion,hominoid_in_NGC4594,16,False,0,False,text
movies,1nk6dvz,"Willem Dafoe on His ‘Rich Portrait’ of a Megalomaniac, Self-Made Billionaire in ‘The Birthday Party'",600,https://reddit.com/r/movies/comments/1nk6dvz/willem_dafoe_on_his_rich_portrait_of_a/,https://variety.com/2025/film/global/willem-dafoe-billionaire-locarno-the-birthday-party-1236478353/,,1758196996.0,0.94,600,0,Article,BunyipPouch,21,False,0,False,text
movies,1nlhmoq,Silver Linings Playbook or Perks of Being a Wallflower,0,https://reddit.com/r/movies/comments/1nlhmoq/silver_linings_playbook_or_perks_of_being_a/,https://www.reddit.com/r/movies/comments/1nlhmoq/silver_linings_playbook_or_perks_of_being_a/,"Both movies centre around mental health and it’s a relevant topic especially post-Covid

I enjoy both movies. But I resonate with the coming of age movie Perk of Being a Wallflower more than the romcom Silver Linings Playbook. It felt like my story in a way

You can say you enjoy or resonate with both movies. Id like to know why you chose the movie you chose

I’d like to know more movies about mental health as well",1758321470.0,0.5,0,0,Discussion,Dry-Funny-6946,4,False,0,False,text
movies,1nllsfh,Is there a  Hollywood vault featuring thousands of hours of unreleased test footage from unrealized films?,0,https://reddit.com/r/movies/comments/1nllsfh/is_there_a_hollywood_vault_featuring_thousands_of/,https://www.reddit.com/r/movies/comments/1nllsfh/is_there_a_hollywood_vault_featuring_thousands_of/,"I like to imagine a vault somewhere in Hollywood filled with unreleased test footage from films that never got made. Maybe there’s a studio insider who’s actually seen it all—like the scrapped adaptation of some book, video game, or proof of concepts. Or films that get scrapped in the middle of production or films that get made but in our shelved or destroyed.

If the public had access to that vault for just one day, the things we’d discover would be incredible.",1758333112.0,0.45,0,0,Discussion,Away_Risk1757,26,False,0,False,text
movies,1nkdzl7,New Poster for Horror-Comedy 'Coyotes' Starring Justin Long & Kate Bosworth - Follows a family who must fight for their lives while trapped in their Hollywood Hills home as a pack of coyotes targets them,214,https://reddit.com/r/movies/comments/1nkdzl7/new_poster_for_horrorcomedy_coyotes_starring/,https://i.redd.it/33gpj0ayfypf1.jpeg,,1758215077.0,0.84,214,0,Poster,MarvelsGrantMan136,57,True,1,False,image
movies,1nlqtat,Trading Places question,0,https://reddit.com/r/movies/comments/1nlqtat/trading_places_question/,https://www.reddit.com/r/movies/comments/1nlqtat/trading_places_question/,"In Trading Places, there's a famous scene where Winthrop, Valentine,Coleman and Ophelia get on a train in DC to steal a crop report from Clarence Beeks.
But they all live in Philadelphia.
How do they get to DC to get on the train with Beeks? The movie doesn't show it. How do they get there quickly enough to get tickets and get on the train in time? Do they drive? ",1758349610.0,0.42,0,0,Question,cellar-_-door,14,False,0,False,text
movies,1nks9tw,Movies that celebrate the spirit of adventure?,31,https://reddit.com/r/movies/comments/1nks9tw/movies_that_celebrate_the_spirit_of_adventure/,https://www.reddit.com/r/movies/comments/1nks9tw/movies_that_celebrate_the_spirit_of_adventure/,"What are all those fun movies that really embrace and celebrate the spirit of adventure with fun and enthusiasm? Movies like The Mummy, Sahara, Fools Gold. Stand by Me, Indiana Jones, even Inception are great too. Life of Pi and Castaway seem like adventures less by choice and are very dramatic in comparison 

Any recommendations? I’ve been on a lot of adventures recently and would like to be able to find something to relate to.

Is everyone just going to recommend the Goonies?",1758250765.0,0.74,31,0,Discussion,YoghurtDull1466,84,False,0,False,text
movies,1njk8tc,First Official Image from Shawn Levy's 'Star Wars: Starfighter' Starring Ryan Gosling & Flynn Gray,29377,https://reddit.com/r/movies/comments/1njk8tc/first_official_image_from_shawn_levys_star_wars/,https://i.redd.it/hqwbypyzjrpf1.jpeg,,1758131636.0,0.88,29377,0,Media,MarvelsGrantMan136,2538,True,1,False,image
movies,1nl5vzx,Neeraj Ghaywan’s Cannes Title ‘Homebound’ Selected as India’s Oscar Entry,3,https://reddit.com/r/movies/comments/1nl5vzx/neeraj_ghaywans_cannes_title_homebound_selected/,https://variety.com/2025/film/awards/india-oscar-entry-homebound-1236524286/,,1758293974.0,0.56,3,0,News,Fan387,1,False,0,False,text
movies,1nlf2qj,AFI Fest to Host World Premiere of ’The SpongeBob Movie: Search for SquarePants’,0,https://reddit.com/r/movies/comments/1nlf2qj/afi_fest_to_host_world_premiere_of_the_spongebob/,https://www.hollywoodreporter.com/movies/movie-news/spongebob-search-for-squarepants-world-premiere-afi-2025-1236374810/,,1758314981.0,0.45,0,0,News,BunyipPouch,1,False,0,False,text
movies,1nlqs48,Movies that aren’t directed by who you think they are,0,https://reddit.com/r/movies/comments/1nlqs48/movies_that_arent_directed_by_who_you_think_they/,https://www.reddit.com/r/movies/comments/1nlqs48/movies_that_arent_directed_by_who_you_think_they/,"With the recent controversy over HIM using Jordan Peele’s name so liberally without him directing, I was wondering what other movies might have directors commonly associated with them despite the role being filled by someone else?

One example I can think of is that “The Nightmare Before Christmas” uses Tim Burton as its literal poster-boy, but it’s actually directed by the guy who did “Coraline”

What other examples of this phenomenon are there?",1758349491.0,0.36,0,0,Discussion,SuccessfulAd3572,33,False,0,False,text
movies,1nlr8dw,Training Day,0,https://reddit.com/r/movies/comments/1nlr8dw/training_day/,https://www.reddit.com/r/movies/comments/1nlr8dw/training_day/,"I literally would be Jake in Training Day when they dug up that money…looking confused as hell when Alonzo told me to take the money and buy my wife a minivan… Bro…WHAT?! I’m so “by the book” with how I approach work that I would’ve been like wait what?? Matter fact, I would’ve walked away when he tried to get me to use drugs because wtf you talking about?!? I am NOT doing no damn drugs to be a part of whatever tf you got going on… Also, Denzel could have double crossed any member of that random crew that helped him…why involve a rookie who you don’t know to be a part of that?? Alonzo deserved to die because he was an idiot… He could have stole the money, gotten the warrant, and killed his friend at the house where the money was, with no one being the wiser and still got the money…He could have even enlisted one of his neighborhood informants… why bring this pasty rookie into the fold? Only thing that pissed me off about this movie … no police criminal would have done that… pinning this ish on a rookie on his first day of work wouldn’t have even been believable, even if he initially got away with it! In the end he would’ve been caught because why would a rookie do all this on his first day in the unit??",1758351120.0,0.27,0,0,Discussion,HotPinkSugarCookies,4,False,0,False,text
movies,1nlm7uy,ghibli's films,0,https://reddit.com/r/movies/comments/1nlm7uy/ghiblis_films/,https://www.reddit.com/r/movies/comments/1nlm7uy/ghiblis_films/,"hello! i love ghibli and it got me thinking

\-  ghibli has some of the best animation imo for in terms of lifelike ness

\- its super nostalgic and the fim score are beautiful

\- but mostly, it has this wierd etherial magestic feeling that feels otherworlddly like its something that cat never be replicated, ive genuinely seen so much animated films and nothing has ever come close to ghibli and i dont know why, idk if its just nostalgia bias but something feels magical",1758334386.0,0.45,0,0,Discussion,PlasticSpite4655,2,False,0,False,text
movies,1nldzf4,Movies set in space? Horror/thriller please,0,https://reddit.com/r/movies/comments/1nldzf4/movies_set_in_space_horrorthriller_please/,https://www.reddit.com/r/movies/comments/1nldzf4/movies_set_in_space_horrorthriller_please/,"I just had an interesting thought and I was wondering if any such movie existed. I was wondering if there are any movies set in space, where the astronauts are watching as something bad happens on earth and there's nothing they can do but just watch on horror. Zombies, nukes, stuff of that nature if that makes sense.

Also just regular horror movies set in space would be appreciated too",1758312380.0,0.5,0,0,Recommendation,DarkHorseReborn,36,False,0,False,text
movies,1nlr11x,Edge Of Tomorrow question that I would love to find an explanation for,0,https://reddit.com/r/movies/comments/1nlr11x/edge_of_tomorrow_question_that_i_would_love_to/,https://www.reddit.com/r/movies/comments/1nlr11x/edge_of_tomorrow_question_that_i_would_love_to/,"I know it's an old movie but I love it so I just rewatched it.

So... During Cage's last chance in Paris, he told the J-Squad not to kill an alpha because if it's killed, time will be reset. Now hypothetically, if an alpha was killed at that point, everyone would be reset back 24 hours. Cage would probably be reset to the scene in the helicopter where he was going to meet General Brigham. Hypothetically, if Cage was reset, would he be reset to the clueless Cage that has never seen any combat, or would he be reset to only the last time he died, essentially still keeping all his memories? It's making my brain hurt a bit so please explain ❤.",1758350398.0,0.4,0,0,Discussion,dusty_pink99,15,False,0,False,text
movies,1nkrsl7,Official Discussion - A Big Bold Beautiful Journey [SPOILERS],22,https://reddit.com/r/movies/comments/1nkrsl7/official_discussion_a_big_bold_beautiful_journey/,https://www.reddit.com/r/movies/comments/1nkrsl7/official_discussion_a_big_bold_beautiful_journey/,"#Poll

**If you've seen the film, please rate it [at this poll](https://strawpoll.ai/poll/vote/lCo3dk7MAfNq)**

**If you haven't seen the film but would like to see the result of the poll [click here](https://strawpoll.ai/poll/results/lCo3dk7MAfNq)**

#Rankings

[Click here](https://strawpoll.ai/list/ItnAgr4mX7QR) to see the rankings of 2025 films

[Click here](https://youpoll.me/list/4/) to see the rankings for every poll done

---

**Summary**
Sarah and David, strangers who meet at a wedding, soon follow directions from a mysterious GPS that lead them into magical portals. Through these doors, they relive moments from their pasts—both beautiful and painful—and perhaps find a chance to alter their futures.

**Director**
Kogonada

**Writer**
Seth Reiss

**Cast**

* Margot Robbie
* Colin Farrell
* Kevin Kline
* Phoebe Waller-Bridge
* Lily Rabe
* Jodie Turner-Smith
* Billy Magnussen
* Sarah Gadon

**Rotten Tomatoes**
Critics Score: [41%](https://www.rottentomatoes.com/m/a_big_bold_beautiful_journey)

**Metacritic**
Score: [44](https://www.metacritic.com/movie/a-big-bold-beautiful-journey/)

**VOD**
In theaters September 19, 2025

**Trailer**
[A Big Bold Beautiful Journey – Official Trailer](https://www.youtube.com/watch?v=TP3WwDjpVOA)",1758249336.0,0.77,22,0,Official Discussion,LiteraryBoner,187,False,0,False,text
movies,1nlol6r,Food in the movie Big Fish,0,https://reddit.com/r/movies/comments/1nlol6r/food_in_the_movie_big_fish/,https://www.reddit.com/r/movies/comments/1nlol6r/food_in_the_movie_big_fish/,"My wife and I have been having themed movie nights all throughout this year. We make a plan to watch one of our favorite movies, then really turn it into an event with themed clothes and food as we watch.

The next one on the docket is Tim Burton's Big Fish. I need suggestions for food/drinks to have during the movie. I was already planning on having Swedish Fish, plus some pie for the scene in Spectre. I'd like more ideas for Big Fish themed food/drinks if you have any. It could be things the characters consume in the film, or just something related to a character or scene. Thanks in advance. ",1758341933.0,0.35,0,0,Discussion,cotothed,8,False,0,False,text
movies,1nlcdtt,Animal Farm (1999) - Napoleon Mighty Leader Speech,0,https://reddit.com/r/movies/comments/1nlcdtt/animal_farm_1999_napoleon_mighty_leader_speech/,https://www.reddit.com/r/movies/comments/1nlcdtt/animal_farm_1999_napoleon_mighty_leader_speech/,"Toward the end of the film after all the commandments have been adulterated.
      
This clip is squealer approved
     
We need to praise Napoleon more in this sub for the strong leader he is. All posted clips are equal, but some are more equal than others.
     
Napoleon is always right. I must work harder.",1758308650.0,0.47,0,0,Media,Brilliant_Exit3406,3,False,0,False,text
movies,1nk4crp,PERFECT BLUE Remastered | Official 4K Trailer - In Theatres October 3,411,https://reddit.com/r/movies/comments/1nk4crp/perfect_blue_remastered_official_4k_trailer_in/,https://youtu.be/RrWausp8zDQ?si=WdQyJwvQfay1k_sC,,1758190403.0,0.9,411,0,Trailer,ScreamSmart,35,False,0,False,text
movies,1nlbows,"Plot devices/tropes that are actually fine, but bother you for some reason.",0,https://reddit.com/r/movies/comments/1nlbows/plot_devicestropes_that_are_actually_fine_but/,https://www.reddit.com/r/movies/comments/1nlbows/plot_devicestropes_that_are_actually_fine_but/,"So I’m talking about ones that shouldn’t really bug you, but do for whatever reason.

Mine would be:

- The “groundhog day” 

I’ve probably seen most of the movies that use this plot device (edge of tomorrow, Palm Springs, run Lola run, happy death day, source code etc), but no matter how well they’re done, it always feels like a drag to me. Like it just always comes off as too gimmickey…

- The family member gets separated 

Oftentimes it’s the child from the parents, so that sets up the rest of the plot going forward. This is used in a variety of genres as well and it never does it for me. No notes, it just doesn’t do it for me lol.

I want to hear yours",1758307072.0,0.48,0,0,Discussion,lickitysplithabibi,26,False,0,False,text
movies,1nk8xw7,Can Studio Comedies Make a Comeback in Movie Theaters?,187,https://reddit.com/r/movies/comments/1nk8xw7/can_studio_comedies_make_a_comeback_in_movie/,https://www.indiewire.com/news/box-office/studio-comedies-comeback-movie-theaters-box-office-1235148744/,,1758203643.0,0.84,187,0,Discussion,indiewire,65,False,0,False,text
movies,1nlq7fx,'Oppenheimer' (2023) leaves you in awe.,0,https://reddit.com/r/movies/comments/1nlq7fx/oppenheimer_2023_leaves_you_in_awe/,https://www.reddit.com/r/movies/comments/1nlq7fx/oppenheimer_2023_leaves_you_in_awe/,"Watched the film for the 3rd time recently and it continues to amaze with how much it accomplishes. You don't fully grasp the film on the first watch. It is incredible how much story Nolan packs in the 3 hour runtime.

It's a film about Oppenheimer the scientist, the man, the political figure, but it's also about the Manhatten project, it's about Strauss vs Oppenheimer, it's about determination of scientists to keep on pushing boundaries (which is not always for the best), it's about how the machinery builds heroes only to spit them out when their usefulness is over, among other things.

And all this is shown by employing a majestic score, impeccable acting, inspired editing which reminds you of the great editing work done in JFK (1991) and great cinematography. It's a film where 90% of it is about a few people talking in small rooms but the film always feel epic in scope.

Now the film has faults and is not perfect. The problem of music overpowering dialogue still is a feature of a Nolan film here and has not justification. Similarly, Nolan should have explained some aspects a bit better because some character names or events come up here of which the audience is expected to be on the know but isn't always the case. When a film requires a bit of outside research to grasp the film fully, that is not the ideal scenario.

Nolan has made many good films and a couple of questionable films too but I think Oppenheimer might just be his best which shows he is just getting better and better. It's a film that I see enduring for long.",1758347424.0,0.43,0,0,Discussion,Boss452,29,False,0,False,text
movies,1nlaip2,Tom Cruise as a dramatic actor,0,https://reddit.com/r/movies/comments/1nlaip2/tom_cruise_as_a_dramatic_actor/,https://www.reddit.com/r/movies/comments/1nlaip2/tom_cruise_as_a_dramatic_actor/,"Man, he made some great, entertaining movies. Born on The Fourth of July, Rain Man, The Firm, Jerry Maguire, Vanilla Sky, Minority Report, Eyes Wide Shut, Magnolia, Interview with the Vampire. Really just one of the greatest dramatic actors of the last few decades.

What are the odds we will ever see him in a dramatic role again?",1758304386.0,0.5,0,0,Discussion,Valuable-Pair8529,52,False,0,False,text
movies,1nkykz5,'Spacked Out' is Hong Kong’s answer to Larry Clark’s Kids,5,https://reddit.com/r/movies/comments/1nkykz5/spacked_out_is_hong_kongs_answer_to_larry_clarks/,https://www.dazeddigital.com/film-tv/article/68640/1/spacked-out-hong-kong-larry-clark-kids-90s-girlhood-teen-angst-cult-film,,1758272793.0,0.57,5,0,Article,xanaduuu,6,False,0,False,text
movies,1nk8jvj,"BOTS: TIFF Official Selection 2025 - a biting, satirical commentary on how online discourse is weaponized to divide and sow chaos",167,https://reddit.com/r/movies/comments/1nk8jvj/bots_tiff_official_selection_2025_a_biting/,https://youtu.be/75CtJktAE2w?si=tBZZc5DuNnnyAXwv,,1758202699.0,0.86,167,0,Media,ShashaAndRichAMA,11,False,0,False,text
movies,1njibu1,"Denmark has selected 'Mr. Nobody Against Putin' as its official Oscar submission for International Film. A Russian teacher secretly documents his small town school's transformation into a war recruitement center during the Ukraine invasion. Critically acclaimed at Sundance, 100% on Rotten Tomatoes.",8422,https://reddit.com/r/movies/comments/1njibu1/denmark_has_selected_mr_nobody_against_putin_as/,https://www.dfi.dk/english/denmarks-oscar-candidate-mr-nobody-against-putin,,1758127444.0,0.98,8422,0,News,BunyipPouch,65,False,0,False,text
movies,1nkdqbp,Who is someone in real life (that most people haven’t heard of) whose story is so compelling it could be turned into an amazing movie?,88,https://reddit.com/r/movies/comments/1nkdqbp/who_is_someone_in_real_life_that_most_people/,https://www.reddit.com/r/movies/comments/1nkdqbp/who_is_someone_in_real_life_that_most_people/,"My vote would be Walter Harper. This guy was a total bad ass. He was the first person to ever summit Denali. After that he followed his passion and was accepted to medical school in Philadelphia. This is made more impressive because as an Alaska Native he was breaking racial stereotypes and barriers of the time (1920s.)

Add the horrific and harrowing tale of his passing it would make a summer blockbuster. He and his wife, just married, were on a ship traveling from Skagway to Seattle to begin their journey to med school in Philadelphia. Their ship, the SS Princess Sophia, hit a reef and was grounded during a storm at night. Although several other ships came to their rescue they couldn’t help due to the weather, darkness and danger of the reef. The other ships watched helplessly as the SS Sophia slipped off the reef after a night of terror killing all 364 (to this day the PNW’s worst maritime disaster) people onboard. The only survivor was a dog that swam to shore. 

Harper’s life has a bunch of crazy things that each one could be a movie. The first to summit North America’s tallest mountain, getting in to med school at a time when racial prejudice was rampant and normal and dying in such a dramatic fashion. But most of all, he died at just 25. His whole life in front of him. A massive loss of potential. 

Who else has a life story that would make a fantastic movie?",1758214504.0,0.76,88,0,Discussion,CraigLake,207,False,0,False,text
movies,1nlui5e,Will K-Pop Demon Hunters win Oscars?,0,https://reddit.com/r/movies/comments/1nlui5e/will_kpop_demon_hunters_win_oscars/,https://www.reddit.com/r/movies/comments/1nlui5e/will_kpop_demon_hunters_win_oscars/,"It should, but I feel it won't, maybe best animation.  It got completely overlooked by critics, most dismissed it some liked it.  The story has been done more than once but the subtle nuances, storyline execution, and the music are better than anything I've seen this year.  Am I completely wrong?  Do you think the Oscars will just bung it in the animation category?",1758363498.0,0.2,0,0,Discussion,Grouchy-Cream-5251,47,False,0,False,text
movies,1nloaef,I need this question answered for Shutter Island,0,https://reddit.com/r/movies/comments/1nloaef/i_need_this_question_answered_for_shutter_island/,https://www.reddit.com/r/movies/comments/1nloaef/i_need_this_question_answered_for_shutter_island/,"So, since Teddy is supposed to be a patient of the island the entire time, why/how is he on the ferry at the very beginning?

Let me start by saying this movie does a ton of foreshadowing and pre-planning in the details on the first viewing. 

One thing I have NOT been able to figure out is why/how does Teddy not realize he’s going back to the island? 

I imagine the assumption come the end of the movie is that the island sends him away for US Marshal purposes, and he comes back to the island for the purpose of a case. 

But would Teddy not realize that he’s going to the same place he just came from? And to a lesser extent, his “partner” Chuck? (I say to a lesser extent because the film assumes that in the alternate personality of Teddy, Chuck is a character in his story and he blocks out the reality of Andrew so from that perspective it makes sense that Chuck would be there). 

I love this movie to death but for the life of me I can not figure out how it opens with Teddy on the ferry and come the end of the movie we’re either supposed to make the assumption of why he was on the ferry to begin with, or it just makes sense anyway. ",1758340925.0,0.3,0,0,Spoilers,PurpDrank02,5,False,0,False,text
movies,1nkatdd,ANEMONE - Official Trailer 2 [HD] - Only in Theaters October 3,109,https://reddit.com/r/movies/comments/1nkatdd/anemone_official_trailer_2_hd_only_in_theaters/,https://www.youtube.com/watch?v=uS7DHGFXkNY,,1758208015.0,0.88,109,0,Trailer,NoCulture3505,20,False,0,False,text
movies,1nlmsez,IP Man is the greatest martial arts movie,0,https://reddit.com/r/movies/comments/1nlmsez/ip_man_is_the_greatest_martial_arts_movie/,https://www.reddit.com/r/movies/comments/1nlmsez/ip_man_is_the_greatest_martial_arts_movie/,"Ip man is the greatest martial arts movie. It not only has great action, but patriotism as well. A man who put his whole country on his back to defend it with his skills. And with those skills he defeated 10 Japanese fighters at once. Not only to earn the respect but to show that he will not back down. ",1758336144.0,0.42,0,0,Discussion,Tall-Drummer-2887,39,False,0,False,text
movies,1nlq71l,Nobody 2 is over-hated.,0,https://reddit.com/r/movies/comments/1nlq71l/nobody_2_is_overhated/,https://www.reddit.com/r/movies/comments/1nlq71l/nobody_2_is_overhated/,"Old news I know, but I forgot to post this earlier. I’ve seen a lot of people hating on the movie since it came out and I just want to say I thoroughly disagree with that. You’re not going to go into a movie like this expecting a cinematic masterpiece, but it’s incredibly fun for what it is. It’s so tonally different from the first one that you could probably watch the second as a stand-alone film and still enjoy it. Bob Odenkirk is amazing as usual, expectedly, and if you only think of him or have seen him as Saul Goodman, then you’ll be pleasantly surprised to realize how excellent he is as an action star. 

Anyway, this film is funny, over the top, and just overall short and sweet. It doesn’t have a strong plot of course but in no way does that set it apart from others of its genre. The kills are great too. Overall, I think people are too quick to hate and this movie doesn’t deserve that. If you liked the first, or even if you haven’t seen it, well first of all you should go watch it, but do be sure to check this one out as well. You won’t regret it. 

Edit: I initially had added in the part about streaming the film/the physical release date simply because I wanted to let people know when and where to watch it. I am not affiliated with the marketing team or getting paid to promote it (if I was I’d probably be rich by now lol.)",1758347388.0,0.37,0,0,Discussion,vulpes_mortuis,26,False,0,False,text
movies,1nk97od,"'The Carpenter's Son' - New Teaser Trailer - Starring Nicolas Cage, FKA twigs, Noah Jupe & Isla Johnston - Horror-Thriller About Jesus' Childhood",109,https://reddit.com/r/movies/comments/1nk97od/the_carpenters_son_new_teaser_trailer_starring/,https://www.youtube.com/watch?v=_YP3ML9cso0&feature=youtu.be,,1758204289.0,0.79,109,0,Trailer,BunyipPouch,40,False,0,False,text
movies,1nk3qkq,"In your opinion, what is a ""failed"" movie that has a great concept and potential to be great?",229,https://reddit.com/r/movies/comments/1nk3qkq/in_your_opinion_what_is_a_failed_movie_that_has_a/,https://www.reddit.com/r/movies/comments/1nk3qkq/in_your_opinion_what_is_a_failed_movie_that_has_a/,"One aspect of movies that always interested me was concepts, every person creates their own concept of a movie, but sadly not every movie is a hit and I always wonder how a movie could be if that concept was given to other producers/directors. Especially with some movies that are great concept wise.

What are some movies you guys think?",1758188104.0,0.81,229,0,Discussion,Due-Entrepreneur-131,785,False,0,False,text
movies,1nkhcfv,"Queens of the Dead - Official Trailer | Katy O'Brian, Jack Haven",35,https://reddit.com/r/movies/comments/1nkhcfv/queens_of_the_dead_official_trailer_katy_obrian/,https://youtu.be/A_gUjCvASN4?si=R_E2sXB4zcW7H3VE,,1758222613.0,0.64,35,0,Trailer,Hokuboku,13,False,0,False,text
movies,1nlopgd,Did 9/11 and the internet change how we view movies?,0,https://reddit.com/r/movies/comments/1nlopgd/did_911_and_the_internet_change_how_we_view_movies/,https://www.reddit.com/r/movies/comments/1nlopgd/did_911_and_the_internet_change_how_we_view_movies/,"It feel that after 9/11, there was this feeling that “there can be no more fun because life is serious.”

One example that comes to mind is 2008’s “Speed Racer.” The film is not meant to be taken super-seriously, but I still remember the vibe back then feeling like people thought the Wachowskis had lost their minds, making vomiting candy-coating all over their film. Some I remember saying how they should have made a darker and grittier Speed Racer, hardened and traumatized by Rex’s death.

I also feel there was a greater element of “if this movie doesn’t work logically it sucks” out there, especially with something like 2008’s “Indiana Jones and the Kingdom of the Crystal Skull.”

I remember people poking so many holes in that, as if to say unless it’s serious and logical, it’s a poor film. The amount of hate about the fridge scene felt so ridiculous…given so many of these people accepted the raft scene in “Temple of Doom” as kids without a second thought.

Anyone else care to share? ",1758342338.0,0.24,0,0,Discussion,MWH1980,13,False,0,False,text
movies,1nlaxk3,Which film critic shares your taste in movies?,0,https://reddit.com/r/movies/comments/1nlaxk3/which_film_critic_shares_your_taste_in_movies/,https://new-wave.lovable.app/,"Hi!  So...sites like Rotten Tomatoes and Metacritic just average reviews or user scores.  I feel like this homogenizes art, which means less interesting movies get made and seen.

I wanted to know what would happen if I could align my taste in movies with a critic who shares those same tastes.  Would taking this approach lead to better and more interesting movies to watch?

I’ve built this app **“New Wave”** to try and help people find new movies by taking this critic matching approach.  I’ve gotten it to a beta stage (user can rate movies, get recommendations, match with critics and investigate those critics and movies) and I’m trying to get some feedback. 

If you’d be willing I’d love to know what you thought: did your matches interest you? Did the movie recs feel on-point?

I’m not selling anything and I’m not making any money…I just love movies and wanted to make something that helps people notice the ones that usually get missed.  As my wife and I have tested it, here are the movies we’ve discovered that we would’ve otherwise missed:

* Past Lives
* Private Life
* The Mastermind
* Bardo
* Sorry, Baby
* Nickel Boys
* American Fiction",1758305326.0,0.47,0,0,Recommendation,fartsmello_anthony,29,False,0,False,text
movies,1nlli6s,Suggest me a movie to go with my wine,0,https://reddit.com/r/movies/comments/1nlli6s/suggest_me_a_movie_to_go_with_my_wine/,https://www.reddit.com/r/movies/comments/1nlli6s/suggest_me_a_movie_to_go_with_my_wine/,"About to open an excellent bottle of 2021 Domaine de La Rivière Heritage Block Pinot Noir. Now I need a movie. Open to anything besides super heroes and horror. I have apple, hbo max, Hulu, paramount and Netflix. Hit me with your suggestions. Either your favorites or something you watched recently that you really loved. ",1758332276.0,0.42,0,0,Discussion,TheLiberalRonSwanson,61,False,0,False,text
movies,1nllrnp,The Matrix pills,0,https://reddit.com/r/movies/comments/1nllrnp/the_matrix_pills/,https://www.reddit.com/r/movies/comments/1nllrnp/the_matrix_pills/,"If you were in Neo’s situation would you take the red pill or blue pill? I think it’s an interesting thing to think about, and I want to hear everyone’s thoughts about it. I think if my life was struggling and really slow I would take the red pill, but if I was very content with where I’m at I would probably go with the blue pill",1758333048.0,0.22,0,0,Discussion,MrBib2027,15,False,0,False,text
movies,1nln598,Question for people who like hard R action movies but don't like Dredd,0,https://reddit.com/r/movies/comments/1nln598/question_for_people_who_like_hard_r_action_movies/,https://www.reddit.com/r/movies/comments/1nln598/question_for_people_who_like_hard_r_action_movies/,"Hi, I love the movie Dredd (2012) and I don't understand why it's not considered a mainstream modern classic. People love Mad Max Fury Road and John Wick, but not Dredd. Why? I showed the movie to a couple friends recently and they weren't really into it. (They were too polite to tell me they didn't like it.)

Can someone explain why some people don't like Dredd? I feel like anyone who thinks violence in movies can be cool is someone who should love Dredd. ",1758337256.0,0.2,0,0,Discussion,BurningnnTree3,20,False,0,False,text
movies,1njcitv,Official Poster for 'ANACONDA' Starring Paul Rudd & Jack Black,7066,https://reddit.com/r/movies/comments/1njcitv/official_poster_for_anaconda_starring_paul_rudd/,https://i.redd.it/qffrd4as3qpf1.jpeg,,1758114074.0,0.89,7066,0,Poster,MarvelsGrantMan136,588,True,1,False,image
movies,1nkqqg3,Favorite Needle Drops and songs you discovered through movies?,7,https://reddit.com/r/movies/comments/1nkqqg3/favorite_needle_drops_and_songs_you_discovered/,https://www.reddit.com/r/movies/comments/1nkqqg3/favorite_needle_drops_and_songs_you_discovered/,"Just watched Weapons on streaming the other night, and the opening totally caught me off guard. They used George Harrison’s “Beware of Darkness,” and it completely set the vibe before anything even happened. I ended up going down a rabbit hole with All Things Must Pass right after.  
  
It reminded me of when I first saw Donnie Darko back in the day and heard Tears for Fears’ “Head Over Heels” during that school hallway scene. That one stuck with me for years and basically introduced me to the band. Made me wonder...what are your favorite needle drops or songs you only discovered because of a movie?",1758246384.0,0.6,7,0,Discussion,gietzonline,48,False,0,False,text
movies,1nlhwt9,The 10 Best Spoof Movies of All-Time,0,https://reddit.com/r/movies/comments/1nlhwt9/the_10_best_spoof_movies_of_alltime/,https://www.indiewire.com/lists/best-parody-spoof-movies/,,1758322205.0,0.37,0,0,Discussion,indiewire,3,False,0,False,text
movies,1nlf5js,What is your favorite movie that’s based off in New York City and Los Angeles?,0,https://reddit.com/r/movies/comments/1nlf5js/what_is_your_favorite_movie_thats_based_off_in/,https://www.reddit.com/r/movies/comments/1nlf5js/what_is_your_favorite_movie_thats_based_off_in/,"So I was watching a video on instagram where this guy was walking around NYC asking people what is their favorite movie that was based in NYC and it had me thinking about the movies in LA so I wonder what are you people favorite movies that was in LA and NYC it’s no wrong answer 

My top 5 NYC movies
Paid in Full
American Gangster 
Goodfellas 
Die Hard with a vengeance 
21 Bridges 

My top 5 LA Movies
Die Hard
Beverly Hills cop 2
Pulp fiction 
Training Day
Heat
 ",1758315171.0,0.36,0,0,Question,REDEYEBANKZ330,34,False,0,False,text
movies,1njgwc8,Paul Thomas Anderson's 'One Battle After Another' - Review Thread,3530,https://reddit.com/r/movies/comments/1njgwc8/paul_thomas_andersons_one_battle_after_another/,https://www.reddit.com/r/movies/comments/1njgwc8/paul_thomas_andersons_one_battle_after_another/,"*Bob is a washed-up revolutionary who lives in a state of stoned paranoia, surviving off-grid with his spirited and self-reliant daughter, Willa. When his evil nemesis resurfaces and Willa goes missing, the former radical scrambles to find her as both father and daughter battle the consequences of their pasts.*

Cast: Leonardo DiCaprio, Teyana Taylor, Benicio Del Toro, Sean Penn, Chase Infiniti, Regina Hall

**Rotten Tomatoes:** [98%](https://www.rottentomatoes.com/m/one_battle_after_another)

**Metacritic:**  [99 / 100](https://www.metacritic.com/movie/one-battle-after-another/)

Some Reviews:

[HighOnFilms - Liam Gaughan](https://www.highonfilms.com/one-battle-after-another-2025-movie-review/) \- 5 / 5

>“One Battle After Another” is a hyperkinetic thrill ride that surprisingly never loses momentum throughout its nearly three-hour running time, yet never feels weighed down by its scope. The action has the same eye-popping practicality of “John Wick” or “Mad Max: Fury Road,” with the charm that none of its characters are particularly skilled. DiCaprio often appears as a bumbling hero in the vein of Buster Keaton or Charlie Chaplin, even if he shows a capacity for delivering snarky one-liners not seen since his work in “The Wolf of Wall Street.”

[BBC - Caryn James](https://www.bbc.com/culture/article/20250917-one-battle-after-another-review) \- 5 / 5

>Salman Rushdie, reviewing Pynchon's Vineland 35 years ago, called it ""a major political novel about what America has been doing to itself."" And at a Q&A with Anderson several weeks ago, Steven Spielberg praised the film as ""increasingly more relevant than perhaps even when you finished the screenplay"". American society, in all its strengths and missteps, has been a major theme for both Pynchon and Anderson, and it grounds Anderson's dazzler of a film, giving it an emphatic, unmistakable political charge.

[Next Best Picture - Matt Neglia](https://nextbestpicture.com/one-battle-after-another/) \- 10 / 10

>Ambitious, urgent and personal storytelling from Paul Thomas Anderson, blending many different genres to create an engaging and vital new masterwork. Relentless pacing, strong performances, technical and visual excellence, with multi-layered depth and inspiring relevance to bring about change for our overwhelmingly dark times.

[IGN - Michael Calabro](https://www.ign.com/articles/one-battle-after-another-review-leonardo-dicaprio-pta?utm_source=threads,twitter) \- 10 / 10

>Even the things PTA whole-cloth invented for the film, like the harmony transponders, Bob forgetting the code words, the Christopher Reeve Superman poster in Sensei Sergio’s dojo, semen demon, the car chases, the stunt fall off a building down a tree… There are so many little details, seemingly inconsequential touches – the filmmaker’s style, if you will – that all add up bit by bit to turn this amazing movie into a masterpiece.

[IndieWire - David Ehrlich](https://www.indiewire.com/criticism/movies/one-battle-after-another-movie-review-paul-thomas-anderson-1235151707/) \- 'A'

>With “One Battle After Another,” Anderson concedes that he’s no different than his most enduring creations. On a long enough timeline, maybe none of us are.

[The Guardian - Peter Bradshaw](https://www.theguardian.com/film/2025/sep/17/one-battle-after-another-review-paul-thomas-andersons-thrillingly-helter-skelter-counter-culture-caper) \- 5 / 5

>One Battle After Another is at once serious and unserious, exciting and baffling, a tonal fusion sending that crazy fizz across the VistaVision screen – an acquired taste, yes, but addictive. The title itself hints at an unending culture war presented as a crazily extreme action movie with superbly managed car chases and a final, dreamlike and hypnotic succession of three cars through the undulating hills. And is the central paternity crisis triangle an image for an ownership dispute around the American melting-pot dream? Maybe. These ideas are very unfashionable in the US right now, which only makes this film more interesting: it is about dissent and discontent, and the lonely heroism of not fitting in.

[RogerEbert - Brian Tallerico](https://www.rogerebert.com/reviews/one-battle-after-another-movie-review-2025) \- 4 / 4

>It’s also, crucially, a deeply humanist movie. Anderson cares about these characters deeply. Bob’s frustration becomes our own, as does his concern for Willa. So many “films of our moment” have felt angry or cynical, but Anderson’s movie transcends that by being human and even offering optimism. It’s not one loss after another. It’s one battle. Keep fighting.

[The Playlist - Rodrigo Perez](https://theplaylist.net/one-battle-after-another-review-paul-thomas-anderson-declares-war-in-thrilling-comical-moving-take-on-revolution-personal-evolutions-20250917/) \- 'A'

>From one generation to the next, the struggle endures. Fierce and unrelenting, Paul Thomas Anderson’s “One Battle After Another” burns as both an incendiary action epic and a tender family drama, alive with humor, conviction, and revolutionary spirit. And amid all its pandemonium, Sergio’s reminder that “freedom is no fear” lingers as the film’s quiet truth, a mantra passed down like a torch. Few films this year feel so vital, so breathtaking in scope and soul. Viva la revolución, indeed.

[London Evening Standard - Nick Howells](https://www.standard.co.uk/culture/film/one-battle-after-another-review-paul-thomas-anderson-leonardo-dicaprio-teyana-taylor-b1247490.html) \- 5 / 5

>What Anderson has turned out is something of a cinephile’s visual symphony. If there were Proms devoted to films instead of music in the future, One Battle After Another would be one of the first movies to join the repertoire. And yes, Oscars must be coming...

[The Telegraph - Robbie Collins](https://www.telegraph.co.uk/films/2025/09/17/one-battle-after-another-thriller-leonardo-dicaprio/) \- 5 / 5

>Eyes shielded by Terminator shades, tatty dressing gown flapping in the breeze, Leonardo DiCaprio tumbles through One Battle After Another looking like he’s fighting several conflicts simultaneously, on physical and mental fronts...This madcap urban warfare thriller has heists, showdowns and two of the best car chases in years.

[Empire - Alex Godfrey](https://www.empireonline.com/movies/reviews/one-battle-after-another/) \- 5 / 5

>In years to come, when this appears on TV late at night, it’ll be impossible to switch off. It’s just one of those films. A stone-cold, instant classic.

[Associated Press - Jake Coyle](https://apnews.com/article/one-battle-after-another-review-pta-dicaprio-354b5503260e63ff724a7ab8847d946c) \- 100 / 100

>“One Battle After Another,” as a major studio release clattering with straightforward representations of racism, xenophobia and vigilantism, is an exception in almost every way to modern-day Hollywood. I’m sure that will bring debate, just as any good movie does. And I’m sure some will find its American portrait muddled and chaotic. But those aspects feel true, too, just as does the movie’s abiding fighting spirit.

[SlashFilm - Chris Evangelista](https://www.slashfilm.com/1661135/greatest-character-actors-all-time-ranked/) \- 10 / 10

>I don't think anyone would classify Anderson as an action filmmaker, but ""One Battle After Another"" is propulsive, loaded with shootouts and a lengthy car chase finale that's so intense and exciting that I felt like I was going to get out of my seat and start pacing around the theater to calm the hell down. Are you even allowed to make movies like this anymore, on this sort of grand scale? I don't know, but Paul Thomas Anderson has done it. Viva la revolución.

[The Independent - Clarisse Loughrey](https://www.independent.co.uk/arts-entertainment/films/reviews/one-battle-after-another-review-leonardo-dicaprio-b2828827.html) \- 5 / 5

>For all of *One Battle After Another*’s formalist pleasures – its humour, its pace, its grandeur – what feels the most striking about it, in this apocalyptic now, is the hope that it chooses to leave us with. Every battle, out on the streets and inside hearts, will have been worth it one day.

[The Atlantic - David Sims](https://www.theatlantic.com/culture/archive/2025/09/one-battle-after-another-movie-review/684262/) \- 100 / 100

>Yes, an all-powerful government might be sending soldiers to its citizens’ doorstep, but *One Battle After Another* is about once-dispirited people searching for the will to best and survive them—perhaps regardless of whether their means are moral. More often than not, they succeed. So, too, does the film: It’s an emotional, visceral triumph.

",1758124314.0,0.97,3530,0,Review,ChiefLeef22,705,False,0,False,text
movies,1nleg5v,"Rat Race question: How did Enrico Pollini interpret ""we're hauling ass""?",0,https://reddit.com/r/movies/comments/1nleg5v/rat_race_question_how_did_enrico_pollini/,https://www.reddit.com/r/movies/comments/1nleg5v/rat_race_question_how_did_enrico_pollini/,"So the joke was that the driver was saying ""we're hauling ass"" in the ""we're going fast"" sense, but Enrico Pollini took it literally.



The question is, *how* literally did he take it? Did he think they were transporting sex workers, or did he think they were transporting a donkey? If the former, why would he not expect a medical vehicle to attract more attention instead of less, and if the latter, what possible medical value did he think transporting animals would have?",1758313480.0,0.38,0,0,Discussion,ContextEffects01,6,False,0,False,text
movies,1nl12sk,"Susan Hayward and Bette Davis did not get along with one another when they did ""Where Love Has Gone"" (1964): Both hated each other and it was reflected onscreen",0,https://reddit.com/r/movies/comments/1nl12sk/susan_hayward_and_bette_davis_did_not_get_along/,https://www.reddit.com/r/movies/comments/1nl12sk/susan_hayward_and_bette_davis_did_not_get_along/,"Based on Harold Robbins thinly veiled take off on the Lana/Cheryl/Johnny scandal, ""Where Love Has Gone"",  Susan Hayward plays a wayward sculptor with a troubled teen... Joey Heatherton! A little-seen actor plays gigolo/Johnny. Mike Connors is the husband/father. And BETTE Davis plays the dragon mother-in-law! More camp than a Boy Scout jamboree!

Bette Davis took this trash for the cash for trash daughter BD's wedding... no good deed goes unpunished!

Unlike Miriam Hopkins and Joan Crawford, Susan Hayward was tough as nails and didn't allow Bette Davis to bully her on set.

These two hated each other. At one point during the filming, feeling she was being upstaged by Hayward, Bette tore off her wig and threw it at Hayward, screeching ""Miss Hayward, why don't you play both our roles!"" Hayward walked away, muttering bitch, bitch, bitch under her breath. Davis: ""What did you say, Miss Hayward?!"" Apparently Susan wheeled around and screamed ""Bitch! And that's what you are! Just an old BITCH!""

Davis paid back by rolling her eyes at Hayward's big emotional scene. Davis never got over the fact that she was playing Hayward's mother when there was a nine year difference. 

They don't make divas like these anymore. Pity!",1758281594.0,0.48,0,0,Discussion,LaserDiscCurious,0,False,0,False,text
movies,1nkv5ap,Non-popular movies from the 50/60s/70s that were ahead of their time in terms of acting / cinematography?,1,https://reddit.com/r/movies/comments/1nkv5ap/nonpopular_movies_from_the_5060s70s_that_were/,https://www.reddit.com/r/movies/comments/1nkv5ap/nonpopular_movies_from_the_5060s70s_that_were/,"Ever feel like you've seen everything already and need to 'go back' in time to find something fresh?

Just curious if there are movies from the 70s and back, which were *not* avant-garde but also naturalistic and felt 'real'?

I qualify it as 'not avant-garde' only because, I assume those sorts of movies might be experimental in some other way that overshadows everything else.

**Example:**

[Wanda](https://en.wikipedia.org/wiki/Wanda_\(film\))",1758259813.0,0.52,1,0,Discussion,_II_I_I__I__I_I_II_,38,False,0,False,text
movies,1nlh51l,Kingsman : The Secret Service (2014),0,https://reddit.com/r/movies/comments/1nlh51l/kingsman_the_secret_service_2014/,https://www.reddit.com/r/movies/comments/1nlh51l/kingsman_the_secret_service_2014/,"

Man where do I start?

For one, this movie totally took me by surprise. Had it not been playing as I was at a friends house I’d have never gave it a chance.

Like Valentine, I’ve always been a huge fan of the bond films. 

I wanted to be bond. I’d wake up at 6am before school every morning and watch Golden Eye religiously while I drank my coffee.

Pierce Brosnan’s Bond was my role model and affected how I carried myself and how I viewed myself. 

The choreography.
Right at the jump there’s some great action to likes of John Wick with Lancelot showing up and with his suave demeanor and lines 
I could tell right off the bat, 

This is bond. A self aware copy cat but damn good nailing the bond persona and I bought it.

And with choreography like this this is sure to be 10/10 bond movie because none of James Bond films actually have any action close to what is displayed in the first few minutes of this opening scene

I could have easily watched the entire run time with just Lancelot.

But then plot twist he’s split in fucking half! 

By an even more badass foe

Gazelle. 

Don’t know if I’ve ever seen a more badass henchmen than Gazelle. 

I’m not sure what her motivations are which add intrigue. Whenever she’s on screen I try get a read on her

Not sure what her motivations are but we don’t need to know her motives for this work.

She is Valentine’s right hand and personal body guard.

A femme fatale in the true sense of the term. 

Lancelot was a badass. Took out a room of goons John Wick style with ease and then our expectations are subverted as he’s split in half

No plot armor here. 

And what I like about kingsman is that it really is an agency of people just like Bond. So you can have multiple James Bond like characters.

In Golden Eye I always thought 006 was kind of a wasted opportunity.

I always found it fascinating seeing Bond with another 00 in the opening of Goldeneye 

It felt realistic. For these insane missions I feel like you’d send at least a few or at least a couple competent agents and not just one man.

Making the Bond movies lean into the unstoppable one man army trope.

We only get to see Bond with 006 for a few minutes but I totally bought it and I totally bought Bonds anger and grief as his fellow 00 is gunned down in front of him

But since then I always wondered “where are the rest of the 00’s?” 

Why is Bond the only one we ever see? If this is an agency then surely you’ve got more agents that should be just as capable.

So in my head canon I just always assumed there were other agents on their own missions and were just seeing things involving Bond. Even though that’s not true.

But with multiple kingsman you can actually have some die but somewhat realistic here. 

Bottom line : Bond doesn’t really die but kingsmen can.
Which raises the stakes

And of course I love the self awareness. The old Bond movies are even brought up mid conversation between Galahad and Valentine 

Valentines plot/conspiracy theory/realism 

Was heavy into conspiracy theories at the time and I 100% bought what Valentine was doing and chalked up his plot to disclosure.

Something that could  and most likely is happening.

Maybe not exactly as portrayed in the film but close enough. In fact too close for comfort.

Valentines motivations are 100% logical and also too close for comfort. Asking the audience if what he’s doing is actually the right thing to do. 

His mentality is also interesting.

He’s gives off a vibe of a nerd that was picked on in school, he’s a black man with a hip hop style with the baseball cap to the side. 

A gimmick but adds to his character. And he could easily be anyone of our tech giants today. Elon Musk. Zuckerberg. Bezos. 

He’s an exaggerated version of any one of these people and that’s what really brings it home. 

How far fetched really is someone like Richmond Valentine? 

If you ask me, not far at all…
And this part of what I like about even just this one character. 

The motivations : this “villain” in this narrative is actually trying to save the world. 

And from we’ve gathered from global warming and climate change it doesn’t look like things are going to get better and like Galahad says in the movie… 

We’re going to feel the effects no matter what we do at this point.



And that’s real.
Adding actual meaning to a character and the movie as a whole. 

Are the Kingsmen really in the right here? Sure Valentine and all his corrupt baddies are dead. But as it stands, the earth is still overpopulated and prone to negative impacts 

Valentine was trying to save the world long term. While the kingsmen saved the world… but only for today.

Which asks us all that question 

Are we going to stand up for what’s right even if it results in our destruction long term?

In the kingsmen’s eyes that answer is yes.

And again, I love Valentines character. He can’t stomach violence yet is the mastermind behind this mass culling. It’s brilliant!

He isn’t a psychopath.
Can’t praise this character enough.

The cull. With all major world leaders, an elite 1% and our own president waiting idle while the planet commits mass homicide I can’t help but believe this is exactly what would happen if not will.

And the free SIM cards. Like the saying goes “if it’s free, you are the product”

Like Facebook, was free and took the world by storm only later to be accused of spying and archiving your information even after you delete or deactivate.


Edward Snowden, blowing the whistle on the NSA conducting mass surveillance in the masses and using our personal devices in unethical ways.

The literal free phones everywhere now. You only need and ID and SS number to get a free smart phone free of charge.


I’m not saying that our SIM cards are going mind control is into harming each other for a mass culling but there’s clearly some similarities here.


I could go on and on about this movie but this post would be too long. 

The church scene is an epic feat of cinema. By far one the most amazing fight sequences in a movie that I’d put in comparison to Zack Snyder’s BVS Batman warehouse fight.

Have you ever seen an elite agent go postal and go through 40 people? 

Well, you have now. 

This scene truly demonstrates how deadly a Kingsman is. 

Valentine is a true A tier villain. Outsmarting the Kingsmen and Harry.

The look on Harry’s face when Valentine walks out of the changing booth at the tailor shop with the musical que says “gotcha”

Was cool to see a kingsman outplayed like that.

The dialogue is great. 
“Professor Arnold… ya know not a lot of people knew about him…. You like spy movies Mr.Devere?…”

“Lox as in smoked fish?” 

“As in…locked up” 

And… Valentine killed Harry (at least not counting the other films to a certain point they weren’t made yet)

And playing it for a sick joke. 
Your blown away Valentine just killed one of the main characters but can’t help but chuckle that Valentine needs to turn away and ask Gazelle if he’s dead playing into his character

And the end fight is just more icing on the cake like I said I could go on and on. 

Haven’t seen Golden Circle yet


",1758320180.0,0.35,0,0,Discussion,Funny_Seaweed_4709,8,False,0,False,text
movies,1nldc52,I have a question about how watching something affects me,0,https://reddit.com/r/movies/comments/1nldc52/i_have_a_question_about_how_watching_something/,https://www.reddit.com/r/movies/comments/1nldc52/i_have_a_question_about_how_watching_something/,"Im trying to put a name to the way watching form of medie(movies and TV shows) alters my personality and emotional state.(some times it make me feel a bit cheesy)
When i watch a movie about lets say vampires( interview with a vampire) i notice my mannerisms change and kind of mimic that of the characters or when I watch a scene of a father/ husband watch as his wife and daughter are killed i can almost put myself in that exact moment I can feel the pain and loss. 
Now I do know that is the intention of most media, to get you to feel a characters pain, but I feel it almost to a personal level to the point of where a scene like that make me almost mournful for days as if I had actually lost someone I loved.
Now I know about the term ""empath"" but people you call themselves empaths tend to be dramatic being like "" oh im an empath so I can feel you pain"" to generalize them being rude and not truly empathetic. Is there another term for what I feel?
OR am I just dramatic/nuts",1758310849.0,0.33,0,0,Discussion,WeeklyMood9368,13,False,0,False,text
movies,1nllcob,Why is everyone so damn stupid in The Departed?!,0,https://reddit.com/r/movies/comments/1nllcob/why_is_everyone_so_damn_stupid_in_the_departed/,https://www.reddit.com/r/movies/comments/1nllcob/why_is_everyone_so_damn_stupid_in_the_departed/,"
Don’t get me wrong, Scorsese is a master filmmaker, and the movie is entertaining and well written in terms of the flow and keeping the audience engaged. Characters have great dialogue and the acting is on point…

But holy crap everyone is so damn stupid! (IMO)

A breakdown of why that is in no special order, just how I remember these events and why they make no sense;

- Sullivan is caught several times on suspicious phone calls, calling family during a sting when there’s clearly a rat in the unit? Or the lawyer scene when he turns off the camera and used the other cops phone to have the perp call Costello? 
- Queenan is absolutely sure he’s not being followed when he goes to meet at 344 Wash? He goes to some weird meet on the rooftop of a building and makes no calls, doesn’t tell Dignam, doesn’t make a call to the department to let them know, nothing, just waits to be killed?
- The police boys in the car following Queenan know something is up, and follow Sullivan’s orders and it never occurs to anyone that Sullivan is the rat?
- Captain Ellerby fires Dignam over the suspicious Sullivan?The guy with all the locked files, leaving the undercovers to rot? 
- He trusts Sullivan more than Dignam who’s been there longer?? Who is obviously the one can testify the most to Queenans not being a rat? 😳 
- Even Costello, what, he trusted Costigan more than anyone else? Why the hell would he? Because of that conversation at the bar? Dude is new, Sullivan has shown him nothing but loyalty, it makes no sense to me.


But the worst of all is Costigan IMO…
Holy cow,
- When he’s following Sullivan down the alleyway what the hell is that? His phone rings (of course he didn’t put it on mute during an important undercover investigation), and he has a gun, but doesn’t run up on the guy and arrest him.
- He tells Queenan about it, but Queenan or Costigan have no interest in using their minds to check street cameras? How long does it take Sullivan to get to the precinct after that? Costigan can’t call Queenan and be like “check the tapes right now he’s been spotted on camera!” ? Would take 2 seconds!
- He goes to the precinct and is obviously believed right away as he’s placed in a cubicle waiting to be paid out. All he has to do is talk to the other cops!
- when he sees Sullivan on the computer, all he has to do is stop the guy and call the other cops over. Sure he’ll get arrested but with a bunch of screaming about look at the computer, look at my file, they’ll see it right away!
Instead he allows Sullivan to erase his file and flees. 
- He’s given all the Costello tapes and his only idea is to apprehend Sullivan a million miles away from safety?
How hard would it be to go to a lawyer and go together to the precinct? He knows who the rat is, it’s not Ellerby, just go to him and bring the tapes. Done. With everything he knows and his story it’ll be absolutely easy to place Sullivan as the rat.


- Now back to Dignam, the one guy who can help Costigan, a detective, can’t find Costigan on his own when he leaves the unit to team up with him? What in the hell, dude, your guy is out there all alone!
After Costello dies, just find the fucking guy it can’t be all that hard. Leave word with someone, something! 
No contingency plan, just screw Costigan, he’s on his own.
- And yet with all he knows, and can prove, he won’t go to the precinct and explain things to Ellerby. He instead performs a hit on Sullivan and allows the rat to get a bagpipe funeral with all the trimmings.
I thought Dignam was smaht and just playing bad cop for some reason the whole time. Queenan needed someone like Dignam I thought, that’s why let’s him run his mouth, as a mindfuck to keep people in line.
Think about it, how many times does Queenan stay quiet and lets Dignam put pressure on Costigan, then comes in real nice and tells him, “Do this for me?” Queenan was either using Billy, or was an idiot and the way he died tells me he wasn’t smaht.

Anyway, Dignam was really just an asshole the whole time and I think Dignam only killed Sullivan over Queenan. He had no interest in helping Costigan, his beef with him was real the whole time.

I won’t get into the therapist. I can’t even wrap my head around how she was assigned Costigan (assigned by who?!) when she normally doesn’t see people like him, but nobody thinks to go to her when shit falls apart.

I don’t know man, I love the Departed as a movie. It’s really awesome! But it’s also filled with the dumbest people I’ve ever seen in a movie of this type.

Or can you give me a reason I’m not seeing why this was supposed to be this way? Maybe I’m not getting something, a hidden meaning in the film that is about the stupidity or vulnerability of mankind?

I don’t know… Maybe I’m just not that smaht…",1758331816.0,0.36,0,0,Discussion,nyneteen84,17,False,0,False,text
movies,1nlh3ir,Why are English dubs so literal?,0,https://reddit.com/r/movies/comments/1nlh3ir/why_are_english_dubs_so_literal/,https://www.reddit.com/r/movies/comments/1nlh3ir/why_are_english_dubs_so_literal/,"Does anyone else find it jarring when a foreign language film or tv show is translated into English but absolutely literally? It always ends up with language sounding too formal, or unnatural. Do studios just not bother with having a natural English speaker validate the script and tweak it to come across more naturally?

Does this happen when English media is dubbed in other languages too?

  
",1758320066.0,0.3,0,0,Discussion,RedditEngDictionary,26,False,0,False,text
movies,1nkrycz,Unofficial Discussion - The Senior,5,https://reddit.com/r/movies/comments/1nkrycz/unofficial_discussion_the_senior/,https://www.reddit.com/r/movies/comments/1nkrycz/unofficial_discussion_the_senior/,"Playing in theaters

Synopsis: At age 59, Mike Flynt may be too old to be on a college football field, but not too old to feel the weight of unfinished business. After nearly four decades, he returns to his alma mater to take the hit that changed everything. Bruised, doubted, and nearly broken, he pushes for one more game, not for glory, but for the teammates he lost, the family he fractured, and the ending he still believes is possible.

Rotten Tomatoes score: 92%
IMDb score: 7.1/10

Cast:

Michael Chiklis as Mike Flynt
Mary Stuart Masterson as Eileen Flynt
Brandon Flynn as Micah Flynt
Rob Corddry as Sam Weston
Terayle Hill as Jamal Johnson
Corey Knight as Jeremy Cartwright

Directed by: Rod Lurie",1758249817.0,0.62,5,0,Discussion,UniverslBoxOfficeGuy,20,False,0,False,text
movies,1nkdnm9,"The Lost Bus — Official Trailer 2 | Apple TV+ | In select theaters in NY, LA, and London September 19",26,https://reddit.com/r/movies/comments/1nkdnm9/the_lost_bus_official_trailer_2_apple_tv_in/,https://youtu.be/kQFiO88d_gk,,1758214339.0,0.7,26,0,Trailer,Task_Force-191,7,False,0,False,text
movies,1njneqa,Coolest bit in a movie ruined by a decision in post?,1145,https://reddit.com/r/movies/comments/1njneqa/coolest_bit_in_a_movie_ruined_by_a_decision_in/,https://www.reddit.com/r/movies/comments/1njneqa/coolest_bit_in_a_movie_ruined_by_a_decision_in/,"There's a scene in the James Bond film series where Bond has to jump a collapsed, bent bridge, and the vehicle makes a corkscrew movement. Composer John Barry made an IMO terribly misguided (and I'm told in his opinion too) choice with the music for the scene: 

[https://www.youtube.com/watch?v=NaqXxC0rhSw](https://www.youtube.com/watch?v=NaqXxC0rhSw)

It's so widely disliked that people have gone to the trouble of redubbing it: 

  
[https://www.youtube.com/watch?v=tm42quSaQ6A](https://www.youtube.com/watch?v=tm42quSaQ6A)

So what scenes like this come to mind for you?   
",1758138748.0,0.93,1145,0,Discussion,OatSoyLaMilk,340,False,0,False,text
movies,1nliwwr,"I am in search of what YOU, r/Movies, would consider to be the ""best"" movie theater in all of the state of Texas. Any recommendations welcome!",0,https://reddit.com/r/movies/comments/1nliwwr/i_am_in_search_of_what_you_rmovies_would_consider/,https://www.reddit.com/r/movies/comments/1nliwwr/i_am_in_search_of_what_you_rmovies_would_consider/,"So here's the idea...my moviegoing group (essentially just me, my girlfriend and a good friend of ours) are planning on taking a road trip when the next 'Dune' film releases and making a fun event out of it. The current plan is to see the movie at whatever theater is determined to be the ""best"" movie theater in the state of Texas (obviously a bit subjective, but you get me).   
  
I was hoping to get any recommendations from you guys here at r/Movies and see if there's somehow a common denominator amongst responses. Thank you ahead of time for taking the time to read, at the very least :)",1758324819.0,0.3,0,0,Question,OphidianCollective,4,False,0,False,text
movies,1nl30ga,"New Posters for the Re-Release of ""Avatar: The Way of Water""",0,https://reddit.com/r/movies/comments/1nl30ga/new_posters_for_the_rerelease_of_avatar_the_way/,https://imgur.com/a/vSFTwTw,,1758287037.0,0.49,0,0,Poster,KillerCroc1234567,9,False,0,False,text
movies,1nkmrhg,Best tearjerker scene of all time?,7,https://reddit.com/r/movies/comments/1nkmrhg/best_tearjerker_scene_of_all_time/,https://www.reddit.com/r/movies/comments/1nkmrhg/best_tearjerker_scene_of_all_time/,"Is it in Schindlers List? Or Sophie’s Choice?
I personally thing that some of the best tear jerkers are in comedies (Liar Liar, Click, etc.)

My personal favorite is the car scene between Cole and his mom in The Sixth Sense. “She saw you dance” wrecks me every time. And the acting is God tier. 

What scene do you guys think hits the hardest?",1758235396.0,0.56,7,0,Discussion,ljthun01,170,False,0,False,text
movies,1nl8jvf,Looking for 90s & older movies,0,https://reddit.com/r/movies/comments/1nl8jvf/looking_for_90s_older_movies/,https://www.reddit.com/r/movies/comments/1nl8jvf/looking_for_90s_older_movies/,"Howdy folks!

I've been on a quest lately to no longer be the person that always gets the reaction, ""You've never seen that?!"" So, I've been better at keeping up with the more recent movies and going back through some of the bigger ones in the 2000s, however I'm:

A. Getting tired of all the formulaic stuff

B. Still a ""You've never seen that?!"" person for a large range of movies.

To that end, I'm looking for recommendations on movies I should watch from the early to mid 90s and before.

Some movies from this timeframe I've recently-ish enjoyed:

Taxi Driver

Glengarry Glen Ross

The Naked Gun

Goodfellas

Halloween

Alien

Nightmare on Elm Street

If you have post-90s movies you think are need-to-watch I will also still look into them. Also, given we're fast approaching October, Halloween recommendations in general are encouraged!

TL;DR: Please recommend older movies to me!rest!

Edit: So many recommendations! Thank you everyone! I started this journey last night with The Fifth Element. That was some deliciously 90s Sci-Fi.",1758299944.0,0.4,0,0,Recommendation,Keboh3,60,False,0,False,text
movies,1nlgttc,Film Materialists would be better as a short film than a movie.,0,https://reddit.com/r/movies/comments/1nlgttc/film_materialists_would_be_better_as_a_short_film/,https://www.reddit.com/r/movies/comments/1nlgttc/film_materialists_would_be_better_as_a_short_film/,"Film Materialists grooves on the concept of ""modern"" dating, the vulnerability of tags and terms, and the human condition called loneliness. However, I don’t see it as worthy of acclaimed movie material because of its lack of storyline and the constant spoon-feeding of dialogue and reasons.

Dakota was insanely pretty as a person, and her acting shone equally bright on the screen. I could have easily watched her for another hour. Both male actors were good in their roles, though their parts felt smaller compared to everything else happening. It was the best kind of “average” movie, with a very up-to-date theme. I liked how it intertwined capitalism, dating, and the awful sides of human nature together. It’s the combination of things that defines us rather than just one!

The metamorphosis of emotions in these lines—or the realization of them—sums up the whole movie:
FROM: I’m breaking up with you not because I don’t love you, but because we are broke.
TO: I’m breaking up with you because I am an awful human being.

",1758319363.0,0.29,0,0,Discussion,niketax_,5,False,0,False,text
movies,1nkjjr9,Why Kathryn Bigelow’s ‘A House of Dynamite’ Could Ignite an Explosive Oscars Comeback,9,https://reddit.com/r/movies/comments/1nkjjr9/why_kathryn_bigelows_a_house_of_dynamite_could/,https://variety.com/2025/film/awards/kathryn-bigelow-a-house-of-dynamite-oscars-1236522331/,,1758227641.0,0.58,9,0,Article,Professional-Trip-08,2,False,0,False,text
