subreddit,post_id,post_title,post_score,post_url,post_content_url,post_text,timestamp,post_upvote_ratio,post_ups,post_total_awards_received,post_link_flair_text,post_author,post_num_comments,has_images,num_images,is_gallery,content_type
Music,1npcqr1,Pokémon Blasts DHS for Using ‘Gotta Catch ’Em All’ Song in ICE Raid Campaign | pokémon denies granting homeland security permission for social media posts,4053,https://reddit.com/r/Music/comments/1npcqr1/pokémon_blasts_dhs_for_using_gotta_catch_em_all/,https://newsrepublic.co.uk/2025/09/24/pokemon-blasts-dhs-for-using-gotta-catch-em-all-song-in-ice-raid-campaign/,,1758721981.0,0.94,4053,0,article,Royal_Beast_2025,145,False,0,False,text
Music,1npifl3,"Paramore and Hayley Williams join “No Music for Genocide"" boycott",1716,https://reddit.com/r/Music/comments/1npifl3/paramore_and_hayley_williams_join_no_music_for/,https://consequence.net/2025/09/paramore-hayley-williams-israel-boycott/,,1758734988.0,0.92,1716,0,article,YoureASkyscraper,165,False,0,False,text
Music,1npcljn,Carol Kaye Is Being Honored by the Rock & Roll Hall of Fame. She Doesn’t Care.,698,https://reddit.com/r/Music/comments/1npcljn/carol_kaye_is_being_honored_by_the_rock_roll_hall/,https://www.nytimes.com/2025/09/24/arts/music/carol-kaye-rock-and-roll-hall-of-fame.html,,1758721629.0,0.96,698,0,article,ebradio,75,False,0,False,text
Music,1npdtkr,Woody Guthrie - All You Fascists Bound To Lose [Folk],197,https://reddit.com/r/Music/comments/1npdtkr/woody_guthrie_all_you_fascists_bound_to_lose_folk/,https://www.youtube.com/watch?v=VwcKwGS7OSQ,,1758724556.0,0.96,197,0,music,Remarkable_Corner_83,5,False,0,False,text
Music,1npibo9,P Diddy accused of sexually abusing celebrity stylist in new lawsuit,115,https://reddit.com/r/Music/comments/1npibo9/p_diddy_accused_of_sexually_abusing_celebrity/,https://www.themirror.com/entertainment/celebrity-news/p-diddy-deonte-nash-lawsuit-1408678,,1758734732.0,0.95,115,0,article,TheMirrorUS,8,False,0,False,text
Music,1nokhb4,"White House Posts Video of ICE Arrests Set to Pokémon Theme Song: ""Gotta Catch 'Em All""",23257,https://reddit.com/r/Music/comments/1nokhb4/white_house_posts_video_of_ice_arrests_set_to/,https://consequence.net/2025/09/white-house-tiktok-ice-arrests-pokemon-theme-song/,,1758641309.0,0.92,23257,0,article,ebradio,1362,False,0,False,text
Music,1npchug,Dua Lipa denies ‘categorically false’ report that she fired her agent over anti-Kneecap stance,167,https://reddit.com/r/Music/comments/1npchug/dua_lipa_denies_categorically_false_report_that/,https://www.theguardian.com/music/2025/sep/24/dua-lipa-denies-categorically-false-report-that-she-fired-her-agent-over-anti-kneecap-stance,,1758721372.0,0.92,167,0,article,mrjohnnymac18,6,False,0,False,text
Music,1npei8y,"NEIL YOUNG, LANA DEL REY, BECK TO HEADLINE ‘HARVEST MOON’ CHARITY CONCERT",82,https://reddit.com/r/Music/comments/1npei8y/neil_young_lana_del_rey_beck_to_headline_harvest/,https://www.rollingstone.com/music/music-news/neil-young-beck-harvest-moon-concert-1235433346/,,1758726138.0,0.91,82,0,article,astralrig96,1,False,0,False,text
Music,1noui0f,"Shirley Manson blames record industry ""thievery"" for forcing Garbage to make a drastic decision on touring",1247,https://reddit.com/r/Music/comments/1noui0f/shirley_manson_blames_record_industry_thievery/,https://www.loudersound.com/bands-artists/this-is-the-last-time-were-going-to-get-on-a-bus-and-tour-all-over-north-america-shirley-manson-blames-record-industry-thievery-for-forcing-garbage-to-make-a-drastic-decision-on-touring,,1758664135.0,0.96,1247,0,article,ebradio,197,False,0,False,text
Music,1np2bzw,The Cranberries - Linger [Indie Rock],315,https://reddit.com/r/Music/comments/1np2bzw/the_cranberries_linger_indie_rock/,https://youtu.be/G6Kspj3OO0s,,1758686112.0,0.94,315,0,music,blackmoose,48,False,0,False,text
Music,1npc613,Favourite albums by an artist with only a single full length album.,49,https://reddit.com/r/Music/comments/1npc613/favourite_albums_by_an_artist_with_only_a_single/,https://www.reddit.com/r/Music/comments/1npc613/favourite_albums_by_an_artist_with_only_a_single/,"For one reason or another some artists only end up releasing a single full length album and then a member of the group either passes away, they disband, or any other of a host of reasons they stop making music together.

What are some of your favourite albums?

In my mind I don't include super groups in this, but feel free to if they are your favourite albums.

Some of mine, in no particular order, are:

- Quiet World by Native Construct
- Population: Declining by Hail the Villain
- Gossip Diet by Lotus Child",1758720546.0,0.88,49,0,discussion,heliosaurid,245,False,0,False,text
Music,1npgkhm,Brian May Is Planning a Sphere Residency for Queen: 'The stuff that we could bring to this would be stupendous',22,https://reddit.com/r/Music/comments/1npgkhm/brian_may_is_planning_a_sphere_residency_for/,https://www.vulture.com/article/queen-sphere-residency-brian-may.html,,1758730754.0,0.86,22,0,article,Level-Recording3368,11,False,0,False,text
Music,1np773v,What group had the most tonal shift /genre switch in music between their albums?,81,https://reddit.com/r/Music/comments/1np773v/what_group_had_the_most_tonal_shift_genre_switch/,https://www.reddit.com/r/Music/comments/1np773v/what_group_had_the_most_tonal_shift_genre_switch/,"For example almost all the piooner Doom/death metal bands had this happen. 

Example the influential British doom band  Paradise Lost halfway through their career began making alt-rock pop hits. 

From [this](https://youtu.be/t9XzCWeIn-E?si=FeKdPuhuNhWlQMQZ)

To [this](https://youtu.be/ahIs4GX4yos?si=P6cptPyX3biwAYGc) 

And back to [this](https://youtu.be/55XlIPzY5q0?si=MHK5IIqUosMWl7M_)",1758704422.0,0.9,81,0,discussion,Internal-Physics-749,294,False,0,False,text
Music,1np33vt,Natalie Imbruglia - Torn [Pop],182,https://reddit.com/r/Music/comments/1np33vt/natalie_imbruglia_torn_pop/,https://youtu.be/VV1XWJN3nJo,,1758688718.0,0.9,182,0,music,blackmoose,32,False,0,False,text
Music,1npaafk,‘Bohemian Rhapsody’ at 50! Brian May and Roger Taylor on Queen’s Masterpiece,43,https://reddit.com/r/Music/comments/1npaafk/bohemian_rhapsody_at_50_brian_may_and_roger/,https://www.rollingstone.com/music/music-features/queen-bohemian-rhapsody-50th-anniversary-1235423897/?utm_source=edit-vip,,1758715460.0,0.85,43,0,article,Commercial_Avocado86,3,False,0,False,text
Music,1npf15i,Bad Religion - American Jesus [Punk],13,https://reddit.com/r/Music/comments/1npf15i/bad_religion_american_jesus_punk/,https://www.youtube.com/watch?v=12kcpP-8jfM,,1758727312.0,1.0,13,0,music,ariasimmortal,0,False,0,False,text
Music,1npb554,Vernon Reid breaks down his melting-pot writing approach and the poignant symbolism of his Reverend guitars,19,https://reddit.com/r/Music/comments/1npb554/vernon_reid_breaks_down_his_meltingpot_writing/,https://www.guitarworld.com/artists/guitarists/vernon-reid-hoodoo-telemetry,,1758717872.0,0.84,19,0,article,dalyllama35,0,False,0,False,text
Music,1np0hfc,Why do I feel so embarrassed walking with my guitar on campus?,128,https://reddit.com/r/Music/comments/1np0hfc/why_do_i_feel_so_embarrassed_walking_with_my/,https://www.reddit.com/r/Music/comments/1np0hfc/why_do_i_feel_so_embarrassed_walking_with_my/,"Hey, I am a girl and I play guitar at myuniversity in some clubs and when I walk onto campus for rehearsals with my guitar I feel like an absolute loser. I feel like a poser, and attention seeker, I feel like everyone is judging me and thinking things about me. Its so bad it makes me want to quit playing. Along with this, I also go to a pretty preppy school and there isnt much ""alt"" culture here at all. Any advice or comments about this would be appreciated.",1758680462.0,0.68,128,0,discussion,DogPhysical5797,249,False,0,False,text
Music,1nphujv,Guns N' Roses - Nightrain (live) [Hard Rock],8,https://reddit.com/r/Music/comments/1nphujv/guns_n_roses_nightrain_live_hard_rock/,https://youtu.be/3Vg-I-LJYxY?si=wcqSIBCRQ4mkAzZ4,,1758733649.0,1.0,8,0,music,ZombieJesus1987,0,False,0,False,text
Music,1np0my6,"Girl, You Have No Faith In Medicine - White Stripes [Rock]",97,https://reddit.com/r/Music/comments/1np0my6/girl_you_have_no_faith_in_medicine_white_stripes/,https://m.youtube.com/watch?v=0mWM0S1dMro,,1758680908.0,0.95,97,0,music,MrsSynchronie,9,False,0,False,text
Music,1nodnu8,Live Nation CEO Says Concerts Are 'Underpriced.' Are They?,1662,https://reddit.com/r/Music/comments/1nodnu8/live_nation_ceo_says_concerts_are_underpriced_are/,https://www.rollingstone.com/music/music-news/live-nationceo-concerts-aunderpriced-are-they-1235432347/,,1758623052.0,0.9,1662,0,article,HellYeahDamnWrite,583,False,0,False,text
Music,1nphyxl,björk - stonemilker (360 degree virtual reality) [pop],5,https://reddit.com/r/Music/comments/1nphyxl/björk_stonemilker_360_degree_virtual_reality_pop/,https://www.youtube.com/watch?v=gQEyezu7G20,,1758733925.0,1.0,5,0,music,factchecker01,0,False,0,False,text
Music,1npgc3c,Woman jailed for fraud scheme to steal Graceland from Elvis Presley's family,6,https://reddit.com/r/Music/comments/1npgc3c/woman_jailed_for_fraud_scheme_to_steal_graceland/,https://www.nme.com/news/music/woman-jailed-for-fraud-scheme-to-steal-graceland-from-elvis-presleys-family-3894864,,1758730236.0,0.87,6,0,article,AdSpecialist6598,0,False,0,False,text
Music,1nop4t4,"Iron Maiden, Limp Bizkit, Marilyn Manson, Etc. Booked For 2026 'Resurrection Fest'",326,https://reddit.com/r/Music/comments/1nop4t4/iron_maiden_limp_bizkit_marilyn_manson_etc_booked/,https://www.theprp.com/2025/09/23/news/iron-maiden-limp-bizkit-marilyn-manson-etc-booked-for-2026-resurrection-fest/,,1758651768.0,0.87,326,0,article,EmployOk5086,95,False,0,False,text
Music,1npjb54,Love Was Made for Us - Party Beats [Country/Romantic],4,https://reddit.com/r/Music/comments/1npjb54/love_was_made_for_us_party_beats_countryromantic/,https://youtu.be/-81Moa1pz1g,,1758737014.0,1.0,4,0,music,farmforsale,0,False,0,False,text
Music,1npbtqm,I miss 90s Sneaker Pimps,9,https://reddit.com/r/Music/comments/1npbtqm/i_miss_90s_sneaker_pimps/,https://www.reddit.com/r/Music/comments/1npbtqm/i_miss_90s_sneaker_pimps/,"I miss 90s Sneaker Pimps,Chris and Liam's music.
Of course I love Keli's vocal,but more than that  the songs 2 guys created are amazing.
Chris is coquettish and flashy, on the other hand Liam is plain(the other two too,but their performance is so nice)
I've loved their world.
I'm so sad they don't have relationship anymore😢
Does anyone else have the same opinion?

 ",1758719676.0,0.76,9,0,discussion,coteoruet,4,False,0,False,text
Music,1npaedl,Soundgarden - Room A Thousand Years Wide [Grunge],9,https://reddit.com/r/Music/comments/1npaedl/soundgarden_room_a_thousand_years_wide_grunge/,https://youtu.be/p4nNvXvrWlE?si=EEF05pBDh3db4wJs,,1758715776.0,0.91,9,0,music,EmployOk5086,1,False,0,False,text
Music,1noovki,Most influential bands that are still largely obscure?,244,https://reddit.com/r/Music/comments/1noovki/most_influential_bands_that_are_still_largely/,https://www.reddit.com/r/Music/comments/1noovki/most_influential_bands_that_are_still_largely/,"After being very into music for a while I realized just how many ridiculously influential bands and artists are still very much unknown by the general public. I'm interested in just how many of these I haven't heard of.

Some I know (and love) that I'd say fit this bill: Suicide, Big Star, Bam Bam, Todd Edwards, Throbbing Gristle, Wire, The Damned, Neu!",1758651187.0,0.88,244,0,discussion,nyan_cat321,842,False,0,False,text
Music,1np88fd,Ian Dury & The Blockheads - I Want To Be Straight [punkrock],13,https://reddit.com/r/Music/comments/1np88fd/ian_dury_the_blockheads_i_want_to_be_straight/,https://youtu.be/VcoKJdo1LQk?si=Ectn8RMJgEXZRQbO,,1758708502.0,0.88,13,0,music,lobroblaw,0,False,0,False,text
Music,1npenfs,Christopher Cross - Ride Like The Wind [soft rock],6,https://reddit.com/r/Music/comments/1npenfs/christopher_cross_ride_like_the_wind_soft_rock/,https://www.youtube.com/watch?v=kA9uaBqvRtA&pp=ygUkcmlkZSBsaWtlIHRoZSB3aW5kIGNocmlzdG9waGVyIGNyb3Nz,,1758726451.0,0.8,6,0,music,Secure-Ad8213,4,False,0,False,text
Music,1np0rf4,De La Soul -  Me Myself and I [Hip-Hop],42,https://reddit.com/r/Music/comments/1np0rf4/de_la_soul_me_myself_and_i_hiphop/,https://www.youtube.com/watch?v=zR9AlcgL6_0,,1758681271.0,0.95,42,0,music,StephieDoll,1,False,0,False,text
Music,1no42g6,Gwar and Riot Fest in hot water following on stage antics of beheading Donald Trump and Elon Musk,4627,https://reddit.com/r/Music/comments/1no42g6/gwar_and_riot_fest_in_hot_water_following_on/,https://lambgoat.com/news/49662/gwar-and-riot-fest-in-hot-water-following-on-stage-antics-of-beheading-donald-trump-and-elon-musk/,,1758589683.0,0.93,4627,0,article,imatmydesknow,477,False,0,False,text
Music,1noofys,Missouri woman is sentenced in brazen and blundering attempt to steal Graceland,195,https://reddit.com/r/Music/comments/1noofys/missouri_woman_is_sentenced_in_brazen_and/,https://www.nbcnews.com/news/us-news/missouri-woman-sentenced-brazen-blundering-attempt-steal-graceland-rcna212741,,1758650227.0,0.97,195,0,article,nbcnews,6,False,0,False,text
Music,1np901d,Online music purchasing options,8,https://reddit.com/r/Music/comments/1np901d/online_music_purchasing_options/,https://www.reddit.com/r/Music/comments/1np901d/online_music_purchasing_options/,I do not subscribe to streaming service and prefer to purchase digital music online. I have found a site called 7Digital that appears to sell single tracks and albums (like Google Play Music used to do). Has anyone had any experience with them? Are they a legit music seller? I am in Canada. Thanks!,1758711307.0,0.83,8,0,discussion,Tapindouble,9,False,0,False,text
Music,1npgeml,Album Review: Payroll Giovanni – If Not Me Then Who...Growth Infused with Real Detroit Street Music,3,https://reddit.com/r/Music/comments/1npgeml/album_review_payroll_giovanni_if_not_me_then/,https://hiphophighsociety.com/2025/09/24/album-review-payroll-giovanni-if-not-me-then-who/,,1758730391.0,1.0,3,0,article,yungfella85,0,False,0,False,text
Music,1npjssv,The Dropkick Murphys - Fields of Athenry [Celtic Punk],2,https://reddit.com/r/Music/comments/1npjssv/the_dropkick_murphys_fields_of_athenry_celtic_punk/,https://www.youtube.com/watch?v=5t6HQ4npbG4,,1758738120.0,1.0,2,0,music,ZoteTheMitey,0,False,0,False,text
Music,1npjk86,Specific type of hip hop song,1,https://reddit.com/r/Music/comments/1npjk86/specific_type_of_hip_hop_song/,https://www.reddit.com/r/Music/comments/1npjk86/specific_type_of_hip_hop_song/,"Over the years I’ve heard lots of hip hop songs that use this type of concept but I’m hoping you guys have some more you like. I enjoy rap songs that are built just like telling a story. Examples 

Dance with the devil-immortal technique 
Rewind-Nas
Three little pigs- Joyner Lucas 
We all cry together- Kendrick Lamar 
Snitch- Joyner Lucas 

Does anybody have some other songs that are constructed in this manor that they like and is there any specific name or sub genre for hip hop songs like this?",1758737580.0,0.67,1,0,discussion,New-Pain-7143,3,False,0,False,text
Music,1npjfuj,Florence + The Machine - One Of The Greats [indie] (Official Visualizer),2,https://reddit.com/r/Music/comments/1npjfuj/florence_the_machine_one_of_the_greats_indie/,https://youtu.be/t7XL4ehHoE0?si=Z5Dml-94l6HK_r2I,,1758737313.0,1.0,2,0,music,LRClam,0,False,0,False,text
Music,1np8kbi,Faye Wong : Fuzao 浮躁 Album Review,8,https://reddit.com/r/Music/comments/1np8kbi/faye_wong_fuzao_浮躁_album_review/,https://www.reddit.com/r/Music/comments/1np8kbi/faye_wong_fuzao_浮躁_album_review/,"
I’ve not really looked into many albums in different languages other than English other than Los Ángeles (by Rosalía) and Windswept Adan (by Ichiko Aoba) to be honest, even though they’re both great albums I enjoy. But recently i’ve been trying to find the best albums there are in other languages, which is when I came across this.

 
There are no words to describe how genuinely surprised I was by this album, I had heard only one Faye Wong song before this and although I liked it, it was nothing like this album. First off, i’ll start with saying how experimental and ahead of its time this album sounds, there are times where I just can’t believe it was released in 1996, the production and the singing are very bold and adventurous, and it’s clear that Faye is a very experienced singer, some of the vocals on this thing are stunning, and the album isn’t afraid to completely let loose, the title track: Fuzao 浮躁 features made up combinations of sound but manages to still be beautiful, same with the following track: Imagine 想像. If you don’t know Chinese and are unsure, you should search up the english meaning of the lyrics, but even so, you can enjoy the album without any translation, it’s one of those pieces of music that transcends language. 


Track Ranking:

1. 分裂 Divide (10/10)


2. 無常 Impermanence (10/10)


3. 想象 Imagine (10/10)


4. 浮躁 Fuzao (Restlessness) (9/10)


5. 末日 Doomsday (9/10)


6. 墮落 Decadence (8.5/10)


7. 哪兒 Where (8/10)


8. 掃興 Disappointment (8/10)


9. 野三坡 Yesanpo (8/10)


10. 不安 Unease (8/10)


Overall rating: 99-100/100 , Incredible experience

",1758709738.0,0.9,8,0,discussion,Eightcell-butreddit,3,False,0,False,text
Music,1np5kk6,Music albums I can listen from beginning to end,13,https://reddit.com/r/Music/comments/1np5kk6/music_albums_i_can_listen_from_beginning_to_end/,https://www.reddit.com/r/Music/comments/1np5kk6/music_albums_i_can_listen_from_beginning_to_end/,"Hey everyone. Which are those albums for you?
Here is my list

Wolf Alice the clearing

Pink Floyd The dark side of the moon

dj shadow Endtrodoucing 

MF DOOM Mm food 

rage against the machine

The black keys Brother

TMV deloused in the comatorium

Mogwai hardcore will never die but you will 

Slowdive souvlaki

Interpol turn on the bright lights
 
The velvet underground & Nico
 
UNKLE war stories

Daughters you won’t get what you want

Radiohead OK computer

I am letting off some others of the same artists listed but I omitted them to avoid repetitions in the list",1758697673.0,0.68,13,0,discussion,FriendlyTelevision15,69,False,0,False,text
Music,1nphwp4,Broadcast - Unchanging Window / Chord Simple [indie psychedelia electronica],2,https://reddit.com/r/Music/comments/1nphwp4/broadcast_unchanging_window_chord_simple_indie/,https://youtu.be/ayAppfTW1ms,,1758733787.0,1.0,2,0,music,philament,0,False,0,False,text
Music,1nohad3,Viagra Boys - Pyramid of Health [Post Post Punk],326,https://reddit.com/r/Music/comments/1nohad3/viagra_boys_pyramid_of_health_post_post_punk/,https://www.youtube.com/watch?v=4m3bZOljFEY,,1758633814.0,0.96,326,0,music,MooseMalloy,35,False,0,False,text
Music,1noy5ru,Soundgarden - Searching With My Good Eye Closed [Grunge],42,https://reddit.com/r/Music/comments/1noy5ru/soundgarden_searching_with_my_good_eye_closed/,https://youtu.be/fzPr8iDB8gk,,1758673816.0,0.93,42,0,music,blackmoose,5,False,0,False,text
Music,1npdqcf,East 17 - House Of Love [Progressive House/Hip House] (1992),3,https://reddit.com/r/Music/comments/1npdqcf/east_17_house_of_love_progressive_househip_house/,https://www.youtube.com/watch?v=41c9Tw3HV-U,,1758724347.0,1.0,3,0,music,LynnButterfly,0,False,0,False,text
Music,1npgxsi,5 Seconds Of Summer - NOT OK [Punk],2,https://reddit.com/r/Music/comments/1npgxsi/5_seconds_of_summer_not_ok_punk/,https://youtu.be/1LV_NEtpF9Q?si=t0F7utTM__LPPXxs,,1758731590.0,0.76,2,0,music,josuecolina837,0,False,0,False,text
Music,1nnzq25,MAGA Is Mad at GWAR,4971,https://reddit.com/r/Music/comments/1nnzq25/maga_is_mad_at_gwar/,https://consequence.net/2025/09/maga-is-mad-at-gwar/,,1758577897.0,0.93,4971,0,article,ebradio,560,False,0,False,text
Music,1npaf2v,Silly Goose - Split [Nu Metal],3,https://reddit.com/r/Music/comments/1npaf2v/silly_goose_split_nu_metal/,https://youtu.be/2kWRPTYzGMo?si=GmQxWkF3MU-blcjK,,1758715835.0,0.81,3,0,music,EmployOk5086,1,False,0,False,text
Music,1np0si7,Massive Attack - Unfinished Sympathy  [Trip Hop],23,https://reddit.com/r/Music/comments/1np0si7/massive_attack_unfinished_sympathy_trip_hop/,https://youtu.be/ZWmrfgj0MZI,,1758681362.0,0.9,23,0,music,djsoomo,1,False,0,False,text
Music,1np9suo,Tommy Dorsey & His Orchestra - I'll Never Smile Again [Jazz] (1940),4,https://reddit.com/r/Music/comments/1np9suo/tommy_dorsey_his_orchestra_ill_never_smile_again/,https://www.youtube.com/watch?v=xVH7i-QmoHU,,1758713966.0,1.0,4,0,music,ScallionSmooth9491,0,False,0,False,text
Music,1norbc1,"Volbeat, Iron Maiden, The Cure, Bring Me The Horizon & More Booked For 2026 'Nova Rock' Festival",67,https://reddit.com/r/Music/comments/1norbc1/volbeat_iron_maiden_the_cure_bring_me_the_horizon/,https://www.theprp.com/2025/09/23/news/volbeat-iron-maiden-the-cure-bring-me-the-horizon-more-booked-for-2026-nova-rock-festival/,,1758656731.0,0.93,67,0,article,EmployOk5086,19,False,0,False,text
Music,1npjt2s,Kat Kikta - Was It Almost Love? [dream pop],0,https://reddit.com/r/Music/comments/1npjt2s/kat_kikta_was_it_almost_love_dream_pop/,https://youtu.be/7yzr0MeeFgQ?si=10I3nIZjttkxjpRi,,1758738137.0,0.5,0,0,music,katkikta,0,False,0,False,text
Music,1nokf2a,Pearl Jam - Do The Evolution [Grunge],140,https://reddit.com/r/Music/comments/1nokf2a/pearl_jam_do_the_evolution_grunge/,https://youtu.be/aDaOgu2CQtI?si=Wg3ZesjjUs6gA5bf,,1758641168.0,0.93,140,0,music,GSturges,18,False,0,False,text
Music,1npjodr,Nick Drake - Pink Moon [Folk] (1972),1,https://reddit.com/r/Music/comments/1npjodr/nick_drake_pink_moon_folk_1972/,https://youtu.be/ZgHdUeMHTwc?si=dLfJZYZbf7fL9Txc,,1758737844.0,1.0,1,0,music,dragonoid296,0,False,0,False,text
Music,1npdnt9,Why does the first online recording of Subways Of Your Mind sound different to the one released by FEX,2,https://reddit.com/r/Music/comments/1npdnt9/why_does_the_first_online_recording_of_subways_of/,https://www.reddit.com/r/Music/comments/1npdnt9/why_does_the_first_online_recording_of_subways_of/,"Incase you don't know Subways Of Your Mind is also known as The Most Mysterious Song on the Internet (https://youtu.be/zPGf4liO-KQ?si=RcIPP7zCDHxpQIJo) it sounds ""punchy"" and more snappy than the demo released by FEX (https://youtu.be/KgKKcz5sjSY?si=glgTaso7JBAbLf0V). 

Is that because the first video was recorded in a way which distorted the audio in that way or was it intentional, which is why the Demo would be missing the distortion?",1758724187.0,0.75,2,0,discussion,Affectionate_End_952,2,False,0,False,text
Music,1nnskxe,‘No F*cking Way’: Pop Star Harry Styles Crushes Berlin Marathon in 2:59:13 While Running in Disguise,9298,https://reddit.com/r/Music/comments/1nnskxe/no_fcking_way_pop_star_harry_styles_crushes/,https://newsrepublic.co.uk/2025/09/22/no-fcking-way-pop-star-harry-styles-crushes-berlin-marathon-in-25913-while-running-in-disguise/,,1758561551.0,0.94,9298,0,article,Royal_Beast_2025,440,False,0,False,text
Music,1npjc4x,Kit Sebastian - Certain Things You Can't Explain (I'll Just Let Myself Go) [Pop],1,https://reddit.com/r/Music/comments/1npjc4x/kit_sebastian_certain_things_you_cant_explain_ill/,https://www.youtube.com/watch?v=K_axtmVIVO0,,1758737077.0,1.0,1,0,music,mimoguz,0,False,0,False,text
Music,1npjb1m,Radiohead - Karma Police [cover],0,https://reddit.com/r/Music/comments/1npjb1m/radiohead_karma_police_cover/,https://youtu.be/6-ySAdV1I50,,1758737008.0,0.33,0,0,music,Happenstance_music,0,False,0,False,text
Music,1npj7rt,Rainbow Kitten Surprise - Cocaine Jesus [alt indie],1,https://reddit.com/r/Music/comments/1npj7rt/rainbow_kitten_surprise_cocaine_jesus_alt_indie/,https://youtu.be/vxmEQnjU7Gc?si=09Qe0N9kfjEhtjuh,,1758736809.0,1.0,1,0,music,d3rk2007,0,False,0,False,text
Music,1npd2he,Anyone have a good way to scan sheet music from a book?,2,https://reddit.com/r/Music/comments/1npd2he/anyone_have_a_good_way_to_scan_sheet_music_from_a/,https://www.reddit.com/r/Music/comments/1npd2he/anyone_have_a_good_way_to_scan_sheet_music_from_a/,"I want a way to scan my sheet music from a book without stressing the spine too much or tearing the pages out. Anyone have a good app, ideally free, that I can scan the music from?

The end goal is really to make a copy of it so if there’s a website or something with a good song library I’d be open to that too.

Thanks in advance!",1758722752.0,1.0,2,0,discussion,Nobody_real_forreal,2,False,0,False,text
Music,1npiuzp,Guitar amps,0,https://reddit.com/r/Music/comments/1npiuzp/guitar_amps/,https://www.reddit.com/r/Music/comments/1npiuzp/guitar_amps/,So whenever I’m online looking at guitar tutorials or covers I’m always seeing people use amps online (DAWS) rather than in person live amps. Is there a big difference between online amps and real life amps? Online amps sound a lot more like the song rather than in person apps. Is there a main DAW people use for their amps online and why they prefer DAW over live amp?,1758735984.0,0.5,0,0,discussion,RevolutionaryBad4227,3,False,0,False,text
Music,1nosuh0,"Review & setlist: Elvis Costello was tender, tired, and ultimately triumphant at MGM Music Hall",47,https://reddit.com/r/Music/comments/1nosuh0/review_setlist_elvis_costello_was_tender_tired/,https://www.boston.com/culture/concert-reviews/2025/09/23/review-setlist-elvis-costello-mgm-music-hall-boston/,,1758660238.0,0.85,47,0,article,Valery_Dreamy,4,False,0,False,text
Music,1npiqmo,parallel,1,https://reddit.com/r/Music/comments/1npiqmo/parallel/,https://suno.com/s/QXSlpZ192fIg50SA,,1758735702.0,1.0,1,0,article,Ok-Neighborhood2276,0,False,0,False,text
Music,1npiqfa,Wye Oak - We Belong (Pat Benatar Cover) [Indie],1,https://reddit.com/r/Music/comments/1npiqfa/wye_oak_we_belong_pat_benatar_cover_indie/,https://www.youtube.com/watch?v=LDSxQTFFhYY,,1758735688.0,1.0,1,0,music,h2g2Ben,0,False,0,False,text
Music,1npiokr,"⚠️ ADVERTENCIA: Solo para los verdaderos amantes del hardstyle. Esto es ""Wasteland Warrior"".",0,https://reddit.com/r/Music/comments/1npiokr/advertencia_solo_para_los_verdaderos_amantes_del/,https://www.reddit.com/r/Music/comments/1npiokr/advertencia_solo_para_los_verdaderos_amantes_del/,"[https://youtu.be/a29xrsUXtJc](https://youtu.be/a29xrsUXtJc)

⚠️ ADVERTENCIA: Solo para los verdaderos amantes del hardstyle. Esto es ""Wasteland Warrior"". 👊 ¡Revienta el botón de LIKE! 🔗 Únete a la legión en Spotify: \[Tu Link Aquí\] 📸 Sigue la rebelión en Instagram: \[Tu Instagram Aquí\] Este track es un himno para el fin del mundo. Un sonido crudo y distorsionado inspirado en los festivales como Defqon.1 y Qlimax. Siente el poder del kick a 150 BPM. #Hardstyle #Rawstyle #150BPM #HardDance #Defqon1 #Qlimax #Hardcore #Gabber #HardstyleFamily #DistortedKick",1758735568.0,0.5,0,0,discussion,VegetableBear5276,0,False,0,False,text
Music,1npiga4,Astroform - Summer on Kepler452b,1,https://reddit.com/r/Music/comments/1npiga4/astroform_summer_on_kepler452b/,https://www.reddit.com/r/Music/comments/1npiga4/astroform_summer_on_kepler452b/,"Ventilating Stress with Signals After Everyone’s Asleep


When my wife and son are asleep, I open Ableton. I’ve been using Live for ~20 years, but after a few years off I came back last year because I needed a way to ventilate stress from work. Composing in the traditional sense never stuck with me. What does: wiring data into sound.

I’m a quantified-self geek, because data helps me optimize my life. I came to an idea to turn that into music. So I transformed various date points into signals that represents various aspects of music.

Here’s simplified example to give you the idea:

- Meeting durations → filter sweeps & LFO speeds
- GChat pings/hour → delay jitter
- Incident counts → FM harshness & distortion
- Typing rhythm → hi-hat density
- Even cosmic radio bursts → flanger depth

Multiply this by 100 and that what it looks like.

The result isn’t a fixed genre. Calm days end up slow burning. Chaotic weeks twist into drum’n’bass or post-dubstep edges. Most nights it feels like listening to a weather report from another galaxy.

After a while, I realized I really like it and the “products” sort of represent my state of mind. Also I am pretty picky for music and my favorite artists are almost there but not completely. 

Long story short I decided to put it out there. Made up a cool name and put it out there.

https://on.soundcloud.com/WmwnuuWX9D40IumlDH

I’m pretty passive redditor so I don’t really know it this a place for getting feedback, but I’d be grateful for one.",1758735034.0,1.0,1,0,discussion,v1b3dev,0,False,0,False,text
Music,1nnlqan,"Singer D4vd Is Apparently the Sole Moderator of His Own Subreddit, Deleting Posts Critical of Him Amid LAPD Investigation Into Teen’s Death",42637,https://reddit.com/r/Music/comments/1nnlqan/singer_d4vd_is_apparently_the_sole_moderator_of/,https://www.tvfandomlounge.com/singer-d4vd-apparently-deleting-posts-critical-of-him/,,1758545797.0,0.94,42637,0,article,StarshipGhost,2134,False,0,False,text
Music,1nphz92,"Rush - 2112 (Live at Massey Hall, Toronto, 1976) [Progressive Rock]",1,https://reddit.com/r/Music/comments/1nphz92/rush_2112_live_at_massey_hall_toronto_1976/,https://www.youtube.com/watch?v=k031k3bCIrg,,1758733946.0,0.99,1,0,music,MileenasFeet,1,False,0,False,text
Music,1np0j9d,"Pink Floyd - Shine On You Crazy Diamond, Pts. 1-6 (Live At Wembley, 1974) [Psychedelic/Progressive Rock]",16,https://reddit.com/r/Music/comments/1np0j9d/pink_floyd_shine_on_you_crazy_diamond_pts_16_live/,https://www.youtube.com/watch?v=QLWA76PCCr8,,1758680608.0,0.99,16,0,music,MileenasFeet,0,False,0,False,text
Music,1nphjni,Teo Aydın - Sen de git [Turkish Arabesk] (2025),1,https://reddit.com/r/Music/comments/1nphjni/teo_aydın_sen_de_git_turkish_arabesk_2025/,https://m.youtube.com/watch?v=xqWCcTjOnIU,,1758732977.0,1.0,1,0,music,GeleceginIzindeBilim,0,False,0,False,text
Music,1np8uyx,Beach House – Space Song [Dream Pop],3,https://reddit.com/r/Music/comments/1np8uyx/beach_house_space_song_dream_pop/,https://www.youtube.com/watch?v=RBtlPT23PTM,,1758710815.0,1.0,3,0,music,Additional_Worker479,0,False,0,False,text
Music,1nph6is,"Mariah Carey talks new album, family loss and resilience: ""I don't know how I processed it""",0,https://reddit.com/r/Music/comments/1nph6is/mariah_carey_talks_new_album_family_loss_and/,https://www.cbsnews.com/news/mariah-carey-talks-new-album-family-loss-and-resilience-i-dont-know-how-i-processed-it/,,1758732149.0,0.5,0,0,article,CBSnews,7,False,0,False,text
Music,1np61mj,Jay Reatard - Fluorescent Grey [Indie] (Deerhunter Cover),5,https://reddit.com/r/Music/comments/1np61mj/jay_reatard_fluorescent_grey_indie_deerhunter/,https://www.youtube.com/watch?v=Nlq1CwOhSyY,,1758699604.0,1.0,5,0,music,Frank-Sincatra,0,False,0,False,text
Music,1npfz8v,Fastyle - Dragon Ball AF Beat [EPIC PHONK],0,https://reddit.com/r/Music/comments/1npfz8v/fastyle_dragon_ball_af_beat_epic_phonk/,https://youtu.be/8tLEWSkAH4Q?si=gS6DA2ajNK3Ff28q,,1758729462.0,0.33,0,0,music,yujirohanma69,0,False,0,False,text
Music,1npfz3a,What are your thoughts on this cover? (Ave Maria),0,https://reddit.com/r/Music/comments/1npfz3a/what_are_your_thoughts_on_this_cover_ave_maria/,https://www.reddit.com/r/Music/comments/1npfz3a/what_are_your_thoughts_on_this_cover_ave_maria/,"I just uploaded yesterday a video on Youtube of me covering the song Ave Maria. The version I covered is originally sung by Vitas, he takes the Ave Maria pray and uses the Schubert composed melody to create his final product, I really like how lovely and mellow his voice sounds on this song (Search for ""Vitas - Ave Maria 2003"", so you can find specifically which performance of his I was going for.) So I covered it! Let me know what do you think about it. :)
https://youtu.be/6YgZolEmAFA?si=NKNacwqLmcP6wC1A",1758729452.0,0.33,0,0,discussion,singedhextec74,0,False,0,False,text
Music,1np7yia,U96 - Club Bizarre [Techno],3,https://reddit.com/r/Music/comments/1np7yia/u96_club_bizarre_techno/,https://www.youtube.com/watch?v=jTWOG3IqU-s,,1758707478.0,1.0,3,0,music,Doener23,0,False,0,False,text
Music,1nnn57a,GWAR ‘Beheads’ Elon Musk and ‘Murders’ Trump During Riot Fest Music Performance as Critics Say It ‘Normalizes Violence’,11346,https://reddit.com/r/Music/comments/1nnn57a/gwar_beheads_elon_musk_and_murders_trump_during/,https://newsrepublic.co.uk/2025/09/22/gwar-beheads-elon-musk-and-murders-trump-during-riot-fest-music-performance-as-critics-say-it-normalizes-violence/,,1758549319.0,0.96,11346,0,article,Royal_Beast_2025,1049,False,0,False,text
Music,1npfmyk,The Smile - You Will Never Work In Television Again [Art Rock],1,https://reddit.com/r/Music/comments/1npfmyk/the_smile_you_will_never_work_in_television_again/,https://youtu.be/-EB5NhI2RQQ?feature=shared,,1758728700.0,1.0,1,0,music,thisolddog1,0,False,0,False,text
Music,1nombee,South Korean court sues social media user for defaming virtual K-Pop band Plave,71,https://reddit.com/r/Music/comments/1nombee/south_korean_court_sues_social_media_user_for/,https://www.nme.com/news/music/south-korean-court-sues-social-media-user-for-defaming-virtual-k-pop-band-plave-3894617,,1758645426.0,0.86,71,0,article,AdSpecialist6598,6,False,0,False,text
Music,1notbt5,Blondie - Rapture [new wave],33,https://reddit.com/r/Music/comments/1notbt5/blondie_rapture_new_wave/,https://youtu.be/pHCdS7O248g?feature=shared,,1758661348.0,0.95,33,0,music,tk2old,1,False,0,False,text
Music,1npesxp,An original,1,https://reddit.com/r/Music/comments/1npesxp/an_original/,https://www.reddit.com/r/Music/comments/1npesxp/an_original/,So I don't have an instrument to play but I know how notes sound and how to make sheet music does someone have an app/website that could convert my sheet music to mp3? Or know someone who could play it? ,1758726792.0,1.0,1,0,discussion,Shoddy_Jacket315,2,False,0,False,text
Music,1npe4yw,Blue Salt - Weird Feeling [indie rock] (2025),1,https://reddit.com/r/Music/comments/1npe4yw/blue_salt_weird_feeling_indie_rock_2025/,https://youtu.be/WJwRYgpKXU0?si=NmEB4t4OlshubQ4_,,1758725289.0,1.0,1,0,music,Ogierrr,0,False,0,False,text
Music,1npdypv,Anastasia Minster - Solaris [Tarkovsky],1,https://reddit.com/r/Music/comments/1npdypv/anastasia_minster_solaris_tarkovsky/,https://youtu.be/p-DkSReNXpU?si=CBHYFUzH_F7WWATk,,1758724892.0,1.0,1,0,music,waitingforthelion,0,False,0,False,text
Music,1npdwym,Kent Burnside - Daddy Told Me [Blues],0,https://reddit.com/r/Music/comments/1npdwym/kent_burnside_daddy_told_me_blues/,https://www.youtube.com/watch?v=LvC0bAOjUf8,,1758724779.0,0.5,0,0,music,MrZombified,0,False,0,False,text
Music,1np8wsk,Spite - NEW WORLD KILLER [Metalcore],2,https://reddit.com/r/Music/comments/1np8wsk/spite_new_world_killer_metalcore/,https://youtu.be/d5I2MKOEI8Y?si=Fj12O02cyr2DyGvk,,1758710988.0,1.0,2,0,music,EmployOk5086,0,False,0,False,text
Music,1npdm01,First Music Video Alr Got 1.5K On Yt,0,https://reddit.com/r/Music/comments/1npdm01/first_music_video_alr_got_15k_on_yt/,/r/shareyourmusic/comments/1npddac/first_music_video_alr_got_15k_on_yt/,,1758724060.0,0.5,0,0,article,Lazy-Minute306,0,False,0,False,text
Music,1np8kdq,rhoadsnate - Pulling Two Back [pop],2,https://reddit.com/r/Music/comments/1np8kdq/rhoadsnate_pulling_two_back_pop/,https://social.tunecore.com/linkShare?linkid=kq5C57wEQvMjSW1xnF3n4w,,1758709745.0,1.0,2,0,article,music__mind,0,False,0,False,text
Music,1npcz1i,Veronica Maggio - Jag Kommer [Indie-Pop Rock] (2011),0,https://reddit.com/r/Music/comments/1npcz1i/veronica_maggio_jag_kommer_indiepop_rock_2011/,https://www.youtube.com/watch?v=VjZwz3yxS9I,,1758722524.0,0.5,0,0,music,LynnButterfly,0,False,0,False,text
Music,1npchv9,Hugo Moura - Caçado na Madrugada [folk rock] 🇧🇷,1,https://reddit.com/r/Music/comments/1npchv9/hugo_moura_caçado_na_madrugada_folk_rock/,https://youtu.be/YMkUBViHQzs,,1758721374.0,1.0,1,0,music,Aurora_CineArte,0,False,0,False,text
Music,1nny74v,"Rock band, Gwar, 'behead' Elon Musk and 'murder' Trump in controversial stage show",1874,https://reddit.com/r/Music/comments/1nny74v/rock_band_gwar_behead_elon_musk_and_murder_trump/,https://www.themirror.com/entertainment/celebrity-news/rock-band-behead-elon-musk-1404945,,1758574203.0,0.92,1874,0,article,TheMirrorUS,215,False,0,False,text
Music,1npchbt,Ilegales - La Morena [Merengue House/Hip House] (1995),1,https://reddit.com/r/Music/comments/1npchbt/ilegales_la_morena_merengue_househip_house_1995/,https://www.youtube.com/watch?v=haICulxAmlQ,,1758721336.0,1.0,1,0,music,LynnButterfly,0,False,0,False,text
Music,1npbzme,Proyecto Uno - El Tiburón [Merengue House/Hip House] (1995),1,https://reddit.com/r/Music/comments/1npbzme/proyecto_uno_el_tiburón_merengue_househip_house/,https://www.youtube.com/watch?v=4Qy0vs80T5M,,1758720095.0,1.0,1,0,music,LynnButterfly,0,False,0,False,text
Music,1np7kex,I need help finding a specific song,2,https://reddit.com/r/Music/comments/1np7kex/i_need_help_finding_a_specific_song/,https://www.reddit.com/r/Music/comments/1np7kex/i_need_help_finding_a_specific_song/,"YouTube recommended it to me a while ago and I haven’t been able to find it since and it’s driving me crazy. The song is kind of centered around the notes a, g, d, d, with the lyrics for a and g being “I am,” and the two d’s take up a two syllable word that sounds something like the word broken, or something else. The song has a female singer that sounds kind of like the cranberries. The genre is something like alt rock from the 90’s. I’m also pretty sure it’s a famous song, but I’m not having any luck finding it. Does anyone know what song I could be thinking of? The song repeats the a, g, d, d, part a lot.",1758705920.0,0.67,2,0,discussion,DoritoMan177,7,False,0,False,text
Music,1npbly6,SwitchVp - Electric Mind [EDM] (2025),1,https://reddit.com/r/Music/comments/1npbly6/switchvp_electric_mind_edm_2025/,https://on.soundcloud.com/ZetujRRlvYFjOvHCZ6,,1758719118.0,1.0,1,0,music,SwitcherRoo6996,0,False,0,False,text
Music,1npblbj,Twenty One Pilots - Ride |SwitchVp Quad| [EDM] (2025),1,https://reddit.com/r/Music/comments/1npblbj/twenty_one_pilots_ride_switchvp_quad_edm_2025/,https://on.soundcloud.com/l45qB1iqyfAooR8VWS,,1758719075.0,0.67,1,0,music,SwitcherRoo6996,0,False,0,False,text
Music,1np7gsl,Is there a music player that has a customizable shuffle option?,2,https://reddit.com/r/Music/comments/1np7gsl/is_there_a_music_player_that_has_a_customizable/,https://www.reddit.com/r/Music/comments/1np7gsl/is_there_a_music_player_that_has_a_customizable/,"I want to randomly shuffle through a set of music files, but I don't want it to be so random that some songs end up getting played a lot more than others. Is there a music player that has a ""don't play the same song for the next 10 tracks"" option or something similar? Preferably with an option to customize this value for each individual track.",1758705503.0,1.0,2,0,discussion,Real-University-4679,0,False,0,False,text
Music,1npbjvi,SwitchVp - Electric Mind [Dance/EDM] (2025),1,https://reddit.com/r/Music/comments/1npbjvi/switchvp_electric_mind_danceedm_2025/,https://on.soundcloud.com/7t2o7th2AaX716d6Zl,,1758718971.0,1.0,1,0,music,SwitcherRoo6996,0,False,0,False,text
Music,1npbgqj,KWN - Stand On It [R&B],1,https://reddit.com/r/Music/comments/1npbgqj/kwn_stand_on_it_rb/,https://youtu.be/zMijjsPSVFs?si=jGqZw0ZOGQNbo1Jz,,1758718755.0,1.0,1,0,music,DramaticAd7670,0,False,0,False,text
Music,1np756z,RONDÉ - Bright Eyes [Pop],2,https://reddit.com/r/Music/comments/1np756z/rondé_bright_eyes_pop/,https://youtu.be/EivANtlIllo?si=UfwQD_olEoQp_2Oi,,1758704204.0,1.0,2,0,music,emzzzz46,0,False,0,False,text
Music,1nnhwtf,"D4vd reposted a TikTok last year of meat getting chopped up, with the text saying 'me if I see her talking to other dudes'",14839,https://reddit.com/r/Music/comments/1nnhwtf/d4vd_reposted_a_tiktok_last_year_of_meat_getting/,https://thetab.com/2025/09/22/a-dark-tiktok-d4vd-reposted-has-resurfaced-and-the-creator-who-made-it-has-spoken-out,,1758533618.0,0.96,14839,0,article,Logical_Shock_7772,785,False,0,False,text
Music,1npajj3,Wu Kearz - Screw You Guys [Rap],1,https://reddit.com/r/Music/comments/1npajj3/wu_kearz_screw_you_guys_rap/,https://youtu.be/WI-mxtqFCnc,,1758716193.0,1.0,1,0,music,WuKearz,0,False,0,False,text
Music,1npaij4,Wu Kearz - You're It [Rap],1,https://reddit.com/r/Music/comments/1npaij4/wu_kearz_youre_it_rap/,https://youtu.be/3imyP5bS58Y,,1758716117.0,1.0,1,0,music,WuKearz,0,False,0,False,text
Music,1nos4lr,"Rainbow - Stargazer (Live in Munich, Germany, 1977) [Hard Rock]",19,https://reddit.com/r/Music/comments/1nos4lr/rainbow_stargazer_live_in_munich_germany_1977/,https://www.youtube.com/watch?v=rVXy1OhaERY,,1758658572.0,0.95,19,0,music,MileenasFeet,8,False,0,False,text
Music,1noivci,Thoughts on Vegas by The Crystal Method?,54,https://reddit.com/r/Music/comments/1noivci/thoughts_on_vegas_by_the_crystal_method/,https://www.reddit.com/r/Music/comments/1noivci/thoughts_on_vegas_by_the_crystal_method/,"*Vegas* by The Crystal Method (1997) is a classic electronic album full of heavy beats and big energy. Tracks like *Trip Like I Do, Busy Child* and *Keep Hope Alive* still hit hard today. Have you ever listened to it? If yes, what are your fav tracks?

https://preview.redd.it/g9jj57msaxqf1.png?width=316&format=png&auto=webp&s=222d223087f76691c3cc1ecf592bc7ac9fd67cb6",1758637639.0,0.84,54,0,discussion,Fit_Asparagus2831,68,True,1,False,text
Music,1npa5kn,Sunset tropisch Lo-Fi,1,https://reddit.com/r/Music/comments/1npa5kn/sunset_tropisch_lofi/,/r/Lofi_Beats_Submission/comments/1np9rnr/sunset_tropisch_lofi/,,1758715083.0,1.0,1,0,article,Lost-Dark-1971,0,False,0,False,text
Music,1np5or3,Misha Tsitelashvili - Amazing play on Panduri [modernfolk],2,https://reddit.com/r/Music/comments/1np5or3/misha_tsitelashvili_amazing_play_on_panduri/,https://youtube.com/watch?v=uLnVEjgI0lQ&si=mOFwK7w6lh8U2lGp,,1758698129.0,1.0,2,0,music,AraGvianiAero,0,False,0,False,text
Music,1np8y79,How accurate is virtual DJ software compared to real world setups?,2,https://reddit.com/r/Music/comments/1np8y79/how_accurate_is_virtual_dj_software_compared_to/,/r/LetsTalkMusic/comments/1np8ugc/how_accurate_is_virtual_dj_software_compared_to/,,1758711129.0,0.67,2,0,discussion,Academic-Shelter-754,5,False,0,False,text
Music,1np5ey2,METRIC - All Comes Crashing [Rock],2,https://reddit.com/r/Music/comments/1np5ey2/metric_all_comes_crashing_rock/,https://youtu.be/IhWHZ_2wNkk,,1758697091.0,1.0,2,0,music,blackmoose,0,False,0,False,text
Music,1nowk4b,Men at Work - Who Can It Be Now? [Pop Rock] (1981) Through The Atari Video Music,8,https://reddit.com/r/Music/comments/1nowk4b/men_at_work_who_can_it_be_now_pop_rock_1981/,https://youtu.be/UeBzMhmW6dc?si=En7qhd6D5kNdQ-3a,,1758669400.0,0.84,8,0,music,OG_Dom445,0,False,0,False,text
Music,1np838o,Could this be its own genre?,0,https://reddit.com/r/Music/comments/1np838o/could_this_be_its_own_genre/,https://www.reddit.com/r/Music/comments/1np838o/could_this_be_its_own_genre/,"I've be in the music scene for decades and I noticed a bunch of songs from various genres that sound like they could easily be grouped together.

Closer by Kings of Leon
Fighting the Gravity by Blink 182
Don't Forget Me by Red Hot Chili Peppers
Climbing Up The Walls by Radiohead
Silent Melody by Working for a Nuclear Free City

And many more.

It reminds me a lot of songs written during the Art Nouveau movement as well as origins in Post Punk, The Cure and Alt Rock scenes but I don't think it came into its own until during the mid to late 2000s.

I'm dedicated to exploring this sound more and writing songs in this genre and I've identified several core elements that seem to be effects play a driving force behind singwriting and production, darker instrumentals and themes of struggle and longing. 

I'm trying to explore something here that I think was criminally overlooked. ",1758707985.0,0.5,0,0,discussion,InDigitalW,0,False,0,False,text
Music,1noug7b,Muse - Map of the Problematique [electronic rock/alt rock],8,https://reddit.com/r/Music/comments/1noug7b/muse_map_of_the_problematique_electronic_rockalt/,https://youtu.be/Nw5AMCEiZms?si=dnnpp25gYUu7hJ3e,,1758664016.0,0.84,8,0,music,saltwatermasquerade,0,False,0,False,text
Music,1nogomd,"What is your most enduring love affair with an artist who is still producing new music…? For me, The Stranglers - Straighten Out [Punk]",42,https://reddit.com/r/Music/comments/1nogomd/what_is_your_most_enduring_love_affair_with_an/,https://youtu.be/vqZq9uUAmDo?feature=shared,,1758632255.0,0.88,42,0,music,Steady_Now53,40,False,0,False,text
Music,1np7qqx,Nevermore - The Fault of the Flesh [Progressive Zoomies],1,https://reddit.com/r/Music/comments/1np7qqx/nevermore_the_fault_of_the_flesh_progressive/,https://www.youtube.com/watch?v=yM_GB0HsebI,,1758706634.0,1.0,1,0,music,fundamental-error,0,False,0,False,text
Music,1np7m06,Child of Ayin - Hell is where the angels grow [folk] (2025),1,https://reddit.com/r/Music/comments/1np7m06/child_of_ayin_hell_is_where_the_angels_grow_folk/,https://www.youtube.com/watch?v=_eIMEiiV9KQ,,1758706102.0,0.67,1,0,music,Cliptoujours,0,False,0,False,text
Music,1np7jt2,Ro James - Excuse Me [R&B/Soul],1,https://reddit.com/r/Music/comments/1np7jt2/ro_james_excuse_me_rbsoul/,https://youtu.be/-qUZ4_1ZFUI?si=qePDKTqrYXWHHZ7Y,,1758705847.0,1.0,1,0,music,Loose-Preference-430,0,False,0,False,text
Music,1np43ku,When did 80’s music begin getting marketed as “classic hits/classic rock”?,1,https://reddit.com/r/Music/comments/1np43ku/when_did_80s_music_begin_getting_marketed_as/,https://www.reddit.com/r/Music/comments/1np43ku/when_did_80s_music_begin_getting_marketed_as/,"I was born in 95 and I fairly vividly remember hearing many more 80’s hit songs in grocery stores, malls, commercials the regular radio etc in the early - mid 2000’s. From an adult who lived through that era, do you remember if 80’s music was still fairly prominent from a mainstream perspective in the early 2000’s? And when did 80’s also start to get classified as “throwbacks” or “oldies” or “classic hits”?",1758692203.0,0.54,1,0,discussion,Helpful_Gur_1757,41,False,0,False,text
Music,1nog51n,Blondie - Rapture [Disco],45,https://reddit.com/r/Music/comments/1nog51n/blondie_rapture_disco/,https://youtu.be/pHCdS7O248g?si=MbeKbADtJ2TdBDgJ,O,1758630808.0,0.93,45,0,music,mekanub,4,False,0,False,text
Music,1np77zb,Akudama - You’re my Disease [metalcore] (Musikvideo),1,https://reddit.com/r/Music/comments/1np77zb/akudama_youre_my_disease_metalcore_musikvideo/,https://youtu.be/gCS4y5Rr5LE?si=rvZx4VUFMrvwk-g5,,1758704517.0,1.0,1,0,music,Frozen2275,0,False,0,False,text
Music,1nnm2a7,Elon Musk dummy beheaded on stage during rock music festival,3209,https://reddit.com/r/Music/comments/1nnm2a7/elon_musk_dummy_beheaded_on_stage_during_rock/,https://www.newsweek.com/elon-musk-dummy-beheaded-2133614?utm_source=reddit&utm_campaign=reddit_main,,1758546634.0,0.92,3209,0,article,newsweek,231,False,0,False,text
Music,1np72xx,Piestrikesback - Beautiful Danger [POP] (2025),1,https://reddit.com/r/Music/comments/1np72xx/piestrikesback_beautiful_danger_pop_2025/,https://music.youtube.com/watch?v=56wLiGmqA7Y&feature=shared,,1758703954.0,1.0,1,0,music,Ill_Landscape_3456,0,False,0,False,text
Music,1np12uz,King Buffalo - Echo of a Waning Star [Psychedelic Rock],3,https://reddit.com/r/Music/comments/1np12uz/king_buffalo_echo_of_a_waning_star_psychedelic/,https://youtu.be/jSFqZYgzYoA,,1758682233.0,1.0,3,0,music,_fractilian_,0,False,0,False,text
Music,1np6wor,"Creative Disaster Drops “High On Life (Remastered)” – A Celebration of Self, Creativity, and Confidence",1,https://reddit.com/r/Music/comments/1np6wor/creative_disaster_drops_high_on_life_remastered_a/,https://www.thomathyentertainment.com/2025/09/creative-disaster-drops-high-on-life.html?m=1,,1758703240.0,1.0,1,0,new release,thomathyent,0,False,0,False,text
Music,1np6wgb,Sasha Alex Sloan - Hurt [Indie pop],1,https://reddit.com/r/Music/comments/1np6wgb/sasha_alex_sloan_hurt_indie_pop/,https://youtu.be/dctnDYP3vGI?si=1Jo-_rfCY6wg04EI,,1758703208.0,0.99,1,0,music,ZeppelinNation,0,False,0,False,text
Music,1norxi3,The Cure - If Only Tonight We Could Sleep [gothic rock],10,https://reddit.com/r/Music/comments/1norxi3/the_cure_if_only_tonight_we_could_sleep_gothic/,https://www.youtube.com/watch?v=PifvrZhWRDM,,1758658118.0,1.0,10,0,music,MrZombified,0,False,0,False,text
Music,1noywvz,Tim Barry - Boxwine & Xanax [acoustic folk/country],4,https://reddit.com/r/Music/comments/1noywvz/tim_barry_boxwine_xanax_acoustic_folkcountry/,https://www.youtube.com/watch?v=_IJJ6f16JsI,,1758675948.0,0.84,4,0,music,pleasepassthejellay,2,False,0,False,text
Music,1noozr1,Death Cab For Cutie - President of What? [Rock],14,https://reddit.com/r/Music/comments/1noozr1/death_cab_for_cutie_president_of_what_rock/,https://youtube.com/watch?v=4N-Ua-fld8I&si=DywLEmEEFE6WZ_aE,,1758651455.0,1.0,14,0,music,IPersonaI,0,False,0,False,text
Music,1nnrsxd,"Elderly Woman Battling Cancer Gifted Tickets to See Her Favorite Band, Nine Inch Nails",1396,https://reddit.com/r/Music/comments/1nnrsxd/elderly_woman_battling_cancer_gifted_tickets_to/,https://consequence.net/2025/09/elderly-woman-battling-cancer-gifted-nine-inch-nails-tickets/,,1758559809.0,0.98,1396,0,article,ebradio,23,False,0,False,text
Music,1np2sx4,TAPE DIVISION - - Pages [ Indie Rock] (2025),2,https://reddit.com/r/Music/comments/1np2sx4/tape_division_pages_indie_rock_2025/,https://youtu.be/Nyu1m-PYSbg?si=VPeWmNfzYyC7KDrs,,1758687664.0,1.0,2,0,music,Dakotawas,0,False,0,False,text
Music,1nnsoz3,"Olivia Rodrigo speaks out on ""blatant censorship"" of Jimmy Kimmel's suspension",1207,https://reddit.com/r/Music/comments/1nnsoz3/olivia_rodrigo_speaks_out_on_blatant_censorship/,https://www.nme.com/news/music/olivia-rodrigo-speaks-out-on-blatant-censorship-of-jimmy-kimmels-suspension-3894366,,1758561806.0,0.87,1207,0,article,AdSpecialist6598,85,False,0,False,text
Music,1noiie5,The Doors - The End (live) [Classic Rock],25,https://reddit.com/r/Music/comments/1noiie5/the_doors_the_end_live_classic_rock/,https://www.youtube.com/watch?v=qFK8uq_ItMs,,1758636780.0,0.82,25,0,music,MrZombified,1,False,0,False,text
Music,1np5n4e,Simar Ahuja - Supna/DREAMS [instrumental hip-hop/funk] (2025),1,https://reddit.com/r/Music/comments/1np5n4e/simar_ahuja_supnadreams_instrumental_hiphopfunk/,https://youtu.be/bZIR4vtkJ48?si=nZNT6ny1VzEYIHi9,,1758697947.0,1.0,1,0,music,Different_Bill_2282,0,False,0,False,text
Music,1nodor8,Pixies announce 40th anniversary UK and European tour for 2026,44,https://reddit.com/r/Music/comments/1nodor8/pixies_announce_40th_anniversary_uk_and_european/,https://www.nme.com/news/music/pixies-announce-40th-anniversary-uk-and-european-tour-buy-tickets-3894463,,1758623142.0,0.94,44,0,event info,Edm_vanhalen1981,16,False,0,False,text
Music,1nouquy,Dion Dimucci - The Wanderer [Rock],4,https://reddit.com/r/Music/comments/1nouquy/dion_dimucci_the_wanderer_rock/,https://youtu.be/FCW0HviPEEY?si=KDWtMUcwI0d0OX2N,,1758664732.0,0.84,4,0,music,lFantomasI,3,False,0,False,text
Music,1np4zbr,JOHN W BARRY - The Solstice and the Son [folk],1,https://reddit.com/r/Music/comments/1np4zbr/john_w_barry_the_solstice_and_the_son_folk/,https://youtu.be/U82RHbqkdAY?si=j5-LQZb9SOxW7V0n,,1758695431.0,0.66,1,0,music,jwb012,0,False,0,False,text
Music,1npfgmb,Heard a bit of a song on Insta… ended up listening 8+ hours straight,0,https://reddit.com/r/Music/comments/1npfgmb/heard_a_bit_of_a_song_on_insta_ended_up_listening/,https://www.reddit.com/r/Music/comments/1npfgmb/heard_a_bit_of_a_song_on_insta_ended_up_listening/,"It happened to me today. I heard a bit of a song on someone’s Instagram story and thought I’d just listen to it once.

Next thing I know, I’m playing the entire song straight for over 8 hours while doing my usual stuff.

The interesting part? It’s an old song that came out more than 10 years before I was born, and yet it hit me with this unexpected nostalgia.

Has this ever happened to you? Which song completely pulled you in like that?
",1758728291.0,0.2,0,0,discussion,HeyHope_,8,False,0,False,text
Music,1nnqt9d,Sarah McLachlan pulls out of Disney/Hulu Lilith Fair documentary premiere performance,1027,https://reddit.com/r/Music/comments/1nnqt9d/sarah_mclachlan_pulls_out_of_disneyhulu_lilith/,https://www.reddit.com/r/Music/comments/1nnqt9d/sarah_mclachlan_pulls_out_of_disneyhulu_lilith/,"https://www.rollingstone.com/music/music-news/sarah-mclachlan-lilith-fair-doc-cancel-jimmy-kimmel-1235432147/

Love her for this. And Jewel? Think she’s maga but, good for her. 

“It’s a gift for all of us to see [this film], but also I’ve grappled with being here tonight and around what to say about the present situation that we are all faced with, the stark contraction to the many advances we’ve made watching the insidious erosion of women’s rights, of trans and queer rights, the muzzling of free speech,” McLachlan said. “I think we’re all fearful for what comes next, and none of us know, but what I do know is that I have to keep pushing forward as an artist, as a woman to find a way through, and though I don’t begin to know what the answer is, I believe we all need to work towards a softening to let in the possibility of a better way, because I see music as a bridge to our shared humanity, to finding common ground.”",1758557624.0,0.97,1027,0,discussion,Lachness47,28,False,0,False,text
Music,1np4b81,Ott - Roflcopter [Psybient],1,https://reddit.com/r/Music/comments/1np4b81/ott_roflcopter_psybient/,https://www.youtube.com/watch?v=OL766y0C95o,,1758692960.0,0.66,1,0,music,nox66,0,False,0,False,text
Music,1np9rbo,Violin vs keyboard,0,https://reddit.com/r/Music/comments/1np9rbo/violin_vs_keyboard/,https://www.reddit.com/r/Music/comments/1np9rbo/violin_vs_keyboard/,"My 7 year old daughter finishing her level 2 recorder this year. Next year she has opportunity to choose violin/keyboard/flute and few other instruments which we are not much interested in.
I like violin but ( I am not musician) but heard it’s very hard can make kids to totally leave the music.
What’s your suggestions regarding violin vs keyboard ",1758713819.0,0.3,0,0,discussion,haxonduty,12,False,0,False,text
Music,1np40lq,Kaelan Carr - 2048 [Alternative],1,https://reddit.com/r/Music/comments/1np40lq/kaelan_carr_2048_alternative/,https://youtu.be/NsJsFkXE5sM?si=T0hHusrL7EWOIUdv,J,1758691898.0,1.0,1,0,music,Key_Evidence9663,0,False,0,False,text
Music,1nnjpk2,Fleetwood Mac call reports they will reunite to play JK Rowling’s 60th birthday ‘categorically false’,2401,https://reddit.com/r/Music/comments/1nnjpk2/fleetwood_mac_call_reports_they_will_reunite_to/,https://www.theguardian.com/music/2025/sep/22/fleetwood-mac-jk-rowling-60th-birthday-categorically-false,,1758539904.0,0.97,2401,0,article,mrjohnnymac18,110,False,0,False,text
Music,1np3ltw,Seryoga - Kakao Belogo Sveta [Russian],0,https://reddit.com/r/Music/comments/1np3ltw/seryoga_kakao_belogo_sveta_russian/,https://m.youtube.com/watch?v=l-y39dGweCA,,1758690429.0,0.5,0,0,music,Glad_Objective_1646,0,False,0,False,text
Music,1nowan3,The Temptations - Papa was a rolling stone [funk],3,https://reddit.com/r/Music/comments/1nowan3/the_temptations_papa_was_a_rolling_stone_funk/,https://youtu.be/71l85z2bXAs,,1758668692.0,1.0,3,0,music,Chocolat-Pralin,0,False,0,False,text
Music,1nomkhn,Siouxsie and The Banshees - Face to Face [alt pop],10,https://reddit.com/r/Music/comments/1nomkhn/siouxsie_and_the_banshees_face_to_face_alt_pop/,https://youtu.be/tf--KLXT2do?list=PLI6kLIhBBwmRopbm690imW6Wi7QI9kDJY,,1758645989.0,1.0,10,0,music,Coalescent74,0,False,0,False,text
Music,1np33jm,Omen Apollo - 201017 [TripHop] (2025),1,https://reddit.com/r/Music/comments/1np33jm/omen_apollo_201017_triphop_2025/,https://youtu.be/HX1eA2am8cQ?si=aI6-n8hHbE2QYCLP,,1758688686.0,1.0,1,0,music,dilla_dirty,0,False,0,False,text
Music,1npgsw4,A look into D4vd’s dark music and imagery as police investigate teen found in his Tesla,0,https://reddit.com/r/Music/comments/1npgsw4/a_look_into_d4vds_dark_music_and_imagery_as/,https://thetab.com/2025/09/24/a-look-into-d4vds-dark-music-and-imagery-as-police-investigate-teen-found-in-his-tesla,,1758731283.0,0.19,0,0,article,jerkoff1610,3,False,0,False,text
Music,1noiauq,Blondie - Rapture [rock],15,https://reddit.com/r/Music/comments/1noiauq/blondie_rapture_rock/,https://youtu.be/pHCdS7O248g?si=ES7YBFTrZybHuLAt,,1758636284.0,1.0,15,0,music,jonascarrynthewheel,1,False,0,False,text
Music,1noy2ji,Whitesnake - Here I Go Again (1982 Version) [Rock],2,https://reddit.com/r/Music/comments/1noy2ji/whitesnake_here_i_go_again_1982_version_rock/,https://www.youtube.com/watch?v=MjENBigoPFY,,1758673558.0,0.99,2,0,music,MileenasFeet,0,False,0,False,text
Music,1np2glo,Pump (Backwards label),1,https://reddit.com/r/Music/comments/1np2glo/pump_backwards_label/,/r/Aerosmith/comments/1np2frq/pump/,,1758686519.0,1.0,1,0,article,SuperTomBrother,0,False,0,False,text
Music,1np28ee,"West, Bruce & Laing - Why Dontcha [Rock] (1972)",1,https://reddit.com/r/Music/comments/1np28ee/west_bruce_laing_why_dontcha_rock_1972/,https://www.youtube.com/watch?v=jh11umXbhJ8,,1758685791.0,0.67,1,0,music,Leaky_hypospadias,0,False,0,False,text
Music,1npawye,How can I play songs on the keyboard when I never learnt how to play keyboard?,0,https://reddit.com/r/Music/comments/1npawye/how_can_i_play_songs_on_the_keyboard_when_i_never/,https://www.reddit.com/r/Music/comments/1npawye/how_can_i_play_songs_on_the_keyboard_when_i_never/,"I don't play the keyboard, but at my school, I would play around on the keyboards and figure out on my own how to play parts of songs just by testing out notes and then matching simple chords to go with them. I recently got a keyboard and figured out how to play a bunch of songs just by testing out different notes. I also learnt how to play the popular song 'Je te laisserai de mots' (by watching one of those tiktok videos with the falling notes) with both hands. I was actually surprised that I learnt how to play with both hands so quickly too because I always wondered how pianists had such good hand coordination and could play different things with each hand. I'm just confused as to how I can do this. I play the violin so maybe that helped? If anyone has any idea, please let me know!",1758717243.0,0.33,0,0,discussion,xnightskyxx,5,False,0,False,text
Music,1np26e2,Severance - EP by MÄNTRÄ | Spotify,1,https://reddit.com/r/Music/comments/1np26e2/severance_ep_by_mänträ_spotify/,https://open.spotify.com/album/5NWHlEUe2vwaXNkTPDSt9O?si=0DaySDlnQsKgxvnP1RFGMQ,,1758685608.0,1.0,1,0,music,KaiaosRains,1,False,0,False,text
Music,1npaogj,"What do you think of artists like Caetano Veloso, Djavan, Chico Buarque, and Gilberto Gil? Do you think their political views hinder their musical work?",0,https://reddit.com/r/Music/comments/1npaogj/what_do_you_think_of_artists_like_caetano_veloso/,https://www.reddit.com/r/Music/comments/1npaogj/what_do_you_think_of_artists_like_caetano_veloso/,"Honestly, I don't think their political views (socialist-oriented, of course) get in the way at all. I've never heard what you guys around the world think about that. What I think is that they innovated the Brazilian sound by mixing it with foreign influences. Tropicália came from psychedelia, baroque pop, and Brazilian rhythms. I'd add soul, reggae, and art rock as well. Brill Building on some notes.",1758716577.0,0.27,0,0,discussion,Impossible_Try1189,24,False,0,False,text
Music,1np1xsc,TheBandYouNeverHeardOf - Living in the Lies (FALSE FLAG SPECIAL) [Country/Metal/Rap] 2025,1,https://reddit.com/r/Music/comments/1np1xsc/thebandyouneverheardof_living_in_the_lies_false/,https://youtu.be/Ghm9Cuhfssc?si=8YcexZK6wnXbV1Vp,,1758684854.0,1.0,1,0,music,BlurrAt120MPH,0,False,0,False,text
Music,1npf3d2,The Experience of Fred Bear – Ted Nugent,0,https://reddit.com/r/Music/comments/1npf3d2/the_experience_of_fred_bear_ted_nugent/,https://www.reddit.com/r/Music/comments/1npf3d2/the_experience_of_fred_bear_ted_nugent/,"Every once in a while, music isn’t about fame, flash, or radio play—it’s about heart. Ted Nugent’s Fred Bear is one of those rare songs that steps outside the noise and lands in a space of reverence. It isn’t just a rock ballad—it’s a tribute to his close friend and mentor, Fred Bear, the legendary bowhunter.

What hits hardest here isn’t the hunting imagery or Nugent’s usual fire—it’s the sincerity. The way he sings, “In the wind, he’s still alive” feels like more than a lyric. It’s a vow. A promise that the spirit of a man who shaped his life is still walking beside him.

That kind of bond—where someone imprints on your soul so deeply that their memory becomes a compass—is rare. Most of us will never find it. And for those who do, whether through friendship, family, or romance, it’s once-in-a-lifetime. That’s why this song carries so much weight. It’s not just Nugent’s story; it’s a reminder that the truest connections don’t die, they echo.

What makes Fred Bear special is that it doesn’t hide behind metaphors or bravado. It’s plainspoken, direct, and heartfelt. A man honoring another man who meant everything to him. That’s why it cuts through, even decades later—because it’s not about being a hunter, or even being a Nugent fan. It’s about being human, and knowing what it means to carry someone’s spirit forward.

The words here are refined from my raw reflections, but the experience and insight are all my own.
— Pappy Dan
",1758727449.0,0.21,0,0,discussion,insightapphelp,0,False,0,False,text
Music,1nox3ls,Album Review – RIP Lux...Marvelous Mystery,2,https://reddit.com/r/Music/comments/1nox3ls/album_review_rip_luxmarvelous_mystery/,https://hiphophighsociety.com/2025/09/23/album-review-rip-lux-the-quezon-city-broadcast/,,1758670863.0,1.0,2,0,article,yungfella85,0,False,0,False,text
Music,1notzfw,Jacqueline Tucci - Burning Out [indie rock],3,https://reddit.com/r/Music/comments/1notzfw/jacqueline_tucci_burning_out_indie_rock/,https://open.spotify.com/track/16BlUtAlRiWK1UJDQJ17mU?si=lBsI2n9mTFC3ym1rTwxSsQ,,1758662891.0,1.0,3,0,music,Badtzz,0,False,0,False,text
Music,1nowlvw,New “CD/USB” like system for listening and owning music,2,https://reddit.com/r/Music/comments/1nowlvw/new_cdusb_like_system_for_listening_and_owning/,https://www.reddit.com/r/Music/comments/1nowlvw/new_cdusb_like_system_for_listening_and_owning/,"Okay so I saw this artist on instagram who made a card that was something like a usb with their music. Which is so cool! It was like a debit card but smaller and plugged into your computer phone…

They said it’d save to your files.. but, that instantly made me think I wouldn’t ever just go to my files and listen to one record then switch back to Spotify or another streaming app..

But, how cool would it be if there was an app for those? And artists could sell their “usb cd” in a little cd like case like back in the day with the album art and a lyrics book!! And sell the records for like $20 like back in the day. I know that’s so much more money than streaming but don’t you guys feel like you don’t really value records like you used to? You never own one.. and on the app there could be smaller samples of the singles to preview it. Like that old thing you’d put headphones on in the store to sample the cd. 

Man like maybe it could work on iTunes? Idk I just would literally love to support artists again and get artists paid and have that be a career option for us musicians. Remember how you’d be in a rush to buy a record so you could talk about it with other people?!

And how cute and cool would it be to have those little usb cases that you could store on a bookie shelf at home like your vinyls.. I think that artist is on to something and I actually yearn for something like this. Like, my Spotify liked songs is just over saturated and I only really listen to like 8-10 artists that I love at a time. 

Someone in the void hear my prayer and make this l",1758669532.0,0.63,2,0,discussion,Key-Variation4645,36,False,0,False,text
Music,1noasdd,How artwork was designed back in the 80s. A rare glimpse into a studio's design methods,40,https://reddit.com/r/Music/comments/1noasdd/how_artwork_was_designed_back_in_the_80s_a_rare/,https://www.runoutgrooves.com/collection-features/unique-david-bowie-production-artwork/,,1758611686.0,0.97,40,0,article,chowder79,0,False,0,False,text
Music,1np75h9,cherche chanson avec refrain break the silence,0,https://reddit.com/r/Music/comments/1np75h9/cherche_chanson_avec_refrain_break_the_silence/,https://www.reddit.com/r/Music/comments/1np75h9/cherche_chanson_avec_refrain_break_the_silence/,"Hello :), je cherche une chanson dont le refrain est break the silence, c style pop rock, chanté par un mec, c pas techno, c pas du metal non plus . Le refrain est tres punchy ""breaaakkkk the siiiileeeeeeenccceee"". Franchement vs etes trop forts si vs arrivez à trouver la chanson!! merciiiii",1758704237.0,0.4,0,0,discussion,Amb_2025,2,False,0,False,text
Music,1nnkmpj,U2 urge fans to support 'the right to speak freely' after Jimmy Kimmel drama,1191,https://reddit.com/r/Music/comments/1nnkmpj/u2_urge_fans_to_support_the_right_to_speak_freely/,https://www.irishstar.com/culture/entertainment/u2-support-jimmy-kimmel-abc-35942660,,1758542748.0,0.93,1191,0,article,IrishStarUS,158,False,0,False,text
Music,1novtsj,How of a insightful treat is Bane's theme of Hans Zimmer.,2,https://reddit.com/r/Music/comments/1novtsj/how_of_a_insightful_treat_is_banes_theme_of_hans/,https://www.reddit.com/r/Music/comments/1novtsj/how_of_a_insightful_treat_is_banes_theme_of_hans/,"Link here https://youtu.be/uF6IIp6YMjo?si=1f1hLLdeNuPFCoKc

Or

https://youtu.be/U3A-lJQlrmk?si=uKc98P1N4k1k87vM
(Extended version)

The music is extraordinarily impressive, along with the chant of a crowd chanting Deshi Basara” (دیشی بسارا), word in arabic meaning 'Rise'. This music sounds like a serious one. While supposedly not a socially acceptable music that a household is usually aware of, this sounds like an uprising haunt, such that is alieniated commonly. Might frighten your neighbours while you turn on a volume, them probably thinking you had initiated an underground revolt against the system of society. But to a serious person like me, it's more of a call towards light. And it is our duty to reach the levels of unexplored wisdom, some music offers wisdom, this, along with many carries with itselves.

Edit: excluding the name of the document i.e Bane's theme, when listened independant of it's name, it is for sure a treat. I mean, no one would like to become the fictional character as Bane who spread chaos in a fiction story, but the beauty of a separate document that alignes with the idea to rise even in the darkest of hours.",1758667461.0,0.63,2,0,discussion,MASJAM126,0,False,0,False,text
Music,1noo0dx,iiO - Rapture [Dance-pop],6,https://reddit.com/r/Music/comments/1noo0dx/iio_rapture_dancepop/,https://www.youtube.com/watch?v=on8DJBt07eU,,1758649253.0,0.87,6,0,music,404NameOfUser,0,False,0,False,text
Music,1np0iba,Moonlit Sailor - Landvetter [Ambient/Post-Rock],1,https://reddit.com/r/Music/comments/1np0iba/moonlit_sailor_landvetter_ambientpostrock/,https://youtu.be/HgmhpDWe6Fo?si=azZOPwqnyVtk69ew,,1758680531.0,1.0,1,0,music,SDHJerusalem,0,False,0,False,text
Music,1np0i0k,The Kid LAROI x Juice Wrld Type Beat - A Cold Play [HipHop],1,https://reddit.com/r/Music/comments/1np0i0k/the_kid_laroi_x_juice_wrld_type_beat_a_cold_play/,https://www.youtube.com/watch?v=HkepFOgZpBA,,1758680506.0,1.0,1,0,music,Fearless_Force5602,0,False,0,False,text
Music,1noggco,Kraftwerk - Radioactivity [Electronic],11,https://reddit.com/r/Music/comments/1noggco/kraftwerk_radioactivity_electronic/,https://youtube.com/watch?v=rTMKEYdCZkE&si=XaHZtpqovseAtOPR,,1758631653.0,0.88,11,0,music,IPersonaI,0,False,0,False,text
Music,1nnsoz7,Priscilla Presley Talks Elvis Presley's Infidelity: 'He Was Still a Good Husband but It Was Just Too Many of Us',413,https://reddit.com/r/Music/comments/1nnsoz7/priscilla_presley_talks_elvis_presleys_infidelity/,https://people.com/priscilla-presley-elvis-presley-infidelity-too-many-women-11814361?utm_campaign=peoplemagazine&utm_medium=social&utm_source=reddit.com&utm_content=post,,1758561806.0,0.94,413,0,article,peoplemagazine,52,False,0,False,text
Music,1npalbn,AALIYAH RETURNS TO THE TOP WITH POSTHUMOUS SINGLE “GONE”,0,https://reddit.com/r/Music/comments/1npalbn/aaliyah_returns_to_the_top_with_posthumous_single/,https://www.reddit.com/r/Music/comments/1npalbn/aaliyah_returns_to_the_top_with_posthumous_single/,"Billboard is proud to announce that the posthumous single “Gone” by the late icon Aaliyah, featuring Grammy-nominated R&B artist Tank, has officially reached the No. 1 position on the Billboard R&B Airplay Chart.

This remarkable milestone marks Aaliyah’s return to the top of the radio charts more than two decades after her passing, reaffirming the timelessness of her artistry and her unparalleled influence on modern R&B.

Released via Blackground Records 2.0 in partnership with ADA Music, “Gone” has resonated deeply with audiences worldwide. The single combines Aaliyah’s angelic, ethereal vocals with Tank’s soulful delivery, creating a heartfelt ballad that bridges the gap between past and present. The track quickly gained momentum across major radio networks, streaming platforms, and social media, proving once again that Aaliyah’s music transcends generations.",1758716333.0,0.28,0,0,discussion,aaliyahxfortnite,4,False,0,False,text
Music,1nozppl,6ix9ine Admits To Ordering Attack On Trippie Redd & Stealing ‘Gummo’ Beat,0,https://reddit.com/r/Music/comments/1nozppl/6ix9ine_admits_to_ordering_attack_on_trippie_redd/,https://wikicrawlers.com/archives/2823,,1758678283.0,0.49,0,0,article,Icy-You3927,20,False,0,False,text
Music,1nozip6,Hear me help me,0,https://reddit.com/r/Music/comments/1nozip6/hear_me_help_me/,https://www.reddit.com/r/Music/comments/1nozip6/hear_me_help_me/,"Just simple as..
I play guitar, short songs just guitar
Where can share and maybe
Get 1 dolar for someone who want to help?

Recommend me some apps o webs pls?
https://www.instagram.com/xsuplextrainx?igsh=cmV6cGR4eGNoMzhu
",1758677707.0,0.5,0,0,discussion,xQrlaud,0,False,0,False,text
Music,1nozd4g,Bro Callin,1,https://reddit.com/r/Music/comments/1nozd4g/bro_callin/,https://www.reddit.com/r/Music/comments/1nozd4g/bro_callin/,"https://youtu.be/SYyuhZUv-8A?si=POOlQwm9TSHwKCF4
Hey everyone!
I just dropped my new track and I’d really appreciate it if you gave it a listen. Let me know in the comments what you think—I’m curious about your opinions! It’s not a big hit or anything, just something I made on a chill day, so I’m not expecting much.
Until then: peace! ✌️",1758677262.0,0.67,1,0,discussion,Gypsy_Gofficial,0,False,0,False,text
Music,1nohbip,Siouxsie and The Banshees - Cry [alt pop],9,https://reddit.com/r/Music/comments/1nohbip/siouxsie_and_the_banshees_cry_alt_pop/,https://youtu.be/Eik7CcBScAU?list=PLI6kLIhBBwmRopbm690imW6Wi7QI9kDJY,,1758633897.0,1.0,9,0,music,Coalescent74,0,False,0,False,text
Music,1np3ghj,"What's up with the ""quieter track""",0,https://reddit.com/r/Music/comments/1np3ghj/whats_up_with_the_quieter_track/,https://www.reddit.com/r/Music/comments/1np3ghj/whats_up_with_the_quieter_track/,"Hey so, I remember noticing this back in the iTunes days and just accidentally found it again in the linked video, where in silent parts of the songs (in the link very prominently in the beginning but I've heard it in parts where a song is supposed to ""stop"" before picking up again) you can hear about a second ""later"" in the song very quietly. Is this something that happens in MP3 conversion? If I remember correctly when I noticed it it was on dookie, so maybe a pre-2000's ""problem""?

It's really only noticeable if I listen to music a little too loud on headphones so it doesn't really take away from the experience but I'm assuming it's still technically there even if I can't hear it. 

Another theory I had back then is that the songs were somehow originally recorded on tape and then for some reason rerecorded on the same tape but that doesn't make much sense for a professional recording, does it? I forgot if I ever tried to listen to the CD on headphones to check it out. 

First attempt at this post got deleted by the bot so I hope this works...
[YouTube](https://www.youtube.com/watch?v=OwGG5fX7bxY)
",1758689923.0,0.33,0,0,discussion,L-bonde-vik,5,False,0,False,text
Music,1noitrp,"Limp Bizkit, Pantera, The Prodigy and more featured on Battlefield 6 soundtrack",7,https://reddit.com/r/Music/comments/1noitrp/limp_bizkit_pantera_the_prodigy_and_more_featured/,https://lambgoat.com/news/49659/limp-bizkit-pantera-the-prodigy-and-more-featured-on-battlefield-6-soundtrack/,,1758637537.0,0.79,7,0,article,EmployOk5086,1,False,0,False,text
Music,1noyp47,"Need music for wedding, live drums and sax with a DJ.",0,https://reddit.com/r/Music/comments/1noyp47/need_music_for_wedding_live_drums_and_sax_with_a/,https://www.reddit.com/r/Music/comments/1noyp47/need_music_for_wedding_live_drums_and_sax_with_a/,"Hi everyone, i'm getting married in a month and I still need songs to submit to the DJ. Im 42M my fiance is 32F, she doesn't have huge musical interest beside Taylor Swift and I like a range of everything from folk, classic rock, 90s alternative, and 2000s indie rock and all types hip hop. We both think pop punk songs will go over well but we are stuck on coming up with more ideas. We need songs we can submit to out DJ that will go over well. The age of the guests that will dancing is going to range from early/mid 20s to 60s. Thank for any help!",1758675334.0,0.5,0,0,discussion,HourAbbreviations506,5,False,0,False,text
Music,1noyoyw,NTS Indie Sleaze Mix - Left Field Pop/ Elctroclash,1,https://reddit.com/r/Music/comments/1noyoyw/nts_indie_sleaze_mix_left_field_pop_elctroclash/,https://www.reddit.com/r/Music/comments/1noyoyw/nts_indie_sleaze_mix_left_field_pop_elctroclash/,"It’s titled NTS Guide To: Indie Sleaze 2K24. There’s a lot of different sounds here that combine pop and electronic music in a lot of fun ways. Left field pop, synth pop laden electro clash, witch house, hyperpop, and more.

Really love this kind of music, but I have a hard time finding sounds that fulfill the niche.

https://www.nts.live/shows/the-nts-guide-to/episodes/the-nts-guide-to-indie-sleaze-28th-november-2024

",1758675323.0,1.0,1,0,discussion,alma_prateada,0,False,0,False,text
Music,1noycfo,Yung Lee - Perico [Rap],0,https://reddit.com/r/Music/comments/1noycfo/yung_lee_perico_rap/,https://youtu.be/V04Ieuqjsmo?si=Opv83Yyx0G1NAIu5,,1758674359.0,0.43,0,0,music,yungleebihh,0,False,0,False,text
Music,1noybar,Yuko Rade - Roxy[Retrowave],1,https://reddit.com/r/Music/comments/1noybar/yuko_rade_roxyretrowave/,https://youtu.be/pVYTHBD3f1w?si=lxdXx0wL11HMiLMy,,1758674268.0,0.66,1,0,music,underwatr_cheestrain,0,False,0,False,text
Music,1nol592,The Move - I Can Hear The Grass Grow (live on Beat-Club) [Psychedelic Rock/Garage Rock] (1967),5,https://reddit.com/r/Music/comments/1nol592/the_move_i_can_hear_the_grass_grow_live_on/,https://www.youtube.com/watch?v=_QJHdovVj-M,,1758642811.0,1.0,5,0,music,LynnButterfly,3,False,0,False,text
Music,1nodnwv,Fontaines D.C. - Roman Holiday [post punk/alt],13,https://reddit.com/r/Music/comments/1nodnwv/fontaines_dc_roman_holiday_post_punkalt/,https://youtu.be/kP0WSdu4MPU?si=snDTyk3DjEHXZiDQ,,1758623059.0,0.85,13,0,music,itsallcosmica,5,False,0,False,text
Music,1nof7it,Chet Faker – Gold [soul-influenced indie],9,https://reddit.com/r/Music/comments/1nof7it/chet_faker_gold_soulinfluenced_indie/,https://youtu.be/hi4pzKvuEQM?si=1MiaCcxHMvpZ-fVr,,1758628162.0,0.92,9,0,music,lone_rider_94,1,False,0,False,text
Music,1noxo82,[TOMT] Music Video from the mid-2000s,1,https://reddit.com/r/Music/comments/1noxo82/tomt_music_video_from_the_mid2000s/,/r/tipofmytongue/comments/1nowq6x/tomt_music_video_from_the_mid2000s/,,1758672421.0,1.0,1,0,article,Strangersoverfriends,0,False,0,False,text
Music,1noxmjl,Is there any sheet music that sounds close to the original song but for physical instruments besides synths if the synths whatever type of synth a stylophone is or otamatone,1,https://reddit.com/r/Music/comments/1noxmjl/is_there_any_sheet_music_that_sounds_close_to_the/,/r/sheetmusic/comments/1nli7jv/r_mice_on_venus_sheet_music_that_sounds_close_to/,,1758672292.0,0.99,1,0,discussion,BurrBentley,2,False,0,False,text
Music,1nncskh,"Sarah McLachlan, Lilith Fair Stars Bow Out of ABC Premiere — Say They’re Standing for Free Speech",3089,https://reddit.com/r/Music/comments/1nncskh/sarah_mclachlan_lilith_fair_stars_bow_out_of_abc/,https://www.topthreeus.com/sarah-mclachlan-lilith-fair-free-speech/,,1758514464.0,0.98,3089,0,article,Top-Three-USA,65,False,0,False,text
Music,1npgyr4,Husband of HR exec in viral Coldplay ‘kiss cam affair’ was at show with date: report,0,https://reddit.com/r/Music/comments/1npgyr4/husband_of_hr_exec_in_viral_coldplay_kiss_cam/,https://www.independent.co.uk/news/world/americas/coldplay-kisscam-astronomer-kristin-cabot-husband-b2832342.html,,1758731651.0,0.16,0,0,article,rohanad1986,2,False,0,False,text
Music,1nowv2h,Help finding a song,1,https://reddit.com/r/Music/comments/1nowv2h/help_finding_a_song/,https://www.reddit.com/r/Music/comments/1nowv2h/help_finding_a_song/,Sorry for the lack of details but all I remember was a rock song and the video clip was AWESOME as I remember it only had two colors which was red and another thing I don't remember is that it zoomed in on the vocalist and the security guard appears and then zooms in and the drummer appears and stays in this cycle until the end if anyone can help I would be very happy,1758670214.0,0.6,1,0,discussion,juviga7,3,False,0,False,text
Music,1nowuxd,Blaze Foley - Big Cheeseburgers and Good French Fries [country],0,https://reddit.com/r/Music/comments/1nowuxd/blaze_foley_big_cheeseburgers_and_good_french/,https://youtu.be/uTewBLgYSh0?si=o54HAPOPyKsdXgPn,,1758670203.0,0.33,0,0,music,d3rk2007,0,False,0,False,text
Music,1nofljy,Scott Walker - Angels Of Ashes [Chamber Pop],6,https://reddit.com/r/Music/comments/1nofljy/scott_walker_angels_of_ashes_chamber_pop/,https://youtube.com/watch?v=og9DN2c6mow&si=-vAS0npNBTUt5dRl,,1758629292.0,0.81,6,0,music,IPersonaI,1,False,0,False,text
Music,1nowqwu,Beach Boys starter album,1,https://reddit.com/r/Music/comments/1nowqwu/beach_boys_starter_album/,/r/MusicRecommendations/comments/1nowp00/beach_boys_starter_album/,,1758669906.0,1.0,1,0,music,jhaslertheman,1,False,0,False,text
Music,1nowgtd,Dj Zapy & Dj Uragun - Sch Amo [HYPERFUNK],0,https://reddit.com/r/Music/comments/1nowgtd/dj_zapy_dj_uragun_sch_amo_hyperfunk/,https://youtube.com/watch?v=kpcQQACgAqo&si=Z54MV8XPF6ViPcbI,,1758669145.0,0.5,0,0,music,TOVILIAN,0,False,0,False,text
Music,1novvqu,Mnemosyne - Sentinel (original song) [Live],1,https://reddit.com/r/Music/comments/1novvqu/mnemosyne_sentinel_original_song_live/,https://youtu.be/a2nnn3kT4mA,,1758667602.0,0.67,1,0,music,codyurb,2,False,0,False,text
Music,1novpkb,Gunstrumental = firearm mechanics as rhythmic/melodic elements.,0,https://reddit.com/r/Music/comments/1novpkb/gunstrumental_firearm_mechanics_as/,https://www.reddit.com/r/Music/comments/1novpkb/gunstrumental_firearm_mechanics_as/,"i'm chasing a microgenre that:

* uses firearms as instruments, not just sound effects

* builds rhythmic or melodic structure from gun mechanics (racking, cocking, reloading)

this is still unnamed in mainstream music taxonomy.
[gun drummer](https://www.youtube.com/@GunDrummer) is close, but i'm looking for tracks where the gun sounds drive the melody or rhythm not just sync with it.

i once found a remix of baku's front to back with a gunstrumental intro with a meme style thumbnail [smiling face with braces] it's seemingly gone now, but it perfectly captured the sound i'm trying to define. [the intro itself]",1758667153.0,0.5,0,0,discussion,ZUDUKAI,0,False,0,False,text
Music,1nophaa,Weird notification on Samsung Music Player,2,https://reddit.com/r/Music/comments/1nophaa/weird_notification_on_samsung_music_player/,https://www.reddit.com/r/Music/comments/1nophaa/weird_notification_on_samsung_music_player/,"I keep trying to play songs on a specific list of music to play using Samsung Music, and this notification keeps popping up? Music plays fine, its just annoying and I wanna get rid of it. It says ""Added 116 tracks to queue and removed duplicate tracks."" At the bottom of the screen.",1758652556.0,1.0,2,0,discussion,Yoonsnek,2,False,0,False,text
Music,1nov4nd,🎶 @tylerchilders – Jersey Giant | [Americana] Unforgettable Live Performance 🎻✨,0,https://reddit.com/r/Music/comments/1nov4nd/tylerchilders_jersey_giant_americana/,https://youtu.be/jbh1PgAd3hI?si=4qdiGOKYi5R4fbDO,,1758665683.0,0.38,0,0,music,Mex_Mailman_75,2,False,0,False,text
Music,1nouxha,Melody Magic – Ordinary [Pop],0,https://reddit.com/r/Music/comments/1nouxha/melody_magic_ordinary_pop/,https://www.youtube.com/watch?v=CwzNPDSogP4,,1758665194.0,0.5,0,0,music,Sea-Feeling-5353,0,False,0,False,text
Music,1nouphk,Melody Magic – Muling Wala (Gone Again) [OPM Ballad],0,https://reddit.com/r/Music/comments/1nouphk/melody_magic_muling_wala_gone_again_opm_ballad/,https://www.youtube.com/watch?v=cJNp4RR7tJc,,1758664632.0,0.33,0,0,music,Sea-Feeling-5353,0,False,0,False,text
Music,1nouncj,Wintery Nightfall - A Bliss at Moonrise [programmed atmospheric drum n bass],1,https://reddit.com/r/Music/comments/1nouncj/wintery_nightfall_a_bliss_at_moonrise_programmed/,https://youtu.be/-OWHpyQbWHE?si=cG94QCbeqpZtxeAb,,1758664489.0,0.67,1,0,music,Technical-Aerie-8958,0,False,0,False,text
Music,1noiifi,Zero Boys - Livin’ in the 80’s [Punk] (1981),4,https://reddit.com/r/Music/comments/1noiifi/zero_boys_livin_in_the_80s_punk_1981/,https://youtu.be/lqT3JcIgDj0,,1758636783.0,0.84,4,0,music,Adultery,0,False,0,False,text
Music,1nou1pn,Phish - Carini -> Light -> Carini -> Sand [rock/jam/psychedelic] (live 9/17/25),0,https://reddit.com/r/Music/comments/1nou1pn/phish_carini_light_carini_sand_rockjampsychedelic/,https://m.youtube.com/watch?v=DaJjzUQ1b_o&pp=0gcJCesJAYcqIYzv,,1758663042.0,0.5,0,0,music,GrouchySalary5677,0,False,0,False,text
Music,1noka8r,The Largest Music Event in Fortnite's History: Featuring Daft Punk!,2,https://reddit.com/r/Music/comments/1noka8r/the_largest_music_event_in_fortnites_history/,https://www.billboard.com/music/music-news/fornite-daft-punk-experience-songs-1236072028/,,1758640866.0,0.57,2,0,article,ExtremeFlow8177,0,False,0,False,text
Music,1nmz9ae,Dua Lipa fires manager after his attempt to stop rappers Kneecap from Glastonbury,19097,https://reddit.com/r/Music/comments/1nmz9ae/dua_lipa_fires_manager_after_his_attempt_to_stop/,https://telegrafi.com/en/amp/Dua-Lipa-fires-manager-after-his-attempt-to-stop-pro-Palestinian-rappers-kneecap-at-Glastonbury-2674013721,,1758478547.0,0.91,19097,0,article,Tr0jan___,836,False,0,False,text
Music,1notntr,The Sherlocks - Going Nowhere (Official Live Video) [Indie rock],1,https://reddit.com/r/Music/comments/1notntr/the_sherlocks_going_nowhere_official_live_video/,https://youtube.com/watch?v=EpcU7agNocU,,1758662133.0,0.6,1,0,music,Morgana337,3,False,0,False,text
Music,1non3f7,Music Monday,2,https://reddit.com/r/Music/comments/1non3f7/music_monday/,https://www.reddit.com/r/Music/comments/1non3f7/music_monday/,Im starting something on my Snapchat called music Monday where people submit an artist song or album and whichever one I fw the most gets posted on my story. Just thought it’d be something fun to do with music and to get introduced to new music as well. If you want to join in then add me on Snapchat. osscaboss9,1758647150.0,0.75,2,0,discussion,567829,3,False,0,False,text
Music,1noe7zy,John Denver - Rocky Mountain High [Folk Rock] (from The Wildlife Concert),7,https://reddit.com/r/Music/comments/1noe7zy/john_denver_rocky_mountain_high_folk_rock_from/,https://www.youtube.com/watch?v=cOS5-n7dyj4,,1758625010.0,0.89,7,0,music,zsreport,0,False,0,False,text
Music,1nompnk,Foreign Frame — Excrucior [minimal synth] (2025),2,https://reddit.com/r/Music/comments/1nompnk/foreign_frame_excrucior_minimal_synth_2025/,https://open.spotify.com/track/4pgjNEFxCC5zIGL1mFCEWo,,1758646314.0,0.76,2,0,music,thebalsysquirrel,0,False,0,False,text
Music,1np67sp,Blake Lively's Team 'Desperate' for Taylor Swift's Help as Man Is Arrested Trying to Serve Her Deposition Papers,0,https://reddit.com/r/Music/comments/1np67sp/blake_livelys_team_desperate_for_taylor_swifts/,https://www.ibtimes.co.uk/blake-livelys-team-desperate-taylor-swifts-help-man-arrested-trying-serve-her-deposition-1744955,,1758700336.0,0.09,0,0,article,True-Ebb-9719,0,False,0,False,text
Music,1nommq3,Proletaryat - Tienanmen [punk rock],2,https://reddit.com/r/Music/comments/1nommq3/proletaryat_tienanmen_punk_rock/,https://youtu.be/sHd-xzNd7FE,,1758646131.0,1.0,2,0,music,Coalescent74,0,False,0,False,text
Music,1noxvb0,What song does this intro remind me of?,0,https://reddit.com/r/Music/comments/1noxvb0/what_song_does_this_intro_remind_me_of/,https://www.reddit.com/r/Music/comments/1noxvb0/what_song_does_this_intro_remind_me_of/,"This song popped up on my YouTube and at 0:23 when the beat drops I swear it reminds me of another song for just a quick second. I'm fairly certain it's a female singer and probably a pop song or maybe Indie? Its killing me. I feel like the song was maybe about like the world ending or a catastrophe or something? But I cannot for the life of me figure it out or remember any of the lyrics

https://youtu.be/cswfR85D7jM?si=ObC3X8EecPVMuchR",1758672974.0,0.25,0,0,discussion,lez_sar7,3,False,0,False,text
Music,1no0qex,Dead Kennedys - Let's Lynch The Landlord [punk],56,https://reddit.com/r/Music/comments/1no0qex/dead_kennedys_lets_lynch_the_landlord_punk/,https://youtu.be/aCiYmCVikjo,,1758580442.0,0.93,56,0,music,BomberRURP,1,False,0,False,text
Music,1no6xm0,Stevie Nicks Reveals Pre-Fame Letter She Wrote Predicting Her Legacy,21,https://reddit.com/r/Music/comments/1no6xm0/stevie_nicks_reveals_prefame_letter_she_wrote/,https://www.rollingstone.com/music/music-news/stevie-nicks-pre-fame-letter-parents-buckingham-nicks-1235432949/,,1758598166.0,0.68,21,0,article,freddledgruntbugly,15,False,0,False,text
Music,1noltd4,The Rapture - House Of Jealous Lovers [Indie Rock] (2003) - official video,2,https://reddit.com/r/Music/comments/1noltd4/the_rapture_house_of_jealous_lovers_indie_rock/,https://youtu.be/kFIHkIGUJJ8?si=5EXNUGwCaAcS2kjS,,1758644319.0,1.0,2,0,music,boot2skull,1,False,0,False,text
Music,1nnw0f1,"Twenty One Pilots' 'Breach' breaches the No. 1 spot on the Billboard 200 with 200k units sold, the band's first #1 since 2015 with Blurryface, beating out Ed Sheeran's Play",93,https://reddit.com/r/Music/comments/1nnw0f1/twenty_one_pilots_breach_breaches_the_no_1_spot/,https://www.billboard.com/music/chart-beat/twenty-one-pilots-breach-number-one-billboard-200-chart-1236071465,,1758569212.0,0.88,93,0,article,MidNCS,11,False,0,False,text
Music,1norqy5,Deciding on getting SoundCloud Go+,1,https://reddit.com/r/Music/comments/1norqy5/deciding_on_getting_soundcloud_go/,https://www.reddit.com/r/Music/comments/1norqy5/deciding_on_getting_soundcloud_go/,"In my situation i would have to pay 6$ a month more than i do for spotify rn in order to have SoundCloud go+, but no spotify. Now i really like the looks of soundclouds mobile app but there's also a lot of missing features and other stuff thats not as simple to do as in spotify, for example i cant just swipe a song to add it to queue. But i also like the bigger catalog, wich even has new music that's not published by the artist itself (like the recent kanye album/-s). However anothet downside is the lack of lyrics, although thats not too important.

So i'd like to hear the opinion of people that have go+. Is switching from spotify to SoundCloud worth the 6$ extra? And is it better as a main music streaming platform?",1758657709.0,0.67,1,0,discussion,NoAlarmsNoSurprises4,0,False,0,False,text
Music,1nordir,"Move it up, Move it up, It's a Breach! Twenty One Pilots are now considered the #1 artist in the week of Sept. 27 by Billboard, matching their #1 on the 200 for their album, Breach",2,https://reddit.com/r/Music/comments/1nordir/move_it_up_move_it_up_its_a_breach_twenty_one/,https://www.billboard.com/charts/artist-100,,1758656866.0,0.6,2,0,article,MidNCS,0,False,0,False,text
Music,1nor6cd,SHEORU - Ruin [heavy metal] (2025),1,https://reddit.com/r/Music/comments/1nor6cd/sheoru_ruin_heavy_metal_2025/,https://youtu.be/bCL4LUozdME?si=iJW70OpBh_GznZT-,,1758656413.0,1.0,1,0,music,pothoe69,0,False,0,False,text
Music,1nor588,Fastyle - 50cent type beat [hip hop],1,https://reddit.com/r/Music/comments/1nor588/fastyle_50cent_type_beat_hip_hop/,https://youtu.be/10-g0L03yvs?si=h8AtBQDCG5d_WCLS,,1758656344.0,1.0,1,0,music,yujirohanma69,0,False,0,False,text
Music,1nozf0e,What is this music genre called? Does anyone know?,0,https://reddit.com/r/Music/comments/1nozf0e/what_is_this_music_genre_called_does_anyone_know/,https://www.reddit.com/r/Music/comments/1nozf0e/what_is_this_music_genre_called_does_anyone_know/,"https://preview.redd.it/iw1zexu7m0rf1.png?width=609&format=png&auto=webp&s=635ce82ceca13fb4f0dd2abf8d97079c44971b2e

I need to know what is it called because I really like this style and I wanted to find other songs that sound like those. Spotify says it is weirdcore but I am pretty sure that this is an umbrella term for a LOT of genres and styles. This is the album: [https://open.spotify.com/intl-pt/album/5lWxoPRQTlqtAHD6U1kcdS?si=6ZUzc7mPTn6wnOs5fdERkA](https://open.spotify.com/intl-pt/album/5lWxoPRQTlqtAHD6U1kcdS?si=6ZUzc7mPTn6wnOs5fdERkA)   
If anyone knows, let me know :) ",1758677410.0,0.44,0,0,discussion,fairyexplosion,11,True,1,False,text
Music,1nokrno,Classic Rock’s Vault Isn’t Empty: 10 Lost Projects We Need to See Released,0,https://reddit.com/r/Music/comments/1nokrno/classic_rocks_vault_isnt_empty_10_lost_projects/,https://www.rollingstone.com/music/music-lists/unreleased-albums-beach-boys-beatles-bob-seger-1235432732/,,1758641964.0,0.5,0,0,article,ebradio,0,False,0,False,text
Music,1np9d3n,There is not enough progress in this D4vd situation..,0,https://reddit.com/r/Music/comments/1np9d3n/there_is_not_enough_progress_in_this_d4vd/,https://www.reddit.com/r/Music/comments/1np9d3n/there_is_not_enough_progress_in_this_d4vd/,"Just like 1 week ago and 2 weeks ago, the last thing we know about this case is they have matching tattoos. 

Is this guy actually going to go to jail for this, or will his obvious case be swept under the rug while we move on to the next trend? Lol",1758712507.0,0.19,0,0,discussion,goonbease,9,False,0,False,text
Music,1nok7oh,Corona - The Rhythm of the Night (SYNTHONY Live with orchestra and original uncredited singer Jenny B) [Orchestral Dance],2,https://reddit.com/r/Music/comments/1nok7oh/corona_the_rhythm_of_the_night_synthony_live_with/,https://m.youtube.com/watch?v=L1LjHwlflYs,,1758640701.0,1.0,2,0,music,digitalmediaworld,0,False,0,False,text
Music,1noq2c3,Sub Urban - UH OH! (feat. BENEE) [Official Music Video],0,https://reddit.com/r/Music/comments/1noq2c3/sub_urban_uh_oh_feat_benee_official_music_video/,https://youtube.com/clip/UgkxLs7Lny6VWJ1yB6qxcYuOdxdBKHxovktt?si=5-PJ5sN0Rwglvzh8,,1758653878.0,0.5,0,0,music,Spike_wodl,0,False,0,False,text
Music,1nn9044,d4vd is the only mod on his sub and is removing posts lmao.,2241,https://reddit.com/r/Music/comments/1nn9044/d4vd_is_the_only_mod_on_his_sub_and_is_removing/,/r/d4vd/comments/1kb44zz/wats_up_guys_i_finally_have_reddit_lmao/,,1758503079.0,0.96,2241,0,discussion,Freewave427,192,False,0,False,text
Music,1nopxrl,Waylon Jennings - It's All Over Now [country],1,https://reddit.com/r/Music/comments/1nopxrl/waylon_jennings_its_all_over_now_country/,https://youtu.be/k8p5_G4zWh4?si=K3ZWqTLBjVFQ0SpF,,1758653581.0,0.6,1,0,music,d3rk2007,0,False,0,False,text
Music,1nojbe4,defspiral - Dive Into The Mirror [Visual Kei],2,https://reddit.com/r/Music/comments/1nojbe4/defspiral_dive_into_the_mirror_visual_kei/,https://www.youtube.com/watch?v=5L-DgeM519A,,1758638685.0,1.0,2,0,music,jwg2695,0,False,0,False,text
Music,1nouzw7,Melody Magic – Golden [Electropop/K-Pop],0,https://reddit.com/r/Music/comments/1nouzw7/melody_magic_golden_electropopkpop/,https://www.youtube.com/watch?v=6Nar19-itwA,,1758665349.0,0.25,0,0,music,Sea-Feeling-5353,0,False,0,False,text
Music,1nooxsr,Does it have a name or genre ?,1,https://reddit.com/r/Music/comments/1nooxsr/does_it_have_a_name_or_genre/,https://www.reddit.com/r/Music/comments/1nooxsr/does_it_have_a_name_or_genre/,"Hello fellow music lover ! I started to heavily put love and interest myself into musics about 2 to 3 year ago loving mostly anythings that contain a bit of the metal genre.  Starting with scarlxrd last year of middle school. Next i've widen what i was listening too with some BVDLVD at that time and discovvered lil darkie, ghostmane througt my ex and a lot of things. Now my catalog of modern and old ""metalish"" song is very cool and i discovered trought that a new style of thing that i love and i wonder if this have a name or some artits that i may discover with your help

I can only define that through ""classical metal"" or sometime electro and even better when the three are mixed together 

The first time i heard it, it tought about this style it was from the video game ultrakill and the song ""order"". I absolutly love the start with the choir and the instruments. And since that i loved to listen to video game metal (or metal reprise) music and i don't really know how i got there but i was listenning to ""Pathétique"" - Accept and what an absolute blessing to my hears. 

Fast forward of about a few month and i kept listenning to this type of music with the album ""Chaos Magic"" - Meganeko. Judgment from the same artist  
And just today i've found ""No Rest For Any One"" - zYnthetic

I also listen to ""Die Screaming"" - Dysmn. For me it look like some flamenco mixed with something metalish 

Please i really recommand you to try it and i hope you'll like it. And for the one who know what im talking about i'm hoping you exist and you propose me some of the best title you have 

PS : maybe my english wasnt perfect im sorry to all the native i've insulted",1758651330.0,0.67,1,0,discussion,Fxneasi,4,False,0,False,text
Music,1no7fwe,New Cheap Trick song is better than I expected,15,https://reddit.com/r/Music/comments/1no7fwe/new_cheap_trick_song_is_better_than_i_expected/,https://www.reddit.com/r/Music/comments/1no7fwe/new_cheap_trick_song_is_better_than_i_expected/,"I lost track of Cheap Trick years ago,  but their new song, “Twelve Gates”, came up on my Apple Music feed and it caught my attention. 

I’m not saying it’s ground breaking stuff, but it sounds modern while still giving a  nostalgic vibe. ",1758599746.0,0.82,15,0,discussion,wileywarfisch,4,False,0,False,text
Music,1noiq6a,Crabby Appleton - Go Back [Hard Rock/Psychedelic Rock] (1970),2,https://reddit.com/r/Music/comments/1noiq6a/crabby_appleton_go_back_hard_rockpsychedelic_rock/,https://www.youtube.com/watch?v=S_Mp_i81ltg,,1758637293.0,1.0,2,0,music,LynnButterfly,0,False,0,False,text
Music,1np4cqf,Looking for someone who wants to use my TikTok reach to market their influence or run campaign,0,https://reddit.com/r/Music/comments/1np4cqf/looking_for_someone_who_wants_to_use_my_tiktok/,https://www.reddit.com/r/Music/comments/1np4cqf/looking_for_someone_who_wants_to_use_my_tiktok/,"I currently have 430k followers with over 140 million total likes, and my posts average 100k-200k views per video each. The audience is very active and engaged, making it a strong platform for exposure.
If you're looking to push collabs, test brand promos, or get more eyes on your business, this is a great way to reach a large and active audience without starting from scratch.
DM me if you'd like to chat details or see analytics.",1758693112.0,0.09,0,0,discussion,Long-Lie-7340,0,False,0,False,text
Music,1np49l0,Imagine Dragons - Radioactive ft. Kendrick Lamar Live [Car Commercial],0,https://reddit.com/r/Music/comments/1np49l0/imagine_dragons_radioactive_ft_kendrick_lamar/,https://youtu.be/CHFfejYUX-U,,1758692790.0,0.24,0,0,music,Dragonfruit-Sparking,3,False,0,False,text
Music,1noi8eu,The Byrds - Chestnut Mare [Folk Rock] (1970),2,https://reddit.com/r/Music/comments/1noi8eu/the_byrds_chestnut_mare_folk_rock_1970/,https://www.youtube.com/watch?v=_SdiSjpOdyU,,1758636125.0,0.76,2,0,music,LynnButterfly,0,False,0,False,text
Music,1noi7kh,"Nova Rock Festival 2026: Zweite Bandwelle mit Iron Maiden, The Cure, Volbeat und Bring Me The Horizon",2,https://reddit.com/r/Music/comments/1noi7kh/nova_rock_festival_2026_zweite_bandwelle_mit_iron/,https://paranoyd-magazin.de/2025/09/23/nova-rock-festival-26-lineup-maiden/,,1758636075.0,0.76,2,0,event info,Paranoyd-Magazin,0,False,0,False,text
Music,1noi6o4,"Rock am Ring 2026: Erste Bandwelle veröffentlicht mit Headlinern Iron Maiden, Linkin Park und Volbeat",2,https://reddit.com/r/Music/comments/1noi6o4/rock_am_ring_2026_erste_bandwelle_veröffentlicht/,https://paranoyd-magazin.de/2025/09/23/rock-am-ring-2026-erste-bandwelle/,,1758636018.0,1.0,2,0,event info,Paranoyd-Magazin,0,False,0,False,text
Music,1nn9q5t,Eminem’s Music Publisher Eight Mile Style have not dropped the case Suing Meta for $109 Million Over Copyright Infringement Claim,1619,https://reddit.com/r/Music/comments/1nn9q5t/eminems_music_publisher_eight_mile_style_have_not/,https://wikicrawlers.com/archives/2815,,1758505151.0,0.98,1619,0,article,Icy-You3927,14,False,0,False,text
Music,1nonylb,smoovefye - lies [chill],1,https://reddit.com/r/Music/comments/1nonylb/smoovefye_lies_chill/,https://youtu.be/RjUc02ZqJnM?si=LXeR5DJU4WJ9VNGW,,1758649140.0,1.0,1,0,music,smoovefye,0,False,0,False,text
Music,1nonu2t,smoovefye - try 2 [hiphop],1,https://reddit.com/r/Music/comments/1nonu2t/smoovefye_try_2_hiphop/,https://youtu.be/bJCUyw6LaUg?si=MznlxaZrzz3FSVk2,,1758648849.0,1.0,1,0,music,smoovefye,0,False,0,False,text
Music,1nonsqm,"I love Alabama Shakes, just rediscovered them after years!",1,https://reddit.com/r/Music/comments/1nonsqm/i_love_alabama_shakes_just_rediscovered_them/,https://www.reddit.com/r/Music/comments/1nonsqm/i_love_alabama_shakes_just_rediscovered_them/,"I wanted to know if there's a name for their style, like a tag, genrenym..
What are they listed as on lastfm or RYM, what would a band influenced by the tag themselves as on bandcamp? I've searched and searched only things I've anywhere near are noid and redbone ",1758648762.0,0.56,1,0,discussion,PseudoPatriotsNotPog,3,False,0,False,text
Music,1no33tq,Meat Puppets Recount How Punk Roots Led to Psychedelic Exploration,22,https://reddit.com/r/Music/comments/1no33tq/meat_puppets_recount_how_punk_roots_led_to/,https://retrofuturista.com/meat-puppets-recount-how-punk-roots-led-to-psychedelic-exploration/,,1758586926.0,0.89,22,0,article,subsonico,1,False,0,False,text
Music,1nongsb,Undead Egypt Unveils “Re-introductions” EP: A Refined Take on Experimental Soundscapes,1,https://reddit.com/r/Music/comments/1nongsb/undead_egypt_unveils_reintroductions_ep_a_refined/,https://www.thomathyentertainment.com/2025/09/undead-egypt-unveils-re-introductions.html?m=1,,1758648003.0,1.0,1,0,article,thomathyent,0,False,0,False,text
Music,1np1aig,Who are your Top 5 Favorite Male Country Singers of All Time?,0,https://reddit.com/r/Music/comments/1np1aig/who_are_your_top_5_favorite_male_country_singers/,https://www.reddit.com/r/Music/comments/1np1aig/who_are_your_top_5_favorite_male_country_singers/,"My Top 5 Favorite Male Country Singers of All Time are:

5. Randy Travis

4. George Strait 

3. Merle Haggard 

2. Charley Pride 

1. Johnny Cash - Because he can sing in tune well, and the man has a good sense of pitch - at least from that alone even listeners who do not listen to his music much will agree that Cash is definitely a good singer.

What makes him a great, legendary singer, however, was his distinctive, deep bass-baritone voice. Cash has great control over his low register and makes it his signature style of singing, which gives him an extremely unique feature compared to other singers. His songwriting was also great, where a number of his tunes such as I Walk The Line and Folsom Prison Blues turned out to be all-time classics. ",1758682865.0,0.33,0,0,discussion,Amber_Flowers_133,11,False,0,False,text
Music,1nnn60i,"My Chemical Romance's ""The Black Parade Tour"" Returns in 2026 with New Dates Alongside Iggy Pop, The Breeders, Modest Mouse, BABYMETAL, Jimmy Eat World, The Mars Volta, and More",158,https://reddit.com/r/Music/comments/1nnn60i/my_chemical_romances_the_black_parade_tour/,https://consequence.net/2025/09/my-chemical-romance-2026-the-black-parade-tour-dates/,,1758549373.0,0.94,158,0,article,ebradio,34,False,0,False,text
Music,1non998,Gauri Deshpande - Do Naina [Piano cover],1,https://reddit.com/r/Music/comments/1non998/gauri_deshpande_do_naina_piano_cover/,https://youtu.be/eVupBH4aEZ0?si=rXB5Fu3vB_Q4Xn6C,,1758647523.0,1.0,1,0,music,gauricd,0,False,0,False,text
Music,1non84e,Gauri Deshpande - Do Naina [Piano cover],0,https://reddit.com/r/Music/comments/1non84e/gauri_deshpande_do_naina_piano_cover/,https://youtu.be/eVupBH4aEZ0?si=lYYGysLpA4ur7o-w,,1758647449.0,0.5,0,0,music,gauricd,0,False,0,False,text
Music,1noh7to,Ripe - Letting Go (ft. Lawrence) [Funk/Pop],2,https://reddit.com/r/Music/comments/1noh7to/ripe_letting_go_ft_lawrence_funkpop/,https://m.youtube.com/watch?v=cbZhApryDVM,,1758633633.0,0.75,2,0,music,shockwave_supernova,0,False,0,False,text
Music,1nomz2d,Need advice for a beginner,1,https://reddit.com/r/Music/comments/1nomz2d/need_advice_for_a_beginner/,https://www.reddit.com/r/Music/comments/1nomz2d/need_advice_for_a_beginner/,"Hey guys, 
I am 25M from Windsor Ontario Canada, I absolutely love COLDPLAY, I want to learn music and dont know what to start with guitar or piano. 

Can some give some direction here what instrument to start with, and any other information you deem necessary for a person who has never held an instrument in his hand. 

Thankyou ",1758646882.0,0.6,1,0,discussion,Calamity_71,2,False,0,False,text
Music,1nmrrh7,Gavin Newsom Says Trump Ally Kid Rock Is ‘Indefinitely Suspended’ from Performing in California Over ‘Horrific’ Music,31747,https://reddit.com/r/Music/comments/1nmrrh7/gavin_newsom_says_trump_ally_kid_rock_is/,https://newsrepublic.co.uk/2025/09/21/gavin-newsom-says-trump-ally-kid-rock-is-indefinitely-suspended-from-performing-in-california-over-horrific-music/,,1758460750.0,0.91,31747,0,article,Royal_Beast_2025,806,False,0,False,text
Music,1nomopg,Session hero Brent Mason has played on over a thousand records. Here’s what he’s learned about getting the job done,1,https://reddit.com/r/Music/comments/1nomopg/session_hero_brent_mason_has_played_on_over_a/,https://www.guitarworld.com/artists/guitarists/brent-mason-on-what-he-learned-from-his-session-career,,1758646256.0,0.6,1,0,article,dalyllama35,0,False,0,False,text
Music,1no8oj1,Napalm Death - Suffer the Children [Grindcore],8,https://reddit.com/r/Music/comments/1no8oj1/napalm_death_suffer_the_children_grindcore/,https://www.youtube.com/watch?v=_5JNeIyzgKw,,1758603907.0,0.9,8,0,music,fundamental-error,6,False,0,False,text
Music,1nnz0if,Iggy & The Stooges - Gimme Danger (Bowie Mix) [Punk],31,https://reddit.com/r/Music/comments/1nnz0if/iggy_the_stooges_gimme_danger_bowie_mix_punk/,https://www.youtube.com/watch?v=2Z7OeQAnMJ0&t=21,,1758576132.0,0.93,31,0,music,MileenasFeet,2,False,0,False,text
Music,1nolbmj,"Korn's ""See You On The Other Side"" Set For 20th Anniversary Vinyl Release",1,https://reddit.com/r/Music/comments/1nolbmj/korns_see_you_on_the_other_side_set_for_20th/,https://www.theprp.com/2025/09/23/news/korns-see-you-on-the-other-side-set-for-20th-anniversary-vinyl-release/,,1758643216.0,0.54,1,0,article,EmployOk5086,1,False,0,False,text
Music,1no25bp,"Bee Gees - How Deep Is Your Love (Live in Las Vegas, 1997) [Pop]",21,https://reddit.com/r/Music/comments/1no25bp/bee_gees_how_deep_is_your_love_live_in_las_vegas/,https://youtu.be/pFg0FCx4FGs?si=wc-lgpdTv2U_9hUd,,1758584254.0,0.93,21,0,music,pigeon-in-greggs,1,False,0,False,text
Music,1nouibj,Qué servicio de música funciona mejor entre iOS y Android? (Spotify vs Apple Music vs Amazon Music vs YT Music),0,https://reddit.com/r/Music/comments/1nouibj/qué_servicio_de_música_funciona_mejor_entre_ios_y/,/r/RedditPregunta/comments/1nno4f0/qué_servicio_de_música_funciona_mejor_entre_ios_y/,,1758664156.0,0.2,0,0,article,bravesquirre1,1,False,0,False,text
Music,1nntpyy,The era of male singers with high voices,56,https://reddit.com/r/Music/comments/1nntpyy/the_era_of_male_singers_with_high_voices/,https://www.reddit.com/r/Music/comments/1nntpyy/the_era_of_male_singers_with_high_voices/,"It seems that a lot of popular bands from the late '70s and early '80s had male singers with high voices or singing in falsetto. Doobie Brothers, Supertramp, Starland Vocal Band, and the Bee-Gees come to mind in the soft rock genre, but it was also in Motown. Why was that singing style so popular back then? Did it just mix well in the studio or sound better on the available media and stereo equipment?",1758564087.0,0.82,56,0,discussion,stormpilgrim,100,False,0,False,text
Music,1nokwlh,I Need help,0,https://reddit.com/r/Music/comments/1nokwlh/i_need_help/,https://www.reddit.com/r/Music/comments/1nokwlh/i_need_help/,"I need songs for a sports arena where people, need to clap at the same time to make as much noise as possible to get the asmophere going.

Some of the songs that have already worked great is- Chuck Norris, This girl, and pump it up. I really hope some off you have som great song",1758642275.0,0.4,0,0,discussion,stockzzdk,6,False,0,False,text
Music,1noktgs,Le Chalet Studio - Studio N°1 de l'année 2025 des studios rap!,0,https://reddit.com/r/Music/comments/1noktgs/le_chalet_studio_studio_n1_de_lannée_2025_des/,https://www.reddit.com/r/Music/comments/1noktgs/le_chalet_studio_studio_n1_de_lannée_2025_des/,"Plus besoin de présenter[ Le Chalet Studio](https://www.lechaletstudio.fr) 🎶  
Un lieu dédié à l’enregistrement, au mixage et au mastering, juste à côté de Paris.  
On passe souvent en live sur TikTok avec les artistes, si tu veux voir l’ambiance et à quoi ressemble le studio.",1758642075.0,0.5,0,0,discussion,TellOther5554,0,False,0,False,text
Music,1nok6gv,Our Freedom,1,https://reddit.com/r/Music/comments/1nok6gv/our_freedom/,/r/originalmusic/comments/1nnn3jb/our_freedom/,,1758640626.0,1.0,1,0,article,LouHeffernan,0,False,0,False,text
Music,1noerso,Mixing and other contructive feedback for Gabber/Artcore productions,2,https://reddit.com/r/Music/comments/1noerso/mixing_and_other_contructive_feedback_for/,/r/AdvancedProduction/comments/1noe8a1/mixing_and_other_contructive_feedback_for/,,1758626816.0,0.76,2,0,article,Psych1atrist,0,False,0,False,text
Music,1nojpso,Collaboration to make some music,1,https://reddit.com/r/Music/comments/1nojpso/collaboration_to_make_some_music/,https://www.reddit.com/r/Music/comments/1nojpso/collaboration_to_make_some_music/,"I am a poetry/song writer. Would anyone be interested in collaborating in making music. I do it for fun as it’s not something I choose to pursue as a career however I enjoy doing it. 

#music ",1758639610.0,1.0,1,0,discussion,Opposite_moon420,0,False,0,False,text
Music,1np2evo,"D4vd and Tyler, the creator",0,https://reddit.com/r/Music/comments/1np2evo/d4vd_and_tyler_the_creator/,https://www.reddit.com/r/Music/comments/1np2evo/d4vd_and_tyler_the_creator/,"I made a video on tiktok comparing david's ""alter-ego"" narrative (Itami) and Tyler the creator's ""alter-ego"" narrative (Wolf). People in my comments were (maybe understandably?) upset because tyler's older work is all ""fictional"" and tells a ""story"" and wasnt comparable to david who is an alleged murderer. But, as we've seen in many interviews david also marketed his music/albums as an alter-ego storyline, which we now know has some truth to it. I'm not saying that tyler was alluding to crimes he actually committed in his songs, like David did, but i think there is some validity in questioning these artists who write songs about commiting violence against women and girls under the guise of ""art"" or a ""story"" narrative. (fiction or not, making music about kidnapping, killing, and raping women sucks.) I'd like to know the thoughts of people who are more educated on the subject of both davids music and tylers music. ",1758686376.0,0.27,0,0,discussion,hyacinthhouse1,11,False,0,False,text
Music,1noj9pv,The Chameleons: A Conversation on Arctic Moon and Creative Renewal,1,https://reddit.com/r/Music/comments/1noj9pv/the_chameleons_a_conversation_on_arctic_moon_and/,https://retrofuturista.com/the-chameleons-a-conversation-on-arctic-moon-and-creative-renewal/,,1758638578.0,1.0,1,0,article,subsonico,0,False,0,False,text
Music,1noj6lu,"CriticalMaths - ""Fan Tom"" [Electronica]",1,https://reddit.com/r/Music/comments/1noj6lu/criticalmaths_fan_tom_electronica/,https://www.youtube.com/watch?v=uoCAA_cLF6c,,1758638374.0,1.0,1,0,music,yawnicus,0,False,0,False,text
Music,1noj3bp,Euclid Aguilar - Used to Be Us [Pop Rock] (2025),1,https://reddit.com/r/Music/comments/1noj3bp/euclid_aguilar_used_to_be_us_pop_rock_2025/,https://open.spotify.com/track/3ItonadAKb8Geav45ryoEx?si=0sZMFBlURISUadNBciBL1w,,1758638150.0,1.0,1,0,music,Oxygen_inhaler1,0,False,0,False,text
Music,1nnsi91,Fleetwood Mac deny they’re reuniting to play at JK Rowling’s birthday party,52,https://reddit.com/r/Music/comments/1nnsi91/fleetwood_mac_deny_theyre_reuniting_to_play_at_jk/,https://www.the-independent.com/arts-entertainment/music/news/fleetwood-mac-jk-rowling-birthday-party-b2831456.html,,1758561386.0,0.83,52,0,article,theindependentonline,10,False,0,False,text
Music,1nohrly,Beth McCarthy - Good Bi [Pop],0,https://reddit.com/r/Music/comments/1nohrly/beth_mccarthy_good_bi_pop/,https://youtu.be/Twm54ZCdPhE?si=iTABvJQPHmd3YMza,,1758635000.0,0.5,0,0,music,DuncneyForever,0,False,0,False,text
Music,1nnqv6t,Peaches - F**k The Pain Away [Electroclash],47,https://reddit.com/r/Music/comments/1nnqv6t/peaches_fk_the_pain_away_electroclash/,https://youtu.be/3cV6pnvCVM4?feature=shared,,1758557739.0,0.9,47,0,music,Alarming_Length6100,4,False,0,False,text
Music,1noh838,Burnizzy33_&_MRX_Amanhã Será Melhor_(Offial Áudio).prodby_Elix_Music,1,https://reddit.com/r/Music/comments/1noh838/burnizzy33_mrx_amanhã_será_melhor_offial/,https://www.reddit.com/r/Music/comments/1noh838/burnizzy33_mrx_amanhã_será_melhor_offial/,"Como vai? Aqui é o vosso 33 3hunna um dos membros da WMB💣. Peso que sigam minha página é muita inovação que eu tenho para o mundo de Trap, Hip-Hop Rap e Drull🎚.   
Lembrem que música é uma arte que expressa os nossos sentimentos💔, ela serve como refúgio de muito problemas🤍",1758633654.0,1.0,1,0,discussion,Agile-Back9225,0,False,0,False,text
Music,1nogywj,I need help finding two songs again.,0,https://reddit.com/r/Music/comments/1nogywj/i_need_help_finding_two_songs_again/,https://www.reddit.com/r/Music/comments/1nogywj/i_need_help_finding_two_songs_again/,So ive had two songs pop into my head this spooky season and I can not find them again. They were on Spotify but are no longer there and I cant find them anywhere. One had the definition of a psychopath and the sound from the movie psycho. The other was about Fog and the dangers of what lives in the fog. Both are EDM but I can not find them when using google. I feel like im going crazy but I know these songs exist.,1758633001.0,0.5,0,0,discussion,Salty_Grapefruit1514,0,False,0,False,text
Music,1nntnwi,Metallica - Eye of the Beholder [progressive Thrash] (1988),34,https://reddit.com/r/Music/comments/1nntnwi/metallica_eye_of_the_beholder_progressive_thrash/,https://youtu.be/pEBp9ulELLA?si=KYqn-JV_IxJu4AFI,,1758563973.0,0.95,34,0,music,ThrashMetallix,5,False,0,False,text
Music,1nozbhe,Sean ‘Diddy’ Combs family and friends plead for his release ahead of sentencing,0,https://reddit.com/r/Music/comments/1nozbhe/sean_diddy_combs_family_and_friends_plead_for_his/,https://wikicrawlers.com/archives/2827,,1758677128.0,0.25,0,0,article,Icy-You3927,2,False,0,False,text
Music,1nogfsw,Neolithic - The Mound (Albion) [Neo-Folk],1,https://reddit.com/r/Music/comments/1nogfsw/neolithic_the_mound_albion_neofolk/,https://open.spotify.com/track/0FlMw8ETWSArAzgoBwhQKb?si=a6cf9f34297d45a6,,1758631612.0,1.0,1,0,music,Luminosity26,0,False,0,False,text
Music,1nog8cc,"What voices are suitable for rock, gothic rock, metal, gothic metal, love metal, and so on?",0,https://reddit.com/r/Music/comments/1nog8cc/what_voices_are_suitable_for_rock_gothic_rock/,https://www.reddit.com/r/Music/comments/1nog8cc/what_voices_are_suitable_for_rock_gothic_rock/,"What voices are suitable for rock, gothic rock, metal, gothic metal, love metal, and so on?
For example, would a baritone or bass-baritone, or even low bass, be suitable?
And could you please provide examples of such vocalists?
",1758631066.0,0.33,0,0,discussion,IcySeaworthiness5209,0,False,0,False,text
Music,1nnzwje,Bad Religion - New Dark Ages [Punk/Hardcore],12,https://reddit.com/r/Music/comments/1nnzwje/bad_religion_new_dark_ages_punkhardcore/,https://youtu.be/RGqA1lNXYhg?si=MOCLaarjKR_wcwug,,1758578349.0,0.84,12,0,music,MattyLlama,0,False,0,False,text
Music,1nobrzc,Alaïs - You and I [Pop] (2025),2,https://reddit.com/r/Music/comments/1nobrzc/alaïs_you_and_i_pop_2025/,https://open.spotify.com/intl-fr/album/1GIN8cA6Ap8mVGGyM3JaL5?si=PEyP4ZdETiqOu7nDxezBcA&nd=1&dlsi=0064dd92442349e6,,1758615737.0,1.0,2,0,music,Initial_Arugula5288,2,False,0,False,text
Music,1noxd70,Thoughts on AI Music?,0,https://reddit.com/r/Music/comments/1noxd70/thoughts_on_ai_music/,https://www.reddit.com/r/Music/comments/1noxd70/thoughts_on_ai_music/,"This question has probably been asked multiple times before, but I'm looking for answers from a wider audience. What are your true thoughts on AI music? Would you listen to it? Do you like it? Let me know any thoughts you have on the topic :)",1758671576.0,0.15,0,0,discussion,[deleted],7,False,0,False,text
Music,1no4lh2,Invisible Movement - When Spirits Speak [Alternative / Acoustic Rock],7,https://reddit.com/r/Music/comments/1no4lh2/invisible_movement_when_spirits_speak_alternative/,https://youtu.be/UFoCUdUjPgk,,1758591182.0,1.0,7,0,music,elreydelosgueys,2,False,0,False,text
Music,1norpxp,Horrible high pitched bell sound effect in Madonna’s ‘Material Girl’?,0,https://reddit.com/r/Music/comments/1norpxp/horrible_high_pitched_bell_sound_effect_in/,/r/musicproduction/comments/1norol5/horrible_high_pitched_bell_sound_effect_in/,,1758657650.0,0.27,0,0,discussion,No-Shopping-4434,7,False,0,False,text
Music,1noedre,Alessandra Milieri – 'Two Plus One': A Venetian Voice Poised for International Stardom,1,https://reddit.com/r/Music/comments/1noedre/alessandra_milieri_two_plus_one_a_venetian_voice/,https://www.thomathyentertainment.com/2025/09/alessandra-milieri-two-plus-one.html?m=1,,1758625539.0,1.0,1,0,new release,thomathyent,0,False,0,False,text
Music,1no1qo4,Belle and Sebastian - Dear Catastrophe Waitress [Alternative / Indie],8,https://reddit.com/r/Music/comments/1no1qo4/belle_and_sebastian_dear_catastrophe_waitress/,https://youtu.be/-m64XrcO6pg?feature=shared,,1758583129.0,1.0,8,0,music,DandyLionsInSiberia,0,False,0,False,text
Music,1no3033,Album Review – Curren$y – 9/15...Full Tank of Jet Fuel,5,https://reddit.com/r/Music/comments/1no3033/album_review_curreny_915full_tank_of_jet_fuel/,https://hiphophighsociety.com/2025/09/22/album-review-curreny-9-15/,,1758586635.0,0.7,5,0,article,yungfella85,0,False,0,False,text
Music,1nnxeet,Blondie - Rapture [Pop],13,https://reddit.com/r/Music/comments/1nnxeet/blondie_rapture_pop/,https://youtu.be/pHCdS7O248g?si=woTbkmpcyYJUl-sd,,1758572387.0,0.84,13,0,music,nanomeister,0,False,0,False,text
Music,1noqxnr,Doja Cat Defends ‘Vie’ Cover Art From Fan Backlash,0,https://reddit.com/r/Music/comments/1noqxnr/doja_cat_defends_vie_cover_art_from_fan_backlash/,https://www.rollingstone.com/music/music-news/doja-cat-defends-vie-cover-art-fan-backlash-1235433481/,,1758655856.0,0.13,0,0,article,Pirnaloan,2,False,0,False,text
Music,1noheix,Limp Bizkit - My Way (P. Diddy Remix (Explicit)) [Rap Rock],0,https://reddit.com/r/Music/comments/1noheix/limp_bizkit_my_way_p_diddy_remix_explicit_rap_rock/,https://youtu.be/jm4-FpSb75M?si=4Jqr88k7cW79DXGo,,1758634107.0,0.29,0,0,music,EmployOk5086,0,False,0,False,text
Music,1nocx4l,Package Collective Comeback: Lahirkan Label Musik & Goodies Resmi,1,https://reddit.com/r/Music/comments/1nocx4l/package_collective_comeback_lahirkan_label_musik/,https://www.reddit.com/r/Music/comments/1nocx4l/package_collective_comeback_lahirkan_label_musik/,"Namun ini bukan hanya sekadar pertemuan, melainkan momen perkembangan, dari sekadar kelompok menuju ekosistem musik yang semakin kuat. Kembali ke awal tahun, mereka sempat meluncurkan Album Kolektif Paket Vol. It appears there was an oversight, as the text to be paraphrased is not provided. Please share the text you'd like me to work with. Kehadiran langkah baru ini bahkan ikut disorot komunitas musik seperti[ sancays](https://sancays.com/), yang kerap memberi dukungan pada gerakan kreatif lokal.

**Visi Baru Package Collective**

""Setelah mengembangkan proyek masing-masing, kini saatnya untuk menyatukan energi kembali."" ""Bukan hanya untuk kembali – tetapi untuk menciptakan ruang yang dapat menjadi tempat tumbuh bersama dengan lebih kuat,"" kata Bravy, pemimpin Package Collective.

Package Collective kini menaungi 21 anggota aktif dengan latar, karakter, dan warna musik yang berbeda-beda. Nama-nama seperti Whisnu Santika, Bravy, Mister Aloy, KEEBO, hingga Adnan Veron sudah sering tampil di klub bawah tanah hingga festival besar.

**Mendorong Batasan Suara**

Kolektif ini dikenal berani mendorong batasan suara, bahkan melahirkan subkultur Indonesian Bounce yang kini diadopsi di berbagai kota. Tujuannya jelas: bukan menciptakan satu suara tunggal, melainkan memfasilitasi banyak suara agar bisa berkembang bersama.

**Kelahiran Package Records**

Pencapaian paling signifikan di acara ini tentunya adalah munculnya Package Records. Label ini tidak hanya untuk merilis lagu, tapi juga ingin menjadi rumah bagi karya orisinal yang berani, punya arah, dan tumbuh dari nilai komunitas.

**Dukungan Talenta Baru**

Acara ii juga menghadirkan tiga produser baru dari open submission. Mereka akan meluncurkan karya melalui label ini tanpa biaya atau potongan sedikit pun. Langkah ini menunjukkan komitmen Package untuk mendukung talenta lokal yang sering terlewat radar industri.

**Ekosistem Musik yang Kuat**

Syifa, yang merupakan manajer Package Collective, menegaskan, ""Package bukan sekadar sebuah kolektif saja. Ini sudah menjadi ekosistem, yang berisi musik, komunitas, dan ruang untuk berkembang bersama. Package Records dan Package Goodies muncul karena kami ingin meningkatkan standar, sembari mempertahankan semangat kolektif itu, serta dapat memberikan kontribusi yang nyata bagi industri musik elektronik di Indonesia.""

**Penampilan Seru di Event**

Event kemarin juga meriah dengan sesi open deck yang semakin seru berkat penampilan mendadak Reza Arap (YB). Tak berhenti di sana, Young Lex juga terjun dalam menampilkan aksi menarik, sedangkan Erika Carlina hadir secara langsung untuk mendukung Bravy.

",1758620318.0,1.0,1,0,discussion,Select_Issue630,0,False,0,False,text
Music,1notyx9,My friend was trying to give me new music to listen to but then I listed what topics I don’t like and my friend said that excludes 80% of music,0,https://reddit.com/r/Music/comments/1notyx9/my_friend_was_trying_to_give_me_new_music_to/,https://www.reddit.com/r/Music/comments/1notyx9/my_friend_was_trying_to_give_me_new_music_to/,"
These were the topics I said I didn’t like: criminal/gangster, heartbreak, sex/freak, and over the top love songs

Two questions, 1. Is what my friend said true? 2. Does not liking these topics mean I have bad music taste?

My main form of music is independent creators on YouTube making music about video games, anime, movies etc. along with video game OSTs and anime openings. If that says anything.",1758662857.0,0.25,0,0,discussion,aristnecra,19,False,0,False,text
Music,1no2ak1,"I posted about the CBGB festival before, asking who was going.  The big problem was no set times had been released. Here are the set time for the Sept. 27 GBGB fest in Brooklyn, NY",5,https://reddit.com/r/Music/comments/1no2ak1/i_posted_about_the_cbgb_festival_before_asking/,https://evgrieve.com/2025/09/these-are-set-times-for-cbgb-festival.html,,1758584667.0,0.67,5,0,article,Dont_think_Do,3,False,0,False,text
Music,1nmtaub,Halsey Says She's 'Not Allowed' to Make an Album Right Now Due to Her 2024 Album 'Underperforming',2755,https://reddit.com/r/Music/comments/1nmtaub/halsey_says_shes_not_allowed_to_make_an_album/,https://people.com/halsey-says-she-is-not-allowed-to-make-an-album-right-now-11813331?utm_campaign=peoplemagazine&utm_medium=social&utm_source=reddit.com&utm_content=post,,1758464619.0,0.95,2755,0,article,peoplemagazine,334,False,0,False,text
Music,1nnders,R.I.P. TO A FRIEND,185,https://reddit.com/r/Music/comments/1nnders/rip_to_a_friend/,https://www.reddit.com/r/Music/comments/1nnders/rip_to_a_friend/,"R.I.P. Brett James. A brilliant writer, 22 number one songs, but a better person. A mentor to many, including me, kind, loyal, humble, loving, faithful. May you family find peace and happiness. I will forever dedicate ""The Circle"" to you. Even though you never made it personally, no one deserved to stand there more with your talent. You will always be missed. ",1758516520.0,0.83,185,0,discussion,kydoc33,16,False,0,False,text
Music,1no37vq,How to get back into music/choir/theater,4,https://reddit.com/r/Music/comments/1no37vq/how_to_get_back_into_musicchoirtheater/,https://www.reddit.com/r/Music/comments/1no37vq/how_to_get_back_into_musicchoirtheater/,"I won’t bore you with the long back story. Basically I was in theater and choir and dance in high school. Loved it. Still think back on those days and how much I loved my life (trying to not make it “the glory days” LOL). Then I graduated High School and life happened. It’s been 15 years since I was on the stage, and I miss it so much. 

I don’t need to be a broadway star, but I want to be in the cast again. I see broadway shows, and I get the swell in my heart, the elation, so many feelings; and everything feels right again in the world. I could go on, but trying to make this short.

Serious-How do I go about finding those opportunities to be in the cast again? I don’t even know where to start. ",1758587247.0,0.76,4,0,discussion,268SeaEsta,4,False,0,False,text
Music,1nnrx31,Artists who experienced great loss/tragedy and struggle(d) with severe mental illness?,19,https://reddit.com/r/Music/comments/1nnrx31/artists_who_experienced_great_losstragedy_and/,https://www.reddit.com/r/Music/comments/1nnrx31/artists_who_experienced_great_losstragedy_and/,"As someone who's struggled quite severely with mental illness his entire adult life, as well as experienced lots of loss + tragedy, I'm interested in knowing which artists come from a similar place, as I'd like to listen to their work and see how they funnel these experiences into their music. I'm more interested in the ones where you can very clearly hear the immense pain, suffering, and mental illness. 

My personal favourite examples (for different reasons) are Elliott Smith, Daniel Johnston, John Frusciante and Thom Yorke/Radiohead. ",1758560062.0,0.74,19,0,discussion,morbidhack,81,False,0,False,text
Music,1nnvllm,RUN DMC - It's Tricky [Rap],13,https://reddit.com/r/Music/comments/1nnvllm/run_dmc_its_tricky_rap/,https://www.youtube.com/watch?v=l-O5IHVhWj0,,1758568253.0,0.93,13,0,music,charface1,1,False,0,False,text
Music,1noc620,Does anybody know the names of these songs?,1,https://reddit.com/r/Music/comments/1noc620/does_anybody_know_the_names_of_these_songs/,https://www.reddit.com/r/Music/comments/1noc620/does_anybody_know_the_names_of_these_songs/,"[https://www.youtube.com/watch?v=4sIgvUxPqAM](https://www.youtube.com/watch?v=4sIgvUxPqAM)

For context: I have found this video years ago but couldn't figure out the names of the songs in there, at least not all of them. Any help is appreciated!",1758617342.0,0.67,1,0,discussion,nikwonchong,0,False,0,False,text
Music,1nobzi9,Spook Muziek Releases New Single 'Big Wow!' And Takes Another Bold Step Forward,1,https://reddit.com/r/Music/comments/1nobzi9/spook_muziek_releases_new_single_big_wow_and/,https://www.thomathyentertainment.com/2025/09/spook-muziek-releases-new-single-big.html?m=1,,1758616591.0,0.6,1,0,new release,thomathyent,0,False,0,False,text
Music,1nobzcj,"New Laconia — Stardust Bear Bazaar, Pt.1 (Official Visualiser) [Rock]",1,https://reddit.com/r/Music/comments/1nobzcj/new_laconia_stardust_bear_bazaar_pt1_official/,https://www.youtube.com/watch?v=s6bCMbk3-Bc,,1758616575.0,1.0,1,0,music,innochenti,0,False,0,False,text
Music,1nobz1v,Calibre Infinite - It's a trap [Nu Metal],0,https://reddit.com/r/Music/comments/1nobz1v/calibre_infinite_its_a_trap_nu_metal/,https://youtu.be/TjfedH1eI9s?si=ENW41fn4ShH6iqzP,,1758616542.0,0.4,0,0,music,Bearded_Cook,1,False,0,False,text
Music,1nnvbwk,Bad Religion - Television [punk] (1994),12,https://reddit.com/r/Music/comments/1nnvbwk/bad_religion_television_punk_1994/,https://music.youtube.com/watch?v=Y-8hlEAJZdM&si=UtFsR4VqWS-Ddwei,,1758567639.0,0.89,12,0,music,Off_Brand_Sneakers,0,False,0,False,text
Music,1no8276,RIP Lux - The Quezon City Broadcast [cyberpunk hip-hop],2,https://reddit.com/r/Music/comments/1no8276/rip_lux_the_quezon_city_broadcast_cyberpunk_hiphop/,https://www.youtube.com/watch?v=lT2aGkiQZS4,,1758601769.0,1.0,2,0,music,CubanLinx23,2,False,0,False,text
Music,1nouyg1,GGAAWWDDIIEE? 👀,0,https://reddit.com/r/Music/comments/1nouyg1/ggaawwddiiee/,https://www.reddit.com/r/Music/comments/1nouvgk/what_yall_think_bout_new_artist_ggaawwddiiee/nfuhjfn/,,1758665261.0,0.07,0,0,article,Helpful_Inspector710,1,False,0,False,text
Music,1nobe2c,Discussion: Evenal's new track about artists selling there soul,0,https://reddit.com/r/Music/comments/1nobe2c/discussion_evenals_new_track_about_artists/,https://www.reddit.com/r/Music/comments/1nobe2c/discussion_evenals_new_track_about_artists/,"I’ve been listening to Evenal’s new track “Playing with the Devil” and I can’t stop thinking about it. The way Evenal frames the whole “selling your soul for money and fame” idea feels both theatrical and personal. 

Some people I’ve talked to think Evenal is genuinely opening up about the compromises in the industry some other friends think Evenal did that for attention.

Do you think Evenal is being sincere here, or is this just smart marketing?",1758614174.0,0.5,0,0,discussion,Zestyclose_Try_4000,3,False,0,False,text
Music,1nnchh3,Enya - Orinoco Flow [New Age],170,https://reddit.com/r/Music/comments/1nnchh3/enya_orinoco_flow_new_age/,https://youtu.be/LTrk4X9ACtw?si=8cyx7c1LKlys1k05,,1758513474.0,0.94,170,0,music,Harold-Styles-Jr,32,False,0,False,text
Music,1nooxfn,The sound of success: how Taylor Swift’s accent has evolved,0,https://reddit.com/r/Music/comments/1nooxfn/the_sound_of_success_how_taylor_swifts_accent_has/,https://www.thetimes.com/uk/science/article/the-sound-of-success-how-taylor-swifts-accent-has-evolved-r5gwn03zb,,1758651305.0,0.35,0,0,article,mrjohnnymac18,4,False,0,False,text
Music,1noazzx,JOHN W BARRY - The Solstice [folk],1,https://reddit.com/r/Music/comments/1noazzx/john_w_barry_the_solstice_folk/,https://youtu.be/CnuGc3Ef7No?si=P7SIumJbynjKNkIa,,1758612525.0,1.0,1,0,music,jwb012,0,False,0,False,text
Music,1no6xep,Robert Walter - Volcanic Acne feat. Gary Bartz & The Greyboy Allstars [Funk],2,https://reddit.com/r/Music/comments/1no6xep/robert_walter_volcanic_acne_feat_gary_bartz_the/,https://youtu.be/t8av2GQqEN8?si=mb9VSkJDZ3UFj2Rp,,1758598146.0,1.0,2,0,music,whitedolphinn,0,False,0,False,text
Music,1nov051,WHO IS GGAAWWDDIIEE,0,https://reddit.com/r/Music/comments/1nov051/who_is_ggaawwddiiee/,https://www.reddit.com/r/Music/comments/1nov051/who_is_ggaawwddiiee/,"🎤 Who is GGAAWWDDIIEE
	•	They have an Instagram account under @ggaawwddiiee with ~16,000 followers.  ￼
	•	Their music is on Spotify (with songs like 3:33am Freestyle, SECRET, TUSSLE)  ￼
	•	They also appear on Apple Music with singles & albums under that name.  ￼
	•	Their SoundCloud page includes tracks like COCONUT BAY, THEY KNO !, SLIME, etc.  ￼
	•	They have a YouTube channel where they upload music videos and content.  ￼
	•	Their Audiomack artist page shows albums such as GAWDIE WORLD, HEAVENS HELL, HEAVENS HELL 2  ￼
	•	On UnitedMasters, they are listed under artist “Ggaawwddiiee,” with releases like FLUSKEE, ATTITUDE (WYO), etc.  ￼
",1758665368.0,0.1,0,0,discussion,Helpful_Inspector710,2,False,0,False,text
Music,1nnpn2l,One hit album,16,https://reddit.com/r/Music/comments/1nnpn2l/one_hit_album/,https://www.reddit.com/r/Music/comments/1nnpn2l/one_hit_album/,"They are many one hit wonders. In your opinion, are there artists or bands who made a great album and then suddenly disappear into obscure / never rise above again

I’ll go first. The Stone Roses with their excellent album - The Stone Roses",1758554995.0,0.69,16,0,discussion,Sghermit,78,False,0,False,text
Music,1nnzd24,Depeche Mode - Dirt (The Stooges Cover) [Alternative Pop],5,https://reddit.com/r/Music/comments/1nnzd24/depeche_mode_dirt_the_stooges_cover_alternative/,https://www.youtube.com/watch?v=fbbnGPIMgOU&t=14,,1758576992.0,1.0,5,0,music,MileenasFeet,0,False,0,False,text
Music,1no5s33,Barry Hendrixx - Complicated (Avril Lavigne Cover) [Pop Rock],1,https://reddit.com/r/Music/comments/1no5s33/barry_hendrixx_complicated_avril_lavigne_cover/,https://www.youtube.com/watch?v=L_oXQqmtZJM,,1758594629.0,0.56,1,0,music,LBD420,1,False,0,False,text
Music,1nno235,Igorrr - Daemoni [Metal],17,https://reddit.com/r/Music/comments/1nno235/igorrr_daemoni_metal/,https://www.youtube.com/watch?v=GtBpkzNBLa4,,1758551452.0,0.91,17,0,music,dibship,2,False,0,False,text
Music,1no2qjs,DIY BALTIMORE ART PUNK,3,https://reddit.com/r/Music/comments/1no2qjs/diy_baltimore_art_punk/,https://www.reddit.com/r/Music/comments/1no2qjs/diy_baltimore_art_punk/,"[https://www.youtube.com/watch?v=smft0YBYgHs&list=RDsmft0YBYgHs&start\_radio=1&rv=Q-XtlMJzsyk](https://www.youtube.com/watch?v=smft0YBYgHs&list=RDsmft0YBYgHs&start_radio=1&rv=Q-XtlMJzsyk)

free improv and punk ethos music makes a damn good listening experience",1758585899.0,1.0,3,0,discussion,Sad_Calligrapher_178,0,False,0,False,text
Music,1noo90h,"CEO and Exec at Coldplay Concert Weren't Having 'Affair,' Source Insists: 'This Has Been Devastating for Entire Families'",0,https://reddit.com/r/Music/comments/1noo90h/ceo_and_exec_at_coldplay_concert_werent_having/,https://people.com/astronomer-ceo-and-employee-caught-coldplay-concert-camera-not-having-affair-source-11811796?utm_campaign=peoplemagazine&utm_medium=social&utm_source=reddit.com&utm_content=post,,1758649792.0,0.4,0,0,article,peoplemagazine,37,False,0,False,text
Music,1no9bu4,New track alert!,1,https://reddit.com/r/Music/comments/1no9bu4/new_track_alert/,/r/hiphopheads/comments/1no9ami/new_track_alert/,,1758606226.0,1.0,1,0,music,AlmightyRenegade,1,False,0,False,text
Music,1no05oq,Like Roses - Splenetic [Pop Punk] (2023),4,https://reddit.com/r/Music/comments/1no05oq/like_roses_splenetic_pop_punk_2023/,https://youtu.be/e2503P74C30?si=94YlsAgvTjGyQdmu,,1758578959.0,1.0,4,0,music,SprintsAC,0,False,0,False,text
Music,1nmuzw3,"One dead, two injured in fatal stabbing outside Phish show in Virginia",1013,https://reddit.com/r/Music/comments/1nmuzw3/one_dead_two_injured_in_fatal_stabbing_outside/,https://www.nme.com/news/music/one-dead-two-injured-in-fatal-stabbing-outside-phish-show-in-virginia-3894052,,1758468650.0,0.98,1013,0,article,AdSpecialist6598,126,False,0,False,text
Music,1no8o9d,Music rewind: grammy Album of the year Jagged Little Pill https://youtu.be/ZsTahOsS7n8?si=fuV4LB1wv1uRFG34,1,https://reddit.com/r/Music/comments/1no8o9d/music_rewind_grammy_album_of_the_year_jagged/,/r/popheads/comments/1no8nzz/music_rewind_grammy_album_of_the_year_jagged/,,1758603880.0,1.0,1,0,discussion,Wise_Command9407,0,False,0,False,text
Music,1noc6pl,need help finding out more about this band.,0,https://reddit.com/r/Music/comments/1noc6pl/need_help_finding_out_more_about_this_band/,/r/Panchiko/comments/1nk0ajl/need_help_finding_out_more_about_this_band/,,1758617419.0,0.25,0,0,article,Necessary_Oven260,0,False,0,False,text
Music,1nnudgj,Grammy Ballot in 2026 to List Entries in Randomized Order,6,https://reddit.com/r/Music/comments/1nnudgj/grammy_ballot_in_2026_to_list_entries_in/,https://www.billboard.com/pro/grammy-ballot-2026-list-randomized-order-first-time/,,1758565504.0,0.81,6,0,article,ExtremeFlow8177,1,False,0,False,text
Music,1nnz1h3,Band of Skulls - The Devil Takes Care of His Own [rock],5,https://reddit.com/r/Music/comments/1nnz1h3/band_of_skulls_the_devil_takes_care_of_his_own/,https://youtu.be/4XUwKewzdNs?si=PYPKzdg5VxPMSDUN,,1758576193.0,1.0,5,0,music,d3rk2007,0,False,0,False,text
Music,1no404s,Modern English - Swans On Glass [Post Punk],2,https://reddit.com/r/Music/comments/1no404s/modern_english_swans_on_glass_post_punk/,https://www.youtube.com/watch?v=cXWtFiiX0K4,,1758589503.0,1.0,2,0,music,MrZombified,0,False,0,False,text
Music,1nohhjv,Vastness Music - Cyberlace Prisma - [Vaporwave] (2025),0,https://reddit.com/r/Music/comments/1nohhjv/vastness_music_cyberlace_prisma_vaporwave_2025/,https://youtube.com/watch?v=ru4opMLlDUw&si=OzSEaP68R4F1zUCH,,1758634311.0,0.3,0,0,music,Proof-Eagle-7168,0,False,0,False,text
Music,1nnv41g,Rage Against The Machine - Renegades Of Funk (2000) [Rap Rock],7,https://reddit.com/r/Music/comments/1nnv41g/rage_against_the_machine_renegades_of_funk_2000/,https://youtu.be/4KXdU3cZbNQ,,1758567149.0,1.0,7,0,music,MDFHASDIED,0,False,0,False,text
Music,1noifsp,Priscilla Presley Slams Michael Jackson: Manipulative Man Who Targeted Lisa Marie,0,https://reddit.com/r/Music/comments/1noifsp/priscilla_presley_slams_michael_jackson/,https://www.ibtimes.co.uk/i-was-appalled-their-marriage-lisa-marie-presleys-mother-launches-scathing-attack-michael-1744930,,1758636610.0,0.37,0,0,article,Business-Designer-96,19,False,0,False,text
Music,1nodnee,First singing short post on YouTube!,0,https://reddit.com/r/Music/comments/1nodnee/first_singing_short_post_on_youtube/,/r/singing/comments/1nmc79k/first_singing_short_post_on_youtube/,,1758623010.0,0.29,0,0,article,Clear_Medicine_3086,0,False,0,False,text
Music,1nnmqcd,The Clash - (White Man) In Hammersmiths Palais [Single] [Punk],15,https://reddit.com/r/Music/comments/1nnmqcd/the_clash_white_man_in_hammersmiths_palais_single/,https://youtube.com/watch?v=gchjWcTOVyM&si=sJ2WTx-V4tKyohYY,,1758548282.0,0.94,15,0,music,IPersonaI,1,False,0,False,text
Music,1nnq695,Steve Miller Band - Fly Like an Eagle Through The Atari Video Music [Classic Rock] (1976),8,https://reddit.com/r/Music/comments/1nnq695/steve_miller_band_fly_like_an_eagle_through_the/,https://youtu.be/e29wUsUofWM?si=cPtlk4koN2oc-7B1,,1758556197.0,0.8,8,0,music,OG_Dom445,0,False,0,False,text
Music,1nnsx57,Sylvia Rhone Steps Down as Epic Records CEO After Six Pivotal Years,6,https://reddit.com/r/Music/comments/1nnsx57/sylvia_rhone_steps_down_as_epic_records_ceo_after/,https://www.topthreeus.com/sylvia-rhone-steps-down-epic-records-ceo/,,1758562311.0,0.88,6,0,article,Top-Three-USA,0,False,0,False,text
Music,1nnvocb,Epic Records’ Sylvia Rhone Steps Down,6,https://reddit.com/r/Music/comments/1nnvocb/epic_records_sylvia_rhone_steps_down/,https://www.billboard.com/pro/sylvia-rhone-farewell-message-epic-sony-staff/,,1758568429.0,1.0,6,0,article,ExtremeFlow8177,0,False,0,False,text
Music,1nnthin,King Gizz building a new band profit model?,7,https://reddit.com/r/Music/comments/1nnthin/king_gizz_building_a_new_band_profit_model/,https://www.reddit.com/r/Music/comments/1nnthin/king_gizz_building_a_new_band_profit_model/,"So I just paid 2 AUD each for 20 King Gizzard and the Lizard Wizard albums. That is a little over £20 for most of their gigantic discography. Sounds like a great deal for me, right? Almost like I ripped them off? But compared to Spotify streams, that is actually a great deal for the band too. So why don't more bands do this?

For reference, £20 is approx 27 USD. Using Spotify’s payout of 0.003 to 0.005 USD per stream, that is the equivalent of 9,000 to 5,400 streams. With Gizz songs generally being on the longer side (say around 4.5 minutes each), that adds up to between 24,300 and 40,500 minutes of listening. My Spotify Wrapped last year said I listened to 34,364 minutes in total. Since that is across hundreds of artists as well as podcasts and audiobooks, I am guessing I just gave the Gizz boys the equivalent of about a hundred years worth of streaming revenue they could have got from me.

So if 2 AUD is actually a great deal for a band compared to Spotify, why are artists still charging around 10 USD for digital albums? On Bandcamp they keep about 80 percent of sales, so would it not make more sense to lower the price and completely disrupt the streaming industry?

So if I used my current Spotify budget of £12 per month (£144 a year) to buy albums at 10 USD each, I would get around 19 albums per year (which is okay). But if artists priced digital albums at say 4 USD, I could grab 50 albums a year for the same as my subscription, and be enough to have most of the music I need. That would let me build a proper library I actually own, while artists and labels still take home most of the money, and listeners are not at the mercy of algorithms or filler tracks.

What am I missing?

Edit: Btw check the Magazine I work for [https://www.instagram.com/newmusicmagazine/](https://www.instagram.com/newmusicmagazine/)",1758563576.0,0.57,7,0,discussion,niswizard,23,False,0,False,text
Music,1no70m2,Lo-Fi Horizons - Daytime Drifting | Chill Lo-fi Beats [Lo-fi],1,https://reddit.com/r/Music/comments/1no70m2/lofi_horizons_daytime_drifting_chill_lofi_beats/,https://youtube.com/watch?v=ViAgpKUFFHQ&si=ZH3_PUMmX3z0Frkj,,1758598416.0,1.0,1,0,music,dca_music_studio,0,False,0,False,text
Music,1no6yxy,KISSS - Woah [hiphop],1,https://reddit.com/r/Music/comments/1no6yxy/kisss_woah_hiphop/,https://open.spotify.com/track/1pX9QRjUwS2BSdWyg1ExiO?si=84f6cec1cb694847,,1758598277.0,1.0,1,0,music,johnwinkton,1,False,0,False,text
Music,1noaro8,Sick with nostalgia?,0,https://reddit.com/r/Music/comments/1noaro8/sick_with_nostalgia/,https://www.reddit.com/r/Music/comments/1noaro8/sick_with_nostalgia/,"Does anyone know why I feel physically sick and nauseous after listening to old, nostalgic songs? I don’t feel happy nostalgia listening to 2000’s music that I grew up with, instead i feel sick and uneasy. I didn’t have a bad childhood that could cause me to associate 2000’s music with trauma. Wth is up? 😭
",1758611613.0,0.36,0,0,discussion,Loud_Willingness_399,10,False,0,False,text
Music,1nnz23c,John Cougar Mellencamp - Cherry Bomb [rock],2,https://reddit.com/r/Music/comments/1nnz23c/john_cougar_mellencamp_cherry_bomb_rock/,https://youtu.be/KF0gsbQKhD8?feature=shared,,1758576235.0,0.67,2,0,music,Relevant_Username99,0,False,0,False,text
Music,1nnqcbq,Mr. Bungle - Sudden Death [Thrash],9,https://reddit.com/r/Music/comments/1nnqcbq/mr_bungle_sudden_death_thrash/,https://youtu.be/LQJ6ZxOxFn0?si=gJUsAQzfmR45ygMu,,1758556575.0,1.0,9,0,music,openletter8,0,False,0,False,text
Music,1nno6gj,Pink Floyd - Is There Anybody Out There? - The Wall Live 1980-81 (Full Concert) [Rock],10,https://reddit.com/r/Music/comments/1nno6gj/pink_floyd_is_there_anybody_out_there_the_wall/,https://www.youtube.com/watch?v=Wm1HdO6B4yU&t=853,,1758551731.0,1.0,10,0,music,MileenasFeet,0,False,0,False,text
Music,1nno671,Matt Bissonette’s “dumb-guy” approach to bass has taken him round the world with pop and rock royalty,11,https://reddit.com/r/Music/comments/1nno671/matt_bissonettes_dumbguy_approach_to_bass_has/,https://www.guitarworld.com/artists/bassists/matt-bissonette-david-lee-roth-joe-satriani-elton-john,,1758551716.0,1.0,11,0,article,dalyllama35,0,False,0,False,text
Music,1no6d33,Help me ID this piano piece? (12s clip - sounds modern/indie),0,https://reddit.com/r/Music/comments/1no6d33/help_me_id_this_piano_piece_12s_clip_sounds/,https://www.reddit.com/r/Music/comments/1no6d33/help_me_id_this_piano_piece_12s_clip_sounds/,"Hi - I found this short piano snippet and love it, but I can't find the full piece or the artist. The clip is very short (~12.35 seconds) and sounds modern - likely by a relatively unknown or independent artist. I attached the audio and a spectrogram. Any ID, artist name, or links to the full track would be hugely appreciated!

Full extracted audio 👇🏻",1758596399.0,0.5,0,0,discussion,Formal_Meaning_9680,3,False,0,False,text
Music,1nnsf1j,Melvins - Honey Bucket [Sludge],7,https://reddit.com/r/Music/comments/1nnsf1j/melvins_honey_bucket_sludge/,https://www.youtube.com/watch?v=3RMmIJn_4FA,,1758561189.0,1.0,7,0,music,MrZombified,0,False,0,False,text
Music,1nog8na,Make Assumptions about me based on the last 25 albums I listened to!,0,https://reddit.com/r/Music/comments/1nog8na/make_assumptions_about_me_based_on_the_last_25/,https://www.reddit.com/r/Music/comments/1nog8na/make_assumptions_about_me_based_on_the_last_25/,"Oh! This should be great! Do your worst!

Come To The Well-Casting Crowns
Evermore-Taylor Swift
Simiase Dream-Smashing Pumpkins
OK Orchestra-AJR
Wicked OBC
Danza II:The Electric Bungalow-The Tony Danza Tapdance Extravaganza
Tchkavoisky-the seasons Yuchan Lim
 After Forever-After Forever
Gracias Por La Music-Abba
The Blueprint-Jay-Z
Gish-Smashing Pumpkins
Strictly For My N****'S-2Pac
Play-Ed Sheeran
Heaven or Los Angeles-The Cocteau Twins
Chess in concert
Bat Out of Hell-Meat Loaf
Bat Out of Hell II-Meat Loaf
Bat Out of Hell III-Meat Loaf
American II:Unchained-Johnny Cash
Relapse:Refill-Eminem 
.Because I Believe-Andre Bocelli
Completely Well-B.B. King
Nonagan Infinity King Gizzard and the Lizard Wizard
Para Siempre-Vincente Fernadez
Virgin-Lorde",1758631088.0,0.25,0,0,discussion,NoVegetable8681,14,False,0,False,text
Music,1no1h0m,"Fourty-Four - I've Tried, I Really Have [instrumental]",2,https://reddit.com/r/Music/comments/1no1h0m/fourtyfour_ive_tried_i_really_have_instrumental/,https://youtu.be/7hivg2B1_3A?si=ysEu7XVJ47EcT5zI,,1758582406.0,1.0,2,0,music,The_Concept333,0,False,0,False,text
Music,1nog62r,Jackie Chan & JJ Lin - Skibidi [C-POP] Released 3 weeks ago,0,https://reddit.com/r/Music/comments/1nog62r/jackie_chan_jj_lin_skibidi_cpop_released_3_weeks/,https://youtu.be/jiawzYgfkuI?list=RDjiawzYgfkuI,,1758630888.0,0.22,0,0,music,WhoTheHeckIsHero,2,False,0,False,text
Music,1no65ju,Yaw Bruno - SYK [Afropop/Amapiano],1,https://reddit.com/r/Music/comments/1no65ju/yaw_bruno_syk_afropopamapiano/,https://youtu.be/9cUfN7kG1Ho?si=-64NkROWTpaAlbVj,,1758595764.0,1.0,1,0,music,IamYawBruno_TheGoAT,0,False,0,False,text
Music,1nnoc52,Low - Congregation [indie],10,https://reddit.com/r/Music/comments/1nnoc52/low_congregation_indie/,https://youtu.be/xH7URVBpFV4,,1758552094.0,1.0,10,0,music,philament,0,False,0,False,text
Music,1noga50,The Dark Side of the Music,0,https://reddit.com/r/Music/comments/1noga50/the_dark_side_of_the_music/,https://www.reddit.com/r/Music/comments/1noga50/the_dark_side_of_the_music/,"d4vd, an American singer, is under investigation for allegedly killing and dismembering a minor girl he had been in a relationship with.

I’m curious if there have been other artists who built their art around dark inclinations—people with a dark-minded, psychologically disturbed profile. Do such cases happen periodically, or is this something unique to our era?

The criteria are that the artist must have a significant following.

Note: I’m not talking about typical hip-hop dramas, but truly psychologically dark figures shaping their art around their disturbed minds.",1758631206.0,0.18,0,0,discussion,prodblunt,5,False,0,False,text
Music,1no52xh,Coachella 2026 Sells Out Both Weekends of Festival,0,https://reddit.com/r/Music/comments/1no52xh/coachella_2026_sells_out_both_weekends_of_festival/,https://www.billboard.com/pro/coachella-2026-sells-out-both-weekends-festival/,,1758592579.0,0.5,0,0,article,ebradio,1,False,0,False,text
Music,1nnn6wu,Local H - Bound For the Floor [grunge] (1996),9,https://reddit.com/r/Music/comments/1nnn6wu/local_h_bound_for_the_floor_grunge_1996/,https://youtu.be/E2Oe5YKhzCE?si=uhlWskBKIzOUUZ_D,,1758549436.0,1.0,9,0,music,ThrashMetallix,0,False,0,False,text
Music,1nni20c,New Order - Your Silent Face (2015 Remaster) [Post Punk],19,https://reddit.com/r/Music/comments/1nni20c/new_order_your_silent_face_2015_remaster_post_punk/,https://youtu.be/MEl0Chq36lc?list=RDMEl0Chq36lc,,1758534185.0,0.96,19,0,music,djsoomo,3,False,0,False,text
Music,1no4n1i,new political songs?,0,https://reddit.com/r/Music/comments/1no4n1i/new_political_songs/,https://www.reddit.com/r/Music/comments/1no4n1i/new_political_songs/,"despite some people on here saying otherwise, there are ton of political/commentary tracks being released. my current favorite recs:

>[**Spectacle - Giselle Bellas**](https://open.spotify.com/track/4u6XiZvj25LKd0Elpoimos?si=ca1d1dda327c4366)  **|** dark jazz/polka track about the smoke and mirrors of politics. first person POV of a powerful, unsavory character. Incredible use of accordion and piano 

>[**One Foot in The Grave - Shayfer James**](https://open.spotify.com/track/4kvLkBqJjznB8IZmQy7BZH?si=1cbd6b4329c743ba) **|** alternative/folk love letter to marginalized communities who despite being oppressed, still manage to band together as a community.

what are your current favorite of new political tracks? bonus points if they're not super known",1758591310.0,0.5,0,0,discussion,JoanJettEnthusiast,6,False,0,False,text
Music,1nodkau,‘We were drunk all the time!’: how Oasis got mad for it – in pictures,0,https://reddit.com/r/Music/comments/1nodkau/we_were_drunk_all_the_time_how_oasis_got_mad_for/,https://www.theguardian.com/artanddesign/gallery/2025/sep/23/oasis-jill-furmanovsky-mad-for-it-in-pictures,,1758622697.0,0.2,0,0,article,mrjohnnymac18,0,False,0,False,text
Music,1no4knd,2 mil reações · 496 compartilhamentos | #naponta_da_agulha | Na Ponta da Agulha,0,https://reddit.com/r/Music/comments/1no4knd/2_mil_reações_496_compartilhamentos_naponta_da/,https://www.facebook.com/share/r/1KL16BeQp4/,,1758591114.0,0.5,0,0,music,Sea_Friendship_2265,0,False,0,False,text
Music,1no4dnn,Shadow Gallery - Rain [Prog Metal],1,https://reddit.com/r/Music/comments/1no4dnn/shadow_gallery_rain_prog_metal/,https://youtu.be/IefVnCUxTQw?si=WQHWBpJ0aaZBK6oJ,,1758590565.0,1.0,1,0,music,Irbyirbs,0,False,0,False,text
Music,1noecea,Dylan O’Brien finally reacts to being mentioned in Sabrina Carpenter’s new album,0,https://reddit.com/r/Music/comments/1noecea/dylan_obrien_finally_reacts_to_being_mentioned_in/,https://realitytvshrine.com/2025/09/23/dylan-obrien-finally-reacts-to-being-mentioned-in-sabrina-carpenters-new-album/,,1758625414.0,0.29,0,0,article,Fun_Molasses5215,1,False,0,False,text
Music,1nnrd82,Alkaline Trio - Bleeding Out [Pop-Punk],6,https://reddit.com/r/Music/comments/1nnrd82/alkaline_trio_bleeding_out_poppunk/,https://youtu.be/Zk5odqEbkII,,1758558845.0,1.0,6,0,music,addtolibrary,0,False,0,False,text
Music,1nnz8ni,Millenova – Nightfire What's The Deal [ Rock ],2,https://reddit.com/r/Music/comments/1nnz8ni/millenova_nightfire_whats_the_deal_rock/,https://youtu.be/XxjukkVaGac?si=LK_5uElL8vL-QHih,,1758576688.0,1.0,2,0,I Made This,Expert_Elevator3295,2,False,0,False,text
Music,1no40jv,"Late 2000s/early 2010s song, can't recall the name",0,https://reddit.com/r/Music/comments/1no40jv/late_2000searly_2010s_song_cant_recall_the_name/,https://www.reddit.com/r/Music/comments/1no40jv/late_2000searly_2010s_song_cant_recall_the_name/,"\- The video clip is purely of someone diving underwater, into those 'holes' at the bottom of the sea. It had good lighting, though. They went in mostly without diving gear and I believe it was relatively superficial water. Incredible clip. If i'm not mistaken, it was used ONCE on a League of Legends championship, (either OGN or LCK) on a promotional video (I think this is going to help narrow it down). If I had to guess the exact year, 2014/2015?

\- I can't quite tell the genre, but it's sort of dark techno/electronic? Something like that. Would be closer to ""darkwave""/""dark synthwave"" of current days. It was purely instrumental, without any vocals.

\- The artist was relatively unknown.",1758589535.0,0.5,0,0,discussion,ykzdropdead,0,False,0,False,text
Music,1nogob5,He did it,0,https://reddit.com/r/Music/comments/1nogob5/he_did_it/,https://www.reddit.com/r/Music/comments/1nogob5/he_did_it/,She (a pregnant 13-year-old he dated) was found dead and dismembered in the back of a car under his name. He then proceeded to write and release songs after her disappearance about her and her being dead. ,1758632233.0,0.33,0,0,discussion,stoyboy69,15,False,0,False,text
Music,1nnvccz,"Any updates on Trent Reznor and Atticus Ross' ""Future Ruins"" film score festival (aka ""Ruins Fest"") in LA this November?",3,https://reddit.com/r/Music/comments/1nnvccz/any_updates_on_trent_reznor_and_atticus_ross/,https://www.reddit.com/r/Music/comments/1nnvccz/any_updates_on_trent_reznor_and_atticus_ross/,"Film scores and library music are a GIANT happy place for me, and a ""one of a kind"" ""first ever"" festival that just showcases composers and film score work is a dream come true. It was announced around May, and it's had zero marketing or PR, and there's been zero updates about... anything, it seems.

To see John Carpenter [do ""Big Trouble"" live with his Coupe Devilles](https://www.youtube.com/watch?v=RL1ozEsl65Y)? Carpenter with Michael Myers actor as well as the Director of the TV series ""IT"" and Halloween III? Of course, it'll just be John and his synth, but cannot wait. 

Really, for me it is seeing Portishead's Barrow do some of his work with Salisbury \*LIVE\*... a dream come true.

I get that professionals like Trent and Ross are not doing a Fyre festival, but even the festival's social media hasn't updated on any site (it seems) since May 21st.

The lineup and info is as follows. It's not ""yay cheap!"", but it's certainly a once in a lifetime opportunity to see live stuff that really moves people and makes a lot of people happy.

The below info is from the site, which I'll link. This all seemed to drop in May, and nothing has changed or been updated:

\----------------------------------

About Future Ruins   [https://www.futureruins.com](https://www.futureruins.com)

Future Ruins is a first-of-its-kind music festival: a day-long event where the world’s most influential film and television composers step out from behind the screen and onto the stage. Set across three stages at the Los Angeles Equestrian Center, Future Ruins is designed to feel thoughtful and immersive, bringing this music to light in an environment where it has never been heard before. Every artist is a headliner, each with their own specially curated moment. Each artist is encouraged to take big swings and reimagine their work for a live audience. Ranging from electronic sets and live bands to orchestral performances, fans have the chance to experience live debuts from composers who rarely appear onstage. This one-time line up is not just a music festival — it’s a cinematic ceremony, a deep dive into sound and story, and a historic first for Los Angeles. The music tells the story------

  
Cristobal Tapia de Veer  
(Babygirl, Smile, The White Lotus, Black Mirror, Utopia (UK), Philip K. Dick’s Electric Dreams, Ponyboi, The Third Day, National Treasure (UK),The Girl With All The Gifts, Humans)

Ben Salisbury & Geoff Barrow  
(Ex Machina, Civil War, Men, Drokk, Annihilation, Luce, Free Fire, Black Mirror, Devs)

Danny Elfman  
(Batman, Pee-Wee’s Big Adventure, Edward Scissorhands, The Nightmare Before Christmas, Beetlejuice, Men in Black, Good Will Hunting, Charlie & The Chocolate Factory, Big Fish, Alice In Wonderland, Spider-Man, Milk)

Claudio Simonetti’s Goblin  
(Suspiria, Profondo Rosso/Deep Red, Dawn of the Dead, Demons, Tenebrae, Phenomena, Opera)

HILDUR GUðNADÓTTIR  
(Joker, Chernobyl, A Haunting in Venice, Sicario: Day of the Soldado, Mary Magdalene, Tár, 28 Years Later: The Bone Temple, Women Talking, Hedda)

(a performance of  
Howard Shore's  
score of David Cronenberg’s Crash)

Isobel Waller-Bridge  
(Munich: The Edge of War, Emma., Black Mirror, I Came By, Wicked Little Letters, Fleabag, The Lesson, The Boy, the Mole, the Fox and the Horse, Magpie, Sweetpea)

John Carpenter  
(Halloween, They Live, The Thing, Christine, Escape From New York)

Kyle Dixon & Michael Stein  
(Stranger Things, Lost in the Night, The Hole in the Fence, Spheres, Native Son, Butterfly, Retaliators, Valley of the Boom)

Mark Mothersbaugh  
(The Life Aquatic, The Royal Tenenbaums, Rushmore, Bottle Rocket, Rugrats, The Lego Movie, A Minecraft Movie, Cocaine Bear, Thor: Ragnarok)

Questlove  
(performing the score works of Curtis Mayfield)

Robert Aiki Aubrey Lowe  
(Candyman, Master, Telemarketers, The Color of Care, Grasshopper Republic, Power, Unvion, Seeds, Life After)

Tamar-kali  
(Mudbound, Shirley, The Assistant, The Fire Inside, The Last Thing He Wanted, Come Sunday, Palmer, The Lie, Little Richard: I am Everything)

Terence Blanchard  
(BlacKkKlansman, Malcolm X, Inside Man, Da 5 Bloods, When the Levees Broke, One Night in Miami, The Woman King, Perry Mason)

Trent Reznor & Atticus Ross  
(The Social Network, Watchmen, Gone Girl, Soul, The Girl with the Dragon Tattoo, Challengers, Empire of Light, Waves, The Vietnam War, Mank, The Killer)

Volker Bertelmann AKA Hauschka  
(All Quiet on the Western Front, Conclave, Lion, The Amateur, Dune: Prophecy, The Day of the Jackal, Hollywoodgate, Adrift, War Sailor, The Old Guard, Stowaway, Patrick Melrose)

# 

  
",1758567664.0,1.0,3,0,discussion,unclefishbits,0,False,0,False,text
Music,1nocyo3,Flaming Lips - Why not more?,0,https://reddit.com/r/Music/comments/1nocyo3/flaming_lips_why_not_more/,https://www.reddit.com/r/Music/comments/1nocyo3/flaming_lips_why_not_more/,"Ive been a Flaming Lips fan since the 2000-00’s. I’ve seen them 5 times in-person, most recently a week ago. Good show… but kinda the same as 2008. What gives? How did a band hit soooooooo hard in 2002 with Yoshimi Battles and then have relatively few hits since?",1758620486.0,0.25,0,0,discussion,Rustyjager70,5,False,0,False,text
Music,1nnucxg,LACUNA COIL – In Nomine Patris [ Alternative Metal ],3,https://reddit.com/r/Music/comments/1nnucxg/lacuna_coil_in_nomine_patris_alternative_metal/,https://youtu.be/HPjDkrseprc?si=vuv9eh9bdFr0EWEM,,1758565470.0,1.0,3,0,music,DioOdino,0,False,0,False,text
Music,1nnkoak,Tool - Pushit [Nu-Metal],9,https://reddit.com/r/Music/comments/1nnkoak/tool_pushit_numetal/,https://www.youtube.com/watch?v=GGm72iNBF8E,,1758542882.0,1.0,9,0,music,fundamental-error,0,False,0,False,text
Music,1no1tic,Help with sheet music,1,https://reddit.com/r/Music/comments/1no1tic/help_with_sheet_music/,https://www.reddit.com/r/Music/comments/1no1tic/help_with_sheet_music/,I really want to play I'm Here by Tomoya Ohtani on Violin like the vocals and a bit of the instrumentals I've wanted to play it for so long and I just don't know what to do I don't know how to transcribe it by ear,1758583348.0,1.0,1,0,discussion,Anxious-Oil721,1,False,0,False,text
Music,1nnkldd,Vampire Weekend - Oxford Comma [Indie] (2008),9,https://reddit.com/r/Music/comments/1nnkldd/vampire_weekend_oxford_comma_indie_2008/,https://youtu.be/P_i1xk07o4g?si=oYjSag-8DXqxX9I7,,1758542641.0,1.0,9,0,music,dragonoid296,2,False,0,False,text
Music,1nnjsbh,"Happy Mondays - God's Cop [Baggy] (Pills, Thrills, and Bellyaches)",8,https://reddit.com/r/Music/comments/1nnjsbh/happy_mondays_gods_cop_baggy_pills_thrills_and/,https://youtu.be/bhIMtqG4h2g?si=K-uGwfe9pLztAkWf,,1758540156.0,0.91,8,0,music,simagus,4,False,0,False,text
Music,1nnvpf7,Nation of Language - Under the Water [Indie Pop],2,https://reddit.com/r/Music/comments/1nnvpf7/nation_of_language_under_the_water_indie_pop/,https://music.apple.com/us/song/under-the-water/1802059620,,1758568496.0,1.0,2,0,music,josuecolina837,5,False,0,False,text
Music,1nnm7vh,Tool - Hush [Progressive Metal],6,https://reddit.com/r/Music/comments/1nnm7vh/tool_hush_progressive_metal/,https://www.youtube.com/watch?v=xH9Y3qEHAuw,,1758547011.0,0.88,6,0,music,fundamental-error,0,False,0,False,text
Music,1no18pr,Sarah Slean - Lucky Me acoustic [Pop orchestra],1,https://reddit.com/r/Music/comments/1no18pr/sarah_slean_lucky_me_acoustic_pop_orchestra/,https://youtu.be/nV8bGU8J280?si=7tPJWjkrolVTMeFJ,,1758581796.0,0.67,1,0,music,namehimgeorge,0,False,0,False,text
Music,1no172t,Akudama - You’re My Disease [metalcore],1,https://reddit.com/r/Music/comments/1no172t/akudama_youre_my_disease_metalcore/,https://youtu.be/gCS4y5Rr5LE?si=BJJxEsLdgemLOpic,,1758581674.0,1.0,1,0,music,Frozen2275,0,False,0,False,text
Music,1nnn9z7,What is your favourite band photo and why?,6,https://reddit.com/r/Music/comments/1nnn9z7/what_is_your_favourite_band_photo_and_why/,https://www.reddit.com/r/Music/comments/1nnn9z7/what_is_your_favourite_band_photo_and_why/,"I feel this isn’t talked about enough, what’s your favourite artist or band photo ever? For example a press or portrait shot- It can be eye catching, colourful, haunting, beautiful, full of personality- but not a Live Photo or a candid behind the scenes photo. Bonus points if it’s something that reflects the band or says something about the act! What’s your favourite and are they even important?",1758549639.0,0.8,6,0,discussion,Choco_Prince,84,False,0,False,text
Music,1nnv22h,Does anyone know anybody who went to a Michael Jackson concert?!,4,https://reddit.com/r/Music/comments/1nnv22h/does_anyone_know_anybody_who_went_to_a_michael/,https://www.reddit.com/r/Music/comments/1nnv22h/does_anyone_know_anybody_who_went_to_a_michael/,In a conversation with my spouse it occurred to us that we can't name a single person who saw Michael Jackson in concert. We were teens at his height and both grew up in large cities. Now were questioning everything! Do you personally know anyone who saw him live?  ,1758567027.0,0.54,4,0,discussion,Ok_Lengthiness_7365,71,False,0,False,text
Music,1noblsz,Money has become all most see,0,https://reddit.com/r/Music/comments/1noblsz/money_has_become_all_most_see/,https://www.reddit.com/r/Music/comments/1noblsz/money_has_become_all_most_see/,"I recently had a very rich friend go to his 200th show by my favorite artist. The artist called him out on stage and said he loves him and he is what ""true dedication"" looks like. 

Now I love my friend and I'm so glad he got this moment. But being filthy rich and going to 200 shows in 13 years is not true dedication. It's just having money and time. 

I've seen this happen time and time again. Many of my friends though, me included, use all our savings just to go to maybe 2 or 3 shows in a year. And we're generally treated as lazy. 

I would like to see a change in how society sees dedication. I see this happen a lot in music, where we talk in absolutes and not relatives (aka he spent more so he's a bigger fan, not asking how much he actually had to spend in the first place). I was wondering what you guys think?",1758615026.0,0.42,0,0,discussion,TobyPDID23,48,False,0,False,text
Music,1nn506h,Pixies - Monkey Gone To Heaven [Alternative Rock],91,https://reddit.com/r/Music/comments/1nn506h/pixies_monkey_gone_to_heaven_alternative_rock/,https://youtu.be/EHC9HE7vazI?si=zgxiifaufHxWpstG,,1758492052.0,0.98,91,0,music,desertkayaker,7,False,0,False,text
Music,1no0eag,Earth To Eve - THREAT LEVEL ORANGE [alternative],1,https://reddit.com/r/Music/comments/1no0eag/earth_to_eve_threat_level_orange_alternative/,https://youtu.be/HpNDaMc02Eg?si=jcQ9j5OZFB9l1PGg,,1758579563.0,0.67,1,0,music,KiefPucks,0,False,0,False,text
Music,1nnuja3,Blanch Robinson - red  pill[hiphop],2,https://reddit.com/r/Music/comments/1nnuja3/blanch_robinson_red_pillhiphop/,https://youtu.be/MCAPreXFdWY?si=UJpvoobmJcsbOwlv,,1758565858.0,1.0,2,0,music,Kidrobin,0,False,0,False,text
Music,1nnmk8z,Migos - Tiny Desk [Rap],4,https://reddit.com/r/Music/comments/1nnmk8z/migos_tiny_desk_rap/,https://youtu.be/DIjOxmU6-ew?si=-YV7fRZllyDeGdVL,,1758547859.0,0.84,4,0,music,JackSkelllington,0,False,0,False,text
Music,1nnuf4d,Blanch Robinson - Run Up[hiphop],2,https://reddit.com/r/Music/comments/1nnuf4d/blanch_robinson_run_uphiphop/,https://youtu.be/bOxK-7LvtYI?si=4Ye_e33X7I--olm5,,1758565606.0,1.0,2,0,music,Kidrobin,0,False,0,False,text
Music,1nnqnfk,Does anyone know what instruments are used in this song?,3,https://reddit.com/r/Music/comments/1nnqnfk/does_anyone_know_what_instruments_are_used_in/,https://www.reddit.com/r/Music/comments/1nnqnfk/does_anyone_know_what_instruments_are_used_in/,"https://youtu.be/WEiWvInstkk?si=hIcxoOfhT4LNyLsC

""Forged at sineicos"", originally used in the game ""Gods will be watching"" made by ""fingerspit"".

I was making a passion project similar to the original game and was trying to make music, but I am pretty new to music in general, and can't tell what is being played. If anyone could tell me what a few of the instruments used in this are, I would be very grateful.",1758557257.0,1.0,3,0,discussion,MineruMecha,2,False,0,False,text
Music,1nm4g5g,‘Horrific music’: Gavin Newsom 'indefinitely suspends' Trump ally Kid Rock from performing in California,58504,https://reddit.com/r/Music/comments/1nm4g5g/horrific_music_gavin_newsom_indefinitely_suspends/,https://news.meaww.com/horrific-music-gavin-newsom-indefinitely-suspends-trump-ally-kid-rock-from-performing-in-california,,1758389915.0,0.91,58504,0,article,BreakfastTop6899,1314,False,0,False,text
Music,1nnts4x,OS GAROTIN - Curva Escura [MPB; brazilian r&b],2,https://reddit.com/r/Music/comments/1nnts4x/os_garotin_curva_escura_mpb_brazilian_rb/,https://www.youtube.com/watch?v=CyldFhKrlvI,,1758564213.0,1.0,2,0,music,Inevitable-Pace-2086,0,False,0,False,text
Music,1nnzl36,farewellcreek - massacre. [HIP-HOP / HORRORCORE],0,https://reddit.com/r/Music/comments/1nnzl36/farewellcreek_massacre_hiphop_horrorcore/,https://open.spotify.com/track/6Sd1pfJ6tEdRg5asvD3Gsj?si=EgKQCCRFTK-M54HE-y9SgA,,1758577554.0,0.33,0,0,music,Vikingvacuum,0,False,0,False,text
Music,1nocvi3,"PinkPantheress was told to ‘take off the wig’ at a concert, and people’s reactions are mixed - ‘They’d never say this to Sabrina Carpenter’",0,https://reddit.com/r/Music/comments/1nocvi3/pinkpantheress_was_told_to_take_off_the_wig_at_a/,https://thetab.com/2025/09/23/pinkpantheress-was-told-to-take-off-the-wig-at-a-concert-and-peoples-reactions-are-mixed,,1758620139.0,0.3,0,0,article,DetectiveHot2071,2,False,0,False,text
Music,1nnpxxc,Queensrÿche - Walk In The Shadows [Prog Metal],2,https://reddit.com/r/Music/comments/1nnpxxc/queensrÿche_walk_in_the_shadows_prog_metal/,https://youtu.be/nOPR5s0xn2U?si=TC6mp5Sq2QEqyh2p,,1758555678.0,0.67,2,0,music,EmployOk5086,0,False,0,False,text
Music,1nnzesk,Oona Maeve - Southern Breeze [indie pop],1,https://reddit.com/r/Music/comments/1nnzesk/oona_maeve_southern_breeze_indie_pop/,https://www.youtube.com/watch?v=asMuGtXiQCA,,1758577116.0,1.0,1,0,music,LeMooseChocolat,0,False,0,False,text
Music,1nnpw9q,Corrosion of Conformity - Fire and Water [Metal],3,https://reddit.com/r/Music/comments/1nnpw9q/corrosion_of_conformity_fire_and_water_metal/,https://youtu.be/pEj_XtkDRFU?si=yR15VZZKU0viezn0,,1758555576.0,1.0,3,0,music,EmployOk5086,0,False,0,False,text
Music,1noeg0l,CLEAN MUSIC,0,https://reddit.com/r/Music/comments/1noeg0l/clean_music/,https://www.reddit.com/r/Music/comments/1noeg0l/clean_music/,"Somebody help me!  Why is it so hard to find clean music?  I’m a fan of multiple genres of music and I understand that the artist should never be censored from their freedom of speech.  With that being said, back in the day many of the artist would make two versions of a song one for the individual listener who loves the rawness and authenticity from an artist and another one for radio and television audiences.  Most of the music on the radio and television are clean, censored radio edits.  So why is it so hard to find those clean censored radios edit versions?  Most streaming apps like Apple Music and Spotify have the ability to stop those song from playing.  But I can’t find all of the songs that I want and there’s been times when the album or single are tagged incorrectly.  I wish there was a way to just get clean censored radio edits of every song!  Just sayin’ #CleanMusic #StreamPure # CleanVibes #Copilot #Microsoft",1758625748.0,0.22,0,0,discussion,Latinseven,30,False,0,False,text
Music,1no6i9e,"Artist Claudio Constantini's Album, ""An Imaginary Sountrack"" was taken down recently, does anyone know why?",0,https://reddit.com/r/Music/comments/1no6i9e/artist_claudio_constantinis_album_an_imaginary/,https://www.reddit.com/r/Music/comments/1no6i9e/artist_claudio_constantinis_album_an_imaginary/,"I, at least, can't listen to it on spotify or tidal, although it is still up on youtube. Has anyone else seen this or does anyone know why this happened? It is a really good album. Also, this post has gotten taken down like 3 times for some reason even though its not that short. Anyways, if its a regional thing or something like that and someone could shed light on why its taken down, that would be great. Thanks.",1758596836.0,0.17,0,0,discussion,Background-Guest-511,0,False,0,False,text
Music,1nnsnc7,Kate Prendergast Releases Fifth Single 'Retold Tale',2,https://reddit.com/r/Music/comments/1nnsnc7/kate_prendergast_releases_fifth_single_retold_tale/,https://www.thomathyentertainment.com/2025/09/kate-prendergast-releases-fifth-single.html?m=1,,1758561702.0,0.67,2,0,new release,thomathyent,0,False,0,False,text
Music,1nob16s,Which 90s Rock Band Are You? Take This Quiz To Find Out!,0,https://reddit.com/r/Music/comments/1nob16s/which_90s_rock_band_are_you_take_this_quiz_to/,https://yodoozy.com/which-90s-rock-band-are-you/,,1758612654.0,0.11,0,0,music,Chinmaye50,2,False,0,False,text
Music,1nnxzpd,Country music star Mitchell Tenpenny to perform at halftime of Lions-Browns,0,https://reddit.com/r/Music/comments/1nnxzpd/country_music_star_mitchell_tenpenny_to_perform/,https://www.yahoo.com/entertainment/music/articles/country-music-star-mitchell-tenpenny-190544974.html,,1758573722.0,0.44,0,0,article,nsimokovic,4,False,0,False,text
Music,1nndeis,Steely Dan - My Old School [Rock] (1973),18,https://reddit.com/r/Music/comments/1nndeis/steely_dan_my_old_school_rock_1973/,https://m.youtube.com/watch?v=1JxEOqSMouU,,1758516497.0,0.86,18,0,music,music_meister_deluxe,0,False,0,False,text
Music,1no7b5n,Do you guys take lyrics in consideration when listening to a song or album ?,0,https://reddit.com/r/Music/comments/1no7b5n/do_you_guys_take_lyrics_in_consideration_when/,https://www.reddit.com/r/Music/comments/1no7b5n/do_you_guys_take_lyrics_in_consideration_when/,"What I mean is, does lyrics affect your liking of the album or song ?
Since always, I never really cared about lyrics, if the song have bad, good, mediocre lyrics. I'm all about the instrumentation. Lyrics, for me, are like a ""neutral"" element. If its bad, I don't care, if its good, just complements to the song.

And sincerely, I find it so pathetic people saying things like ""The song is good, but I can't with the lyrics"" or make lyrics the primary discussion about the artist, instead of the music. And this really went through my mind when I was watching a video of a guy reacting to a Limp Bizkit song, and he wouldn't shut up about how the lyrics were dumb and whatever.

Imo, lyrics are only important when your music has nothing special in it. For example, most Bob Dylan songs sound the same to me (and really boring), but I cannot deny that this guy surely knows how to write.",1758599322.0,0.4,0,0,discussion,frenxine,28,False,0,False,text
Music,1no8fpb,is this a dumb idea? (ticket scalping),0,https://reddit.com/r/Music/comments/1no8fpb/is_this_a_dumb_idea_ticket_scalping/,https://www.reddit.com/r/Music/comments/1no8fpb/is_this_a_dumb_idea_ticket_scalping/,"Scalpers ruin so many shows. Tickets drop, they’re instantly gone, and then you see them listed at 2–3x face value. Fans get priced out, artists lose loyalty, and the whole thing feels rigged.

What if tickets worked more like reservations?

* You pay a small fee to lock in tickets at face value
* The actual tickets only unlock 48 hours before the show
* If you can’t go, you just release your spot back into the pool instead of reselling for profit

Artists still sell out, but fans don’t get screwed by scalpers.

Would something like this actually make concerts fairer, or am I just making this out to be something that it isn't?

If you like the idea, I made a waitlist so just comment or dm and I can send that to you.

Lmk your thoughts!",1758603061.0,0.22,0,0,discussion,Wild_Quality_9022,22,False,0,False,text
Music,1nnwyuc,LÉO - Warm [Indie],1,https://reddit.com/r/Music/comments/1nnwyuc/léo_warm_indie/,https://mei-news.com/music/leo-discusses-warm-upcoming-ep-and-more/,,1758571401.0,0.67,1,0,article,howdythere35,0,False,0,False,text
Music,1nnkq26,Napalm Death - The Chains That Bind Us [Grindcore],4,https://reddit.com/r/Music/comments/1nnkq26/napalm_death_the_chains_that_bind_us_grindcore/,https://www.youtube.com/watch?v=BAA9WIsshOU,,1758543030.0,1.0,4,0,music,fundamental-error,0,False,0,False,text
Music,1nmxecz,"Earth, Wind and Fire - September [Funk]",126,https://reddit.com/r/Music/comments/1nmxecz/earth_wind_and_fire_september_funk/,https://youtu.be/Gs069dndIYk?si=AyJZq2BwAYU2dicj,,1758474276.0,0.93,126,0,music,AuthorityAnarchyYes,11,False,0,False,text
Music,1no7fzx,TikTok/Instagram covers that sound like live singing,0,https://reddit.com/r/Music/comments/1no7fzx/tiktokinstagram_covers_that_sound_like_live/,https://www.reddit.com/r/Music/comments/1no7fzx/tiktokinstagram_covers_that_sound_like_live/,"You know those Instagram covers where people are sounding like they are singing, it live in front of the camera, with pitch perfection, but in reality, it’s a lip sync
How does those covers sound so raw? 
What is the exact vocal processing? ",1758599755.0,0.14,0,0,discussion,Quiet-Taste-2114,2,False,0,False,text
Music,1nn0tqz,Pearl Jam - Do the Evolution [Rock n Roll],78,https://reddit.com/r/Music/comments/1nn0tqz/pearl_jam_do_the_evolution_rock_n_roll/,https://youtu.be/aDaOgu2CQtI?si=uY_9vw7j3qEpJzSE,,1758482109.0,0.96,78,0,music,PabloAimar1904,7,False,0,False,text
Music,1nnuwbk,KAnthonyStrick - Haunted [Rap/HipHop],1,https://reddit.com/r/Music/comments/1nnuwbk/kanthonystrick_haunted_raphiphop/,https://youtu.be/y7ddxmlrZzU?si=PWoaKAxSHooQgeAN,,1758566671.0,1.0,1,0,music,Extreme-Project-2266,0,False,0,False,text
Music,1nnufvj,Půlnoc - Je to nebezpečný [Alternative Rock],1,https://reddit.com/r/Music/comments/1nnufvj/půlnoc_je_to_nebezpečný_alternative_rock/,https://m.youtube.com/watch?v=2SfbEAk3A44&pp=ygUacMWvbG5vYyBqZSB0byBuZWJlenBlxI1uw70%3D,,1758565652.0,1.0,1,0,music,50dinara,0,False,0,False,text
Music,1no6kdj,"What’s the Differences Between Blues,R&B,Soul,Funk and Jazz Music?",0,https://reddit.com/r/Music/comments/1no6kdj/whats_the_differences_between_bluesrbsoulfunk_and/,https://www.reddit.com/r/Music/comments/1no6kdj/whats_the_differences_between_bluesrbsoulfunk_and/,"
Think of R&B as the overarching blanket covering Blues,Soul and Funk. All soul and funk songs are R&B songs as well.

Soul music is R&B music with an even stronger influence from African-American gospel than standard R&B. It's the soul-shouting, call and response, melismic, high-emotion sounds of Otis Redding, Aretha Franklin, The O’Jays and more. It is essentially secularized gospel.

Funk is R&B music that takes the gospel influence of soul and deconstructs it to force all instrumentation and vocals to emphasize the rhythm of the song. Funk instrumentation is often experimental and plays with mixing effects, electric guitars, and electronic keyboards and drum machines, while funk vocals emphasize style and rhythm over the gospel shout. It's the sound of post-1970 James Brown, Parliament-Funkadelic, Sly & the Family Stone and others.

Blues is the oldest form, typically uses simple I-IV-V chord progressions, is traditionally accompanied by singing and uses pentatonic based soloing.

Jazz originated in part with blues, but with evolution to using more complex harmony/chords, and especially emphasis on improvisational soloing.

“Soul” music shares some of the same harmonic structure of blues, but with emphasis on vocals and elements taken from gospel music.",1758597025.0,0.27,0,0,discussion,Amber_Flowers_133,6,False,0,False,text
Music,1nnl2a1,Carmelo Paolucci -  Bach Prelude n 12 in F minor BWV 857 WTC1 [Classical music],3,https://reddit.com/r/Music/comments/1nnl2a1/carmelo_paolucci_bach_prelude_n_12_in_f_minor_bwv/,https://youtu.be/2GvpXCBiCvg,,1758543989.0,1.0,3,0,music,carmelopaolucci,0,False,0,False,text
Music,1nnu3q4,Kitty Florentine - Reprise ft Aid Kid [alternative],0,https://reddit.com/r/Music/comments/1nnu3q4/kitty_florentine_reprise_ft_aid_kid_alternative/,https://youtu.be/8sPF4Nlj5tc?si=_-HAWxTwYJJ6F5yv,,1758564917.0,0.5,0,0,music,airameerised,0,False,0,False,text
Music,1no6647,Am i stupid,0,https://reddit.com/r/Music/comments/1no6647/am_i_stupid/,https://www.reddit.com/r/Music/comments/1no6647/am_i_stupid/,"I bought concert tickets off of vivid seats in a rush at work today and just found out the tickets don’t go on sale until friday, i’m worried i might get scammed out of my money, has anyone else done this, is it legit and has anyone had a good experience through them, is there a way i can get my money back? ",1758595811.0,0.27,0,0,discussion,wwwdotmilfdotcom,7,False,0,False,text
Music,1nnnmcs,"Cher, Neneh Cherry, Chrissie Hynde with Eric Clapton - Love Can Build A Bridge [Pop]",2,https://reddit.com/r/Music/comments/1nnnmcs/cher_neneh_cherry_chrissie_hynde_with_eric/,https://youtu.be/mGWlZmihL38?si=z9u7m9hY21SAdgtB,,1758550436.0,0.75,2,0,music,Teen-Rugrat-779,1,False,0,False,text
Music,1nnnkaj,Zeal & Ardor - Devil Is Fine [Avant-garde Metal],2,https://reddit.com/r/Music/comments/1nnnkaj/zeal_ardor_devil_is_fine_avantgarde_metal/,https://www.youtube.com/watch?v=jlGBer0VoF8,,1758550306.0,1.0,2,0,music,fundamental-error,0,False,0,False,text
Music,1nnsgz2,Any songs with the same feeling that Paranoia - KENTENSHI give off?,1,https://reddit.com/r/Music/comments/1nnsgz2/any_songs_with_the_same_feeling_that_paranoia/,https://www.reddit.com/r/Music/comments/1nnsgz2/any_songs_with_the_same_feeling_that_paranoia/,"Found this absolute gem of a song a while ago and it gives you this feeling of “it’s time to let go” especially when that second part at 1:06 hits and the song sounds more faded
Almost brings tears to your eyes, you feel peaceful 

Anyways. Rant over. 
Any of you musical geniuses know of a song that’s similar to this one that gives off the same feeling?",1758561310.0,0.67,1,0,discussion,Natural-Tie-3833,1,False,0,False,text
Music,1nnmi9c,Arch Enemy - Illuminate The Path [metal] (2025),2,https://reddit.com/r/Music/comments/1nnmi9c/arch_enemy_illuminate_the_path_metal_2025/,https://youtu.be/CA6YSS_3EI0?si=XPoWV6mhxT3RZZd3,,1758547724.0,0.75,2,0,music,OMGaBrassGecko,0,False,0,False,text
Music,1nnrefz,Trying To find a YT video of Mallika singing for Santos Bonacci,0,https://reddit.com/r/Music/comments/1nnrefz/trying_to_find_a_yt_video_of_mallika_singing_for/,https://www.reddit.com/r/Music/comments/1nnrefz/trying_to_find_a_yt_video_of_mallika_singing_for/,"Hello all. There was a video I watched a few years ago. I BELEIVE it was called ""The wisdom hour with Mallika"". It was a girl named Mallika in a tent, talking with Santos Bonacci over video chat. At the end of this hour long youtube video, Mallika starts to sing a traditional song that was important in her culture. She used a strange instrument that was almost like an accordion and also had some bells as she sang / chanted. Does anyone know where i can find this video? I can't locate it anymore. I specifically want just the song / singing. Its REALLY good. helps me fall asleep really fast. Thanks all.",1758558920.0,0.5,0,0,discussion,CrazyPills420,1,False,0,False,text
Music,1nnr85n,Anna Porto - Hopeless Love Affair (feat. Christa Porto) [Pop],1,https://reddit.com/r/Music/comments/1nnr85n/anna_porto_hopeless_love_affair_feat_christa/,https://mei-news.com/music/anna-porto-talks-hopeless-love-affair-collaborating-with-her-sister-and-more/,,1758558543.0,1.0,1,0,article,howdythere35,0,False,0,False,text
Music,1nnqjkb,Middle School Dance Music,1,https://reddit.com/r/Music/comments/1nnqjkb/middle_school_dance_music/,https://www.reddit.com/r/Music/comments/1nnqjkb/middle_school_dance_music/,"So I got volunteered to DJ a middle school Halloween dance. I've never done one before. I was wondering if anyone would have good dance music that is appropriate for middle schoolers?

Also, any tips on how to DJ? 😂",1758557009.0,1.0,1,0,discussion,leviabeat,6,False,0,False,text
Music,1no8mnb,is it wrong to listen to d4vd's music?,0,https://reddit.com/r/Music/comments/1no8mnb/is_it_wrong_to_listen_to_d4vds_music/,https://www.reddit.com/r/Music/comments/1no8mnb/is_it_wrong_to_listen_to_d4vds_music/,"not sure if this question has been asked before, but some of d4vd's are what I'm enjoying atm (i kinda like to just listen to a new song that i like over and over again until i get bored of it and find a different song that i like)

would it be wrong to continue to listen to his songs?",1758603724.0,0.19,0,0,discussion,IllustriousPass6582,7,False,0,False,text
Music,1nnd5in,Hans Zimmer – Time (live guitar version) might take your breath away 🎶,8,https://reddit.com/r/Music/comments/1nnd5in/hans_zimmer_time_live_guitar_version_might_take/,https://www.reddit.com/r/Music/comments/1nnd5in/hans_zimmer_time_live_guitar_version_might_take/,"
Usually in Time, the spotlight is on piano — but in this performance, Hans lets the guitar take center stage. The way it pierces through the crowd is just chilling, and for me it’s one of the most moving renditions I’ve ever heard.

It felt like the perfect send-off to a weekend I spent at the New York Botanical Garden — one of those moments where music, nature, and reflection all connect to the bigger picture. As someone who’s been obsessed with instrumental music for years, I’m still amazed how a piece like this can stop you in your tracks and make you breathe differently.

Curious if others here feel the same way: do you ever get completely hooked on certain performances of film scores, especially Time?

https://youtu.be/GtD4-_9vMbI?si=Q_KyUElwTi3OyiU8
",1758515668.0,0.84,8,0,discussion,fewgoodplots,2,False,0,False,text
Music,1nmxt2s,Steven Wilson The Best Artist You Never Heard Of!”,65,https://reddit.com/r/Music/comments/1nmxt2s/steven_wilson_the_best_artist_you_never_heard_of/,https://www.reddit.com/r/Music/comments/1nmxt2s/steven_wilson_the_best_artist_you_never_heard_of/,"Always been into classic prog. King Crimson, Yes, Gabriel era Genesis. Recently discovered Steven Wilson from his remastering of the classic Yes albums. If you have never heard his work I would highly recommend it. Both solo and with Porcupine Tree. My favorite albums would probably be The Overview (I’m a sucker for 20 minute songs) and Fear of a Blank Planet. Maybe he is more famous than I realize but I had never heard of him until a few years ago.",1758475233.0,0.81,65,0,discussion,Leather-District-595,45,False,0,False,text
Music,1nnpwku,"Lamar Jones - They snipped the wrong one, then the right one [soul/pop]",0,https://reddit.com/r/Music/comments/1nnpwku/lamar_jones_they_snipped_the_wrong_one_then_the/,https://youtu.be/c9TmkCPqdpA,,1758555595.0,0.33,0,0,music,AnchanSan,0,False,0,False,text
Music,1nnpwdq,Post Malone – Too Young (Remix) [Hip Hop],0,https://reddit.com/r/Music/comments/1nnpwdq/post_malone_too_young_remix_hip_hop/,https://youtu.be/snjITAOaDNg?si=0nqLsxkMFzjNdase,,1758555583.0,0.4,0,0,music,Asylumbeats,0,False,0,False,text
Music,1nnpdoq,Cold Sore Superstars (Cold Sore Shooting Star) rewrite - Desert Sessions 7&8,0,https://reddit.com/r/Music/comments/1nnpdoq/cold_sore_superstars_cold_sore_shooting_star/,/r/stonerrock/comments/1nlze5n/cold_sore_superstars_cold_sore_shooting_star/,,1758554405.0,0.5,0,0,article,Strawja_muse,0,False,0,False,text
Music,1nnoxej,Nazareth - this flight tonight (live audio at the BBC Paris théâtre) [Rock],1,https://reddit.com/r/Music/comments/1nnoxej/nazareth_this_flight_tonight_live_audio_at_the/,https://youtu.be/jtxcTFHWF5E?feature=shared,,1758553399.0,0.67,1,0,music,Ventilement_Votre_34,0,False,0,False,text
Music,1nnou18,Why did the sound of rock / hard rock music change so much in the 90's?,2,https://reddit.com/r/Music/comments/1nnou18/why_did_the_sound_of_rock_hard_rock_music_change/,/r/musicsuggestions/comments/1nnottm/why_did_the_sound_of_rock_hard_rock_music_change/,,1758553209.0,0.56,2,0,article,Impossible_Tone9491,24,False,0,False,text
Music,1nnoqh5,The unlucky 13 guitarists who auditioned for Ozzy Osbourne – but didn’t make the grade,1,https://reddit.com/r/Music/comments/1nnoqh5/the_unlucky_13_guitarists_who_auditioned_for_ozzy/,https://www.guitarworld.com/artists/guitarists/13-guitarists-who-nearly-joined-ozzy-osbourne,,1758552981.0,0.6,1,0,article,dalyllama35,2,False,0,False,text
Music,1nnoqaz,Guys can someone find the lyrics,0,https://reddit.com/r/Music/comments/1nnoqaz/guys_can_someone_find_the_lyrics/,https://www.reddit.com/r/Music/comments/1nnoqaz/guys_can_someone_find_the_lyrics/,"There is this artist or project called ""Tutankhamun"" on Spotify and I love the 8-9 songs on it but the lyrics to those songs aren't available anywhere any way to transcript lyrics from a song?


https://open.spotify.com/artist/6iqqrYdwxJzmxSz9ZJ72CH?si=87G1YEtARLqKyxxxHdb1aQ",1758552970.0,0.5,0,0,discussion,Large_Station_4487,2,False,0,False,text
Music,1nnjiwn,Milltown Brothers Return with New Single 'Time to Move On',2,https://reddit.com/r/Music/comments/1nnjiwn/milltown_brothers_return_with_new_single_time_to/,https://www.thomathyentertainment.com/2025/09/milltown-brothers-return-with-new.html?m=1,,1758539299.0,1.0,2,0,new release,thomathyent,0,False,0,False,text
Music,1nnod8b,Incubus & DJ Greyboy - Familiar [Soundtrack],1,https://reddit.com/r/Music/comments/1nnod8b/incubus_dj_greyboy_familiar_soundtrack/,https://www.youtube.com/watch?v=RvdANtKQtO0,,1758552162.0,1.0,1,0,music,MrZombified,0,False,0,False,text
Music,1nnnir8,NEKS Release Debut Album 'Point of No Return',1,https://reddit.com/r/Music/comments/1nnnir8/neks_release_debut_album_point_of_no_return/,https://www.thomathyentertainment.com/2025/09/neks-release-debut-album-point-of-no.html?m=1,,1758550212.0,1.0,1,0,new release,thomathyent,0,False,0,False,text
Music,1nnaamm,D'Angelo - Lady [Neo-Soul],8,https://reddit.com/r/Music/comments/1nnaamm/dangelo_lady_neosoul/,https://youtu.be/o6T2V7AmFSA,,1758506786.0,0.91,8,0,music,ScientistAltruistic7,1,False,0,False,text
Music,1nn0oso,Elvis Costello & The Attractions - Pump It Up [rock],34,https://reddit.com/r/Music/comments/1nn0oso/elvis_costello_the_attractions_pump_it_up_rock/,https://youtu.be/3Y71iDvCYXA?si=UAHIm3epYs78XFfq,,1758481790.0,0.95,34,0,music,lobroblaw,4,False,0,False,text
Music,1nmy303,Cover song that is more popular than original that is the artists biggest hit?,40,https://reddit.com/r/Music/comments/1nmy303/cover_song_that_is_more_popular_than_original/,https://www.reddit.com/r/Music/comments/1nmy303/cover_song_that_is_more_popular_than_original/,"Okay, this is a discussion I thought of when I was in the car earlier and I heard You Can't Hurry Love by Phil Collins. A cover version of a song originally done by the Supremes. And it got me thinking that for as big of a hit as that song was for the Supremes, I almost never hear that version. But I do hear the Phil Collins version played a lot more.

I know that wasn't the Supremes biggest hit but it got me thinking of songs that are either more or as popular as the original, when the original is probably the original artists biggest hit. Or at the very least one of their big hits.

I think the best example I can think of is It's My Life by Talk Talk. While it is their most popular and well known song, at least here in the US, I never hear their version of the song. I only ever hear the No Doubt version of the song. Especially when it comes to radio.

For clarification, I obviously don't mean a cover that is more popular than the original where the original is pretty unknown. I know All Along The Watchtower is hugely popular, but the Bob Dylan original is a relatively minor song in his discography.

Any others?

Edit: Some of you don't read the prompt. I don't just mean covers of songs that are relatively unknown. Nothing Compares 2 U is a cover of a song that few if anyone had heard and was not a hit at all. The same is true with Torn by Natalie Imbruglia.",1758475859.0,0.64,40,0,discussion,themaninthemaking,447,False,0,False,text
Music,1nnyf23,"Афазия Брока - Мы создаём инструменты, а инструменты создают нас [rock] (2016)",0,https://reddit.com/r/Music/comments/1nnyf23/афазия_брока_мы_создаём_инструменты_а_инструменты/,https://www.youtube.com/watch?v=L8yifEiyEtw,,1758574731.0,0.22,0,0,music,motpfofs,0,False,0,False,text
Music,1nnbw8u,Barracuda - Heart [post modern jukebox cover],6,https://reddit.com/r/Music/comments/1nnbw8u/barracuda_heart_post_modern_jukebox_cover/,https://www.youtube.com/watch?v=fNTrkYNVp9Y,,1758511597.0,0.67,6,0,music,addos,1,False,0,False,text
Music,1no09jv,what fashion style gives paramore?,0,https://reddit.com/r/Music/comments/1no09jv/what_fashion_style_gives_paramore/,/r/Paramore/comments/1nmb4pa/what_fashion_style_gives_paramore/,,1758579223.0,0.11,0,0,discussion,justotallyfav,2,False,0,False,text
Music,1nngovh,Bincue - In Your Veins (Remix 1) [Indie Pop / Power Pop],2,https://reddit.com/r/Music/comments/1nngovh/bincue_in_your_veins_remix_1_indie_pop_power_pop/,https://youtu.be/CX2yg3j-syI?si=TZLb_4Bmv530Zzc-,,1758528795.0,1.0,2,0,music,thenormal,0,False,0,False,text
Music,1nm3hk2,D4vd Cancels Europe/UK Tour Leg Amid Death Investigation,2760,https://reddit.com/r/Music/comments/1nm3hk2/d4vd_cancels_europeuk_tour_leg_amid_death/,https://www.tmz.com/2025/09/20/d4vd-cancels-europe-uk-tour-dates/,,1758387633.0,0.95,2760,0,article,MarvelsGrantMan136,422,False,0,False,text
Music,1nnkeoi,🎶 Aahista Aahista | New Original Love Song | Romantic Track by KushalVoz 💜,1,https://reddit.com/r/Music/comments/1nnkeoi/aahista_aahista_new_original_love_song_romantic/,https://www.reddit.com/r/Music/comments/1nnkeoi/aahista_aahista_new_original_love_song_romantic/,"Hey folks, Watch this track **“Aahista Aahista”** – a romantic love song   
It’s all about slowing down, feeling the emotions, and letting the music speak.

👉 [Watch the full music video on YouTube](https://www.youtube.com/watch?v=pEBlrhg5kdU) [https://www.youtube.com/watch?v=pEBlrhg5kdU](https://www.youtube.com/watch?v=pEBlrhg5kdU)

Thanks for giving it a listen! #RomanticSong #OriginalMusic #LoveSong #KushalVoz",1758542096.0,1.0,1,0,discussion,Old-Dark9818,0,False,0,False,text
Music,1nnk37y,Songs where you hope the lyrics aren't inspired by real people/events?,1,https://reddit.com/r/Music/comments/1nnk37y/songs_where_you_hope_the_lyrics_arent_inspired_by/,https://www.reddit.com/r/Music/comments/1nnk37y/songs_where_you_hope_the_lyrics_arent_inspired_by/,"I've been listening to Chromeo and man, If [""momma's boy""](https://youtu.be/NpgpeSoJzQo?si=HOgN9ysDHD1rbmC7) is inspired by someone real feel real bad for them. 
Even beyond their their weird Oedipus complex, it must be strange to hear a song and know it's about you even if you're not mentioned specifically.

So I truly hope it was written with someone fictional in mind.

Can you guys think of any other examples of songs that make you feel like this?",1758541124.0,0.6,1,0,discussion,JONAS-RATO,11,False,0,False,text
Music,1nngcht,Cristian Nevola - Ci sarai [italian music],2,https://reddit.com/r/Music/comments/1nngcht/cristian_nevola_ci_sarai_italian_music/,https://www.youtube.com/watch?v=vZf-FDV3QE8,,1758527415.0,1.0,2,0,music,CrisVola,1,False,0,False,text
Music,1nnjp2g,Help me please!,0,https://reddit.com/r/Music/comments/1nnjp2g/help_me_please/,https://www.reddit.com/r/Music/comments/1nnjp2g/help_me_please/,"Alright first of all, I am not sure this is the right place to ask but: I am looking for a song for a meme I have in mind, thing is, I can’t find it. 
This song is used in a huge variety of memes depicting epic moments or deaths in videogames that are truly saddening to witness. It’s this woman singing no words but noises that are indeed painful and emotional to listen to and a epic-emotional music in the background. I hear it all the time but now that I need it, nothing. I’ve watched over 100 videos with this description but nothing.
Here I come asking for help to you, do you have any idea?
Thank you very much for the help.",1758539861.0,0.33,0,0,discussion,InformerHawk,2,False,0,False,text
Music,1nnjkdk,"Searching for Song with Sample from Voyager's ""Golden Record""",1,https://reddit.com/r/Music/comments/1nnjkdk/searching_for_song_with_sample_from_voyagers/,https://www.reddit.com/r/Music/comments/1nnjkdk/searching_for_song_with_sample_from_voyagers/,"Hello, I am looking for a song I vaguely remember.

I recently listened to the audio that was put on the Voyager's Golden Record, that was sent to space and it starts with welcome messages in many different languages.

The English welcome message is read by a child and says:  
""Hello from the children of Planet Earth""

Hearing this instantly triggered a vague memory of a song that started with this line being sampled and repeated until it becomes distorted, noisy chaos. I was sure to remember it being from a song by Linkin Park, but I couldn't find it. Maybe it was a live version I heard some long time ago?

I searched the web for songs with this lyrics and couldn't find anything familiar.  
If anyone has any clue what song I so vaguely remember, I would be more than grateful!

Here is a video of the clip of the Golden Record  
[https://www.youtube.com/watch?v=\_oTNL9F3qRg](https://www.youtube.com/watch?v=_oTNL9F3qRg)",1758539431.0,1.0,1,0,discussion,CentificR,0,False,0,False,text
Music,1nn8b3x,Daryl Hall & John Oates - How Does It Feel To Be Back? [new wave],7,https://reddit.com/r/Music/comments/1nn8b3x/daryl_hall_john_oates_how_does_it_feel_to_be_back/,https://youtu.be/aztfVs1epYY?feature=shared,,1758501058.0,1.0,7,0,music,Relevant_Username99,2,False,0,False,text
Music,1nn96vb,Sammy Hagar - A Crack in the World [Classic Rock],6,https://reddit.com/r/Music/comments/1nn96vb/sammy_hagar_a_crack_in_the_world_classic_rock/,https://www.reddit.com/r/Music/comments/1nn96vb/sammy_hagar_a_crack_in_the_world_classic_rock/,"Sammy was apparently into the spiritual divine, numerology, aliens, and astrology.   
Here is a snippet of lyrics from his song A Crack in the World. Made in 1975, published in 1977.

Just fifty more years we're all gonna know

Why, when, where, how, and who get's to go

So let's all have a good time before the great divide

'Cause things will start separating come 2025



So look for the subtle clues

It won't make the front-page news

That depends upon which side that you choose",1758503616.0,1.0,6,0,discussion,Vibezz-Ronin,1,False,0,False,text
Music,1nndl3r,Red Industrie - Change The Weather [Rock],3,https://reddit.com/r/Music/comments/1nndl3r/red_industrie_change_the_weather_rock/,https://youtu.be/X11UWmu7TzA?si=ANnJ3OeBrIUv99oY,,1758517127.0,1.0,3,0,music,Jmanmanman,0,False,0,False,text
Music,1nnivwh,Madison Beer - Showed Me (How I Fell In Love With You) [Pop],0,https://reddit.com/r/Music/comments/1nnivwh/madison_beer_showed_me_how_i_fell_in_love_with/,https://youtube.com/watch?v=khCziHJQSwg,,1758537150.0,0.5,0,0,music,sulttaani314,0,False,0,False,text
Music,1nncyj9,Immortal Technique - The Cause of Death [rap/hip-hop],3,https://reddit.com/r/Music/comments/1nncyj9/immortal_technique_the_cause_of_death_raphiphop/,https://youtu.be/3u3JSEqNtlg?si=fv94gMrzXZGGIxjv,,1758515005.0,1.0,3,0,music,drjuice559,0,False,0,False,text
Music,1nnapgj,I wrote this to help move on from a breakup,5,https://reddit.com/r/Music/comments/1nnapgj/i_wrote_this_to_help_move_on_from_a_breakup/,/r/filmscoring/comments/1nn7gg6/i_wrote_this_to_help_move_on_from_a_breakup/,,1758507990.0,0.86,5,0,music,Timely_Entrepreneur4,1,False,0,False,text
Music,1nnce8z,Mason Alexander Park - I Don't Care Much [Musical],3,https://reddit.com/r/Music/comments/1nnce8z/mason_alexander_park_i_dont_care_much_musical/,https://www.youtube.com/watch?v=GYeid1InSBM,,1758513187.0,0.8,3,0,music,RlOTGRRRL,0,False,0,False,text
Music,1nm7bbt,"Shirley Manson explains Garbage's final US headline tour is due to ""the thievery of the record industry""",1080,https://reddit.com/r/Music/comments/1nm7bbt/shirley_manson_explains_garbages_final_us/,https://www.nme.com/news/music/shirley-manson-explains-garbages-final-us-headline-tour-is-due-to-the-thievery-of-the-record-industry-3894035,,1758396751.0,0.98,1080,0,article,Edm_vanhalen1981,89,False,0,False,text
Music,1nn9y4i,"Flood Society - ""Song of September"" [Pop Rock]",4,https://reddit.com/r/Music/comments/1nn9y4i/flood_society_song_of_september_pop_rock/,https://www.youtube.com/watch?v=hvAYNoxhZYg,,1758505799.0,1.0,4,0,music,One_Night_2591,2,False,0,False,text
Music,1nnhns3,What pink floyd album should i listen to first?,0,https://reddit.com/r/Music/comments/1nnhns3/what_pink_floyd_album_should_i_listen_to_first/,https://www.reddit.com/r/Music/comments/1nnhns3/what_pink_floyd_album_should_i_listen_to_first/,never heard any pink floyd except a bit of “another brick in the wall” or whatever that song is called. i wanna listen to the dark side of the moon first but since y’all are professionals i need advice,1758532656.0,0.5,0,0,discussion,Kreeynightlady,53,False,0,False,text
Music,1nnhlrd,Calumny - Radioactive [edm] (2024),1,https://reddit.com/r/Music/comments/1nnhlrd/calumny_radioactive_edm_2024/,https://www.youtube.com/watch?v=Dp3a8a3YLio,,1758532430.0,1.0,1,0,music,2GOOD93,0,False,0,False,text
Music,1no0klf,Romantic Homicide Lowkey hits harder,0,https://reddit.com/r/Music/comments/1no0klf/romantic_homicide_lowkey_hits_harder/,https://www.reddit.com/r/Music/comments/1no0klf/romantic_homicide_lowkey_hits_harder/,"I understand what he did is messed up… there is no denying that and he’s a pedo(which I don’t support) and although I don’t necessarily wanna support someone like that’s music career, I can’t help but think it gives the song “Romantic Homicide” A WHOLE NEW DIMENSION

It makes you think deeper about what he’s saying and that type of depth to a song is something I’m a sucker for

I wanted to know if I’m alone on this cuz I very well might be and don’t doubt it 

The song is an expression, a real life expression, a real life feeling",1758580022.0,0.13,0,0,discussion,UnknownArtst,2,False,0,False,text
Music,1nnhb54,"Kat Button’s 'Refocus': An Album of Honesty, Hope, and Healing",1,https://reddit.com/r/Music/comments/1nnhb54/kat_buttons_refocus_an_album_of_honesty_hope_and/,https://www.thomathyentertainment.com/2025/09/kat-buttons-refocus-album-of-honesty.html?m=1,,1758531276.0,1.0,1,0,new release,thomathyent,0,False,0,False,text
Music,1nmxkqb,Bad Bunny’s Emotional Farewell — Marc Anthony Joins Him for “Preciosa” to Close Puerto Rico Residency,19,https://reddit.com/r/Music/comments/1nmxkqb/bad_bunnys_emotional_farewell_marc_anthony_joins/,https://www.topthreeus.com/bad-bunny-marc-anthony-preciosa-puerto-rico-residency/,,1758474697.0,0.86,19,0,article,Top-Three-USA,0,False,0,False,text
Music,1nn98cn,"I need some advice, I'm using a TASCAM DR-40 with a single Shure SM58",4,https://reddit.com/r/Music/comments/1nn98cn/i_need_some_advice_im_using_a_tascam_dr40_with_a/,https://www.reddit.com/r/Music/comments/1nn98cn/i_need_some_advice_im_using_a_tascam_dr40_with_a/,"So I've been using A Tascam DR-40 to record a lot of the stuff I make, however I don't know how to record vocals and guitar at the same time without one thing being unbalanced, sometimes the amp is so loud in the recording that you can't hear the vocals and other times, the amp is too quiet but the vocals are there, any advice? ",1758503733.0,0.75,4,0,discussion,HandleSignificant731,5,False,0,False,text
Music,1nmvcpr,Ministry - Goddamn White Trash [Industrial],22,https://reddit.com/r/Music/comments/1nmvcpr/ministry_goddamn_white_trash_industrial/,https://www.youtube.com/watch?v=8imYWda6MOs,,1758469500.0,0.87,22,0,music,WanderingRobotStudio,1,False,0,False,text
Music,1nmhql8,California dreaming is such a beautiful song.,204,https://reddit.com/r/Music/comments/1nmhql8/california_dreaming_is_such_a_beautiful_song/,https://www.reddit.com/r/Music/comments/1nmhql8/california_dreaming_is_such_a_beautiful_song/,Recently I’ve been listening to the mamas and the papas and I’ve never really listened to California dreaming before like really listened to it “the leaves are brown and the sky is grey” it’s telling me something in harsh reality but so delightful in a optimistic sense which makes me feel acceptance about everything in my life furthermore makes me even love my life more. It makes me feel time in the present moment. ,1758425922.0,0.96,204,0,discussion,Electronic-Bit-7404,38,False,0,False,text
Music,1nnd9ct,Artists who saved me.,2,https://reddit.com/r/Music/comments/1nnd9ct/artists_who_saved_me/,/r/MoongaHoots/comments/1nnd8s1/artists_who_saved_me/,,1758516013.0,0.75,2,0,article,Substantial-Key-3548,1,False,0,False,text
Music,1nmxs03,I just listened to pneuma by tool for the first time and my perspective on music has changed,15,https://reddit.com/r/Music/comments/1nmxs03/i_just_listened_to_pneuma_by_tool_for_the_first/,https://www.reddit.com/r/Music/comments/1nmxs03/i_just_listened_to_pneuma_by_tool_for_the_first/,"This is a random post but as a bassist amd previous drummer this song has just opened my eyes on how difficult drums can really be, yes i knew they were extreme hard but this is something else, it may not be the hardest but it just wowed me and I wanted to glaze it a bit for it's awsome sound",1758475164.0,0.79,15,0,discussion,Himiko_gal,7,False,0,False,text
Music,1nnkers,Album Review: Cardi B – Am I the Drama?...Seven Years in the Making—Did the Long Wait Justify the End Result?,0,https://reddit.com/r/Music/comments/1nnkers/album_review_cardi_b_am_i_the_dramaseven_years_in/,https://hiphophighsociety.com/2025/09/22/album-review-cardi-b-am-i-the-drama/,,1758542105.0,0.25,0,0,article,yungfella85,0,False,0,False,text
Music,1nna7mg,Songs in the Key of CWC - Get Cucky [Funk Quartet],4,https://reddit.com/r/Music/comments/1nna7mg/songs_in_the_key_of_cwc_get_cucky_funk_quartet/,https://www.youtube.com/watch?v=wX5YHQb94IY,,1758506547.0,0.83,4,0,music,jimmysmatcha,0,False,0,False,text
Music,1nmvhp1,Farm Aid celebrates its 40th anniversary with a benefit concert in Minneapolis,18,https://reddit.com/r/Music/comments/1nmvhp1/farm_aid_celebrates_its_40th_anniversary_with_a/,https://www.npr.org/2025/09/20/nx-s1-5521947/farm-aid-celebrates-its-40th-anniversary-with-a-benefit-concert-in-minneapolis,,1758469820.0,0.83,18,0,article,zsreport,1,False,0,False,text
Music,1nng6pa,Sequel songs with no prequels?,0,https://reddit.com/r/Music/comments/1nng6pa/sequel_songs_with_no_prequels/,https://www.reddit.com/r/Music/comments/1nng6pa/sequel_songs_with_no_prequels/,"Recently I was relistening to sum old playlists and came across TBSODL PART 6-12 (REMIX) and it made me realize there must be other songs out there that are also seemingly “sequels” or “part #” to previous songs that don’t exist or aren’t officially released, right? ",1758526761.0,0.5,0,0,discussion,Devil_ish,3,False,0,False,text
Music,1nn4uea,King Buffalo - Red Star Pt. 1 & 2 [Psychedelic Rock],5,https://reddit.com/r/Music/comments/1nn4uea/king_buffalo_red_star_pt_1_2_psychedelic_rock/,https://youtu.be/I1pKKWHcIzU,,1758491640.0,0.86,5,0,music,_fractilian_,2,False,0,False,text
Music,1nlz29f,Kehlani criticises AI-generated artist Xania Monet getting $3million record deal: “I don’t respect it”,2094,https://reddit.com/r/Music/comments/1nlz29f/kehlani_criticises_aigenerated_artist_xania_monet/,https://www.nme.com/news/music/kehlani-criticises-ai-generated-artist-xania-monet-getting-3million-record-deal-i-dont-respect-it-3893972,,1758377121.0,0.97,2094,0,article,AdSpecialist6598,243,False,0,False,text
Music,1nnfykt,Similarities,0,https://reddit.com/r/Music/comments/1nnfykt/similarities/,https://www.reddit.com/r/Music/comments/1nnfykt/similarities/,"Just noticed how every time someone describes the things Guthrie Govan does  (which ""no one else can follow"" is usually the implied subtext)

I am noticing John Mayer improvises equally wide range of genre and session work settings, but with the difference being the amount of space he allows in his works.

All the ""nobody else does the wide range of genre & long track record like Gutrie"" but the parallels are just sitting there unacknowledged on the Reddit-net...

Until now..?",1758525842.0,0.5,0,0,discussion,netneutroll,0,False,0,False,text
Music,1nnfrwk,"JOHN W BARRY - Humbaba’s Death, the conquest of nature by civilisation 3000 BC [folk]",0,https://reddit.com/r/Music/comments/1nnfrwk/john_w_barry_humbabas_death_the_conquest_of/,https://youtu.be/KFmbj95qSFI?si=Uxo27q-tAf3rYw4i,,1758525139.0,0.33,0,0,music,jwb012,0,False,0,False,text
Music,1nnfqrm,Help! Need song translation,1,https://reddit.com/r/Music/comments/1nnfqrm/help_need_song_translation/,https://www.reddit.com/r/Music/comments/1nnfqrm/help_need_song_translation/,"I've been watching ""This is Your Daily Dose of Cat Videos"" on YouTube and at the end they play a 10 second clip of a song which I think is in Japanese called ""Cat Videos"" by Kyle Allen Music, The Odd1sOut and Musiclide, released in 2019. It seens the only way to listen to the full version is on Spotify, and I don't have a subscription. I would just like to know the words in English. Can anyone help? ",1758525021.0,1.0,1,0,discussion,blondguy56,0,False,0,False,text
Music,1nn1m4p,Do you think that easily accessible musical creation has made it harder for smaller artists to grow?,9,https://reddit.com/r/Music/comments/1nn1m4p/do_you_think_that_easily_accessible_musical/,https://www.reddit.com/r/Music/comments/1nn1m4p/do_you_think_that_easily_accessible_musical/,"Now I'm sure you've noticed recently that there's a large uptick in new artists all over social media. From Tiktok to Soundcloud to Instagram, even to here, more and more indie musicians have popped up.

Obviously that's a good thing. We want more variety in who we listen to, however the issue is, a lot of them are kinda crap. Those videos on IG reels about ""Have you ever listened to a mix between Frank Ocean and Tame Impala?"", those god forsaken Soundcloud rappers, and Tiktok pushing some of the most shit party music known to man, I feel oversaturated.

And that means that even if something good pops up, I'm a lot more likely to just scroll past and completely miss it. Couple that with algorithms and Tiktok likes meaning essentially nothing - people who like don't necessarily listen to your actual music - it means that music creation is now a lot more focussed on marketability and hooking viewers in than the actual production of the music.

Compare this back to the early 2010s and late 2000s, where blogs and MTV were more of the norm. Things like 2dopeboyz could get a new person lots of listeners, and MTV was like the peak for an indie creator. This isn't a post about how I wish we could go back, but wasn't it substantially easier for someone to make it kinda big back then?

Or have I completely missed the point of technology advancing?",1758483902.0,0.74,9,0,discussion,Horustheweebmaster,13,False,0,False,text
Music,1nmxg7u,Contemporary female singers?,13,https://reddit.com/r/Music/comments/1nmxg7u/contemporary_female_singers/,https://www.reddit.com/r/Music/comments/1nmxg7u/contemporary_female_singers/,"I'm looking for more singers to listen to, male or female really, something inspiring! I listen to a lot of dnb and hip hop so want something a bit more soulful or even poppy. Somewhere between Cat Clyde , Becky Hill, Teddy Swims, Amy Winehouse... I don't like a lot of pop like Beconce or even most of Becky Hills music but just looking for some soulful singers like Laura Marling but more upbeat / vibey ",1758474394.0,0.93,13,0,discussion,No-Jello8138,41,False,0,False,text
Music,1nmjem2,Morrissey cancels US shows after death threat in Canada,115,https://reddit.com/r/Music/comments/1nmjem2/morrissey_cancels_us_shows_after_death_threat_in/,https://www.bbc.com/news/articles/cx2jjer23ngo?at_medium=RSS&at_campaign=rss,,1758431582.0,0.79,115,0,article,thevishal365,33,False,0,False,text
Music,1nnfh13,BanName - Books And Ideals [ Alternative] 2024,1,https://reddit.com/r/Music/comments/1nnfh13/banname_books_and_ideals_alternative_2024/,https://open.spotify.com/track/4vDkeplyqwnDjpoVAtGcPT?si=2J0XWg5PTH-yjXwYmLaJjA,,1758523993.0,1.0,1,0,music,BanName123,0,False,0,False,text
Music,1nnfecy,BOSS DS-1 Distortion Review - The Blogging Musician,1,https://reddit.com/r/Music/comments/1nnfecy/boss_ds1_distortion_review_the_blogging_musician/,https://adamharkus.com/boss-ds-1-distortion-review/,,1758523721.0,1.0,1,0,article,AdamHarkus,0,False,0,False,text
Music,1nnl3oq,What musicians came back from blunders?,0,https://reddit.com/r/Music/comments/1nnl3oq/what_musicians_came_back_from_blunders/,https://www.reddit.com/r/Music/comments/1nnl3oq/what_musicians_came_back_from_blunders/,"Duran Duran

After ""Thank You"" their next 2 albums did rlly bad, followed by some success in ""Astronaut"" and ""Paper Gods"". In 2021, the lead single, INVISIBLE, from their upcoming project ""Future Past"" went viral and is now one of their most iconic tracks, along with being one of the most streamed and is expected to hit 100M very soon.

It took nearly 3 decades but they did do it.",1758544098.0,0.33,0,0,discussion,BattleofEppingForest,13,False,0,False,text
Music,1nnf3g2,"Xamonika , J. Pool - Pajarito Blanco [Organic Acoustic Downtempo]",0,https://reddit.com/r/Music/comments/1nnf3g2/xamonika_j_pool_pajarito_blanco_organic_acoustic/,https://youtu.be/-iwvzf2fLmw?si=Nto_CkscbhpqULpZ,,1758522582.0,0.5,0,0,music,Jmanmanman,0,False,0,False,text
Music,1nn0l2s,Rondò Veneziano - La Serenissima [modern classical],8,https://reddit.com/r/Music/comments/1nn0l2s/rondò_veneziano_la_serenissima_modern_classical/,https://youtu.be/kYw_gTWYssM?si=fedj7JTE1jT68lJC,,1758481555.0,0.91,8,0,music,lobroblaw,1,False,0,False,text
Music,1nn854w,Andante - I Don't Have To Tell You Things Are Bad [Covers],3,https://reddit.com/r/Music/comments/1nn854w/andante_i_dont_have_to_tell_you_things_are_bad/,https://open.spotify.com/album/6EyRJrotvsQHieisbIOb9z?si=JNxm7QZ4Rbij0B_9OjwREw,,1758500588.0,1.0,3,0,music,Andante_Ardente,0,False,0,False,text
Music,1nnexg5,Get a Japanese Pop Song By Answering These Easy Questions!,1,https://reddit.com/r/Music/comments/1nnexg5/get_a_japanese_pop_song_by_answering_these_easy/,https://yodoozy.com/get-a-japanese-pop-song-by-answering-these-easy-questions/,,1758521954.0,0.67,1,0,music,Chinmaye50,0,False,0,False,text
Music,1nn5ztr,Alabama 3 - Woke Up This Morning (Got myself a gun - Sopranos theme) [Mafia rock],4,https://reddit.com/r/Music/comments/1nn5ztr/alabama_3_woke_up_this_morning_got_myself_a_gun/,https://youtu.be/9W3A34TTxFU?list=RD9W3A34TTxFU,,1758494643.0,0.75,4,0,music,djsoomo,0,False,0,False,text
Music,1nnehxi,Unreleased juice wrld song,0,https://reddit.com/r/Music/comments/1nnehxi/unreleased_juice_wrld_song/,https://www.reddit.com/r/Music/comments/1nnehxi/unreleased_juice_wrld_song/,"There's a song that goes like ""she wears short skirts she's a keeper"" the chorus is like ""it's been a while since I been this gone, it's been a while since you turn me on, it's been a while since I sang this song,"" | can't remember the fucken name or find it anywhere bro",1758520383.0,0.33,0,0,discussion,Ok_Emergency_7524,1,False,0,False,text
Music,1nnk5e7,cant find a banger,0,https://reddit.com/r/Music/comments/1nnk5e7/cant_find_a_banger/,https://www.reddit.com/r/Music/comments/1nnk5e7/cant_find_a_banger/,"just saw a story of kevo muney, found a banger but cant manage to get the track id, need ya help now fam

https://www.instagram.com/stories/kevomuney3/3726856073685837372?utm_source=ig_story_item_share&igsh=N3VqZGlrZXVjcnhr",1758541321.0,0.2,0,0,discussion,No-Department-7068,0,False,0,False,text
Music,1nn52m2,Phish - You Enjoy Myself [prog rock/jam] (live 7/20/91),4,https://reddit.com/r/Music/comments/1nn52m2/phish_you_enjoy_myself_prog_rockjam_live_72091/,https://m.youtube.com/watch?v=-XBTKuBG8Zs,,1758492224.0,0.63,4,0,music,GrouchySalary5677,2,False,0,False,text
Music,1nndy53,Who are your Top 5 Favorite Male R&B Singers of All Time?,0,https://reddit.com/r/Music/comments/1nndy53/who_are_your_top_5_favorite_male_rb_singers_of/,https://www.reddit.com/r/Music/comments/1nndy53/who_are_your_top_5_favorite_male_rb_singers_of/,"My Top 5 Favorite Male R&B Singers of All Time are:

5. Al Green

4. Stevie Wonder

3. Marvin Gaye - 1. Innovative Sound

Gaye was known for his smooth, emotive vocal style and ability to blend various musical genres, including jazz, gospel, and pop, into his work. His music often featured lush arrangements and intricate harmonies.
2. Social Commentary

Many of his songs addressed social issues and personal struggles, making his music resonate deeply with listeners. Notable tracks like ""What's Going On"" tackled themes of war, poverty, and civil rights, reflecting the turbulent social climate of the 1960s and 1970s.
3. Timeless Hits

Gaye produced numerous timeless hits, including ""Sexual Healing,"" ""Ain't No Mountain High Enough,"" and ""Let's Get It On."" These songs have maintained their popularity across generations, influencing countless artists and remaining staples on radio playlists.
4. Artistic Evolution

His career showcased significant artistic growth. Starting as a Motown artist, he evolved into a more self-directed musician, taking control of his creative process and producing some of his most acclaimed works.
5. Cultural Impact

Marvin Gaye's music has had a lasting impact on pop culture, inspiring genres like hip-hop and contemporary R&B. His influence can be seen in the work of many modern artists who cite him as an inspiration.
6. Legacy

Gaye's tragic death in 1984 only added to his legend, with his life story often discussed in the context of his artistic genius and personal struggles. He has been posthumously honored with numerous awards and inductions into music halls of fame.
Overall, Marvin Gaye's combination of musical talent, social awareness, and emotional depth has solidified his place as a legendary figure in music history.

2. James Brown

1. Ray Charles",1758518380.0,0.47,0,0,discussion,Amber_Flowers_133,10,False,0,False,text
Music,1nmwt73,REO Speedwagon - Golden Country (Live on U.S. Tour - 1976) [Classic Rock],10,https://reddit.com/r/Music/comments/1nmwt73/reo_speedwagon_golden_country_live_on_us_tour/,https://youtu.be/M4665KTZkVM?si=JlZG3wAaD0nrbtDs,,1758472901.0,1.0,10,0,music,ZombiePartyBoyLives,3,False,0,False,text
Music,1nndrsq,Frank Sinatra Cover of Music to Watch Girls by,1,https://reddit.com/r/Music/comments/1nndrsq/frank_sinatra_cover_of_music_to_watch_girls_by/,https://www.reddit.com/r/Music/comments/1nndrsq/frank_sinatra_cover_of_music_to_watch_girls_by/,So I might be slow but I swear for years I use to listen to a version of the song by Frank. It was way slower than the original. If anybody has heard of it or something similar because I couldn’t find any record of the song ANYWHERE. Thanks!,1758517748.0,1.0,1,0,discussion,daniel_el_unchild,3,False,0,False,text
Music,1nndosn,Fluid Love - Old Mac Daddy [Pop Country],1,https://reddit.com/r/Music/comments/1nndosn/fluid_love_old_mac_daddy_pop_country/,https://open.spotify.com/track/2aKG7Sq4zG5yHxUH8EXi39?si=mst_LGEZTGeVE4w37TEKWg,,1758517460.0,0.67,1,0,music,MechanicalHawk,0,False,0,False,text
Music,1nndjxv,Justice for Dolph,0,https://reddit.com/r/Music/comments/1nndjxv/justice_for_dolph/,https://c.org/pvDhfpzPCZ,,1758517010.0,0.33,0,0,article,Strict_Art_1615,0,False,0,False,text
Music,1nn28iz,BABYMETAL - ヘドバンギャー！！- Headbangeeeeerrrrr!!!!!!! [Kawaii Metal (J-Pop/Metal)],6,https://reddit.com/r/Music/comments/1nn28iz/babymetal_ヘドバンギャー_headbangeeeeerrrrr_kawaii_metal/,https://www.youtube.com/watch?v=2IzR_ClTE8Y,,1758485371.0,1.0,6,0,music,xXx_MrAnthrope_xXx,0,False,0,False,text
Music,1nnd0x3,Kerry Nadia - Around The World [AfroSoul],1,https://reddit.com/r/Music/comments/1nnd0x3/kerry_nadia_around_the_world_afrosoul/,https://youtu.be/hBqxExB7x3w?si=N9_6FScsyd8vgKxw,,1758515232.0,1.0,1,0,music,LiveMikeVid,1,False,0,False,text
Music,1nmtg3c,Killing Joke - Follow The Leaders [Post punk],12,https://reddit.com/r/Music/comments/1nmtg3c/killing_joke_follow_the_leaders_post_punk/,https://www.youtube.com/watch?v=o2eISvLGUw0,,1758464971.0,0.94,12,0,music,MrZombified,0,False,0,False,text
Music,1nno3bb,Concert wristband stuck!,0,https://reddit.com/r/Music/comments/1nno3bb/concert_wristband_stuck/,https://www.reddit.com/r/Music/comments/1nno3bb/concert_wristband_stuck/,"I was recently at a concert and really want to save my wristband for it. 
It's incredibly tight (a worker at the gates put it on me) 
I have tried the twisting thing, and it just spins, I have tried the bag method, and it only gets tighter. 
Any other suggestions or tips/tricks?

Current failed tactics: twisting, bag, pen, scissors, teeth. 

Edit to say that I have it off and didn't cut the actual band. 
How I did it: hot iron to soften the plastic and small scissors to push through the warm melted plastic. If you try this yourself, please be careful! ",1758551530.0,0.1,0,0,discussion,DoveandGrenade12,19,False,0,False,text
Music,1nnc2lk,Rise Against - Nowhere Generation [rock/punk] (2021),1,https://reddit.com/r/Music/comments/1nnc2lk/rise_against_nowhere_generation_rockpunk_2021/,https://youtu.be/wBvgDRjFlbo?si=ayMrtLpfYBE6SCWQ,,1758512152.0,1.0,1,0,music,OMGaBrassGecko,0,False,0,False,text
Music,1nnbzgl,Scotty McCreery - Can't Pass The Bar [COUNTRY],0,https://reddit.com/r/Music/comments/1nnbzgl/scotty_mccreery_cant_pass_the_bar_country/,https://youtu.be/nQx7848PFCg?si=SS_NIu2IQhWAN0ef,,1758511876.0,0.33,0,0,music,Lost-Telephone972,0,False,0,False,text
Music,1nmyh2q,Robin Trower - Roads to Freedom [Rock],6,https://reddit.com/r/Music/comments/1nmyh2q/robin_trower_roads_to_freedom_rock/,https://www.youtube.com/watch?v=C-hwM9Ys2M4,,1758476771.0,0.88,6,0,music,aleph32,0,False,0,False,text
Music,1nnbg48,The song “ blue balls in a red state” ?,0,https://reddit.com/r/Music/comments/1nnbg48/the_song_blue_balls_in_a_red_state/,https://www.reddit.com/r/Music/comments/1nnbg48/the_song_blue_balls_in_a_red_state/,"I heard this song on the actual terrestrial radio while driving home and trying to find it online.  90.7 on the fm dial …kpfk.  It’s got a good country twang and a steel guitar.  Anyone know who sings it??

“…it’s gonna be a long election night…”",1758510222.0,0.4,0,0,discussion,Efficient_Oil8924,0,False,0,False,text
Music,1nnb9j0,"""Gameboy"" - Official Audio [prod. by @prodbystxpid]",1,https://reddit.com/r/Music/comments/1nnb9j0/gameboy_official_audio_prod_by_prodbystxpid/,/r/u_WattaveChris/comments/1nnb8uj/gameboy_official_audio_prod_by_prodbystxpid/,,1758509661.0,0.66,1,0,article,WattaveChris,0,False,0,False,text
Music,1nnb9im,What’s the best music cover in all of history?,1,https://reddit.com/r/Music/comments/1nnb9im/whats_the_best_music_cover_in_all_of_history/,/r/MusicRecommendations/comments/1nnb9ax/whats_the_best_music_cover_in_all_of_history/,,1758509661.0,1.0,1,0,discussion,Kreeynightlady,2,False,0,False,text
Music,1nnk1fs,Unexpected things overheard at concerts,0,https://reddit.com/r/Music/comments/1nnk1fs/unexpected_things_overheard_at_concerts/,/r/overheard/comments/1nnk0l7/unexpected_things_overheard_at_concerts/,,1758540970.0,0.14,0,0,article,oshawaguy,0,False,0,False,text
Music,1nn5lfi,Hosting a nujabes radio channel,2,https://reddit.com/r/Music/comments/1nn5lfi/hosting_a_nujabes_radio_channel/,https://www.reddit.com/r/Music/comments/1nn5lfi/hosting_a_nujabes_radio_channel/,"[https://www.youtube.com/@NujabesRadio/featured](https://www.youtube.com/@NujabesRadio/featured)

Basically I have a massive library of nujabes tracks, including a bunch of rare ones  
It'll play from random from this huge library.

Have a listen, chill out, enjoy

My library was sourced from [u/2muchrubik](https://www.reddit.com/user/2muchrubik/)His archive is really good [https://nujabesproject.blogspot.com/?m=0](https://nujabesproject.blogspot.com/?m=0)

A lot of tracks from the archive didnt load so i had to source them elswhere",1758493586.0,1.0,2,0,discussion,royenator,0,False,0,False,text
Music,1nmpvse,SLAYER - SEASONS IN THE ABYSS [METAL],15,https://reddit.com/r/Music/comments/1nmpvse/slayer_seasons_in_the_abyss_metal/,https://youtu.be/DECp8LKurKs,,1758455345.0,1.0,15,0,music,MamaSugarz,0,False,0,False,text
Music,1nn9rf4,"""Gang Gang"" - Official Audio prod by @freshbands",0,https://reddit.com/r/Music/comments/1nn9rf4/gang_gang_official_audio_prod_by_freshbands/,/r/u_WattaveChris/comments/1nn9p08/gang_gang_official_audio_prod_by_freshbands/,,1758505256.0,0.33,0,0,article,WattaveChris,0,False,0,False,text
Music,1nn9k60,I Prevail “Stay Away” on Violent Nature,1,https://reddit.com/r/Music/comments/1nn9k60/i_prevail_stay_away_on_violent_nature/,/r/Holywatr/comments/1nn9htq/i_prevail_stay_away_on_violent_nature/,,1758504664.0,0.6,1,0,article,Chevelle-Fan-1418,0,False,0,False,text
Music,1nn9e71,The Halo Effect - Feel What I Believe [metal/melodic death metal] (2022),1,https://reddit.com/r/Music/comments/1nn9e71/the_halo_effect_feel_what_i_believe_metalmelodic/,https://youtu.be/N7shmyN2gII?si=wI5QSHJIPoU60uap,,1758504193.0,1.0,1,0,music,OMGaBrassGecko,0,False,0,False,text
Music,1nmoxow,"Earth, Wind & Fire - September [disco]",13,https://reddit.com/r/Music/comments/1nmoxow/earth_wind_fire_september_disco/,https://youtu.be/Gs069dndIYk?si=XPfSJ0k6waCz0CFo,,1758452079.0,0.76,13,0,music,mrjohnnymac18,3,False,0,False,text
Music,1nmrq2o,Hall and Oates - Wait For Me [POP],9,https://reddit.com/r/Music/comments/1nmrq2o/hall_and_oates_wait_for_me_pop/,https://youtu.be/bld11R9S6uE?si=fWFyLHo2LSwbL8t4,,1758460643.0,1.0,9,0,music,Confident_Tie7530,2,False,0,False,text
Music,1nmthuq,Girl Group - Rage Song [Pop Rock],7,https://reddit.com/r/Music/comments/1nmthuq/girl_group_rage_song_pop_rock/,https://www.youtube.com/watch?v=r2Hza8Ph-aM,,1758465081.0,1.0,7,0,music,zsreport,0,False,0,False,text
Music,1nn8f3s,"RiMusic - Let It Out [Modern Pop, Soul, Ballad]",0,https://reddit.com/r/Music/comments/1nn8f3s/rimusic_let_it_out_modern_pop_soul_ballad/,https://youtu.be/9vlOHH-FFVA?si=ydNmHVSIGfoNlxzp,,1758501378.0,0.5,0,0,music,Alert-Swan8245,2,False,0,False,text
Music,1nmwxbt,The Mighty Underdogs feat. MF DOOM - Gunfight [Rap],5,https://reddit.com/r/Music/comments/1nmwxbt/the_mighty_underdogs_feat_mf_doom_gunfight_rap/,https://youtu.be/Ll9e9baDUtM?si=KObEsnU6DBM95wyX,,1758473169.0,1.0,5,0,music,DuncneyForever,0,False,0,False,text
Music,1nnli2n,"Who’s on your Mount Rushmore of the Greatest Male Country,Rock and R&B Singers of All Time?",0,https://reddit.com/r/Music/comments/1nnli2n/whos_on_your_mount_rushmore_of_the_greatest_male/,https://www.reddit.com/r/Music/comments/1nnli2n/whos_on_your_mount_rushmore_of_the_greatest_male/,"My Mount Rushmore of the Greatest Male Country,Rock and R&B Singers of All Time are:

Country 🤠🪕

Johnny Cash 🇺🇸

Charley Pride 🇺🇸

Merle Haggard 🇺🇸

George Strait 🇺🇸

Rock🤘🏾🤘🏻🎸

Chuck Berry 🇺🇸

Freddie Mercury (Queen)🇬🇧

David Bowie 🇬🇧

Bono (U2)🇮🇪

R&B 🎹🎷

Ray Charles 🇺🇸

James Brown 🇺🇸

Marvin Gaye 🇺🇸

Stevie Wonder 🇺🇸🇬🇭


",1758545206.0,0.27,0,0,discussion,Amber_Flowers_133,3,False,0,False,text
Music,1nn7xa4,Buck Henry - Golden/Wild Robot Theme Comparison [Soundtrack],0,https://reddit.com/r/Music/comments/1nn7xa4/buck_henry_goldenwild_robot_theme_comparison/,https://youtu.be/tJrf-sxTt_4?si=8wtx4IcuGG_yYfxp,,1758499969.0,0.33,0,0,music,TerryTrepanation,2,False,0,False,text
