subreddit,post_id,post_title,post_score,post_url,post_content_url,post_text,timestamp,post_upvote_ratio,post_ups,post_total_awards_received,post_link_flair_text,post_author,post_num_comments,has_images,num_images,is_gallery,content_type
Survival,10ugdd8,Posts regarding non Wilderness Survival content. A message from the moderators. Please read.,389,https://reddit.com/r/Survival/comments/10ugdd8/posts_regarding_non_wilderness_survival_content_a/,https://www.reddit.com/r/Survival/comments/10ugdd8/posts_regarding_non_wilderness_survival_content_a/,"Thank you for being apart of the r/Survival community. We appreciate everyone who has contributed to the overall discussion about Wilderness Survival. Please remember to review the rules of our sub before posting any content or comments.

This is a community to discuss wilderness survival and bushcraft topics. 

The moderators have noticed an increase in off topic conversations which violate several of the subreddits rules. The largest being rule number 10 regarding posts that are more catered to bugging out, prepping, SHTF/TEOTWAWKI, and combat related content. While we appreciate everyone’s enthusiasm to grow this community and have conversations about these topics, they are not appropriate for r/Survival and belong in other subreddits dedicated to them. 

The moderators will be keeping an eye out for posts involving these topics and will remove them without warning if they are posted. If you post again, then you will incur a temporary ban. A third strike will lead to a permanent ban. If you aren’t sure if your post will violate a rule, then reach out to the moderators and we will be happy to let you know. 

We hope that the community will continue to grow and be a place where like minded individuals can come together and discuss their love for survival in the wilderness.",1675614090.0,0.89,389,0,,just_sun_guy,0,False,0,False,text
Survival,1nluj8j,Bear Safety Question: What happens if you freeze or lie down in the presence of a black bear?,409,https://reddit.com/r/Survival/comments/1nluj8j/bear_safety_question_what_happens_if_you_freeze/,https://www.reddit.com/r/Survival/comments/1nluj8j/bear_safety_question_what_happens_if_you_freeze/,"You know that saying, ""If it's black, fight back; if it's brown, lie down; if it's white, goodnight""?

What happens if you freeze or lie down in front of a black bear - does it start attacking you or trying to eat you directly?",1758363603.0,0.97,409,0,,truckbot101,238,False,0,False,text
Survival,1niwzti,How far could a ferro rod spark or a spark wheel be seen from?,63,https://reddit.com/r/Survival/comments/1niwzti/how_far_could_a_ferro_rod_spark_or_a_spark_wheel/,https://www.reddit.com/r/Survival/comments/1niwzti/how_far_could_a_ferro_rod_spark_or_a_spark_wheel/,"In the dark could you use a ferro rod or spark wheel spark to attract attention and maybe even signal with? If you were on an island and you sparked at night cold a helicopter or boat see it from, let's say 100 feet? But even that might not be very useful. Please and thank you.",1758064558.0,0.89,63,0,,WashyLegs,27,False,0,False,text
Survival,1ndw7gn,I see on TV they say if you come across a bear to make yourself big if you got on someone else's shoulders what would the bear do?,81,https://reddit.com/r/Survival/comments/1ndw7gn/i_see_on_tv_they_say_if_you_come_across_a_bear_to/,https://www.reddit.com/r/Survival/comments/1ndw7gn/i_see_on_tv_they_say_if_you_come_across_a_bear_to/,"I've heard the rhyme but I'm talking Romania, brown bears",1757554473.0,0.85,81,0,General Question,proudhufflepuffchonk,107,False,0,False,text
Survival,1nbly1a,Are multitools as useful as they are advertised?,143,https://reddit.com/r/Survival/comments/1nbly1a/are_multitools_as_useful_as_they_are_advertised/,https://www.reddit.com/r/Survival/comments/1nbly1a/are_multitools_as_useful_as_they_are_advertised/,"Yk how people say multitools are really useful, can do all sorts of things, greatly increase of survival etc.

How useful are they? My first instinct was that it was like a flying car. Tries to do both and ends up being bad at everything.

Are multitools actually useful?",1757333276.0,0.92,143,0,General Question,HJG_0209,203,False,0,False,text
Survival,1nc2e4c,Water Bottle Filter,15,https://reddit.com/r/Survival/comments/1nc2e4c/water_bottle_filter/,https://www.reddit.com/r/Survival/comments/1nc2e4c/water_bottle_filter/,"So, SHTF and I grab my bag and go. What would be the water bottle filtration system to have in it?",1757371690.0,0.82,15,0,General Question,BROKEN_CONDOMS,14,False,0,False,text
Survival,1naj0zq,How to make a primitive stone boiler with no tools in the wild?,27,https://reddit.com/r/Survival/comments/1naj0zq/how_to_make_a_primitive_stone_boiler_with_no/,https://www.reddit.com/r/Survival/comments/1naj0zq/how_to_make_a_primitive_stone_boiler_with_no/,"Obviously this would be in a place with sufficient water sources, tinder, and rocks (obviously) but in what order or fashion would each of these be prioritized and how would you go about finalizing a boiler. Let me know please",1757216243.0,0.78,27,0,,splur678,36,False,0,False,text
Survival,1n93ecd,Made a PVC pipe sheath for my 50 cm Tramontina Latin machete. Took about 30 minutes and $1 in supplies.,223,https://reddit.com/r/Survival/comments/1n93ecd/made_a_pvc_pipe_sheath_for_my_50_cm_tramontina/,https://i.redd.it/v5roewyo6cnf1.jpeg,,1757073860.0,0.95,223,0,,trackattacker,20,True,1,False,image
Survival,1n807bk,"If you were stranded in the Taiga and had to survive for one year before rescue, what would you bring?",70,https://reddit.com/r/Survival/comments/1n807bk/if_you_were_stranded_in_the_taiga_and_had_to/,https://www.reddit.com/r/Survival/comments/1n807bk/if_you_were_stranded_in_the_taiga_and_had_to/,I know this is random. You can bring anything you can fit in one carry on and one luggage. ,1756958537.0,0.84,70,0,,bjack20,79,False,0,False,text
Survival,1n1neo6,"Are bladed tools such as axes, scythes, and machetes really sold blunt in hardware stores? Why?",633,https://reddit.com/r/Survival/comments/1n1neo6/are_bladed_tools_such_as_axes_scythes_and/,https://www.reddit.com/r/Survival/comments/1n1neo6/are_bladed_tools_such_as_axes_scythes_and/,"The scythes, machetes, and other carpentry and outdoor maintenance tools sold at local hardware store are blunt. Including the axes I learned by my annoyance after I brought it home when I started chopping a small blunt and discovered I had to sharpen it because it was blunt.

Is this the norm for hardware stores? If so why? Or is my local store just an outlier?",1756315716.0,0.94,633,0,,NaturalPorky,240,False,0,False,text
Survival,1n1h8h8,Battery banks,31,https://reddit.com/r/Survival/comments/1n1h8h8/battery_banks/,https://www.reddit.com/r/Survival/comments/1n1h8h8/battery_banks/,Does anyone here have a solar powered battery bank that they would recommend?,1756301741.0,0.91,31,0,General Question,Cammander360,23,False,0,False,text
Survival,1n0xg7c,Experience with Canada Bushcraft,16,https://reddit.com/r/Survival/comments/1n0xg7c/experience_with_canada_bushcraft/,https://www.reddit.com/r/Survival/comments/1n0xg7c/experience_with_canada_bushcraft/,"Has anyone bought anything online from Bushcraft Canada before?

Update: Thanks everyone who gave me the feedback. I bought my new Bush sweater from them! Safe travels everyone",1756241298.0,0.88,16,0,General Question,BROKEN_CONDOMS,5,False,0,False,text
Survival,1mxi6tk,Good Radio,40,https://reddit.com/r/Survival/comments/1mxi6tk/good_radio/,https://www.reddit.com/r/Survival/comments/1mxi6tk/good_radio/,"I live somewhat in the mountains, and figure this is a good place to ask about this.
I am looding for an emergency radio for when power cuts out, as such happens every so often. My requirements are a built in light, radio, preferably solar charging, maybe more.
I found some on Amazon, but I figured I should ask folks who really know about this stuff, rather then grabbing whatever is cheapest. What brand/model/etc would you all recommend?",1755896133.0,0.99,40,0,Gear Recommendation Wanted,Sans-clone,16,False,0,False,text
Survival,1mul3do,Why aren’t we teaching survival in school.,688,https://reddit.com/r/Survival/comments/1mul3do/why_arent_we_teaching_survival_in_school/,https://www.reddit.com/r/Survival/comments/1mul3do/why_arent_we_teaching_survival_in_school/,"There should be a mandatory course on all survival. Natural disasters, getting lost in wilderness and even breaking down in a remote area.  This course should be designed for each state with natural disaster and terrain in mind. If you know of something like this that’s exists please let me know. How can we make this happen? I’ve lost someone in a flash flood and learned that even most adults don’t know what to do in certain situations. I want to help change this so people can feel more prepared and I believe it starts by teaching our future generation.",1755616062.0,0.89,688,0,,CaterpillarOld2886,292,False,0,False,text
Survival,1mugquu,can pemmican get wet?,23,https://reddit.com/r/Survival/comments/1mugquu/can_pemmican_get_wet/,https://www.reddit.com/r/Survival/comments/1mugquu/can_pemmican_get_wet/,if your backpack fell in a creek and was soaked. I assume all the fat would prevent spoilage as long as you dried it off?,1755605787.0,0.87,23,0,General Question,DefrockedWizard1,20,False,0,False,text
Survival,1mu425j,What happened to survivor man???,93,https://reddit.com/r/Survival/comments/1mu425j/what_happened_to_survivor_man/,https://www.reddit.com/r/Survival/comments/1mu425j/what_happened_to_survivor_man/,What ever happened to survivor man? Miss seeing his videos. I am surprised he hasn’t created a YouTube channel. ,1755564700.0,0.74,93,0,,Academic_Action_9392,65,False,0,False,text
Survival,1mss059,What’s the lightest water filter you trust for backcountry trips?,46,https://reddit.com/r/Survival/comments/1mss059/whats_the_lightest_water_filter_you_trust_for/,https://www.reddit.com/r/Survival/comments/1mss059/whats_the_lightest_water_filter_you_trust_for/,"I’m trying to cut weight on my pack for a week-long hike, but water purification is non-negotiable. I’ve been using a Sawyer Squeeze, but wondering if there’s something even lighter that still gets the job done. What water filter do you rely on for backcountry trips, and why do you trust it?",1755440048.0,0.89,46,0,,fygooooo,51,False,0,False,text
Survival,1msykfs,Comms,15,https://reddit.com/r/Survival/comments/1msykfs/comms/,https://www.reddit.com/r/Survival/comments/1msykfs/comms/,"Okay, so I am former army and I was comms, but that was years ago and honestly I have been looking recently into finding a decent radios. Radios any idea where to get some that were like decently encrypted and also not super expensive?",1755455324.0,0.81,15,0,,its_lexi_bitch,26,False,0,False,text
Survival,1mqstbv,Has anyone used a tarp as an emergency shelter in high winds?,65,https://reddit.com/r/Survival/comments/1mqstbv/has_anyone_used_a_tarp_as_an_emergency_shelter_in/,https://www.reddit.com/r/Survival/comments/1mqstbv/has_anyone_used_a_tarp_as_an_emergency_shelter_in/,"I’m putting together a lightweight survival kit and wondering about tarps for emergency shelters. I’ve seen videos of people setting them up in calm weather, but what about high winds? Has anyone tested a tarp shelter in stormy conditions? How did you secure it, and did it hold up?",1755250237.0,0.93,65,0,Learning Survival,Mafia2guylian,64,False,0,False,text
Survival,1mmjg2t,Can you purify water in the sun in clear glass bottles?,290,https://reddit.com/r/Survival/comments/1mmjg2t/can_you_purify_water_in_the_sun_in_clear_glass/,https://www.reddit.com/r/Survival/comments/1mmjg2t/can_you_purify_water_in_the_sun_in_clear_glass/,"Google’s been giving me a lot of different answers when it comes to purifying water in sunlight. Especially when it comes to glass bottles, so i’m feeling unsure.

Is it possible to purify water in a clear, non coloured glass bottle by putting it in the sun for 6+ hours?


Edit:

I should have added that I meant ‘kill bacteria and virusses’. Not ‘remove particles out of the water’. I understand that if you don’t run water through a filter, it doesn’t clear the particles.

I will always filter and boil water to make it consumable. I heard of “water bottles sitting in the sun for ages” being safe to drink, so I got curious, but could not find a clear answer.

I appreciate everyone taking their time to answer and drop all their knowledge.",1754834718.0,0.91,290,0,DO NOT ATTEMPT,Ceiling_Stare,121,False,0,False,text
Survival,1mken7n,Lensatic (military compass) Basics,937,https://reddit.com/r/Survival/comments/1mken7n/lensatic_military_compass_basics/,https://v.redd.it/7amogm6jfohf1,Just wanted to contribute to the community. Hope you enjoy!,1754607034.0,0.99,937,0,,survivalofthesickest,28,False,0,False,text
Survival,1mk3bqt,Why is it unsafe to boil saltwater for salt to consume,804,https://reddit.com/r/Survival/comments/1mk3bqt/why_is_it_unsafe_to_boil_saltwater_for_salt_to/,https://www.reddit.com/r/Survival/comments/1mk3bqt/why_is_it_unsafe_to_boil_saltwater_for_salt_to/,When we eat seafood boil from the same waters ?,1754580916.0,0.95,804,0,,MaloD51,154,False,0,False,text
Survival,1mievrk,Tarp Shelter Setup,16,https://reddit.com/r/Survival/comments/1mievrk/tarp_shelter_setup/,https://www.reddit.com/r/Survival/comments/1mievrk/tarp_shelter_setup/,"I have recently added a quick deploy ridge line and tarp to my pack. I have been trying to settle on a preferred setup for the tarp. At first, I thought that I would prefer a diamond fly (diagonal). It would give good coverage and only require two tent stakes. But now I am thinking that I would prefer a lean-to. Or at least I think it would be called a lean-to. But I envision it more like a sloped roof than a typical lean-to that meets the ground. The reasons for considering a different setup are because one, it would be completely open on the front facing side. And two, since there is only one slope, water would all drain in one direction. But I'd love to hear from people with more experience setting up tarps.",1754413552.0,0.76,16,0,,Gerb006,11,False,0,False,text
Survival,1mgfeul,How to preserve organ meats without a refrigirator?,32,https://reddit.com/r/Survival/comments/1mgfeul/how_to_preserve_organ_meats_without_a_refrigirator/,https://www.reddit.com/r/Survival/comments/1mgfeul/how_to_preserve_organ_meats_without_a_refrigirator/,"How do I preserve the organs of a hog or cow without a refrigirator? I'm unsure if salting, fementing or curing will work.",1754214871.0,0.74,32,0,General Question,daviddummie,39,False,0,False,text
Survival,1mfbz39,Is there a way to know if a Search and Rescue Aircraft is heading towards a base or civilization while it’s flying around?,18,https://reddit.com/r/Survival/comments/1mfbz39/is_there_a_way_to_know_if_a_search_and_rescue/,https://www.reddit.com/r/Survival/comments/1mfbz39/is_there_a_way_to_know_if_a_search_and_rescue/,"I was wondering if there is a light or signal of some kind that would show a lost hiker or anything that an aircraft is heading towards a camp or base or something? You hear stories sometimes of hikers eventually being rescued but reporting they could spot a search plane long before being rescued. Not planning on getting lost anytime soon, but I figure if something like this is being done, it would be useful to know about it. Note: of course I figure military search and rescue wouldn’t want to show to obviously where bases or camps are set up, so I was imaging more in civilian operations. ",1754091998.0,0.79,18,0,,dookie_blaycock,13,False,0,False,text
Survival,1ma3w8o,"How long would it take to learn to be self-sufficent in the wilderness for a few months, assuming no prior experience or knowledge?",159,https://reddit.com/r/Survival/comments/1ma3w8o/how_long_would_it_take_to_learn_to_be/,https://www.reddit.com/r/Survival/comments/1ma3w8o/how_long_would_it_take_to_learn_to_be/,"Curious, what the typical learning curve looks like and how long it would take for a person whose only experience is glamping. 

Assuming I am of average intelligence and physical fitness, with average knowledge of the world, how long would it take me to develop enough skills to survive for an extended period of time (months) in the wilderness with minimal tools/ammenities? 

One year? 10? 20? Just trying to get a baseline. ",1753562862.0,0.9,159,0,Learning Survival,JerseyDonut,185,False,0,False,text
Survival,1m9cvbg,Help with bow and spindle,11,https://reddit.com/r/Survival/comments/1m9cvbg/help_with_bow_and_spindle/,https://www.reddit.com/gallery/1m9cvbg,"Hi folks, looking for some guidance. I’ve been trying for two days to get a bow and spindle fire going. I’m using dry cedar wood. I got close once in probably 50 attempts. My shoulder is now sore so I’m going to rest a day or two before trying again. The one good attempt both spindle and board had burned and were smoking when my arm gave out but minimal embers. It was the second hold on the board and when it was still relatively shallow. I have a wood block for the top of the spindle to keep it in place and lube it with some leaves every so often and try to reduce friction there as much as possible. Any questions or insights are appreciated. Thanks,",1753482407.0,0.93,11,0,,PrincePhil,4,True,7,True,text
Survival,1m8tonj,Stepped on underground bees nest,55,https://reddit.com/r/Survival/comments/1m8tonj/stepped_on_underground_bees_nest/,https://www.reddit.com/r/Survival/comments/1m8tonj/stepped_on_underground_bees_nest/,"This was tough. Could have been worse but we were lucky. 

The last day of camping in a cabin at a local state campground, I went out to load the van. Started to put the last things in the trunk and felt sharp stinging. Looked down and bees everywhere. I swatted them off and bolted but my first power step, I tore my calf muscle. It felt like the most powerful cramp I've ever had in my life combined with a sharp pain. I imagine it's how I'd feel if I were shot. I couldn't move. Luckily our daughter was far enough away but my wife for some reason thought I was playing around and went to load the van. I'm yelling at her to get inside and she gets stung on her foot. Shook the bee off and had to pull the stinger out when she got our daughter inside the cabin. 

I was frozen there about 15 feet away from the nest and couldn't move because of my calf. I'm guessing my wife distracted them enough for them to forget about me? I wouldn't have been able to do anything. My other foot is still rehabbing from a peroneal tendon transfer. I'm lucky that didn't re tear actually. 

If the bees decided to attack me still, what would I have done? It's now 3 days later. Only had 5 stings total and they are now extremely itchy at times. 100x worse than a mosquito bite. I'm on crutches because I can not put any weight on my foot at all or even straighten my leg without intense pain. ER sent me home with tramadol lol and said they couldn't image it. I'm waiting for an opening with my foot surgeon to assess and schedule imaging but pretty sure it's a grade III tear and I'm screwed for a month or 2 at least. Praying I won't need surgery 

We notified the campground so any kids visiting in the future won't get stung. It's no joke but My wife was sitting in agony with her single sting while I had to drive home with 5 and the pain was masked because my calf was just so much worse. I was even making fun of it by pinching and squeezing my stings like it was nothing (more out of anger of the situation) because she told me she couldn't walk into the store for some ointment lol.. it took me going to the ER before she finally realized how serious my calf was. 

So that's my story. Just dumb luck to run into this while not being conditioned to run. As soon as my calf recovers I'm planning to hit the gym hard and start running again. ",1753431858.0,0.87,55,0,,GizmoKakaUpDaButt,24,False,0,False,text
Survival,1m4svx9,"Leatherman Rebar + Nite Ize Clip = Pocket or Sheath Carry, Finally Done Right",43,https://reddit.com/r/Survival/comments/1m4svx9/leatherman_rebar_nite_ize_clip_pocket_or_sheath/,https://www.reddit.com/gallery/1m4sh48,,1753028159.0,0.86,43,0,,Moebius_Rex,0,False,0,False,text
Survival,1m3kax9,I’ve been trying the hand drill and the fire plough methods for over 2 hours and all i’ve gotten was a smoky smell. What am i doing wrong ? (To clarify the wood is pretty dry and it was a part of a fence but now its my baseboard),52,https://reddit.com/r/Survival/comments/1m3kax9/ive_been_trying_the_hand_drill_and_the_fire/,https://www.reddit.com/r/Survival/comments/1m3kax9/ive_been_trying_the_hand_drill_and_the_fire/,,1752890026.0,0.95,52,0,General Question,Jvratine201uwu,43,False,0,False,text
Survival,1m3fc1b,Trying to start a fire by fire plough has given a newfound respect on people who start fires just with sticks,68,https://reddit.com/r/Survival/comments/1m3fc1b/trying_to_start_a_fire_by_fire_plough_has_given_a/,https://www.reddit.com/r/Survival/comments/1m3fc1b/trying_to_start_a_fire_by_fire_plough_has_given_a/,"THIS IS HARD l, been at it for at least an hour",1752876129.0,0.9,68,0,Learning Survival,Jvratine201uwu,26,False,0,False,text
Survival,1m0hpez,"Who do you believe are some of the best survivalists currently, in the world?",127,https://reddit.com/r/Survival/comments/1m0hpez/who_do_you_believe_are_some_of_the_best/,https://www.reddit.com/r/Survival/comments/1m0hpez/who_do_you_believe_are_some_of_the_best/,I've been fascunated with wilderness survival for years (although I haven't taken up the hobbu/skills yet) and the best survivalist I've followed/watched content from is Les Stroud. I know he is the real deal but I was wondering what other top survivalists are out there that are safe to learn from?,1752585916.0,0.87,127,0,,Professor_squirrelz,180,False,0,False,text
Survival,1lze369,"If I'm hiking and run out of water, is it safe to drink any river water if I have a LifeStraw?",590,https://reddit.com/r/Survival/comments/1lze369/if_im_hiking_and_run_out_of_water_is_it_safe_to/,https://www.reddit.com/r/Survival/comments/1lze369/if_im_hiking_and_run_out_of_water_is_it_safe_to/,Basically what the title says. Not sure if the LifeStraw is the best option but it's what I know of. Noobie backpacker/hiker here.,1752470547.0,0.96,590,0,,joshua0005,179,False,0,False,text
Survival,1lxbeiz,"Batoning knife - types, options..- need help please/splitting wood for spooncarving",25,https://reddit.com/r/Survival/comments/1lxbeiz/batoning_knife_types_options_need_help/,https://www.reddit.com/r/Survival/comments/1lxbeiz/batoning_knife_types_options_need_help/,"Hi, I decided also to post to this forum, though it's not strictly survival question, it is about a batoning skill, that I do look for concerning Spooncarving (roughing shape a little, splitting branch of wood)

Instead of buying Gransfors axe, small for woodcarving purpose (mainly Spooncarving) to try a cheaper option...batoning 

Which Morakniv knife would suit well? I carve mainly with 120, though I really wanted some Puukko knife, but really felt in love with Morakniv 120, though it's not generally recommended for detail work, it works just fine for me

Would You consider buying some Morakniv knife model as a good substitute? It's a skill I would love to learn anyway and Gransfors though great for sure or Robin Wood and other carving axes are expensive (though if You suggest it as no brainer) I'd probably go for it, or Hultafors.

If there's a possibility to try batoning and do it cheaper way, learn a skill as a bonus it would been awesome

Just Fe IV seen recommended Fallkniven A1 and it would been pricier than axe haha, so better stay with Morakniv, or some alternative You recommend


Thanks a lot guys!",1752251313.0,0.89,25,0,Crafts,HeyooLaunch,19,False,0,False,text
Survival,1lw85wl,what to buy first in the Modular Sleeping System (MSS)?,18,https://reddit.com/r/Survival/comments/1lw85wl/what_to_buy_first_in_the_modular_sleeping_system/,https://www.reddit.com/r/Survival/comments/1lw85wl/what_to_buy_first_in_the_modular_sleeping_system/,"i live in northern CA, and when camping most of the year, i primarily have problems with keeping cool. i have a really large sleeping bag that i got from a friend, that i am either freezing or toasting in, usually toasting. also its massive, taking up most of my large backpack. weight however is not of any significant concern.

i like the idea of a modular system, and i have heard great things about the bivy but i dont really need it yet, as i have a great tent, and not enough money to buy the full MSS set. i want to know if i should get the ""summer"" green patrol bag, or ""winter"" black intermediate bag first, as i am not sure the realistic thresholds for either.

would it be better to have patrol bag and dress up for cold weather.

or Intermediate bag, and dress down for warm weather?

temperatures from 20-30f fall-winter to 50-60f spring-summer. 

i like the MSS over more modern sleeping bags, because its simple, and modular. im sure there is a better sleeping bag for my needs, but with limited funds, and so many options, i would rather stick with a tried and true product.

any opinions and advice is sincerely appreciated.",1752138956.0,0.93,18,0,Gear Recommendation Wanted,CarGood3160,12,False,0,False,text
Survival,1lvocom,Best multi-tool for a wildness survival kit?,37,https://reddit.com/r/Survival/comments/1lvocom/best_multitool_for_a_wildness_survival_kit/,https://www.reddit.com/r/Survival/comments/1lvocom/best_multitool_for_a_wildness_survival_kit/,"This kit lives in my car as a ‘I’m headed on foot’ option, and is based heavily off Cody Lundin and a few other sources. But, it needs a multi tool. My daily satchel has a Leatherman Wave, but this is a backup in case I don’t have that on me. 

Key elements:
-Emphasis on wilderness, I don’t need extra screw drivers or bit kits 
-Affordable. The Leatherman Signal is just too much for a kit component
-Does not need the best knife blade, already have a Mora for that.",1752081098.0,0.94,37,0,,Highwayman1717,60,False,0,False,text
Survival,1lvmi8c,Is it good practice to sterilize mud to cover a wound in a survival situation?,11,https://reddit.com/r/Survival/comments/1lvmi8c/is_it_good_practice_to_sterilize_mud_to_cover_a/,https://www.reddit.com/r/Survival/comments/1lvmi8c/is_it_good_practice_to_sterilize_mud_to_cover_a/,"I thought I remembered reading somewhere that, if you are wounded in the wilderness, sterilizing mud with heat and using it to cover the wound can help keep it clean and protected, in the absence of more effective medical tools. After a few minutes of Googling, I can’t seem to find anything about it. Would this be a good idea to do, or a terrible one? It makes sense on the surface, but I don’t know enough to say if it’s actually good practice.",1752076763.0,0.58,11,0,DO NOT ATTEMPT,KonaBoda,84,False,0,False,text
Survival,1luyx8f,How do I get started with minimal camping/survival?,51,https://reddit.com/r/Survival/comments/1luyx8f/how_do_i_get_started_with_minimal_campingsurvival/,https://www.reddit.com/r/Survival/comments/1luyx8f/how_do_i_get_started_with_minimal_campingsurvival/,"I've been camping and hiking for years, but I always bring ton of stuff, a sleeping bag, kitchen, a ton of clothes, food, knife, axe, hammock (or sleep in prepared shelters for hikers), etc. I know that there are people who know how to do all this with almost no equipment, like a knife, an axe and a first aid kit, how do you do that? How do you stay warm? Get water? Start a fire? Etc. is there like a guide to get started?",1752005414.0,0.96,51,0,,IAmASwarmOfBees,66,False,0,False,text
Survival,1lucrbu,Hand drill fire advice,11,https://reddit.com/r/Survival/comments/1lucrbu/hand_drill_fire_advice/,https://www.reddit.com/r/Survival/comments/1lucrbu/hand_drill_fire_advice/,"I’m using coastal redwood for both spindle and hearth. Of course I could be wrong as I am just a novice, but it seems like I’m having trouble getting the heat from the spindle and hearth connection to the actual dust pile/ember. The hearth hole area will be black and super hot and the spindle will smoke on its own for a good 30 seconds to a minute once I stop, but somehow all of that heat isn’t transferring to the dust pile to make an ember. Like in videos where I’m watching people and they’re getting all the same signs I’m getting, the amount of smoke etc, the ember is ready to go and smokes on its own. But somehow I’m not getting that even tho there’s tons of heat on the spindle and hearth. Perhaps something is off with my notch? Perhaps the climate I live in is a bit too humid? Or the cool breeze dissipates the heat too quickly? I’m getting very close but the heat seems to not be going to the right place. Seems like there’s freakin plenty of heat but it’s just not making an ember. 

Any help would be greatly appreciated. I’m stuck on this problem (having a lot of fun tho nonetheless).",1751940329.0,0.8,11,0,Question About Techniques,psychedelijams,8,False,0,False,text
Survival,1lu1246,First time cross country road trip advice,32,https://reddit.com/r/Survival/comments/1lu1246/first_time_cross_country_road_trip_advice/,https://www.reddit.com/r/Survival/comments/1lu1246/first_time_cross_country_road_trip_advice/,"So my friends and I are all about to hop in an old honda odyssey and just explore America without much plan for about seventeen days. They want to use paper maps and as few motels/hotels as possible, so we’re sleeping in the van or camping. 

None of us have been camping before. 

We’re all very early twenties and I think my friends believe they’re invincible. We’re going all over, to deserts and national parks and the coast, grizzly bear country and likewise, as well as through urban areas and cities. If anyone here has any tips or advice for us who for sure don’t know what we’re doing, please let me know. 

Especially any safety tips, until just yesterday none of us knew it would be a bad idea to sleep with food in the tent in bear country. We leave in about eight days, god help us. 

Or if you know a better subreddit to ask this on, that would be helpful. I don’t use Reddit much. Thank you! ",1751910926.0,0.83,32,0,General Question,AveMariaAgain,35,False,0,False,text
Survival,1ls33oj,First solo camp tips and tasks,23,https://reddit.com/r/Survival/comments/1ls33oj/first_solo_camp_tips_and_tasks/,https://www.reddit.com/r/Survival/comments/1ls33oj/first_solo_camp_tips_and_tasks/,"Going to do my first solo camp this Monday Tuesday and leave Wednesday morning. The location is at a free camp area on the river. I’ll be sleeping in my hammock with the bug net I have for it, gear I’m bringing will be my fishing gear, 2L water bladder, a knife and machete. Debating still on bringing my kayak so help with fishing the deeper areas. Do y’all have any advice or some tasks I should try and complete for my first camp?",1751695982.0,0.9,23,0,Learning Survival,Just-A-Weird-Dude,32,False,0,False,text
Survival,1lppxj2,Lifestraw didn’t suck… literally.,303,https://reddit.com/r/Survival/comments/1lppxj2/lifestraw_didnt_suck_literally/,https://www.reddit.com/r/Survival/comments/1lppxj2/lifestraw_didnt_suck_literally/,"My wife and I went on a hike today. It was 89 degrees and sunny. When we got to our destination miles up a mountainside, I realized I had forgotten my Katadyn water filter. I felt at ease because I had given my wife a LifeStraw as a backup plan for a situation such as this. 

It was my first time using it, so I didn’t know what to expect. At first, it seemed to work as expected. It didn’t take an unreasonable amount of effort to use, but after about 10 sips, it started to get harder and harder to draw water through, until it became completely impossible. 

The water was a crystal-clear high mountain stream, so there was no reason like mud or sediment that the filter should have clogged. I tried blowing air through it, re-priming it… nothing worked. 

The moral of the story for me is that LifeStraws are not a viable, life-saving water filter. I’m just glad it was a day hike and not a survival situation. 

Edit: I bought it at Costco, so it could be a fake, but I doubt it. ",1751442510.0,0.95,303,0,,MONSTERBEARMAN,73,False,0,False,text
Survival,1lofudo,Any recs for a starter book and/or videos to teach me survival skills that I can practice? I know nothing.,41,https://reddit.com/r/Survival/comments/1lofudo/any_recs_for_a_starter_book_andor_videos_to_teach/,https://www.reddit.com/r/Survival/comments/1lofudo/any_recs_for_a_starter_book_andor_videos_to_teach/,"Any suggestions on a book to get me started on basic survival skills? I know absolutely nothing. My goal is to learn a new skill and practice it, then add a new skill to that and practice it, and work my way into intermediate, etc. But I don't really know where to start. ",1751309537.0,0.89,41,0,Learning Survival,chilipastespoon,70,False,0,False,text
Survival,1lkjmuy,Personal Straw Water Filters? Do they work?,34,https://reddit.com/r/Survival/comments/1lkjmuy/personal_straw_water_filters_do_they_work/,https://www.reddit.com/r/Survival/comments/1lkjmuy/personal_straw_water_filters_do_they_work/,"I keep seeing ads for these, [one example here](https://www.knotolace.com/products/personal-straw-water-filter-for-camping-hiking-survival-emergency-travel).  Do these really work?  Is there a better product out there (I assume there is) rather than these ads I keep seeing online?

Any insights appreciated.",1750890689.0,0.88,34,0,Gear Recommendation Wanted,dgillz,26,False,0,False,text
Survival,1ljsju3,Sleeping near coyotes regularly,192,https://reddit.com/r/Survival/comments/1ljsju3/sleeping_near_coyotes_regularly/,https://www.reddit.com/r/Survival/comments/1ljsju3/sleeping_near_coyotes_regularly/,"What kind of shelter would I need to do this? I can hear coyotes almost every night and occasionally have tracks near where I would make the shelter.  I live in a rural area close to a city. I’m 14M 5’10” 140lbs.  I don’t want a roof.  I can have with me a knife, hatchet, axe and whistle.

EDIT: I not planning on running away. I just want to sleep out there (a very short walk from home) every night.  There are no other animal threats that I know of.  This is in the Niagara region. The reason I don’t want a whole roof is because I want the sun in my eyes in the morning, so a lean to could work.

Thanks for all the replies and it looks like I’m building a lean to.",1750813733.0,0.89,192,0,General Question,Small_Algae1576,244,False,0,False,text
Survival,1ljtkn7,Knife survival stories,45,https://reddit.com/r/Survival/comments/1ljtkn7/knife_survival_stories/,https://www.reddit.com/r/Survival/comments/1ljtkn7/knife_survival_stories/,Arguing with a friend who believes that there are no examples of when having a knife has saved someone’s life in a survival situation. Do any of you know of some examples of when a knife saved someone’s life in the wilderness?,1750816767.0,0.85,45,0,,Easy_Combination_689,92,False,0,False,text
Survival,1libat3,Primitive blades from stones that aren't chert/flint or obsidian?,30,https://reddit.com/r/Survival/comments/1libat3/primitive_blades_from_stones_that_arent/,https://www.reddit.com/r/Survival/comments/1libat3/primitive_blades_from_stones_that_arent/,"Hi, I live in south western Canada and theres little to no flint or obsidian in my immediate area. Would you guys happen to have any idea of what I could make a potential spearhead out of?",1750667482.0,0.88,30,0,Location Specific Question,Spread-Hour,23,False,0,False,text
Survival,1lhqmm3,How to remove rust from my knife?,65,https://reddit.com/r/Survival/comments/1lhqmm3/how_to_remove_rust_from_my_knife/,https://www.reddit.com/r/Survival/comments/1lhqmm3/how_to_remove_rust_from_my_knife/,,1750606187.0,0.89,65,0,,DryChannel7,42,False,0,False,text
Survival,1lcufu0,"Really want to start wilderness survival training, but am afraid of animal attacks (bears/snakes/ticks)",92,https://reddit.com/r/Survival/comments/1lcufu0/really_want_to_start_wilderness_survival_training/,https://www.reddit.com/r/Survival/comments/1lcufu0/really_want_to_start_wilderness_survival_training/,"Hey Everyone,

  
I have always had a strong passion and curiosity for wilderness survival, as a child I was mesmerized by the Gary Paulsen books and as an adult I gravitate towards books and podcasts that are related to the topic. I have a strong connection to nature and the woods as it has helped me work through multiple life traumas and has been a place where I can find peace. 

Currently, I am really into trail running and hiking, but I really want to start learning basic wilderness survival skills so I can eventually work my way to solo camping and multi day backpacking trips. My hold up is I am terrified of the possibility of animal attacks, most notably bear and snake bites, but also ticks. I think my fear comes around the thought of having to experience the scenario of being bit by a snake and having to rush to the hospital. 

Is this common thing that people have to get over? Or is it something that may mean I am just not cut out for this? Would love to hear others opinions/experiences. Thanks!",1750084504.0,0.82,92,0,,Aaron0088,118,False,0,False,text
Survival,1lbjww2,"Is ""Identifying and Harvesting Edible and Medicinal Plants"" by Steve Brill a good book?",22,https://reddit.com/r/Survival/comments/1lbjww2/is_identifying_and_harvesting_edible_and/,https://www.reddit.com/r/Survival/comments/1lbjww2/is_identifying_and_harvesting_edible_and/,I'm looking for a practical guide to use mainly in Europe but ideally applicable anywhere. Is this the one?,1749937299.0,0.86,22,0,Learning Survival,Barbastorpia,3,False,0,False,text
Survival,1l9h9fg,E tool recommendations,30,https://reddit.com/r/Survival/comments/1l9h9fg/e_tool_recommendations/,https://www.reddit.com/r/Survival/comments/1l9h9fg/e_tool_recommendations/,"Hey guys I was looking for any e took recommendations but I’m quite picky. I have owned an Austrian surplus entrenching tool but I snapped the head off and can’t find something similar. I have heard a lot about the cold steel spetsnaz et but I’m from Australia so it can get kind of pricey. I’m willing to spend the money if I can’t find anything else but I’m on a tight budget and am not willing to spend over $150. 
Thanks!",1749717155.0,0.94,30,0,Gear Recommendation Wanted,RuinOk3243,24,False,0,False,text
Survival,1l7rnkq,Waterproof military gear,38,https://reddit.com/r/Survival/comments/1l7rnkq/waterproof_military_gear/,https://www.reddit.com/r/Survival/comments/1l7rnkq/waterproof_military_gear/,"I am currently looking for an affordable waterproof jacket (and pants) and stumbled across the different european military gear, since they are really affordable.

Now my question: does anyone know which army has the waterproof uniforms with the highest water Resistance? Most of them are even labeled gore tex. And does it compare to expensive modern outdoor gear?

Thanks in advance :)",1749536605.0,0.88,38,0,Gear Recommendation Wanted,valentinoooooo,29,False,0,False,text
Survival,1l64mok,What do you carry with you in case you find yourself in a wilderness survival situation?,80,https://reddit.com/r/Survival/comments/1l64mok/what_do_you_carry_with_you_in_case_you_find/,https://www.reddit.com/r/Survival/comments/1l64mok/what_do_you_carry_with_you_in_case_you_find/,"Does anyone try to carry things to help with wilderness survival in case the need may arise unexpectedly? And if so, what are they?",1749360588.0,0.94,80,0,,bepnc13,147,False,0,False,text
Survival,1l48l2t,Thoughts on Tasmanian Tiger Field Pack MK II 75L,20,https://reddit.com/r/Survival/comments/1l48l2t/thoughts_on_tasmanian_tiger_field_pack_mk_ii_75l/,https://www.reddit.com/r/Survival/comments/1l48l2t/thoughts_on_tasmanian_tiger_field_pack_mk_ii_75l/,"I found a retailer carrying this backpack on a huge discount 200euros  
I tried to find reviews, but none in English so i though i would ask if someone here can tell me if there is a catch which the product design flaw or something similar since price is pretty low and its surprisingly unpopular in YouTube 

Also this bottom zipper being directly below all the load of the backpack looks like it can break, all their other models have the bottom compartment zipper to the front so it's i would think not that stressed by the load.

exact backpack link:   
[https://tasmaniantigergear.com.au/products/field-pack-mk-ii?variant=47788896387393](https://tasmaniantigergear.com.au/products/field-pack-mk-ii?variant=47788896387393)",1749152588.0,0.82,20,0,General Question,landazar234,11,False,0,False,text
Survival,1l3djqm,Finding books,33,https://reddit.com/r/Survival/comments/1l3djqm/finding_books/,https://www.reddit.com/r/Survival/comments/1l3djqm/finding_books/,"Does anyone know a good book in which edible plants can be found, I know its been probably asked hundreds of times, also I'd prefer if there were images of said plants as I am more of an visual learner ",1749062693.0,0.89,33,0,General Question,Ok_Agent8332,24,False,0,False,text
Survival,1l1m1d7,Piss filtration,27,https://reddit.com/r/Survival/comments/1l1m1d7/piss_filtration/,https://www.reddit.com/r/Survival/comments/1l1m1d7/piss_filtration/,"Can a straw (membrane based) filter make piss drinkable? 
Genuinely asking",1748880588.0,0.66,27,0,Let's Shit on Bear Grylls,Illustrious-Meal9067,55,False,0,False,text
Survival,1kuiet4,72 Hour Life Raft Survival,120,https://reddit.com/r/Survival/comments/1kuiet4/72_hour_life_raft_survival/,https://www.reddit.com/r/Survival/comments/1kuiet4/72_hour_life_raft_survival/,"I will be surviving on a 1 person life raft in the ocean for 72 hours. I can bring up to 5lbs of gear. What should I bring? 

I don’t need to worry about rescue equipment. That is already handled. I only need advice on survival equipment.

I will not be bringing any food or water with me. They are not allowed. 

I will be fully clothed and have a life jacket on. 

",1748111368.0,0.92,120,0,Gear Recommendation Wanted,D4Athlete,120,False,0,False,text
Survival,1kur6pk,Extending the range of a handheld ham radio,26,https://reddit.com/r/Survival/comments/1kur6pk/extending_the_range_of_a_handheld_ham_radio/,https://www.reddit.com/r/Survival/comments/1kur6pk/extending_the_range_of_a_handheld_ham_radio/,"Pardon me if this doesn't make sense, I am trying to think through an idea and can't get it clear in my brain.   I assume someone with more HAM radio experience has already done this. 

The normal hand help HAM freqs, FRS, GMRS, Marine, UFS/FM band radios are generally only good for a little more than line of sight.  You can communicate from inside a house to outside and through some buildings, but they are not made to go through or over the mountain. 

So, if you were in Paris and wanted to communicate to people all over Paris climbing to the top of the Eiffel tower to communicate would be a good idea.   Or if in the nice flat state of Kansas, a water tower would be a good idea. 

  
But what if you don't have a tall structure to climb on? Can you use a standard grocery store mylar helium balloon and a wire?  Details please.  Balloon, Hydrogen, Helium, gauge of wire, coated?, length you can get up?, and of course expected distance gained with the  long antenna?  And what other things am I forgetting?",1748137140.0,0.85,26,0,,ReactionAble7945,23,False,0,False,text
Survival,1ktmnq0,Surviving in a forest during winter,67,https://reddit.com/r/Survival/comments/1ktmnq0/surviving_in_a_forest_during_winter/,https://www.reddit.com/r/Survival/comments/1ktmnq0/surviving_in_a_forest_during_winter/,"If someone were to live in the forest and had no food or supplies, how would they find food during the harsh winter weather? ",1748014684.0,0.95,67,0,General Question,Square_Music1695,77,False,0,False,text
Survival,1kssgdb,Pre-Hydration for Survival - ORS,49,https://reddit.com/r/Survival/comments/1kssgdb/prehydration_for_survival_ors/,https://www.reddit.com/r/Survival/comments/1kssgdb/prehydration_for_survival_ors/,"A major threat in wilderness survival is dehydration, and hydration isn't just as simple as drinking when you're thirsty. 

Everyone is familiar with sports drinks like Gatorade, and the science behind them (when you strip away marketing and buzzwords) is real and extremely useful in survival. The addition of simple table salt (1/2 tsp.) and sugar (2 tbsp.) to 1L of water significantly improves absorption and retention. Instead of requiring rehydration every 1-2 hours during strenuous activity, it can be reduced to every 2-4 hours. And if you don't know when (or if) you'll find water next, you need those extra hours.

Thankfully, you don't need to pack salt and sugar in your kit. There are tons of options available in tablet/capsule form, with other additives like potassium and calcium that improve performance. In a high stress, high exertion scenario, being effectively hydrated and replenishing electrolytes can be life saving, so consider adding these to your survival kit.

Edit: I realize ""PRE-hydration"" may confuse some readers. I don't mean to do this before you go into a wilderness setting just in case you end up in a survival situation. This advice is for how to make what water you do have go further, when you're already in a survival scenario. For example, you're at a body of water but need to keep moving. You can only carry so much water with you, and you don't know when you'll come across more fresh water. By making an oral rehydration solution, instead of just drinking plain water, you get the most out of the water that you do have. Yes you can survive days without water, but much sooner than death comes fatigue and weakness and confusion and cramps. So maintaining effective hydration is crucial when you need physical and mental performance.",1747924927.0,0.89,49,0,Survival Kits,SebWilms2002,28,False,0,False,text
Survival,1kqasak,Gift Ideas for a Survivalist Friend – Not the usual stuff,86,https://reddit.com/r/Survival/comments/1kqasak/gift_ideas_for_a_survivalist_friend_not_the_usual/,https://www.reddit.com/r/Survival/comments/1kqasak/gift_ideas_for_a_survivalist_friend_not_the_usual/,"Hi everyone,

I’m looking for a special gift for a friend who’s really into survival and prepping. He loves hiking and is obsessed with gadgets and gear that help you stay prepared for any kind of emergency—whether at home, in the car, or out in the wilderness.

I’m looking for something genuinely useful, ideally a bit unique or underrated—something he likely doesn’t already own. My budget is up to €50, but I’m happy to go higher if it’s really worth it.

Any suggestions for cool or lesser-known survival gadgets?",1747658759.0,0.96,86,0,General Question,Moelis_Hardo,146,False,0,False,text
Survival,1kpzibi,Does anyone sell peanut butter and jelly packets like the individual serving ones in MREs?,41,https://reddit.com/r/Survival/comments/1kpzibi/does_anyone_sell_peanut_butter_and_jelly_packets/,https://www.reddit.com/r/Survival/comments/1kpzibi/does_anyone_sell_peanut_butter_and_jelly_packets/,"Long story short the ratio of peanut butter to jelly to crackers in my stash of MRE snacks is lacking. I don’t want little cups because I think they might break open and require knives to spread.

Does anyone sell peanut butter and jelly packets in little single use plastic containers?",1747617027.0,0.8,41,0,General Question,monsieurLeMeowMeow,55,False,0,False,text
Survival,1kpmdpo,Is braided parachord have a stronger tensile strength?,32,https://reddit.com/r/Survival/comments/1kpmdpo/is_braided_parachord_have_a_stronger_tensile/,https://www.reddit.com/r/Survival/comments/1kpmdpo/is_braided_parachord_have_a_stronger_tensile/,"I dont know if this is the right place...

However, I've been curious about ___ If I were to braid my 550 parachord into a cobra braid or double cobra braid, would it generally have a higher tensile strength? Or is it a scenario where it is all about the how strong the ""weakest link"" is?",1747581503.0,0.81,32,0,Crafts,geotristan,20,False,0,False,text
Survival,1knl35v,[Real-Life Survival Story] Hiker missing for weeks in California's Sierra Nevada mountains found alive in snow-covered cabin,214,https://reddit.com/r/Survival/comments/1knl35v/reallife_survival_story_hiker_missing_for_weeks/,https://www.cbsnews.com/sacramento/news/georgia-woman-missing-in-california-sierra-nevada-found-alive/,"**Hiker missing for weeks in California's Sierra Nevada mountains found alive in snow-covered cabin**

By Brandon Downs  
*Updated on: May 15, 2025 / 3:09 PM PDT / CBS Sacramento*

> A Georgia woman who went missing for weeks while hiking in California's Sierra Nevada mountains has been found alive inside a cabin that was inaccessible to vehicles due to the snowpack.

> The Fresno County Sheriff's Office said the family of Tiffany Slaton, a 27-year-old woman from Jeffersonville, Georgia, reported on April 29 that they had not been in contact with her for the past nine days. 

> During the investigation, authorities said they were able to confirm that she was seen on April 20 at Huntington Lake, located in California's Sierra Nevada, about 65 miles east of Fresno. 

> Four days later, she was seen at the old Cressman's General Store, about 20 miles west of the lake. After that, deputies were unable to track down her location. 

> In early May, a full-scale search operation was underway in the mountainous area. Deputies said they searched nearly 600 square miles, covering an area from Mono Hot Spring to Wishon Reservoir, and Pine Flat Lake to Auberry. 

> But the snowpack prevented the search operation from making it over Kaiser Pass. Deputies said they flew their helicopter in the area but could not find any trace of Slaton.

> On Wednesday, snow plows cleared Kaiser Pass, allowing the owner of Vermilion Valley Resort, Christopher Gutierrez, to access his property so that he could prepare for the summer season. 

> As he was doing so, Gutierrez, who was aware of the ongoing search, found Slaton in a rental cabin.

> ""We see the door open and I see some shoes down there and I'm like, 'OK, well it's just a hiker who decided to hold up in the blizzard we had that previous night,'"" Gutierrez said in a media briefing Wednesday afternoon. ""As soon as we start making our way there, here comes Tiffany, she pops out, deer in the headlights. So she pops out, didn't say a word, just ran up and all she wanted was a hug."" 

> Gutierrez drove Slaton to the pass where deputies and medics met them. They said she was dehydrated but in good health. She was taken to the hospital for further treatment. 

> Slaton's parents, who were set to travel to the area in the coming days, were notified that their daughter was located. 

> ""To get a phone call that Tiffany is doing fine, it's hard to contain your tears and your excitement in the middle of clothes shopping,"" her father said, recalling the moment he found out his daughter had been found. 

> ""I just grabbed somebody and said, 'Can I hug you?' And I did. I was crying and hugging,"" Slaton's mother said. ""She was just somebody that was close and I needed to hug somebody."" 

> The Fresno County Sheriff's Office said it has seen a couple of cases in the past of people surviving tough conditions in the Sierra Nevada, but never to this extent. 

> ""Two days, nine days. That's amazing,"" Fresno County Sheriff's Office spokesperson Tony Botti said. ""But three weeks, it's unheard of.""

> Gutierrez said he leaves a cabin unlocked for situations like this, allowing for an increased chance of survival.   

> He called Slaton's arrival at the cabin ""miraculous"" and said she took a trail that's not well-traveled. ",1747347496.0,1.0,214,0,Modern Survival,IdealDesperate2732,34,False,0,False,text
Survival,1kntnak,Old videos series on Survival Techniques,21,https://reddit.com/r/Survival/comments/1kntnak/old_videos_series_on_survival_techniques/,https://www.reddit.com/r/Survival/comments/1kntnak/old_videos_series_on_survival_techniques/,"When i was a kid in grade school (late 80’s, early 90’s) i remember watching an “older” video series about survival techniques. I remember it started out with an adult and a group of kids setting out on a boat ride. Someone falls overboard and they learn about treating hypothermia. Then they land on a “deserted” piece of land and learn how
To collect rainwater and how to boil it to treat it for drinking usage. I could have sworn each episode intro had the N.O.A.A. logo as a producer of the show but I can’t find anything that supports the NOAA as having made any educational video series.

Does anyone know what show I could have watched? It was shown in school i think when we had substitute teachers who just played videos all day instead of teaching. So it was made for educational purposes.",1747375047.0,0.84,21,0,,OtabM,6,False,0,False,text
Survival,1km1322,Best radio communication systems?,37,https://reddit.com/r/Survival/comments/1km1322/best_radio_communication_systems/,https://www.reddit.com/r/Survival/comments/1km1322/best_radio_communication_systems/,"I’m a bit of a prepper who follows this sub for ideas on surviving if our modern conveniences ever go away. 

On that note, I have followed stories recently about strongman governments that shut down internet and cell towers during emergency situations. Living in rural America, without the internet and cell service, I would have no way of checking in on my friends and family. 

Does anyone have ideas for the best form of radio communication during a disaster? All I know of are CB radios which don’t have the range I need or Ham radios, which I know nothing about. 

Thoughts?",1747179930.0,0.85,37,0,Gear Recommendation Wanted,5olarguru,63,False,0,False,text
Survival,1kkm6uw,How to extract pure salt from seawater?,136,https://reddit.com/r/Survival/comments/1kkm6uw/how_to_extract_pure_salt_from_seawater/,https://www.reddit.com/r/Survival/comments/1kkm6uw/how_to_extract_pure_salt_from_seawater/,"I live near the ocean and I understand that salt is an important mineral in our bodies. I also understand that the ocean is full of shit (literally) and other such waste. How would one go about extract only table salt (NaCl) from seawater without dirt particles, sand, biological waste, etc?",1747033226.0,0.92,136,0,,SlackerMcDapper,91,False,0,False,text
Survival,1kjh9yx,Safely starting a fire in a dry environment,36,https://reddit.com/r/Survival/comments/1kjh9yx/safely_starting_a_fire_in_a_dry_environment/,https://www.reddit.com/r/Survival/comments/1kjh9yx/safely_starting_a_fire_in_a_dry_environment/,How would I go about starting a campfire in a dry grassland environment without burning the entire county down?,1746902682.0,0.86,36,0,,gme_ape_retard,39,False,0,False,text
Survival,1ki6khy,What percentage of the adult population knew wilderness survival in the past?,119,https://reddit.com/r/Survival/comments/1ki6khy/what_percentage_of_the_adult_population_knew/,https://www.reddit.com/r/Survival/comments/1ki6khy/what_percentage_of_the_adult_population_knew/,"I'm sure that only an extremely tiny percentage of the world population today knows how to survive in the wilderness.  Most of us are used to modern creature comforts and conveniences and have things to do (like work/school) that take up too much of our time and attention to learn and practice wilderness survival.  I can't even imagine who has time to keep up with the daytime talk show *The View* or podcaster Joe Rogan.

Of course, wilderness survival knowledge is still universal today among the adult populations in the most remote and primitive places, such as the native people of the Darien Gap (that divides North and South America), the Amazon rainforest, and parts of Africa.

What percentage of the population knew wilderness survival in the past?  Does anyone have any idea of what this percentage would have been 100, 200, 500, 1000, 2000, or more years ago?  Of course, prior to the first cities thousands of years ago, wilderness survival skills would have been universal among the adult population.",1746753482.0,0.91,119,0,General Question,jhsu802701,60,False,0,False,text
Survival,1kh79s1,Wilderness First Responder (WFR) certification,27,https://reddit.com/r/Survival/comments/1kh79s1/wilderness_first_responder_wfr_certification/,https://www.reddit.com/r/Survival/comments/1kh79s1/wilderness_first_responder_wfr_certification/,"Hey all,  
I really need to get my Wilderness First Responder (WFR) certification, but every course I’ve come across is *well* over $900, which is tough on my budget right now.

Does anyone know of more affordable options for WFR training? I’m open to in-person or hybrid/online formats, and I’m willing to travel a bit if it helps cut costs. Also, if anyone knows of scholarships, grants, or volunteer/work-trade opportunities that help offset the cost, I’d love to hear about them.

Thanks in advance! Every bit of advice helps.",1746648705.0,0.89,27,0,,Familiar_Tip_6390,23,False,0,False,text
Survival,1kedkbk,What would be recommended for carrying large amounts of paracord onto a waist belt?,23,https://reddit.com/r/Survival/comments/1kedkbk/what_would_be_recommended_for_carrying_large/,https://www.reddit.com/r/Survival/comments/1kedkbk/what_would_be_recommended_for_carrying_large/,,1746341246.0,0.77,23,0,General Question,One_Umpire2719,29,False,0,False,text
Survival,1kdfqwp,What piece of gear did you not think you would ever use but were glad you had it?,102,https://reddit.com/r/Survival/comments/1kdfqwp/what_piece_of_gear_did_you_not_think_you_would/,https://www.reddit.com/r/Survival/comments/1kdfqwp/what_piece_of_gear_did_you_not_think_you_would/,I’m looking to throw smaller items into my bag that are you don’t need it until you need it!,1746230638.0,0.94,102,0,,bjack20,110,False,0,False,text
Survival,1kbgvb5,WWYD if you were dropped off 15 miles into the wilderness?,441,https://reddit.com/r/Survival/comments/1kbgvb5/wwyd_if_you_were_dropped_off_15_miles_into_the/,https://www.reddit.com/r/Survival/comments/1kbgvb5/wwyd_if_you_were_dropped_off_15_miles_into_the/,"You have no knife, no lighter, just the clothes on your back and your shoes.

Let's pretend for this analogy you somehow know the direction back, maybe you have a compass or maybe you find a trail.

It's Noon, nights get pretty cold but not hypothermic (unless your wet).

No one knows where you are. What would you do? 


I think I would just jog in the general direction and try to maintain a straight line or stay on whatever path I find. I would jog until I find a decent water source, risk drinking from a flowing stream and then keep jogging until I either reach civilization or can't go anymore. 

Would your answer be different if you had a knife and a lighter? 

Edit:

Damn y'all go hard. 

Okay so what if it were 35 miles? Same everything else. ",1746020644.0,0.83,441,0,,TheTrollinator777,783,False,0,False,text
Survival,1kbzg6s,AOFAR compasses,9,https://reddit.com/r/Survival/comments/1kbzg6s/aofar_compasses/,https://www.reddit.com/r/Survival/comments/1kbzg6s/aofar_compasses/,"Are these things good at all? I have one that I’m honestly not sure how I ended up with or how long ago, but after looking into more land nav based stuff it sounds like high quality and more expensive compared are key to being any good at it. ",1746070839.0,0.85,9,0,,MiddlePlatypus6,4,False,0,False,text
Survival,1kayiml,Do I deserve an award?,57,https://reddit.com/r/Survival/comments/1kayiml/do_i_deserve_an_award/,https://www.reddit.com/r/Survival/comments/1kayiml/do_i_deserve_an_award/,"Me and the boys decided to camp out at an island in the middle of a lake in Alqueva, Portugal. We didn't have a boat, so one of us just carried our stuff on a paddle board and the rest had to swim (it was around 2km). When we got there we realized we didn't bring any water. But no worries: we had a filter, and no one wanted to swim back and drive to the nearest town, besides it was already dark. It took around 15 minutes to fill a small bottle with filtered water and the water tasted like mud. Tired from the swim, we made dinner but the salt shaker lid fell off and our food was covered in salt. We still ate it, despite knowing we had no decent water to quench our thirst. In the morning we realized the island was completely covered in poop from some animal (probably goose or duck poop). It was everywhere, we had been cooking and sleeping on top of dry poop. We also saw that around 5-6 meters away from where we filled our bottle there was a half-decomposed dead goose floating in the water. We also quickly noticed that the island had no trees, only small bushes. It was summer in Portugal and 42° Celsius, we had no shade and no water. We could choose to burn in the sun or go inside the tent, which was like an oven.
We stayed there for 3 nights.

",1745959657.0,0.69,57,0,,Fmtpires,46,False,0,False,text
Survival,1k91qy8,How much contaminated water should you drink?,86,https://reddit.com/r/Survival/comments/1k91qy8/how_much_contaminated_water_should_you_drink/,https://www.reddit.com/r/Survival/comments/1k91qy8/how_much_contaminated_water_should_you_drink/,"Imagine the next situation. In a survival context, you ran out of water, and you are close to extreme dehydration. You find a water fountain, or a stream, that could be contaminated or not, you don't know. Imagine that you have to drink by necessity, or you will just die. Should you drink just the necessary to survive some more time to find another water source? Or you should just drink until you are completely quenched? Asking it in other words: Is the probability of getting ill from drinking from a contaminated source heavily dependent on the amount of water that you drink? I think that if the answer is no, it is not dependent, you should drink until you are satisfied, since you are going to be ill anyway independently of the amount you take. But if the answer is that the probability of getting ill is actually dependent on the amount of water you drink, maybe it is better if you just drink the necessary amount to continue a bit more and maybe find another source. What are your thoughts about this? What would you do?

Thanks",1745753118.0,0.87,86,0,,Mauricio716,106,False,0,False,text
Survival,1k803cw,Learning and teaching how to make a bow drill friction fire,36,https://reddit.com/r/Survival/comments/1k803cw/learning_and_teaching_how_to_make_a_bow_drill/,https://www.reddit.com/r/Survival/comments/1k803cw/learning_and_teaching_how_to_make_a_bow_drill/,"I have been fascinated by the bow drill friction fire method since first reading about it as a kid in Ellsworth Jaeger's book ""Wildwood Wisdom"". In my twenties, I tried very hard to create and ember. I made a lot of smoke, but that was all. These were the days before YouTube, and I simply didn't know what the process of creating an ember really looked like.

In the last 5 years, I've been fascinated by friction fire. I thought I would make a video explaining the fundamentals of the bow drill process. I think it's the most viable friction fire method to create a fire in most environments. Here's a link to my little instructional video. Let me know if you have any questions. 

[https://youtu.be/xgSMmxP-6jM](https://youtu.be/xgSMmxP-6jM)",1745626897.0,0.89,36,0,,toolsofold,14,False,0,False,text
Survival,1k1tf2u,Smoker pellets and paraffin oil as a fire starter.,37,https://reddit.com/r/Survival/comments/1k1tf2u/smoker_pellets_and_paraffin_oil_as_a_fire_starter/,https://www.reddit.com/r/Survival/comments/1k1tf2u/smoker_pellets_and_paraffin_oil_as_a_fire_starter/,"Not really a question, I tried an experiment. I thought mixing what I had on hand would make a good fire starter. I wanted to compare wax soaked cotton rounds to paraffin oil and saw dust. I've used lighter fluid and sawdust and it worked great. Paraffin oil should do the same. I have no dry sawdust, so I thought I would add the oil to wood pellets.

Wood pellets absorb water like crazy and instantly return to sawdust when wet. A little water can ruin an entire bag. So I thought I could mix the oil and pellets and get a good fire starter mush. Nope. The pellets do not disintegrate in oil at all, and they don't really ignite easily and burn very smokey. So learn from me and don't waste your time.

I have a bag of peanuts. I have mixed the ground peanut shells with paraffin oil before and it worked great, lit easily. A pill bottle of this in my fire kit will light many fires.",1744940421.0,0.96,37,0,General Question,himtnboy,11,False,0,False,text
Survival,1jzr5m5,Best practical advice for survival,51,https://reddit.com/r/Survival/comments/1jzr5m5/best_practical_advice_for_survival/,https://www.reddit.com/r/Survival/comments/1jzr5m5/best_practical_advice_for_survival/,"I like the idea of having a good base and using that. Some survival advice is very specific. For example understanding convex lenses, if you understand how you can focus light you can use, plastic bags, bottles, aluminum cans, or even ice to focus a beam. 

I think when guides or tips use “you can use a plastic bag filled with water” it ends there for most people. They look around, no bag… oh well, no fire. ",1744721621.0,0.93,51,0,Learning Survival,Hijinks2319,28,False,0,False,text
Survival,1jwz7ja,My poor-mans-damaszener Morakniv heavy duty,88,https://reddit.com/r/Survival/comments/1jwz7ja/my_poormansdamaszener_morakniv_heavy_duty/,https://www.reddit.com/gallery/1jwz7ja,"[This](https://www.youtube.com/watch?v=yHMjZE0JUkQ&list=RDEMbUpE7aTtMZ_jwCOnYepAUg&index=7) is an amazing track for an action liek this. 

The oxid layer helps to protect the blade from rust. After I was finished, i just cleaned the blade like a normal dish and oiled it with ballistol. As a last step i stroped it [with my strop](https://imgur.com/a/current-strop-mixed-with-oil-let-sit-some-days-4EoSTbO).

👈(▀̿Ĺ̯▀̿ ̿👈)",1744401910.0,0.98,88,0,Let's Shit on Bear Grylls,venReddit,14,True,3,True,text
Survival,1junjfp,Best raingear,21,https://reddit.com/r/Survival/comments/1junjfp/best_raingear/,https://www.reddit.com/r/Survival/comments/1junjfp/best_raingear/,Anyone have any leads on rainwear or gear meant for walking in and going through rough terrain?  It has to be semi rugged for scrapes and abrasion but not too hot to be able to hike in comfortably and move about. Price doesn't matter I just need something good that doesn't make you sweat and keeps your inner layers dry. Thanks in advance.,1744143724.0,0.86,21,0,,[deleted],44,False,0,False,text
Survival,1ju3i31,Axe or saw for bug out bag?,46,https://reddit.com/r/Survival/comments/1ju3i31/axe_or_saw_for_bug_out_bag/,https://www.reddit.com/r/Survival/comments/1ju3i31/axe_or_saw_for_bug_out_bag/,"If you had to choose one, would you carry a saw or a small axe? I really dont want to carry both. ",1744080576.0,0.9,46,0,,KillingwithasmileXD,135,False,0,False,text
Survival,1jtyi7j,Survival shows,97,https://reddit.com/r/Survival/comments/1jtyi7j/survival_shows/,https://www.reddit.com/r/Survival/comments/1jtyi7j/survival_shows/,"So in absolutely no way am I claiming to be an expert in anything, maybe in just embracing really shitty situations. But I’m watching a show called “ outlast “ on Netflix and it just kinda mind boggling how fucking stupid these contestants seem to be even tho some claim to be survival experts or masters at bushcraft etc. Has anyone else noticed things like this watching these types of shows? Like wearing all of your layers during the day when it’s probably close to 60 degrees outside? Or not understanding how to read a map plot points etc? Complaining about the inevitable while in reality it’s just bringing morale down. Just wondering if anyone else gets insanely annoyed about shit like this on reality TV 😂",1744065714.0,0.98,97,0,General Question,[deleted],66,False,0,False,text
Survival,1js4qek,Thermos Cooking. Drastically Reduce Your Fuel Use.,147,https://reddit.com/r/Survival/comments/1js4qek/thermos_cooking_drastically_reduce_your_fuel_use/,https://www.reddit.com/r/Survival/comments/1js4qek/thermos_cooking_drastically_reduce_your_fuel_use/,"**Thermos Cooking. Drastically Reduce Your Fuel Use.**



Test 1:

I brought a 1.2 liter thermos for $20. I filled the thermos with water and then emptied it into a sauce pan and then added a little bit more water. I did not want to boil more water than I would need. I added a little bit of oil and salt to the water. I emptied the package of shells (7 oz.) into the empty thermos (one cup of pasta). It took about 8 minutes to bring the water to a rapid boil.

I filled up the thermos with boiling hot water and screwed the cap onto the thermos. I did not have any idea how long it would take to cook the noodles with water that was no longer boiling. I decided to give it 2 hours. I shook up the thermos every 10 minutes to avoid the noodles sticking together.

The results exceeded by expectations. The water was still very hot and the noodles were overcooked. most of the water was in the noodles. I drained the noodles and added a can of ravioli to the noodles (still warm after adding the  ravioli). The combination made quite a large amount of food. I added some Louisiana hot sauce.

Test 2:

 did the test over again and cooked for only 30 minutes. The pasta was perfectly cooked.

**Yes it does drastically reduce your fuel use. You only need to bring the water to a boil. The noodles (or rice, meat etc. that takes time to cook, not just heat up) continues to cook without continuing to heat with fuel.**",1743863466.0,0.9,147,0,,studerrevox,56,False,0,False,text
Survival,1joklkk,Really dumb question.,41,https://reddit.com/r/Survival/comments/1joklkk/really_dumb_question/,https://www.reddit.com/r/Survival/comments/1joklkk/really_dumb_question/,"So I'm no where near the brightest person in the world, but what are the chances it's possible to make a shelf stable edible pocket fire starter lol? Is it feasible?",1743473014.0,0.85,41,0,General Question,Jade_Jones,75,False,0,False,text
Survival,1jmqdvz,Hot spring water filtration,14,https://reddit.com/r/Survival/comments/1jmqdvz/hot_spring_water_filtration/,https://www.reddit.com/r/Survival/comments/1jmqdvz/hot_spring_water_filtration/,"I use a Lifestraw when I’m doing a kayak camping trip to keep my load light. I typically camp in the canyons of the southwest where the Colorado river runs through and have never had an issue filtering the river water for drinking. I frequently camp near hot springs and know that hot spring water is never supposed to be used for drinking even when filtered with the lifestraw because it doesn’t filter out all the harmful things. But out of curiosity, if I were ever stranded or desperate for water and all I had was hot spring water would boiling it be good enough to make it safe to drink? Is there a filter that can be the one all be all for all water filtration needs especially in emergencies ?",1743266502.0,0.83,14,0,,ucall_wehaul,14,False,0,False,text
Survival,1jm25zw,7 weeks of light from 1 D cell.,39,https://reddit.com/r/Survival/comments/1jm25zw/7_weeks_of_light_from_1_d_cell/,https://www.reddit.com/r/Survival/comments/1jm25zw/7_weeks_of_light_from_1_d_cell/,"Here it is:

[https://www.instructables.com/Sims-Dead-Cell-Candle-Runs-on-Dead-D-Cell-Batterie/](https://www.instructables.com/Sims-Dead-Cell-Candle-Runs-on-Dead-D-Cell-Batterie/)

Very light to carry. A minimal amount of light to run all night for several weeks (or 24/7).

Note from the article:  These were run on ""dead"" batteries from a touchless paper towel machine. Apparently they are not really dead in a low current application.",1743187032.0,0.89,39,0,,studerrevox,13,False,0,False,text
Survival,1jllfgb,Lighter Or Matches?,46,https://reddit.com/r/Survival/comments/1jllfgb/lighter_or_matches/,https://www.reddit.com/r/Survival/comments/1jllfgb/lighter_or_matches/,"If you couldnt pick a ferro rod and only could choose between a lighter or a box of 1000 strike anywhere matches what would you choose in a survival situation?

",1743130917.0,0.9,46,0,,Silver_Echidna2500,84,False,0,False,text
Survival,1jjelum,How many feet of rope would you need to keep your supplies safe from wildlife?,23,https://reddit.com/r/Survival/comments/1jjelum/how_many_feet_of_rope_would_you_need_to_keep_your/,https://www.reddit.com/r/Survival/comments/1jjelum/how_many_feet_of_rope_would_you_need_to_keep_your/,"Presuming you are somewhere in the world where tree-dwelling critters like monkeys aren't a concern, but you don't have access to any handy tools of keeping your food and supplies safe other than just literal rope, how many feet of rope would you need to hang your supplies high enough to be out of reach for land-based roaming animals?

If possible, I'd like to know how much rope is needed for the entire affair, not just how high off the ground your supplies would need to be suspended to avoid being munched on.

This is a hypothetical question, so if there are any caveats that would change the answer or be of significance, feel free to bring them up!",1742891191.0,0.81,23,0,General Question,davtov3,11,False,0,False,text
Survival,1jhxgth,"What raw materials would be most useful if surviving as an island castaway? (I.e. wool, copper, iron, twine, etc).",25,https://reddit.com/r/Survival/comments/1jhxgth/what_raw_materials_would_be_most_useful_if/,https://www.reddit.com/r/Survival/comments/1jhxgth/what_raw_materials_would_be_most_useful_if/,S,1742730491.0,0.81,25,0,,Luckym33f,56,False,0,False,text
Survival,1jhm39c,Fire with the boys club,70,https://reddit.com/r/Survival/comments/1jhm39c/fire_with_the_boys_club/,https://www.reddit.com/r/Survival/comments/1jhm39c/fire_with_the_boys_club/,"Had the grade school boys over to the farm a couple of weeks ago.   I gave them an Altoids tin and they made char cloth on the coal forge.  We went out into the woods and collected tinder and kindling.  For fire the used strike anywhere matches, magnifying glass, flint and steel, magnesium and we got fire with a traditional  bow drill.  (North Carolina so we used a Poplar drill with an Eastern Red Cedar board)

To finish the day, they lit the the bonfire with flint and steel and we cooked hot dogs over the fire.

Next month is Camping.  ",1742687178.0,0.93,70,0,Learning Survival,WalkAboutFarms,6,False,0,False,text
Survival,1jgg4nv,Alternative to Ramen in my survival bag?,106,https://reddit.com/r/Survival/comments/1jgg4nv/alternative_to_ramen_in_my_survival_bag/,https://www.reddit.com/r/Survival/comments/1jgg4nv/alternative_to_ramen_in_my_survival_bag/,"Basically the title, I have some Ramen noodles with tuna and spam in my survival kit but I know the Ramen is super salty and isn't a high energy food and long term use could dehydrate/make you sick. What do you guys use in your kits/bags for food? ",1742561650.0,0.94,106,0,General Question,Maxiusdark,207,False,0,False,text
Survival,1jb6iu0,"Looking for good, hard copy resources for beginner survival",2,https://reddit.com/r/Survival/comments/1jb6iu0/looking_for_good_hard_copy_resources_for_beginner/,https://www.reddit.com/r/Survival/comments/1jb6iu0/looking_for_good_hard_copy_resources_for_beginner/,I’m looking to get some books on basic bushcraft skills and foraging/plant identification. I live in the North East of North America. ,1741965990.0,0.76,2,0,,Tuffsmurf,0,False,0,False,text
Survival,1jamkdm,Water purification following volcano eruption,21,https://reddit.com/r/Survival/comments/1jamkdm/water_purification_following_volcano_eruption/,https://www.reddit.com/r/Survival/comments/1jamkdm/water_purification_following_volcano_eruption/,Any tips on purifying water contaminated from ash following volcano eruption?,1741899476.0,0.85,21,0,,CarelessLifeguard353,9,False,0,False,text
Survival,1j8hjoh,Question about lighters and their reliability,6,https://reddit.com/r/Survival/comments/1j8hjoh/question_about_lighters_and_their_reliability/,https://www.reddit.com/r/Survival/comments/1j8hjoh/question_about_lighters_and_their_reliability/,"Growing up I taught myself how to start a fire via primitive methods but quickly realized just how awesome lighters are, and I’ve carried one as a part of my EDC ever since. But I had a phase in which I wanted a better lighter and ended up wasting a bunch of money. I went through a zippo phase, a butane insert phase and an arc lighter phase; all of which I found to be inferior when compared to the reliability of a good ol’ fashioned bic. It’s been years since.

… so I’m lookin’ at zippo’s the other day… cause they’re just so damn cool ya know? And I caught myself having the same conversation; why are these things so dang unreliable? And once again I arrived at the same conclusion; the fuel. It evaporates too quickly. But then I started wondering about less volatile fuels, like kerosene. One short rabbit hole and a few clicks away I arrived at kerosene lighters. They’re really neat, and I almost bought one but stopped myself to ask the question: is this thing worth it compared to what I’ve already got?

So, my question is, is there another lighter in existence that is both cool **and** matches the reliability of a regular bic lighter?

",1741663324.0,1.0,6,0,General Question,mvb827,7,False,0,False,text
Survival,1j63ogb,Workshopping a utility belt for backwoods adventures looking for ideas,3,https://reddit.com/r/Survival/comments/1j63ogb/workshopping_a_utility_belt_for_backwoods/,https://www.reddit.com/r/Survival/comments/1j63ogb/workshopping_a_utility_belt_for_backwoods/,"Hey guys I’m workshopping the idea of a utility belt for backwoods adventures camping/hiking/general adventures I live in the northeast and plan on using it in conjunction with a backpack. I already thinking of putting a dump pouch, knife, and a ring that I can put a hatchet in and wanted to know if anyone had any suggestions of something else to put on it? 
Thanks in advance ",1741390665.0,0.81,3,0,,Ok-Definition-8897,1,False,0,False,text
Survival,1j4cnty,Question about a knife for survival/bushcraft,519,https://reddit.com/r/Survival/comments/1j4cnty/question_about_a_knife_for_survivalbushcraft/,https://www.reddit.com/gallery/1j4cnty,"So I recently purchased the Spartan Blades Harsey Difensa in magnacut. Was designed as a surviva/combat knife, specifically for Canadian SOF. My question, would this knife be fine for a SHTF scenario, or even camping/bushcraft?",1741205601.0,0.97,519,0,Gear Recommendation Wanted,bryantburnsred,120,True,3,True,text
Survival,1j3ge1u,BK9 + fire kit tin,260,https://reddit.com/r/Survival/comments/1j3ge1u/bk9_fire_kit_tin/,https://www.reddit.com/gallery/1j3ge1u,"KA-BAR BK9 pared with a BK13, credit card sized magnifying lense, large ferro rod and an altoids tin  fire kit. Fire tin includes: small baggie of fatwood shavings + twine, waterproof matches, match strike pad, alcohol pad, small peice of ""fire cord"", small ferro rod, heavy duty aluminum foil, small roll of gorilla tape, nitecore flashlight, birthday candles, small bic lighter, small peice of generic firestarter, multiple small pieces of fatwood, Vaseline cotton balls, and a scalpel blade",1741109702.0,0.98,260,0,,3_T_SCROAT,13,True,18,True,text
Survival,1j2lrn5,What’s better for starting a fire,42,https://reddit.com/r/Survival/comments/1j2lrn5/whats_better_for_starting_a_fire/,https://www.reddit.com/r/Survival/comments/1j2lrn5/whats_better_for_starting_a_fire/,"Magnesium rod or ferro rod ,? Or are they the same thing idk thanks in advance ",1741017168.0,0.96,42,0,,That-Ad2445,38,False,0,False,text
Survival,1j14tdd,Last couple of weeks I've been getting back into Flint knapping,104,https://reddit.com/r/Survival/comments/1j14tdd/last_couple_of_weeks_ive_been_getting_back_into/,https://www.reddit.com/gallery/1j14tdd,,1740850282.0,1.0,104,0,,lostlookingforamap,7,True,3,True,text
Survival,1hynr5e,Good books to keep in a   rucksack? ,112,https://reddit.com/r/Survival/comments/1hynr5e/good_books_to_keep_in_a_rucksack/,https://www.reddit.com/r/Survival/comments/1hynr5e/good_books_to_keep_in_a_rucksack/,"Something that can maybe help with finding food that is safe to eat. knots that i might need to know. maybe how to find water in certain areas. even just starting a fire if the tools i have are worn/ruined. 

obviously i dont want something dictionary sized that weighs 8lbs. but maybe a decently thin kinda… manual of sorts that i can use for basics in a survival situation.",1736568805.0,0.99,112,0,Learning Survival,RealSkylitPanda,85,False,0,False,text
Survival,1hy4ldm,I've run out of survival kit overviews to watch on YouTube so I made my own,153,https://reddit.com/r/Survival/comments/1hy4ldm/ive_run_out_of_survival_kit_overviews_to_watch_on/,https://youtu.be/M9Ey8UJZ8yU?si=tcMo2ts1wf2Cg-eD,"If you've got similar videos please share them here, I can only rewatch kitbashed so many times ",1736516355.0,0.97,153,0,,toxiclimeade,32,False,0,False,text
Survival,1hx4894,Dallas is about to be hit with a snowstorm,30,https://reddit.com/r/Survival/comments/1hx4894/dallas_is_about_to_be_hit_with_a_snowstorm/,https://www.reddit.com/r/Survival/comments/1hx4894/dallas_is_about_to_be_hit_with_a_snowstorm/,"Power outages, gridlock, and food/water shortages are expected. I live alone and am a first time townhome owner. Advice please on how to be okay without power/hot food? 

I bought some water so think I’ll be okay through the weekend there. Pipes have burst in this home before moving in. 

All guidance welcome, I don’t know anything and just closed in April.  
",1736395208.0,0.82,30,0,,Unlikely-Inspector66,33,False,0,False,text
Survival,1hwjzeu,Surviving -30*F On a Mountain,244,https://reddit.com/r/Survival/comments/1hwjzeu/surviving_30f_on_a_mountain/,https://i.redd.it/duhdyzwhsrbe1.jpeg,"some valuable take away from this past weekend:

1: Don’t sleep with hot hands in your wool socks unless you want to wake up with BAD burns. 

2: Just because your diesel fuel won’t gel with antigel, doesn’t mean your fuel pump won’t become encased in ice. 

3: All luxury warmth items should be *planned* around them failing. 

4: Use coolers to keep your food from freezing. Keep your propane tanks for cooking in the cooler when not in use and on the floor heaters when driving. 

5: Stay hydrated even when you’re cold 


A bit of survival and some off-roading. Enjoy!!

 https://youtu.be/hNV-InMuY8s?si=_ItgxlLyxfHLnWoO

",1736342090.0,0.99,244,0,,C_A_M_Overland,19,True,1,False,image
Survival,1hw7jdm,Is there a team consensus on whether or not to use BleedStop in the field?,43,https://reddit.com/r/Survival/comments/1hw7jdm/is_there_a_team_consensus_on_whether_or_not_to/,https://www.reddit.com/r/Survival/comments/1hw7jdm/is_there_a_team_consensus_on_whether_or_not_to/,Seems to be a polarizing top,1736298635.0,0.91,43,0,,TankMovie,42,False,0,False,text
Survival,1hw61gh,What grind/ cut for Grim EDC Knife,45,https://reddit.com/r/Survival/comments/1hw61gh/what_grind_cut_for_grim_edc_knife/,https://i.redd.it/uoww4aspunbe1.png,"Has anyone bought a Grim Micro EDC knife or Grim EDC knife from GrimWorkshop.com? I ordered one of each, but they don't say what grind the knives have. Their ADZE card and axe card have a chisel grind, which is fine for those tools, I guess. I'm hoping the EDC knives have a flat grind or something better for a knife than an angled grind.",1736294407.0,0.99,45,0,General Question,hbrhodes1s,4,True,1,False,image
Survival,1hwbn6p,Survival codes,10,https://reddit.com/r/Survival/comments/1hwbn6p/survival_codes/,https://www.reddit.com/r/Survival/comments/1hwbn6p/survival_codes/,"I've seen few vids on YT that there are those who put stones stacked together, I forgot how many stones but may I know what these mean?",1736311315.0,0.71,10,0,,Alliere90,10,False,0,False,text
Survival,1hw0uim,Creating Wilderness Survival Game for Class,24,https://reddit.com/r/Survival/comments/1hw0uim/creating_wilderness_survival_game_for_class/,https://www.reddit.com/r/Survival/comments/1hw0uim/creating_wilderness_survival_game_for_class/,"Hey everyone, I'm new here. I'm gearing up for a wilderness survival class with high school boys. This is my class for our school's special activity week where they take one unique class for four days with a faculty member instead of normal classes. This class was a lot of fun two years ago. I focused mostly on instruction and practice with them and by the last day they had a roaring fire going in February in near-freezing rain after about an hour. All I gave them was a keychain ferro rod and they were rightfully proud. We did a camp out later that semester at school.

Some of the boys this year will be new, but some have had it before. To make it more interesting and fun, I need help creating a game. I'd like to spend some time teaching and some time in a ""simulation"" of sorts where they don't get help from me but can ""buy"" things from me for a fake currency. I need help coming up with pricing and item ideas. I'm thinking $100 is a nice, simple budget for the week for the whole group. But I need to price things like paracord, twine, lighter, ferro rod, hatchet, saw, tarp, cookware, dry tinder, etc. in a ""survival store."" The hope is that on Thursday we will sleep in shelters they have built on campus with what they buy from the ""store.""

Does anyone have any resources for a game like this? And feel free to contribute ideas below.",1736281055.0,0.94,24,0,,FantasyBadGuys,6,False,0,False,text
Survival,1hv6jmb,A Seven yo Boy Survives 5 days in Zimbabwe Nat'l Park,89,https://reddit.com/r/Survival/comments/1hv6jmb/a_seven_yo_boy_survives_5_days_in_zimbabwe_natl/,https://www.reddit.com/r/Survival/comments/1hv6jmb/a_seven_yo_boy_survives_5_days_in_zimbabwe_natl/,"[For me, the main thing is FAMILIARITY. Teach your children well. ](https://www.deccanherald.com/world/a-true-miracle-7-year-old-boy-survives-5-days-in-lion-infested-game-park-in-zimbabwe-3342782) 

P.S. It's not a miracle. ",1736189563.0,0.91,89,0,,rubymiggins,7,False,0,False,text
Survival,1hve76h,Douse me in knowledge of surviving in the forests of Colorado and light me on fire.,24,https://reddit.com/r/Survival/comments/1hve76h/douse_me_in_knowledge_of_surviving_in_the_forests/,https://www.reddit.com/r/Survival/comments/1hve76h/douse_me_in_knowledge_of_surviving_in_the_forests/,"Hello!! I hope it's okay that I'm asking this and that it's so general, it's for a story. I'm trying to get back into writing and I'd like to write something that I'm interested in without the pressure of it ever seeing the light of day. My favorite part about writing is letting it take me down rabbitholes— I love to learn everything I can about a topic. This is just for practice to relearn how to love the process of creating.

And that's what brought me here. The general gist of the character's situation is that he is surviving in the forests of Colorado in total isolation. The human population took a dramatic hit about 15 years ago, meaning he is without any significant contributions from modern life. 

I would really appreciate just being pointed in the right direction of what I should research so I can ask slightly less stupid and more helpful questions. I was planning on him being located somewhere at the foot of the more southern mountains on the windward side, but if anyone has any other ideas, I'd love to hear them!! You have any general survival knowledge or some highly specific information about Colorado, I'll be frothing at the mouth. Thank you.",1736208725.0,0.7,24,0,Location Specific Question,popberryrice,50,False,0,False,text
Survival,1hvrk6g,Survival book?,2,https://reddit.com/r/Survival/comments/1hvrk6g/survival_book/,https://www.reddit.com/r/Survival/comments/1hvrk6g/survival_book/,"Hi,

Looking for recommendations for any all in 1 survival books. That can educate with farming, general survival ect and all in 1 as I've said.

Cheers in advance",1736256968.0,1.0,2,0,,Ol_Brown_Coins,1,False,0,False,text
Survival,1hv2ys5,Survival audiobooks?,45,https://reddit.com/r/Survival/comments/1hv2ys5/survival_audiobooks/,https://www.reddit.com/r/Survival/comments/1hv2ys5/survival_audiobooks/,"Hey yall, any good survival audiobooks that are entertaining and educational to listen to? Looking for something thats more of a story than lectures so I can listen and learn when my brain is fried from work or when I am going to bed",1736180850.0,0.92,45,0,,WolfLordFjaldr,31,False,0,False,text
Survival,1hv8c1a,Best Lighter to carry in my opinion ,13,https://reddit.com/r/Survival/comments/1hv8c1a/best_lighter_to_carry_in_my_opinion/,https://www.reddit.com/r/Survival/comments/1hv8c1a/best_lighter_to_carry_in_my_opinion/,"In my opinion I think the best Lighter to carry is a Zippo or other trench lighters my reasons are they last a very long time they're very durable they are cheap and you can make fuel in the wild and the flints are eight bucks for a hundred so that'll last you a couple of years in a long-term survival situation for people who think zippos dry up too quick here's a [modification ](https://www.amazon.com/dp/B0CYSKMN3F?ref=ppx_pop_mob_ap_share)

When I said survival I meant long term post war or apocalypse ",1736193894.0,0.61,13,0,Survival Kits,[deleted],93,False,0,False,text
Survival,1hvgh0m,Is the Wazoo firestarter necklace worth buying or are there better ones?,5,https://reddit.com/r/Survival/comments/1hvgh0m/is_the_wazoo_firestarter_necklace_worth_buying_or/,https://www.reddit.com/r/Survival/comments/1hvgh0m/is_the_wazoo_firestarter_necklace_worth_buying_or/,"Im currently looking for a firestarter necklace that works but can also be a bit discreet/casual to have on a daily basis 

The first thing I google that popped up was the wazoo firestarter necklace but I’m not sure since I couldn’t find any Reddit thread about their necklaces ",1736215119.0,1.0,5,0,Gear Recommendation Wanted,Lordnemo593,5,False,0,False,text
Survival,1hv2vyf,Fire starting powder?,9,https://reddit.com/r/Survival/comments/1hv2vyf/fire_starting_powder/,https://www.reddit.com/r/Survival/comments/1hv2vyf/fire_starting_powder/,"I am putting together a fire starting kit and I was wondering; is there some powder that I can put in a film capsule, that is garunteed to ignite even wet wood? I'm picturing something like magnesium shavings or gunpowder, sugar rocket-fuel mix, potassium permanganate, thermite/thermate, or some mixture that would be an ""oh shit I need fire NOW"" and it's cold and or wet to start wood kindling. ",1736180650.0,1.0,9,0,,aphocks,17,False,0,False,text
Survival,1hu5jl0,"I've been curious about the ""kit gun"" concept.",63,https://reddit.com/r/Survival/comments/1hu5jl0/ive_been_curious_about_the_kit_gun_concept/,https://www.reddit.com/r/Survival/comments/1hu5jl0/ive_been_curious_about_the_kit_gun_concept/,"I guess a ""kit gun"" is supposed to be 22lr pistol that you keep in your ""kit"", whether it's a tackle box, rucksack, the glove box of your vehicle, or whatever. I guess it's essentially a game getter when you just need something to throw in the pot, like squirrel, rabbit, etc.
But, is the range and power you get from a pistol really worth it? I've never attempted to hunt with a 22 pistol. Any thoughts on this? Do Any of you carry one? If so, what has your experience been?",1736078063.0,0.84,63,0,,[deleted],107,False,0,False,text
Survival,1humet3,building books,6,https://reddit.com/r/Survival/comments/1humet3/building_books/,https://www.reddit.com/r/Survival/comments/1humet3/building_books/,"Looking for physical books that i could purchase and hang on to that would explain with lots of visuals the basics of building shelters/cabins/houses out of basic lumber and or logs/forest supplies.   
Building other things is a plus as well.  

  
thanks",1736124507.0,1.0,6,0,,thcholic,3,False,0,False,text
Survival,1hu61rs,Hand Made Arabic Ranger Beads,15,https://reddit.com/r/Survival/comments/1hu61rs/hand_made_arabic_ranger_beads/,https://www.reddit.com/gallery/1hu61rs,"
Made of turned kook wood, hand carved olive tree wood with sterling silver decor.

I had my local prayer bead trader make this for me as he is insanely talented. 

They’re more of a showpiece than an actual tool, but I will be taking them out on a few day trips to test out in both dry and wet terrain. ",1736080018.0,0.95,15,0,Crafts,formykatya,2,True,3,True,text
Survival,1htbxbu,No change of clothing. Is it better to stay in wet clothing or be naked during cold weather?,115,https://reddit.com/r/Survival/comments/1htbxbu/no_change_of_clothing_is_it_better_to_stay_in_wet/,https://www.reddit.com/r/Survival/comments/1htbxbu/no_change_of_clothing_is_it_better_to_stay_in_wet/,"I was wondering about this recently and, if you were lost or at least a significant distance from any help and had fallen into a body of water during cold weather, and have NO change of clothing. Is it better to change out of your wet clothes and be naked in the cold weather, or stay in the wet clothing. I understand that you should change out of wet clothing, especially during cold weather to prevent cold related injuries, but what if you have no change of clothing? 

Is it better to bear the cold weather naked or stay in the wet clothing? ",1735987536.0,0.95,115,0,,Busy_Couple_6992,65,False,0,False,text
Survival,1hsvi1x,Cordage plants in denmark/UK?,16,https://reddit.com/r/Survival/comments/1hsvi1x/cordage_plants_in_denmarkuk/,https://www.reddit.com/r/Survival/comments/1hsvi1x/cordage_plants_in_denmarkuk/,"Hi I live and soon moving to denmark, ive realized the vegetation is similar between the two but still some differences, I want to know what plants I can use from these 2 countries to make good cordage, ",1735934427.0,0.84,16,0,Location Specific Question,Substantial-Assist69,6,False,0,False,text
Survival,1hssctc,Does anyone produce an adapter for the Membrane Solutions Water Straw Filter,2,https://reddit.com/r/Survival/comments/1hssctc/does_anyone_produce_an_adapter_for_the_membrane/,https://www.reddit.com/gallery/1hssctc,"That’ll mate with the hose on a water bladder/reservoir? I have an old CamelBak TriZip and I’m still rocking the water bladder it came with - a Milspec 3 liter reservoir. I know that Lifestraw produces an inline filter for CamelBak but I’m hesitant to purchase because a lot of people are saying it doesn’t work with older bladders and Milspec systems and is hit and miss with the MilSpec products and I just don’t really want to hassle with it. I’m finding a few things that comes close but close but not quite what I need…figured I’d reach out to some of the communities I belong to and see if people that have greater experience with this can help…attached pics show what I have, please excuse the lint and dust …thank you so much in advance!",1735926672.0,1.0,2,0,,BecMikMon,1,True,4,True,text
Survival,1hr6hwn,Which is the best pocket/keyring compass,27,https://reddit.com/r/Survival/comments/1hr6hwn/which_is_the_best_pocketkeyring_compass/,https://www.reddit.com/r/Survival/comments/1hr6hwn/which_is_the_best_pocketkeyring_compass/,"I'm torn between the silva pocket compass and the brunton tag along 9040. Are any of these accurate?
Which is the most accurate and can be shipped to the UK.
As long as the compass itself is accurate to around 5 degrees that's fine
",1735749470.0,0.97,27,0,General Question,Extreme_Style602,10,False,0,False,text
Survival,1hraua0,How I made a gravity filter with my Sawyer Mini for about $2.00.  ,3,https://reddit.com/r/Survival/comments/1hraua0/how_i_made_a_gravity_filter_with_my_sawyer_mini/,https://www.reddit.com/gallery/1hraua0,"My Sawyer Mini was just sitting on my shelf.  It seemed like a waste so I set my mind to figuring out a (passive) way to use it for an emergency or even for daily use.  This is what I came up with.  I’ve been using it every day for about the last six months, and it works great.  

Picture 1 - Materials needed: Smart Water Bottle, utility knife, single hole punch (not required but nice to have), cordage or old shoelace, and Sawyer Mini Filter.  

Picture 2 and 3 - Cut the bottom of the bottle out with the utility knife.  I’ve found through trial and error, that the place where I drew the lines with the marker are the best place to cut it.  The bottle keeps its structural integrity that way.  If you cut it closer to the sides of the bottle, it will fold in on itself when it’s full of water.  

Picture 3 and 4 - Punch two holes in the bottle.  The place where I marked the bottle in picture 3 has worked best for me.  If the holes are too close to the edge, they can break with the weight of a full bottle.  If you don’t have a hole punch, you can use the tip of your utility knife.  

Picture 5 - Attach the filter and tie off the cordage.  

Picture 6 - Hang it up and use it.  As you can see, it works with any type of filter that screws onto a Smart Water Bottle, like the Lifestraw Peak.  

Feel free to share.  Let me know if you try it, and how it works for you.  ",1735761016.0,1.0,3,0,,[deleted],0,True,6,True,text
Survival,1hr62uc,Which is the best pocket/keyring compass,2,https://reddit.com/r/Survival/comments/1hr62uc/which_is_the_best_pocketkeyring_compass/,https://www.reddit.com/r/Survival/comments/1hr62uc/which_is_the_best_pocketkeyring_compass/,"I’m torn between the silva pocket compass and the brunton tag along 9040. Are any of these accurate? Which is the most accurate and can be shipped to the UK. 

As long as the compass itself is accurate to around 5 degrees that’s fine",1735748298.0,1.0,2,0,General Question,Extreme_Style602,0,False,0,False,text
Survival,1hoyioc,Same cartridge for different game classes,13,https://reddit.com/r/Survival/comments/1hoyioc/same_cartridge_for_different_game_classes/,https://www.reddit.com/r/Survival/comments/1hoyioc/same_cartridge_for_different_game_classes/,"I have been investing the various options for survival firearms for years now and I am fairly familiar with the concepts most folks adhere to. I love the concept of a 12 GA with barrel inserts, but I have seen that in practice, you need to re-zero by a few clicks at least with each different insert. I feel that wasting ammo with zeroing is probably impractical for a survival situation. With  this in mind I would probably chose a ""drilling"" style rifle with a 12 GA and some small centerfire cartridge.

This got me thinking though. Could you reasonably use any 1 cartridge for both class 1  game like rabbits, and also on something as big as class 3 game like elk? What i am imagining is something in the 6mm-7mm caliber range with two different hand loads. One is a lightweight, maybe 90 gr bullet with a lower pressure powder load, and the other is a 120 gr with a full power load. Then you aren't destroying small game (and your shoulder/ears), but you can simply chamber your ""bigger"" loading if a deer crossed your path.  Barrel twist would have to be considered as well. Something like a 25-06 is what first came to mind. Something that uses a full length action like the -06 family to have enough power for elk, but in a small enough caliber to be reasonable for varmints when loaded down. 

I think this would have to be a better system than the other ""multi cartridge"" options in a real world scenario. Considering actual accuracy needs and the questionable practically of carrying around multiple barrels and cartridges for different game. 

Maybe this concept, 12 ga/25 cal, in a drilling rifle with a 12 GA if I'm being greedy. 

Does anyone have thoughts or suggestions on this?",1735486863.0,0.7,13,0,,aphocks,57,False,0,False,text
Survival,1hnwfok,Small shelter discussion ,33,https://reddit.com/r/Survival/comments/1hnwfok/small_shelter_discussion/,https://www.reddit.com/r/Survival/comments/1hnwfok/small_shelter_discussion/,"Aight so, I figured an open discussion about small shelters would be more indicative of knowledge and ideas than a closed question post, so here we are. 

By “small shelter,” I mean something in the range of one-night, prepacked (not a natural shelter), fair weather shelter that can be thrown in a day pack or hunting bag just in case (or for spontaneous camping trips). 

I personally had a ~5x7 heavy duty emergency blanket tarp with a large trash bag as a moisture barrier from the ground and a mylar blanket as some extra to catch radiant heat, but i found it too bulky for my needs. I picked up a small backpacking tarp and I’m looking for ways to spice it up for hunting/fishing trips that might end up overnight. 

What’s yall’s systems and why did you choose it? What’s the basic principles you think about for your shelter regardless of whether or not you have the latest and greatest piece of kit? ",1735355393.0,0.91,33,0,Shelter,Icy_Instruction4614,23,False,0,False,text
Survival,1hmrcmf,"Archaic Bow Hunt. No fire-starter, no food, no sleeping bag, no water bottle, bareback, recurve only. By Cade Cole from Alone season 10",67,https://reddit.com/r/Survival/comments/1hmrcmf/archaic_bow_hunt_no_firestarter_no_food_no/,https://youtu.be/NLrYf7jCJdw?si=U3Cqkj7gBRxqiSfi,"As the ancestors hunted…hardcore hunt video from Cade Cole. Check out his from last year also titled “80 Mile Elk”… legit, authentic content full of practical survival knowledge ",1735229041.0,0.76,67,0,,JordanJonas,23,False,0,False,text
Survival,1hlmfxk,"People that have experienced very extreme cold (-40 and below), how cold does it feel compared to what most people consider cold (0 c)",389,https://reddit.com/r/Survival/comments/1hlmfxk/people_that_have_experienced_very_extreme_cold_40/,https://www.reddit.com/r/Survival/comments/1hlmfxk/people_that_have_experienced_very_extreme_cold_40/,"How difficult is Survival in those temperatures?

Also what did you wear when you experienced these extremely low temperatures",1735074103.0,0.96,389,0,General Question,[deleted],773,False,0,False,text
Survival,1hknf26,Cotton pad fire starters ,21,https://reddit.com/r/Survival/comments/1hknf26/cotton_pad_fire_starters/,https://www.reddit.com/r/Survival/comments/1hknf26/cotton_pad_fire_starters/,"I’m making cotton pad fire starters. I only have soy wax, any experience? Can you use soywax instead of paraffin? Im going to use them outside to make campfire. ",1734959382.0,0.92,21,0,,Sensitive_Line7788,26,False,0,False,text
Survival,1hkbs3j,"Behold, the best fire starters ever!",208,https://reddit.com/r/Survival/comments/1hkbs3j/behold_the_best_fire_starters_ever/,https://i.redd.it/j91cq021th8e1.jpeg,"I saved a year of dryer lint, wrapped chunks in wax paper, then double dipped them in melted paraffin.  I tried doing them as little squares, but just twisting them up as little doobies was a lot faster. The batch on the cutting board is about 4cups of lint, a half pound of paraffin, and ten feet of wax paper. ",1734913655.0,0.92,208,0,,BullCityPicker,121,True,1,False,image
Survival,1hkcllj,Bic lighter vs Ferro Rod.,78,https://reddit.com/r/Survival/comments/1hkcllj/bic_lighter_vs_ferro_rod/,https://www.reddit.com/r/Survival/comments/1hkcllj/bic_lighter_vs_ferro_rod/,"I totally get it… Die hard survival guys dig Ferro rods and fire 🔥 building skills. And I agree knowing how to start a fire with various strategies and in different situations would be crucial.

But at the end of the day isn’t a good ole Bic lighter a better choice in most situations unless you’re just trying to add additional steps into starting your fire?

Not trying to start 💩 here. It’s a legit question I wonder about.

✌️ ",1734916241.0,0.93,78,0,General Question,BeachBumFrizz,162,False,0,False,text
Survival,1hiu5ug,PSA - Storm matches can go bad.,93,https://reddit.com/r/Survival/comments/1hiu5ug/psa_storm_matches_can_go_bad/,https://www.reddit.com/r/Survival/comments/1hiu5ug/psa_storm_matches_can_go_bad/,"Had a real validating moment on a little Christmas outing to the woods with a few friends.

Our resident smoker dropped his lighter during the hike, and the one I'd brought was dead, so I got that *giddy* feeling you get when something goes wrong and you've got a tin of *problem-solving* in your pocket, only to pulling out a **sealed** package of crumbly storm-matches that can't be struck, not that I'd get the chance as the striking strip fell apart in my hands like ash.

I got to make a good'ol ferro fire with the one I kept on a lanyard. Good times were eventually had by all.",1734729878.0,0.97,93,0,Fire,ThatLousyGamer,27,False,0,False,text
Survival,1hib697,Pine tea,33,https://reddit.com/r/Survival/comments/1hib697/pine_tea/,https://www.reddit.com/r/Survival/comments/1hib697/pine_tea/,Is it safe to drink pine tea made from Austrian pine needles?,1734666564.0,0.95,33,0,,mountainmanwill,16,False,0,False,text
Survival,1hid8py,CO poisoning,8,https://reddit.com/r/Survival/comments/1hid8py/co_poisoning/,https://www.reddit.com/r/Survival/comments/1hid8py/co_poisoning/,"So im Planning to make an all around shelter, the way you would make an A-frame etc. And im kinda worried about lighting a fire inside, obviously Theres no roof and its quite big, but im still Kind of worried about Like CO and stuff Like that, should i be worried?",1734674003.0,0.91,8,0,General Question,ArtyomtheBlinmaker,7,False,0,False,text
Survival,1hheew1,50-90+% Wool Socks NO compression,28,https://reddit.com/r/Survival/comments/1hheew1/5090_wool_socks_no_compression/,https://www.reddit.com/r/Survival/comments/1hheew1/5090_wool_socks_no_compression/,"I am at my wits end with sock companies. Unfortunately I have really wide and big feet for a woman and I also have shit circulation so my feet are always like ice blocks even with multiple pairs of thick socks on. So I wanted to splurge on a pair of real merino wool socks that will get me through the bitter cold months while taking a winter trip in february and just in general. The problem is, every freaking sock company it seems adds compression to their socks and it's bitterly painful on my feet! Particularly my arch and the top of my foot. I just can't wear them like this. I was reading across a few forums and people recommend darn tough but also said they are pretty snug so I opted for some other brands. The shop my husband went to today didn't have the farm to feet socks we were looking for to try, so he got a pair of smart wool ones instead because he said they were less tight than the darn wool and fits option he had. Well lo and behold, I try them on and immediately my foot starts cramping. That's how sensitive my feet are.  Can ANYONE recommend a sock brand that has LOW to NO compression at all, has a merino wool content of no lower than 50%, ideally up to 90% wool that is comfortable, soft, and warm and won't make me in pain? I've unfortunately had this issue frequently even for regular sock shopping. For reference size foot is 10 womens and I have a wide foot. Thanks in advance. ",1734562938.0,0.74,28,0,,Cautious_Sugar7987,98,False,0,False,text
Survival,1he8iq7,Survival USB options? ,67,https://reddit.com/r/Survival/comments/1he8iq7/survival_usb_options/,https://www.reddit.com/r/Survival/comments/1he8iq7/survival_usb_options/,"I’m wanting to take a 256GB USB, download Wikipedia, the ar/k/, local maps and other resources just for fun/personal use. I was going to buy a usb to usb c adapter for my phone and a small faraday bag and keep it all in there. Is this a good option for me to be able to pull it out and access it on my phone without internet? Or am I missing something (compatibility issues etc) 

I have also seen raspberry pi is an option and maybe more stable or user friendly? Is that true? 

There are also premade options that are expensive but might be worth it like the Gridbase pocket?

I’m also wanting to make two more for friends, so cost is somewhat of a concern. 

Looking for advice. Thank you ",1734199349.0,0.84,67,0,,rahksi,54,False,0,False,text
Survival,1hdhda8,Are eastern milk snakes edible?,36,https://reddit.com/r/Survival/comments/1hdhda8/are_eastern_milk_snakes_edible/,https://www.reddit.com/r/Survival/comments/1hdhda8/are_eastern_milk_snakes_edible/,"I was on a trail, saw one slither by. I've heard of ""snake eating"" before, never really gave it a thought until then. Went home and ID'd the snake from memory, happened to be an eastern milk snake a sizable one at that, no shortage of them around here. I did some research, couldn't find anything on how ""palatable"" they were. Maybe one of you guys know? Not even about milk snakes, any kind of snake ""gourmet"" knowledge is appreciated!",1734110838.0,0.71,36,0,Hunting/Fishing/Trapping,freakbob3000,80,False,0,False,text
Survival,1hcwwkx,Mylar blankets spray glued to woven nylon tarp,34,https://reddit.com/r/Survival/comments/1hcwwkx/mylar_blankets_spray_glued_to_woven_nylon_tarp/,https://www.reddit.com/r/Survival/comments/1hcwwkx/mylar_blankets_spray_glued_to_woven_nylon_tarp/,"Hi new guy here!

I'm a hammock camper and I'm looking for a way to increase and improve my heat retention.
I already use both a foam sleeping pad and a DD Underblanket plus I recently bought a wool blanket to have as the outer shell.

I've been thinking about getting a couple cans of spray glue and mylar blankets and join them to an oldschool woven nylon tarp!


I'm just wondering if there's any tarp that already has some kind of reflective material already on it so I can spare myself the work and also have something that holds up a bit better as I know mylar blankets are very sensitive to tearing/scratching, hell sensitive to everything! 😂


Many thanks in advance for any pointers and/or information to help me improve my heat retention for my setup! 🙏😄",1734041514.0,0.95,34,0,Gear Recommendation Wanted,BedLamSwede,83,False,0,False,text
Survival,1haxcx0,Is this from a bobcat? ,190,https://reddit.com/r/Survival/comments/1haxcx0/is_this_from_a_bobcat/,https://i.redd.it/eg9xbk72gz5e1.jpeg,,1733819676.0,0.92,190,0,,[deleted],143,True,1,False,image
Survival,1haeygs,Staying warm in an unheated van,63,https://reddit.com/r/Survival/comments/1haeygs/staying_warm_in_an_unheated_van/,https://www.reddit.com/r/Survival/comments/1haeygs/staying_warm_in_an_unheated_van/,"I sleep in my van and it's about 40F at night. I don't have enough electricity for an electric heater. I ordered a -35F sleeping bag, and I'm hoping that keeps me warm all night even if the temperature drops to 10F but until it arrives, I'm trying to make a solid plan for nighttime.

I have lots of blankets and a motorcycle jacket that I charge with my solar panel. I've been waking up around 3am shivering and check my temperature with an oral thermometer, which is \~95.5 F.  Then I try to warm up by doing some exercises but it takes maybe an hour to get my temp back up to \~97.2 F which is about what my normal temperature is when I'm sleeping in a heated place. Then I go back to sleep but my temperature starts going back down again until about 8 am when it starts warming up outside again. I have been so tired that I have just fallen asleep when my temperature is \~96F even thought I really meant to stay awake.

Is it possible that if I am really tired, I don't wake up when my temperature keeps dropping under 96F?

If I set an alarm to wake up and walk around outside from 3am-5am to stay awake during the coldest part of the night, is that a solid plan?

Update: Thanks for the advice. Its nice that you people try to help a person out. While I wait for the super warm sleeping bag to arrive I'm going to

\-get an electric blanket and see if my power bank will run it.  
\-get a wool blanket if I can find one and a balaclava hat.  
\-will avoid the wet condensation that forms on the emergency blanket with an absorbing layer, like a sleeping bag liner or sheets I can switch out if they get wet because being wet at all is the coldest  
\-Even though a doctor told me it's ok to go back to sleep if my temp is 95F, I'm not going to do that. I'm going to park near a 24/7 diner while I try out the new blankets, and go in there if I wake up at 95F again rather than risk going back to sleep.   
\-If for some reason in the future when I'm camping I'm waking up that cold despite the set up (like if the power bank dies and I am stranded or something) warming up rocks and potatoes to warm up the inside of the sleeping bag is a good back up to the electric blanket, or warming up by a fire/stove outside before getting back into my sleeping bag. I'm making a rule for myself to not get back in the sleeping bag or lay down again until my temp is at least 97.5F ",1733764978.0,0.84,63,0,,Obvious_Advantage_22,257,False,0,False,text
Survival,1h9us99,Super shelter: follow up,66,https://reddit.com/r/Survival/comments/1h9us99/super_shelter_follow_up/,https://www.reddit.com/r/Survival/comments/1h9us99/super_shelter_follow_up/,"**TLDR**: Using just the plastic for a survival shelter worked well. It warms up better than a cold tent, quinzee, or open-tarp long-log setup, but a really nice pile of wood is needed to keep the fire going all night. A clear plastic sheet would be a great addition to a survival kit, especially a vehicle.

I posted a couple of weeks ago with questions about just using the plastic for a Kochanski super shelter/Harlton hacienda and foregoing the mylar and nylon. Tried it out on Friday night for a quick one-night crown land campout and here's what I found:

I used a 12'x8' sheet of 6mm vapor barrier from the hardware store. It's held up by round plastic balls under the plastic tied with paracord. Inside I used my three-season bag+bivy bag+inflatable mat+a sheet of Reflectix. I also had a hot water bottle. I found the blue tarp at the site, but had been planning on using evergreen boughs for a bit more insulation from the ground.

I had a little pocket thermometer and the shelter warmed up to 10 C with a long-log fire about 5' away (outside temp was -10 C). Having the fire closer would obviously have made it warmer in the shelter, but I was a bit worried about it getting uncomfortably warm. Got up in the night a few times to add logs. In spite of spending about two hours cutting dead standing trees and bucking to 4' lengths, I ran low on wood in the early morning. The fire died down and the shelter temp went down to -10. Sleeping setup kept me warm, though.

Downsides are the condensation (frost) on the inside (hence the bivy bag) and that it retains no heat when the fire dies down (so compared to a quinzee, it can get much warmer, but can also get much colder.) I preferred it to both cold camping in a tent and sleeping in a quinzee. For temperatures a bit warmer than this, (say, 0 to 10 C) I still like an open tarp and long-log fire setup better.

I'm going to experiment with a couple of other variations: a simple frame of flexible green wood or even my tent frame and inner liner and replace the tent fly with the plastic sheet (which would also help with frost sprinkling from the sides every time the plastic moves).

Thanks to everyone who gave me feedback on the previous post.

https://preview.redd.it/hjfjdwzmcp5e1.jpg?width=2048&format=pjpg&auto=webp&s=a55eb0284d14f05ddfabc825e94d588d1cb56ee4

https://preview.redd.it/ume8200ncp5e1.jpg?width=2048&format=pjpg&auto=webp&s=cb7d4d2f1273f2aee2dd15195af6e3bbb8825bd2

https://preview.redd.it/fbe6bb4ncp5e1.jpg?width=2048&format=pjpg&auto=webp&s=2b226f90a3b6004ddbf8031d473c6b0ba0066397

https://preview.redd.it/zve8byzmcp5e1.jpg?width=4608&format=pjpg&auto=webp&s=a858fd500d26441d17965b44884cc541028b83fc

",1733697250.0,0.95,66,0,,bigcat_19,23,True,4,False,text
Survival,1h9fmtb,Winter gloves,22,https://reddit.com/r/Survival/comments/1h9fmtb/winter_gloves/,https://www.reddit.com/r/Survival/comments/1h9fmtb/winter_gloves/,"hello everybody! I hope you are well and enjoying the winter! It's the first time I've actually had winter in my life and, unfortunately, my gloves aren't suitable for the situation. I own a pair of UnderArmour's xStorm gloves. I like them because they are thin and I can put my hand in my pocket, take out a key, wallet, and have better sensitivity than a ski glove, for example, which I consider too thick for urban use. This xStorm glove practically leaves my fingers frozen. Yesterday it was 6/7 C° and I already had both hands very cold, without any sensitivity, placing them against my stomach to warm up. In other words, I believe they are protective gloves for contact and not for cold. In view of this, I ask for recommendations on gloves that are thin, that can withstand up to 0°, and at an affordable price. I'm even accepting recommendations for work gloves, as long as they really are thermal. thanks!",1733651803.0,0.97,22,0,,ri-7,39,False,0,False,text
Survival,1h8o5zp,How to survive cold as a massive sweater?,94,https://reddit.com/r/Survival/comments/1h8o5zp/how_to_survive_cold_as_a_massive_sweater/,https://www.reddit.com/r/Survival/comments/1h8o5zp/how_to_survive_cold_as_a_massive_sweater/,"Hi. Since I was a little kid I've been sweating at the minimum feeling of warm temps. Also getting sick faster on winter because when I put a single layer of clothes I start sweating a lot. Using a hat/cap anything makes it even worse. 

Its kind of a problem now because I like doing trips to the wild and I get sweaty on winter just using a normal jacket and a short sleeved shirt. My body generates too much heat, Its like hell for me on summer but also on winter.  
If I put on warm clothes, just a single layer, I start sweating a lot and getting colder but If I remove the clothes I get cold because Im sweaty.

I dont know If you have tips to prevent sweat while being warm for someone like me.

Btw not sweaty from bad shape or anything, Im healthy, good shaped and this is just a problem since forever. Thank you in advance.",1733560112.0,0.93,94,0,General Question,57evil,100,False,0,False,text
Survival,1h7zv3q,Looking for the best first aid supplies retailer online,23,https://reddit.com/r/Survival/comments/1h7zv3q/looking_for_the_best_first_aid_supplies_retailer/,https://www.reddit.com/r/Survival/comments/1h7zv3q/looking_for_the_best_first_aid_supplies_retailer/,"I'm looking for trauma kits, cat tourniquet, and Sam splints. Has anyone found a particular website they really like? Thanks in advance.",1733486681.0,0.96,23,0,Gear Recommendation Wanted,[deleted],11,False,0,False,text
Survival,1h7s82x,Best book for a survival novice?,89,https://reddit.com/r/Survival/comments/1h7s82x/best_book_for_a_survival_novice/,https://www.reddit.com/r/Survival/comments/1h7s82x/best_book_for_a_survival_novice/,"If you could recommend one book for a survival novice to own, what would it be? 

Chatgpt told me the answer is Bushcraft 101; any truth to this?",1733456291.0,0.98,89,0,General Question,Turtleprom,87,False,0,False,text
Survival,1h7ucwi,Best app for bushcraft?,31,https://reddit.com/r/Survival/comments/1h7ucwi/best_app_for_bushcraft/,https://www.reddit.com/r/Survival/comments/1h7ucwi/best_app_for_bushcraft/,"I really want to learn bushcraft, building shelters, and hunting with handmade tools, so what’s the best app/books that’s has some good visual instructions and written instructions? Or what is the best YouTuber that teaches these things? I’m pretty new but I have done some small stuff but I always get stuck or confused with building tools and shelter, any tips and trips are greatly appreciated (apple App Store)",1733463523.0,0.88,31,0,Learning Survival,NAVI-tws,42,False,0,False,text
Survival,1h6qgie,Eagle Scout here but new to real survival/hiking/etc. Wanting to buy a Nalgene 32oz bottle and the Epic filter advertised on their website. Is this a good option for a filter? Or are there better filters that would be compatible for this bottle?,22,https://reddit.com/r/Survival/comments/1h6qgie/eagle_scout_here_but_new_to_real/,https://www.reddit.com/r/Survival/comments/1h6qgie/eagle_scout_here_but_new_to_real/,,1733344588.0,0.84,22,0,,black_dragon3453,27,False,0,False,text
Survival,1h6h0pq,What is your opinion on inner-bark from trees as a potential survival food?,49,https://reddit.com/r/Survival/comments/1h6h0pq/what_is_your_opinion_on_innerbark_from_trees_as_a/,https://www.reddit.com/r/Survival/comments/1h6h0pq/what_is_your_opinion_on_innerbark_from_trees_as_a/,I have heard it is one of the most accesible nutrient sources in the woods. Especially pine inner bark is talked about. Does anyone have experience with it? Is it safe/healthy? What are other easily available nutrient sources?,1733321759.0,0.89,49,0,Learning Survival,TheHagueBroker,107,False,0,False,text
Survival,1h6pdfo,Help on starting fires. ,18,https://reddit.com/r/Survival/comments/1h6pdfo/help_on_starting_fires/,https://www.reddit.com/r/Survival/comments/1h6pdfo/help_on_starting_fires/,"For the *life of me* short of using gas or lighter fluid I cannot start a fire. Every single solo backpacking trip I can never get my non-twig sticks to catch. 

I was just out for a night in cold weather. It had snowed and the wood was just a little wet. So I cheated and used a device that could ""light wet wood"" it’s a small box, you pull a string and it catches fire and burns decently for about 15 minutes or so. Still didn’t do anything. 

I had a twig/brush log cabin around it and then a teepee of sticks (0.5-1"" diameter) around that. It burned most the twigs in the mini log cabin and turned one of my sticks black but didn’t light it or any of the teepee on fire. It was so demoralizing to use TWO of the boxes and still watch the fire die without lighting more than twigs and leaves. 

I’ve watched countless youtube videos on starting fires wet and dry. But wet or dry, ""cheating"" or not, regardless of method, I just can’t get one going and I would love help on it. ",1733341962.0,0.82,18,0,Fire,immortalsauce,50,False,0,False,text
Survival,1h6iu5y,Wilderness doctors,15,https://reddit.com/r/Survival/comments/1h6iu5y/wilderness_doctors/,https://www.reddit.com/r/Survival/comments/1h6iu5y/wilderness_doctors/,"Hello,

I am a very outdoorsy person and I'm also passionate about medicine. I hope to be a doctor on expeditions and in more wilderness/hard to reach areas. What are some skills you guys would suggest I hone in on before applying to expeditions or putting myself into those scenarios? When you guys look for people to go on trips with, what skills and or qualities do you look for in that person? 

  
Thanks!",1733326387.0,0.75,15,0,Learning Survival,DeepFriedCrayon,21,False,0,False,text
Survival,1h4h0oy,Rabbit liver sick??,291,https://reddit.com/r/Survival/comments/1h4h0oy/rabbit_liver_sick/,https://www.reddit.com/gallery/1h4h0oy,"Hello. I’ve been hunting rabbits on my property and we generally don’t have any problem with the rabbit diseases, but I was told to check deliver yellow spots. I haven’t found any yet on any rabbits but I have one that looks a bit suspicious. Maybe some little yellow spots and some fleshy looking bubbles. 
The liver was a good color, but but there was also a slight black spot on it.
Any rabbit hunters familiar with this?",1733096283.0,0.93,291,0,,MisterMeat1234,80,True,2,True,text
Survival,1h3si4t,Survival Island stuff,19,https://reddit.com/r/Survival/comments/1h3si4t/survival_island_stuff/,https://www.reddit.com/r/Survival/comments/1h3si4t/survival_island_stuff/,"Hi!

I've always been really interested in doing Survival Island type things, and was wondering if there were any good resources to potentially go out and do one of those 'spend a week on an island' type dealios.",1733018589.0,0.79,19,0,,gangpart3,23,False,0,False,text
Survival,1h2tbsz,Is there really a difference between brands of cast iron?,51,https://reddit.com/r/Survival/comments/1h2tbsz/is_there_really_a_difference_between_brands_of/,https://www.reddit.com/r/Survival/comments/1h2tbsz/is_there_really_a_difference_between_brands_of/,"Is there really a difference between brands of cast iron?

I was just at Walmart and saw Ozark Trail cast iron skillets for much less than Lodge, Backcountry and others. Isn't all cast iron the same? If not, what are the differences? I want some good quality cast iron and don't mind paying more if it's really worth it. But at this point I'm not convinced. Please educate me! And if there really is a difference, which brand is the best? Thanks! ",1732907529.0,0.92,51,0,,tvwxyz,39,False,0,False,text
Survival,1h2b1mp,What weather can you stay comfortable in 1 or 2 wool blankets,22,https://reddit.com/r/Survival/comments/1h2b1mp/what_weather_can_you_stay_comfortable_in_1_or_2/,https://www.reddit.com/r/Survival/comments/1h2b1mp/what_weather_can_you_stay_comfortable_in_1_or_2/,"100% Wool blankets, tarp camping, and also tent camping assuming you have a winter tent, and assuming wind is not blowing in your face and you're dry.",1732845200.0,0.71,22,0,General Question,[deleted],41,False,0,False,text
Survival,1h1rylj,Mylar on the ground?,49,https://reddit.com/r/Survival/comments/1h1rylj/mylar_on_the_ground/,https://www.reddit.com/r/Survival/comments/1h1rylj/mylar_on_the_ground/,"I'm having a discussion with a co worker, and we have two very different understandings of what mylar blankets are good for.

He is under the impression that if you were out in the cold, you could lay your mylar blanket on the ground and lay on it, and it would protect you from loosing all your heat into the ground.

It is my understanding that the direct contact from you, to the mylar, to the ground will cause you to loose a ton of heat, the mylar providing very little insulation at all.

Can anyone with any real knowledge settle out debate? Thanks",1732784630.0,0.88,49,0,,Fooglephish,48,False,0,False,text
Survival,1h0r4nm,How whould you clip your nails out in the bush?,40,https://reddit.com/r/Survival/comments/1h0r4nm/how_whould_you_clip_your_nails_out_in_the_bush/,https://www.reddit.com/r/Survival/comments/1h0r4nm/how_whould_you_clip_your_nails_out_in_the_bush/,I normally use my swiss army knife scissors but what whould happen if I didn't have those and needed to some how get my nails cut?,1732666545.0,0.71,40,0,,[deleted],201,False,0,False,text
Survival,1gz12oh,Best radio or walky talky with 2 mile range,42,https://reddit.com/r/Survival/comments/1gz12oh/best_radio_or_walky_talky_with_2_mile_range/,https://www.reddit.com/r/Survival/comments/1gz12oh/best_radio_or_walky_talky_with_2_mile_range/,Looking for a walky talky with long range capabilities. ,1732481162.0,0.87,42,0,,Gunlover91,47,False,0,False,text
Survival,1gy406x,Does anyone have a good pocket-knife recommendation?,100,https://reddit.com/r/Survival/comments/1gy406x/does_anyone_have_a_good_pocketknife_recommendation/,https://www.reddit.com/r/Survival/comments/1gy406x/does_anyone_have_a_good_pocketknife_recommendation/,,1732380631.0,0.93,100,0,Gear Recommendation Wanted,RealSignificance8442,404,False,0,False,text
Survival,1gy8f2s,Iodine for drinking water,16,https://reddit.com/r/Survival/comments/1gy8f2s/iodine_for_drinking_water/,https://www.reddit.com/r/Survival/comments/1gy8f2s/iodine_for_drinking_water/,"Hi everyone, I'd love some advice from anyone with some experience in water purification methods.

Back in high school, I did a program called Outward Bound which many of you may be familiar with. Roughed it in the mountains and waterways of Maine, lots of miles on the AT, etc. I was a student in a group though, so all the supplies were provided by the overarching organization.

On the trip, we pulled our water right from lakes and streams, and purified it with a little plastic bottle of iodine[ which looked like this](https://www.carolina.com/lab-bottles/drop-dispenser-bottle-15-ml/716565.pr) and floated in the top of our nalgenes. If I'm remembering correctly, we did 4 drops per 32 oz bottle, and let it purify for half an hour before consuming. We each carried two nalgenes, so the little plastic bottle would be floating in whichever one we weren't actively drinking from. It was much better than my prior experience with using iodine tablets. They didn't dissolve all the way sometimes, had a much more pungent taste, and snagging a tablet out of the bottle in the canoe with wet hands was tricky.

Now I'm trying to replicate that method for my short-term wilderness survival. I decided if a team of experts with massive liability for a bunch of teenagers in the woods decided it was the easiest and safest way for us to purify water, then it's the method for me. Simple, easy, safe, and effective. No measuring, no two-step nonsense, and good for cuts and abrasions too.

However, when I tried to do some research today to buy my own iodine online to put in one of those little bottles, I ran into a snag. Nothing is really marketed as ""safe to ingest"" except the droppers of ""organic iodine"" for ""health and lifestyle."" Everything else seems to be just for injury or lab use, and I don't want to buy the wrong one and either: 1) poison myself or 2) have it not work and drink contaminated water.

Any other iodine water purification fans out there? What do you use? Where do you buy it? What's the most cost-effective way to get it?

**TLDR:** I would like to use iodine to purify my water based on a past positive experience. Need recommendations on what and where to buy iodine for this purpose.",1732392118.0,0.86,16,0,General Question,starcatts,31,False,0,False,text
Survival,1gwva4f,Should I pack a hatchet or a machete for a solo hiking bug out bag?,91,https://reddit.com/r/Survival/comments/1gwva4f/should_i_pack_a_hatchet_or_a_machete_for_a_solo/,https://www.reddit.com/r/Survival/comments/1gwva4f/should_i_pack_a_hatchet_or_a_machete_for_a_solo/,"I don't really have room for both. 

So for a knife I'm thinking a Cold Steel SRK or Gerber Strongarm as an all round survival knife.

But I'll need something larger for kindling. 

Would you take a small hatchet or a machete? Why? And which brand/model?

Edit: I've also got an etool. For the toilet. But also cuz it looks cool as a defensive weapon. 

So it's actually which would you take out of all three for solo hiking/bug out? Two outta 3? Which ones?

Hatchet/Machete/E-Tool?

Edit 2: For dry Australian bush, rainforest, and potentially Alpine regions as well.",1732236389.0,0.81,91,0,Gear Recommendation Wanted,BrandonMarshall2021,314,False,0,False,text
Survival,1gwh4j4,Best tough leather/wool field jacket?,15,https://reddit.com/r/Survival/comments/1gwh4j4/best_tough_leatherwool_field_jacket/,https://www.reddit.com/r/Survival/comments/1gwh4j4/best_tough_leatherwool_field_jacket/,Something tough like the lester river bushcraft wool jacket but for less money. And a tough leather jacket with a hood I can wax. Also any options for similiar feeling wool pants?,1732198139.0,0.77,15,0,,[deleted],6,False,0,False,text
Survival,1gw20be,First Time,156,https://reddit.com/r/Survival/comments/1gw20be/first_time/,https://i.redd.it/3wgnqo5u752e1.jpeg,First time making my own charcloth. How did I do? Used a old pair of denim britches that I blew the butt out of.,1732146175.0,1.0,156,0,Learning Survival,Brasalies,15,True,1,False,image
Survival,1gvmant,Improvised fire.,44,https://reddit.com/r/Survival/comments/1gvmant/improvised_fire/,https://i.redd.it/rvh6smjl712e1.jpeg,"Hi all,

Background: Currently employed within the UKAF as a survival instructor, I'm looking to expand my depth of knowledge to impart onto students who are at risk of being isolated. 

I'm currently looking at means of creating fire with everyday items, I've looked at potentially using E-cigerettes to create fire in a survival situation. I'm aware there's thousands of different kinds of vapes so I've gone for the disposable kind.

Most of the disposable vapes don't activate until the user inhales but once stripped there's limited ways to generate heat.

Does anyone have any experience this (without blowing off your fingers)? Any hints/tips I would be grateful!",1732097653.0,0.98,44,0,,kernow_outdoors,15,True,1,False,image
Survival,1gtex1p,Super shelter/Harlton hacienda question,20,https://reddit.com/r/Survival/comments/1gtex1p/super_shelterharlton_hacienda_question/,https://www.reddit.com/r/Survival/comments/1gtex1p/super_shelterharlton_hacienda_question/,"I'll be trying out one of these shelters for some winter camping and I'm wondering how necessary the mylar sheet and parachute material are in the Kochanski super shelter/Harlton hacienda. Have you tried it with just the plastic? I was thinking that if the plastic is what is creating the greenhouse effect, and it's warming up to 20+ deg. C. in there, maybe the mylar sheet is overkill? For breathability, could I open the shelter slightly to allow moisture to escape rather than use breathable nylon?",1731854338.0,0.85,20,0,,bigcat_19,21,False,0,False,text
Survival,1gsunmb,Deserted tropical island for 1 year,49,https://reddit.com/r/Survival/comments/1gsunmb/deserted_tropical_island_for_1_year/,https://www.reddit.com/r/Survival/comments/1gsunmb/deserted_tropical_island_for_1_year/,"I’m in the military but plan on putting myself on a deserted island in about 6-12 months after I get out and I want to be there for a year … I see a lot online about what you *shouldn’t* do in that situation. But no straight answer on what you should do. Of course there’s videos on YouTube and stuff but most of those people only stay out there for a month at most. 
.
Things I know:
- find or create shelter away from the sun
-Collect as much wood for a fire as possible
-coconuts can be a good source of water, protein and even boiling pots but you need ALOT of them (especially to last you a year)
-avoid green, yellow, and white berries
-look for what animals eat because if they don’t die from it, you probably won’t either
-the poison test (rub on skin, put on tongue, or chew but don’t swallow for 15-20 minutes and if you feel discomfort, you probably shouldn’t eat it)
-if it has 3 leaves, let it be

My gear list that I plan on taking would be -mainly camera equipment, 
-a hand line for fishing, 
-2 packs of hooks
-a machete
-a clam knife 
-and a single water bottle
(Basically I’ll have a backpack with all my camera stuff, a small waist pack for fishing line and hooks, and then strap the machete and clam knife to my leg using only a small piece of rope) I know it’s cheating to bring stuff out there but I’m going out there to survive, not die, and simulating that I was on a boat and it washed up but I lost most of everything on board

Want to know everything else I need to know… important information, safe things to eat, ways to be sustainable, etc. 

Any help is much appreciated.",1731784586.0,0.7,49,0,Learning Survival,[deleted],199,False,0,False,text
Survival,1gso1l6,Where to drill survival skills? ,30,https://reddit.com/r/Survival/comments/1gso1l6/where_to_drill_survival_skills/,https://www.reddit.com/r/Survival/comments/1gso1l6/where_to_drill_survival_skills/,"Hello people, I live in Miami FL and me and my friend want to test our survival skills by going out into the woods with minimal items and fish and possibly hunt small game for food, problem is we have no idea where we could do it. I was thinking possibly the Everglades but any tips or suggestions would be appreciated. Is there any Floridians out there that would be willing to help us out? ",1731766163.0,0.85,30,0,General Question,Safe-Yak8585,33,False,0,False,text
Survival,1gs2etf,Tips to wipe my butt in a survival situation?,119,https://reddit.com/r/Survival/comments/1gs2etf/tips_to_wipe_my_butt_in_a_survival_situation/,https://www.reddit.com/r/Survival/comments/1gs2etf/tips_to_wipe_my_butt_in_a_survival_situation/,,1731693588.0,0.82,119,0,Learning Survival,Elino_Doro,376,False,0,False,text
Survival,1gpigb8,What to use to Brush my teeth in the wild.,47,https://reddit.com/r/Survival/comments/1gpigb8/what_to_use_to_brush_my_teeth_in_the_wild/,https://www.reddit.com/r/Survival/comments/1gpigb8/what_to_use_to_brush_my_teeth_in_the_wild/,"Hi all, me and the guys want to have an authentic camping in the wild experience and I wanted to know if there is a plant root or brunch that can be used in place of a toothbrush...Do you all know of any? Secondly, What was your experience after using it?",1731410335.0,0.7,47,0,Learning Survival,ClaraWells1,209,False,0,False,text
Survival,1gpgqng,In a survival situation what’s the best way to purify water if you’re in a cold climate or have limited resources?,42,https://reddit.com/r/Survival/comments/1gpgqng/in_a_survival_situation_whats_the_best_way_to/,https://www.reddit.com/r/Survival/comments/1gpgqng/in_a_survival_situation_whats_the_best_way_to/,,1731402755.0,0.9,42,0,Learning Survival,Amenteda1,78,False,0,False,text
Survival,1glu5z0,Ultimate snow shelter,26,https://reddit.com/r/Survival/comments/1glu5z0/ultimate_snow_shelter/,https://www.reddit.com/r/Survival/comments/1glu5z0/ultimate_snow_shelter/,What would your ultimate snow shelter look like and why?,1730996122.0,0.86,26,0,,Ok_Tooth4966,21,False,0,False,text
Survival,1gk52mm,Do you consume the water that you used to heat up your boil in a bag meal?,46,https://reddit.com/r/Survival/comments/1gk52mm/do_you_consume_the_water_that_you_used_to_heat_up/,https://www.reddit.com/r/Survival/comments/1gk52mm/do_you_consume_the_water_that_you_used_to_heat_up/,"Figure I should use it for tea or coffee so it doesn't go to waste. But, wouldn't all sorts of nasty plastic or chemicals leach off the bag when you heat up your boil in a bag meal?

Edit: I mean when you boil water in a pot and then stick a precooked camping food ration into it for a few minutes to heat it up, e.g. a beef stew (non dehydrated).",1730808181.0,0.88,46,0,General Question,BrandonMarshall2021,75,False,0,False,text
Survival,1gjxd0k,Whats the lowest temperature you can survive in without any synthetic/modern gear?,27,https://reddit.com/r/Survival/comments/1gjxd0k/whats_the_lowest_temperature_you_can_survive_in/,https://www.reddit.com/r/Survival/comments/1gjxd0k/whats_the_lowest_temperature_you_can_survive_in/,"Don't get me wrong it would be completely ridiculous if you lost your sleep system of all things, but since we are on the topic of Survival as in Survival situations, let's say you were in alaska in winter and lose your -40 degree quilt or down jacket, now what are you going to do? You can't just huddle by a fire 24/7 because you need to do other things, and you're going to need a shit ton of dry leaves and stuff to stay warm, there's absolutely nothing out there you could do to recreate a quilt or loft that warm.

What would you guys do?",1730776820.0,0.71,27,0,General Question,[deleted],92,False,0,False,text
Survival,1gjl97j,Coleman camping stoves,24,https://reddit.com/r/Survival/comments/1gjl97j/coleman_camping_stoves/,https://www.reddit.com/r/Survival/comments/1gjl97j/coleman_camping_stoves/,"Want to purchase an older Coleman stove from before they lost their good reputation, before the company was bought by another company and made in China.    I've done research into the new ones they've made since the purchase and the buyers now have a lot of issues.   These people say the Coleman name doesn't come with the reputation anymore. 

How can you know when the cutoff to purchase an old Coleman stove would be?    

So what model or date numbers should I look for?",1730744567.0,0.86,24,0,,Long-Direction-5698,19,False,0,False,text
Survival,1gjec1b,What to pack in a bug out bag to get clean water?,35,https://reddit.com/r/Survival/comments/1gjec1b/what_to_pack_in_a_bug_out_bag_to_get_clean_water/,https://www.reddit.com/r/Survival/comments/1gjec1b/what_to_pack_in_a_bug_out_bag_to_get_clean_water/,"Sorry. Meant drinking water. 

Life straw? Purification tablets? Stove and fuel to boil water? What else is there?",1730727244.0,0.83,35,0,Gear Recommendation Wanted,BrandonMarshall2021,118,False,0,False,text
Survival,1gjddwa,Should I pack a jet boil or a small wood fire stove in my bug out bag?,26,https://reddit.com/r/Survival/comments/1gjddwa/should_i_pack_a_jet_boil_or_a_small_wood_fire/,https://www.reddit.com/r/Survival/comments/1gjddwa/should_i_pack_a_jet_boil_or_a_small_wood_fire/,"Just need something to heat up my boil in a bag meals or dehydrated meal packs with.

",1730724413.0,0.78,26,0,Gear Recommendation Wanted,BrandonMarshall2021,139,False,0,False,text
Survival,1ghmasx,Survival Fishing Question,44,https://reddit.com/r/Survival/comments/1ghmasx/survival_fishing_question/,https://www.reddit.com/r/Survival/comments/1ghmasx/survival_fishing_question/,"Say you get small fish and plan to catch more. Instead of finding more nightcrawlers as bait, can't you just use the fish guts as said bait? I've never done survival fishing, or fishing in general and this place was the next best to ask around for future reference. ",1730513601.0,0.97,44,0,Learning Survival,Patient-Apartment405,17,False,0,False,text
Survival,1ggs05e,Any products similar to Polar Pure iodine bottle?,21,https://reddit.com/r/Survival/comments/1ggs05e/any_products_similar_to_polar_pure_iodine_bottle/,https://www.reddit.com/r/Survival/comments/1ggs05e/any_products_similar_to_polar_pure_iodine_bottle/,"Is there anything out there that is at all similar? I just recently found out they are no longer being made. I didn't buy one when I had the chance, am I out of luck? I know you can purchase iodine crystals, but the polar pure bottle is what I'm after.",1730417095.0,0.97,21,0,General Question,ArallMateria,14,False,0,False,text
Survival,1gglq30,Antler Butter,19,https://reddit.com/r/Survival/comments/1gglq30/antler_butter/,https://www.reddit.com/r/Survival/comments/1gglq30/antler_butter/,"I read in an old book from one of the earliest gold prospectors in Alaska that he would make butter by cutting caribou antlers into about 2"" pieces and boiling them for two days then skimming the stuff off the top and adding salt. He said it was the same as butter. Has anyone ever heard of anything like this? I can't find anything on Google. I would love to try it but I don't have any fresh horns, but it seems they didn't use the right away either. ",1730400028.0,0.78,19,0,,race5118,19,False,0,False,text
Survival,1gg6pxv,What's the best way to start a fire without a lighter,74,https://reddit.com/r/Survival/comments/1gg6pxv/whats_the_best_way_to_start_a_fire_without_a/,https://www.reddit.com/r/Survival/comments/1gg6pxv/whats_the_best_way_to_start_a_fire_without_a/,"I have 1 dead lighter and a snowy Canadian Prairie blizzard night
I'm looking for an easy way to keep warm if I ever get stuck in a ditch in a blizzard. Lost some family that way, so I got PTSD driving in a blizzard. The dark humour is strong tho so keep the jokes up",1730350010.0,0.86,74,0,Learning Survival,[deleted],176,False,0,False,text
Survival,1gfvc13,Beginner in outdoor Survival ,27,https://reddit.com/r/Survival/comments/1gfvc13/beginner_in_outdoor_survival/,https://www.reddit.com/r/Survival/comments/1gfvc13/beginner_in_outdoor_survival/,"Hi y'all, I'm from Pennsylvania and I was wondering if y'all can help me gather info on how to survive in the outdoors while backpacking. I was looking for books and videos on Pennsylvania wild animals and plants so it could help out when I try camping and bushcraft by myself. ",1730317312.0,0.92,27,0,,[deleted],29,False,0,False,text
Survival,1gf0xo0,Waypoint Marker Question,7,https://reddit.com/r/Survival/comments/1gf0xo0/waypoint_marker_question/,https://www.reddit.com/r/Survival/comments/1gf0xo0/waypoint_marker_question/,"Sort of random though I had led me to wonder. We use an orange or red bandana, cloth etc to make a waypoint that we want to find our way back to because it stands out from the background of green leaves etc. But what about in the fall when all the leaves are yellow, orange and red?  Are we supposed to use a green cloth now?  Or a different color?  Not worth losing sleep over but it’s something I’ve never see addressed anywhere so I thought I’d ask. ",1730224608.0,0.69,7,0,,Traditional-Leader54,7,False,0,False,text
Survival,1ge1bzr,Practicing Trapping?,20,https://reddit.com/r/Survival/comments/1ge1bzr/practicing_trapping/,https://www.reddit.com/r/Survival/comments/1ge1bzr/practicing_trapping/,"I'm interested in learning how to set snares and traps, but these are illegal to actually use in my state. What do ya'll do to practice these skills?",1730120226.0,0.7,20,0,General Question,abu_casey,47,False,0,False,text
Survival,1gd0vcb,The dead horse ,24,https://reddit.com/r/Survival/comments/1gd0vcb/the_dead_horse/,https://www.reddit.com/r/Survival/comments/1gd0vcb/the_dead_horse/,"Opinions, options, and the dead horse

I’m having an internal battle on choices… wanted to get a good all around utility, bushcraft, survival, shtf ect ect….  I’m debating on a few different knives. Curious on opinions, personal experiences, ect…   I’m in Florida, camp fairly often, not much game cleaning.  Best blade size?  Usually I carry scout position.  But open to carry on a drop leg platform or something. 🤷



Busse: Daryl knife or heart beat… but under the $600 range. I know the rep, and the cult following, and I don’t doubt the hype or quality.  But the price is a little hard to justify. 

 ESEE. 4,5 or 6?  I know it’s mass produced, but still good quality and warranty 

White river 3.5 fire.  I just thought it was a cool and practical knife, but the smaller size? 

https://whiteriverknives.com/FC35PRO/

(I’ll probably have a hatchet on hand anyways) 

Bark River : squad leader 2 

https://www.knivesshipfree.com/reserved-bark-river-knives-squad-leader-ii-cpm-3v-black-linen-micarta-blue-liners-hollow-pins-s-l-8-20/",1729995321.0,0.74,24,0,,[deleted],42,False,0,False,text
Survival,1gd3tma,Survival scenarios,12,https://reddit.com/r/Survival/comments/1gd3tma/survival_scenarios/,https://www.reddit.com/r/Survival/comments/1gd3tma/survival_scenarios/,"I’ve followed this sub for a while, there’s a bit of useful information but also a lot of stuff I’d say might be more at home in prepper or bushcraft subs.

Something I’m curious about though, is what are the scenarios *you* imagine when you’re thinking about wilderness survival? 

To me it seems like carrying an EPIRB would be rule number one, but I see a lot of focus on the ability to build a shelter from found materials or kill and prepare game. Worthwhile skills of course, but any scenario I can imagine where I’d be concerned about survival in a wilderness area the ability to call for help would be far, far more useful than trying to set up camp and catch and kill an animal. You might wait a while, so you want to be comfortable of course but why so little focus on technology which would save your life if you were in a survival situation in the wilderness while there’s so much focus on knives and tin can kits with fish hooks?",1730006238.0,0.75,12,0,,Higher_Living,49,False,0,False,text
Survival,1gc6vnj,Magnetic Needle Navigation / Compass Improvisation ,25,https://reddit.com/r/Survival/comments/1gc6vnj/magnetic_needle_navigation_compass_improvisation/,https://www.reddit.com/r/Survival/comments/1gc6vnj/magnetic_needle_navigation_compass_improvisation/,Has anyone ever tried this method of rubbing a needle on silk/cotton then placing the needle on a leaf in water to find magnetic north and south? How accurate is this method? Is there a better way to find north and south?,1729896271.0,0.97,25,0,General Question,TheSovereignFox,20,False,0,False,text
Survival,1gc14zo,How to make rope in a tropical environment? ,20,https://reddit.com/r/Survival/comments/1gc14zo/how_to_make_rope_in_a_tropical_environment/,https://www.reddit.com/r/Survival/comments/1gc14zo/how_to_make_rope_in_a_tropical_environment/,l,1729880839.0,0.82,20,0,Learning Survival,mailman936,19,False,0,False,text
Survival,1g9tsl3,Pocket knife advice and locking mechanisms,33,https://reddit.com/r/Survival/comments/1g9tsl3/pocket_knife_advice_and_locking_mechanisms/,https://www.reddit.com/r/Survival/comments/1g9tsl3/pocket_knife_advice_and_locking_mechanisms/,"I'm looking for a quality pocket knife for camping/hiking, mainly a sturdy blade with a good wood saw (saw optional). I'm considering the Victorinox Forester and Opinel N°08 Outdoor. Are these good options, or do you have any other recommendations within a similar budget?

I'm new to knives and wondering if I should prioritize different locking mechanisms. Are they important, or can I overlook them in my case? Like the Victorinox one is linerlock (it is okay I guess), and I have heard that Opinel's locking mechanism is not that good?",1729632950.0,0.9,33,0,,satisfiedblackhole,45,False,0,False,text
Survival,1g8idyl,"I've been listening to a lot of podcasts about people who go missing or are almost lost or whatever and often, they fail to bring enough food. They'll have like 3 granola bars and be out in the wind for 5 days. Aren't there better food options or is that standard fare?",47,https://reddit.com/r/Survival/comments/1g8idyl/ive_been_listening_to_a_lot_of_podcasts_about/,https://www.reddit.com/r/Survival/comments/1g8idyl/ive_been_listening_to_a_lot_of_podcasts_about/,,1729488237.0,0.78,47,0,,heavensdumptruck,78,False,0,False,text
Survival,1g7c3cu,Fire starters ,29,https://reddit.com/r/Survival/comments/1g7c3cu/fire_starters/,https://www.reddit.com/r/Survival/comments/1g7c3cu/fire_starters/,Quick question. I couldn't find the answer anywhere. You know the fire starters that have a rigid curved end on the strikers or an indent on the side? I only found people using the side of the striker when starting their fires. What's the point of the rigid end or the indent in the striker? Edit: maybe should say more jagged end. ,1729353686.0,0.95,29,0,,kargoth05,8,False,0,False,text
Survival,1g439z7,Experiences with Shortening Sleeping Bags?,23,https://reddit.com/r/Survival/comments/1g439z7/experiences_with_shortening_sleeping_bags/,https://www.reddit.com/r/Survival/comments/1g439z7/experiences_with_shortening_sleeping_bags/,"Hi everyone!

I inherited two Carinthia sleeping bags from my brother: a **Carinthia 4 in M** and a **Carinthia 6 in L**. Unfortunately, I’m **only 160 cm** tall, so both are way too big for me—especially on cold nights, I worry about freezing. The 4 did manage to keep me more or less warm in the mountains of Mongolia, but I still feel it’s too roomy.

Has anyone had experience shortening sleeping bags or heard that it’s possible? I’d love to have them adjusted since I don’t want to replace them for sentimental and cost reasons. Plus, finding an S size in this range is quite difficult.

I’d appreciate any tips or experiences you can share!

Thanks a lot!",1728982584.0,0.89,23,0,,nyyanto,12,False,0,False,text
Survival,1g3tx4a,"Waterproof, or waterproofing match striker paper ",38,https://reddit.com/r/Survival/comments/1g3tx4a/waterproof_or_waterproofing_match_striker_paper/,https://www.reddit.com/r/Survival/comments/1g3tx4a/waterproof_or_waterproofing_match_striker_paper/,"It just occurred to me that while my matches are in a waterproof hard case, the striker paper is on the outside of the case.  The glue holding together the striker paper isn't waterproof.  So, if it gets soaked, I'm left with perfectly good matches, but no way to ignite them.

Does anybody know of a waterproof strike paper, it a way to waterproof them?",1728948519.0,0.94,38,0,General Question,[deleted],34,False,0,False,text
Survival,1g3edc0,Cemetery candles as emergency heat and light?,37,https://reddit.com/r/Survival/comments/1g3edc0/cemetery_candles_as_emergency_heat_and_light/,https://www.reddit.com/r/Survival/comments/1g3edc0/cemetery_candles_as_emergency_heat_and_light/,"Hi, has anyone tried cemetary candles for emergency light and heat? It might seem a little bit morbid, but heat is heat 🔥   
I figured it is a cheap, long lasting candle in a glass container with metal windshield, and also the container is usually red, so that is all you could want from an outdoor heating lantern.  
I just want to know if someone already packs a few of them in a 72-hour pack or bugout bag, and especially what might be some downsides in comparison to UCO lanterns, or other sources of emergency heat.  
Thanks!",1728908428.0,0.89,37,0,,semblu,38,False,0,False,text
Survival,1g3lm4c,Tarps,10,https://reddit.com/r/Survival/comments/1g3lm4c/tarps/,https://www.reddit.com/r/Survival/comments/1g3lm4c/tarps/,"Does anybody know a good canvas/oilcloth tarp for my hiking bag? Need something that can stand being close to the fire. Weight isn't a problem, I'm kinda against grommets, so preferably something with tie-outs.  ",1728927266.0,0.92,10,0,Gear Recommendation Wanted,Routine-Try-5163,6,False,0,False,text
Survival,1g1xp3k,Will carmex do instead of vaseline? (Cotton ball + vaseline firestarter),28,https://reddit.com/r/Survival/comments/1g1xp3k/will_carmex_do_instead_of_vaseline_cotton_ball/,https://www.reddit.com/r/Survival/comments/1g1xp3k/will_carmex_do_instead_of_vaseline_cotton_ball/,,1728730984.0,0.86,28,0,Fire,D3MON_PL,33,False,0,False,text
Survival,1g0vt28,Anyone else carry a pencil sharpener in their emergency bags? ,209,https://reddit.com/r/Survival/comments/1g0vt28/anyone_else_carry_a_pencil_sharpener_in_their/,https://www.reddit.com/r/Survival/comments/1g0vt28/anyone_else_carry_a_pencil_sharpener_in_their/,I feel like it's already the easiest tool to sharpen pencils for note taking or making pointed sticks and most notably wood shavings for fire making.,1728601558.0,0.94,209,0,General Question,8178cry,85,False,0,False,text
Survival,1g0z8vc,What would you fit in your Altoid kit?,24,https://reddit.com/r/Survival/comments/1g0z8vc/what_would_you_fit_in_your_altoid_kit/,https://www.reddit.com/r/Survival/comments/1g0z8vc/what_would_you_fit_in_your_altoid_kit/,Suppose you had to fit your emergency kit into a standard Altoid tin. What are you squeezing in there?,1728612354.0,0.87,24,0,General Question,Uberhypnotoad,50,False,0,False,text
Survival,1fzyrlx,I'm new here and have some questions ,36,https://reddit.com/r/Survival/comments/1fzyrlx/im_new_here_and_have_some_questions/,https://www.reddit.com/r/Survival/comments/1fzyrlx/im_new_here_and_have_some_questions/,"Sorry if this kind of question has been asked ad nauseum! 

My wife and I live in Washington state and are comfortable in the outdoors, but don't have any real official survival training.  We also have a 3 year old with some medical complexities (he has a breathing tube, so that adds another layer of stuff we need to keep in mind)

We're both watching the hurricane situation in Florida as well as the increased earthquake activity at Mt. Adam's, and have assess our own preparedness in the event of a disaster. 

We're looking into either buying a pre-made bug out bag, or making our own, and are looking for some tips. Are the pre-made ones worth it, for value and contents? I'm looking at Stealth Angel and Uncharted, among other brands. Or is it better to make my own?

I'm also considering signing us up for some basic wilderness survival classes.


Any tips or advice would be great. ",1728499327.0,0.91,36,0,,Limp-Marzipan-4051,26,False,0,False,text
Survival,1fzgl6j,Boil versus filter versus tablets,40,https://reddit.com/r/Survival/comments/1fzgl6j/boil_versus_filter_versus_tablets/,https://www.reddit.com/r/Survival/comments/1fzgl6j/boil_versus_filter_versus_tablets/,"So guys and gals, I have a question. I'm an all or nothing type of guy. I tend to purchase or do things that work for every scenario. So when it comes to water safety, is it better to filter water through a cloth then boil. Use a filter then boil water or just stick with filtering through some cloth and using tablets. I'm hoping to have my kit so I can drink out of any water source. ",1728438677.0,0.9,40,0,,Itsabravo,46,False,0,False,text
Survival,1fydgv5,Mushroom Foraging,31,https://reddit.com/r/Survival/comments/1fydgv5/mushroom_foraging/,https://www.reddit.com/r/Survival/comments/1fydgv5/mushroom_foraging/,"Besides the obvious of knowing what's edible, does anyone have any beginner tips or references on foraging mushrooms? I live in East Washington. ",1728322404.0,0.89,31,0,,[deleted],42,False,0,False,text
Survival,1fxoq19,Battery powered vs chargeable/plug in 2-way radio (walkie talkies),11,https://reddit.com/r/Survival/comments/1fxoq19/battery_powered_vs_chargeableplug_in_2way_radio/,https://www.reddit.com/r/Survival/comments/1fxoq19/battery_powered_vs_chargeableplug_in_2way_radio/,"Looking to get some walkies for my “go bags”. I have some solar rechargeable banks which I understand aren’t the best. I also know carrying a ton of batteries takes space and weight. There are some walkies out there that appear to have both, but I’m not seeing great reviews. I’m taking this into consideration for a real survival situation in which I don’t have access to power or may be moving a lot. Any advice would be appreciated!",1728243107.0,0.81,11,0,Gear Recommendation Wanted,Gamer891_,8,False,0,False,text
Survival,1fwjesz,What you should do if you got bit by a Raccoon!,33,https://reddit.com/r/Survival/comments/1fwjesz/what_you_should_do_if_you_got_bit_by_a_raccoon/,https://www.reddit.com/r/Survival/comments/1fwjesz/what_you_should_do_if_you_got_bit_by_a_raccoon/,"Hi, I'm Amy. I was reading your post about being bit slightly by a Raccoon. The Best thing you should do is go to your closest ER and explain to the doctors & nurses what happened to you with the Raccoon and they will determine what they should do to help you?",1728106506.0,0.68,33,0,,Beautiful-Gur7173,105,False,0,False,text
Survival,1fvoyx7,Pocket knives,87,https://reddit.com/r/Survival/comments/1fvoyx7/pocket_knives/,https://www.reddit.com/r/Survival/comments/1fvoyx7/pocket_knives/,"I’m currently searching for a good pocket knife that can ideally take a beating. Obviously it’s not ideal to take a pocket knife over a fixed blade in a survival scenario, but when it comes to my EDC I prefer to just throw a folder or OTF in my pocket (I’ve never been good with concealing my fixed blades). With that in mind, if you had to survive away from home long enough to get back home and all you had was your pocket knife, what would be the go-to blade for you guys?",1728009119.0,0.94,87,0,Gear Recommendation Wanted,phatman1298,234,False,0,False,text
Survival,1fv3reo,Experience question,32,https://reddit.com/r/Survival/comments/1fv3reo/experience_question/,https://www.reddit.com/r/Survival/comments/1fv3reo/experience_question/,"Hello!
I would like to ask those here with experience from areas where medicine and technology and advanced treatment was scarce.

Civilian or military or medical and emergency service.

I know this answer will vary greatly and that is the point.
I would like to know what you were missing.


From experience in a remote region. 

What did you miss the most? Not as in a chocolate bar, but what did you find that you needed? That would have been easy to pack or order to the group back home, but is now impossible to get?",1727947873.0,0.9,32,0,,TotteGW,31,False,0,False,text
Survival,1fuk8je,Any tips to not cramping on long Hikes?,25,https://reddit.com/r/Survival/comments/1fuk8je/any_tips_to_not_cramping_on_long_hikes/,https://www.reddit.com/r/Survival/comments/1fuk8je/any_tips_to_not_cramping_on_long_hikes/,"I am relatively new to doing longer hikes (more than 3 miles) and the one issue I run into is cramping badly. I know about pregame water multiple days in advance with electrolytes. However, I wanted to see if anyone has any other ideas I never heard of. (Yes, I do train)",1727886087.0,0.86,25,0,,Aromatic-Ebb-9590,81,False,0,False,text
Survival,1fu92ex,What type of basic medical supplies to include in a medium sized survival backpack?,48,https://reddit.com/r/Survival/comments/1fu92ex/what_type_of_basic_medical_supplies_to_include_in/,https://www.reddit.com/r/Survival/comments/1fu92ex/what_type_of_basic_medical_supplies_to_include_in/,"The pack is getting pretty full, and the one thing I noticed I'm most short on is medical related supplies. So far I have a fresh tube of neosporin, some regular band-aids, an ace bandage, a sticky roller bandage, and some non-sticky gauze roller bandages. I'm wondering what people's opinions are on what medical supplies are important to have with limited space. ",1727847467.0,0.96,48,0,,vamooseyourcaboose,94,False,0,False,text
Survival,1ft9x97,How important is a wax?,49,https://reddit.com/r/Survival/comments/1ft9x97/how_important_is_a_wax/,https://www.reddit.com/r/Survival/comments/1ft9x97/how_important_is_a_wax/,I keep seeing survival videos of people using wax in stuff. I want to know how important is wax and how it could be used for survival scenarios.,1727739013.0,0.89,49,0,General Question,revolutionarygecko,33,False,0,False,text
Survival,1fsxrwq,Need a quick knot,16,https://reddit.com/r/Survival/comments/1fsxrwq/need_a_quick_knot/,https://www.reddit.com/r/Survival/comments/1fsxrwq/need_a_quick_knot/,I'm about to take my bike out and got an old bike rack for free. I need to tie the handlebars to the frame so they stay parallel(ish) with webbing. What's the best knot to use?,1727708787.0,0.78,16,0,,fakename0064869,11,False,0,False,text
Survival,1fr41og,Best waterproof gear ,23,https://reddit.com/r/Survival/comments/1fr41og/best_waterproof_gear/,https://www.reddit.com/r/Survival/comments/1fr41og/best_waterproof_gear/,A close friend lives in TN and is currently being hit with hurricane weather. She has no vehicle so she’s walking to and from her college classes. I’m looking for an umbrella with some kind of plastic screen around it or something similar as well as the best waterproof and wind proof poncho. TIA ,1727489183.0,0.84,23,0,,Swimming_Mongoose_84,31,False,0,False,text
Survival,1fqu7tq,Any Pre Sharpend Axes ? ,16,https://reddit.com/r/Survival/comments/1fqu7tq/any_pre_sharpend_axes/,https://www.reddit.com/r/Survival/comments/1fqu7tq/any_pre_sharpend_axes/,"Never sharpened a thing in my life 

Does anyone know of a good cheapish axe that would be ready right out of the box ? I bought a fireman's are 2 years back and baby was dull as heck.  

Many thanks ",1727460728.0,0.73,16,0,,[deleted],48,False,0,False,text
Survival,1fqd36m,The best place to store water?,75,https://reddit.com/r/Survival/comments/1fqd36m/the_best_place_to_store_water/,https://www.reddit.com/r/Survival/comments/1fqd36m/the_best_place_to_store_water/,"Recently went to a great survival school. Teacher was awesome, learned lots. One of his off-hand comments was “The best place to store water is inside you”. Have you heard this, or would you say it’s true?

Personally I think the body fails to use water well. We’ll literally piss it out in a few hours. I think a slower approach almost makes your body realize what’s going on.",1727402597.0,0.92,75,0,Question About Techniques,TheCloakedArcher,42,False,0,False,text
Survival,1fpo3o6,How to control scent? (Longterm),49,https://reddit.com/r/Survival/comments/1fpo3o6/how_to_control_scent_longterm/,https://www.reddit.com/r/Survival/comments/1fpo3o6/how_to_control_scent_longterm/,"Imagine I'm in a wilderness survival scenario for 10 years. Would river bathing with no soap be good enough to not smell horribly? Obviously I wouldn't be clean but would my scent be at least under control?

Thank you",1727325124.0,0.84,49,0,General Question,RaidenPerez,85,False,0,False,text
Survival,1fnd57s,No survival experience - but interested in getting certified - would a survival school be worth it? ,40,https://reddit.com/r/Survival/comments/1fnd57s/no_survival_experience_but_interested_in_getting/,https://www.reddit.com/r/Survival/comments/1fnd57s/no_survival_experience_but_interested_in_getting/,"I have minimal survival experience - I have never done Boy Scouts or related programs. 

I have an ecology degree. 

I have also gone camping a few times, know how to fish, have processed and killed animals a few times, gone hunting once, have experience with plant ID and animal id, basic tracks etc, and know a few basic tricks like water purification etc. 

Would a survival school be going to? I worry that I have so little experience it won't get as much out of it as I hope. ",1727068998.0,0.84,40,0,Learning Survival,thewanderer3000,79,False,0,False,text
Survival,1fmcwyh,The Altoid tin kit,35,https://reddit.com/r/Survival/comments/1fmcwyh/the_altoid_tin_kit/,https://www.reddit.com/r/Survival/comments/1fmcwyh/the_altoid_tin_kit/,Is this a realistic tool or more just a test to see how clever you are or a potential for both?,1726952709.0,0.87,35,0,,InternationalFan492,35,False,0,False,text
Survival,1flc2yf,UPDATE: A month lost in the North Cascades without food or shelter,118,https://reddit.com/r/Survival/comments/1flc2yf/update_a_month_lost_in_the_north_cascades_without/,https://www.reddit.com/r/Survival/comments/1flc2yf/update_a_month_lost_in_the_north_cascades_without/,"This is an update to a previous post (linked below) about Robert Schock, who went missing in the North Cascades for 30 days.  
  
This is a great example of what not to do in a survival situation. This is a quote from the article:  
  
>His mother confirmed this was not the first time Schock had wandered off without adequate preparation. “He’s always been kind of carefree and doesn’t necessarily think about the consequences of what he does,” Thompson said.  
  
Here is the updated story:  
  
https://www.cascadiadaily.com/2024/sep/19/a-month-lost-in-the-north-cascades-without-food-or-shelter-hiker-details-improbable-rescue/  
  
The original Reddit post is here:  
  
https://www.reddit.com/r/Survival/s/XgRNGcd6pM",1726839062.0,0.93,118,0,,1c0n0cl4st,70,False,0,False,text
Survival,1fku8cl,"Poncho tarp, what went wrong? ",60,https://reddit.com/r/Survival/comments/1fku8cl/poncho_tarp_what_went_wrong/,https://i.redd.it/ci2eblimstpd1.jpeg,"New to tarp shelters. Can anyone help me figure out how to make this poncho tarp shelter work with trekking poles instead of a ridgeline? Where I'm going this weekend, I'll need to use the poles. 

For the life of me, I couldn't get the middle of this poncho tarp shelter to stop sagging all to hell. I tried both trekking poles the same height, different heights, only guy lining the 4 corners + for the 2 poles, then guying out in 6 places + 2 poles. Pitching lower. Pitching higher. We had rain incoming so I was going to need a lower pitch than the one in this pic. I didn't want the saggy center getting condensation on my sleeping bag. So I scrapped the idea for now and got out my backup tent. 

Thank you in advance! 

[Image description: bright orange poncho tarp, pitched as a shelter at a camp site. The center of the shelter sags dramatically under the poncho's hood.] ",1726777694.0,1.0,60,0,Question About Techniques,Spiley_spile,21,True,1,False,image
Survival,1fjzx7p,best strategy after surviving a plane crash in wilderness,30,https://reddit.com/r/Survival/comments/1fjzx7p/best_strategy_after_surviving_a_plane_crash_in/,https://www.reddit.com/r/Survival/comments/1fjzx7p/best_strategy_after_surviving_a_plane_crash_in/,"Hi, after watching Society of the Snow and Yellowjackets I would like to know what the best strategy in such a situation would be. Stay near the crash, in one spot and hope for rescue or trying to get somewhere?

Thank you :)",1726684100.0,0.95,30,0,General Question,TheDeep_2,44,False,0,False,text
Survival,1fig3x0,"If you had $10k to spend before heading into the woods to survive solo in the northeast US, what would you buy to bring with you?",327,https://reddit.com/r/Survival/comments/1fig3x0/if_you_had_10k_to_spend_before_heading_into_the/,https://www.reddit.com/r/Survival/comments/1fig3x0/if_you_had_10k_to_spend_before_heading_into_the/,,1726521077.0,0.93,327,0,General Question,Forward_Young2874,365,False,0,False,text
Survival,1fhy3nj,"If you are allowed to take 1 (one) item on a survival tour, what would you take?",46,https://reddit.com/r/Survival/comments/1fhy3nj/if_you_are_allowed_to_take_1_one_item_on_a/,https://www.reddit.com/r/Survival/comments/1fhy3nj/if_you_are_allowed_to_take_1_one_item_on_a/,"LTDR; knife/multi tool is not allowed as an answer.

This has probably been asked before, but I'm interested in what item you'll come up with **instead** of a knife or multi tool.

I've been discussing this with some people around me and most common are flint/fire stone, hatched, foldable shovel and rope.",1726468603.0,0.77,46,0,,TheDevRay,178,False,0,False,text
Survival,1fhfc9g,True stories of survival?,38,https://reddit.com/r/Survival/comments/1fhfc9g/true_stories_of_survival/,https://www.reddit.com/r/Survival/comments/1fhfc9g/true_stories_of_survival/,"Please recommend true stories of average ppl surviving hardship due to getting lost, natural disasters, making simple mistakes, trusting an unqualified leader or losing a qualified one, and so forth. 

Any setting works: wilderness, urban, foreign country, open water.... 

Books or online articles or videos.

TIA!",1726414542.0,0.92,38,0,,ZorrosMommy,108,False,0,False,text
Survival,1fhdo81,Island camping ,28,https://reddit.com/r/Survival/comments/1fhdo81/island_camping/,https://www.reddit.com/r/Survival/comments/1fhdo81/island_camping/,"Hi everyone me and a few friends are looking at going for a adventure camping style holiday the idea is to kayak to an uninhabited/abandoned island and stay there for a few weeks exploring and relaxing before heading off , i like the idea of a more abandoned island with structures we can explore but i haven’t any in mind I’m in the process of searching but haven’t been able to find many options has anyone got any suggestions? If not an abandoned island a uninhabited one would be great ( where not sure yet as to where in the world we want to go we’re just up for a great adventure any suggestions at all would be really appreciated) p.s. we are stoners so somewhere we can pick some up before hand would be amazing 😂👍 -thanks for reading have a good day and get in touch if you can help but don’t want to leave your location in the comments ",1726410193.0,0.79,28,0,,Consistent-Jury842,60,False,0,False,text
Survival,1fh2qd8,Looking for an axe and knife to pair with,10,https://reddit.com/r/Survival/comments/1fh2qd8/looking_for_an_axe_and_knife_to_pair_with/,https://www.reddit.com/r/Survival/comments/1fh2qd8/looking_for_an_axe_and_knife_to_pair_with/,"Hey r/Survival , got into wilderness survival about a year ago and started with some cheaper tools. I'm now at a point where I am looking to round out/replace some of what I currently have and maybe splurge on a tool or two. I live in the Pacific Northwest about an hour from the coast and my travels won't take me out of Oregon, Washington, or Canada. I have been trying to put together a versatile set of tools that can span bushcraft, wilderness survival, and game processing and could use some advice from those more experienced.

I've been running:

* Mora Companion
* Ahti Janka Puukko
* 21"" Sven Saw
* Harbor Freight Hatchet

As you can imagine, I found out pretty quickly that the Puukko and Mora occupy a very similar space. the Mora is nice but I actually prefer the Puukko. This being said, I am looking to swap the Mora out with a more robust, larger, utilitarian survival knife. Looking for stainless steel suggestion, cold steel is fantastic but I prefer stainless for the climate here. I have been looking at Ka-bars, Gerbers, and Esee's primarily but the White River Firecraft 5 and Ursas 45 have also caught my eye and i really like both of those. I know I don't *need* something that high end, but they are both knives I *would* be willing to splurge on

I also would like to replace my harbor freight hatchet with something a little better as well and have been unsure if I should stick with a hatchet or something like a small axe towards the 19"" range. Read a lot of good things about Fiskars, especially with the fiberglass and how much it rains here. Council Tools also looks nice and doesn't break the bank like premium axes such as Gransfors Bruks.

I'm not sure if this is the right line of thinking but I feel more willing to splurge on a nicer survival knife than an axe. I don't find myself carving too much with the axe and at least right now its primarily used for splitting. Totally willing to be called out for this and further educated on the matter. As I have said, I am only a year in. Not sure how important having an axe that can also chop and carve in addition to splitting is, that being said I am open to all suggestions here.

SO, this all being said, what knife and axe would you guys suggest I swap out the Mora and Harbor Freight hatchet for that lends itself to the most versatility for my use case and region? Thanks in advance!",1726368859.0,0.92,10,0,,emissaryofhope,13,False,0,False,text
Survival,1fg0h2e,LifeStraw Peak / filtering water in general:  viruses,23,https://reddit.com/r/Survival/comments/1fg0h2e/lifestraw_peak_filtering_water_in_general_viruses/,https://www.reddit.com/r/Survival/comments/1fg0h2e/lifestraw_peak_filtering_water_in_general_viruses/,"I bought a couple of LifeStraw Peak straws on sale. This is the model that can be used as a straw to drink straight from a water source, and you can hook it up to a gravity bag or water bottle. It effectively replaces the original Lifestraw that could only be used as a straw afaik.

I *really* like the idea of being able to drink straight from the source using just 1 pocket sized 60 gram piece of equipment and I immediately put 2 (redundancy!) of them in my ""emergency box"", because storing water long-term takes up too much space. I'm not a huge doomsday prepper, but I do prep a little bit for emergencies and I have enough supplies for 2-3 months in 1 surprisingly compact box.

**Questions:**   

   1. When does it ""expire""? Answers online vary from *""it lasts forever until you've filtered 4000l of water""* to *""after 1st use, a figurative timer starts ticking and it expires within 5 years""* and  *""it should be replaced every 5 years even if you've never used it""*. I realllllllly want to test it out with a glass of water and some outside water, but don't want to start some kind of expiration process, if there is one. Anyone know how this works?
   2. ***It doesn't filter viruses.*** *How common are viruses in water?* And in what areas? Are they more common in still water compared to flowing water? I would most likely exclusively use it in Europe. Filters that also filter viruses are much more expensive and, more importantly, don't come as a pocket sized straw as far as I know. The light weight and compactness is the biggest appeal for me.
   3. Is the Lifestraw Peak suitable for water contaminated by radiation? Couldn't find a clear answer on this. Yes, I'm asking this in case some nuclear bombs are detonated relatively nearby.

I might have more questions depending on the answers, I'm a newbie to water filtering. :) Thank you very much! 

**PS:** while I appreciate all answers, please don't give me unsolicited advice on buying other water filters that are better, and probably more expensive, while dropping your disguised Amazon affiliate link. ;) I don't know what this community is like but I've experienced this quite often on Reddit and don't appreciate it. ",1726248699.0,0.78,23,0,General Question,[deleted],40,False,0,False,text
Survival,1ffatwg,Just found this article on Special Forces survival tactics,90,https://reddit.com/r/Survival/comments/1ffatwg/just_found_this_article_on_special_forces/,https://www.reddit.com/r/Survival/comments/1ffatwg/just_found_this_article_on_special_forces/,"I've been really inspired by the recent surge of Special Forces TV shows and documentaries. As I was digging around for survival tips, I came across an article that outlines 10 essential survival techniques used by Special Forces operatives. I thought these tips might be interesting for anyone here.

Here’s the link if you want to check it out: [https://specialforces.store/blogs/intel/10-essential-survival-tips-used-by-special-forces-to-thrive-in-any-environment](https://specialforces.store/blogs/intel/10-essential-survival-tips-used-by-special-forces-to-thrive-in-any-environment)

What other military-inspired survival tips do you guys know about? I'm always looking to learn more. Any other sources or articles like this that you’d recommend?

  
**Update:** I put together a YouTube playlist with all your great advice for anyone interested [https://www.youtube.com/playlist?list=PLWM64a\_i95zSckYCKCQ3gulfE47954NWZ](https://www.youtube.com/playlist?list=PLWM64a_i95zSckYCKCQ3gulfE47954NWZ)",1726168570.0,0.87,90,0,Learning Survival,tom_devisser,93,False,0,False,text
Survival,1femlqz,FYI mre meatballs and marinara over microwave rice pilaf is actually really good.,122,https://reddit.com/r/Survival/comments/1femlqz/fyi_mre_meatballs_and_marinara_over_microwave/,https://www.reddit.com/gallery/1femlqz,,1726092498.0,0.89,122,0,Survival Kits,monsieurLeMeowMeow,49,True,2,True,text
Survival,1fcxuyi,Shepards sling,226,https://reddit.com/r/Survival/comments/1fcxuyi/shepards_sling/,https://i.redd.it/yv8zftqc3und1.jpeg,"550 sling. 
Sitting around the house so I might as well stock up my inventory",1725909605.0,0.96,226,0,,BiddySere,43,True,1,False,image
Survival,1fc2bfg,Paracords!,31,https://reddit.com/r/Survival/comments/1fc2bfg/paracords/,https://www.reddit.com/r/Survival/comments/1fc2bfg/paracords/,"I just have a question about paracords. I did not know there's a bunch of varieties. I just thought there was one kind of paracord! So, there's the 550, 750, Para-Max cord, 1/4 shock cord. 

Which one would be the best? Planning to buy some. Thank you!",1725814166.0,0.86,31,0,General Question,cheeseflavouredcigar,38,False,0,False,text
Survival,1faprry,"39-year-old recovering from extreme deprivation, exposure after missing for a month",381,https://reddit.com/r/Survival/comments/1faprry/39yearold_recovering_from_extreme_deprivation/,https://www.reddit.com/r/Survival/comments/1faprry/39yearold_recovering_from_extreme_deprivation/,"""Robert Schock, 39, who went missing at the end of July, was miraculously found alive after spending a month outside in the North Cascades.""  
  
There are no details of his experience, only that he was found in very poor condition when the rescuers found him.  
  
The story is here:  
  
https://www.cascadiadaily.com/2024/sep/01/hiker-found-alive-in-north-cascades-after-month-long-disappearance/",1725656082.0,0.96,381,0,,1c0n0cl4st,162,False,0,False,text
Survival,1f9pnes,Rate my lean-to.,369,https://reddit.com/r/Survival/comments/1f9pnes/rate_my_leanto/,https://i.redd.it/ezf5qugjh0nd1.jpeg,"Lean-to constructed utilising various different types of foliage/bedding materials to show what can be used to increase separation from from ground. Heat deflector/wind shield for the fire with drying rack. 

Improvement ideas welcome!",1725551174.0,1.0,369,0,,kernow_outdoors,45,True,1,False,image
Survival,1f9twqe,Looking for guided survival training.,31,https://reddit.com/r/Survival/comments/1f9twqe/looking_for_guided_survival_training/,https://www.reddit.com/r/Survival/comments/1f9twqe/looking_for_guided_survival_training/,"Some high school friends and I are interested in taking a guided survival trip. We're all fans of Alone and are looking for a similar experience on a smaller scale. We're ok with hard work and roughing it a bit, but none of us want to die....we want to survive! We'd like it to be 4-7 days long, hunt some small game, fish, eat off the land, make fires, etc. We live throughout the Midwest, but would be willing to travel in the US/Canada. We are also all around 45 years old and in reasonable shape.

Does anyone have any schools, guides, or locations that they could recommend for something like this?",1725561570.0,0.84,31,0,,thakilla,39,False,0,False,text
Survival,1f9cknc,[TROPICS] Which plants (or plant parts) are best for anti-mosquito smoke? ,10,https://reddit.com/r/Survival/comments/1f9cknc/tropics_which_plants_or_plant_parts_are_best_for/,https://www.reddit.com/r/Survival/comments/1f9cknc/tropics_which_plants_or_plant_parts_are_best_for/,"As the title implies, I live in the tropics (SEAsia). In rainy season, there are tons of mosquitoes, and the only thing that keeps them away is smoke. Around the house, a wood fire will do the trick (especially when occasionally adding green vegetation), but whenever we venture out in the garden to do work that doesn't involve steady movement, we usually take some coconut fibers - which we burn to produce mosquito-repellent smoke.  
(Most local people simply buy [mosquito coils](https://en.wikipedia.org/wiki/Mosquito_coil), but they cost money and contain harmful chemicals.)

The problem is that our own coconut trees (planted five years ago) will need another five years to commence fruiting. We get the coconut husks from a coconut milk vendor in the nearest village (for free), but we'd like to further localize & shorten the supply chain as soon as possible.

I know of only **two plant materials** that can be used in this fashion with sufficient ease: **coconut husks/fibers** and **male oil palm flowers** (*Elaeis guineensis*). Both are easily lit with a lighter, don't catch fire but smolder slowly, and produce steady smoke for a prolonged period without requiring any prior processing. They can be carried around as one moves, and for continuous use new material is simply added on top. (If it rains, they can be placed in metal containers with holes in them.)

My question is: **does anyone know if there are any** ***other*** **tropical plants or plant parts that can be used in this fashion?** Are there plants that are specifically and primarily used for this purpose, and, by chance, are there any *wild annuals*?

I'm looking for something that compares to the two aforementioned compounds in terms of convenience:

* easy to light
* smoldering, not burning
* long duration of smoke production
* no prior processing required
* easy to handle & carry around
* productive source plants (preferably wild) that require little care or maintenance

I though there might perhaps be certain grasses that can be bundled up & tied together, similar to sage/sweetgrass in North America? I've tried napier, vetiver and citronella, but neither meets the required characteristics.  
Maybe even some softwoods? Stalks?

Other substances that meet *some* criteria (smoldering long & producing steady smoke) but not others are **stingless bees' wax** (valuable; difficult to obtain in large enough quantities) and **fishtail palm fluff** (best tropical tinder/firestarter ever; difficult to obtain in large enough quantities).

I know this is a very specific question (and thus probably a long shot), but I thought I'd try here. If anyone could kindly point me into a direction of other groups/subreddits to ask, any advice would be highly appreciated.

Thank you!",1725506106.0,1.0,10,0,Location Specific Question,RobertPaulsen1992,10,False,0,False,text
Survival,1f6vk7b,survivalist guides for Thailand or Southeast Asia? ,9,https://reddit.com/r/Survival/comments/1f6vk7b/survivalist_guides_for_thailand_or_southeast_asia/,https://www.reddit.com/r/Survival/comments/1f6vk7b/survivalist_guides_for_thailand_or_southeast_asia/,"I'm looking for a guide for this specific region, like the local edible vegetation, or crafting guides with local resources, etc..",1725243142.0,0.76,9,0,,Frahxk,14,False,0,False,text
Survival,1f6kbwd,How to convert magnetic north to true north on a compass?,25,https://reddit.com/r/Survival/comments/1f6kbwd/how_to_convert_magnetic_north_to_true_north_on_a/,https://www.reddit.com/r/Survival/comments/1f6kbwd/how_to_convert_magnetic_north_to_true_north_on_a/,"I understand the notion of declination but the method sort of confuses me. It seems to me, if there is 10° of western declination and the compass isn't adjustable, I could add 10° in the opposite direction, so true north would be 10° to the east. If there is 10° of eastern declination, true north would be 10° to the west (350°). However, most online sources claim the opposite: that western declination is subtracted whereas eastern declination is added; for instance, ""You can calculate the true bearing by adding the magnetic declination to the magnetic bearing. This works so long as you follow the convention that degrees west are negative (i.e. a magnetic declination of 10 degrees west is -10 and a bearing of 45 degrees west is -45).""

If that's true, would 10° of western declination mean that true north is 350° because we subtract the declination from the magnetic bearing? 

I am already rather confused so explain it as simply as you can. Thanks!",1725212638.0,0.89,25,0,,Alive-Turnip7014,48,False,0,False,text
Survival,1f6thjk,Sog survival chainsaw ,6,https://reddit.com/r/Survival/comments/1f6thjk/sog_survival_chainsaw/,https://www.reddit.com/r/Survival/comments/1f6thjk/sog_survival_chainsaw/,I gave the sog survival chainsaw a try.  Saw it in tractor supply for $15.    It rips pretty good.    I'll be putting it in my pack,1725236742.0,0.72,6,0,,Silent-Valuable-5149,20,False,0,False,text
Survival,1f66q15,Sleeping in debris shelters,39,https://reddit.com/r/Survival/comments/1f66q15/sleeping_in_debris_shelters/,https://www.reddit.com/r/Survival/comments/1f66q15/sleeping_in_debris_shelters/,"I love to make debris shelters but afraid to camp in them. Need advice on how to deal with the fear of creepy crawlers in the shelter , bugs, snakes, etc

",1725167121.0,0.86,39,0,General Question,bluezzdog,65,False,0,False,text
Survival,1f51m67,"Do you know the Outdoor boys? How does this guy know so much about wilderness since he's a lawyer. Do you know anyone like him that left his ""City life"" behind to live outdoors?",111,https://reddit.com/r/Survival/comments/1f51m67/do_you_know_the_outdoor_boys_how_does_this_guy/,https://www.reddit.com/r/Survival/comments/1f51m67/do_you_know_the_outdoor_boys_how_does_this_guy/,[https://www.tiktok.com/channel/outdoor-boys?lang=es](https://www.tiktok.com/channel/outdoor-boys?lang=es),1725040492.0,0.84,111,0,General Question,PlayfulParakeet86,83,False,0,False,text
Survival,1f46lrr,Good Survival Content,18,https://reddit.com/r/Survival/comments/1f46lrr/good_survival_content/,https://www.reddit.com/r/Survival/comments/1f46lrr/good_survival_content/,"I'm looking for Alone-like YouTube content. Stuff like Fowlers 30 day survival challenges, or Skote Outdoors series surviving a month or two in Labrador, Canada (which was actually really freaking good, except the abrupt ending). Something where the person (or persons) go out to a remote (or remote-ish) area, without food, only gear, with the plan to be out for an extended amount of time, procuring food, building, trapping, foraging, anticipating and prepping for change of seasons, etc. Something that goes on longer than a week, shows progress of weight loss and hardship, etc. Not just a gear review, or an overnight where they throw together a shelter. Anyone can do that. But being out there for weeks, even months, on end requires serious and reliable food procurement. Bonus if they don't use firearms. 

Seems like other posts here about content include referrals to channels that are a lot of reviews, overnights, using gear as proof of concept, but I'm looking for a dedicated series of extended and well documented survival. Thanks! 

EDIT: Everyone that was suggested does overnighters. Most a maximum of a couple days. And sometimes bring their own food. Yall did not understand the assignment, lol. It's okay, the content must not exist. Also, I am well aware of the drama surrounding Fowler and Oven's Canadian 30 day trip. ",1724948521.0,0.73,18,0,General Question,sure_yeah_uh-huh,67,False,0,False,text
Survival,1f0njkq,Original Leatherman vs Original Swiss Army Knife,53,https://reddit.com/r/Survival/comments/1f0njkq/original_leatherman_vs_original_swiss_army_knife/,https://www.reddit.com/r/Survival/comments/1f0njkq/original_leatherman_vs_original_swiss_army_knife/,"I was wondering what people's opinions are on this topic. I really like both, but I would rather have the Leatherman if I could have one.",1724557758.0,0.97,53,0,,[deleted],47,False,0,False,text
Survival,1ezyb95,How does anyone deal with ticks without modern products?,112,https://reddit.com/r/Survival/comments/1ezyb95/how_does_anyone_deal_with_ticks_without_modern/,https://www.reddit.com/r/Survival/comments/1ezyb95/how_does_anyone_deal_with_ticks_without_modern/,"Ticks are probably the worst thing I've ever seen in my life. They're small, hard to see and transmit some ungodly abominations of diseases that I wouldn't wish on my worst enemy. How did natives and people who live in really rural areas handle them without use of products like permethrin or deet? Those buggers terrify me more than anything else in the woods.",1724478975.0,0.9,112,0,,[deleted],206,False,0,False,text
Survival,1eznksu,What are some survival skills or knowledge that is lesser known but very effective?,160,https://reddit.com/r/Survival/comments/1eznksu/what_are_some_survival_skills_or_knowledge_that/,https://www.reddit.com/r/Survival/comments/1eznksu/what_are_some_survival_skills_or_knowledge_that/,,1724446601.0,0.94,160,0,General Question,Downtown-Side-3010,298,False,0,False,text
Survival,1f03caf,Amazon Survival Course,8,https://reddit.com/r/Survival/comments/1f03caf/amazon_survival_course/,https://www.reddit.com/r/Survival/comments/1f03caf/amazon_survival_course/,Has anyone taken a survival course in the Amazon (preferably Brazil) in the recent past? I’m looking for a multi day course preferably under $2500 usd. I’ve tried googling places but would prefer to get some first hand experience feedback. Shanks!,1724499927.0,0.78,8,0,,BlackNRedFlag,17,False,0,False,text
Survival,1ezt2ga,What are the best kinds of clothes for hot weather in the wilderness?,26,https://reddit.com/r/Survival/comments/1ezt2ga/what_are_the_best_kinds_of_clothes_for_hot/,https://www.reddit.com/r/Survival/comments/1ezt2ga/what_are_the_best_kinds_of_clothes_for_hot/,"I am a big hiker but sweat my ass off and get uncomfortably hot above 75°F, even in shorts and a tee shirt. I live in the Northeast and the summers have been brutally hot and humid. What can I wear to help mitigate the heat in the woods and even on the streets? ",1724461317.0,0.82,26,0,,signalpapanovember,34,False,0,False,text
Survival,1ez11k0,How did the seminole indians deal with bugs?,327,https://reddit.com/r/Survival/comments/1ez11k0/how_did_the_seminole_indians_deal_with_bugs/,https://www.reddit.com/r/Survival/comments/1ez11k0/how_did_the_seminole_indians_deal_with_bugs/,"They lived in the everglades, where the mosquitoes, noseeums and horseflies are so bad that cattle left out overnight will die.

How the fuck did they survive here? Literally from the moment a baby has come out of the womb they had to have had thousands of mosquitoes attacking them in the first few minutes.

Nobody is meant to live there...",1724378374.0,0.94,327,0,,[deleted],220,False,0,False,text
Survival,1ez7q8k,DD TARP or HELIKON SUPERTARP,9,https://reddit.com/r/Survival/comments/1ez7q8k/dd_tarp_or_helikon_supertarp/,https://www.reddit.com/r/Survival/comments/1ez7q8k/dd_tarp_or_helikon_supertarp/,"Can you help me which is the better tarp?
The Helikon Tex Supertarp or the DD 3x3 tarp (standard version)?

Thank you.",1724402537.0,0.9,9,0,General Question,[deleted],7,False,0,False,text
Survival,1ez47cx,Alternative to water purifier tablets,9,https://reddit.com/r/Survival/comments/1ez47cx/alternative_to_water_purifier_tablets/,https://www.reddit.com/r/Survival/comments/1ez47cx/alternative_to_water_purifier_tablets/,"So full disclosure: writing a time travel agency where time travellers are forced to live in the past. So I was reading Jodi Taylor's Bells of Saint Mary's and she mentions 14 days worth of water purifier tablets. 
I realised the characters in my own novel would need the same, however at one point they get trapped in the Levant 2000 years ago for 1 year.

 Are there any alternatives to the plot supplying them with  3285* water purifying tablets? Will boiling water be enough to remove cholera and dysentery? 
Time travel to the ancient Mediterranean would be like worse camping+poverty+feces-clean mountain streams. 
What other supplies would you pack? 

*3 people, 3 times a day
",1724388366.0,0.72,9,0,,Unlucky_Associate507,51,False,0,False,text
Survival,1eysluu,Preserving food in the wild-how do you do it? ,48,https://reddit.com/r/Survival/comments/1eysluu/preserving_food_in_the_wildhow_do_you_do_it/,https://www.reddit.com/r/Survival/comments/1eysluu/preserving_food_in_the_wildhow_do_you_do_it/,"This is a total hypothetical situation. But let’s say nuclear war starts to happen in the major cities and you’ve loaded up all your survival stuff and made your way deep into the mountains away from civilization and radiation exposure. If you’re out there for a few weeks and you happen to kill a deer or elk for food, what are some ways you could preserve that meat for a long period of time without it in an icebox or something of those sorts? ",1724355869.0,0.94,48,0,,Individual-Stuff-842,57,False,0,False,text
Survival,1eyjtwv,What would you add or remove from this kit?,13,https://reddit.com/r/Survival/comments/1eyjtwv/what_would_you_add_or_remove_from_this_kit/,https://www.reddit.com/gallery/1eyjtwv,"This is a survival kit that I threw together over the weekend. It's suppose to be an essentials only survival kit, which is something that I learned to focus on after taking the field survival course at Randall Adventure Training. The focus of this kit is for a 4 day survival scenario. It places heavy emphasis on fire, water, and shelter, and signaling. The entire kit contents can fit inside the Vargo Titanium Bot container and can be dumped into the tan bag included in the kit if the container needs to be used for water boiling or storage. The kit can fit in a large fanny pack and should be supplemented with an IFAK, a couple energy bars, and a fixed blade to make it a complete system.

I may add a few things such as some black tea sachets to boost moral, but I wanted to get some feedback on things to remove, add, or change/upgrade to make it a more solid kit.",1724334609.0,0.94,13,0,Gear Recommendation Wanted,just_sun_guy,12,True,3,True,text
Survival,1ew50tk,Wilderness First Aid Course ,69,https://reddit.com/r/Survival/comments/1ew50tk/wilderness_first_aid_course/,https://www.reddit.com/r/Survival/comments/1ew50tk/wilderness_first_aid_course/,"I just finished a 2-day wilderness first aid course, and it was pretty life changing. First, it shows you how many unexpected things can kill you or lower your quality of life (or that of your loved ones). Second, you are most likely to use these medical skills on someone you know, statistically. Third, and most importantly, it showed me how using a few very basic/fundamental concepts and approaches can literally be life or death. And it's counterintuitive sometimes— not obvious at all. How to do basic assessments and how to deal with the most common kinds of medical emergencies when you're not near help. Is it the same as being a doctor or EMT? Hell no. But it's so much better than nothing.

The instructors pointed out something that I thought was really interesting, which was that a ""wilderness"" setting isn't necessarily being 50 miles deep in the woods. If you're in a  city and a natural disaster strikes, and you have lost access to the hospital, for whatever reason, then suddenly, you're in a wilderness setting (medically speaking) even if you're in a city. It's about how you frame the time from an emergency happening to when help can arrive. Everyone these days just imagines a helicopter flying in and saving the day. You get in trouble? Call in a helicopter. But even those rescues are not fast at all, and in the mean time, you need to save someone's life — maybe your own.

  
EDIT: There are a lot of good courses out there. I just happened to use [NOLS](https://www.nols.edu/en/) (National Outdoor Leadership School). They also offer a lot of classes internationally. ",1724082061.0,0.99,69,0,,RetroMistakes,17,False,0,False,text
Survival,1evqpdm,Tom Brown JR passed,54,https://reddit.com/r/Survival/comments/1evqpdm/tom_brown_jr_passed/,https://www.reddit.com/r/Survival/comments/1evqpdm/tom_brown_jr_passed/,"there is a video in the newletter from them, passed on friday. I know he has had postive and negative responses for different people. In the end his life ended up putting more people in the woods then many",1724033995.0,0.92,54,0,,goldfool,22,False,0,False,text
Survival,1eva684,Why does nobody teach on the psychology of survival? ,109,https://reddit.com/r/Survival/comments/1eva684/why_does_nobody_teach_on_the_psychology_of/,https://www.reddit.com/r/Survival/comments/1eva684/why_does_nobody_teach_on_the_psychology_of/,"I know plenty of people and even a few real life cases of people who knew exactly what to do when SHTF, and then nothing, they shut down, error. Even with all the gear, training and prepairedness they just do nothing, panic or even worse... 

Step one is metal preparedness",1723990265.0,0.9,109,0,Learning Survival,Bosw8r,98,False,0,False,text
Survival,1evdg8i,Carcass disposal?,9,https://reddit.com/r/Survival/comments/1evdg8i/carcass_disposal/,https://www.reddit.com/r/Survival/comments/1evdg8i/carcass_disposal/,"What is the best way to dispose of a carcass so as to not attract scavengers? Even the remains of a few squirrels, fish or rabbits would attract unwanted attention. 
 Fire, bury, or other means?",1723998687.0,0.85,9,0,,CarelessOrder5150,55,False,0,False,text
Survival,1ev5gqq,Starting a survival school,17,https://reddit.com/r/Survival/comments/1ev5gqq/starting_a_survival_school/,https://www.reddit.com/r/Survival/comments/1ev5gqq/starting_a_survival_school/,"Like the title says, I am looking at starting a survival school. I'm not going to post my entire background/credentials but I did serve in the military for 10 years and in doing so I went to several different courses an even trained with foreign nations by taking part in their survival courses.

The course will most likely be held in northern Arizona and I would like to open the doors around the beginning of next year. 

I'd like to get feedback from people rather than just look at what other schools are offering though I'm doing this too.

What don't you like about survival based youtubers/schools?

What sort of course material would make you interested in such a thing?

If this school were something you were interested in, what would be a reasonable distance/cost?

Would you rather bring your own items (bag, knife, canteen, etc) or be given all the materials there?

  
I'd really like to get honest feedback and even have some questions to help me.",1723974302.0,0.7,17,0,,DesertFoxydf18,42,False,0,False,text
Survival,1euagxf,"Stuck in my truck between Yosemite and Sonora, California",122,https://reddit.com/r/Survival/comments/1euagxf/stuck_in_my_truck_between_yosemite_and_sonora/,https://www.reddit.com/r/Survival/comments/1euagxf/stuck_in_my_truck_between_yosemite_and_sonora/,My truck is stuck in mud. I don’t know what to do and I don’t have money for towing… I don’t have water anymore. Know how I could get someone unstuck me?,1723873355.0,0.76,122,0,Location Specific Question,Ehicem,242,False,0,False,text
Survival,1eu9uha,My friend is going to burning man. Not an experienced camper. I let him borrow a bunch of my gear. Any little things that could be a life saver or make life easier in the desert?,54,https://reddit.com/r/Survival/comments/1eu9uha/my_friend_is_going_to_burning_man_not_an/,https://www.reddit.com/r/Survival/comments/1eu9uha/my_friend_is_going_to_burning_man_not_an/,,1723871030.0,0.72,54,0,,the-real-rick-juban,165,False,0,False,text
Survival,1eu881o,Survival notes? ,9,https://reddit.com/r/Survival/comments/1eu881o/survival_notes/,https://www.reddit.com/r/Survival/comments/1eu881o/survival_notes/,So I have my survival gear but my only question is … does anyone have any PDF document that has the amount ratios for certain things. An example would be chlorine tablets for water. How much should i put. Or whats the boiling temp to kill germs. Etc etc. im looking for these types of notes. Please guide me. Thank you!,1723865522.0,0.92,9,0,,Rolindets05,10,False,0,False,text
Survival,1etjk20,Alaskan Public Use Cabins,7,https://reddit.com/r/Survival/comments/1etjk20/alaskan_public_use_cabins/,https://www.reddit.com/r/Survival/comments/1etjk20/alaskan_public_use_cabins/,"I was doing some survival research and found that there are state maintained cabins across Alaska for travelers to rent. 

Let's say we need to escape to the country, would these be a great shelter especially the very remote ones? ",1723797087.0,0.59,7,0,Shelter,VX_Eng,61,False,0,False,text
Survival,1etj8le,What to do against Parasites in the Wild?,5,https://reddit.com/r/Survival/comments/1etj8le/what_to_do_against_parasites_in_the_wild/,https://www.reddit.com/r/Survival/comments/1etj8le/what_to_do_against_parasites_in_the_wild/,"I wonder if some of you have ideas about how to treat Parasites in the Wild. So far i came across Willow cambium(not sure, just in the back of my head ), fine cut hair(has a Chance to pierce Worms) and Papaya Seeds.",1723795794.0,0.78,5,0,,Ringerman92,33,False,0,False,text
Survival,1eqo7ah,I want to work on my survival skills,55,https://reddit.com/r/Survival/comments/1eqo7ah/i_want_to_work_on_my_survival_skills/,https://www.reddit.com/r/Survival/comments/1eqo7ah/i_want_to_work_on_my_survival_skills/,"This is my first post here after reading some very intriguing comments, if something does go wrong, I want to learn from some experienced people here on how I can learn survival techniques and improve my skills just incase. 

I am a city person but have learned a lot about military survival and Bear Grills helped, but I believe there is a lot more to it. 

What is the best way to learn survival techniques so I can look after myself in the worst case scenario? ",1723494011.0,0.9,55,0,Learning Survival,VX_Eng,112,False,0,False,text
Survival,1eq1tuq,Which area in the U.S. would you pick for survival?,630,https://reddit.com/r/Survival/comments/1eq1tuq/which_area_in_the_us_would_you_pick_for_survival/,https://www.reddit.com/r/Survival/comments/1eq1tuq/which_area_in_the_us_would_you_pick_for_survival/,"Loosely taking into account climate change, assuming the world went to shit, where do you think you would go to try and survive? 

To add context: I grew up in Oregon. I moved to Missouri not long ago, just bought my first house and am doing/planning some extra work to make it more green/survival friendly. Rain gutter has a line to fill a water barrel, water barrel will have a line to drip water to the garden. Plan on planting fruit trees and bushes as well. 

But, as I was planning this, I got to thinking more about the overall climate. Winters that would be hard to survive without heat, that would kill a lot of crops. Flooding, tornados. Overall I just think this is a poor place to plan for long term survival if the power went out one day and never came back on. If the world really went to shit, it would be hard to get all the way back to Oregon. So I was thinking where else could I go? What plans do other people have? ",1723427813.0,0.92,630,0,,OppositeSnake,817,False,0,False,text
Survival,1epzx58,"If not aeb-l, what other stainless steel?",11,https://reddit.com/r/Survival/comments/1epzx58/if_not_aebl_what_other_stainless_steel/,https://www.reddit.com/r/Survival/comments/1epzx58/if_not_aebl_what_other_stainless_steel/,"I’m a noob to knives, but I love being prepared.  I want a good survival/bush raft knife that won’t rust.  

Edit: this will be a low maintenance knife. No time for oil.  Gotta live in the end times

Edit: I live in the US",1723422261.0,0.83,11,0,,[deleted],27,False,0,False,text
Survival,1ept6ga,Looking forward to squirrel hunting this year. How would one tan a squirrel hide? ,5,https://reddit.com/r/Survival/comments/1ept6ga/looking_forward_to_squirrel_hunting_this_year_how/,https://www.reddit.com/r/Survival/comments/1ept6ga/looking_forward_to_squirrel_hunting_this_year_how/,I’m looking forward to squirrel season this but how would one go about tanning the hide of a squirrel or any animal. Hoping to find an all natural way that doesn’t involve chemicals or anything I have to buy. ,1723404432.0,0.61,5,0,,T0lk13N-,31,False,0,False,text
Survival,1eopgeu,How long to soak salted deer hides in water before tanning?,44,https://reddit.com/r/Survival/comments/1eopgeu/how_long_to_soak_salted_deer_hides_in_water/,https://www.reddit.com/r/Survival/comments/1eopgeu/how_long_to_soak_salted_deer_hides_in_water/,"I’m looking to tan a salted deer hide into buckskin using egg or brain (not chemicals). I’ve tanned a couple hides before, but were fresh, not salted. How long should I soak a salted hide in water to rehydrate it before fleshing / scraping? 

(If important, most of the flesh was removed before salting? And does that make a difference?)

Thank you!",1723284139.0,0.88,44,0,Question About Techniques,Woodland_Oak,38,False,0,False,text
Survival,1empagx,What vinegar did people use before distilled white vinegar?,78,https://reddit.com/r/Survival/comments/1empagx/what_vinegar_did_people_use_before_distilled/,https://www.reddit.com/r/Survival/comments/1empagx/what_vinegar_did_people_use_before_distilled/,"I was thinking this recently and couldn't find much info. Vinegar itself is easy to make, but it made me wonder what kind of vinegar was most commonly used for stuff like cleaning many moons ago back before white distilled vinegar was used/readily available. Red wine vinegar or apple cider vinegar are easy enough to make, but RWV would stain. ACV should be pretty multi-purpose. Thus which would be used in lieu of WDV for things like pickling, cleaning, and preserving? ",1723069463.0,0.92,78,0,,jack2of4spades,45,False,0,False,text
Survival,1ek6obn,100% DEET makes my lips go numb. ,164,https://reddit.com/r/Survival/comments/1ek6obn/100_deet_makes_my_lips_go_numb/,https://www.reddit.com/r/Survival/comments/1ek6obn/100_deet_makes_my_lips_go_numb/,"It's happened a couple of times. This last time I had only coated my arms (which, as a side note, gooified my Protrek's resin band, but that's a different post I suppose). But anyway, am I imagining things, or have other people noticed this? Another Side Note: 100% DEET seems to clear insects within a ten foot radius, and I like the stuff, but it makes me nervous. ",1722807512.0,0.86,164,0,,[deleted],201,False,0,False,text
Survival,1ejiben,Getting meat from a found carcass?,120,https://reddit.com/r/Survival/comments/1ejiben/getting_meat_from_a_found_carcass/,https://www.reddit.com/r/Survival/comments/1ejiben/getting_meat_from_a_found_carcass/,"Hello.

Me and some friends where out in a national park, spending a few days away from civilisation when we came across a deer carcass. It looked somewhat decent and intact. Later at the campfire we talked about it. We are not hunters and we dont have any experience with game. So my question is.

Could anything edible be salvaged from it or is it not worth it?

  
Edit: Thank you all for the great advice.",1722731333.0,0.8,120,0,,Bramble_brew,140,False,0,False,text
Survival,1eht8t5,Im taking my 11y nephew camping and I want to get him excited about bushcraft. Where should I start?,152,https://reddit.com/r/Survival/comments/1eht8t5/im_taking_my_11y_nephew_camping_and_i_want_to_get/,https://www.reddit.com/r/Survival/comments/1eht8t5/im_taking_my_11y_nephew_camping_and_i_want_to_get/,,1722549903.0,0.93,152,0,,JoeDaddyG,197,False,0,False,text
Survival,1eh52ny,Preserving meat,34,https://reddit.com/r/Survival/comments/1eh52ny/preserving_meat/,https://www.reddit.com/r/Survival/comments/1eh52ny/preserving_meat/,What is the best way to preserve meat without any refrigeration or freezing?,1722477860.0,0.83,34,0,Question About Techniques,revolutionarygecko,49,False,0,False,text
Survival,1egt56r,Would like some help/info for a game (with survival mechanics).,12,https://reddit.com/r/Survival/comments/1egt56r/would_like_some_helpinfo_for_a_game_with_survival/,https://www.reddit.com/r/Survival/comments/1egt56r/would_like_some_helpinfo_for_a_game_with_survival/,"Hi!

I am making a small personal/hobby game, but I would like to make it somewhat realistic when it comes to the survival aspects of the game. I want to implement hypothermia and hyperthermia in the game, so I need to know about weather and temperature. So:

**At what outside-temperature does the human body stop being able to lose body heat?**

This would help me set a max temperature and initiate the symptoms of hyperthermia accordingly. Also, what role does water play in this? How much water would be needed for (let's say) three days in dangerously high temperatures?

My own experience with excessive heat was feeling hot, of course, but then just suddenly signing out for a few seconds where I dropped to the ground. I don't know if I woke up by myself, or if it was my friends around me who woke me up. 

Does this sound familiar/similar? You just clock out and, without help, you do not wake up again? This will help me implement a hyperthermia-effect in the game properly.

Any advice is greatly appreciated!



*\* For anyone interested my game is just a classic survival game where you gather food, water and materials to survive the world. So some areas will have extreme heat, that must be dealt with properly and the same goes for extreme cold areas. So any information about this is very valuable to me in order to make the game realistic in the correct places.* 

",1722447196.0,0.83,12,0,General Question,RygendeLunge,15,False,0,False,text
Survival,1egaoo5,How to protect yourself against mountain lions,21,https://reddit.com/r/Survival/comments/1egaoo5/how_to_protect_yourself_against_mountain_lions/,https://www.reddit.com/r/Survival/comments/1egaoo5/how_to_protect_yourself_against_mountain_lions/,"I live in a rural area with a lot of mountain lions. I have seen their scat along my road and heard their mating calls multiple times. 

A few days ago I let my dog out to pee before I left for work. It was still dark. I go with her, as always, and with my phone flashlight scan the upward mountain side. I see two pairs of amber eyes reflecting back at me, still as can be. I yell out, hoping it’s deer. They don’t move a muscle. I pick up my dog, they move closer. I back my way to my door, they move closer. I get inside. 
 
What can I do to protect myself and my dog? I feel like this has been building for some time, though I have just chalked that up to paranoia before now.. ",1722389050.0,1.0,21,0,General Question,Helpful-Vegetable921,44,False,0,False,text
Survival,1efgfip,A man missing for 14 days in Kentucky’s wilderness was found on the last day of the search for him,913,https://reddit.com/r/Survival/comments/1efgfip/a_man_missing_for_14_days_in_kentuckys_wilderness/,https://www.reddit.com/r/Survival/comments/1efgfip/a_man_missing_for_14_days_in_kentuckys_wilderness/,"An Ohio man was found alive after 14 days in the rough terrain of a Kentucky forest, just as crews were starting to lose hope, rescuers said.  
  
More here:  
  
https://www.msn.com/en-us/news/us/a-man-missing-for-14-days-in-kentucky-s-wilderness-was-found-on-the-last-day-of-the-search-for-him/ar-BB1qKm52",1722301460.0,0.97,913,0,,1c0n0cl4st,228,False,0,False,text
Survival,1efr7u5,Cotton ball and wax firestarters,21,https://reddit.com/r/Survival/comments/1efr7u5/cotton_ball_and_wax_firestarters/,https://www.reddit.com/r/Survival/comments/1efr7u5/cotton_ball_and_wax_firestarters/,"When i was making @woodsbounoutdoors (on tiktok) cotton balls soaked in wax as a fire starter it didnt really work aswell as i hoped. In the video the guys finished product looks to peel apart super easy, allowing you to get a spark in from a ferro rod. On the other hand mine solidified and went rock solid! Im not sure how to fix this as i followed the tutorial exactly.. has anyone else made this and had it work? ",1722339823.0,0.81,21,0,General Question,crunchEbonez,55,False,0,False,text
Survival,1efbf78,Are there any other budget knives that can compete with Mora?,26,https://reddit.com/r/Survival/comments/1efbf78/are_there_any_other_budget_knives_that_can/,https://www.reddit.com/r/Survival/comments/1efbf78/are_there_any_other_budget_knives_that_can/,,1722288406.0,0.93,26,0,,JoeDaddyG,41,False,0,False,text
Survival,1eev4ds,My Food for Thought: Large Dog Hiking accident,39,https://reddit.com/r/Survival/comments/1eev4ds/my_food_for_thought_large_dog_hiking_accident/,https://www.reddit.com/r/Survival/comments/1eev4ds/my_food_for_thought_large_dog_hiking_accident/,"So I have been pondering on buying an emergency dog sling for a 30 kg dog. I often go solo hiking/camping with the dog and avoid risk as much as I humanly can cause of obvious reasons. However, if/when an unforseen situation arises that causes the dog to be unable to walk, I was thinking of solutions. This is a situation when some slings, rope and other support for a leg isn't going to cut it, I have a safety kit for me and the dog with all the equipment but I am talking full on immolilzation. Thus I came across some type of emergency dog backpacks. But I am no longer fan of those due to the fact they seem to be poorly made, they will cut into by shoulders faster than a knife through butter in the summer and minding the fact the dog is heavy. I can lift 30kg and carry for short amounts through easy and medium brush/terrain, but if shit hits the fan I need a solution for tough as nails terrain, carrying the dog AND gear to get us back safely. 

  
So, I was thinking of some sled situations. Basic sled that can be pulled and lowered when need be, that allows the dog to be snuggly immobilized while still allowing me to carry her and the gear on a possible multi da emergency hike.

  
My question: What type of formations would be the best? I want to practice some designs and then add the needed material (rope, tape, etcetc) to my gear pack list. Or does anyone have alternative solutions? I have a satellite communicator but I don't think it would be appreciated that a SAR team come out to just rescue the dog when I still capable of getting out. If I am also in need of emergency help, without a doubt I will use that thing. ",1722244893.0,0.92,39,0,,XAROZtheDESTROYER,34,False,0,False,text
Survival,1edt2gu,Looking into getting a good hatchet any recommendations. Thinking about going with gransfurs burk wildlife hatchet.,38,https://reddit.com/r/Survival/comments/1edt2gu/looking_into_getting_a_good_hatchet_any/,https://www.reddit.com/r/Survival/comments/1edt2gu/looking_into_getting_a_good_hatchet_any/,,1722121100.0,0.85,38,0,,Apprehensive-Site774,72,False,0,False,text
Survival,1ebtqn0,How though would it be to survive in nature off the grid?,100,https://reddit.com/r/Survival/comments/1ebtqn0/how_though_would_it_be_to_survive_in_nature_off/,https://www.reddit.com/r/Survival/comments/1ebtqn0/how_though_would_it_be_to_survive_in_nature_off/,"I know how this sounds, but I’m not planning on running away or anything like that.

I was just wondering how difficult would it actually be, if one were to just run off and live in the jungle or remote island? Is it possible to sustain your needs even if you prepare yourself well? What would be your priorities to bring of tools, supplements etc?

What would be the first thing you would focus on as soon as you land there and what would you plan on building in order to make yourself comfortable?",1721910820.0,0.77,100,0,Learning Survival,[deleted],197,False,0,False,text
Survival,1ebitpw,month long camp trip,12,https://reddit.com/r/Survival/comments/1ebitpw/month_long_camp_trip/,https://www.reddit.com/r/Survival/comments/1ebitpw/month_long_camp_trip/,"I am planing to do a 1 month long camp trip next year, and i will be pretty off grid, no refrigeration being the biggest concern of mine. 

Well, not really a major concern, but im having trouble imagining what i would eat, and actually enjoy. I got a few fav foods that work, but i dont want to eat the same 3 things repeatedly. I plan on having enough food for the trip, but i also will be hunting small game and fishing, for some fresh meat.

I am curious if anyone has any foods/ingredients that would be good for me to bring on my trip that wont go bad after a week. Or favourite recipes that involve non perishable foods, like canned dried goods.

I appreciate any advice and insight you have!",1721871796.0,0.74,12,0,General Question,CarGood3160,51,False,0,False,text
Survival,1eb8vi6,COFFEE ,20,https://reddit.com/r/Survival/comments/1eb8vi6/coffee/,https://www.reddit.com/r/Survival/comments/1eb8vi6/coffee/,Hello I saw a video of people making pucks of candle wax and old coffee grinds together to make coffee candles that last a long time and can repel bugs. Has anyone made these. Also does colored wax make a difference. A thrift shop near me has a bunch of used candles cheap and I'd like to use them for this purpose. Thanks in advance!,1721846025.0,0.79,20,0,,Strict-Ad-3500,27,False,0,False,text
Survival,1eaueny,Help me find this book,10,https://reddit.com/r/Survival/comments/1eaueny/help_me_find_this_book/,https://www.reddit.com/r/Survival/comments/1eaueny/help_me_find_this_book/,In the early 2000’s there was a book about wilderness survival and exploration sold in school at scholactic book fairs…it came with a poster and a fake dog tag…what was it called,1721802359.0,0.73,10,0,,Reasonable_View286,12,False,0,False,text
Survival,1e9yvyx,Long range two way radio,21,https://reddit.com/r/Survival/comments/1e9yvyx/long_range_two_way_radio/,https://www.reddit.com/r/Survival/comments/1e9yvyx/long_range_two_way_radio/,"I’m looking for long range two way radios. I’ve done a decent amount of research but at the end of the day I don’t have any experience with them.  I don’t have a specific goal of distance, the longer range the better but I’d like a minimum of 3-5 miles in suburban area and then longer distance in the country. I’m looking for a true distance rated and not an inflated distance rated that a lot of these companies claim to they have. My research has lead me to this model Motorola.  Would any one know a better option ? 

Motorola CP100d-UA Radio (Model #: AAH87YDC9JC2AN)",1721708773.0,0.8,21,0,,DurianLongjumping230,26,False,0,False,text
Survival,1ea0wme,Edible plants,8,https://reddit.com/r/Survival/comments/1ea0wme/edible_plants/,https://www.reddit.com/r/Survival/comments/1ea0wme/edible_plants/,"Hi! I'm looking for book about edible plants in Northern Norway, I found two books about Polish flora you can eat from Lukasz Luczaj 
Do you know if such a book exists?",1721716389.0,0.78,8,0,,Careful_Head_1314,2,False,0,False,text
Survival,1e99s95,Strike anywhere matches,43,https://reddit.com/r/Survival/comments/1e99s95/strike_anywhere_matches/,https://www.reddit.com/r/Survival/comments/1e99s95/strike_anywhere_matches/,"I’m sorry but whose idea was it to ban strike anywhere matches in the eu that’s ridiculous, they’re too dangerous apparently do they think I’m gunna light myself on fire or something? Also the uk isn’t even in the eu why are we still following their rules?",1721639712.0,0.76,43,0,,Educational_Row_9485,106,False,0,False,text
Survival,1e8dbyk,Char Cloth,20,https://reddit.com/r/Survival/comments/1e8dbyk/char_cloth/,https://www.reddit.com/r/Survival/comments/1e8dbyk/char_cloth/,Has anyone tried to make Char Cloth i cant imagine too easy nor too hard,1721533256.0,0.86,20,0,General Question,ThewallFlu,28,False,0,False,text
Survival,1e7ff38,Less efficiant survival methods and their more efficiant counterparts?,35,https://reddit.com/r/Survival/comments/1e7ff38/less_efficiant_survival_methods_and_their_more/,https://www.reddit.com/r/Survival/comments/1e7ff38/less_efficiant_survival_methods_and_their_more/,"What are those survival skills you've encountered that made you want to tell everyone about a more efficiant way to go about things? 

For example, shelter building, water collection, fire starting, etc. 

Thanks!",1721425606.0,0.87,35,0,General Question,Spiley_spile,64,False,0,False,text
Survival,1e6qhx4,Thoughts on the Tracker knife? Is the hype real?,291,https://reddit.com/r/Survival/comments/1e6qhx4/thoughts_on_the_tracker_knife_is_the_hype_real/,https://i.redd.it/fyu3krixcddd1.jpeg,,1721348525.0,0.87,291,0,,JoeDaddyG,212,True,1,False,image
Survival,1e6cbmj,Topographical maps,12,https://reddit.com/r/Survival/comments/1e6cbmj/topographical_maps/,https://www.reddit.com/r/Survival/comments/1e6cbmj/topographical_maps/,"What would be the ideal type of topographical map for a survival scenario? Example 7.5 x 15 minute, 30 x 60, 1 x2 degree? ",1721311643.0,0.88,12,0,,Key-Finding-9371,23,False,0,False,text
Survival,1e5s3pq,Alternatives to the petroleum-covered cotton ball,41,https://reddit.com/r/Survival/comments/1e5s3pq/alternatives_to_the_petroleumcovered_cotton_ball/,https://www.reddit.com/r/Survival/comments/1e5s3pq/alternatives_to_the_petroleumcovered_cotton_ball/,"My wilderness hobby is backpacking. And Im very good at starting fires in a variety of elevations and climates. Here are some alternatives to the infamous, patrolium-covered cotton ball:

Your first aid kit has supplies you can multipurpose if a fire is being stubborn. Those small alcohol swab squares that come prepackaged? They burn for about 45 seconds each. They are lightweight, so protect them from the wind. (And remove from the package before burning.) The antibiotic ointment you (hopefully) carry is petroleum-based. You can also just use a squirt of your alcohol-based hand sanitizer.

Don't have the first aid supplies with you? Check your pockets. There's a good chance your chapstic is petroleum or wax-based.

As with any chemical fire starters, give it and yourself room to breath while the fire consumes the starter. We don't need that stuff in our lungs.

Hope this was helpful! Looking forward to hearing from others.

Edit: I appreciate how everyone is adding their personal go-to's! It just hits different than a generic list of things suggested by people who haven't used them. ",1721247207.0,0.89,41,0,Fire,Spiley_spile,38,False,0,False,text
Survival,1e5wkxy,"What is the best length for a fixed blade knife? Not only to baton, but feather stick as well as anything else. TIA. ",21,https://reddit.com/r/Survival/comments/1e5wkxy/what_is_the_best_length_for_a_fixed_blade_knife/,https://www.reddit.com/r/Survival/comments/1e5wkxy/what_is_the_best_length_for_a_fixed_blade_knife/,,1721258458.0,0.86,21,0,General Question,MrOBear,62,False,0,False,text
Survival,1e5zft6,"Is heat treating a ""survival bow"" necessary? And are there any good alternatives methods besides fire? ",8,https://reddit.com/r/Survival/comments/1e5zft6/is_heat_treating_a_survival_bow_necessary_and_are/,https://www.reddit.com/r/Survival/comments/1e5zft6/is_heat_treating_a_survival_bow_necessary_and_are/,"So I plan on experimenting with ""survival bows"" using non-optimal materials *(mediocre or terrible wood, various scrap bow string materials, etc).* 

One roadblock is heat treating the bow. If I'm at a camp spot for an extended time, a fire trench would be a perfectly decent method for heat treating. But if I'm in an area with limited fuel or if I can't stay in one spot for too long, it's not a very viable method. 

The areas I'll be bush crafting in are low humidity and high heat. So I could technically just leave it out in the sun. But I expect that would take a very long time. 

So my question is, how necessary is heat treating a makeshift survival bow? And what non-fire methods would be actually useable in a survival situation? ",1721266526.0,0.73,8,0,Question About Techniques,Yer_Dunn,21,False,0,False,text
Survival,1e5v333,Bow drill cord slipping,14,https://reddit.com/r/Survival/comments/1e5v333/bow_drill_cord_slipping/,https://www.reddit.com/r/Survival/comments/1e5v333/bow_drill_cord_slipping/,"This is extremely frustrating. I have gotten solid with the bow drill with everything other than the cordage. I put a bowline at one end of a fork and split the other end, insert the cord, and put a half hitch at that end. When I am inserting the spindle in or I am just about to get enough heat or dust for an ember, the cord starts slipping and to keep the revolutions going I pull further and further away from the spindle untill it is eventually tossed into orbit. No ember, wasted effort and energy. Makes me want to give up.",1721254604.0,0.93,14,0,,[deleted],12,False,0,False,text
Survival,1e60gry,Steel Canteen(s) and/or Mess Kit,4,https://reddit.com/r/Survival/comments/1e60gry/steel_canteens_andor_mess_kit/,https://www.reddit.com/r/Survival/comments/1e60gry/steel_canteens_andor_mess_kit/,Does anyone have any good recommendations for a cheap (sub $50) stainless steel food grade canteen and/or mess kit? Currently rocking an old USGI 1 Quart plastic one and looking to upgrade. Thanks.,1721269631.0,0.84,4,0,,ReaperOfHell52,6,False,0,False,text
Survival,1e5qjpf,Can you use a single-wall water bottle with an external coating safely to boil water (ie: Klean Kanteen single-wall)?,10,https://reddit.com/r/Survival/comments/1e5qjpf/can_you_use_a_singlewall_water_bottle_with_an/,https://www.reddit.com/r/Survival/comments/1e5qjpf/can_you_use_a_singlewall_water_bottle_with_an/,"Here: https://www.kleankanteen.com/collections/non-insulated-water-bottles/products/water-bottle-wide-mouth-40-oz

Klean Kanteen seems to be sold out of their brushed steel bottle. I’m thinking of likely waiting for restock to buy the stainless one, but they have a free shipping deal going on for today and only the single-wall black coated is available.",1721243392.0,0.75,10,0,,TrueYorker11,45,False,0,False,text
Survival,1e3axnp,What is the best way to handle an attack from a swarm of bees?,87,https://reddit.com/r/Survival/comments/1e3axnp/what_is_the_best_way_to_handle_an_attack_from_a/,https://www.reddit.com/r/Survival/comments/1e3axnp/what_is_the_best_way_to_handle_an_attack_from_a/,I was hiking in the desert in SW Arizona today and came within 15 yards of a swarm of bees. I immediately retreated. What would be the best way to handle a situation where I accidently stumble too close and am attacked? Is it true that fire/smoke will stop a bee attack? Just want to see how people would react to this as it seems dangerous. ,1720985841.0,0.91,87,0,,Prestigious_Goal_136,123,False,0,False,text
Survival,1e3qwma,Stove,3,https://reddit.com/r/Survival/comments/1e3qwma/stove/,https://www.reddit.com/r/Survival/comments/1e3qwma/stove/,"Does anyone know if there is a mixture of an Jetboil Flash, Esbit cooker, Bushbox and MSR Whisperlite?",1721037220.0,0.64,3,0,,[deleted],2,False,0,False,text
Survival,1e33r0d,Easily Practiced Skills,34,https://reddit.com/r/Survival/comments/1e33r0d/easily_practiced_skills/,https://www.reddit.com/r/Survival/comments/1e33r0d/easily_practiced_skills/,"I'm curious to see what you folks think are some essential/practical survival skills that can be practiced and developed on any given day. I have hit a bit of a rut in terms of my own development and as such I am looking for some new ideas. 

Thanks in advance. ",1720967626.0,0.95,34,0,,Super_Negotiation530,25,False,0,False,text
Survival,1e2ldol,"Looking for a place in Northern California where I can practice land navigation, bushcraft, and other survival skills.",15,https://reddit.com/r/Survival/comments/1e2ldol/looking_for_a_place_in_northern_california_where/,https://www.reddit.com/r/Survival/comments/1e2ldol/looking_for_a_place_in_northern_california_where/,Title says it all. I’m in Sonoma County for reference. Just need a spot to go get some hands on practice.,1720906340.0,0.83,15,0,Location Specific Question,[deleted],35,False,0,False,text
Survival,1e1545g,The Escape Azimuth. A Tool For Day Hikers,353,https://reddit.com/r/Survival/comments/1e1545g/the_escape_azimuth_a_tool_for_day_hikers/,https://v.redd.it/12df72zdozbd1,"Of course, this is not always the correct option. Hug a tree is real, as to not hike out of the primary search area and get more lost. This is best for day hikers (the most common in need of rescue) due to the smaller distances travelled. Also, the terrain must be passable, and you must be ambulatory. ",1720747109.0,0.95,353,0,,survivalofthesickest,33,False,0,False,text
Survival,1e17ywt,Has anyone ever filtered and/or distilled water from a dehumidifier and tested for potability?,15,https://reddit.com/r/Survival/comments/1e17ywt/has_anyone_ever_filtered_andor_distilled_water/,https://www.reddit.com/r/Survival/comments/1e17ywt/has_anyone_ever_filtered_andor_distilled_water/,,1720756030.0,0.75,15,0,Learning Survival,No-Stomach-9958,36,False,0,False,text
Survival,1e17qmi,Can anyone recommend survival schools in California?,8,https://reddit.com/r/Survival/comments/1e17qmi/can_anyone_recommend_survival_schools_in/,https://www.reddit.com/r/Survival/comments/1e17qmi/can_anyone_recommend_survival_schools_in/,,1720755285.0,0.75,8,0,General Question,MyDogThinksISmell,14,False,0,False,text
Survival,1e0bken,"What are your best survival tips for out west, Nevada area? ",56,https://reddit.com/r/Survival/comments/1e0bken/what_are_your_best_survival_tips_for_out_west/,https://www.reddit.com/r/Survival/comments/1e0bken/what_are_your_best_survival_tips_for_out_west/,,1720657490.0,0.95,56,0,,Putrid-Ad-9493,67,False,0,False,text
Survival,1dzw2ld,Adding braided fishing line to survival equipment? ,34,https://reddit.com/r/Survival/comments/1dzw2ld/adding_braided_fishing_line_to_survival_equipment/,https://www.reddit.com/r/Survival/comments/1dzw2ld/adding_braided_fishing_line_to_survival_equipment/,"https://preview.redd.it/ezsd8xo03pbd1.jpg?width=1080&format=pjpg&auto=webp&s=9b5b32afa0c0dc812fe11287f6ec047bac183798

Hi All! I can think of many use cases for braided fishing line in survival situations. Snares, camp alarm, sewing… does anyone have experience with it? ",1720618846.0,0.95,34,0,Gear Recommendation Wanted,Prepper_Pap,21,True,1,False,text
Survival,1dyexjk,You can pitch pretty much any tarp shelter with just these 8 knots,237,https://reddit.com/r/Survival/comments/1dyexjk/you_can_pitch_pretty_much_any_tarp_shelter_with/,https://i.redd.it/046ldac9zbbd1.jpeg,,1720460280.0,0.99,237,0,,DianeVuk,34,True,1,False,image
Survival,1dzav2z,On the technique of sucking the venom out of a snakebite wound,0,https://reddit.com/r/Survival/comments/1dzav2z/on_the_technique_of_sucking_the_venom_out_of_a/,https://www.reddit.com/r/Survival/comments/1dzav2z/on_the_technique_of_sucking_the_venom_out_of_a/,"TLDR: Is there any truth to and evidence of the practice of sucking venom out of a snakebite

I think we all know that if in a movie, show or video game, a character gets bitten by a venomous snake, another character has to suck the venom out and then spit it out, which magically removes the venom and makes the bite victim instantly okay

I think we’ve all seen videos of people talking about how this does not work, does not save the afflicted person and can actually affect the person trying to suck out the venom

Does anyone know where this trope came from and why it’s so popularly known by people even with no other knowledge of survival techniques. Was it actually practiced at one point by pioneers or is it a Hollywood invention?

Is there any truth to it at all that it could in some way be effective or is it just completely invented?
",1720552529.0,0.48,0,0,,ScorpionGold7,78,False,0,False,text
Survival,1dym6mv,Mexico Yucatán🏜 survival experience?,13,https://reddit.com/r/Survival/comments/1dym6mv/mexico_yucatán_survival_experience/,https://www.reddit.com/r/Survival/comments/1dym6mv/mexico_yucatán_survival_experience/,"So me and a buddy (19 and 20) will be travelling Mexico (Yucatán to be specific) for 2 months. We are not that experienced. We have been to Thailand og Vietnam, but never anything like Mexico.

So asking the experts i know wanders this community. What do we need? Emergency rations?, bandaids? Thermal blankets?
We have backpacks and good boots, not much Else.

Any help (or recomendations) are highly apreciated🙏🏘",1720477786.0,0.73,13,0,Learning Survival,SweetCalligrapher266,47,False,0,False,text
Survival,1dxnpv2,All in one book?,65,https://reddit.com/r/Survival/comments/1dxnpv2/all_in_one_book/,https://www.reddit.com/r/Survival/comments/1dxnpv2/all_in_one_book/,"What’s the best book that covers the majority of the information you need for survival, medicine, foraging, shelter etc

Edit: serious answers only

Looking to create a few survival bags for friends. Realised having the survival medicine handbook, nuclear war survival skills and ultimate preppers survival is too much weight and was wondering if there was a book that covers all of it",1720378107.0,0.96,65,0,General Question,Xx_Singh_xX,56,False,0,False,text
Survival,1dxwjw6,Does Ash Lye work like Industrial Lye for disinfecting water?,5,https://reddit.com/r/Survival/comments/1dxwjw6/does_ash_lye_work_like_industrial_lye_for/,https://www.reddit.com/r/Survival/comments/1dxwjw6/does_ash_lye_work_like_industrial_lye_for/,"Hi. Does ash lye (potassium hydroxide/potash) work for disinfecting drinkable water like industrial-made lye (sodium hydroxide), or are there any important health risks? 

I know it's an alkaline solution (so, it should be used diluted), and that it's used in soapmaking, but I wanted to know if there's more ways to efficiently disinfect drinkable water while out in the bush other than boiling, which is resource-intensive (as in, depletes resources quickly. In this case, fuel). ",1720401899.0,0.73,5,0,General Question,44r0n_10,20,False,0,False,text
Survival,1dwyyzy,What do I do if I have limited water but am very thirsty?,411,https://reddit.com/r/Survival/comments/1dwyyzy/what_do_i_do_if_i_have_limited_water_but_am_very/,https://www.reddit.com/r/Survival/comments/1dwyyzy/what_do_i_do_if_i_have_limited_water_but_am_very/,"Do I drink all of it at once and quench the thirst completely, or drink little by little and quench the thirst partially every time? Which one will keep me comfortable for a longer time?",1720298130.0,0.95,411,0,General Question,WildstormBattler,261,False,0,False,text
Survival,1dyj4fu,Napalm for campfire starting purposes,0,https://reddit.com/r/Survival/comments/1dyj4fu/napalm_for_campfire_starting_purposes/,https://www.reddit.com/r/Survival/comments/1dyj4fu/napalm_for_campfire_starting_purposes/,Can it be stored in a plastic air tight bottle with a child lock glass jars? Or whatever you guys prefer to use would be helpful aswell,1720470354.0,0.23,0,0,General Question,FragrantElk965,76,False,0,False,text
Survival,1dxnolu,King Cobra bite ,0,https://reddit.com/r/Survival/comments/1dxnolu/king_cobra_bite/,https://www.reddit.com/r/Survival/comments/1dxnolu/king_cobra_bite/,"So let’s say I’m stranded in a massive forest that stretches for acres and acres and acres and acres. It’s dark and humid, there’s nobody around-only me and the descents of wilderness, I’m stranded, there’s no means of transportation of ANY sort nearby, only berries for food, and water only if I walk far enough to look for it. 

Then a King Cobra snaps a good chunk of my skin. There’s no medical personnel or facility within a 80 mile radius maybe. 

What now? ",1720378014.0,0.4,0,0,Learning Survival,spicybaconforureggs,42,False,0,False,text
Survival,1dwlnfh,What do you think lasts the longest for cutting down trees and making firewood.,10,https://reddit.com/r/Survival/comments/1dwlnfh/what_do_you_think_lasts_the_longest_for_cutting/,https://www.reddit.com/r/Survival/comments/1dwlnfh/what_do_you_think_lasts_the_longest_for_cutting/,You can only choose one axe saw or a wire saw? ,1720257594.0,0.73,10,0,,Stoned_Savage,27,False,0,False,text
Survival,1dwg50p,What if you can't back away from a bear/cougar/wolf?,18,https://reddit.com/r/Survival/comments/1dwg50p/what_if_you_cant_back_away_from_a_bearcougarwolf/,https://www.reddit.com/r/Survival/comments/1dwg50p/what_if_you_cant_back_away_from_a_bearcougarwolf/,"Hi everyone. I have a couple camping trips planned this summer in BC, so I'm refreshing my bear safety knowledge. I've read up a bit on cougar and wolf encounters also, because I might as well. The advice universally involves backing away from the animal, but what I can't find information on is what to do if there's nowhere to go; for example, what if there's a cliff behind you, or a body of water? What if the only route away involves getting closer? The only thing I can think to do is stay in place and try to scare it off, but maybe there's a safe (relatively speaking) way to get past? I'm wondering also if the best option would depend on whether or not you're alone.

I don't actually expect to be in this situation, but I think it's good to know these things regardless. I'm pretty sure the majority of this province is bear country, and the only person I know who's encountered a cougar was on a cliffside (on a ladder and it was an easy getaway, but still).

For a bit of context: [these are the official guidelines for bear/cougar/wolf encounters here](https://bcparks.ca/plan-your-trip/visit-responsibly/wildlife-safety/).

Side question: is there a reason speaking loudly is suggested, not yelling? I'd think yelling would be more threatening.",1720236062.0,1.0,18,0,,bigslimyfish,78,False,0,False,text
Survival,1duxl3b,"Boiling rain water off trees. Slightly dirty. Boiled for 5 minutes rolling. Then cooled, and run through zero water filter. Good?",57,https://reddit.com/r/Survival/comments/1duxl3b/boiling_rain_water_off_trees_slightly_dirty/,https://www.reddit.com/r/Survival/comments/1duxl3b/boiling_rain_water_off_trees_slightly_dirty/,,1720065347.0,0.86,57,0,,calvin200001,54,False,0,False,text
Survival,1du4uhl,How can I protect myself from mosquitoes Without sweating to death?,1077,https://reddit.com/r/Survival/comments/1du4uhl/how_can_i_protect_myself_from_mosquitoes_without/,https://v.redd.it/jz05xbas58ad1,,1719978045.0,0.96,1077,0,,StreeetSurfer,699,False,0,False,text
Survival,1dvriwg,Why don't take emergency beacons with them?,0,https://reddit.com/r/Survival/comments/1dvriwg/why_dont_take_emergency_beacons_with_them/,https://www.reddit.com/r/Survival/comments/1dvriwg/why_dont_take_emergency_beacons_with_them/,"https://youtu.be/3doPbW2VS3Q?si=rDTOo4oMzlB9Rljp

Edit: Sorry. Title should read ""Why don't hikers carry emergency beacons with them?""

Stories like this really piss me off.

If you don't wanna watch it, basically a hikers goes off his planned route because of his stupid dog, and as he's chasing after it he gets trapped in some boulders and slowly wastes away until he dies from malnourishment and exposure.

Meanwhile documenting his thoughts in his journal until his death.

You'd think solo hikers would carry some kind of emergency beacon with them.",1720161552.0,0.34,0,0,,BrandonMarshall2021,100,False,0,False,text
Survival,1du533i,Anyone know any Foraging and Hunting Handbooks for Australia?,10,https://reddit.com/r/Survival/comments/1du533i/anyone_know_any_foraging_and_hunting_handbooks/,https://www.reddit.com/r/Survival/comments/1du533i/anyone_know_any_foraging_and_hunting_handbooks/,"Hey, can anyone recommend me any survivalist books or guides that are about foraging edible plants or hunting wildlife in Australia.

Most foraging or hunting guides I could find are mostly based in North America. While they are adequate, I would prefer guides that are about surviving in the Australian wilderness.
Would also prefer guides that have colour pictures or diagrams.

Does anyone know if there are any handbooks written by Australian Aboriginals?

The Aboriginals have been living on the Australian continent for thousands of years before colonisation and they obviously have the knowledge and skills to survive off the land.",1719978834.0,0.92,10,0,,survival5634,12,False,0,False,text
Survival,1du1at3,Tv series like Naked and marooned with Ed Stafford,12,https://reddit.com/r/Survival/comments/1du1at3/tv_series_like_naked_and_marooned_with_ed_stafford/,https://www.reddit.com/r/Survival/comments/1du1at3/tv_series_like_naked_and_marooned_with_ed_stafford/,"Hi guys, I've just finished a rewatch of naked and marooned since it came out in 2013 and I was wandering if you knew something similar to watch.
I really liked the format of a long survival challenge while trying to make his life easier and not the usual few days endurance.",1719966968.0,0.84,12,0,,SeveralReserve5990,7,False,0,False,text
Survival,1dset87,I made my first woven basket today. How did it turn out and how can I improve?,91,https://reddit.com/r/Survival/comments/1dset87/i_made_my_first_woven_basket_today_how_did_it/,https://www.reddit.com/gallery/1dset87,Any tips or suggestions are appreciated. I made it out of wild wisteria since I didn't have any willow.,1719790500.0,0.99,91,0,,Responsible_Field830,38,True,3,True,text
Survival,1drj4qw,Dual survival tv series ,23,https://reddit.com/r/Survival/comments/1drj4qw/dual_survival_tv_series/,https://www.reddit.com/r/Survival/comments/1drj4qw/dual_survival_tv_series/,"I just came across this TV series. We're in about episode 6 or so of season 1. So far it's entertaining, but I'm not sure if I agree with the decisions the guys make.

I am aware of the issues with Dave Canterbury and Cody Lundin later on in the series, but for now I'm just asking if we watch this purely as entertainment, or is there some elements of education in there as well?",1719689829.0,1.0,23,0,General Question,No_Sympathy_1915,68,False,0,False,text
Survival,1dqp6pu,"Compass, picking a good one",19,https://reddit.com/r/Survival/comments/1dqp6pu/compass_picking_a_good_one/,https://www.reddit.com/r/Survival/comments/1dqp6pu/compass_picking_a_good_one/,"Without laying hands on it OR buying an expensive military compass, how do you pick a decent and inexpensive compass? I mean is there a standard or brand or .... 

  
Long story cut short, I picked up a couple cost effectives ones I planned on giving away and I am not thrilled with them. They will point north, but there is a delay until pointing north, and when someone held it not level it got stuck until shook.  And I think these are more susceptible to electrical/magnetic interference than others I have worked with. ",1719595589.0,0.81,19,0,,ReactionAble7945,27,False,0,False,text
Survival,1dra3qh,Is it true that ferns are almost always safe to eat?,0,https://reddit.com/r/Survival/comments/1dra3qh/is_it_true_that_ferns_are_almost_always_safe_to/,https://www.reddit.com/r/Survival/comments/1dra3qh/is_it_true_that_ferns_are_almost_always_safe_to/,I thought I heard this from someone but I don’t know if they meant just ferns in my area.,1719664066.0,0.33,0,0,General Question,Thermopylaean,23,False,0,False,text
Survival,1dq82c1,Is it safe to keep a spare can of gas in the boot of your car (sedan)?,45,https://reddit.com/r/Survival/comments/1dq82c1/is_it_safe_to_keep_a_spare_can_of_gas_in_the_boot/,https://www.reddit.com/r/Survival/comments/1dq82c1/is_it_safe_to_keep_a_spare_can_of_gas_in_the_boot/,"Some people says that those cans you get from gas stations aren't very secure and would be a fire hazard if you crash, etc.

Edit: the car takes petrol

Edit 2: For some reason I can't see your responses in this thread. I can only see them in my notifications tab. So thanks to everyone that's replied. I read you loud and clear. Don't do it. Lol. Ok. Got it.
",1719539125.0,0.7,45,0,General Question,BrandonMarshall2021,158,False,0,False,text
Survival,1dqroao,Put my Sawyer Water Filter in boiling water 🙄 did I break it? ,0,https://reddit.com/r/Survival/comments/1dqroao/put_my_sawyer_water_filter_in_boiling_water_did_i/,https://www.reddit.com/r/Survival/comments/1dqroao/put_my_sawyer_water_filter_in_boiling_water_did_i/,"Hi, I thought to remember that the Sawyer mini PointOne water filter could be cleaned after heavy usage by putting it in boiling water. As my gf leaves to Asia on Sunday I did so and thought ""maybe check whether thats possible"" AFTER placing the filter in the water Smart... I know.
Now my question: Does anyone know and has already tried whether the Sawyer mini pointOne will still work after being placed in boiling water? 😅",1719601980.0,0.45,0,0,,[deleted],9,False,0,False,text
Survival,1dprvto,Looking for a canteen I can put over a fire,29,https://reddit.com/r/Survival/comments/1dprvto/looking_for_a_canteen_i_can_put_over_a_fire/,https://www.reddit.com/r/Survival/comments/1dprvto/looking_for_a_canteen_i_can_put_over_a_fire/,"As the title said, I'm looking for a canteen (probably stainless) that can be used to boil water but also has a lid to act as storage. I remember 20 years ago my dad had one that was beat to sh*t but worked perfect. Stainless and had a stainless lid with one simple o-ring that could be replaced. It was charred on the outside from so many uses.

My fear is that new stainless bottle have some kind of coating that won't react good to heat. So I'm looking for one that SPECIFICALLY says it can be used to boil water. I don't want to use a pot every time to boil water. I'd like to boil the water directly in the bottle, throw the lid on and throw the bottle in a creek or something to cool down as I've seen my dad do many times.

My dad passed about 15 years ago and my step mother donated all of his gear, otherwise I'd ask him obviously.",1719496539.0,0.8,29,0,,invisibleboogerboy,63,False,0,False,text
Survival,1dpvz9n,Hand Drill Blisters,9,https://reddit.com/r/Survival/comments/1dpvz9n/hand_drill_blisters/,https://www.reddit.com/r/Survival/comments/1dpvz9n/hand_drill_blisters/,Am I the only one on earth who has to stop doing hand drills because their palms start boiling? I get my hands wet with spit and still it's tough. How can I counteract this? My hand is in actual pain.,1719506931.0,0.91,9,0,,[deleted],22,False,0,False,text
Survival,1doi6h3,"If you could only use 3 knots for the rest of your life, what would they be?",169,https://reddit.com/r/Survival/comments/1doi6h3/if_you_could_only_use_3_knots_for_the_rest_of/,https://www.reddit.com/r/Survival/comments/1doi6h3/if_you_could_only_use_3_knots_for_the_rest_of/,What 3 knots would you choose to cover the widest possible range of scenarios?,1719352972.0,0.91,169,0,,Existing-Row-4499,295,False,0,False,text
Survival,1dohul6,Tool recommendations?,8,https://reddit.com/r/Survival/comments/1dohul6/tool_recommendations/,https://www.reddit.com/r/Survival/comments/1dohul6/tool_recommendations/,What are tools/equipment I should be on the look out for?,1719352149.0,0.84,8,0,,BallisticApe33,17,False,0,False,text
Survival,1dotdz1,Hi,0,https://reddit.com/r/Survival/comments/1dotdz1/hi/,https://www.reddit.com/r/Survival/comments/1dotdz1/hi/,"What's the best type of knife sharpener to bring with you in a situation?
",1719389681.0,0.27,0,0,,BoykissaOwO,15,False,0,False,text
Survival,1dnmx1y,Good intro books for a newbie?,13,https://reddit.com/r/Survival/comments/1dnmx1y/good_intro_books_for_a_newbie/,https://www.reddit.com/r/Survival/comments/1dnmx1y/good_intro_books_for_a_newbie/,"Looking for a good book I can read that would give me a solid foundation/introduction to survival methods, if anyone can recommend. Didn't see anything about books in the sidebar. Thanks!",1719259395.0,0.77,13,0,,YGbJm6gbFz7hNc,22,False,0,False,text
Survival,1dmwby4,Man Survived 10 Days After Getting Lost In Redwood Forest,218,https://reddit.com/r/Survival/comments/1dmwby4/man_survived_10_days_after_getting_lost_in/,https://www.reddit.com/r/Survival/comments/1dmwby4/man_survived_10_days_after_getting_lost_in/,"This happened in Big Basin Redwoods in California, close to where I live and where I have gome camping and hiking many times.  
  
To give some context, the trees are so dense in some areas, I could not see the sky. I have been out there at night and without my flashlight on, there is no difference between having my eyes open or closed.  
 
https://people.com/california-man-lukas-mcclish-missing-found-alive-near-santa-cruz-8667800
 ",1719176921.0,0.95,218,0,,1c0n0cl4st,120,False,0,False,text
Survival,1do0l9x,I can lose all my gear ......,0,https://reddit.com/r/Survival/comments/1do0l9x/i_can_lose_all_my_gear/,https://www.reddit.com/r/Survival/comments/1do0l9x/i_can_lose_all_my_gear/,"I still don't think your really in a serious wilderness survival situation if you still have your canoe, mountain bike with panniers, or your backpack  or daypack with you.

So your stuck waiting for rescue but its when you lose ALL your gear and have only whats on you that things can get real .......

What do you carry in your pockets?

Here is what is in my pocket on my daily wear jacket everyday for the past 15 years or so. Its changed a bit over the years, but for the past 15 years this is what I have now, it used to be a bit bigger 20 years ago but things get smaller and lighter,  If its in CAPITAL letters thats the brand name for you. 

It fit's in my jacket pocket and that's key for the obvious reason !!! All this stuff is in a #7 size adventure medical bag in an extra heavy plastic zip lock bag that comes with the med kit, except for the lanyard. It goes over the neck as soon as you're in trouble so it never gets lost or misplaced but its in the yellow bag to start with. 

ON THE LANYARD -PELICAN 1810 Mini Flashlight, - Brass Compass, - Whistle, - EXOTAC ferro rod 

- 10 AQUATAB water treatment tablets 		- 6 UCO storm matches
 - Snap-off Utility Blades 			- Credit Card size sharping stone 
- Fishing kit 					- Pencil and paper        - Small Thin Folding knife 			
- Compressed Hand Towels       - SOL Fire Tinder-Quiks 			
- Paper Matches & Safety Pins & Small Nails     - Medicine Bag (Advil, Px, Aspirin, etc) 	- Zip Ties (yellow)  - Plastic Fresnel Lens 				- 20' Orange Flagging Tape 
- 2 OXO Beef Broth 				- Sheet of Tin Foil      - Duct Tape, Spare Hooks, Needle 	- BIC Lighter, Cord, Snare Wire (dbl bagged)    - WHIRL-PAC 32 oz. Water Bag			- Survival Booklet 

- The HD Plastic Zip-lock Bag for inside the Yellow Bag, has black duct tape on it for storage. 

First Aid Stuff - Moleskin Patches 		- Burn Gel - Band-Aids 			- DERMALON Curved Needle Sutures  - Tweezers 			- 6 IMODIUM - Alcohol Prep Pads 		
- AFTER BITE Wipes       - Wound Closure Strips 		

- All in a Zip-Lock Bag too.....in the same kit.

NOTE  How many fire making options are there? Ferro Rod + Paper Matches + Storm Matches + Fresnel Lens + Bic Lighter + Fire Tinder - and that's because where I live we get that winter stuff a lot in the Rockies !  Fire is key !! 

In my other cost pocket is a SOL heavy duty space blanket, a tough folding pocket knife and 350 yards of 30 lb nylon line for cordage. 

I wear a MEC Gore-tex 3 layer shell jacket year round and add in fleece jackets in winter as well...........",1719302233.0,0.39,0,0,Learning Survival,Fat_Chance_Kids,34,False,0,False,text
Survival,1dn4j33,Boots,17,https://reddit.com/r/Survival/comments/1dn4j33/boots/,https://www.reddit.com/r/Survival/comments/1dn4j33/boots/,"Can anyone recommend a good brand of boots? I liked my Air Force boots but those have long since worn out and the branding wore off of them. They were tall and were reasonably water resistant. Soles lasted a good while. But I’m open to anything. 

Edit 1: WOW! Y’all have been especially helpful on this subject. I’m definitely trying a few of these to see what’s what. Thank you all again. I’m loving what I’m reading. This is the most help I’ve ever gotten on a post asking for help. 

Edit 2: I’m looking for some boots that are waterproof, at least mid-calf shaft and probably not much more, green or black, and above all else I’m looking for incredibly durable and at least minimally comfortable. ",1719201549.0,0.95,17,0,Gear Recommendation Wanted,BbqGay,46,False,0,False,text
Survival,1dmwals,Falling through ice ,7,https://reddit.com/r/Survival/comments/1dmwals/falling_through_ice/,https://www.reddit.com/r/Survival/comments/1dmwals/falling_through_ice/,"Say hypothetically I'm standing in the middle of a frozen lake and I can tell I'm about to fall through the ice, is there anything I can do to prevent myself from dying of temperature shock? I've tried looking in YouTube for this because I was curious but when I search on YouTube lately I don't really get what I searched for just things that are kind of related.",1719176820.0,0.89,7,0,,2kibb,11,False,0,False,text
Survival,1dmtpqs,Knife for grad,1,https://reddit.com/r/Survival/comments/1dmtpqs/knife_for_grad/,https://www.reddit.com/r/Survival/comments/1dmtpqs/knife_for_grad/,"Looking for wooden or bone handle. Son says folding knives are lame.  ?!?!
I like folding; he likes fixed blades. $50-$70 range. Mini Praxis is cool to me but he says folding is not as nice for something to treasure.  I do t claim to have an opinion on that except that taking it camping or anywhere, folding is easier.  Plus, MI law prohibits concealed carry of fixed. That’s not a major concern here in the country",1719169923.0,0.52,1,0,,Bettybefreeohyea123,24,False,0,False,text
Survival,1dma3un,How common are false passes of the universal edibility test?,17,https://reddit.com/r/Survival/comments/1dma3un/how_common_are_false_passes_of_the_universal/,https://www.reddit.com/r/Survival/comments/1dma3un/how_common_are_false_passes_of_the_universal/,,1719103626.0,0.84,17,0,General Question,Europathunder,32,False,0,False,text
Survival,1dmb9wp,Chemlights/glowstick question,8,https://reddit.com/r/Survival/comments/1dmb9wp/chemlightsglowstick_question/,https://www.reddit.com/r/Survival/comments/1dmb9wp/chemlightsglowstick_question/,"What is the brightest, longest lasting chem light? Would like to add some emergency ones to my backpack.

",1719107408.0,0.9,8,0,,Hunkamunkawoogywoo,14,False,0,False,text
Survival,1dlpgdm,Bear spray question,20,https://reddit.com/r/Survival/comments/1dlpgdm/bear_spray_question/,https://www.reddit.com/r/Survival/comments/1dlpgdm/bear_spray_question/,"I will be taking my wife and teenage niece out into parks in BC and Alberta Canada where it is said there are bears, wolves and coyotes. These will be short visits - around a hour to a couple hours at a time and then back to the car. We will follow all the trails and won’t be wondering off trail. Going at this conservatively. I was thinking of bringing a big hunter knife but I doubt that will be of any use and probably just worsen what would already be a deadly situation if having reached such a stage.

I plan to buy a can of bear spray. 

1. Any recommendations for best brand / size? Go big?

2. Would bear spray be enough? That is after doing our best following all precautions.

3. What time would one say is cut off during the day for avoiding the wilderness parks due to maybe higher chance of encountering carnivores…? Maybe after 3-4 pm during summers?

If there is anything else I should know please please let me know 🙏

Despite being a big guy myself - 6’3 @ 350lb and quite strong - I am 100% confident I won’t survive a direct bear assault. Maybe can last a little bit vs. A coyote - and definitely quickly dead vs. Wolf packs.",1719038337.0,0.8,20,0,General Question,BigManga85,96,False,0,False,text
Survival,1dlz370,Traps,2,https://reddit.com/r/Survival/comments/1dlz370/traps/,https://www.reddit.com/r/Survival/comments/1dlz370/traps/,"Can anyone comment the name of a primitive trap or snare that's effective for larger animals then sqaurel and rabbit? Like gators 
boars turkey ect... maybe a giant figure four could kill a hog Lol",1719072555.0,0.56,2,0,,Swimming_Witness_438,54,False,0,False,text
Survival,1dll6ap,Medical kits,11,https://reddit.com/r/Survival/comments/1dll6ap/medical_kits/,https://www.reddit.com/r/Survival/comments/1dll6ap/medical_kits/,Anyone have a recommendation on where to buy a quality comprehensive med kit? What to be able to cover most everything. From a headache to a full trauma situation.  I have looked at My Medic and North American Rescue. T.I.A. ,1719022976.0,0.82,11,0,,Demons-Inside-MyHead,34,False,0,False,text
Survival,1dkvgec,Is “The Mountains Between Us (2017)” a good survival movie?,3,https://reddit.com/r/Survival/comments/1dkvgec/is_the_mountains_between_us_2017_a_good_survival/,https://fmovies24.to/movie/the-mountain-between-us-7wk07,"Just bought this movie in 4K for $3, gonna watch it with my girlfriend. Is this a good survival movie? I don’t really know anything about it at all. I’ll respond to comments once I’ve watched the movie. ",1718944210.0,1.0,3,0,General Question,NippleChomp,4,False,0,False,text
Survival,1dkinsx,Eating wilderness rats (and other rodents),10,https://reddit.com/r/Survival/comments/1dkinsx/eating_wilderness_rats_and_other_rodents/,https://www.reddit.com/r/Survival/comments/1dkinsx/eating_wilderness_rats_and_other_rodents/,"I wonder if there is any hard research on disease probabilities when it comes to consuming rats and other ""non-squirrel"" rodents in a wilderness survival setting? 

In populated areas (urban in particular), rats are often said to be serious carriers of disease due to living in filthy areas, consuming refuse, and multiplying dramatically. That may be the case, but what of such animals living in - say - a rather pristine woodland environment? 

Would a forest rat be comparable to any other neighbouring animal (of more or less similar disposition in diet and other habits) in terms of how safe it would be to handle, cook and consume one as food in a survival episode? Since they are quite prolific and active animals, I surmise that catching them through the use of baited traps would be relatively easy - hence the question.

I would love to hear any insights on this.",1718907808.0,0.71,10,0,,[deleted],27,False,0,False,text
Survival,1dk86ul,What’s your go to survival watch?,18,https://reddit.com/r/Survival/comments/1dk86ul/whats_your_go_to_survival_watch/,https://www.reddit.com/r/Survival/comments/1dk86ul/whats_your_go_to_survival_watch/,,1718878754.0,0.77,18,0,,[deleted],83,False,0,False,text
Survival,1di9y3l,Survival kit review request (see first post),298,https://reddit.com/r/Survival/comments/1di9y3l/survival_kit_review_request_see_first_post/,https://www.reddit.com/gallery/1di9y3l,,1718660737.0,0.97,298,0,,Draugakjallur,104,True,12,True,text
Survival,1dhg5hs,Are kit review requests no longer entertained on this sub?,13,https://reddit.com/r/Survival/comments/1dhg5hs/are_kit_review_requests_no_longer_entertained_on/,https://www.reddit.com/r/Survival/comments/1dhg5hs/are_kit_review_requests_no_longer_entertained_on/,Tried to post a survival kit for a review (rule #3 Requests for review of kits are accepted) but it's coming back blocked by reddits filters.,1718568705.0,0.81,13,0,,Draugakjallur,9,False,0,False,text
Survival,1dgvsp4,How much of a difference does having a firearm in a survival situation make?,182,https://reddit.com/r/Survival/comments/1dgvsp4/how_much_of_a_difference_does_having_a_firearm_in/,https://www.reddit.com/r/Survival/comments/1dgvsp4/how_much_of_a_difference_does_having_a_firearm_in/,"I was thinking about it and if you don't carry a firearm on you then you most likely won't have it in an emergency survival situation, but if you do have one, even like something small like a handgun, how much of a difference would it make?",1718498385.0,0.84,182,0,,[deleted],600,False,0,False,text
Survival,1dgwc7m,How do I tell if something is edible without any prior knowledge?,36,https://reddit.com/r/Survival/comments/1dgwc7m/how_do_i_tell_if_something_is_edible_without_any/,https://www.reddit.com/r/Survival/comments/1dgwc7m/how_do_i_tell_if_something_is_edible_without_any/,"Does anyone know any ways to tell if I can eat something like a plant or insect if I don't have any prior knowledge about edible and non-edible things?

Edit: it's come to my attention that this was an incredibly idiotic question when I could've just Googled.",1718500190.0,0.78,36,0,,[deleted],74,False,0,False,text
Survival,1dgweuo,What are the most reliable methods of starting a fire? ,27,https://reddit.com/r/Survival/comments/1dgweuo/what_are_the_most_reliable_methods_of_starting_a/,https://www.reddit.com/r/Survival/comments/1dgweuo/what_are_the_most_reliable_methods_of_starting_a/,"What is the easiest way to start a fire without traditional means (Matches, lighters, and such) I mean I've seen people rub sticks together to make one, but is that really the most reliable option?",1718500437.0,0.81,27,0,,[deleted],131,False,0,False,text
Survival,1dgw9vc,Can anyone share any real survival experiences?,22,https://reddit.com/r/Survival/comments/1dgw9vc/can_anyone_share_any_real_survival_experiences/,https://www.reddit.com/r/Survival/comments/1dgw9vc/can_anyone_share_any_real_survival_experiences/,"I'd like to here some true survival stories of your's whether you chose to get into a survival situation or not, I'd like to know how you got out of that situation, how you could've prevented it or prepared better, and just overall what happened.",1718499972.0,0.84,22,0,,[deleted],20,False,0,False,text
Survival,1dgy0er,Survival Olympics,4,https://reddit.com/r/Survival/comments/1dgy0er/survival_olympics/,https://www.reddit.com/r/Survival/comments/1dgy0er/survival_olympics/,"We used to hold a Survival Olympics every summer.  It was a lot of fun. 
Anyone else get together for a friendly test of skills?",1718506007.0,0.83,4,0,,BiddySere,4,False,0,False,text
Survival,1dgpsha,What should i include in my medkit?,6,https://reddit.com/r/Survival/comments/1dgpsha/what_should_i_include_in_my_medkit/,https://www.reddit.com/r/Survival/comments/1dgpsha/what_should_i_include_in_my_medkit/,"i want to fit in a 10\*15 med kit that weighs under 1.5kg(52 ounces or lighter)

that will last long enough for 2 weeks in the forest.",1718480326.0,0.69,6,0,,Boblo_,35,False,0,False,text
Survival,1dg21ym,What is your ideal survival location?,183,https://reddit.com/r/Survival/comments/1dg21ym/what_is_your_ideal_survival_location/,https://www.reddit.com/r/Survival/comments/1dg21ym/what_is_your_ideal_survival_location/,If you were to get lost anywhere and have to survive there for a week where would that be?,1718401199.0,0.93,183,0,,[deleted],238,False,0,False,text
Survival,1dfuoim,Hatchet or Knife?,31,https://reddit.com/r/Survival/comments/1dfuoim/hatchet_or_knife/,https://www.reddit.com/r/Survival/comments/1dfuoim/hatchet_or_knife/,If you got one to pick which one is better as an overall survival tool?,1718381796.0,0.81,31,0,,[deleted],85,False,0,False,text
Survival,1dg3d1j,Any backpack recommendations?,7,https://reddit.com/r/Survival/comments/1dg3d1j/any_backpack_recommendations/,https://www.reddit.com/r/Survival/comments/1dg3d1j/any_backpack_recommendations/,"Hello! I’m looking for a budget backpack. Im planning on building a survival kit in it, but i want to use this backpack also for primitive camping, so I want it to be comfortable and breathable. Im looking at 50-60L bags. Any advic, recommendations will help! Thanks!",1718404847.0,0.78,7,0,Gear Recommendation Wanted,Fast-Conclusion-3852,12,False,0,False,text
Survival,1dfmln4,Most important skills?,9,https://reddit.com/r/Survival/comments/1dfmln4/most_important_skills/,https://www.reddit.com/r/Survival/comments/1dfmln4/most_important_skills/,without taking into account having an adequate physical shape. What skills do you think are most important to know or develop in terms of survival?,1718356453.0,0.81,9,0,,Paupagayo95,32,False,0,False,text
Survival,1dfd9lj,"If you’re in the wilderness, what is best for a human to consume to cover the most important nutrients and survive with maximum health? (Sources: Animals, Water, Electrolytes, Plants, Etc)",31,https://reddit.com/r/Survival/comments/1dfd9lj/if_youre_in_the_wilderness_what_is_best_for_a/,https://www.reddit.com/r/Survival/comments/1dfd9lj/if_youre_in_the_wilderness_what_is_best_for_a/,"This is a piggyback question to one of my previous questions about which nutrient is most important…

The general consensus seemed to be that the order is:

water > protein, fat, carbohydrates, minerals > vitamins 

or carbohydrates being dead last with no significance whatsoever

With that said, take into account the level of difficulty of obtaining these nutrients in nature and what the best sources (animals, water, electrolytes, plants) would be. 

If you are a good hunter, catching animals covers water, protein, fat, minerals and vitamins. If you only find water you can probably survive a bit but you are going to be feeling weak and at some point you have to hunt or scavenge for the remaining nutrients, preferably from animal sources as plants don’t cover every mineral or vitamin and have many anti nutrients and other digestion issues.

But anyway, thoughts? ",1718322515.0,0.81,31,0,General Question,Realistic_Guava9117,66,False,0,False,text
Survival,1delkpr,I’m looking my to get into primitive survival camping.,18,https://reddit.com/r/Survival/comments/1delkpr/im_looking_my_to_get_into_primitive_survival/,https://www.reddit.com/r/Survival/comments/1delkpr/im_looking_my_to_get_into_primitive_survival/,"So for starters where is the best place to learn. I know a little about the topic, like to not spend so much energy panicking and to focus on shelter, a food and water source, and most importantly know what is dangerous near you. The last one I feel is important because you want to know if you are in danger. But if I’m wrong my please let me know. I am also wondering what gear would be too much to really be considered true primitive survival camping or how little could end up harming a beginner. If anyone wants to help please comment and let me know.",1718237119.0,0.78,18,0,Learning Survival,OrdinaryDear4402,43,False,0,False,text
Survival,1de8vd7,How do you carry your ferro rod if you don't have knife with a sharp spine? What should you carry on person in case you fall down the side of a mountain and lose your pack scenario? ,36,https://reddit.com/r/Survival/comments/1de8vd7/how_do_you_carry_your_ferro_rod_if_you_dont_have/,https://www.reddit.com/r/Survival/comments/1de8vd7/how_do_you_carry_your_ferro_rod_if_you_dont_have/,"Hi all,

Bear with me this might be a strange question. How do you carry your ferro rod if you have a knife without a 90° sharp spine? Do you carry it in your pocket or do you have a little attachement on your Kydex or a small pouch on your belt etc? What ferro rode would you carry?

I have a White River Knife M1 knife. This knife doesn't have a sharp spine. How would you carry your ferro rod with such a knife. This is a stupid ""in case you lose your pack and fall down the side of the mountain and only have the things on your belt what would you carry?"" question.

P.S. I carry a bic lighter, but a ferro rod as a back up. I'm also considering buying a White River FC 3.5 but have to wait until they are back instock in my country. I figured I would ask with the M1 as well. I always see cool set ups with pouches attached to a sheath but that is usually for bigger knives.

  
This is more of a fun hypothetical question :). I don't really go hiking in unpaved off the beaten path places. ",1718204667.0,0.77,36,0,General Question,Ailan22,111,False,0,False,text
Survival,1ddocvf,"Which nutrients, in order, would be most important for our survival in the wilderness? ",19,https://reddit.com/r/Survival/comments/1ddocvf/which_nutrients_in_order_would_be_most_important/,https://www.reddit.com/r/Survival/comments/1ddocvf/which_nutrients_in_order_would_be_most_important/,"Now, I believe this is actually the exact order of importance but i’ve been trying to get some good answers from other people. I posted a similar thread in r/nutrition. I’ve been brainstorming this for some time now:

1Water ~ We can only go 3-4 days without any water.

2Minerals ~ We need minerals to even properly absorb water as well as carry out many other functions.

3Fat ~ We need fat for our cells to absorb water, as an energy source, etc.

4Carbohydrates ~ If we are not getting fat we need carbohydrates for energy.

5Protein ~ We need protein but we don’t necessarily need it everyday. If we consume too much protein and no fat or carbs then we will supposedly experience protein poisoning or “rabbit starvation”. This link says “If fat is not available, an individual develops fatigue and nausea within a few days, diarrhea in seven to ten days, and dies after several weeks.” https://hekint.org/2022/01/26/rabbit-starvation-protein-poisoning/

6Vitamins ~ We need vitamins but vitamins are relatively east to consume if you eat tons of animal foods and get out and get some sun. They are pretty much a given.

Thoughts?",1718137971.0,0.78,19,0,General Question,Realistic_Guava9117,45,False,0,False,text
Survival,1ddmr7d,Is Damascus steel actually any good in a survival scenario?,17,https://reddit.com/r/Survival/comments/1ddmr7d/is_damascus_steel_actually_any_good_in_a_survival/,https://www.reddit.com/r/Survival/comments/1ddmr7d/is_damascus_steel_actually_any_good_in_a_survival/,"I hear a lot about how valuable it is in the smithing community and from a friend who is a massive sword and knife nut, but is Damascus actually worth anything in a real survival situation, if so why is it better than regular carbon steel?",1718134059.0,0.7,17,0,,[deleted],45,False,0,False,text
Survival,1ddmkkz,Books regarding tool maintenance and repairs,12,https://reddit.com/r/Survival/comments/1ddmkkz/books_regarding_tool_maintenance_and_repairs/,https://www.reddit.com/r/Survival/comments/1ddmkkz/books_regarding_tool_maintenance_and_repairs/,"Hello, I have noticed that there are thousands upon thousands of survival books for back yard projects and such, but none of them include any sort of sections or hardly even mentions tools.

Is there any books that cover maintenance and repairs for hand tools (or even power tools, but we're talking about survival here). For example, your saw gets really dull and you're wasting a ton of precious energy trying to just saw a board in half. You need to learn how to sharpen a saw. What tools to use to do that, what you could do instead of x or y, etc etc. Where's the books on that? Doesn't need to be specific to survival, but relevant information.",1718133595.0,0.93,12,0,,Salty-Physics6383,9,False,0,False,text
Survival,1ddi0hi,How do I fix a squeaky canteen lid,4,https://reddit.com/r/Survival/comments/1ddi0hi/how_do_i_fix_a_squeaky_canteen_lid/,https://www.reddit.com/r/Survival/comments/1ddi0hi/how_do_i_fix_a_squeaky_canteen_lid/,"Idk if this would go here but I have a one of the circular steel canteens, one of the old BSA ones, but the lid screeches whenever i close or open the lid, does anyone know who i can fix this.",1718122394.0,0.75,4,0,,[deleted],12,False,0,False,text
Survival,1dc8vjl,Give me your favorite Survival fiction books,128,https://reddit.com/r/Survival/comments/1dc8vjl/give_me_your_favorite_survival_fiction_books/,https://www.reddit.com/r/Survival/comments/1dc8vjl/give_me_your_favorite_survival_fiction_books/,"Growing up, I loved reading the Gary Paulsen Hatchet books. It introduced me to my love of survival. Additionally, I love the book, My Side of the Mountain as a young boy. I wanted nothing more than a falcon on my shoulder that would retrieve fruits, berries, and . steal hotdogs from the neighboring stands in my neighborhood.

Where are some other books that are survival fiction books that you enjoy ?",1717980023.0,0.96,128,0,General Question,[deleted],149,False,0,False,text
Survival,1dc9z1v,"Winter road roll over, 2 night survival and 2 more by choice",82,https://reddit.com/r/Survival/comments/1dc9z1v/winter_road_roll_over_2_night_survival_and_2_more/,https://www.reddit.com/gallery/1dc9z1v,"While enroute to Whitewater traveling from Rocky Mountain House, I lost control going into a corner during a massive whiteout snow storm with 6 to 8 inches of snow on the road. I went between the rock face and guard rail bit clipped the rail flipped and rolled 4 or 5 times upntop and almost stopped bit just rolled over the edge and down the 150 foot river bank. I had to gather all i could before all the lights wentnout on my truck and was in pitch black and was able to find my sleeping bag (good for -32 WM) and some underlay material to sleep on the river edge. The next day began finding all my scattered belongings and then hiked them up the hill and set camp up top for another night before the snow plow came by.  Luck had it i went to highschool with the guy and he came back after his route and took me into Nordegg to get some supplies so I could stay out there and clean up so spent 4 nights and 4 days in -18C conditions.  It was quite the experience.",1717983473.0,0.99,82,0,,Apocaflex,17,True,9,True,text
Survival,1darup2,"give me Tips on What to bring to ""Appalachian Mountains"" (im from Canada) ",20,https://reddit.com/r/Survival/comments/1darup2/give_me_tips_on_what_to_bring_to_appalachian/,https://www.reddit.com/r/Survival/comments/1darup2/give_me_tips_on_what_to_bring_to_appalachian/,"hello! im planning in the near future to go to the Appalachian Mountains, in the near future, since im interested in van traveling, and im likely to go by myself and i have no fear on going alone, il go to any places but since its the Appalachian Mountains which is a ""well known"" place, What tips and xtra information should i do before going there?

  
",1717811699.0,0.78,20,0,Location Specific Question,Youtube_ZxstyGM,101,False,0,False,text
Survival,1db2kka,Survival in Sub-0,0,https://reddit.com/r/Survival/comments/1db2kka/survival_in_sub0/,https://www.reddit.com/r/Survival/comments/1db2kka/survival_in_sub0/,"Hypothetically you are stuck in a situation where the air temp is below 0 degrees Celsius and you don’t have the opportunity for a fire. 

Would it be better to get into water since it has to be above freezing level to still be water? 

I’ve always wondered this since I’ve seen people taking ice baths when the OAT is like -10 Fahrenheit. Wouldn’t it be colder to not get in the water? ",1717852010.0,0.38,0,0,,Wooden_Patience_6367,28,False,0,False,text
Survival,1dack20,Survival Kit,9,https://reddit.com/r/Survival/comments/1dack20/survival_kit/,https://www.reddit.com/r/Survival/comments/1dack20/survival_kit/,Does anyone have any solid recommendations for a good survival kit? Should I build out my own or is there any good pre-builds?,1717771606.0,1.0,9,0,,weston825,16,False,0,False,text
Survival,1d9gpy9,Does anyone enjoy starting fires with a Magbar still? I know a firesteel is better I have both but still enjoy my magbar .,13,https://reddit.com/r/Survival/comments/1d9gpy9/does_anyone_enjoy_starting_fires_with_a_magbar/,https://www.reddit.com/r/Survival/comments/1d9gpy9/does_anyone_enjoy_starting_fires_with_a_magbar/,"I have both ,obviously the firesteel is easier and would be my go in any kind of emergency,but I enjoy starting fires with my mag",1717676067.0,0.79,13,0,,FletcherForever,34,False,0,False,text
Survival,1d91ulw,Keyhole fire lay,160,https://reddit.com/r/Survival/comments/1d91ulw/keyhole_fire_lay/,https://i.redd.it/uwv3ki21qt4d1.jpeg,"I like this one over the Dakota just for the ease of building it. 
It works just as good,  flames are still low signature",1717624006.0,0.97,160,0,,BiddySere,33,True,1,False,image
Survival,1d96pa1,Which would be more important for survival: shoes or pants?,64,https://reddit.com/r/Survival/comments/1d96pa1/which_would_be_more_important_for_survival_shoes/,https://www.reddit.com/r/Survival/comments/1d96pa1/which_would_be_more_important_for_survival_shoes/,"Just a random thought

Do we need to protect our feet or our genitals more? Lmao",1717637887.0,0.87,64,0,General Question,Realistic_Guava9117,189,False,0,False,text
Survival,1d8r9bi,Can I make it lighter?,122,https://reddit.com/r/Survival/comments/1d8r9bi/can_i_make_it_lighter/,https://www.reddit.com/gallery/1d8r9bi,"What would you get rid of? What’s worth sacrificing comfort? Don’t want to live or survive? 

This is my 4 season capable bag (I don’t camp in the snow, but have the gear if I need to). 
Gear List: picture 1:
Ozark trail 32° sleeping bag
Exped 5 sleeping mat
Boonie hat
Clothes- 2 sets tops and pants - 3 sets skivvies/socks/boot liners - 1 set sleep wear (all quick dry). 
3x ready wise freeze dry pasta dishes 
Stainless steel mess kit 
Soup/coffee cup 
Repair/fishing kit. 
General ecology XLE purifier 
(No longer have solar shower) 
Mini fan 
Fire kit
Hygiene kit
Food kit
Water kit
 Camping toilet paper
Med kit
Trauma kit 
Gerber LMF II
Book
Kleen canteen stainless 
Camp towel
Game knife 
Surefire divers light
Camp saw
Tarp (swapped blue are dark green 10’x10’) 
Picture 2: 
Sleeping cot
8 extra light thick plastic tent stakes 
Ontario SP8 machete/hatchet
Free standing tent/ alloy poles (does not use fiber glass bungee types poles)  
2L camel back ",1717597569.0,0.97,122,0,Gear Recommendation Wanted,Nature_man_76,71,True,3,True,text
Survival,1d92hwh,Youth Survival,4,https://reddit.com/r/Survival/comments/1d92hwh/youth_survival/,https://www.reddit.com/r/Survival/comments/1d92hwh/youth_survival/,What’s a good reference for Youth Survival learning and what would you include for a youth survival kit?,1717625692.0,0.83,4,0,,Additional_Rock291,16,False,0,False,text
Survival,1d8ntm3,What is in your survival kit?,20,https://reddit.com/r/Survival/comments/1d8ntm3/what_is_in_your_survival_kit/,https://www.reddit.com/r/Survival/comments/1d8ntm3/what_is_in_your_survival_kit/,"I want to learn about survival kits and what to put in them or instant go bags, and your bug out bags (BOB). Also I am curious what would you put in an emergency survival bag for long term survival?",1717587658.0,0.89,20,0,Survival Kits,AdvertisingWeary9063,45,False,0,False,text
Survival,1d8cxc4,Jungle platform shelter,102,https://reddit.com/r/Survival/comments/1d8cxc4/jungle_platform_shelter/,https://i.redd.it/mb5w1np4fn4d1.jpeg,"The jungle/ raised bed shelter is good to get you off the wet ground or away from the creepy crawlers. 
It is also a good choice in hot climate as there is airflow underneath to aid in keeping you cooler",1717547701.0,0.96,102,0,,BiddySere,7,True,1,False,image
Survival,1d8cukw,Porous shelter material,39,https://reddit.com/r/Survival/comments/1d8cukw/porous_shelter_material/,https://i.redd.it/ov5sen0hen4d1.jpeg,"Porous material,  such as this parachute,  bed sheets,  etc.  work great as a covering if you remember the principle of pitch and tightness. 
In our shelter demonstration area,  the lean-to tent made from a bed sheet kept the inside dryer than the poncho version.
Pictured is a 3 pole lean- to that's designed to hold extra weight,  such as snow",1717547478.0,1.0,39,0,,BiddySere,0,True,1,False,image
Survival,1d89mqx,Best survival knives,26,https://reddit.com/r/Survival/comments/1d89mqx/best_survival_knives/,https://www.reddit.com/r/Survival/comments/1d89mqx/best_survival_knives/,"What do you think is. The best survival knife you've encountered, an all-in-one type and what is the reasoning behind it? Just sparking up a discussion,  fellas. I hope everyone is having an excellent week.",1717538773.0,0.93,26,0,Gear Recommendation Wanted,AlexxENATOR,110,False,0,False,text
Survival,1d6tz3c,Fat Lighter Fire Tinder,22,https://reddit.com/r/Survival/comments/1d6tz3c/fat_lighter_fire_tinder/,https://youtube.com/watch?v=gc5EOb7kbGU&feature=shared,,1717381719.0,0.78,22,0,,BiddySere,19,False,0,False,text
Survival,1d4tp4y,Water filtration: tablets before or after filtering?,17,https://reddit.com/r/Survival/comments/1d4tp4y/water_filtration_tablets_before_or_after_filtering/,https://www.reddit.com/r/Survival/comments/1d4tp4y/water_filtration_tablets_before_or_after_filtering/,"I am planning my first backpacking trip where I will need to filter water. Should I decide to use both a filter (Sawyer squeeze) and tablets (Aquarians), should the tablet go in the dirty water before filtering, or in the clean water after filtering?
",1717156153.0,0.79,17,0,,Bilfrost,31,False,0,False,text
Survival,1d4q99x,Survival shows in Europe,7,https://reddit.com/r/Survival/comments/1d4q99x/survival_shows_in_europe/,https://www.reddit.com/r/Survival/comments/1d4q99x/survival_shows_in_europe/,"Hey! I was talking with a friend the other day about various methods on how to light a fire (I like to go out hiking and trecking, and he likes listening to curious knowledge and ways on how to do things), when he asked me why I didn't apply to go to one of those survival shows that are out there.

The thing is, that got me thinking. I know survival shows are kind of famous because they're often unrealistic (I've watched some and often bitten my knuckles in frustration over obvius mistakes that the contestants ussually make), but after talking a bit I've realised it could be a great experience to see my weaknesses and what I lack in terms of survival.

Are there any survival shows out there (in Europe preferably) in which contestants are ussually casted from the public?",1717142033.0,0.73,7,0,General Question,Wild_Candle5025,8,False,0,False,text
Survival,1d46f1v,Survival tips for a beginner ,36,https://reddit.com/r/Survival/comments/1d46f1v/survival_tips_for_a_beginner/,https://www.reddit.com/r/Survival/comments/1d46f1v/survival_tips_for_a_beginner/,"Hey guys,

In two weeks I am going into the Philippines jungle. I will be placed with 30 more people on a small beach there. We will have to survive on that beach for 2 months. The only things we will have there are our clothes, shoes and endless amount of drinkable water.

Therefore, I need advisea related to:
1) how to start a fire (without flint or lighter) in an extremely humid place
 
2) how to build a durable shelter that protects from rain and wind 

3) how to secure food (seafood, seaweed, bugs, plants, mushrooms, coconuts, etc.) 

Any advice or link to relevant resources (knowledge) would be highly appreciated! 

Thank you!",1717082061.0,0.85,36,0,,mdzhokanov,68,False,0,False,text
Survival,1d3psxm,Question about Solar Powered gadgets,17,https://reddit.com/r/Survival/comments/1d3psxm/question_about_solar_powered_gadgets/,https://www.reddit.com/r/Survival/comments/1d3psxm/question_about_solar_powered_gadgets/,"Hello Everyone,

I would like to ask for some advice on which gadget I should buy that has solar power capabilities for survival purposes.

Thanks in advance.",1717025087.0,0.84,17,0,General Question,[deleted],18,False,0,False,text
Survival,1d2uj53,"Since I started reading up on Survival, I wonder how Stone Age man survived without titanium pots",624,https://reddit.com/r/Survival/comments/1d2uj53/since_i_started_reading_up_on_survival_i_wonder/,https://www.reddit.com/r/Survival/comments/1d2uj53/since_i_started_reading_up_on_survival_i_wonder/,"I can’t help but wonder what some of our ancestors, even recent ancestors, would make if the equipment that we seem to think is essential.  Sure a ferro rod throws a huge shower of super hot sparks and a bic lighter is super cool, but some of the rest of it?

What say you intrepid adventurers?",1716930234.0,0.92,624,0,,Grgc61,344,False,0,False,text
Survival,1d18qfx,Water bottle with filtration or tabs? Or???,33,https://reddit.com/r/Survival/comments/1d18qfx/water_bottle_with_filtration_or_tabs_or/,https://www.reddit.com/r/Survival/comments/1d18qfx/water_bottle_with_filtration_or_tabs_or/,"Alright ya’ll, I’m revamping my bug out bag that I created (and have not touched) for ten years. I know, I know. 
Anywho, I want to get a good water bottle that will clean contaminated water. There is SO much info and so many options. Is it better to just get the tabs? Or both? 

Edit: Thanks so much for all of the helpful comments and suggestions. I feel a bit less overwhelmed now!",1716750764.0,0.9,33,0,,walled2_0,57,False,0,False,text
Survival,1d15tby,How Do I Recognize Mountain Lion Scat?,2,https://reddit.com/r/Survival/comments/1d15tby/how_do_i_recognize_mountain_lion_scat/,https://www.reddit.com/r/Survival/comments/1d15tby/how_do_i_recognize_mountain_lion_scat/,[How Do I Recognize Mountain Lion Scat?](https://youtu.be/kDKQ4NqTd9E),1716742856.0,0.53,2,0,,lifesongwild,46,False,0,False,text
Survival,1d065z7,Wire size for snares,9,https://reddit.com/r/Survival/comments/1d065z7/wire_size_for_snares/,https://www.reddit.com/r/Survival/comments/1d065z7/wire_size_for_snares/,"I know I can make snares with whatever wire I have. 

But is there a specific size wire which the USA regs say is legal and good and not too heavy and ....",1716620196.0,0.74,9,0,,ReactionAble7945,6,False,0,False,text
Survival,1cyujfq,Any knife recommendations?,55,https://reddit.com/r/Survival/comments/1cyujfq/any_knife_recommendations/,https://www.reddit.com/r/Survival/comments/1cyujfq/any_knife_recommendations/,"In a survival situation a good knife/tool is needed to increase the chances of survival,so what kind of knives do you recommend?",1716475553.0,0.84,55,0,Gear Recommendation Wanted,7DARK_BOI,183,False,0,False,text
Survival,1cyyc66,"Decent non-slip, waterproof boots that would be good for hiking rough terrain",8,https://reddit.com/r/Survival/comments/1cyyc66/decent_nonslip_waterproof_boots_that_would_be/,https://www.reddit.com/r/Survival/comments/1cyyc66/decent_nonslip_waterproof_boots_that_would_be/,"Need something with good ankle support and preferably arch supports as I have flat feet. Will be for hiking rocky, possibly moist, terrain.",1716484972.0,0.84,8,0,Gear Recommendation Wanted,[deleted],35,False,0,False,text
Survival,1cy0fy0,is this a problem?,15,https://reddit.com/r/Survival/comments/1cy0fy0/is_this_a_problem/,https://www.reddit.com/r/Survival/comments/1cy0fy0/is_this_a_problem/,"I have just recently bought a new hultafors h 006 and its nice just the sheath is a bit cheap I will probably make one myself but that's beyond the point the blade looks crooked and I'm not sure if I should or can do anything about it will it affect its performance and i have also heard of other people having the same problem with this model, here is somebody from r/Axecraft with the same bend 

https://preview.redd.it/d1ht9d5zdz1d1.png?width=1080&format=png&auto=webp&s=1b32048862de8ef5c242236f545c2f75e4fffaa4

  
",1716385056.0,0.83,15,0,,Boblo_,18,True,1,False,text
Survival,1cyue7d,Making a Star Wars inspired wilderness survival kit. Looking for suggestions.,0,https://reddit.com/r/Survival/comments/1cyue7d/making_a_star_wars_inspired_wilderness_survival/,https://www.reddit.com/r/Survival/comments/1cyue7d/making_a_star_wars_inspired_wilderness_survival/,"**PEW PEW! You've been hit and your small starship is going down onto an unknown forest planet. You manage to eject just in time and now find yourself alone in the wilderness, with only the small survival kit from your ship. Naturally, like Luke on Dagobah, the first thing you do is pop open that kickass Lunchables ration box for a quick snack. And then what? You start to pull gear out of that survival bag. What do you hope to find in there?**

I'm looking to create a real world survival/bushcraft kit inspired by the Star Wars universe with the ultimate goal of putting it to use. Doing a Star Wars ""survival challenge"". Taking the idea of various survival challenges you might have seen on YouTube or wherever like the ""Dollar Store Survival Challenge"" and giving it a Star Wars twist. I'm taking my Galaxy's Edge Batuu Bounding gear out into the woods for a night or two.

So, what goes into the Star Wars Survival Kit? Now, I know what goes into a normal kit. I have several I maintain for various situations. I'm looking for real world items that better fit the Star Wars aesthetic. Things like using a plasma arc lighter instead of matches or a knife that just looks more Star Warsy than my standard morakniv. Send me links to specific products or ideas, including things that you think would work with some modification (paint, greeblies, etc. I've done plenty with props and costumes.). I need to be able to cover all the basics and survival priorities. First aid, shelter, water, fire, food, navigation, communication, etc. And I need these to be real world things. As amazingly simple as it would be to cut firewood with a lightsaber, I'll have to use a saw or hatchet.  
I will also clarify that I am an experienced outdoorsman. I hunt, hike, backpack, and camp, and I've done similar nerdy themed adventures with Lord of the Rings inspired medieval gear. So, I'm wanting to be able to switch from fantasy to sci-fi for this one.",1716475180.0,0.42,0,0,Gear Recommendation Wanted,redhandfilms,35,False,0,False,text
Survival,1cxj0qv,Wood ash for cleaning pans,9,https://reddit.com/r/Survival/comments/1cxj0qv/wood_ash_for_cleaning_pans/,https://www.reddit.com/r/Survival/comments/1cxj0qv/wood_ash_for_cleaning_pans/,"I just learned that if you take the ashes from your wood and mix it with water, it makes rust wipe away from cast iron pans with a simple rag which is very useful in the wild

Just make sure you follow basic fire safety when trying this and rinse the ashes out before re-seasoning the pan",1716326097.0,0.91,9,0,Learning Survival,Craftycat99,24,False,0,False,text
Survival,1cx1hcn,Survival films,43,https://reddit.com/r/Survival/comments/1cx1hcn/survival_films/,https://www.reddit.com/r/Survival/comments/1cx1hcn/survival_films/,What interesting films on the theme of survival can you recommend?,1716273798.0,0.86,43,0,,IgorBilogubov,84,False,0,False,text
Survival,1cx7wpn,ALICE packs up to snuff?,10,https://reddit.com/r/Survival/comments/1cx7wpn/alice_packs_up_to_snuff/,https://www.reddit.com/r/Survival/comments/1cx7wpn/alice_packs_up_to_snuff/,"Title. Looking into getting one of these since they’re frequently on eBay for the sub 100$ price point and usually modified. No longer have any form of hiking pack, but don’t want to spend big bucks on stuff that sits in my closet for 10 months out of the year since I’m hiking and camping at the end of September to about the end of November.",1716298080.0,0.71,10,0,,DNCOrGoFuckYourself,57,False,0,False,text
Survival,1cwwp79,Solar Powered Battery,19,https://reddit.com/r/Survival/comments/1cwwp79/solar_powered_battery/,https://www.reddit.com/r/Survival/comments/1cwwp79/solar_powered_battery/,"Hi! I am looking for a portable power bank (think backpacking) which is solar-powered, and made in the USA. Any ideas?",1716256617.0,0.84,19,0,,[deleted],25,False,0,False,text
Survival,1cwljky,Has anyone heard about the OKO filters ? ,10,https://reddit.com/r/Survival/comments/1cwljky/has_anyone_heard_about_the_oko_filters/,https://www.reddit.com/r/Survival/comments/1cwljky/has_anyone_heard_about_the_oko_filters/,I was in a survival training course and the instructor talked about filters that used NASA technology to both filter and purify water. Anyone had experiences with this brand ? It looks like they only sell in Europe tho ,1716227085.0,0.81,10,0,General Question,isma496,7,False,0,False,text
Survival,1cvtka9,Good Survival Books?,38,https://reddit.com/r/Survival/comments/1cvtka9/good_survival_books/,https://www.reddit.com/r/Survival/comments/1cvtka9/good_survival_books/,"Looking for books to educate myself in general botany knowledge and the uses of certain plants in bushcraft. I have no clue where to start. I would be very interested in a book that tied in some history of the region and what invasive species have come into play through colonization. Currently living in western Rocky Mountain region, spending a lot of time in Utah, Wyoming and Montana.

Any suggestions welcomed ",1716139842.0,0.92,38,0,,TripleGthugLife,33,False,0,False,text
Survival,1cu400k,I Made a 5 Course Meal Out of Cicadas,5,https://reddit.com/r/Survival/comments/1cu400k/i_made_a_5_course_meal_out_of_cicadas/,https://www.reddit.com/r/Survival/comments/1cu400k/i_made_a_5_course_meal_out_of_cicadas/,"**Ever wondered what cicadas taste like?**

With cicadas in abundance, why not turn them into a gourmet adventure? 🍽️

In my latest video, I show you how to sterilize cicadas and transform them into 5 unique and delicious dishes! Intrigued? Check it out here: [https://www.youtube.com/watch?v=zCeTQE4Z1vo&ab\_channel=PlantDaddy](https://www.youtube.com/watch?v=zCeTQE4Z1vo&ab_channel=PlantDaddy)

\*These cicadas were collected in St. Louis, MO",1715949194.0,0.52,5,0,Instructional Video,mo_plant_daddy,30,False,0,False,text
Survival,1cs95wx,Is Wildwood wisdom by Ellsworth Jaeger as good as they say?,11,https://reddit.com/r/Survival/comments/1cs95wx/is_wildwood_wisdom_by_ellsworth_jaeger_as_good_as/,https://www.reddit.com/r/Survival/comments/1cs95wx/is_wildwood_wisdom_by_ellsworth_jaeger_as_good_as/,Wondering if it's worth hunting down a used copy of Wildwood wisdom by Ellsworth Jaeger or if there are better books out there.,1715737070.0,0.8,11,0,,4matting,13,False,0,False,text
Survival,1crvovr,Hultafors hatchets: Dvardala or Hultan?,12,https://reddit.com/r/Survival/comments/1crvovr/hultafors_hatchets_dvardala_or_hultan/,https://www.reddit.com/r/Survival/comments/1crvovr/hultafors_hatchets_dvardala_or_hultan/,"Hi everyone! I was wondering what could be the best hatchet to bring with me during hikes/camps, that could help me easily with all the activities that needs to be done in a mountain scenario (chopping fire wood, create tools, build structures...) and that could also be brought around attached to my belt without being too much of a trouble to carry. I bumped in the hultafors brand and I'm impressed by the manifacture's quality, as well as I am about the looks of those tools... What do you think can be the best option between these two models? One is about 44 cm and the other around 37.5 cm, the main difference is the head.",1715702401.0,0.8,12,0,Gear Recommendation Wanted,IWiseDucklingI,29,False,0,False,text
Survival,1cqdn07,Best EDC firestarter ,21,https://reddit.com/r/Survival/comments/1cqdn07/best_edc_firestarter/,https://www.reddit.com/r/Survival/comments/1cqdn07/best_edc_firestarter/,Hello I wanted to find a firestarter that I can wear around my neck. I have a necklace which I'm keeping a mini survival kit. Wanted to know what would be historically explainable and wouldn't need any modern fixings. It has to be able to be waterproof and nothing to refill.,1715536423.0,0.87,21,0,,Bearsbunbun,67,False,0,False,text
Survival,1cqiyoe,Lifestraw Go vs Sawyer Squeeze ?,4,https://reddit.com/r/Survival/comments/1cqiyoe/lifestraw_go_vs_sawyer_squeeze/,https://www.reddit.com/r/Survival/comments/1cqiyoe/lifestraw_go_vs_sawyer_squeeze/,Which one would you recommend ?,1715550444.0,1.0,4,0,Survival Kits,QuenGua,1,False,0,False,text
Survival,1cq7nwx,How to cook these,16,https://reddit.com/r/Survival/comments/1cq7nwx/how_to_cook_these/,https://www.reddit.com/r/Survival/comments/1cq7nwx/how_to_cook_these/,"I am planning to surrvive for a little bit in quonnie pond RI and I just want to check if I how to cook/prepare these.

Periwinkles

silversides

possibly barnacles

quahogs

seaweed

rose hips

fiddler crabs

green crabs

also I havent ever done somthing like this so I would like some advice

[map of the coast](https://preview.redd.it/hwwl47e4xzzc1.jpg?width=1280&format=pjpg&auto=webp&s=388437fa3cf8145f064121f0689e9594785e45fa)

",1715519809.0,0.68,16,0,Hunting/Fishing/Trapping,SimiaeUltionis,43,True,1,False,text
Survival,1cotz1s,"Small, discreet weapon choices?",93,https://reddit.com/r/Survival/comments/1cotz1s/small_discreet_weapon_choices/,https://www.reddit.com/r/Survival/comments/1cotz1s/small_discreet_weapon_choices/,"Based on my search results, I’m guessing a lot of people here have very strong opinions on slingshots for survival use. 
I was looking into getting one to get used to, use for target practice, have one as something rather than nothing in the case of self defense or for hunting purposes. I’m not actually thinking it would be the most ideal tool to be proficient in, just one worth having as a backup. 
But I think I might want to rephrase my  question now…
I do not have a bow yet, I have looked around a little, but can’t decide what I want to go with, so this question is completely aside from that, as I’m still planning on getting one.

Is there a small weapon other than a slingshot that would be more useful to be proficient at using? 

Not as a primary survival weapon, more as a backup or “surprise element”. 

Something small enough to carry in your pocket, quiet, easy to find or make ammunition for, something that could be recreated or handmade with limited resources for materials, etc?

The only options I’ve been able to come up with are throwing darts, a blow dart gun or a slingshot. Just wondering if anyone has any other ideas or experience?

Edit: Yes, there is probably a better forum to have asked this question in, or I should have worded it differently. I’m not generally in a situation that could possibly end up with being stranded in the wilderness, but just as likely and probably preferable to being stranded otherwise (depending on the circumstances). I have kids, so I’m not going to run off into the wilderness with my kids and my inexperience, at the first sign of I.e. “zombies”…. 
But most of what I consider to be worthy of preparation, is not having your usual resources. Either short term or long term. 
If I have the option to bring a firearm for food, or self defense, that would be my first option. If I have a limited supply of ammunition, or don’t have access to my firearm for whatever reason, I would want a backup. 
Originally my thought was I would want it to be useful pretty much anywhere, and as small or packable as possible. 
Given the responses so far, knowing how to trap or having the materials to be able to do so seems like it would be a better option than a slingshot or anything else?

I think my fear is being caught anywhere with no chance to prepare, so having only what I had on me or in my car, maybe. So looking for a weapon, or tool, that can fit in a pocket, I can get used to carrying all the time, and packs the most punch ",1715359238.0,0.79,93,0,,thattallblondechick,129,False,0,False,text
Survival,1cm8don,Rocket stove heat retention ,21,https://reddit.com/r/Survival/comments/1cm8don/rocket_stove_heat_retention/,https://www.reddit.com/r/Survival/comments/1cm8don/rocket_stove_heat_retention/,"Has anyone used an improvised rocket stove made from bricks/concrete/rocks and If so how long did the bricks retain heat? 

I am looking for a way to heat a tarp/raised bed, idea being use the stove to cook/heat and before bed breaking down the stove, slide bricks under bed so they radiate heat to keep the bed warm without needing lit fire through the night. 

If the bricks will loose the heat too quickly are there any modifications I could make or any cheap, easily sourced alternatives that would improve the set up? 




",1715076690.0,0.9,21,0,,waddlingNinja,13,False,0,False,text
Survival,1cm14s6,Where do you keep you PLB?,18,https://reddit.com/r/Survival/comments/1cm14s6/where_do_you_keep_you_plb/,https://www.reddit.com/r/Survival/comments/1cm14s6/where_do_you_keep_you_plb/,"Belt, pocket, bag? I’ve usually kept it attached to my backpack strap but then I’m always concerned that I might get separated from my pack. 

Can I get some suggestions?",1715048929.0,0.79,18,0,General Question,PG_homestead,40,False,0,False,text
Survival,1cimkqp,what to do first? : water purification,49,https://reddit.com/r/Survival/comments/1cimkqp/what_to_do_first_water_purification/,https://www.reddit.com/r/Survival/comments/1cimkqp/what_to_do_first_water_purification/,"should i add bleach to the rainwater, filter it then boil the rainwater OR filter the rainwater, boil it then wait for it to cooldown and then add bleach? Which is the best method?",1714673602.0,0.87,49,0,,Ok-Philosopher-5139,122,False,0,False,text
Survival,1chuq0r,Do AIP compliant survival rations exist?,3,https://reddit.com/r/Survival/comments/1chuq0r/do_aip_compliant_survival_rations_exist/,https://www.reddit.com/r/Survival/comments/1chuq0r/do_aip_compliant_survival_rations_exist/,"I need something that does not contain wheat, soy or dairy. Ideally it would also have no weird chemicals (including ""natural flavor"") but still have a long self life. Am I seeking something that doesn't exist? 

",1714591282.0,0.59,3,0,,RainbowChicken5,39,False,0,False,text
Survival,1ch75sf,Has a silky saw (outback edition) ever rusted on you?,5,https://reddit.com/r/Survival/comments/1ch75sf/has_a_silky_saw_outback_edition_ever_rusted_on_you/,https://www.reddit.com/r/Survival/comments/1ch75sf/has_a_silky_saw_outback_edition_ever_rusted_on_you/,"Looking at getting a silky big boy outback edition and for 100 bucks, I want to make sure it won’t rust in the 10-15 years I plan on using it. Has a silky outback edition ever rusted on you?",1714519563.0,0.63,5,0,General Question,Dry-Bar-7200,13,False,0,False,text
Survival,1cft2jn,DIY tin survival kit ideas,20,https://reddit.com/r/Survival/comments/1cft2jn/diy_tin_survival_kit_ideas/,https://www.reddit.com/r/Survival/comments/1cft2jn/diy_tin_survival_kit_ideas/,"I want to make up a few little survival tins rather than just buying a pre-made kit.

My first one is a fire starter kit.
In this kit - Kindle, lighter, matches, fire starter, flint rod, petroleum jelly..
Should I add anything else?

Next is cordage & Random things.
In this kit - Cordage, fishing wire, hooks, tape.
Should I add anything else?

Finally what other tins/bags should I create?
What type of small resealable & usable bags are best? For any bigger items.",1714375578.0,0.86,20,0,Gear Recommendation Wanted,gnm442,17,False,0,False,text
Survival,1cdi2ka,TOGR survival shelter kit - tarp and bivy vs tent?,12,https://reddit.com/r/Survival/comments/1cdi2ka/togr_survival_shelter_kit_tarp_and_bivy_vs_tent/,https://www.reddit.com/r/Survival/comments/1cdi2ka/togr_survival_shelter_kit_tarp_and_bivy_vs_tent/,"So The Outdoor Gear Review posted a new video: [https://www.youtube.com/watch?v=wf060t2itWI](https://www.youtube.com/watch?v=wf060t2itWI)

In it, he simulates a ""lost in the woods"" survival scenario. He's brought an overnight kit as a survival item on a day trip. OK, he explains that this is 'the middle of nowhere' so that makes sense I guess. The shelter kit consists of a tarp, ground cloth and water resistant bivy. 

I'm puzzled at this because the setup is bulky, heavy, complicated, and quite open to the elements (even with the bivy). Wouldn't a lightweight tent like the Lanshan 1 be a more sensible choice for a *survival* item?",1714127839.0,0.88,12,0,,YuriWayfare,14,False,0,False,text
Survival,1ccr2af,Exotac vs uberleben,8,https://reddit.com/r/Survival/comments/1ccr2af/exotac_vs_uberleben/,https://www.reddit.com/r/Survival/comments/1ccr2af/exotac_vs_uberleben/,"Just binged a whole bunch of seasons of Alone and am now interested in getting a couple essential items. Partly just to pretend that I could survive... a bit of fake-it-till-you-make-it larping. you gotta start somewhere, right? :)

I'm a sucker for pretty toys, and I'm wondering if exotac gear actually is good quality, or whether it's more sharper image style shiny objects.

would uberleben gear be a better bet than exotac?

thx for all advice!",1714049250.0,0.85,8,0,Gear Recommendation Wanted,Cantfindmypw,5,False,0,False,text
Survival,1cc9ulg,Favorite non-fiction novels?,40,https://reddit.com/r/Survival/comments/1cc9ulg/favorite_nonfiction_novels/,https://www.reddit.com/r/Survival/comments/1cc9ulg/favorite_nonfiction_novels/,"Not instructionals, actual stories. Bonus points for wilderness survival. Just finished “The 29th Day” and I highly recommend if someone is looking for one. ",1713993290.0,0.9,40,0,General Question,RLlovin,51,False,0,False,text
Survival,1cbvtec,Can you go without water if you have food,55,https://reddit.com/r/Survival/comments/1cbvtec/can_you_go_without_water_if_you_have_food/,https://www.reddit.com/r/Survival/comments/1cbvtec/can_you_go_without_water_if_you_have_food/,"I’m currently binging “I shouldn't be alive” which is about people who get themselves trapped in the wilderness one way or another and need to survive. Usually their first concern is about finding water because a human can survive only 3 days without water. However, I know that almost all foods contain a lot of water too. So I was wondering, in case you do have food but no water, can you survive for longer than 3 days?",1713958282.0,0.81,55,0,,AggravatedGoat1,150,False,0,False,text
Survival,1cc0i1m,Medic kit bags,9,https://reddit.com/r/Survival/comments/1cc0i1m/medic_kit_bags/,https://www.reddit.com/r/Survival/comments/1cc0i1m/medic_kit_bags/,Trying to build my own kits for EDC and the truck. Where are you guys getting bags for your med kits for EDC and something larger?,1713971047.0,0.81,9,0,,jasken6792,12,False,0,False,text
Survival,1cagazp,"Well, it was supposed to work in theory .....",5,https://reddit.com/r/Survival/comments/1cagazp/well_it_was_supposed_to_work_in_theory/,/r/wilderness_survival/comments/1cag853/well_it_was_supposed_to_work_in_theory/,,1713805926.0,1.0,5,0,,hamradiowhat,2,False,0,False,text
Survival,1cafyny,Lightest emergency bivvy on the market,3,https://reddit.com/r/Survival/comments/1cafyny/lightest_emergency_bivvy_on_the_market/,https://www.reddit.com/r/Survival/comments/1cafyny/lightest_emergency_bivvy_on_the_market/,"Hello survivalists of reddit.

I am preparing for the High Lonesome 100, a big mountain ultra trail race in late July here in the Sawatch Range of Colorado. Part of the required kit is an emergency bivvy. 

I have to carry this during the crux of the race: Climbing Mt Shavano (14,231 ft) in the middle of the night, after having already run 60 miles, so weight is a huge consideration.

The race director has recommended the SOL Emergency Bivvy which comes in at 3.8 oz

I have been looking around for something even a tad bit lighter, even if only getting down to 3.7 or 3.5 oz.

Any recommendations would be greatly appreciated",1713805142.0,0.81,3,0,,EquivalentAvocado342,4,False,0,False,text
Survival,1ca0fsc,Is there a way to spot snakes easily or at least avoid them?,11,https://reddit.com/r/Survival/comments/1ca0fsc/is_there_a_way_to_spot_snakes_easily_or_at_least/,https://www.reddit.com/r/Survival/comments/1ca0fsc/is_there_a_way_to_spot_snakes_easily_or_at_least/,"Tomorrow I’m going to get paid to help a relative of mine with yard work and I live in south Texas and he said he found a coral snake a while back when doing his yard work. I’m terrified of snakes and I hate the idea of potentially dying in a stupid way like a snake bite. I was wondering, is it easy to spot snakes or at least avoid them if possible? Also if I were to get bit by a venomous snake what should I do? This is a serious question, I didn’t know where else to post this.",1713755543.0,1.0,11,0,,SubjectPen1414,20,False,0,False,text
Survival,1c8zkq9,List of skills or knowledge ,15,https://reddit.com/r/Survival/comments/1c8zkq9/list_of_skills_or_knowledge/,https://www.reddit.com/r/Survival/comments/1c8zkq9/list_of_skills_or_knowledge/,"First, Hello. 
So, I'm a writer and have a certain passion for survival related books. Despite that, however, my knowledge on the subject is close to nonexistent regarding anything but weapons and hunting tools. And even there, it's cursory at best. Therefore, I would like to expand my knowledge to make sure that the information in what I write is as accurate as possible. And for that, I need that information. Close to all  of it. 
Now, having said that, is there a list out there on the Internet or guidebooks besides Wikipedia that are both very thorough and accurate so that I can use them as a sort of guideline? Main points of interest would be medical knowledge and hygiene before any sort of scientific advancements and maybe some techniques that replicate some modern technology. Like the underground fridge, of which I have no idea how it works. 

Thank you in advance! ",1713644711.0,0.8,15,0,General Question,[deleted],27,False,0,False,text
Survival,1c90xm9,Peterson field guides,13,https://reddit.com/r/Survival/comments/1c90xm9/peterson_field_guides/,https://www.reddit.com/r/Survival/comments/1c90xm9/peterson_field_guides/,"I am interested in learning about outdoor survival, are Peterson fields guides a good book series to get my feet wet in all that? I’m trying to find good sources of knowledge for all that.",1713648259.0,0.99,13,0,,EvanTheDesteuctor,11,False,0,False,text
Survival,1c8l7r2,Vanquest FTIM pouches as a Survival Kit,13,https://reddit.com/r/Survival/comments/1c8l7r2/vanquest_ftim_pouches_as_a_survival_kit/,https://www.reddit.com/r/Survival/comments/1c8l7r2/vanquest_ftim_pouches_as_a_survival_kit/,"
Hi all, 

I’m looking for a pouch to take with me on hikes with basic “survival” gear such as sawyer mini filter, bic lighter, headlamp and maybe a like a bushbox mini stove (among other smaller items). Nothing huge. 
I don’t know which size to take. The FTIM 5x7 or 6x9. I don’t want a huge pouch. I can’t imagine the sizes though. 
Anyone with these pouches could help me get an idea of size and if it would fit the sawyer mini filter or a mini stove. How do you like these pouches? 

Thanks! ",1713602796.0,0.88,13,0,Gear Recommendation Wanted,Ailan22,5,False,0,False,text
Survival,1c8czq5,Trouble getting the first bow drill fire,20,https://reddit.com/r/Survival/comments/1c8czq5/trouble_getting_the_first_bow_drill_fire/,https://www.reddit.com/r/Survival/comments/1c8czq5/trouble_getting_the_first_bow_drill_fire/,"I've crafted my first bow drill set, my spindle is made out of oak or the equivalent, and my hearthboard is semi punk wood. I'm a guy who can bench 250+, and I am just going at it with all I can, trying new forms, variations, more downward pressure... 200+ good strokes sliding across the whole bow multiple times and my hearthboard just does not smoke or even turn black. My bearing block smokes only a tiny bit after 100 very aggressive strokes but not the board, and it also loves to squeak. I see guys doing much slower strokes with the bow and getting it to smoke with far less effort than I'm exerting, to anyone who knows friction fire help would be greatly appreciated thank you.",1713574163.0,0.89,20,0,,[deleted],14,False,0,False,text
Survival,1c8a2zt,Survival in Marginal Lands,12,https://reddit.com/r/Survival/comments/1c8a2zt/survival_in_marginal_lands/,https://www.reddit.com/r/Survival/comments/1c8a2zt/survival_in_marginal_lands/,A lot of the outdoors is in reality monocropped agriculture or spruce/pine plantations. How would one go about surviving there long term? Any plants or animals specific to those environments that are a good food Source? And how can you effiecently forage them? Thanks a lot.,1713566124.0,0.75,12,0,,Infinite_Goose8171,19,False,0,False,text
Survival,1c86m4j,Striking surface or Matches?,8,https://reddit.com/r/Survival/comments/1c86m4j/striking_surface_or_matches/,https://www.reddit.com/r/Survival/comments/1c86m4j/striking_surface_or_matches/,"As I update and put together my fire kit, I am looking for a recommendation.
I have a zippo typhoon match case filled with UCo storm matches, but i would like to add some extra striker paper for redundancy. 

Does brand matter? What kind of striker paper has good grit and is easy to light with?

Thanks",1713557482.0,0.73,8,0,,Head_East_6160,13,False,0,False,text
Survival,1c8148v,Best survival water filtration for use with Camelbak?,10,https://reddit.com/r/Survival/comments/1c8148v/best_survival_water_filtration_for_use_with/,https://www.reddit.com/r/Survival/comments/1c8148v/best_survival_water_filtration_for_use_with/,"I'm looking for a lightweight water filtration system one could use for individual use, that can fit in a large hiking pack, and fill up a 3L Camelbak. For use in survival situations, hunting, camping in mountain areas. Preferably one you can drink right away without having to boil. Thanks! ",1713543941.0,0.79,10,0,,K2_Adventures,17,False,0,False,text
Survival,1c6tjfj,"What are the best tree types for fatwood, looked it up online but wanted better opinions from actual users",17,https://reddit.com/r/Survival/comments/1c6tjfj/what_are_the_best_tree_types_for_fatwood_looked/,https://www.reddit.com/r/Survival/comments/1c6tjfj/what_are_the_best_tree_types_for_fatwood_looked/,,1713411106.0,0.76,17,0,,Dry-Bar-7200,24,False,0,False,text
Survival,1c6hwli,Using the car itself for survival,45,https://reddit.com/r/Survival/comments/1c6hwli/using_the_car_itself_for_survival/,https://www.reddit.com/r/Survival/comments/1c6hwli/using_the_car_itself_for_survival/,"There are plenty of posts about what to keep in a car for survival situations, but anyone care to brainstorm with me what parts/components of the car itself could be used for survival if, for example, broken down in a remote area? 

I've a colleague who saved someone's life by improvising a tourniquet from a wiper blade after the man was pinned between two vehicles, as an example of what I'm thinking about. 

Fluids as fire accelerants, seatbelts as cordage, spare as signal fire, etc. 

Just a potentially fun experiment. Thanks!",1713379998.0,0.81,45,0,,Electronic-Goal9955,94,False,0,False,text
Survival,1c5l3gp,"Is it worth bringing a large(ish) hatchet, saw, and a knife or just a knife and maybe one other?",51,https://reddit.com/r/Survival/comments/1c5l3gp/is_it_worth_bringing_a_largeish_hatchet_saw_and_a/,https://www.reddit.com/r/Survival/comments/1c5l3gp/is_it_worth_bringing_a_largeish_hatchet_saw_and_a/,"I plan to conserve calories, is it worth the weight ",1713286514.0,0.78,51,0,,Dry-Bar-7200,103,False,0,False,text
Survival,1c5tzri,Can you baton with a Mira companion (carbon),7,https://reddit.com/r/Survival/comments/1c5tzri/can_you_baton_with_a_mira_companion_carbon/,https://www.reddit.com/r/Survival/comments/1c5tzri/can_you_baton_with_a_mira_companion_carbon/,"Can you baton reliably without worry of breaking, companion HD has a 3.2mm spine and the standard companion has a 2.0mm spine, do I need to worry about blade breaking or chipping, I might do feather sticks often too, should I be ok with the standard companion
",1713308103.0,0.67,7,0,,Dry-Bar-7200,32,False,0,False,text
Survival,1c5no0q,Best bushcraft/survival hatchet,11,https://reddit.com/r/Survival/comments/1c5no0q/best_bushcraftsurvival_hatchet/,https://www.reddit.com/r/Survival/comments/1c5no0q/best_bushcraftsurvival_hatchet/,,1713292615.0,0.7,11,0,,Dry-Bar-7200,41,False,0,False,text
Survival,1c4z3pg,What can't you live without?,93,https://reddit.com/r/Survival/comments/1c4z3pg/what_cant_you_live_without/,https://www.reddit.com/r/Survival/comments/1c4z3pg/what_cant_you_live_without/,"Thru-hiker in training here! I'm putting together my ""roast my preparedness"" post, preparing for a shake-down hike/camping trip to Round Valley campground in New Jersey  and doing up-hill climbs with 30-ish pounds of weights in my otherwise empty bag.

What are some things nobody ever thinks to bring? What do you wish you brought with you your first time?",1713218761.0,0.88,93,0,Learning Survival,Bridgerat,208,False,0,False,text
Survival,1c374gu,Emergency Fire Kit - Shakedown,24,https://reddit.com/r/Survival/comments/1c374gu/emergency_fire_kit_shakedown/,https://www.reddit.com/r/Survival/comments/1c374gu/emergency_fire_kit_shakedown/,"Hey all,

I am putting together a redundant fire starting kit, that fits into my Pelican 1030 micro case. 

Here are the contents:

-magnesium bar

-lightning strike fire steel

-fat wood

-Vaseline soaked cotton 
-

storm matches

-bic 



What are your thoughts? Anything I should add? 

I spend time in the backcountry, in the winter, so being able to keep warm is super important to me. ",1713029074.0,0.83,24,0,,Head_East_6160,36,False,0,False,text
Survival,1c2jdts,Best offline phone apps for outdoors/offline/survival,46,https://reddit.com/r/Survival/comments/1c2jdts/best_offline_phone_apps_for/,https://www.reddit.com/r/Survival/comments/1c2jdts/best_offline_phone_apps_for/,"Piggybacking off of [this](https://www.reddit.com/r/Survival/comments/1c1wkhd/old_cell_phones_as_information_storage_devices/) post, what are some android apps that would be useful/smart to have on a phone in the wild?  seeing the phone as an information device, not as a toy or social tool.  


Carrying a whole library in my pocket is my main reason for this. why lug 10 books when i can have a waterproof solar charged ever-book?  


the people who think a smartphone cant have a use in a survival situation are stuck in a naturalistic fallacy mindset.  its just another tool..",1712953683.0,0.89,46,0,General Question,ImportantDebateM8,44,False,0,False,text
Survival,1c1ug5u,Does anyone have any stories about how a survival guide or kit actually saved them? What would you have done better? What are a few absolute essentials if surviving for more than a week?,140,https://reddit.com/r/Survival/comments/1c1ug5u/does_anyone_have_any_stories_about_how_a_survival/,https://www.reddit.com/r/Survival/comments/1c1ug5u/does_anyone_have_any_stories_about_how_a_survival/,"There's been a lot of really great stories and discussion, which I really appreciate. Could go without the condescension.",1712879635.0,0.96,140,0,,[deleted],148,False,0,False,text
Survival,1c1wkhd,Old cell phones as information  storage devices ,36,https://reddit.com/r/Survival/comments/1c1wkhd/old_cell_phones_as_information_storage_devices/,https://www.reddit.com/r/Survival/comments/1c1wkhd/old_cell_phones_as_information_storage_devices/,"So has anyone thought about using a old phone as essential information storage? Like I get that they are battery powered and that means you would need to charge it when needed, but realistically it can hold so much Information in pdf's. 

You could buy a really decent waterproof case for it to extend the longevity, if it has a removable battery you could always keep spares, and there are solar chargers. And it beats carrying around pounds of books. 

Anyways just my thoughts, sorry if formatting is weird. On mobile. ",1712885343.0,0.89,36,0,General Question,WillingMyself,42,False,0,False,text
Survival,1c1vezh,Stranded sailors rescued from tiny Pacific island after making 'HELP' sign with leaves,18,https://reddit.com/r/Survival/comments/1c1vezh/stranded_sailors_rescued_from_tiny_pacific_island/,https://www.nbcnews.com/news/us-news/micronesia-sailors-rescued-making-help-sign-palm-tree-leaves-rcna147327,,1712882181.0,0.92,18,0,Signalling and/or Rescue,demwoodz,5,False,0,False,text
Survival,1c1nzmf,Getting food long term in the Taiga,24,https://reddit.com/r/Survival/comments/1c1nzmf/getting_food_long_term_in_the_taiga/,https://www.reddit.com/r/Survival/comments/1c1nzmf/getting_food_long_term_in_the_taiga/,"Hey, i was wondering how you would get good food Sources in the Taiga as its just Conifers and if there isnt any Pines with big nuts all thats lebt is berries. Any ideas?",1712864059.0,0.88,24,0,,Infinite_Goose8171,23,False,0,False,text
Survival,1c22hh8,Best rectangular sleeping bags,3,https://reddit.com/r/Survival/comments/1c22hh8/best_rectangular_sleeping_bags/,https://www.reddit.com/r/Survival/comments/1c22hh8/best_rectangular_sleeping_bags/,Hi I’ve been mulling over which bag to get for sometime as their is a thousand options out there. I have a surplus mss sleep system I bought a few years back and it’s awesome for all kinds of weather conditions but heavy as shit lol. Im looking for a bag that is a solid 3 season bag preferably synthetic. Been looking at wiggys a lot they seem like a solid option just curious what other people are using thanks ,1712904489.0,0.71,3,0,,[deleted],27,False,0,False,text
Survival,1c1ach5,Book recommendations for survival in the mountains. ,43,https://reddit.com/r/Survival/comments/1c1ach5/book_recommendations_for_survival_in_the_mountains/,https://www.reddit.com/r/Survival/comments/1c1ach5/book_recommendations_for_survival_in_the_mountains/,"Hello members of survival subreddit, I'm thinking about going on a trip to the mountains with 2-3 of my friends.
I'm a big believer of learning about stuff because I might need it one day, instead of needing something and not knowing how to do it. 
Is there any survival books or youTube channel that you can suggest which provides good information. 
Although I prefer book as in the mountains I can not watch YouTube but I can refer to the book anywhere anytime. 

Thank you 


Note: This is a repost, as in the previous post I've made some mistake in the title. ",1712825801.0,0.9,43,0,Learning Survival,Moist_Ad2828,43,False,0,False,text
Survival,1c06a9o,Need survival knowledge for a game I’m developing!,24,https://reddit.com/r/Survival/comments/1c06a9o/need_survival_knowledge_for_a_game_im_developing/,https://www.reddit.com/r/Survival/comments/1c06a9o/need_survival_knowledge_for_a_game_im_developing/,Currently making a survival horror game set in Alaska. To fit the time period are there any uses for gold in the wild? Say if u were to melt it down and could use it for anything. Thoughts? Ideas?,1712704181.0,0.71,24,0,General Question,phnxsy,54,False,0,False,text
Survival,1bzy6v5,Clothing for camping/survival that is big person friendly,21,https://reddit.com/r/Survival/comments/1bzy6v5/clothing_for_campingsurvival_that_is_big_person/,https://www.reddit.com/r/Survival/comments/1bzy6v5/clothing_for_campingsurvival_that_is_big_person/,"6’7, 350 pound guy here. Don’t consider myself fat but I’m considerably thick with a long-torso. Putting together a gear list for myself and some loved ones for both camping and an emergency  scenario where we have to move through a woodland area by foot to a rally point away from an urban environment. I need some help with clothing for myself. 

My combat shirts & pants as well as my other gear from my Army days don’t fit anymore so I come to you good people for help. Thank you in advance! 

Edit: to prove I’m not just a fat guy and so you can get a better idea if my body type please refer to this post https://www.reddit.com/r/bigmenfashionadvice/s/VPrQIipCx4",1712684456.0,0.77,21,0,Gear Recommendation Wanted,[deleted],44,False,0,False,text
Survival,1byuyp1,How can one know if the compass has already been adjusted for magnetic declination?,12,https://reddit.com/r/Survival/comments/1byuyp1/how_can_one_know_if_the_compass_has_already_been/,https://www.reddit.com/r/Survival/comments/1byuyp1/how_can_one_know_if_the_compass_has_already_been/,"I have watched a handful of videos explaining the concept of declination and I believe I got a strong grasp of it. But I have one question that I can't find an answer in any of those videos or articles I read. Maybe that's because I didn't really understand something, so I decided to ask it here. The question is what if I take some random compass which was adjusted for declination some time ago somewhere far away from my current location. How to readjust it? Or to put it differently: how can I know if it was adjusted in any way at all?",1712573889.0,0.88,12,0,,Chester_b,30,False,0,False,text
Survival,1bxkwk8,Med kit for the truck/boat,169,https://reddit.com/r/Survival/comments/1bxkwk8/med_kit_for_the_truckboat/,https://www.reddit.com/gallery/1bxkwk8,"Putting together a kit that I will keep in the truck and take with me on my boat. Size of items is playing a factor here. I'm going to add bandaged, sanitary wipes, zip ties, and a lighter. What necessary items would you suggest I add?",1712434137.0,0.95,169,0,Gear Recommendation Wanted,SkillTreeEDC,87,True,2,True,text
Survival,1bwkj7z,Is a solar Charger Power Bank good or not for camping outside?,16,https://reddit.com/r/Survival/comments/1bwkj7z/is_a_solar_charger_power_bank_good_or_not_for/,https://www.reddit.com/r/Survival/comments/1bwkj7z/is_a_solar_charger_power_bank_good_or_not_for/,"What is your opinion on this solar charger power bank? Are they any good and do they help when camping outside? What if it's cloudy for a few days what then? I think I saw that at Shark Tank once, not sure though haha. Thinking about buying this [one](https://www.amazon.com/Durecopow-20000mAh-Portable-Waterproof-Flashlight/dp/B08CV9W8N4?crid=2RXZZML25JEZ3&dib=eyJ2IjoiMSJ9.v3FQ0NxCgjv9He09_cJWUw2Zma3XttFTMq6IAmak36gtj_JGUnmTM1D5-kmlUrb1vSnDnizIy0_93C2TadLHPHgBV8viY5tKt4F4sdZXMlYWbCh61YLxRL6sW5lGEGxfMiRwETc177lyAsRBvDSVOimTRaV86Hl-NXDD79vAR1vOhUFMeur4XwTHMRY01-XVUYjtfW2Fj9qjXPp7j6fMgkvAYUQeqAgEhUTcFVMno2yLCM_XQEdoViLZBeIR8JEL0cxFNhodLbY0_tfyRQrHaauDEj6vh1db7LyqqobWRoQ.a9hJnK3O8yrazdG0s1WBsdDoJkRrhQ8g1R584rK3XtU&dib_tag=se&keywords=camping%2Bkit&qid=1712329634&sprefix=camping%2Bkit%2Caps%2C241&sr=8-9&th=1&linkCode=ll1&tag=simpletul07-20&linkId=de888ce3d789f0a0416865765090aa69&language=en_US&ref_=as_li_ss_tl).",1712330013.0,0.75,16,0,General Question,GreyGooseLover,43,False,0,False,text
Survival,1bwdddh,Survival Backpack recommendation,25,https://reddit.com/r/Survival/comments/1bwdddh/survival_backpack_recommendation/,https://www.reddit.com/r/Survival/comments/1bwdddh/survival_backpack_recommendation/,"Hey guys, I am planning a trip to a remote place in Austria and was looking for a good quality and useful survival backpack. Could you please help me out with some recommendations? Or do you think it would be better to put my own one together and buy some tools and supplies separately? If I go this route, are there any must-haves from your experience that are not usually included in those pre-packed kits? Thanks",1712307759.0,0.87,25,0,Gear Recommendation Wanted,TetraXD,31,False,0,False,text
Survival,1bv1ddq,Water Purification,9,https://reddit.com/r/Survival/comments/1bv1ddq/water_purification/,https://www.reddit.com/r/Survival/comments/1bv1ddq/water_purification/,"Hi everyone! I'm working on a video on water purification and was looking for some feedback. So I plan to start by talking about water purification tablets and how they are a great packable option to carry with you. I'm going to go over Lifestraws as well, but what are some other commercial or outside the box methods should I include? Bleach and water? 

This is going to be a two part series. The first one will be on commercial options, where part two will go over more of your emergency survival methods. Making a charcoal/debris filter, boiling, straining, sourcing clean water, etc. In each of these videos I want to look at water samples under a microscope and compare each method.

Does this sound like a good video? Are there any other things that you would add? Let me know your thoughts and ideas!",1712171636.0,0.72,9,0,,[deleted],60,False,0,False,text
Survival,1bu6mmc,Fear of Snakes,42,https://reddit.com/r/Survival/comments/1bu6mmc/fear_of_snakes/,https://www.reddit.com/r/Survival/comments/1bu6mmc/fear_of_snakes/,"I like being outdoors and love the woods, but anytime I see a snake (or gator) I freeze or spazz out. Is there a way to overcome this fear of snakes so that I can at least think straight when I see one? I see this as a huge obstacle to becoming comfortable in a survival scenario.",1712083681.0,0.81,42,0,,ReformationLeague,99,False,0,False,text
Survival,1bue6dh,Wilderness Survival,12,https://reddit.com/r/Survival/comments/1bue6dh/wilderness_survival/,https://www.reddit.com/r/Survival/comments/1bue6dh/wilderness_survival/,How long have you made it on your own outdoors?,1712102426.0,0.83,12,0,,Vast-Platform9964,25,False,0,False,text
Survival,1bu9to5,Best Survival Kit ever for 36$??,0,https://reddit.com/r/Survival/comments/1bu9to5/best_survival_kit_ever_for_36/,https://www.reddit.com/r/Survival/comments/1bu9to5/best_survival_kit_ever_for_36/,"Hey guys, i am searching for a survival kit so I can go camp in the wild for 2 days here in greece and I think I have found a good and cheap one, but don't actually know much about the quality. Whats your opinion on this [Survival Kit](https://amzn.to/3VEzWy1)? Should I get it? Thanks",1712091686.0,0.47,0,0,General Question,GreyGooseLover,41,False,0,False,text
Survival,1btbwlz,My Easter haul,10,https://reddit.com/r/Survival/comments/1btbwlz/my_easter_haul/,https://www.reddit.com/r/Survival/comments/1btbwlz/my_easter_haul/,"Not sure if I'll like the knife as it is bigger than I usually use, but for the price I couldn't pass it up.

https://preview.redd.it/w3x12v9gywrc1.jpg?width=3072&format=pjpg&auto=webp&s=64b9fdc21199e3841c4719d98c7ab0dc6cc6e3d8",1711997106.0,0.75,10,0,,dukebaby2k,2,True,1,False,text
Survival,1bssm36,How do I get accustomed to bugs?,80,https://reddit.com/r/Survival/comments/1bssm36/how_do_i_get_accustomed_to_bugs/,https://www.reddit.com/r/Survival/comments/1bssm36/how_do_i_get_accustomed_to_bugs/,"Hello. Recently I've started spending more time outdoors, trying to get comfortable with it. Getting a little fire and heating a meal, eventually cooking it from scratch, and spending the night comfortably would be my current goals. Problem is however, there's always something going wrong, always, specially with bugs.   
I grab dead grass, and a rush of tiny ants start biting my hands. I sit under a tree and tiny cobweb worms fall on my head and shoulders. Ticks, lice, fleas. I had befriended mosquitoes until the recent surge of Aedes, so they're a health hazard again.  
Of course I've tried sprays and patches, they work wonders with the bugs that chase you, but I keep stumbling across them. I also tried ignoring them, two weeks later I had to wash half my closet because some fly nested in my clothes. I'm not particularly close to the Ecuator and the terrain is literal bald plains, not some deep rainforest. How many bugs can there be??

I'm not sure what advice I'm looking for, probably just knowing what you use to cope with bugs. Can I ""It is what it is"" out of this situation?

EDIT: Goddamnit I've read and appreciated each of your replies. I love the variety of options lmao, definitely learning from every perspective on the matter. Thanks so much!",1711939503.0,0.84,80,0,Learning Survival,cOOKieMadeLion,97,False,0,False,text
Survival,1bswo8d,Uncut saw tooth?,10,https://reddit.com/r/Survival/comments/1bswo8d/uncut_saw_tooth/,https://i.redd.it/adp344sqctrc1.jpeg,"I have a new silky saw and I noticed it had what appears to be an uncut tooth, is this normal or should I be worried and possibly ask for a replacement? If so how would I go about that as I bought it from REI and have thrown away the packaging and receipt. ",1711953514.0,0.86,10,0,,Dry-Bar-7200,6,True,1,False,image
Survival,1bryovk,What companies make good machetes?,36,https://reddit.com/r/Survival/comments/1bryovk/what_companies_make_good_machetes/,https://www.reddit.com/r/Survival/comments/1bryovk/what_companies_make_good_machetes/,Hi y'all. I'm trying to figure out what brand machete I should buy and I was hoping y'all could help me out. I need something that would be good at clearing out brush as that is what I would be strictly using my machete for. I need a machete that would stay in good condition for a very long time. Correct me if I'm wrong but I think it would also need to be a longer machete just because I'm just using it for clearing out brush. You're response is appreciated. Thank you.,1711849683.0,0.83,36,0,Gear Recommendation Wanted,liljohnjets,74,False,0,False,text
Survival,1brmrwe,"If you ever get lost in Indian forests, look out for this Water Storing Tree!",46,https://reddit.com/r/Survival/comments/1brmrwe/if_you_ever_get_lost_in_indian_forests_look_out/,https://v.redd.it/gd9txqf27irc1,"Terminalia Tomentosa, also known as Indian Laurel, Asan, Mathi, or Punnai maram, has a remarkable attribute: some members of the species store water in their trunks during the dry season. When natural water bodies dry up in the scorching summer heat of the Western Ghats in India, the Terminalia tomentosa trees act as nature’s water reserve. By making a V-shaped cut, approximately 5-6 liters of drinkable water can be collected from these trees. This knowledge is used by Vulnerable Tribals during the acute dry season to overcome water scarcity! 

It’s fascinating how certain plants have adapted to survive in challenging environments! 🌿🌱",1711818432.0,0.94,46,0,Modern Survival,Travelonaut,24,False,0,False,text
Survival,1bruy7n,Is it safe to put bread dough to cook on the coals ,3,https://reddit.com/r/Survival/comments/1bruy7n/is_it_safe_to_put_bread_dough_to_cook_on_the_coals/,https://www.reddit.com/r/Survival/comments/1bruy7n/is_it_safe_to_put_bread_dough_to_cook_on_the_coals/,,1711839421.0,0.59,3,0,General Question,basscarp,11,False,0,False,text
Survival,1br3pvg,Where to learn about edible plants in my area? (central Florida),29,https://reddit.com/r/Survival/comments/1br3pvg/where_to_learn_about_edible_plants_in_my_area/,https://www.reddit.com/r/Survival/comments/1br3pvg/where_to_learn_about_edible_plants_in_my_area/,"I've been thinking about how I would find food and water in a SHTF scenario. I live in central Florida, so there's a ton of water around, and I have multiple filtration and purification options, so I'm not worried about water. I'm more worried about food. I am pretty experienced with hunting and fishing, so I think I would be able to get some meat pretty regularly. I want to learn about edible plants. I do know where to find native blackberries, blueberries, and elderberries when they're in season, and I have a citrus tree, but other than that, I don't know anything. Where can I learn about edible plants in the southeast?",1711757054.0,0.86,29,0,,j4r8h,29,False,0,False,text
Survival,1br0y75,Looking for survival courses in Northern New Mexico,5,https://reddit.com/r/Survival/comments/1br0y75/looking_for_survival_courses_in_northern_new/,https://www.reddit.com/r/Survival/comments/1br0y75/looking_for_survival_courses_in_northern_new/,"Hello everyone I'm looking for survival courses in Northern New Mexico that focus on the local plants, animals, and survival techniques. Thanks for you time!",1711750178.0,0.68,5,0,Location Specific Question,sparky_malarkey277,4,False,0,False,text
Survival,1bqs3jt,Emergency water filter,12,https://reddit.com/r/Survival/comments/1bqs3jt/emergency_water_filter/,https://www.reddit.com/r/Survival/comments/1bqs3jt/emergency_water_filter/,"Hey all. I’m brand new to this sub so I hope I’m not breaking any rules. Does anybody have any ideas on reliable water filters that can be made in a pinch with only lightweight materials like a filter membrane. There’s a very particular reason I’m looking for alternatives to straws or premade water filters in general, but the details of why are sensitive. Of course boiling is always safest, but I’m trying to come up with a filter than can be quickly fashioned from a lightweight and inexpensive material when fire might now be an option. 

Edit: Need to clarify that the filter itself does not need to be small/light weight. I’m essentially trying to come up with/find a design for a water filter that can be easily built with materials that could be found. Water bottles are accessible for example. Charcoal is accessible, but fire at all times is not necessarily. 

Life straws and similar things are great, but not ideal here. 

I know this is a weird post and I wish I could be more transparent. Thanks for the responses already guys!!

Edit 2: thanks for all the responses guys. I’m at work right now so I can’t respond right away, but I really appreciate all of the responses. Just want to quickly add so that people don’t get the wrong idea. This is a severe life and death situation. It’s not for anybody I know personally, but something to help mitigate disease in a contaminated water supply for people that have limited access to resources. That’s as much detail as I can give right now. I really really appreciate 

I understand all of the risks of diy water filters and I’m not planning on using this for my own consumption. This is a mitigation strategy nothing more nothing less. 

Thanks again!",1711726199.0,0.72,12,0,,meanaelias,51,False,0,False,text
Survival,1bpjxrs,So what would actually be the most reliable way to start a fire?,83,https://reddit.com/r/Survival/comments/1bpjxrs/so_what_would_actually_be_the_most_reliable_way/,https://www.reddit.com/r/Survival/comments/1bpjxrs/so_what_would_actually_be_the_most_reliable_way/,"So the only ways I know to start a fire without matches, lighter, etc, stuff you can't just find in the wilderness, is by bow drill, twisting a stick with your hands, getting lucky and finding some flint, or maybe even applying downward force and rubbing a stick into half a log.  


But I wonder what the most reliable method is? Since you may not have flint lying around. Also by that I mean if you woke up in a forest with absolutely no gear and had to start a fire, how would you do it?",1711591336.0,0.89,83,0,Fire,kyridiann,190,False,0,False,text
Survival,1bonzuc,Tinder,540,https://reddit.com/r/Survival/comments/1bonzuc/tinder/,https://v.redd.it/po9hpd0nrrqc1,,1711498776.0,0.92,540,0,,BiddySere,112,False,0,False,text
Survival,1boqafx,New to survival. Why does no one talk about having seeds in a go bag? ,97,https://reddit.com/r/Survival/comments/1boqafx/new_to_survival_why_does_no_one_talk_about_having/,https://www.reddit.com/r/Survival/comments/1boqafx/new_to_survival_why_does_no_one_talk_about_having/,Maybe I just haven’t seen anyone mention it but what is the reason people aren’t collecting seeds to use if all goes to crap?  Plant your seeds and use your own waste to fertilize. ,1711504890.0,0.71,97,0,,ScarcityBrave2035,181,False,0,False,text
Survival,1boqxvv,Can you survive long term without needing to fish for food?,37,https://reddit.com/r/Survival/comments/1boqxvv/can_you_survive_long_term_without_needing_to_fish/,https://www.reddit.com/r/Survival/comments/1boqxvv/can_you_survive_long_term_without_needing_to_fish/,"I'm deadly allergic to fish, so I would like your opinions and suggestions on this. ",1711506698.0,0.78,37,0,General Question,HumblyAngry,80,False,0,False,text
Survival,1bokxan,Good survival shows ?,29,https://reddit.com/r/Survival/comments/1bokxan/good_survival_shows/,https://www.reddit.com/r/Survival/comments/1bokxan/good_survival_shows/,"I once got hooked to the island with bear grylls but after the first couple seasons when they introduced money and prizes I was drawn away, could someone recommend similar shows where the contents go somewhere with no equipment or survival skills and try to survive and please be a real show not some staged one thanks 🙏 ",1711491422.0,0.82,29,0,,MushashaSoldier,91,False,0,False,text
Survival,1boo6ai,1st attempt at the Bow Drill,6,https://reddit.com/r/Survival/comments/1boo6ai/1st_attempt_at_the_bow_drill/,https://www.reddit.com/r/Survival/comments/1boo6ai/1st_attempt_at_the_bow_drill/,"My daughters' 1st go at the bow drill fire.

Yucca spindle, China berry board",1711499229.0,0.69,6,0,,BiddySere,10,False,0,False,text
Survival,1boo1e4,Lighting the tinder ball,0,https://reddit.com/r/Survival/comments/1boo1e4/lighting_the_tinder_ball/,https://www.reddit.com/r/Survival/comments/1boo1e4/lighting_the_tinder_ball/,1 method of using the metal match on a bundle of Osage Orange tinder,1711498885.0,0.44,0,0,,BiddySere,6,False,0,False,text
Survival,1bnuojz,Best Way To Keep Duct Tape Handy On A Hike Or Backpacking Trip,70,https://reddit.com/r/Survival/comments/1bnuojz/best_way_to_keep_duct_tape_handy_on_a_hike_or/,https://www.reddit.com/r/Survival/comments/1bnuojz/best_way_to_keep_duct_tape_handy_on_a_hike_or/,"I searched through old posts and didn't see a recent duct tape survival tip. I'm sure you all know how useful duct tape is, but I put some around my water bottle when I'm hiking and backpacking for gear repairs, fire starter material, and as a wound seal.

[https://youtube.com/shorts/N-1UOERCqfk?feature=share](https://youtube.com/shorts/N-1UOERCqfk?feature=share)

I'd love to hear which brand others prefer. Other backpacking/hiking survival use cases, etc. ",1711414501.0,0.83,70,0,Instructional Video,doingithere,74,False,0,False,text
Survival,1bnxnkw,"Pretty good show, and real and legit.",20,https://reddit.com/r/Survival/comments/1bnxnkw/pretty_good_show_and_real_and_legit/,https://www.reddit.com/r/Survival/comments/1bnxnkw/pretty_good_show_and_real_and_legit/,"Hi,

This is on a free public broadcast network to watch  and its pretty darn good show about SAR!!

[https://www.knowledge.ca/program/search-and-rescue-north-shore](https://www.knowledge.ca/program/search-and-rescue-north-shore)

&#x200B;",1711422813.0,0.87,20,0,,hamradiowhat,3,False,0,False,text
Survival,1bnghcw,Survival Tool From An Acorn,80,https://reddit.com/r/Survival/comments/1bnghcw/survival_tool_from_an_acorn/,https://www.reddit.com/r/Survival/comments/1bnghcw/survival_tool_from_an_acorn/," 

Hi all,

I'm sure someone here has seen this before. But, for those that haven't here is a really easy way to alert someone to your whereabouts if you get lost or hurt and can't move. The cap of an acorn can be turned into a loud whistle.

[https://youtube.com/shorts/UjuxciasJg4?si=WtnLZZlNJRZjG7Of](https://youtube.com/shorts/UjuxciasJg4?si=WtnLZZlNJRZjG7Of)",1711380501.0,0.94,80,0,Instructional Video,doingithere,25,False,0,False,text
Survival,1bmvwho,"In person survival courses is El Paso, TX, NM, AZ region",14,https://reddit.com/r/Survival/comments/1bmvwho/in_person_survival_courses_is_el_paso_tx_nm_az/,https://www.reddit.com/r/Survival/comments/1bmvwho/in_person_survival_courses_is_el_paso_tx_nm_az/,"Does anyone know of some basic beginner survival courses in any of these areas? Preferably EP. However, I’m willing to drive a few hours out of state. Thanks in advance.",1711315409.0,0.78,14,0,,conquerer_the_kang,6,False,0,False,text
Survival,1bm20lx,Help with survival knife ,31,https://reddit.com/r/Survival/comments/1bm20lx/help_with_survival_knife/,https://www.reddit.com/r/Survival/comments/1bm20lx/help_with_survival_knife/,"I’m thinking on buying a bushcraft/survival knife and I ended up with two material options, the carbon steel 1095 and stainless steel, the carbon steel 1095 sounds like the best option BUT, it is prone to rusting, I did some research and for the knife to don’t develop rust you have to treat it, like get the knife dry every time you use it and such, is it really that easy for the knife to rust? I do a lot of activities in humid places like, going to fish on the sea, camping in humid places like the beach or a humid forest etc, will the knife rust easy if I am not drying it every 5 minutes? Or is just enough to dry it every now and then and when I get home just clean it and dry it very well, isn’t the survival knives supposed to be super tough? It seems funny to me that a super tough knife’s weakness is a rainy camping day.  ",1711225645.0,0.81,31,0,,Useful_Thought_6928,98,False,0,False,text
Survival,1blggow,how come people don't carry an ir strobe/beacon?,33,https://reddit.com/r/Survival/comments/1blggow/how_come_people_dont_carry_an_ir_strobebeacon/,https://www.reddit.com/r/Survival/comments/1blggow/how_come_people_dont_carry_an_ir_strobebeacon/,"i've seen a lot of discussion among the bushcraft and survival community related to chemlights, signal flags, mirror signalling to aid search and rescue to locate you, but how come it seems no one ever suggests using an ir strobe to signal planes and helicopters?

is it because it's still very hard to spot? is it because the places where people get trapped in are often densely canopied? or are these not energy efficient enoguh?",1711158228.0,0.77,33,0,,janoycrevsna,38,False,0,False,text
Survival,1bkzbi4,New to rough camping and want a little help,28,https://reddit.com/r/Survival/comments/1bkzbi4/new_to_rough_camping_and_want_a_little_help/,https://www.reddit.com/r/Survival/comments/1bkzbi4/new_to_rough_camping_and_want_a_little_help/,"When I do something new I like to try do things my own way.

I have spoke with land owners and I've got a few spots to start with, one is an open field with a little wood area that takes 8 minutes to walk end to end.
The other area is Woodlands and hills.
Both have a little river/stream going through with trout/rainbow fish.

My first few times I'll be staying 3 days & 2 nights. I've got a 2 man tent and a gas stove.

So the questions below can help with my first trip or you can provide details for when I start doing 5 & 7 nights camping.

Survival kits, are they worth it?
I thought 1 kit would do, however some kits have different things in to others.
So what's a must and what's not?
If you made a DIY survival kit, what are you key items? You won't camp without them?

Also link me to a kit if you feel it's good enough for a beginner.

Now food, what food do you take? Do you make your own? Do you buy MRE's or Camping meals? Buy rice? Tuna? Anything in a bag?

Any help any way would be appreciated.",1711114341.0,0.78,28,0,Learning Survival,gnm442,26,False,0,False,text
Survival,1bknvhc,TRC polheim vs F1x,6,https://reddit.com/r/Survival/comments/1bknvhc/trc_polheim_vs_f1x/,https://www.reddit.com/r/Survival/comments/1bknvhc/trc_polheim_vs_f1x/,Pros and cons please. And price I'm ok with,1711072140.0,0.75,6,0,General Question,Andrewski4493,1,False,0,False,text
Survival,1bk2ufy,Battery Powered Fire,15,https://reddit.com/r/Survival/comments/1bk2ufy/battery_powered_fire/,https://www.reddit.com/r/Survival/comments/1bk2ufy/battery_powered_fire/,"Video I made showing how to make fire with steel wool and a battery

[https://youtu.be/bIqEZLOD5nQ](https://youtu.be/bIqEZLOD5nQ)",1711014735.0,0.83,15,0,,[deleted],13,False,0,False,text
Survival,1biptow,Would you be able to dubble down on a wild predator to scare it away and psychologically trick it?,26,https://reddit.com/r/Survival/comments/1biptow/would_you_be_able_to_dubble_down_on_a_wild/,https://www.reddit.com/r/Survival/comments/1biptow/would_you_be_able_to_dubble_down_on_a_wild/,"Hello there! I hope I have arrived at the correct subreddit for this question and if not, I am sorry.

I found myself watching a video of two men chasing a mountain lion as they tried to shoot it with sleeping darts in order to conduct some scientifical study. What that was exactly is not important here. When I saw that video I remembered all these survival guide tactics you are told to use when encountering a mountain lion and how different this type of situation was that I saw on the video. It was very clear here that the ML saw itself as the prey and the humans were it's predators.

This got me wondering and had me drift away in thought, please understand that I am not an expert or even close to an expert in subjects like these, I am simply asking because I couldn't find any similar questions out there on the internet.

Hypothetically speaking. Could you trick a wild predator into thinking you're actually the predator? Double downing on it to trick it psychologically.

For example. If a mountain lion stalks me and I notice it, the usual narrative here will be that ""the predator noticed that it's potential pray spotted it"". But what if we twist this and instead of walking away showing clear signs of pacifying down the situation, you act INTERESTED in the ML instead. So the narrative would be something like this ""Mountain Lion spots a new specie which is a potential prey and stalks it, the new species notices the mountain lion and begins acting in predatory manners, taking an interest in the ML and appearing to try to close the distance between them, slowly stepping forward"". 

SURELY an animal has enough intelligence to understand that there could be more dangerous foes than them out there, especially when it's something as rare as a human for them. Surely they would also have surival instincts?  

Then I have this hypothetical situation. A mountain lion and two humans spots eachother at the same time, they all stare at eachother for a short while until the humans, as predators, start rushing towards the mountain lion with dedication, fearless and zealot like speed. Really appearing to want nothing more than to catch the ML and eat it while yelling and screaming as loud as possible. 

This is very different from you average ""appear scary and big"" tactic as those clearly follow a defensive pattern where it paints the picture that you humans do not want to fight but could potentially do so if threatened. With this tactic you show the predator that you are not afraid of fighting, on the contrary, you appear to even be looking to get your hands on that animal.

&#x200B;

This also got me thinking about this. Please don't see this example that I will state now as the same example as the ones above, this is just another way of potentially, hypothetically, handling a dangerous encounter: 

A bear/ML/Wolf and a human meet in the forest,  the human carries large and loud speakers connected to it's phone and starts playing VERY loud growling noises, noises of explosions or just generally something frightening while roaring itself at the same time and making itself appear bigger, possibly throwing some fire crackers on the ground. 

Would this be a viable tactic or would it be more dangerous instead?

&#x200B;

And what about ROCKETS? Would igniting a rocket, such as those you have on new years eve be a viable tactic to scare away predators in potentially dangerous situations?

&#x200B;

And finally, the last one, in Sweden nobody but hunters carry weapons, so if I were to camp in a forest that does have alot of bears in it with my friends, would spears be a good way of evening out the odds of survival incase you encounter a bear that actually is aggressive and hungry? Please keep in mind that I don't have any intent of harming an animal and don't want to, but if scare tactics and the general walking away while talking out loud didn't work and it came down to saving myself and my friends from being eaten or killed by a bear I would not hesitate to fight back, if I could that is. So 3 humans, 3 spears, 1 bear? Is it game over still for us?

You can twist and turn these different situations and apply the tactics on different animals, for I'm sure they're different. And as stated before, I don't know too much about these things and I just thought this was an interesting tactic that came to me after watching that video. I couldn't, as stated above, find any other similar questions on the internet so I figured i'd ask you folks instead!

Thank you.",1710869066.0,0.68,26,0,DO NOT ATTEMPT,StockholmBaron,96,False,0,False,text
Survival,1binkma,Surviving a catastrophic hurricane...in a video game!,23,https://reddit.com/r/Survival/comments/1binkma/surviving_a_catastrophic_hurricanein_a_video_game/,https://www.reddit.com/r/Survival/comments/1binkma/surviving_a_catastrophic_hurricanein_a_video_game/, Long time lurker here and wannabe survivalist. I have been creating a video game about surviving the worst hurricane every recorded in history! Anyone ever been in a hurricane survival situation? What was it like? I am trying to make the game have a more realistic approach to survival. It will take place mostly in the wilderness of a national park. If you want to look up the game just search for Category 6 on Steam to see the page I just created for it if you want to see what I have added to the game so far. ,1710863656.0,0.67,23,0,,craftygamelab,58,False,0,False,text
Survival,1bhx0te,Gravity fed water filters,11,https://reddit.com/r/Survival/comments/1bhx0te/gravity_fed_water_filters/,https://www.reddit.com/r/Survival/comments/1bhx0te/gravity_fed_water_filters/,"When it comes to having plenty of water, what is the best gravity fed water filters? I’ve seen Berkey has some flaws but wanted to know other recommendations or if Berkey is the way to go. ",1710784317.0,0.79,11,0,,mrbarnes1942,27,False,0,False,text
Survival,1bhy8c7,Tomahawk questions,7,https://reddit.com/r/Survival/comments/1bhy8c7/tomahawk_questions/,https://www.reddit.com/r/Survival/comments/1bhy8c7/tomahawk_questions/,"I'm in the market for a new tomahawk and have been trying to educate myself on what exactly to look for. I've realized there's more to it than just picking the coolest looking one off the shelf. I am looking to have one custom made as a gift to myself after a very good month at work.

1. **Head Profile:** There's a variety of shapes and sizes out there. What's the ideal head profile for general use vs specialized tasks? Does a wider head mean better chopping/splitting ability? What would be the purpose of having a thin head?

2. **Steel Type:** What steel would you recommend for a tomahawk? Going to have it strapped on to my kit for general camp tasks.

3. **Spike on the Back:** I've noticed some tomahawks come with a spike on the opposite side of the blade. What's the practical use of this? Is it just for combat/defense, or are there other applications for it in survival situations?

Would love to hear your thoughts, experiences, and any recommendations you may have!",1710787188.0,0.61,7,0,,[deleted],67,False,0,False,text
Survival,1bhdtqz,Decent bushcraft knife that can do *light* wood processing?,14,https://reddit.com/r/Survival/comments/1bhdtqz/decent_bushcraft_knife_that_can_do_light_wood/,https://www.reddit.com/r/Survival/comments/1bhdtqz/decent_bushcraft_knife_that_can_do_light_wood/,"Title. Looking to ditch the Bowie, just don’t really like bringing it with me for what I use it for which is basically splitting kindling down and hammering on tent spikes, not exactly a task I need a massive chopper for.

I have a home made pocket saw made out of an old chainsaw blade, so if I really need to process wood that’s what I tend to gravitate towards. Looking at bringing instead of a Bowie, a small Morakniv & a decent bushcraft blade that isn’t expensive. Looking at BPS right now. Not the top of the line knife, but I don’t have to use my stuff enough to exactly warrant a 300$ boutique offering. The price alone is something that I can get for 3, as my father and brother and I are planning a camping trip but neither have went camping in 20 years so they don’t really have any kind of gear.",1710722641.0,0.76,14,0,,DNCOrGoFuckYourself,53,False,0,False,text
Survival,1bhg549,Shots for the Congo Rainforest,8,https://reddit.com/r/Survival/comments/1bhg549/shots_for_the_congo_rainforest/,https://www.reddit.com/r/Survival/comments/1bhg549/shots_for_the_congo_rainforest/,"
If anyone here has been to the Congo rainforest in camped there for a week or so, or just been there in general, could you tell me what shots I need to get? I know I need shots, I just need to know which ones. Also, how much does each one hurt? Because obviously, I don’t need to go there but it would seem like something fun for me to practice survival situations. ",1710729318.0,0.63,8,0,,excalibur77213,22,False,0,False,text
Survival,1bhcjth,How to stary campfire?,0,https://reddit.com/r/Survival/comments/1bhcjth/how_to_stary_campfire/,https://www.reddit.com/r/Survival/comments/1bhcjth/how_to_stary_campfire/,What are your proposition to start a campfire in survival situation? ,1710719161.0,0.35,0,0,Learning Survival,Outrageous-Smile4772,44,False,0,False,text
Survival,1bemk57,Tell me I’m being lied to. ,216,https://reddit.com/r/Survival/comments/1bemk57/tell_me_im_being_lied_to/,https://www.reddit.com/r/Survival/comments/1bemk57/tell_me_im_being_lied_to/,"So someone (a friend of mine from Virginia) told me that it’s a good idea to wear warm clothes but still be sleeveless during winter. Something about keeping from getting to hot and sweaty from wearing to much warm weather gear. I called him out but he insisted that it’s true and I can’t really find anything specific to say if he is full of crap or not so I thought here would be a good place to ask.  
Is he screwing with me/full of crap or does is there any truth?",1710426689.0,0.9,216,0,General Question,Karma_Deku,299,False,0,False,text
Survival,1bezy0d,Will charred wood shavings work for flint and steel?,14,https://reddit.com/r/Survival/comments/1bezy0d/will_charred_wood_shavings_work_for_flint_and/,https://www.reddit.com/r/Survival/comments/1bezy0d/will_charred_wood_shavings_work_for_flint_and/,"Just bought and learn to use a flint and steel. Worked great with charred cloth I made from my old cotton undergarms. 

Was thinking about what I could make char from, other than cloth, out in the bush? I read dried leaves, grasses, seed pods, etc. are the usual alternatives, but I wonder if wood shavings I make with my knife might work?",1710460242.0,0.95,14,0,,MistoftheMorning,24,False,0,False,text
Survival,1becp86,Why is finding a virus filter so difficult?,30,https://reddit.com/r/Survival/comments/1becp86/why_is_finding_a_virus_filter_so_difficult/,https://www.reddit.com/r/Survival/comments/1becp86/why_is_finding_a_virus_filter_so_difficult/,"Katadyn even makes one but its for government agencies only. 

[https://www.katadyngroup.com/ca/en/8020570-katadyn-befree-hero-fast-flow\~p6729#:\~:text=The%20Katadyn%20BeFree%20Hero%20Fast,small%20backpacks%20and%20emergency%20kits](https://www.katadyngroup.com/ca/en/8020570-katadyn-befree-hero-fast-flow~p6729#:~:text=The%20Katadyn%20BeFree%20Hero%20Fast,small%20backpacks%20and%20emergency%20kits).

&#x200B;

Whats up with all that? Does anyone have leads besides the grayl?


Edit: found solution, pure clear filters from the UK. Does it all, works like the katadyn 🙂🙂",1710390382.0,0.76,30,0,,Judgement_92,92,False,0,False,text
Survival,1bcsq6p,Knives; Your thoughts/ experiences with Eickhorn ,9,https://reddit.com/r/Survival/comments/1bcsq6p/knives_your_thoughts_experiences_with_eickhorn/,https://www.reddit.com/r/Survival/comments/1bcsq6p/knives_your_thoughts_experiences_with_eickhorn/,"Hello everyone, this is my first time posting in this subreddit.

My question is basically the title.

While researching this sub regarding knives and recommendations I found most times just ""Buy a Mora"" as they're reasonably expensive/ fairly cheap and do their job just as well as more expensive knives (which is why we decided to get one additionally as a backup).
Now a friend of mine and me want to get some equipment and slowly start exploring the whole camping/ short term survival topic and currently we're looking for a good knife that's (hopefully) going to last us for a lifetime. As quality goes, German quality is often regarded as quite good which is why we also looked at Eickhorn. Specifically the Recondo 3/ KM 4000.
However as neither of us has any well founded knowledge about knives/ steel/ wear/ etc. I wanted to ask you for help/ your opinion if you'd be so kind, as we found the general topic of outdoor/ survival knives and their specs quite overwhelming.
Now we're aware that those knives are a bit costly but we don't mind if it's a real good and trustworthy knife.

Thank you kindly for your help

EDIT: Thank you all so very much for your opinions, insights and recommendations. After going through the comments we decided to forsake the Eickhorn idea and get a smaller and better suited knife (probably one of those you recommended) and buy a foldable saw to ""compensate"" for that missing saw on the back of the knife.
",1710234273.0,0.74,9,0,Stop Telling Me to Buy a Mora,AffectionateQuail618,24,False,0,False,text
Survival,1bboiit,Critique this survival/get home kit,33,https://reddit.com/r/Survival/comments/1bboiit/critique_this_survivalget_home_kit/,https://www.reddit.com/r/Survival/comments/1bboiit/critique_this_survivalget_home_kit/,"Over the years, I've accumulated a lot of survival fantasy gear. A few years ago, I went through it all and threw out everything that was obviously gimmicky or ineffective (such as the pocket chainsaw, which seemed like an awesome idea but turned out not to work worth a shit). Some things were replaced with better alternatives, some were deemed altogether impractical or unnecessary.

I'm circling back to reviewing this kit again after reading Dave Canterbury's Bushcraft Essentials Field Guide. I want honest opinions based on your experiences using various pieces of gear.

The kit lives in a Cannae Simplex backpack in the trunk of my car. The intended use is short-term shelter in place in a natural disaster (which could very well mean at home), and/or getting back home as quickly as possible.  I live in Ohio, so all of the seasonal weather types are possible. I will not bug out to live in the woods, but I could use this to go camping.

The loaded pack weighs 20 pounds, which is slightly excessive. If it comes to having to walk towards home, several of the heavy non-C items will be left behind in the vehicle as noted if not obviously going to be needed, which trims to pack weight down to about 13 pounds. A recent revision involves ditching some unnecessary MOLLE pouches being used only for inside-the-pack organization due to excessive weight, replacing them with color-coded lightweight pouches or nylon zipper bags (orange for fire, green for food, etc).

Now, a breakdown of the [contents all pictured here](https://imgur.com/a/ZOxo7gP):

Cutting/Cloth Sail Needle/Tools

* Mora Basic knife (soon to be replaced with a Mora Companion HD, and I'm going to grind down part of the spine for fire-starting)
* Corona Razortooth folding saw, 10 inch
* Entrenching Tool (If I have to walk home, this will be left behind in the vehicle)
* Diamond Sharpening Stone
* Victorinox Classic pocket knife
* P38 Can Opener
* Sewing needle and 14g sail needle with thread

Combustion

* Ferro Rod (Solo Scientific Aurora)
* Bic Lighter, with 3D-printed cap
* Tinder Quik x7 in waterproof container
* CH Hanson carpenter's pencil sharpener (for quickly processing kindling from twigs)
* Purell Hand Sanitizer, 1oz
* Optimus Crux Lite Camp Stove
* Lixada Camp Stove Adapter (Coleman 1L Propane to Lindall Valve)
* MSR IsoPro 8oz Fuel Can (If I have to walk home, this will be left behind in the vehicle)

Cover/Cotton Bandana/Cargo Tape

* SOL Survival Blanket
* SOL Sport Utility Blanket (large heat-reflective tarp)
* Contractor Trash Bags 6mil x4
* CountyComm Minnow Gripper x4 (for hanging any material that doesn't have grommets)
* Cotton Bandana, OD green
* Gorilla duct tape on 3D-printed flat spool
* Microfiber towel (about the most massively useful thing an interstellar hitchhiker can have)
* Clothing: Multicam BDU pants, BDU jacket, boonie hat. (If I have to walk home, the BDUs will be left behind in the vehicle, with the exception of the hat)
* Clothing: Extra socks x2 pair and underwear, Hi-vis T-shirt
* Roll of toilet paper
* Not pictured: Waterproof Parka, insulated liner, gloves, insulated neck gaiter, and winter hat that are always in my car if not being worn

Container/Water/Food

* Nalgene Canteen
* Steel Canteen Cup (nests with canteen and stove)
* CanteenShop GrillTop Stove Stand (nests with canteen and cup)
* Sawyer Mini filter with straw
* Sawyer Water Bag, small
* Coffee filters for pre-filtering sediment
* Cutoff bottom from plastic water bottle (for scooping water from small pools; negligible space and weight)
* Katadyn Micropur water purification tablets 30ct (I may replace these with Potable Aqua, since these take a really long time to work)
* Sillcock Key 4-Way (for urban water procurement)
* Ruffies On-The-Go Plastic Bags in dispenser (very light; useful for water procurement from dew on foliage, solar still, water transport, foraged food transport, endless uses really)
* Fishhooks, fishing line on bobbin
* Ration bars

Cordage

* Paracord on Spool Tool with mini Bic lighter and cutter
* I am also planning to add a roll of tarred bank line

Compass/Comms/Orientation

* Suunto MC2-G Navigator Compass
* Whistle (SOL Slim Rescue Howler)
* Signaling Mirror (UST StarFlash)
* SAS Survival Guide (for field reference)

Candling

* Note that I always have a good rechargeable flashlight in my EDC, not pictured here because it's not part of this kit
* Applied Innotech NightStar JP shake flashlight (this one got tons of hate last time; it's a tad bulky, but it's not very heavy and it is a reliable source of light with no chance of battery leak, and it still works after 20 years sitting in a pack)
* RunningSnail Crank flashlight/radio/charger, with MicroUSB cord and adapters for USB-C and Lightning (for NOAA weather alerts and charging a phone for an emergency call. I do not trust the crank enough to rely on this as my only emergency light source)

&#x200B;",1710113335.0,0.82,33,0,,echo-mirage,79,False,0,False,text
Survival,1bahlsh,I have silly question about booze for disinfectant,61,https://reddit.com/r/Survival/comments/1bahlsh/i_have_silly_question_about_booze_for_disinfectant/,https://www.reddit.com/r/Survival/comments/1bahlsh/i_have_silly_question_about_booze_for_disinfectant/,"First, Sorry for my bad english.
Here is a question.
high content alcohol booze can disinfectant.
So even spirytus can use for disinfectant right?",1709990473.0,0.89,61,0,,Old_Independent_5424,78,False,0,False,text
Survival,1b9ycj8,Fish baskets,97,https://reddit.com/r/Survival/comments/1b9ycj8/fish_baskets/,https://i.redd.it/ln0rxi1376nc1.jpeg,Anyone else utilize this skill?,1709929761.0,0.96,97,0,General Question,[deleted],28,True,1,False,image
Survival,1b9yz5f,"Looking to build my own first-aid kit/trauma bag, what should everyone of these need?",37,https://reddit.com/r/Survival/comments/1b9yz5f/looking_to_build_my_own_firstaid_kittrauma_bag/,https://www.reddit.com/r/Survival/comments/1b9yz5f/looking_to_build_my_own_firstaid_kittrauma_bag/,"I’ve been seeing a lot of ads on my IG for shtf emergency first-aid kits. I’m intrigued, I like my prep stuff. But I’m also skeptical. They’re going for like $250 and I feel like for that cost I can build something better. 

I am a certified EMT, but I’m a firefighter, so it’s the most basic rating and our scope of practice is pretty limited. That being said, I’m good at the things inside of that scope, and I get plenty of experience helping the paramedics out (those guys are good at their jobs and criminally underpaid) and I’m learning things from them all the time. I could probably even stock with our expired equipment (things like airways, bag valve masks, not medication). 

So the problem is I don’t know exactly what to get as funny as that sounds. What I’m trying to do is get a better idea by applying some mnemonic like “the 5 C’s of survival” (cover, container, combustion, cordage, and cutting) so I can figure at its most basic what it should be. 

What I’m imagining is something that I would keep at home for shtf scenarios where help isn’t coming. Obviously if it’s serious enough to need a hospital they’re likely going to die (blood loss as an example), but you could still keep them stable in the hopes of getting them some real help. 

",1709931272.0,0.91,37,0,General Question,[deleted],39,False,0,False,text
Survival,1ba63af,What packs y’all using? ,13,https://reddit.com/r/Survival/comments/1ba63af/what_packs_yall_using/,https://www.reddit.com/r/Survival/comments/1ba63af/what_packs_yall_using/,looking to get a pack for my truck as a get home bag. I work about an hour away. ,1709949577.0,0.88,13,0,,Inevitable-Fold-8518,45,False,0,False,text
Survival,1b9dip6,"Why do some ferro rods oxidize like this, leaving a fine grey dust everywhere? I had three rods in a tin and this one did this, the other two look like they did the day I put them in the box.",39,https://reddit.com/r/Survival/comments/1b9dip6/why_do_some_ferro_rods_oxidize_like_this_leaving/,https://i.imgur.com/MjLFNyR.jpg,,1709867456.0,0.92,39,0,General Question,fordag,24,True,1,False,image
Survival,1b8nqk1,Ever been attacked by a Swan?,121,https://reddit.com/r/Survival/comments/1b8nqk1/ever_been_attacked_by_a_swan/,https://www.reddit.com/r/Survival/comments/1b8nqk1/ever_been_attacked_by_a_swan/,I fed one from my hand once. It came out of the lake to get it and when you are faced to face they are large. I read in a survival book that they can break your arm with their wings. Anyone get into it with a Swan?,1709793242.0,0.84,121,0,,No_Cricket_9657,271,False,0,False,text
Survival,1b8187s,what type of glasses are safe when knapping?,31,https://reddit.com/r/Survival/comments/1b8187s/what_type_of_glasses_are_safe_when_knapping/,https://www.reddit.com/r/Survival/comments/1b8187s/what_type_of_glasses_are_safe_when_knapping/,"hello! i want to try out flint knapping for the first time, but i want to know if safety glasses for new years eve will suffice as eye protection from flakes?",1709735776.0,0.73,31,0,Learning Survival,ImaginationNearby684,68,False,0,False,text
Survival,1b7nk6d,Cotton gloves Vs. work gloves,4,https://reddit.com/r/Survival/comments/1b7nk6d/cotton_gloves_vs_work_gloves/,https://www.reddit.com/r/Survival/comments/1b7nk6d/cotton_gloves_vs_work_gloves/,"I have a pair of work gloves & a pair of cotton/polyester gloves meant for winter. Obvious one is made for winter, but how do you think the two would compare as far as containing heat?? I don’t want to carry around two pair of gloves but I’m not sure which would be more ideal, a pair of work gloves that  are durable and slightly insulated or a pair of gloves that are not durable but I assume are more insulated? 
Appreciate your thoughts 

P.s. I’m wanting to put together an emergency bag.",1709690347.0,0.75,4,0,,RaoulDuke_347,13,False,0,False,text
Survival,1b6n85y,Wilderness medicine course recommendation?,19,https://reddit.com/r/Survival/comments/1b6n85y/wilderness_medicine_course_recommendation/,https://www.reddit.com/r/Survival/comments/1b6n85y/wilderness_medicine_course_recommendation/,"Has anyone attended one of these courses and can recommend it, based on personal experience? I'm not that smart and have monster ADD so I want to avoid the type of course where they think just because they told you once that you'll remember it and be able to operationalize it. I need it to be hands on and overdesigned for idiots like me. I'd really like to learn this stuff cold so that if I need it, I'll be able to use it in the field. Having fun is secondary. I live in northern California.",1709588883.0,0.83,19,0,,noumenon_invictusss,17,False,0,False,text
Survival,1b6cqbi,where do i start in learning survival,43,https://reddit.com/r/Survival/comments/1b6cqbi/where_do_i_start_in_learning_survival/,https://www.reddit.com/r/Survival/comments/1b6cqbi/where_do_i_start_in_learning_survival/,"hi all , i recently started prioritizing my time reading books on tops on tracking ,wild signs ,bushcraft ,food id in the wild and the seasons they grow in over my master  , and been watching  primitive youtube channels to learn old methods of crafting and living . and now  don't know where to start or what is important basics ",1709563821.0,0.83,43,0,,No_Assistant9376,92,False,0,False,text
Survival,1b5q7aq,Looking for a survival shovel,14,https://reddit.com/r/Survival/comments/1b5q7aq/looking_for_a_survival_shovel/,https://www.reddit.com/r/Survival/comments/1b5q7aq/looking_for_a_survival_shovel/,"Any recommendations for a reliable brand? I keep a cheap folding army-style shovel in my car for emergencies, but I'm wondering if anyone owns/has tested one of these multi-tool survival shovels that I keep seeing advertised.

Something relatively compact & lightweight, that has functions beyond just digging.

Please share stories of how such a tool has helped you while camping, or what you mainly use it for beyond the obvious hole-creation.

Thanks :)",1709495580.0,0.78,14,0,Gear Recommendation Wanted,Undark_,46,False,0,False,text
Survival,1b5v5to,Secret firewood drying stash,0,https://reddit.com/r/Survival/comments/1b5v5to/secret_firewood_drying_stash/,https://www.reddit.com/r/Survival/comments/1b5v5to/secret_firewood_drying_stash/,"Imagine I have a fair supply of reasonably dry firewood that I can harvest in dry weather, and need to keep it somewhere, in the woods, and at the very least prevent it getting any more damp. It can then be accessed when the weather is less good. 

This stash would have to be covered to keep it secret. The wood would be chopped into chunks to be axe split later. I have materials to build a wood stash. 

What would be the best way of arranging the wood storage to ensure ventilation while keeping a good capacity.... Any ideas? 
",1709507424.0,0.48,0,0,Question About Techniques,luckyjenjen,52,False,0,False,text
Survival,1b4e86h,My homemade bolo. This thing is a beast in the woods,404,https://reddit.com/r/Survival/comments/1b4e86h/my_homemade_bolo_this_thing_is_a_beast_in_the/,https://i.redd.it/hqeuwlphaulc1.jpeg,,1709349775.0,0.98,404,0,,BiddySere,42,True,1,False,image
Survival,1b4q31q,Fire by friction,8,https://reddit.com/r/Survival/comments/1b4q31q/fire_by_friction/,https://www.reddit.com/r/Survival/comments/1b4q31q/fire_by_friction/,"I was browsing You Tube for fire by friction and suddenly i found this chanel with many very nice videos on the tema. Enjoy. 

https://youtube.com/@DalemGumino?si=Mm9DGe_Augvo2jPz",1709391333.0,0.84,8,0,,[deleted],8,False,0,False,text
Survival,1b577oo,Best cheap survival bug out bag I can get?,0,https://reddit.com/r/Survival/comments/1b577oo/best_cheap_survival_bug_out_bag_i_can_get/,https://www.reddit.com/r/Survival/comments/1b577oo/best_cheap_survival_bug_out_bag_i_can_get/,Looking for a survival bugout bag I can get for cheap that comes with good stuff for survival if something ever happend ,1709436679.0,0.4,0,0,,[deleted],36,False,0,False,text
Survival,1b4ea9p,Have you found any hidden gems in the mre market?,7,https://reddit.com/r/Survival/comments/1b4ea9p/have_you_found_any_hidden_gems_in_the_mre_market/,https://www.reddit.com/r/Survival/comments/1b4ea9p/have_you_found_any_hidden_gems_in_the_mre_market/,Examples would be commercial MREs that are surprisingly good or foreign surplus MREs that are excellent value.,1709349948.0,0.64,7,0,Gear Recommendation Wanted,monsieurLeMeowMeow,15,False,0,False,text
Survival,1b3kbaq,Carbon steel or stainless steel for knives?,23,https://reddit.com/r/Survival/comments/1b3kbaq/carbon_steel_or_stainless_steel_for_knives/,https://www.reddit.com/r/Survival/comments/1b3kbaq/carbon_steel_or_stainless_steel_for_knives/,Not sure which to pick. From what I understand carbon steel is stronger but needs more maintenance. I am definitely picking Mora knives just want to affirm which strength. ,1709263904.0,0.83,23,0,,Rough-Silver-8014,57,False,0,False,text
Survival,1b3dwzl,First time using ferro rod... suggestions?,23,https://reddit.com/r/Survival/comments/1b3dwzl/first_time_using_ferro_rod_suggestions/,https://www.reddit.com/r/Survival/comments/1b3dwzl/first_time_using_ferro_rod_suggestions/,"Basically title. I've always been into survival since I was a kid, now at 23 I'm actually trying to sit down and develop the skills. Just bought my first ferro rod the other day. I can throw decent sparks pretty consistently after a little practice. Then I figured I would see if I could light a tinder bundle. Using some dead maple leaves I found in my backyard which I crushed up, but even when I get those really good sizzling sparks, they don't seem to catch.

Any suggestions? I'm using the back of my survival knife (about 8 inch blade I'd guess) which has saw grooves. Striking near the base of the blade to apply more pressure, and I'm tilting the knife toward the tinder to scoop the shavings forward.

edit: Thank you all for the great advice. Got several tips that I will try next time I practice. It seems like my choice of fuel is the biggest problem here, and also moving the rod instead of the striking edge definitely sounds like it could be easier and more consistent",1709246791.0,0.9,23,0,Question About Techniques,FreshPaycheck,76,False,0,False,text
Survival,1b3angi,Best survival knives under $75?,24,https://reddit.com/r/Survival/comments/1b3angi/best_survival_knives_under_75/,https://www.reddit.com/r/Survival/comments/1b3angi/best_survival_knives_under_75/,,1709239094.0,0.7,24,0,,Rough-Silver-8014,127,False,0,False,text
Survival,1b3aim6,"Mors Kochanski's ""Survival in Nutshell"" 1973",10,https://reddit.com/r/Survival/comments/1b3aim6/mors_kochanskis_survival_in_nutshell_1973/,https://www.reddit.com/r/Survival/comments/1b3aim6/mors_kochanskis_survival_in_nutshell_1973/,For the most to take in and process: [https://youtu.be/P6ltKVMy72o](https://youtu.be/P6ltKVMy72o?t=293),1709238776.0,0.78,10,0,,mollerstrom,4,False,0,False,text
