subreddit,post_id,post_title,post_score,post_url,post_content_url,post_text,timestamp,post_upvote_ratio,post_ups,post_total_awards_received,post_link_flair_text,post_author,post_num_comments,has_images,num_images,is_gallery,content_type
ExpectationVsReality,1dgnipo,New flairs added,209,https://reddit.com/r/ExpectationVsReality/comments/1dgnipo/new_flairs_added/,https://www.reddit.com/r/ExpectationVsReality/comments/1dgnipo/new_flairs_added/,"Hello all!  We have added 3 new flairs, for Failed Expectations, Surprisingly Met Expectations, and Exceeded Expectations.

There have been some users confused in the past, because they didn’t realize that you are allowed to post expectations/realities that were not failures.  Additionally, it can be hard to tell in some posts if the OP was happy with their result or unhappy with it. Now you can select a flare if you would like to denote which category your expectation versus reality falls into.

Thanks to u/xitg1 who came up with this suggestion.",1718473934.0,0.97,209,0,Mod Post,Former-Sock-8256,25,False,0,False,text
ExpectationVsReality,1fp1jba,Temporary Ban on Legendary Pastries,495,https://reddit.com/r/ExpectationVsReality/comments/1fp1jba/temporary_ban_on_legendary_pastries/,https://www.reddit.com/r/ExpectationVsReality/comments/1fp1jba/temporary_ban_on_legendary_pastries/,"Hey y’all.  We get it.  The legendary pastry’s icing sometimes melts and then looks weird.  Some people have never seen it on their own pastries, but we all have seen the posts here. 

Temporarily going to ban all of the new legendary pastry posts.  The point has already been made.",1727261604.0,0.97,495,0,Mod Post,Former-Sock-8256,0,False,0,False,text
ExpectationVsReality,1npqupl,Ottolenghi’s “Surprise Tatin”,674,https://reddit.com/r/ExpectationVsReality/comments/1npqupl/ottolenghis_surprise_tatin/,https://www.reddit.com/gallery/1npqupl,"I was SO pleased with how this came out!
Image Description: a plate of food on a counter top 
Image Description: a book with a pie on it",1758754985.0,0.99,674,0,Surprisingly Met Expectation,schadenfrau,30,True,2,True,text
ExpectationVsReality,1npeyfq,Pumpkin carving,1456,https://reddit.com/r/ExpectationVsReality/comments/1npeyfq/pumpkin_carving/,https://www.reddit.com/gallery/1npeyfq,"
Image Description: a carved pumpkin sitting on a table 
Image Description: a box of halloween pumpkins with different designs 
Image Description: a pumpkin carved with a smiley face on it 
Image Description: a pumpkin carving with the words see you on it 
Image Description: a box of halloween pumpkins with different designs 
Image Description: a pumpkin with a face carved on it 
Image Description: a sign that says halloween master 
Image Description: a pumpkin with a face carved into it",1758727137.0,0.95,1456,0,Exceeded Expectation,externalkyuubi9,38,True,8,True,text
ExpectationVsReality,1npoem5,That symmetry,104,https://reddit.com/r/ExpectationVsReality/comments/1npoem5/that_symmetry/,https://i.redd.it/d4w2hsb7j6rf1.jpeg,"
Image Description: a person holding a box of thin crust pizza",1758748817.0,0.95,104,0,Surprisingly Met Expectation,mvicsmith,8,True,1,False,image
ExpectationVsReality,1nphfbn,Dinner with my Gf,190,https://reddit.com/r/ExpectationVsReality/comments/1nphfbn/dinner_with_my_gf/,https://i.redd.it/j5yjszta75rf1.jpeg,"Got this for my gf because she loves panacotta. Turns out it also contains ethyl-alcohol which tasted absolutely awful.  Taste to look ratio is pretty accurate on this one.
Image Description: a box of pan nata cotta and a cup of pudding",1758732708.0,0.91,190,0,Failed Expectation,narciso42,26,True,1,False,image
ExpectationVsReality,1not99y,A wig for my kids costume.,1881,https://reddit.com/r/ExpectationVsReality/comments/1not99y/a_wig_for_my_kids_costume/,https://www.reddit.com/gallery/1not99y,"Roughly what we expected vs. what came out of the bag 😂☠️

Found this memory from a few years ago. Bought it off a reputable website/companh, and it wasn’t exactly cheap. Tried to look at reviews and look around but they were the only place with this characters wig for kids and no reviews had photos. Thought it might have to be fixed up a bit but it wasn’t even remotely close to the image 😂

(Old coworker was wearing it to try to fix it at work lol - we did our best for my son but I won’t lie, we didn’t really save it lmao)
Image Description: dragon ball goku child wig 
Image Description: a person with a black wig on their head",1758661189.0,0.97,1881,0,Failed Expectation,ActiveMysterious8242,54,True,2,True,text
ExpectationVsReality,1np426r,Papa John’s did pretty well,180,https://reddit.com/r/ExpectationVsReality/comments/1np426r/papa_johns_did_pretty_well/,https://www.reddit.com/gallery/1np426r,"I tried their Papa Dippa this evening & it was really good 
Image Description: a pizza in a box with pepperoni on it 
Image Description: pizza hut app on the app store",1758692064.0,0.86,180,0,Exceeded Expectation,romanowski69,19,True,2,True,text
ExpectationVsReality,1nouwid,Not quite...,651,https://reddit.com/r/ExpectationVsReality/comments/1nouwid/not_quite/,https://www.reddit.com/gallery/1nouwid,"I was really excited to try this but I guess I should have known better
Image Description: a box of angel hair chocolate 
Image Description: a person holding a chocolate bar with a bite taken out of it",1758665124.0,0.97,651,0,Failed Expectation,Traveling_Swan,25,True,2,True,text
ExpectationVsReality,1nox3dv,Man..,403,https://reddit.com/r/ExpectationVsReality/comments/1nox3dv/man/,https://i.redd.it/f5yrw6c4rgb51.jpg,"
Image Description: a box of pizza with a slice missing",1758670846.0,0.92,403,0,Failed Expectation,Bloubelade,25,True,1,False,image
ExpectationVsReality,1nox7nv,Flowers by Eva LMAO,376,https://reddit.com/r/ExpectationVsReality/comments/1nox7nv/flowers_by_eva_lmao/,https://www.reddit.com/gallery/1nox7nv,"bro tf lmfao. yes, I paid 100 bucks to buy my gf some bulbs. I suggest not ordering from them, I want a refund for this shit lol. A SOCCERBALL VASE is wild, like bro I bought this for my Mexican girlfriend, a yellow bouquet is supposed to symbolize that I want to be with her forever... I wonder what message is received with this...
Image Description: a vase of flowers sitting on a table 
Image Description: a screenshot of a flower shop page with yellow lilies 
Image Description: a vase with yellow flowers and green leaves on a table",1758671164.0,0.93,376,0,Failed Expectation,thotoppa,30,True,3,True,text
ExpectationVsReality,1noouum,tim hortons thanksgiving stack,467,https://reddit.com/r/ExpectationVsReality/comments/1noouum/tim_hortons_thanksgiving_stack/,https://www.reddit.com/gallery/1noouum,"
Image Description: a person holding a sandwich with meat and cheese 
Image Description: two turkey sandwiches with cranberry sauce on them",1758651141.0,0.98,467,0,Failed Expectation,hooni6,42,True,2,True,text
ExpectationVsReality,1np3m8n,Same day online bouquet delivery,58,https://reddit.com/r/ExpectationVsReality/comments/1np3m8n/same_day_online_bouquet_delivery/,https://www.reddit.com/gallery/1np3m8n,"
Image Description: a white lily and yellow roses in a box on a counter 
Image Description: a flower shop is displayed on the app",1758690470.0,0.87,58,0,Failed Expectation,kjg1228,7,True,2,True,text
ExpectationVsReality,1no2puy,My dad was so excited to give this to me.,12436,https://reddit.com/r/ExpectationVsReality/comments/1no2puy/my_dad_was_so_excited_to_give_this_to_me/,https://www.reddit.com/gallery/1no2puy,"Once I saw the sticker image on the box I knew what was about to be seen. 😭
Image Description: a colorful dog sculpture made from glass 
Image Description: a dog made out of stained glass",1758585840.0,0.97,12436,0,AI Expectation ,Sponsorspew,307,True,2,True,text
ExpectationVsReality,1npqnp4,Mineral Mug,0,https://reddit.com/r/ExpectationVsReality/comments/1npqnp4/mineral_mug/,https://www.reddit.com/gallery/1npqnp4,"I dunno... I was kinda skeptical this thing wouldn't slowly poison me if it was some kinda crystal/mineral polymer whatever, but this is just cheap plastic with awful paint.

$20 lesson learned; at least I waited for free shipping?
Image Description: a colorful mug with a blue, yellow and red design 
Image Description: a coffee cup with a colorful design on it 
Image Description: a screen shot of the website for mineral mug",1758754472.0,0.42,0,0,Failed Expectation,senbenitoo,21,True,3,True,text
ExpectationVsReality,1nnr2jl,I SWEAR they looked good before I went to bed,2566,https://reddit.com/r/ExpectationVsReality/comments/1nnr2jl/i_swear_they_looked_good_before_i_went_to_bed/,https://www.reddit.com/gallery/1nnr2jl,"
Image Description: a woman with black nails and rainbow designs on them 
Image Description: a person holding up their hand with a nail design",1758558191.0,0.94,2566,0,Failed Expectation,Key_Juice878,53,True,2,True,text
ExpectationVsReality,1no8lro,KFC India Momos(Dumplings),165,https://reddit.com/r/ExpectationVsReality/comments/1no8lro/kfc_india_momosdumplings/,https://www.reddit.com/gallery/1no8lro,"These taste pathetic! Let alone momos, these doesn't even taste like fried chicken! The sauce was nasty and pungent 😮‍💨

It's high time for KFC to stop experimenting and sell only what they are good at.
Image Description: a screenshot of the app showing the menu for krispy chicken 
Image Description: a black tray with fried chicken and ketchup",1758603646.0,0.94,165,0,Failed Expectation,Deep_Ride488,7,True,2,True,text
ExpectationVsReality,1nnskmm,Jack in the Box. Straight To Jail.,852,https://reddit.com/r/ExpectationVsReality/comments/1nnskmm/jack_in_the_box_straight_to_jail/,https://www.reddit.com/gallery/1nnskmm,"lol wtf
Image Description: a person holding a stick with cheese on it 
Image Description: a person holding a half eaten donut in their hand",1758561532.0,0.98,852,0,Failed Expectation,breezybeezie,34,True,2,True,text
ExpectationVsReality,1nnry9z,Carnivore pizza,896,https://reddit.com/r/ExpectationVsReality/comments/1nnry9z/carnivore_pizza/,https://www.reddit.com/gallery/1nnry9z,"
Image Description: a pizza with cheese and ham on top of a pan 
Image Description: mike's pizza has a new pizza with meat and cheese",1758560141.0,0.97,896,0,Failed Expectation,lynypixie,52,True,2,True,text
ExpectationVsReality,1nn1b57,Got my nails done yesterday,1878,https://reddit.com/r/ExpectationVsReality/comments/1nn1b57/got_my_nails_done_yesterday/,https://www.reddit.com/gallery/1nn1b57,"Considering this only took 15ish minutes 
Image Description: a woman with brown polka dot nails and brown polish 
Image Description: a woman's hands with brown polka dot nails",1758483196.0,0.95,1878,0,Surprisingly Met Expectation,WillowTC,31,True,2,True,text
ExpectationVsReality,1nn91jd,Temu vs squirrel brain update #2. Tiny cow in the dark. (Tiny cow did not meet expectations but the lights in the dark is very pretty),604,https://reddit.com/r/ExpectationVsReality/comments/1nn91jd/temu_vs_squirrel_brain_update_2_tiny_cow_in_the/,https://www.reddit.com/gallery/1nn91jd,"We got home and it had stormed. The alien had tried to escape but couldn’t get loose on one side so he was stuck. We got him upright and retethered. 
Image Description: a large blue and white alien shaped object 
Image Description: a large inflatable alien with red and green lights 
Image Description: a green lighted up ufo floating in the air 
Image Description: a large inflatable mushroom shaped light up toy",1758503193.0,0.96,604,0,Surprisingly Met Expectation,cpbaby1968,38,True,4,True,text
ExpectationVsReality,1nmkqtk,Meat to fat ratio…,1027,https://reddit.com/r/ExpectationVsReality/comments/1nmkqtk/meat_to_fat_ratio/,https://www.reddit.com/gallery/1nmkqtk,"Day is ruined and my disappointment is immeasurable… The bottom printed strip completely covered the thick portion of the fat… Felt cheated 
Image Description: master shortplate shabu 250g 
Image Description: a piece of meat in a plastic container",1758436435.0,0.94,1027,0,Failed Expectation,matcha-overdose,59,True,2,True,text
ExpectationVsReality,1nm0v0w,Made my sister a birthday cake,8845,https://reddit.com/r/ExpectationVsReality/comments/1nm0v0w/made_my_sister_a_birthday_cake/,https://www.reddit.com/gallery/1nm0v0w,"I'm so happy with how it came out!!
Image Description: a plate of chocolate desserts on a table 
Image Description: a chocolate cake with berries and mushrooms on it",1758381439.0,0.98,8845,0,Exceeded Expectation,Cautious-Giraffe5400,100,True,2,True,text
ExpectationVsReality,1nm7vyp,Little Seizures - 100 Fanceroni Pepperoni,2852,https://reddit.com/r/ExpectationVsReality/comments/1nm7vyp/little_seizures_100_fanceroni_pepperoni/,https://www.reddit.com/gallery/1nm7vyp,"I don't have the best eyes, but don't think there's 100 pepperoni on this either.
Image Description: old world fanchon pepperoni pizza 
Image Description: a pepperoni pizza in a box",1758398132.0,0.98,2852,0,Failed Expectation,prudenr,91,True,2,True,text
ExpectationVsReality,1nmcj1w,Cafe steamers...,428,https://reddit.com/r/ExpectationVsReality/comments/1nmcj1w/cafe_steamers/,https://www.reddit.com/gallery/1nmcj1w,"I didn't realize I was buying some fancy novelty lol the picture looked good but the sauce is incredibly watery like a broth almost. Also, there aren't vegetables so the steamer concept is a little stupid for just the chicken and pasta which are normally just fine being reheated the normal way in other frozen dinners. The taste is good like a pasta primavera but just really sad and wimpy. The reality photo is after mixing it together and I didn't take anything out. Very sad. 5/10 wouldn't buy again.
Image Description: a bowl of pasta with chicken and a box of pasta 
Image Description: a box of healthy choice cafe steamer with a bowl of pasta",1758410116.0,0.96,428,0,Failed Expectation,SellaTheChair_,38,True,2,True,text
ExpectationVsReality,1nm3ox1,AliExpress TMNT figures,296,https://reddit.com/r/ExpectationVsReality/comments/1nm3ox1/aliexpress_tmnt_figures/,https://www.reddit.com/gallery/1nm3ox1,"The second time I’ve been burnt with TMNT figures.  This was a good while ago, I have since purchased the legitimately figures.
Image Description: teenage mutant ninja turtles action figures 
Image Description: teenage mutant ninja turtles action figures",1758388119.0,0.93,296,0,Failed Expectation,TheBookofBobaFett3,29,True,2,True,text
ExpectationVsReality,1nnjnh1,Serving Size vs. Real Life,0,https://reddit.com/r/ExpectationVsReality/comments/1nnjnh1/serving_size_vs_real_life/,https://www.reddit.com/gallery/1nnjnh1,"o my wife has been on this thing lately about serving sizes. She read somewhere that a proper serving of rice is 53 grams. Yeah, 53 grams—basically like three spoons. She now says that’s what we should be eating per plate.

Now, I’m from Africa. Where I come from, nobody is measuring food with a scale before cooking. We cook big, we eat big, and we share. Food is about being full, being together, not about counting grams on a label.

She criticized me, saying, “See, this is why people overeat. You don’t read labels before you cook.” And I get her point—nutrition labels are there for a reason. But honestly, when I think about how we grew up, portion control was never part of the conversation. A plate of rice was a real plate of rice, not a sample size.

It made me laugh and also think. Maybe 53 grams makes sense for health reasons, but let’s be honest—who in my culture is going to feel satisfied with that? At the same time, maybe there’s something in between—eating enough to feel good, but not stuffing yourself just because the pot is full.

So yeah, 53 grams might be “official,” but in my house, that’s more like a side snack.

Image Description: a plate with some food on it sitting on a scale 
Image Description: a packet of chips with the nutrition facts",1758539718.0,0.44,0,0,Surprisingly Met Expectation,Gorilla_qu,18,True,2,True,text
ExpectationVsReality,1nllu43,Temu vs squirrel brain Alien w cow update.,1682,https://reddit.com/r/ExpectationVsReality/comments/1nllu43/temu_vs_squirrel_brain_alien_w_cow_update/,https://www.reddit.com/gallery/1nllu43,"Omg. We need a bigger cow. This one is just a snack for the alien. My boyfriend is a helluva good sport though. He made sure the tiny cow was floating. 


I will update when we get the bigger cow. 
Image Description: a man standing next to a large inflatable balloon 
Image Description: a man is putting a toy inside of a transparent balloon 
Image Description: a man standing next to a large inflatable object 
Image Description: a large inflatable alien is sitting in the grass 
Image Description: a man is putting a large inflatable into a car",1758333247.0,0.97,1682,0,Failed Expectation,cpbaby1968,88,True,5,True,text
ExpectationVsReality,1nl9t1m,Ice cream I had during my trip to China. It’s not bad???,3212,https://reddit.com/r/ExpectationVsReality/comments/1nl9t1m/ice_cream_i_had_during_my_trip_to_china_its_not/,https://i.redd.it/51i1z9qxo5qf1.jpeg,"
Image Description: a person holding a plastic container with a yellow fruit inside",1758302795.0,0.98,3212,0,Surprisingly Met Expectation,chahan412,78,True,1,False,image
ExpectationVsReality,1nlej08,Perfect size…,767,https://reddit.com/r/ExpectationVsReality/comments/1nlej08/perfect_size/,https://www.reddit.com/gallery/1nlej08,"Ordered this derp for my daughter’s friend’s birthday. She is 8 and loves tigers. Thought cute weighted tiger is perfect I received an abomination. Now my 12 year old is in love with the thing and wants to keep him for herself. 

I’m going to the mall to look for something else but really would y’all give an 8 year old this derp? Keep in mind I do not know the kid or the parents enough to ask but they are a neighbor and I would I like to make a good impression on them. 
Image Description: a stuffed animal sitting on a leather couch 
Image Description: the perfect size tiger plush toy",1758313669.0,0.93,767,0,Failed Expectation,theblondepenguin,73,True,2,True,text
ExpectationVsReality,1nl3pav,Mr Pistachio met my expectations,911,https://reddit.com/r/ExpectationVsReality/comments/1nl3pav/mr_pistachio_met_my_expectations/,https://www.reddit.com/gallery/1nl3pav,"He’s deflated from a 15 minute journey 
Image Description: a slice of cake with pink icing on top 
Image Description: a slice of pie with a green and pink filling",1758288781.0,0.99,911,0,Surprisingly Met Expectation,HappyCuppiccino,18,True,2,True,text
ExpectationVsReality,1nksbm1,Baby shower cake I asked for vs what I got,6126,https://reddit.com/r/ExpectationVsReality/comments/1nksbm1/baby_shower_cake_i_asked_for_vs_what_i_got/,https://www.reddit.com/gallery/1nksbm1,"She’s a very popular local baker and I even asked if this was something she could confidently do. Extremely let down when it arrived
Image Description: a pink cake with books on it and a sign that says oh baby 
Image Description: a cake with books on it and flowers",1758250902.0,0.98,6126,0,Failed Expectation,No_Writer5135,248,True,2,True,text
ExpectationVsReality,1nkteel,Angry goose,1691,https://reddit.com/r/ExpectationVsReality/comments/1nkteel/angry_goose/,https://www.reddit.com/gallery/1nkteel,"The first pic is what I ordered, the second is what I got. So disappointed! 
Image Description: a painting of a duck in a gold frame 
Image Description: a picture of a duck painting on a gold frame",1758254141.0,0.96,1691,0,Failed Expectation,ryetrist,33,True,2,True,text
ExpectationVsReality,1nkdf8y,Temu vs my squirrel brain,3777,https://reddit.com/r/ExpectationVsReality/comments/1nkdf8y/temu_vs_my_squirrel_brain/,https://www.reddit.com/gallery/1nkdf8y,"Look. Temu is a scourge upon the earth but sometimes I like the dopamine fix. I had some credit and this was on sale and you know… $6. It cost me $6 INCLUDING THE COW (sold separately. Arriving tomorrow) and came in less than a week. 


Boyfriend is 6’4”. It’s close enough to 10’ to make me happy. 
Image Description: an app for a halloween decoration 
Image Description: a man standing next to a large inflatable alien 
Image Description: a green alien shaped balloon is lit up in the dark 
Image Description: an inflatable alien shaped like a UFO is lit up 
Image Description: an alien ufo with lights on it is displayed on the app",1758213829.0,0.97,3777,0,Exceeded Expectation,cpbaby1968,114,True,5,True,text
ExpectationVsReality,1nk971q,Tacos I ordered at a restaurant a couple of weeks ago,1291,https://reddit.com/r/ExpectationVsReality/comments/1nk971q/tacos_i_ordered_at_a_restaurant_a_couple_of_weeks/,https://www.reddit.com/gallery/1nk971q,"Not only did they look awful, they were also cold. Hated to be that person but I ended up sending them back. 
Image Description: three tacos on a plate with a white background 
Image Description: a plate with two tacos on it",1758204247.0,0.99,1291,0,Failed Expectation,Tiny_Score_4851,77,True,2,True,text
ExpectationVsReality,1nk8lhu,Dunkin Donuts $5 chipotle hasbrown bowl less than halfway filled.,633,https://reddit.com/r/ExpectationVsReality/comments/1nk8lhu/dunkin_donuts_5_chipotle_hasbrown_bowl_less_than/,https://i.redd.it/3d4hyw6nfxpf1.jpeg,"
Image Description: two pictures of a cup of food and a bowl of food",1758202810.0,0.97,633,0,Failed Expectation,EpicBlueDrop,64,True,1,False,image
ExpectationVsReality,1nkn8dc,At least it's still a pizza,102,https://reddit.com/r/ExpectationVsReality/comments/1nkn8dc/at_least_its_still_a_pizza/,https://www.reddit.com/gallery/1nkn8dc,"It still tastes ok. Just didn't scratch the itch that picture gave me in the store. 
Image Description: a pizza on a pan on a stove top 
Image Description: a box of pizza sitting on top of a stove",1758236614.0,0.97,102,0,Failed Expectation,Outrageous_Low579,15,True,2,True,text
ExpectationVsReality,1nkg444,Got duped with a real life AI image on the packaging 🤦🏻‍♀️,229,https://reddit.com/r/ExpectationVsReality/comments/1nkg444/got_duped_with_a_real_life_ai_image_on_the/,https://i.redd.it/225fjia7uypf1.jpeg,"Found this in a FB group. Kit didn’t give enough wool to even create the bat 🤣 photo on the box looks AI to me. 
Image Description: a crochet book with a bat and a crochet hook",1758219814.0,0.92,229,0,AI Expectation ,Imaginary_Bother921,7,True,1,False,image
ExpectationVsReality,1nklewz,CM Chicken,113,https://reddit.com/r/ExpectationVsReality/comments/1nklewz/cm_chicken/,https://www.reddit.com/gallery/1nklewz,"A few days ago I had heard on this subreddit that CM Chicken was amazing. I checked, and found a location 20 minutes away.

What I ordered was Garlic Spicy Chicken Tenders. What I got were generic chicken strips with  some sauce lazily poured on top. I have literally seen better efforts from Dominos.

Give me a bottle of the sauce (it's pretty good) and I could have made better at home.

EDIT: I just discovered that the place I ordered from probably wasn't an authorized CM Chicken franchise. They don't seem to be listed on any of the corporate websites.
Image Description: the best fried chicken in the world 
Image Description: a box of fried chicken in a paper container",1758232020.0,0.92,113,0,Failed Expectation,user_number_666,14,True,2,True,text
ExpectationVsReality,1nkbwrr,The mouse I asked for vs the mouse I got...,315,https://reddit.com/r/ExpectationVsReality/comments/1nkbwrr/the_mouse_i_asked_for_vs_the_mouse_i_got/,https://www.reddit.com/gallery/1nkbwrr,"Ordered from Walmart(I know, that was a mistake), since price was really good.

Got the keyboard and a game, but game has a mouse sticker...
Image Description: logitech g502 gaming mouse - screenshot 
Image Description: nintendo switch mario kart 8 deluxe bundle 
Image Description: a box with a keyboard and a game in it",1758210467.0,0.94,315,0,Failed Expectation,MiaKica,25,True,3,True,text
ExpectationVsReality,1nkgep2,Stranger Things Pizza,64,https://reddit.com/r/ExpectationVsReality/comments/1nkgep2/stranger_things_pizza/,https://i.redd.it/gkwgb5n6wypf1.jpeg,"
Image Description: a pizza on a cutting board next to a box of stranger things",1758220480.0,0.9,64,0,Exceeded Expectation,JediMasterboobies,7,True,1,False,image
ExpectationVsReality,1nkh98t,Italian Pasta by Giovanni Rana 🍝🇮🇹,56,https://reddit.com/r/ExpectationVsReality/comments/1nkh98t/italian_pasta_by_giovanni_rana/,https://www.reddit.com/gallery/1nkh98t,"
Image Description: a bowl of pasta with vegetables and cheese on top of an oven 
Image Description: a bag of pasta with vegetables and sauce",1758222406.0,0.95,56,0,Failed Expectation,MarieTheBrain,6,True,2,True,text
ExpectationVsReality,1njt4kz,Digiorno Personal Stuffed Crust Pepperoni Pizza,1102,https://reddit.com/r/ExpectationVsReality/comments/1njt4kz/digiorno_personal_stuffed_crust_pepperoni_pizza/,https://www.reddit.com/gallery/1njt4kz,"Used microwave to cook a bit and then toaster oven to crisp up! Paid $3.97 at Walmart! Can see cheese in crust. Digiorno makes a great pie!
Image Description: a pizza with pepperoni on it sitting on a plate 
Image Description: a pepperoni pizza on a plate",1758152849.0,0.98,1102,0,Exceeded Expectation,Dry-Double-6845,45,True,2,True,text
ExpectationVsReality,1njdqfv,Nails my Tech did,4496,https://reddit.com/r/ExpectationVsReality/comments/1njdqfv/nails_my_tech_did/,https://www.reddit.com/gallery/1njdqfv,"Just thought I’d show a my favorite sets my tech has done! 
Image Description: a collage of pictures showing different nail designs 
Image Description: the nail art that i showed you on instagram 
Image Description: a collage of pictures showing different nail designs 
Image Description: a collage of pictures showing different nail designs 
Image Description: the nail art is shown in different ways 
Image Description: the nail art that i did for my nails 
Image Description: the nail art that i showed you on instagram",1758117074.0,0.96,4496,0,Exceeded Expectation,Xxsakura_mochixX,96,True,7,True,text
ExpectationVsReality,1njwcge,Birthday Candle from Amazon. Can't complain!,417,https://reddit.com/r/ExpectationVsReality/comments/1njwcge/birthday_candle_from_amazon_cant_complain/,https://www.reddit.com/gallery/1njwcge,"
Image Description: a pink number three candle with glitter and butterflies 
Image Description: a pink birthday cake with a number three on it",1758161941.0,0.96,417,0,Surprisingly Met Expectation,DiaryOfACanadian,5,True,2,True,text
ExpectationVsReality,1njz0fu,Korean BBQ noodles,99,https://reddit.com/r/ExpectationVsReality/comments/1njz0fu/korean_bbq_noodles/,https://www.reddit.com/gallery/1njz0fu,"Didn’t taste too bad at least 
Image Description: a package of stir fry noodles with korean style beef 
Image Description: a pan with noodles and meat in it",1758170294.0,0.92,99,0,Failed Expectation,Bluelikeyou2,7,True,2,True,text
ExpectationVsReality,1nizwt3,What I asked the groomer  and what I got,1102,https://reddit.com/r/ExpectationVsReality/comments/1nizwt3/what_i_asked_the_groomer_and_what_i_got/,https://www.reddit.com/gallery/1niztgx,,1758072488.0,0.82,1102,0,Failed Expectation,zzzekid,82,False,0,False,text
ExpectationVsReality,1niujox,First tattoo! 😳🫣,1073,https://reddit.com/r/ExpectationVsReality/comments/1niujox/first_tattoo/,https://www.reddit.com/gallery/1niujox,"**PIC 1 is what I made and sendt to the tattoo artist**

Today is day 6 after I took my first tattoo, I have just removed the «second skin bandaid». 

***Was terrified to do a tattoo in the first place, in general. If you don’t know you really have no clue how it will be, even for such simple lines! 😄 SO afraid I would scream and not go through with it!!! (Yes I laugh so hard at it now, it was not bad at all!!!)*** 😅🤣

Tattoo is my design, it is of me and my musician brothers (32 and soon 30) 😁
I showed the oldest (he has many, the only one of us) and he loved it (we have talked for years of doing some sort of sibling tattoo). 

Been thinking a while now that I wanted to suprise them, so I got my nerves together and made my humble love statement, we have always been BFF’s 🥰

**PS.** I CAN’T believe I did this!!! 

**PPS:** Yes I have cat hairs on my tights, and yes, I wanna show off my Stitch manicure I got today 🤭😊😄❤️


TLDR; First tattoo, it is of me and my bro’s ☺️
Image Description: a woman with a tattoo on her arm 
Image Description: a drawing of a family with a balloon 
Image Description: a woman with a tattoo of a family on her arm 
Image Description: a tattoo of a family with a heart on the arm",1758058516.0,0.88,1073,0,Exceeded Expectation,Future-Sport2255,61,True,4,True,text
ExpectationVsReality,1nipo24,My girlfriend made meat pizza for the first time. Seemed to be pretty good,259,https://reddit.com/r/ExpectationVsReality/comments/1nipo24/my_girlfriend_made_meat_pizza_for_the_first_time/,https://www.reddit.com/gallery/1nipo24,"
Image Description: a pizza with vegetables on a white background 
Image Description: a pizza with cheese and toppings on top of an oven",1758047526.0,0.73,259,0,Exceeded Expectation,Nikos_1990,51,True,2,True,text
ExpectationVsReality,1nie762,CM Chicken sandwich,953,https://reddit.com/r/ExpectationVsReality/comments/1nie762/cm_chicken_sandwich/,https://www.reddit.com/gallery/1nie762,"I hoped it would be a bit smaller than the photo, but it was still so tall it was challenging to eat. 

10/10 - one of the best chicken sandwiches I’ve ever had 
Image Description: a large sandwich with a lot of food on it 
Image Description: a chicken sandwich with coleslaw and pickles on a bun",1758020130.0,0.98,953,0,Surprisingly Met Expectation,lifeuncommon,32,True,2,True,text
ExpectationVsReality,1ni2m6u,Gummy Bummer,2152,https://reddit.com/r/ExpectationVsReality/comments/1ni2m6u/gummy_bummer/,https://www.reddit.com/gallery/1ni2m6u,"My expectations where already low, but geez these were bad. Give me my jelly filled Jupiter! 
Image Description: a jar of galaxy mix gummi candy 
Image Description: a person holding a globe and a globe in their hand 
Image Description: a person holding a small object in front of a keyboard 
Image Description: a person holding a small piece of food",1757981545.0,0.98,2152,0,Failed Expectation,RaccoonGrabbyHands,46,True,4,True,text
ExpectationVsReality,1nhxz4w,Tasty Cheese,388,https://reddit.com/r/ExpectationVsReality/comments/1nhxz4w/tasty_cheese/,https://www.reddit.com/gallery/1nhxz4w,"
Image Description: a hamburger with lettuce and cheese on a white table 
Image Description: a hamburger with cheese and lettuce on a white background",1757969917.0,0.97,388,0,Failed Expectation,KindlyStreet2183,23,True,2,True,text
ExpectationVsReality,1nhduqv,this is bad right ??,3939,https://reddit.com/r/ExpectationVsReality/comments/1nhduqv/this_is_bad_right/,https://www.reddit.com/gallery/1nhduqv,"title
Image Description: a small purple witch hat is sitting in a bowl of water 
Image Description: a halloween themed bathtub with a ghost reading a book",1757915633.0,0.91,3939,0,Failed Expectation,hkepchar,286,True,2,True,text
ExpectationVsReality,1nh933g,"My nephew asked for a switch cake for his birthday. Apparently I misunderstood the assignment. (Just kidding, had to prank the kid first.)",2968,https://reddit.com/r/ExpectationVsReality/comments/1nh933g/my_nephew_asked_for_a_switch_cake_for_his/,https://www.reddit.com/gallery/1nh3fg1,,1757900518.0,0.97,2968,0,,4reddityo,36,False,0,False,text
ExpectationVsReality,1ngrix7,The Cake I Ordered VS What I Got,16183,https://reddit.com/r/ExpectationVsReality/comments/1ngrix7/the_cake_i_ordered_vs_what_i_got/,https://www.reddit.com/gallery/1ngrix7,"When I was turning 22 we called Sobeys and asked for a birthday cake that said “I don’t know about you but I’m feeling 22”. My best friend and I went to go pick it up and they handed us this and said to use candles for the “22” part. We could NOT stop laughing and to this day it still makes us cackle. 
Image Description: a cake with a message on it 
Image Description: a cake in a box with a red heart on it",1757857044.0,0.98,16183,0,Failed Expectation,AngryGoblinChild,385,True,2,True,text
ExpectationVsReality,1ngkwvq,Birthday cake I asked for vs what I got,47900,https://reddit.com/r/ExpectationVsReality/comments/1ngkwvq/birthday_cake_i_asked_for_vs_what_i_got/,https://www.reddit.com/gallery/1ngkwvq,"
Image Description: a cake with a heart shaped decoration in a box 
Image Description: a cake with a strawberry on top",1757835034.0,0.97,47900,0,Exceeded Expectation,mona_thepersona,512,True,2,True,text
ExpectationVsReality,1ngt4cn,Lady Gaga Doll,4812,https://reddit.com/r/ExpectationVsReality/comments/1ngt4cn/lady_gaga_doll/,https://www.reddit.com/gallery/1ngt4cn,"The first picture is what I ordered from an ad on Instagram. The second picture is what I received two months after I ordered it.
Image Description: gaga crochet emotional support doll 
Image Description: emotional support gaga crochet doll",1757861126.0,0.91,4812,0,Failed Expectation,Iamthegreenheather,290,True,2,True,text
ExpectationVsReality,1nh7d7o,When 'topped' becomes the majority of the meal,161,https://reddit.com/r/ExpectationVsReality/comments/1nh7d7o/when_topped_becomes_the_majority_of_the_meal/,https://www.reddit.com/gallery/1nh7d7o,"Corn kernel for reference 
Image Description: a casserole dish with mashed potatoes and corn 
Image Description: a box of western family's shepherd's pie",1757895583.0,0.95,161,0,Failed Expectation,TheLordJiminyCricket,24,True,2,True,text
ExpectationVsReality,1ngtwc9,The shirt I ordered and the shirt I got,806,https://reddit.com/r/ExpectationVsReality/comments/1ngtwc9/the_shirt_i_ordered_and_the_shirt_i_got/,https://www.reddit.com/gallery/1ngtwc9,"
Image Description: a black shirt with the words gravity falls oregon on it 
Image Description: gravity falls t-shirt on the app store",1757863001.0,0.98,806,0,Failed Expectation,TheJedibugs,25,True,2,True,text
ExpectationVsReality,1ngr19v,The cake my husband requested vs what we got 🫶🏻,1057,https://reddit.com/r/ExpectationVsReality/comments/1ngr19v/the_cake_my_husband_requested_vs_what_we_got/,https://www.reddit.com/gallery/1ngr19v,"Last year for my birthday, my husband went to a local bakery and showed them the first img of a cake that I had previously shared on my social media bc I thought it was super cute. I am admittedly a big HK fan.

This cake was a surprise to me - and an even bigger surprise that apparently he has been keeping note of cake designs I share 🥺. 
Anyway, I saw another post of an uber cute Kirby cake and thought I’d share. 🫶🏻
Image Description: a hello kitty cake with a blue and pink frosting 
Image Description: a birthday cake with a hello kitty on it",1757855740.0,0.98,1057,0,Exceeded Expectation,Foiry,9,True,2,True,text
ExpectationVsReality,1ngrk7i,Cookies and cream Hershey bar,797,https://reddit.com/r/ExpectationVsReality/comments/1ngrk7i/cookies_and_cream_hershey_bar/,https://i.redd.it/k6599nisv4pf1.jpeg,"
Image Description: a package of cookies in every bite",1757857141.0,0.97,797,0,Surprisingly Met Expectation,Winter-Owl1,10,True,1,False,image
ExpectationVsReality,1ngtrfg,The chicken fried rice I ordered vs the one I got. (Only one piece of chicken),300,https://reddit.com/r/ExpectationVsReality/comments/1ngtrfg/the_chicken_fried_rice_i_ordered_vs_the_one_i_got/,https://www.reddit.com/gallery/1ngtrfg,"
Image Description: kids fried rice - screenshot 
Image Description: a bowl of rice and vegetables on a table",1757862678.0,0.95,300,0,Failed Expectation,ImmediateTale,30,True,2,True,text
ExpectationVsReality,1ngisjt,What was ordered / what was provided,1804,https://reddit.com/r/ExpectationVsReality/comments/1ngisjt/what_was_ordered_what_was_provided/,https://www.reddit.com/gallery/1ngisjt,"My aunt ordered this Arsenal cake for my Uncles 50th birthday party. Swipe over to see what was provided (this is not a joke, even though it fully appears to be)! The baker didn’t even stack it, just packaged each layer separately and gave us instructions for how to do it ourselves! Oh and it cost $95 for the cake! 
Image Description: a person holding a phone with a cake on it 
Image Description: two cakes sitting on a shelf in a refrigerator",1757827433.0,0.98,1804,0,Failed Expectation,kayyls92,66,True,2,True,text
ExpectationVsReality,1ng1d77,I asked for a sugar photo bday cake. I got a horrible hand drawing instead,15123,https://reddit.com/r/ExpectationVsReality/comments/1ng1d77/i_asked_for_a_sugar_photo_bday_cake_i_got_a/,https://i.redd.it/u3kbeveghyof1.jpeg,"I asked for this cake months ago. When I came to pick it up she said she didn’t have time to get the photo sugar printed. She never communicated this to me prior to me arriving to pick up the cake. Cannot believe it. 
Image Description: two pictures of a cake with a picture of two men on it",1757779679.0,0.94,15123,0,Failed Expectation,tams228,424,True,1,False,image
ExpectationVsReality,1nghv5v,Couldn't wait to lite up the flower bed,335,https://reddit.com/r/ExpectationVsReality/comments/1nghv5v/couldnt_wait_to_lite_up_the_flower_bed/,https://www.reddit.com/gallery/1nghv5v,"Temu fail, but I got a good laugh out of it.
Image Description: a screen shot of a path with blue lights 
Image Description: a person holding a bag of colorful beads 
Image Description: a phone with the words ""add to cart"" and a blue path",1757824194.0,0.82,335,0,Failed Expectation,LaylaHawk,36,True,3,True,text
ExpectationVsReality,1ng0s18,My local Dairy Queen was riding the struggle bus last night,2092,https://reddit.com/r/ExpectationVsReality/comments/1ng0s18/my_local_dairy_queen_was_riding_the_struggle_bus/,https://www.reddit.com/gallery/1ng0s18,"It still tasted fine, just required a lot of napkins
Image Description: two ice cream cones with chocolate and white toppings 
Image Description: a person holding an ice cream cone with chocolate on top",1757778299.0,0.99,2092,0,Failed Expectation,Bunnynana,36,True,2,True,text
ExpectationVsReality,1ng7iar,Healthy Choice Fettucine Alfredo frozen pasta,499,https://reddit.com/r/ExpectationVsReality/comments/1ng7iar/healthy_choice_fettucine_alfredo_frozen_pasta/,https://www.reddit.com/gallery/1ng7iar,"*This is not new but it’s the first pic that popped up when I searched. 

I’ve been eating this frozen pasta bowl for at least a year and it is very good. Tender pasta that is not sticky or gummy, decent amount of chicken, crunchy broccoli. I add salt and pepper. I can find this for under $3 at local groceries, Target and WalMart (Midwest city)
Image Description: a bowl of pasta with broccoli and chicken 
Image Description: healthy choice® cafe stromer chicken alfredo pasta, 24-count",1757794348.0,0.95,499,0,Surprisingly Met Expectation,LoRiDurr,45,True,2,True,text
ExpectationVsReality,1ng37mx,Taco Bell strikes again!,142,https://reddit.com/r/ExpectationVsReality/comments/1ng37mx/taco_bell_strikes_again/,https://i.redd.it/696nxddjuyof1.png,"
Image Description: chili cheese burritos 100% tortilla meat juices",1757784078.0,0.88,142,0,Failed Expectation,sweetsbaker10,26,True,1,False,image
ExpectationVsReality,1nfh6bx,Went to taco bill to try their new taco and this is what i got compared to what it's advertised as,1346,https://reddit.com/r/ExpectationVsReality/comments/1nfh6bx/went_to_taco_bill_to_try_their_new_taco_and_this/,https://www.reddit.com/gallery/1nfh6bx,"I was definitely disappointed
Image Description: a person holding a taco with a piece of cheese on it 
Image Description: a close up of a taco with meat and onions",1757716776.0,0.94,1346,0,Failed Expectation,TsarFate,96,True,2,True,text
ExpectationVsReality,1nfbwjp,"""Hyperrealistic"" Psycho Mask From New Game Borderlands 4",596,https://reddit.com/r/ExpectationVsReality/comments/1nfbwjp/hyperrealistic_psycho_mask_from_new_game/,https://www.reddit.com/gallery/1nfbwjp,"
Image Description: the box for the game is next to a toy 
Image Description: a mask with a gas mask on it 
Image Description: a white mask with red eyes sitting on a wooden floor",1757704123.0,0.96,596,0,Failed Expectation,Individual-Fox5183,46,True,3,True,text
ExpectationVsReality,1nfhyzq,"There should be a flair labeled ""Failed expectation, because OP is a dumbass.""",128,https://reddit.com/r/ExpectationVsReality/comments/1nfhyzq/there_should_be_a_flair_labeled_failed/,https://www.reddit.com/gallery/1nfhyzq,"Picked these up today for a charcuterie tray,  stupidly assumed they were going to be half-sized of the normal club crackers but, well, no. They're about the size of Golden Grahams. I have no one to blame but myself.
Image Description: club minis original crackers 
Image Description: a quarter and a cracker on a wooden table",1757718866.0,0.91,128,0,Failed Expectation,thatquinnchick,10,True,2,True,text
ExpectationVsReality,1nexqk6,Airport Grilled Cheese,1096,https://reddit.com/r/ExpectationVsReality/comments/1nexqk6/airport_grilled_cheese/,https://www.reddit.com/gallery/1nexqk6,"
Image Description: a person holding a sandwich in a paper box 
Image Description: a sandwich is displayed on a screen",1757665909.0,0.99,1096,0,Failed Expectation,peterjussila,37,True,2,True,text
ExpectationVsReality,1netehn,I couldn't stop laughing.  His expression was priceless.,1804,https://reddit.com/r/ExpectationVsReality/comments/1netehn/i_couldnt_stop_laughing_his_expression_was/,https://i.redd.it/a6hca25iqnof1.jpeg,"Also, it tasted terrible, which just made it funnier.
Image Description: a person holding a chocolate covered lollipop",1757649717.0,0.98,1804,0,Failed Expectation,butt_honcho,32,True,1,False,image
ExpectationVsReality,1nfghvu,1-800-Flowers disappointment,58,https://reddit.com/r/ExpectationVsReality/comments/1nfghvu/1800flowers_disappointment/,https://www.reddit.com/gallery/1nfghvu,"I know they use local florists, and the local florists do change up the flower types to ensure “freshness and delivery times”, but come on. This is an XL bouquet that cost like $80+ and the actual bouquet delivered is awful! 
Image Description: a bouquet of flowers sitting on a table 
Image Description: a flower arrangement in a vase on the app",1757715049.0,0.72,58,0,Failed Expectation,raichu5,15,True,2,True,text
ExpectationVsReality,1neuclt,My nephew's birthday cake,1330,https://reddit.com/r/ExpectationVsReality/comments/1neuclt/my_nephews_birthday_cake/,https://i.redd.it/7omo6a3jznof1.png,"It was my first cake that I was trying to match to a picture and I think I got pretty close! (Mine is the one on the right with the candles on it.) I live in a rural area and none of the stores around me sold fake trees so I made do with a weird fake succulent plant and little dinosaur figurines but my nephew loved it so I will take it as a win. 
Image Description: two cakes with dinosaurs and waterfalls",1757652922.0,1.0,1330,0,Surprisingly Met Expectation,IcyKerosene,47,True,1,False,image
ExpectationVsReality,1nes72o,My tri-colored pasta,951,https://reddit.com/r/ExpectationVsReality/comments/1nes72o/my_tricolored_pasta/,https://www.reddit.com/gallery/1nes72o,"
Image Description: a bag of pasta with a label on it 
Image Description: a bag of pasta with fall shaped pasta 
Image Description: three plastic pumpkins and leaves on a table",1757645928.0,0.98,951,0,Failed Expectation,jimontario,30,True,3,True,text
ExpectationVsReality,1netft6,I swear I have normal size hand,452,https://reddit.com/r/ExpectationVsReality/comments/1netft6/i_swear_i_have_normal_size_hand/,https://www.reddit.com/gallery/1netft6,"
Image Description: a person holding a small brass object in their hand 
Image Description: a person holding a small brass box with smoke coming out of it",1757649833.0,0.99,452,0,Failed Expectation,lorrenzo,23,True,2,True,text
ExpectationVsReality,1nehj1d,Is this for a family of mice?!,2368,https://reddit.com/r/ExpectationVsReality/comments/1nehj1d/is_this_for_a_family_of_mice/,https://www.reddit.com/gallery/1nehj1d,"I only got this because they were like 50% off. They are normally almost $20. For reference, I wear a size small glove.
Image Description: a package of pasta is sitting on the stove 
Image Description: a person holding a bag of pasta in front of a stove 
Image Description: a bag of pasta sitting on top of a stove",1757617553.0,0.91,2368,0,Failed Expectation,judyhops95,140,True,3,True,text
ExpectationVsReality,1nedudt,But it's Gluten Free..,143,https://reddit.com/r/ExpectationVsReality/comments/1nedudt/but_its_gluten_free/,https://www.reddit.com/gallery/1nedudt,"
Image Description: kevin's frozen bowl beef bolognese 
Image Description: a bowl of pasta with meat and sauce in it",1757609184.0,0.87,143,0,Failed Expectation,Chitowngirl021478,25,True,2,True,text
ExpectationVsReality,1ne1ued,My lunch for night shift,617,https://reddit.com/r/ExpectationVsReality/comments/1ne1ued/my_lunch_for_night_shift/,https://www.reddit.com/gallery/1ne1ued,"I really don't know what I expected with this..but here we are 🤷‍♀️
Image Description: marie caldera's meatloaf country fried chicken 
Image Description: a white container with meat and gravy in it",1757573357.0,0.98,617,0,Failed Expectation,AdRelevant2041,76,True,2,True,text
ExpectationVsReality,1ndije4,I already had a tattoo from the same artist so my expectations were pretty high...,4292,https://reddit.com/r/ExpectationVsReality/comments/1ndije4/i_already_had_a_tattoo_from_the_same_artist_so_my/,https://www.reddit.com/gallery/1ndije4,"And he crushed them, when the tattoo was done I was already super happy with the result but the artist said "" great now let's add just a touch of white highlight to the eye, nose and lips"" and he basically put the cherry on top

You can follow him on Instagram at @delicato.___
And while you're at with give a listen to Gemini by wild nothing 
Image Description: the cover of a book with a woman's face 
Image Description: a tattoo of a man with a face on his arm",1757520741.0,0.97,4292,0,Exceeded Expectation,beqi97,72,True,2,True,text
ExpectationVsReality,1ndis6u,Ordered from Zippo.com - meant to be a gift.,1765,https://reddit.com/r/ExpectationVsReality/comments/1ndis6u/ordered_from_zippocom_meant_to_be_a_gift/,https://www.reddit.com/gallery/1ndis6u,"Super disappointed with the actual item. What was shown was so beautiful and vibrant, what was received is so splotchy & pale that you can only see some colours at certain angles. I'm in Canada and this item was only available in the US website so I had to get help from a friend to get this. Not even sure if I want to gift this anymore.
Image Description: zippo lighter with a colorful space scene on it 
Image Description: a zippo lighter with a colorful design on it",1757521263.0,0.98,1765,0,Failed Expectation,Help_One_AnOtter,48,True,2,True,text
ExpectationVsReality,1ndi35k,Ordered this SUPER cute mouse Halloween decoration on-line,615,https://reddit.com/r/ExpectationVsReality/comments/1ndi35k/ordered_this_super_cute_mouse_halloween/,https://www.reddit.com/gallery/1ndi35k,"
Image Description: a stuffed animal in a plastic bag with a ball 
Image Description: a small white mouse wearing a witch hat and holding a pumpkin",1757519766.0,0.96,615,0,Failed Expectation,MalachiCruncher,43,True,2,True,text
ExpectationVsReality,1ncuiz4,The cake I wanted for my birthday vs the one I got...,8302,https://reddit.com/r/ExpectationVsReality/comments/1ncuiz4/the_cake_i_wanted_for_my_birthday_vs_the_one_i_got/,https://www.reddit.com/gallery/1ncuiz4,"
Image Description: a cake with blood on it and a coffin 
Image Description: a cake with a candle on it",1757450546.0,0.94,8302,0,Failed Expectation,KingSlayer3113,310,True,2,True,text
ExpectationVsReality,1nd6yur,The cocktail I ordered vs the cocktail I got,1202,https://reddit.com/r/ExpectationVsReality/comments/1nd6yur/the_cocktail_i_ordered_vs_the_cocktail_i_got/,https://i.redd.it/qebjhl4d9aof1.jpeg,"
Image Description: a milkshake with whipped cream and chocolate syrup",1757486395.0,0.98,1202,0,Failed Expectation,cheeseslag,26,True,1,False,image
ExpectationVsReality,1ndf2m6,Fancied revisiting The Second Renaissance so ordered the DVD off eBay,289,https://reddit.com/r/ExpectationVsReality/comments/1ndf2m6/fancied_revisiting_the_second_renaissance_so/,https://www.reddit.com/gallery/1ndf2m6,"Imagine my delight when we sat down to watch.
Image Description: a dvd sitting on a bed with a book 
Image Description: a dvd sitting on a bed with a picture of a woman",1757512977.0,0.98,289,0,Failed Expectation,TheBookofBobaFett3,25,True,2,True,text
ExpectationVsReality,1nd445a,now THAT's what i'm talking about!!,566,https://reddit.com/r/ExpectationVsReality/comments/1nd445a/now_thats_what_im_talking_about/,https://i.redd.it/nanbkv7if9of1.jpeg,"Seen a lot of posts about oreo succumbing to shrinkflation.... Not these babies!! They're even more stuf'd than the cover picture! hell yeah
Image Description: a person holding an oreo mega stuf cookie",1757476350.0,0.97,566,0,Exceeded Expectation,emergency-snaccs,20,True,1,False,image
ExpectationVsReality,1ndwj05,I guess I got the cursed version from the Upside Down,8,https://reddit.com/r/ExpectationVsReality/comments/1ndwj05/i_guess_i_got_the_cursed_version_from_the_upside/,https://i.redd.it/qa3dr86oyfof1.jpeg,"
Image Description: a box of cake bites with a red and white cake on top",1757555437.0,0.58,8,0,Failed Expectation,jk_pens,6,True,1,False,image
ExpectationVsReality,1nd1suj,Ice cream expectation,362,https://reddit.com/r/ExpectationVsReality/comments/1nd1suj/ice_cream_expectation/,https://i.redd.it/4j0vh1i0v8of1.jpeg,"Definitely not 3 equal parts 
Image Description: a container of ice cream with a lid and a container of ice cream next to it",1757469461.0,0.94,362,0,Failed Expectation,DDD8712,15,True,1,False,image
ExpectationVsReality,1nbwp7x,Here's a good one for ya :),3216,https://reddit.com/r/ExpectationVsReality/comments/1nbwp7x/heres_a_good_one_for_ya/,https://www.reddit.com/gallery/1n8y20a,,1757358322.0,0.99,3216,0,Exceeded Expectation,onebananafish,28,False,0,False,text
ExpectationVsReality,1nc402q,Charizard?,698,https://reddit.com/r/ExpectationVsReality/comments/1nc402q/charizard/,https://www.reddit.com/gallery/1nc402q,"I really wanted to love it but it’s a surprise gift for my fiancée and I don’t think he’ll guess who it is 😭 I paid $100+ 
Image Description: a crocheted pokemon sitting on a tree branch 
Image Description: a black stuffed animal on a bed",1757375893.0,0.98,698,0,Failed Expectation,Ninja_Idk,52,True,2,True,text
ExpectationVsReality,1nc2hcz,Arby's never fails.... to disappoint.,568,https://reddit.com/r/ExpectationVsReality/comments/1nc2hcz/arbys_never_fails_to_disappoint/,https://www.reddit.com/gallery/1nc2hcz,"4724 South Blvd, Charlotte, NC 28217
Image Description: a sub sandwich with meat, vegetables and cheese 
Image Description: a sandwich sitting on top of foil 
Image Description: a sandwich with meat, cheese, and vegetables on a piece of aluminum foil",1757371929.0,0.96,568,0,Failed Expectation,Asleep-Till3360,44,True,3,True,text
ExpectationVsReality,1nbtuh4,Cheez-It Italian four cheese pizza,1367,https://reddit.com/r/ExpectationVsReality/comments/1nbtuh4/cheezit_italian_four_cheese_pizza/,https://www.reddit.com/gallery/1nbtuh4,"
Image Description: cheez it pizza box 
Image Description: a square of cheese pizza on a white tray",1757352036.0,0.98,1367,0,Surprisingly Met Expectation,gaping_granny,116,True,2,True,text
ExpectationVsReality,1nbbfsh,Definitely the funniest failed Etsy purchase I’ve ever received,3545,https://reddit.com/r/ExpectationVsReality/comments/1nbbfsh/definitely_the_funniest_failed_etsy_purchase_ive/,https://www.reddit.com/gallery/1nbbfsh,"My baby somehow made this still cute AF. Obviously an unbiased opinion lol.
Image Description: a baby wearing a hat with a pacifier in it 
Image Description: crochet sloth beanie 
Image Description: a baby wearing a hat with a face on it 
Image Description: crochet sloth hat",1757296888.0,0.98,3545,0,Failed Expectation,MyPlantsEatPeople,83,True,4,True,text
ExpectationVsReality,1nbfb9u,Seafood bowl in Sapporo Japan,1457,https://reddit.com/r/ExpectationVsReality/comments/1nbfb9u/seafood_bowl_in_sapporo_japan/,https://www.reddit.com/gallery/1nbfb9u,"
Image Description: a bowl of sushi with fish, vegetables and cavia 
Image Description: a sign advertising sushi and other items in japan",1757309171.0,0.98,1457,0,Exceeded Expectation,caverunner17,42,True,2,True,text
ExpectationVsReality,1nd3nmt,"He Ain't Heavy, He's My Brother (HD) + The Hollies + Lyrics",0,https://reddit.com/r/ExpectationVsReality/comments/1nd3nmt/he_aint_heavy_hes_my_brother_hd_the_hollies_lyrics/,https://youtube.com/watch?v=E5Ni-HBsOhY&si=rx7rVAWd4qiAOpal,,1757474933.0,0.35,0,0,Failed Expectation,DazzlingCow2946,1,False,0,False,text
ExpectationVsReality,1nb8x1g,Rainbow graph nails,1928,https://reddit.com/r/ExpectationVsReality/comments/1nb8x1g/rainbow_graph_nails/,https://www.reddit.com/gallery/1nb8x1g,"Got a set inspired for the new pre-school year! 
Image Description: a person holding up a manicure with the word reality on it 
Image Description: pastel nail art designs",1757289627.0,0.87,1928,0,Exceeded Expectation,Xxsakura_mochixX,48,True,2,True,text
ExpectationVsReality,1nbm6es,"I mean they are good, but my gf is worried",130,https://reddit.com/r/ExpectationVsReality/comments/1nbm6es/i_mean_they_are_good_but_my_gf_is_worried/,https://www.reddit.com/gallery/1nbm6es,"
Image Description: tasteees flaming hot snack 
Image Description: a person holding a bag of meat in their hand",1757333943.0,0.87,130,0,Failed Expectation,Last_Stag,11,True,2,True,text
ExpectationVsReality,1nane7a,Shirt I ordered vs what I got.,34144,https://reddit.com/r/ExpectationVsReality/comments/1nane7a/shirt_i_ordered_vs_what_i_got/,https://www.reddit.com/gallery/1nane7a,"
Image Description: a man with tattoos taking a selfie in front of the mirror 
Image Description: a man wearing a tank top and a tattoo on his arm",1757231691.0,0.91,34144,0,Failed Expectation,strikecat18,1320,True,2,True,text
ExpectationVsReality,1nat2wx,The picture of my birthday cake inspiration vs what I made from scratch.,4745,https://reddit.com/r/ExpectationVsReality/comments/1nat2wx/the_picture_of_my_birthday_cake_inspiration_vs/,https://www.reddit.com/gallery/1nat2wx,"My birthday was last Friday. I decided to make my own birthday cake for the first time. While I've been baking for years I'm not good with cakes so I was nervous. As soon as I saw this picture I knew a yellow cake with chocolate frosting and sprinkles was what I wanted to make. I think I did a pretty good job.
Image Description: a piece of cake on a plate 
Image Description: a piece of cake on a plate 
Image Description: a cake with a piece missing on a plate 
Image Description: a slice of cake on a plate with a fork",1757251406.0,0.98,4745,0,Surprisingly Met Expectation,TheVampyresBride,118,True,4,True,text
ExpectationVsReality,1nasuw6,I’m done with Whole Foods brand pizza.,1608,https://reddit.com/r/ExpectationVsReality/comments/1nasuw6/im_done_with_whole_foods_brand_pizza/,https://www.reddit.com/gallery/1nasuw6,"
Image Description: a pizza on a white plate 
Image Description: a pizza on a cutting board with a knife 
Image Description: a pizza with cheese and pepperoni on a counter 
Image Description: a pizza with cheese and pepperoni on top of a box",1757250794.0,0.98,1608,0,Failed Expectation,carmen252,93,True,4,True,text
ExpectationVsReality,1nb5hgb,What I ordered vs what I got,204,https://reddit.com/r/ExpectationVsReality/comments/1nb5hgb/what_i_ordered_vs_what_i_got/,https://www.reddit.com/gallery/1nb5hgb,"Ordered a mattress for my daughter which was delivered today (Sunday). Customer service is only open M-F. 
Image Description: a box with four red pumps in it 
Image Description: bless memory foam mattress review",1757280678.0,0.91,204,0,Failed Expectation,dramallamacorn,12,True,2,True,text
ExpectationVsReality,1nawsh3,My ice cream ;-;,428,https://reddit.com/r/ExpectationVsReality/comments/1nawsh3/my_ice_cream/,https://i.redd.it/ej7imfhblrnf1.jpeg,"The dessert listed on my Pizza Presto website
Image Description: expectation vs reality",1757260382.0,0.98,428,0,Failed Expectation,babyblues_JoCaTo,12,True,1,False,image
ExpectationVsReality,1nau5fp,A $7 sandwich from Starbucks,309,https://reddit.com/r/ExpectationVsReality/comments/1nau5fp/a_7_sandwich_from_starbucks/,https://www.reddit.com/gallery/1na4c61,,1757254136.0,0.96,309,0,Failed Expectation,Business-Stuff8711,36,False,0,False,text
ExpectationVsReality,1nb0xi9,Saint P lunar eclipse,121,https://reddit.com/r/ExpectationVsReality/comments/1nb0xi9/saint_p_lunar_eclipse/,https://www.reddit.com/gallery/1nb0xi9,"Bruh i thought lunar eclipse would be visible by bare eyes... i see it better through someone else's cameras. 1st screenshot was published in our local media, other two photos are mine. I'm no so good at photography, though photos were taken on samsung S24U.
Image Description: a person walking down a sidewalk at night 
Image Description: a parking lot at night with cars parked in it 
Image Description: a series of pictures showing the moon and a lighthouse",1757269954.0,0.93,121,0,Failed Expectation,chapsan2001,7,True,3,True,text
ExpectationVsReality,1nasc6h,Yummy lasagne,145,https://reddit.com/r/ExpectationVsReality/comments/1nasc6h/yummy_lasagne/,https://i.redd.it/yt96ru2ioqnf1.png,"
Image Description: a plate of food on a counter",1757249348.0,0.94,145,0,Failed Expectation,PRESHANOVA,11,True,1,False,image
ExpectationVsReality,1nahfth,Grocery store Deli Reuben,513,https://reddit.com/r/ExpectationVsReality/comments/1nahfth/grocery_store_deli_reuben/,https://www.reddit.com/gallery/1nahfth,"So went to my local grocery store and they were advertising Rueben sandwiches. Fine, their subs are good. So thought I'd give it a shot.

What a mistake. 

This is the saddest, thinnest reuben I've ever had. Barely any meat in it. And they have the gall to charge $9.99 for it! 

I could get a large sub for that with more stuff in it! 
Image Description: a grilled sandwich sitting on a paper bag 
Image Description: a sign that says ""boo's head pastrami reuben""",1757211212.0,0.9,513,0,Failed Expectation,Seether00,47,True,2,True,text
ExpectationVsReality,1na4tez,The nails I asked for vs the nails I got,2448,https://reddit.com/r/ExpectationVsReality/comments/1na4tez/the_nails_i_asked_for_vs_the_nails_i_got/,https://www.reddit.com/gallery/1na4tez,"
Image Description: a person with green nails holding a green and white manicure 
Image Description: a green and white nail design with leaves",1757178304.0,0.96,2448,0,Surprisingly Met Expectation,LottimusMaximus,40,True,2,True,text
ExpectationVsReality,1nalrlu,"It Was So Good Though, Had A Lot of Spices",86,https://reddit.com/r/ExpectationVsReality/comments/1nalrlu/it_was_so_good_though_had_a_lot_of_spices/,https://i.redd.it/3f7h4ywpponf1.jpeg,"
Image Description: a pizza with a box of stranger things on it",1757225624.0,0.8,86,0,Failed Expectation,ElPulpoTX,9,True,1,False,image
ExpectationVsReality,1n9q0xc,Frito-Lay is stealing from you,8385,https://reddit.com/r/ExpectationVsReality/comments/1n9q0xc/fritolay_is_stealing_from_you/,https://www.reddit.com/gallery/1n9q0xc,"Shammme, shorted by 40%. But who’s gonna do anything about it?
Image Description: a person holding a bowl of chips on a scale 
Image Description: a bag of tortilla chips sitting on top of a counter 
Image Description: a bowl of chips and a bag of chips on a scale",1757131761.0,0.98,8385,0,Failed Expectation,Lanky_Ad8982,340,True,3,True,text
ExpectationVsReality,1n9k0t8,The tattoo I asked for vs the tattoo I got,34202,https://reddit.com/r/ExpectationVsReality/comments/1n9k0t8/the_tattoo_i_asked_for_vs_the_tattoo_i_got/,https://www.reddit.com/gallery/1n9k0t8,"
Image Description: a spider tattoo on the leg of a man 
Image Description: a black spider with long legs and long legs",1757113874.0,0.92,34202,0,Exceeded Expectation,Mfeldyy,772,True,2,True,text
ExpectationVsReality,1n9wi91,Nail jump scare,1167,https://reddit.com/r/ExpectationVsReality/comments/1n9wi91/nail_jump_scare/,https://www.reddit.com/gallery/1n9wi91,"Slide 1 is what I asked for, the rest are what I got 😢 never been more shocked at a mani experience 
Image Description: a person holding a pink glitter nail on a bed 
Image Description: a woman's hand with a white and beige french manicure 
Image Description: a person holding a white and pink manicured nail 
Image Description: a person holding a pink nail with white tips 
Image Description: a person with pink and white nails holding a white mani",1757155707.0,0.89,1167,0,Failed Expectation,keighleypage,50,True,5,True,text
ExpectationVsReality,1n9zgvz,Rubbish amount of pistachios on this Tartufo Pistachio ice cream from Lidl,247,https://reddit.com/r/ExpectationVsReality/comments/1n9zgvz/rubbish_amount_of_pistachios_on_this_tartufo/,https://www.reddit.com/gallery/1n9zgvz,"No, there are no hidden pistachios underneath or on the sides of the cup. 
Image Description: a bowl of soup with a spoon and toothbrush 
Image Description: a box of italian pastry with a chocolate and pistachio filling",1757165043.0,0.94,247,0,Failed Expectation,Naolini,12,True,2,True,text
ExpectationVsReality,1n9ocb5,What I ordered VS What I got,671,https://reddit.com/r/ExpectationVsReality/comments/1n9ocb5/what_i_ordered_vs_what_i_got/,https://www.reddit.com/gallery/1n9k7oa,,1757126419.0,0.88,671,0,Failed Expectation,[deleted],43,False,0,False,text
ExpectationVsReality,1n9kmtu,It’s so delicious and moist,952,https://reddit.com/r/ExpectationVsReality/comments/1n9kmtu/its_so_delicious_and_moist/,https://www.reddit.com/gallery/1n9kmtu,"
Image Description: a chocolate cake with cherry candles on top 
Image Description: a cake with a candle on top and a robot hand",1757115513.0,0.98,952,0,Surprisingly Met Expectation,CougarBen,22,True,2,True,text
ExpectationVsReality,1n9oz3g,What he wanted / what he got,294,https://reddit.com/r/ExpectationVsReality/comments/1n9oz3g/what_he_wanted_what_he_got/,https://www.reddit.com/gallery/1n939em,,1757128410.0,0.97,294,0,Failed Expectation,B00TYMASTER,31,False,0,False,text
ExpectationVsReality,1n9rts0,So disappointed,165,https://reddit.com/r/ExpectationVsReality/comments/1n9rts0/so_disappointed/,https://www.reddit.com/gallery/1n9rts0,"
Image Description: a bag of food sitting on a table 
Image Description: the burgerville app is displayed on a mobile phone",1757137947.0,0.8,165,0,Failed Expectation,Which_Inspection_479,35,True,2,True,text
ExpectationVsReality,1n93c1a,New luxury train in Zimbabwe,1818,https://reddit.com/r/ExpectationVsReality/comments/1n93c1a/new_luxury_train_in_zimbabwe/,https://www.reddit.com/gallery/1n93c1a,"
Image Description: a train car with a bar and chairs inside 
Image Description: a group of people sitting on a train eating food",1757073681.0,0.98,1818,0,Failed Expectation,Studog,61,True,2,True,text
ExpectationVsReality,1n93w0v,"I'm carryin' on with my air fryer experiments! This time I decided to make cherry and chocolate brownies, and it turned out even tastier than restaurant brownies!",1665,https://reddit.com/r/ExpectationVsReality/comments/1n93w0v/im_carryin_on_with_my_air_fryer_experiments_this/,https://www.reddit.com/gallery/1n93w0v,"
Image Description: two brownies in a baking dish on a counter 
Image Description: a brown paper plate with a chocolate cookie and a piece of cheese 
Image Description: cherry brownies on a cooling rack",1757075229.0,0.94,1665,0,Exceeded Expectation,Dizzy_Bug_62,97,True,3,True,text
ExpectationVsReality,1n9mbtc,First time I got let down getting an Airbnb,16,https://reddit.com/r/ExpectationVsReality/comments/1n9mbtc/first_time_i_got_let_down_getting_an_airbnb/,https://www.reddit.com/gallery/1n9mbtc,"I didn't end up staying there cuz the building and area was sketchy as fuck and I would have had to share a bathroom, which I didn't know when I booked it. And I didn't even get the door code until 4pm to even get in the building. 
Image Description: a bedroom with a bed and a window 
Image Description: a hotel room with a bed and a phone screen",1757120412.0,0.55,16,0,Failed Expectation,YukaHiKn,50,True,2,True,text
ExpectationVsReality,1n8s9pq,Easiest return ever,914,https://reddit.com/r/ExpectationVsReality/comments/1n8s9pq/easiest_return_ever/,https://www.reddit.com/gallery/1n8s9pq,"Embroidered pattern? No


Exquisite craftsmanship? Hell no


Soft fabric? This may shock you but no.

Low quality image hastily printed on sucky cheap fabric. It was $25, so I had some hope. It's going back first thing tomorrow. I'm tired of these third party sellers getting away with murder. They're getting a return and a review every single time.
Image Description: a box of chess pieces sitting on a table 
Image Description: an image of a tablecloth on a mobile phone",1757035885.0,0.87,914,0,Failed Expectation,Itchy-Philosophy556,40,True,2,True,text
ExpectationVsReality,1n8mlim,Teleflora is a scam!,370,https://reddit.com/r/ExpectationVsReality/comments/1n8mlim/teleflora_is_a_scam/,https://i.redd.it/n03ee606t7nf1.jpeg,"So disappointing. Never using them again. 😡
Image Description: a yellow vase with flowers and a text that says what i thought i was getting",1757020883.0,0.85,370,0,Failed Expectation,Sedgemomma,36,True,1,False,image
ExpectationVsReality,1n7w4z2,I brought this (pic 1) to the Safeway bakery and told the decorator to be as creative as she wanted,10134,https://reddit.com/r/ExpectationVsReality/comments/1n7w4z2/i_brought_this_pic_1_to_the_safeway_bakery_and/,https://www.reddit.com/gallery/1n7w4z2,"The cake had a red buttercream filling and was PERFECT.

Story behind: I killed my eldest kid's chickens when we used them for parking practice for my younger kids. I figured the squeaker would alert them if they were too close to the line. Not only did they not hear the squeakers, they drove right the hell over and killed both chickens, which made eldest kid very sad.

I wanted to replace them, and it turns out it's cheaper to buy 20 rubber chickens than just two, so I bought the 20, plus 16 minis and one extra-large guy, and hung them all from the ceiling whilst eldest kid was at work (and changed the color of our color-adjustable LED lighting). They said the dead chickens taped to the front door were enough to tip them off that something was amiss, but then entering a red-lit house to find dozens of rubber chickens hanging by their necks inside nearly made them leave again.
Image Description: a cake with a chicken on it 
Image Description: a yellow chicken toy",1756946709.0,0.98,10134,0,Exceeded Expectation,AllynWA1,186,True,2,True,text
ExpectationVsReality,1n7yozu,My husband turned our baby’s favorite toy into a cake for their 1st birthday 🥹,942,https://reddit.com/r/ExpectationVsReality/comments/1n7yozu/my_husband_turned_our_babys_favorite_toy_into_a/,https://www.reddit.com/gallery/1n7pmdh,,1756953953.0,0.98,942,0,Surprisingly Met Expectation,farsiderules,9,False,0,False,text
ExpectationVsReality,1n7ipzu,jellycat plushie cake attempt 😭,4112,https://reddit.com/r/ExpectationVsReality/comments/1n7ipzu/jellycat_plushie_cake_attempt/,https://www.reddit.com/gallery/1jqtbs0,,1756915135.0,0.98,4112,0,Surprisingly Met Expectation,birdieboo21,57,False,0,False,text
ExpectationVsReality,1n7zbj9,Honestly not bad.,406,https://reddit.com/r/ExpectationVsReality/comments/1n7zbj9/honestly_not_bad/,https://www.reddit.com/gallery/1n7zbj9,"Bought these and some other random munchies at the store tonight. It actually pretty sour at first, then got progressively sweeter as I went down the different colors. 9/10 for flavor.
Image Description: a person holding a popsicle with a box of bomb pop 
Image Description: a box of bubble pop extreme ice cream",1756955787.0,0.96,406,0,Surprisingly Met Expectation,kmstolly,17,True,2,True,text
ExpectationVsReality,1n7nxii,Apple Pie 🥧,527,https://reddit.com/r/ExpectationVsReality/comments/1n7nxii/apple_pie/,https://www.reddit.com/gallery/1n7nxii,"I a
Image Description: a pie sitting on a counter next to a box of pie crust 
Image Description: a box of marie calderner's ready in minutes apple pie 
Image Description: apple pie with a box of marie bard's pie crust",1756926604.0,0.9,527,0,Exceeded Expectation,TheGreatFoodDude,56,True,3,True,text
ExpectationVsReality,1n6smoe,Come on Chef!,2204,https://reddit.com/r/ExpectationVsReality/comments/1n6smoe/come_on_chef/,https://www.reddit.com/gallery/1n6smoe,"It wasn’t too bad 
Image Description: a box of shepherd's pie with a man in the background 
Image Description: a bowl of food with a spoon on top",1756840368.0,0.98,2204,0,Failed Expectation,jammed7777,190,True,2,True,text
ExpectationVsReality,1n6zae4,Pizza prediction? Perfect pie.,482,https://reddit.com/r/ExpectationVsReality/comments/1n6zae4/pizza_prediction_perfect_pie/,https://www.reddit.com/gallery/1n6zae4,"Sour cream was included, just not in frame.
Image Description: a pizza in a box 
Image Description: a website page with a pizza on it",1756856215.0,0.97,482,0,Exceeded Expectation,MirLae,23,True,2,True,text
ExpectationVsReality,1n6x5ba,I wanted pistachio filled chocolate but got pistachio insulated chocolate,447,https://reddit.com/r/ExpectationVsReality/comments/1n6x5ba/i_wanted_pistachio_filled_chocolate_but_got/,https://i.redd.it/y28cp9kcrtmf1.jpeg,"Also does description says pralines but there are no pralines in the ingredients just ""natural flavor""
Image Description: rolling pin dubai style chocolate",1756850830.0,0.94,447,0,Failed Expectation,Dicks_for_dayzzzzz,22,True,1,False,image
ExpectationVsReality,1n6qthe,Stupid phone case :/,442,https://reddit.com/r/ExpectationVsReality/comments/1n6qthe/stupid_phone_case/,https://www.reddit.com/gallery/1n6qthe,"
Image Description: the glitter case for the iphone 11 pro 
Image Description: a person holding up a phone case with glitter",1756836349.0,0.94,442,0,Failed Expectation,ntrvrtd_xtrvrt,13,True,2,True,text
ExpectationVsReality,1n6k32h,Coros watch—cannot believe how dim it is!,889,https://reddit.com/r/ExpectationVsReality/comments/1n6k32h/coros_watchcannot_believe_how_dim_it_is/,https://www.reddit.com/gallery/1n6k32h,"There is no option to brighten the face. It does look great if you put it in direct, bright sunlight. Or shine a flashlight on it. This is my first smart/fitness watch. 
Edit: Returned it to REI. Was not able to compare it to another Coros Pace 3 face to see if it was defective. (I think it was not.) Got a Garmin with an AMOLED screen. My 50+ years old eyes are much happier and I won't mind having to charge it after 11 (instead of 17) days. Appreciate everyone's help!",1756821154.0,0.94,889,0,Failed Expectation,pl1974,62,True,2,True,text
ExpectationVsReality,1n6xhqr,Pasta salad.,97,https://reddit.com/r/ExpectationVsReality/comments/1n6xhqr/pasta_salad/,https://www.reddit.com/gallery/1n6xhqr,"Club House, solid.
Image Description: a bowl of pasta and a bowl of vegetables 
Image Description: a plate with a bowl of food on it",1756851678.0,0.75,97,0,Surprisingly Met Expectation,g_master_b,7,True,2,True,text
ExpectationVsReality,1n6kazg,Twinkies copy expectation Vs reality,246,https://reddit.com/r/ExpectationVsReality/comments/1n6kazg/twinkies_copy_expectation_vs_reality/,https://www.reddit.com/gallery/1n6kazg,"
Image Description: a box of donny cake with a strawberry filling 
Image Description: a person holding a piece of food",1756821673.0,0.92,246,0,Failed Expectation,getajobtuga,17,True,2,True,text
ExpectationVsReality,1n5pvzl,My first honey cake,1285,https://reddit.com/r/ExpectationVsReality/comments/1n5pvzl/my_first_honey_cake/,https://www.reddit.com/gallery/1n5pvzl,"
Image Description: a cake with strawberries on top on a marble table 
Image Description: a cake with strawberries on top on a silver plate",1756736202.0,0.98,1285,0,Exceeded Expectation,Fun-Honey888,20,True,2,True,text
ExpectationVsReality,1n504vx,Cute little Aldi ice cream cones,12960,https://reddit.com/r/ExpectationVsReality/comments/1n504vx/cute_little_aldi_ice_cream_cones/,https://www.reddit.com/gallery/1n504vx,"I’m very pleasantly surprised and they taste really good!
Image Description: a person holding an ice cream cone with pink frosting 
Image Description: a box of strawberry shortcake rose cones",1756660076.0,0.98,12960,0,Exceeded Expectation,HaiirPeace,120,True,2,True,text
ExpectationVsReality,1n56rh1,Mama Cozzis Pizza,964,https://reddit.com/r/ExpectationVsReality/comments/1n56rh1/mama_cozzis_pizza/,https://www.reddit.com/gallery/1n56rh1,"
Image Description: a box of rising crust pepperoni pizza 
Image Description: a pepperoni pizza on a plate",1756676002.0,0.98,964,0,Exceeded Expectation,moverene1914,58,True,2,True,text
ExpectationVsReality,1n51oj1,Blueberry lemon cake,623,https://reddit.com/r/ExpectationVsReality/comments/1n51oj1/blueberry_lemon_cake/,https://www.reddit.com/gallery/1n51oj1,"Everything made from scratch and my friend loved his birthday cake. This was the second time I’ve frosted a cake and I think it turned out really pretty! 

https://buttermilkbysam.com/blueberry-cake/#wprm-recipe-container-5888
Image Description: a purple cake with blueberries on it 
Image Description: a slice of purple cake with blueberries on a plate",1756663751.0,0.98,623,0,Surprisingly Met Expectation,Redpanda132053,15,True,2,True,text
ExpectationVsReality,1n58i4j,Is this kind of shit legal ?,116,https://reddit.com/r/ExpectationVsReality/comments/1n58i4j/is_this_kind_of_shit_legal/,https://i.redd.it/688mw71hjfmf1.jpeg,"
Image Description: a bowl of food on a table",1756680619.0,0.89,116,0,Failed Expectation,Abdaroth,20,True,1,False,image
ExpectationVsReality,1n53wby,SpongeBob Disease,206,https://reddit.com/r/ExpectationVsReality/comments/1n53wby/spongebob_disease/,https://i.redd.it/0gwn6duwqemf1.jpeg,"Taste: 7/10 
Image Description: a person holding a spongebob ice cream stick",1756669031.0,0.97,206,0,Failed Expectation,tofucrisis,15,True,1,False,image
ExpectationVsReality,1n513za,Disappointing but still tasty Baklava,227,https://reddit.com/r/ExpectationVsReality/comments/1n513za/disappointing_but_still_tasty_baklava/,https://www.reddit.com/gallery/1n513za,"
Image Description: a piece of pastry in a white paper plate 
Image Description: a man is standing in front of a display of baklava",1756662403.0,0.93,227,0,Failed Expectation,SilvrSabl,17,True,2,True,text
ExpectationVsReality,1n4n42b,was supposed to be honey mustard pork cutlet with double cheese sauce,1285,https://reddit.com/r/ExpectationVsReality/comments/1n4n42b/was_supposed_to_be_honey_mustard_pork_cutlet_with/,https://www.reddit.com/gallery/1n4n42b,"(repost) the 1st pic was what i got and the 2nd was what was shown on the order app.
Image Description: a plate with noodles and meat on it 
Image Description: a plate of food with spaghetti and meat on it",1756620047.0,0.96,1285,0,Failed Expectation,[deleted],60,True,2,True,text
ExpectationVsReality,1n4ft6w,I didn’t carve a pumpkin last year either.,1159,https://reddit.com/r/ExpectationVsReality/comments/1n4ft6w/i_didnt_carve_a_pumpkin_last_year_either/,https://www.reddit.com/gallery/1n4ft6w,"
Image Description: a person holding a small white soap bar 
Image Description: a person holding a reeses pumpkin cookie",1756596699.0,0.95,1159,0,Failed Expectation,tbg10101,30,True,2,True,text
ExpectationVsReality,1n47ct3,The red eyes were... a choice,3510,https://reddit.com/r/ExpectationVsReality/comments/1n47ct3/the_red_eyes_were_a_choice/,https://www.reddit.com/gallery/1n47ct3,"
Image Description: a person holding a bowl of ice cream with a face on it 
Image Description: a sign advertising ice cream is displayed on a street",1756574793.0,0.98,3510,0,Failed Expectation,mykirsche,47,True,2,True,text
ExpectationVsReality,1n4hlu6,Daughter's 6th Bday Cake (both pics!),609,https://reddit.com/r/ExpectationVsReality/comments/1n4hlu6/daughters_6th_bday_cake_both_pics/,https://www.reddit.com/gallery/1n4hlu6,"Here's the expectation vs reality for my daughters 6th birthday ""cupcake"" crown cake. The pull away aspect was awesome, and it tasted great, but man you cant help but laugh😅


Also, sorry for not realizing it wasn't uploading the 2nd Pic due to being in a different format, got it tho! Lol
Image Description: a cake with a crown on top of it 
Image Description: a birthday cake decorated with a crown and heart",1756602023.0,0.96,609,0,Failed Expectation,Spiritual-Song-1776,34,True,2,True,text
ExpectationVsReality,1n4l365,"Stuffing in these ""Chinese"" croissants",243,https://reddit.com/r/ExpectationVsReality/comments/1n4l365/stuffing_in_these_chinese_croissants/,https://i.redd.it/9bl5t0d74amf1.jpeg,"
Image Description: a person holding a bag of chocolate croissant",1756612971.0,0.92,243,0,Failed Expectation,SkyCoops,29,True,1,False,image
ExpectationVsReality,1n4tnhz,Got scammed but taste good,8,https://reddit.com/r/ExpectationVsReality/comments/1n4tnhz/got_scammed_but_taste_good/,https://i.redd.it/z31x2u8hocmf1.jpeg,"
Image Description: a black table",1756643994.0,0.6,8,0,Surprisingly Met Expectation,salehmorished,7,True,1,False,image
ExpectationVsReality,1n40k8s,TJS QUICHE,374,https://reddit.com/r/ExpectationVsReality/comments/1n40k8s/tjs_quiche/,https://i.redd.it/je3kx1g2j5mf1.jpeg,"
Image Description: a box of cheese pizza sitting on a counter next to a slice of pizza",1756557425.0,0.97,374,0,Surprisingly Met Expectation,lskerlkse,15,True,1,False,image
ExpectationVsReality,1n3dl63,BE FOR REAL,5528,https://reddit.com/r/ExpectationVsReality/comments/1n3dl63/be_for_real/,https://www.reddit.com/gallery/1n3dl63,"I just kept digging and digging and it’s all the same. Shame, shame. 
Image Description: a bowl of blue ice cream sitting on a window sill 
Image Description: a tub of ice cream sitting on a window sill",1756488295.0,0.98,5528,0,Failed Expectation,ReferenceOk6298,193,True,2,True,text
ExpectationVsReality,1n51iw5,What I asked for vs what I got,0,https://reddit.com/r/ExpectationVsReality/comments/1n51iw5/what_i_asked_for_vs_what_i_got/,https://www.reddit.com/gallery/1n51iw5,"
Image Description: a man with a black hair and a white shirt 
Image Description: a man with a black shirt and the words low taper fringe",1756663385.0,0.44,0,0,Failed Expectation,Redred1290,11,True,2,True,text
ExpectationVsReality,1n3hsc7,Both flavors are the same purple color and also impossible to twist apart,1715,https://reddit.com/r/ExpectationVsReality/comments/1n3hsc7/both_flavors_are_the_same_purple_color_and_also/,https://i.redd.it/ut25pwx8m0mf1.jpeg,"
Image Description: a package of dog treats on a counter",1756498003.0,0.97,1715,0,Failed Expectation,band-of-horses,48,True,1,False,image
ExpectationVsReality,1n3khmj,Hahahaha! 😆,963,https://reddit.com/r/ExpectationVsReality/comments/1n3khmj/hahahaha/,https://www.reddit.com/gallery/1n3khmj,"For context, I am middle aged and avarage sized. If anything, I am rather chubby. My hands are not little! Happy GMO-ing I guess. 😅
Image Description: a plastic container of strawberries with the words driscoll's on it 
Image Description: a person holding a strawberry in their hand",1756504648.0,0.95,963,0,Exceeded Expectation,evaintheus,41,True,2,True,text
ExpectationVsReality,1n54szi,What I ordered vs what I got,0,https://reddit.com/r/ExpectationVsReality/comments/1n54szi/what_i_ordered_vs_what_i_got/,https://www.reddit.com/gallery/1n54szi,"I designed a cute cupcake cake with light green frosting and pink flowers but got this mess.
Image Description: a cake in a box with a green and pink design 
Image Description: a pink and white square with flowers on it",1756671212.0,0.36,0,0,Failed Expectation,King_Anpu,15,True,2,True,text
ExpectationVsReality,1n2w20k,Reese's Oreo.,1433,https://reddit.com/r/ExpectationVsReality/comments/1n2w20k/reeses_oreo/,https://www.reddit.com/gallery/1n2w20k,"Pretty close, and very good.
Image Description: a person holding a piece of chocolate and peanut butter sandwich 
Image Description: a person holding up a reese's oreo cookie",1756435925.0,0.98,1433,0,Surprisingly Met Expectation,blancolobosBRC,67,True,2,True,text
ExpectationVsReality,1n30lfi,I gave them a soul and it is angry,643,https://reddit.com/r/ExpectationVsReality/comments/1n30lfi/i_gave_them_a_soul_and_it_is_angry/,https://www.reddit.com/gallery/1n30lfi,"My future is bright as long as I don't become a baker
Image Description: three cookies with totoro faces on them 
Image Description: cooking with totoro - totoro ice cream cookies",1756451318.0,0.98,643,0,Failed Expectation,Otherwise-Chain,21,True,2,True,text
ExpectationVsReality,1n2b9v2,About the cake I ordered,9114,https://reddit.com/r/ExpectationVsReality/comments/1n2b9v2/about_the_cake_i_ordered/,https://www.reddit.com/gallery/1n2b9v2,"
Image Description: a cake in a box 
Image Description: a cake with strawberries on it",1756385169.0,0.98,9114,0,Failed Expectation,meugatopretito,121,True,2,True,text
ExpectationVsReality,1n2c6em,tried to bake with a friend (green is intentional),2668,https://reddit.com/r/ExpectationVsReality/comments/1n2c6em/tried_to_bake_with_a_friend_green_is_intentional/,https://www.reddit.com/gallery/1n2c6em,"
Image Description: the easiest and best taste vanilla swiss cake roll recipe in you 
Image Description: a green plate with a piece of cake on it",1756387553.0,0.96,2668,0,Failed Expectation,akenstandlosing,124,True,2,True,text
ExpectationVsReality,1n20j24,Um that doesn’t look like a bat,886,https://reddit.com/r/ExpectationVsReality/comments/1n20j24/um_that_doesnt_look_like_a_bat/,https://www.reddit.com/gallery/1n20j24,"H
Image Description: a person holding a chocolate bar 
Image Description: reese's halloween candy bars",1756348179.0,0.99,886,0,Failed Expectation,cassthecacti,42,True,2,True,text
ExpectationVsReality,1n1w4pr,Had to figure out a way to freeze small portions of our dogs wet food. Ended up being the perfect size and somehow still kind of cute. Worked well for chicken broth and pumpkin as well. I’m impressed you can even see the eyes.,1037,https://reddit.com/r/ExpectationVsReality/comments/1n1w4pr/had_to_figure_out_a_way_to_freeze_small_portions/,https://www.reddit.com/gallery/1n1w4pr,"
Image Description: a pink mold with a dog shaped cookie on it 
Image Description: two small pieces of meat on a counter top 
Image Description: a mouse that has been eaten by a cat",1756335971.0,0.94,1037,0,Surprisingly Met Expectation,loveofGod12345,47,True,3,True,text
ExpectationVsReality,1n1vgtn,Where is my cheese,440,https://reddit.com/r/ExpectationVsReality/comments/1n1vgtn/where_is_my_cheese/,https://www.reddit.com/gallery/1n1vgtn,"Luckily I did receive a refund after emailing and waiting 5 days 
Image Description: a pizza is displayed on the app 
Image Description: a pizza in a box",1756334300.0,0.99,440,0,Failed Expectation,mxrmaidtits,23,True,2,True,text
ExpectationVsReality,1n1vjfi,"i dont see the ""roll"" part",369,https://reddit.com/r/ExpectationVsReality/comments/1n1vjfi/i_dont_see_the_roll_part/,https://www.reddit.com/gallery/1n1vjfi,"I should've known better than to buy something on sale
Image Description: a person holding a bag of cinnamon rolls 
Image Description: a plate of biscuits on a desk with a cup of tea",1756334485.0,0.86,369,0,Failed Expectation,[deleted],61,True,2,True,text
ExpectationVsReality,1n1v73r,"Ohm, these are still pretty tasty.  But, not what I was expecting.",151,https://reddit.com/r/ExpectationVsReality/comments/1n1v73r/ohm_these_are_still_pretty_tasty_but_not_what_i/,https://www.reddit.com/gallery/1n1v73r,"
Image Description: vegetarian muffins made great blueberry oat muffins 
Image Description: a muffin sitting on a counter next to a box of blueberry oat",1756333628.0,0.96,151,0,Failed Expectation,Food_Kindly,14,True,2,True,text
ExpectationVsReality,1n1flw6,Turns out the picture is wrong,482,https://reddit.com/r/ExpectationVsReality/comments/1n1flw6/turns_out_the_picture_is_wrong/,https://www.reddit.com/gallery/1n1flw6,"
Image Description: an app for thai chicken tenders 
Image Description: a tray with two fried chicken pieces on it",1756297565.0,0.97,482,0,Failed Expectation,IamSP2024,7,True,2,True,text
ExpectationVsReality,1n1hp5f,"Noodles with ""beef strips"" I recently purchased. 1.5lbs of product",258,https://reddit.com/r/ExpectationVsReality/comments/1n1hp5f/noodles_with_beef_strips_i_recently_purchased/,https://www.reddit.com/gallery/1n1hp5f,"I'd buy it again, but take the ""beef strips"" out and put my own in. The sauce is good tho
Image Description: a bag of bbq style beef 
Image Description: a pan with noodles and meat in it",1756302845.0,0.92,258,0,Failed Expectation,FoolishAnomaly,28,True,2,True,text
ExpectationVsReality,1n1y9hh,Ice cream fail 😅🥲,35,https://reddit.com/r/ExpectationVsReality/comments/1n1y9hh/ice_cream_fail/,https://www.reddit.com/gallery/1n1y9hh,"Idk why I ever think the generic brands will be honest about their pics vs product but some of the things from this line (Kroger brand) haven't been as big of a fail 🥲🤷‍♀️ 
Image Description: a bowl of ice cream sitting on a counter 
Image Description: a container of ice cream sitting on a counter",1756341766.0,0.65,35,0,Failed Expectation,SerenityAnashin,27,True,2,True,text
ExpectationVsReality,1n18ust,Uhmm..,755,https://reddit.com/r/ExpectationVsReality/comments/1n18ust/uhmm/,https://www.reddit.com/gallery/1n18ust,"I have no words
Image Description: a person holding a small yellow smiley face 
Image Description: bt21 bt21 bt21 bt21 bt21 bt21 bt21 bt21 bt21 bt21 b",1756273377.0,0.97,755,0,Failed Expectation,lookinggoodforu,20,True,2,True,text
ExpectationVsReality,1n103v1,You must be joking..,956,https://reddit.com/r/ExpectationVsReality/comments/1n103v1/you_must_be_joking/,https://i.redd.it/x0jmyq01yflf1.jpeg,"This is pathetic 
Image Description: a person holding a box of pop-tarts next to a box of blueberry",1756247677.0,0.97,956,0,Failed Expectation,whatsmoist,57,True,1,False,image
ExpectationVsReality,1n0ve96,"Signature Select Sausage, Egg & Cheese Muffin Sandwich",855,https://reddit.com/r/ExpectationVsReality/comments/1n0ve96/signature_select_sausage_egg_cheese_muffin/,https://www.reddit.com/gallery/1n0ve96,"Safeway (Vons) version of English Muffin Sausage, Egg & Cheese! Cheese - melty. Tasted quite good. 4 ct for $7.99. Good deal!
Image Description: a breakfast sandwich on a plate 
Image Description: english muffin breakfast sandwich",1756236623.0,0.98,855,0,Exceeded Expectation,Dry-Double-6845,30,True,2,True,text
ExpectationVsReality,1n0ngpp,I usually do my dip nails or gel at home but went to the nail salon for French tip,2058,https://reddit.com/r/ExpectationVsReality/comments/1n0ngpp/i_usually_do_my_dip_nails_or_gel_at_home_but_went/,https://www.reddit.com/gallery/1n0ngpp,"First photo is the reference. The second photo is my nails. I tried explaining multiple times that I wanted pink nails and not purple but I think she didn’t understand due to a language barrier and the reference colors being mis labeled. (I also showed her the picture) After she did the second nail the color grew on me. I think it looks good besides the color. Just happy my nails haven’t chipped yet and I was able to achieve this shape (these are my real nails) 
Image Description: a person with purple nails holding a purple nail polish 
Image Description: a woman's hand with a purple manicure",1756218744.0,0.95,2058,0,Surprisingly Met Expectation,channi_nisha,66,True,2,True,text
ExpectationVsReality,1n097lq,There is no f*cking way,2994,https://reddit.com/r/ExpectationVsReality/comments/1n097lq/there_is_no_fcking_way/,https://i.redd.it/gk51uus2r9lf1.png,"
Image Description: air heads xtreme",1756172698.0,0.98,2994,0,Failed Expectation,DinkleWrinkler,66,True,1,False,image
ExpectationVsReality,1n040or,"My BF said I needed more vegetables in my life, so I tried this Instagram recipe.",2119,https://reddit.com/r/ExpectationVsReality/comments/1n040or/my_bf_said_i_needed_more_vegetables_in_my_life_so/,https://www.reddit.com/gallery/1n040or,"**Shockingly** tasty. Highly recommend. [Here's the reel I randomly found.](https://www.instagram.com/reel/DNBNI6cOvqv/?igsh=MWNhNml0cHRtZmNq) 

Some notes: 

* I just grabbed a rotisserie chicken from the grocery store; I didn't bother making my own. (This would fucking SLAP with steak, but hahaha who has that money these days?!)

* I couldn't find the chili powder and I didn't miss it; I purposefully omitted the jalapeno because I'd like my son to try this when he's home (and also didn't miss it).

* I didn't add the red onion because I forgot; I think I miss it. 

* I have NO CLUE how this will reheat, especially with the cucumbers, but it was tasty... And I have a lot...

* Mayo sauce is absolutely necessary. 

* I used 7 corn on the cobs, two cucumbers, and kinda eyeballed everything else.
Image Description: a pan of food on a stove 
Image Description: a screenshot of the app showing a plate of food",1756159069.0,0.95,2119,0,Surprisingly Met Expectation,terriblehashtags,160,True,2,True,text
ExpectationVsReality,1n0es78,From your flowers,71,https://reddit.com/r/ExpectationVsReality/comments/1n0es78/from_your_flowers/,https://www.reddit.com/gallery/1n0es78,"Flowers i ordered vs flowers I got they gave me $5 credit this is worst weeds not flowers I ever got false advertisement pictures on line are are AI was so disappointed online pics didn't look like this
Image Description: a purple vase with flowers in it 
Image Description: a vase with purple balloons and a poster 
Image Description: a vase with purple balloons and a poster",1756191035.0,0.8,71,0,Failed Expectation,Odd-Celebration-933,11,True,3,True,text
ExpectationVsReality,1n0309k,Now with more chicken,214,https://reddit.com/r/ExpectationVsReality/comments/1n0309k/now_with_more_chicken/,https://www.reddit.com/gallery/1n0309k,"I will say i actually really like these, just made me laugh how little chicken I got in this one compared to normal.
Image Description: a bowl of noodles with meat and vegetables in it 
Image Description: a package of bad chinese food sitting on a table",1756156708.0,0.95,214,0,Failed Expectation,ThePlumbOne,10,True,2,True,text
ExpectationVsReality,1mzkkjj,No chocolate chip in cookies 🥲,62,https://reddit.com/r/ExpectationVsReality/comments/1mzkkjj/no_chocolate_chip_in_cookies/,https://i.redd.it/96fh07d5i4lf1.jpeg,"
Image Description: a chocolate chip cookie is sitting on a bag of chocola mini",1756109163.0,0.79,62,0,Failed Expectation,Routine_Inspector122,3,True,1,False,image
ExpectationVsReality,1mymdoo,Spaghetti O jello was supposed to look like a lobster,7010,https://reddit.com/r/ExpectationVsReality/comments/1mymdoo/spaghetti_o_jello_was_supposed_to_look_like_a/,https://www.reddit.com/gallery/1mymdoo,"
Image Description: a plate with a pasta shaped like a dog 
Image Description: a person holding a copper lobster shaped cake pan",1756010216.0,0.97,7010,0,Failed Expectation,katier9878,200,True,2,True,text
ExpectationVsReality,1mytik8,I know is not supposed to look like the picture but...,657,https://reddit.com/r/ExpectationVsReality/comments/1mytik8/i_know_is_not_supposed_to_look_like_the_picture/,https://www.reddit.com/gallery/1mytik8,"Bacon Double Cheese XL apparently 
Image Description: a large hamburger with bacon and cheese 
Image Description: a sandwich with cheese and bacon",1756036184.0,0.97,657,0,Failed Expectation,Secret-Ad-819,37,True,2,True,text
ExpectationVsReality,1myw5du,"Ordered a radiation detector, got a motivational quote covered wannabe luxury gift box",268,https://reddit.com/r/ExpectationVsReality/comments/1myw5du/ordered_a_radiation_detector_got_a_motivational/,https://www.reddit.com/gallery/1myw5du,"In the end, expectations were met. The joys of Amazon drop shipping from China.
Image Description: a black electronic device in a box on a tiled floor 
Image Description: there is no best only better",1756043519.0,0.95,268,0,Surprisingly Met Expectation,yeoldetowne,6,True,2,True,text
ExpectationVsReality,1mybzm6,I’m never ordering flowers online again.,1866,https://reddit.com/r/ExpectationVsReality/comments/1mybzm6/im_never_ordering_flowers_online_again/,https://www.reddit.com/gallery/1mybzm6,"It looks like they cut out some jack o lantern design and put it together themselves. Second delivery, btw. First one wasn’t even anything close to this. My girlfriend found it hilarious so there’s that.  

Sendflowers.com is absolute garbage. 
Image Description: teleflora's pumpkin surprise bouquet in new york ny, flowers by linda 
Image Description: a vase with flowers and a pumpkin face on it 
Image Description: a plant in a glass jar with a face drawn on it",1755980582.0,0.98,1866,0,Failed Expectation,X_staythpath,47,True,3,True,text
ExpectationVsReality,1my8m2f,Origami stag beetle,2750,https://reddit.com/r/ExpectationVsReality/comments/1my8m2f/origami_stag_beetle/,https://www.reddit.com/gallery/1my8m2f,"Photograph of the origami in the book vs photo of my fold of the beetle. One square sheet uncut. 
Image Description: a book with a picture of a beetle and a description of the insect 
Image Description: a green origami beetle on a wooden table",1755972593.0,1.0,2750,0,Exceeded Expectation,username85374,19,True,2,True,text
ExpectationVsReality,1mytlr4,Don't know what I imagine to get,32,https://reddit.com/r/ExpectationVsReality/comments/1mytlr4/dont_know_what_i_imagine_to_get/,https://www.reddit.com/gallery/1mytlr4,"
Image Description: mochi salted caramel 
Image Description: mochi salted caramel",1756036474.0,0.72,32,0,Failed Expectation,Kutriya404,8,True,2,True,text
ExpectationVsReality,1myamw9,IHOP burgers are surprisingly good and their presentation is top notch,632,https://reddit.com/r/ExpectationVsReality/comments/1myamw9/ihop_burgers_are_surprisingly_good_and_their/,https://i.redd.it/e6lmo496mtkf1.jpeg,"
Image Description: three different images of hamburgers and fries",1755977356.0,0.92,632,0,Surprisingly Met Expectation,mtnagel,43,True,1,False,image
ExpectationVsReality,1mxeftc,Krispy Kreme Harry Potter Donuts,3703,https://reddit.com/r/ExpectationVsReality/comments/1mxeftc/krispy_kreme_harry_potter_donuts/,https://www.reddit.com/gallery/1mxeftc,"
Image Description: krispy kreme harry potter house donuts 
Image Description: a box of donuts with different flavors and colors",1755887418.0,0.94,3703,0,Failed Expectation,WellButterMyBottom,260,True,2,True,text
ExpectationVsReality,1mxoyo1,Where's the bacon?,773,https://reddit.com/r/ExpectationVsReality/comments/1mxoyo1/wheres_the_bacon/,https://www.reddit.com/gallery/1mxoyo1,"I wouldn't be as ""mad"" if they forgot to add the bacon rather than getting this. I complained about the lack of bacon and they gave me some to add to it.
Image Description: a piece of food in a box 
Image Description: dunkin' bacon topped avocado toast",1755913918.0,0.99,773,0,Failed Expectation,QueenMEB120,19,True,2,True,text
ExpectationVsReality,1mxkny5,Fortune cookies really said fuck wisdom we're about that promo life,393,https://reddit.com/r/ExpectationVsReality/comments/1mxkny5/fortune_cookies_really_said_fuck_wisdom_were/,https://i.redd.it/p9a8kkslenkf1.jpeg,"
Image Description: a person holding a small piece of paper with a qr code on it",1755902170.0,0.94,393,0,Failed Expectation,RepeatProud4810,19,True,1,False,image
ExpectationVsReality,1mwxpw7,Fresh Seafood Bowl in Sapporo,3564,https://reddit.com/r/ExpectationVsReality/comments/1mwxpw7/fresh_seafood_bowl_in_sapporo/,https://www.reddit.com/gallery/1mwxpw7,"Comes close to being a piece of art! I was also delighted it came in an identical bowl as the picture.
Image Description: a menu with different types of sushi on it 
Image Description: a bowl of sushi with various types of fish and vegetables",1755839449.0,0.99,3564,0,Exceeded Expectation,goldenshuttlebus,41,True,2,True,text
ExpectationVsReality,1mx7pnv,They can't be more different,514,https://reddit.com/r/ExpectationVsReality/comments/1mx7pnv/they_cant_be_more_different/,https://www.reddit.com/gallery/1mx7pnv,"
Image Description: a bag of mini palet rayd candy 
Image Description: a person holding a chocolate covered lollipop with a face on it",1755872134.0,0.97,514,0,Failed Expectation,Actual_Fig_4706,30,True,2,True,text
ExpectationVsReality,1mx9vb5,"Chrome pink nails, the inspiration pic vs the result",267,https://reddit.com/r/ExpectationVsReality/comments/1mx9vb5/chrome_pink_nails_the_inspiration_pic_vs_the/,https://www.reddit.com/gallery/1mx9vb5,"The pink is a little more nude at my request but the chrome finish is so cool 😎 
Image Description: pink nails with a diamond ring on the ring finger 
Image Description: pink french manicure with a curved tip",1755877101.0,0.86,267,0,Surprisingly Met Expectation,HappyCuppiccino,27,True,2,True,text
ExpectationVsReality,1mwpffo,"Ordered a ""Strawberry Cheesecake Melt"".",3098,https://reddit.com/r/ExpectationVsReality/comments/1mwpffo/ordered_a_strawberry_cheesecake_melt/,https://www.reddit.com/gallery/1mwdkd9,,1755815612.0,0.99,3098,0,Failed Expectation,sadg1rrl,93,False,0,False,text
ExpectationVsReality,1mwd14d,I tried to make a recipe i found on instragram reels,4368,https://reddit.com/r/ExpectationVsReality/comments/1mwd14d/i_tried_to_make_a_recipe_i_found_on_instragram/,https://www.reddit.com/gallery/1mwd14d,"
Image Description: a video is shown on a computer screen with a pizza in the background 
Image Description: a pastry with meat and vegetables on a baking sheet",1755787664.0,0.98,4368,0,Exceeded Expectation,Least_Turnover9814,92,True,2,True,text
ExpectationVsReality,1my7ksx,Chocolate pralines with pistachio filling,0,https://reddit.com/r/ExpectationVsReality/comments/1my7ksx/chocolate_pralines_with_pistachio_filling/,https://i.redd.it/1umc4wr31tkf1.jpeg,"
Image Description: a box of praline chocolate with two pieces of chocolate",1755970254.0,0.47,0,0,Failed Expectation,Zoran3000,9,True,1,False,image
ExpectationVsReality,1mwg8hk,My lil bro tried so hard!,1283,https://reddit.com/r/ExpectationVsReality/comments/1mwg8hk/my_lil_bro_tried_so_hard/,https://www.reddit.com/gallery/1mwg8hk,"
Image Description: minecraft figurines are displayed on a shelf 
Image Description: a bunch of toy minecraft figures on a green cloth",1755794599.0,0.99,1283,0,Exceeded Expectation,Potential_Reality111,40,True,2,True,text
ExpectationVsReality,1mxcgvu,Pistachio Muffin,3,https://reddit.com/r/ExpectationVsReality/comments/1mxcgvu/pistachio_muffin/,https://www.reddit.com/gallery/1mxcgvu,"Bought Pistachio Nut muffin tasted like the accidently dropped a whole bottle of almond flavouring in the batter. Pistachio is waaaaaaaay down the ingedient list after Almond flavouring, BANANA PUREE, and vanilla extract. It made my mouth feel weird.
Image Description: nikola's bakery nut muffins 
Image Description: a label on a package of peanut butter muffins",1755882975.0,0.53,3,0,Failed Expectation,ikbentwee,13,True,2,True,text
ExpectationVsReality,1mvl52u,Taste was 10/10,640,https://reddit.com/r/ExpectationVsReality/comments/1mvl52u/taste_was_1010/,https://www.reddit.com/gallery/1mvl52u,"
Image Description: a bowl of rice and vegetables with a spoon 
Image Description: scott & jons honey seasame salmon",1755710477.0,0.98,640,0,Surprisingly Met Expectation,AWelch08,47,True,2,True,text
ExpectationVsReality,1mvqvu4,Trader Joe's pepperoni pizza - perfection,323,https://reddit.com/r/ExpectationVsReality/comments/1mvqvu4/trader_joes_pepperoni_pizza_perfection/,https://www.reddit.com/gallery/1mvqvu4,"I know TJs gets lots of love from this community but damn do they deliver. I didn't even need to rearrange the pepperoni slices. Unwrapped and straight into the oven.  
Image Description: a pizza box with pepperoni on it 
Image Description: a pepperoni pizza is cooking in an oven",1755722919.0,0.98,323,0,Exceeded Expectation,khromedhome,12,True,2,True,text
ExpectationVsReality,1mvhosw,Cracker Barrel Butter Pecan French Toast Bake,718,https://reddit.com/r/ExpectationVsReality/comments/1mvhosw/cracker_barrel_butter_pecan_french_toast_bake/,https://www.reddit.com/gallery/1mvhosw,"They gave me the plate just like this, then I stared at it for a few minutes.
Image Description: a plate with food on it and a basket of food 
Image Description: butter pecan french toast bake",1755703088.0,0.97,718,0,Failed Expectation,minepelx,40,True,2,True,text
ExpectationVsReality,1mv1v2v,Oh…,2945,https://reddit.com/r/ExpectationVsReality/comments/1mv1v2v/oh/,https://www.reddit.com/gallery/1mv1v2v,"I get that I paid like 1.50 USD for this, but….come on….really?  They used to be better than this.
Image Description: banquet chicken and rice with broccoli 
Image Description: a container of rice with yellow mustard in it",1755654582.0,0.98,2945,0,Failed Expectation,agentcrossbones,84,True,2,True,text
ExpectationVsReality,1muezig,From the adult menu in an indoor playground,3975,https://reddit.com/r/ExpectationVsReality/comments/1muezig/from_the_adult_menu_in_an_indoor_playground/,https://www.reddit.com/gallery/1muezig,"
Image Description: a bowl of pasta on a table with a fork and a knife 
Image Description: a menu with a red circle on it",1755600564.0,0.99,3975,0,Failed Expectation,akittyisyou,190,True,2,True,text
ExpectationVsReality,1mulaff,I expected a nice fortune inside my fortune cookie but instead I got an ad,1613,https://reddit.com/r/ExpectationVsReality/comments/1mulaff/i_expected_a_nice_fortune_inside_my_fortune/,https://i.redd.it/7xj5h7y0tzjf1.jpeg,"
Image Description: a small fortune cookie on a black blanket",1755616486.0,0.97,1613,0,Failed Expectation,Present-Initial4729,45,True,1,False,image
ExpectationVsReality,1mv2k8b,Is the pretzel crust in the room with us?,169,https://reddit.com/r/ExpectationVsReality/comments/1mv2k8b/is_the_pretzel_crust_in_the_room_with_us/,https://www.reddit.com/gallery/1mv2k8b,"
Image Description: little caesar's pizza- screenshot 
Image Description: a pepperoni pizza with a slice missing",1755656574.0,0.84,169,0,Failed Expectation,Twiggadee,19,True,2,True,text
ExpectationVsReality,1muifry,Blueberry milk mochi. At least they taste good.,291,https://reddit.com/r/ExpectationVsReality/comments/1muifry/blueberry_milk_mochi_at_least_they_taste_good/,https://i.redd.it/rcfxc893azjf1.png,"If that wasn't obvious, I cut one in half to get a more accurate recreation of the image on the packaging.
Image Description: a box of double filling mochi with blueberries",1755610069.0,0.97,291,0,Failed Expectation,PhoenixfischTheFish,14,True,1,False,image
ExpectationVsReality,1mu06ah,Expectation vs reality. I made this cake for my sister because she loves the TV series Friends,2869,https://reddit.com/r/ExpectationVsReality/comments/1mu06ah/expectation_vs_reality_i_made_this_cake_for_my/,https://www.reddit.com/gallery/1mu06ah,"
Image Description: a birthday cake with a photo of a woman and a photo of a man 
Image Description: a birthday cake with the number 23 on it",1755554868.0,0.98,2869,0,Exceeded Expectation,Dreamy_Kittenn,58,True,2,True,text
ExpectationVsReality,1muh530,"Okay, these were freaking delicious.",146,https://reddit.com/r/ExpectationVsReality/comments/1muh530/okay_these_were_freaking_delicious/,https://www.reddit.com/gallery/1muh530,"Incredibly crispy and juicy on the inside. 

10/10 would buy again. 
Image Description: a person holding a bowl of fried chicken 
Image Description: a bag of tyson crispy wings is held up in a hand",1755606846.0,0.92,146,0,Exceeded Expectation,LaevantineXIII,10,True,2,True,text
ExpectationVsReality,1mu02rp,I asked my husband to buy some grapes!,703,https://reddit.com/r/ExpectationVsReality/comments/1mu02rp/i_asked_my_husband_to_buy_some_grapes/,https://www.reddit.com/gallery/1mu02rp,"My hubby found some very unusual grapes!  
Image Description: grapes on a white sheet 
Image Description: a person holding a green grape in a colander 
Image Description: a bunch of green grapes in a colander",1755554635.0,0.91,703,0,Surprisingly Met Expectation,Dizzy_Bug_62,51,True,3,True,text
ExpectationVsReality,1mtuyzl,Pet portrait,721,https://reddit.com/r/ExpectationVsReality/comments/1mtuyzl/pet_portrait/,https://www.reddit.com/gallery/1mtuyzl,"Saw someone else’s unfortunate experience with a plush animal and it reminded me of an awesome portrait I got last year. 

The crafter is ‘propermuse’ on IG. Took about 4 months at the time as she had a big backlog

Image Description: a small black and white dog wearing a red shirt 
Image Description: a small dog is in a frame on a shelf 
Image Description: two pictures of a dog in a frame and a dog in a red shirt",1755543268.0,0.99,721,0,Exceeded Expectation,ShadowGLI,22,True,3,True,text
ExpectationVsReality,1mtayka,Nailed it 😌,1584,https://reddit.com/r/ExpectationVsReality/comments/1mtayka/nailed_it/,https://www.reddit.com/gallery/1mtayka,"💅🏼🩵 
Image Description: a woman with green and blue nails holding up her hand 
Image Description: a woman with blue and green nails holding a ring",1755487289.0,0.94,1584,0,Exceeded Expectation,lucylugosiz,30,True,2,True,text
ExpectationVsReality,1mt101g,Pizza,248,https://reddit.com/r/ExpectationVsReality/comments/1mt101g/pizza/,https://www.reddit.com/gallery/1mt101g,"Frozen walmart pizza. Tasted really good and I’ll be getting it again. 
Image Description: a pizza on a pan on a stove top 
Image Description: a pizza sitting on a table",1755460901.0,0.91,248,0,Failed Expectation,nikinicoleme,31,True,2,True,text
ExpectationVsReality,1msez0p,Well gourmia ice cream,653,https://reddit.com/r/ExpectationVsReality/comments/1msez0p/well_gourmia_ice_cream/,https://www.reddit.com/gallery/1msez0p,"Well my soft serve ice-cream is soup
Image Description: a bowl of cereal with a spoon in it 
Image Description: walmart - buy it now - screenshot",1755397099.0,0.85,653,0,Failed Expectation,mamaC2023,37,True,2,True,text
ExpectationVsReality,1mrzmau,Soy Free ≠ Soy protein,3303,https://reddit.com/r/ExpectationVsReality/comments/1mrzmau/soy_free_soy_protein/,https://i.redd.it/b94n8wrboejf1.jpeg,"I had a customer return these cookies. She usually eats this brand, but is very allergic to soy. She took a bite, felt her reaction beginning.... Then looked at the ingredients in her soy-free cookie. Hmmm
Image Description: totino's cookies and cream protein bars",1755360612.0,0.98,3303,0,Failed Expectation,TheDrsCompanion,149,True,1,False,image
ExpectationVsReality,1mshl9g,Bosco sticks,262,https://reddit.com/r/ExpectationVsReality/comments/1mshl9g/bosco_sticks/,https://www.reddit.com/gallery/1mshl9g,"Taste is good, but I did not expect them to be so small and some of them so empty
Image Description: a person is taking a bite out of a sandwich 
Image Description: boscos mozzarella sticks 
Image Description: a plate with three bread rolls on it",1755405367.0,0.98,262,0,Failed Expectation,jennerz97,9,True,3,True,text
ExpectationVsReality,1ms70uz,Frozen pizza exceeded expectations. Crust was excellent.,832,https://reddit.com/r/ExpectationVsReality/comments/1ms70uz/frozen_pizza_exceeded_expectations_crust_was/,https://i.redd.it/vy91tw730gjf1.jpeg,"
Image Description: a pizza on a pan",1755376714.0,0.99,832,0,Exceeded Expectation,NessieReddit,34,True,1,False,image
ExpectationVsReality,1msiq12,"my sister got this Margherita pizza, they only put on one basil leaf",100,https://reddit.com/r/ExpectationVsReality/comments/1msiq12/my_sister_got_this_margherita_pizza_they_only_put/,https://www.reddit.com/gallery/1msiky5,,1755409162.0,0.84,100,0,Failed Expectation,that_lil_lad,15,False,0,False,text
ExpectationVsReality,1mrcqy6,Not quite the same,3615,https://reddit.com/r/ExpectationVsReality/comments/1mrcqy6/not_quite_the_same/,https://www.reddit.com/gallery/1mrcqy6,"
Image Description: a person wearing a hat 
Image Description: a woman wearing a large hat on her head",1755297414.0,0.96,3615,0,Failed Expectation,madchen44,172,True,2,True,text
ExpectationVsReality,1mre2bc,I’m actually crying ;0;,1893,https://reddit.com/r/ExpectationVsReality/comments/1mre2bc/im_actually_crying_0/,https://www.reddit.com/gallery/1mre2bc,"
Image Description: a man with a shaved head and a shaved undercut 
Image Description: a man with a shaved head and a tattoo on his neck",1755300534.0,0.96,1893,0,Failed Expectation,KuroTheKid,101,True,2,True,text
ExpectationVsReality,1mrcq7n,Pretty darn good I say!!,1589,https://reddit.com/r/ExpectationVsReality/comments/1mrcq7n/pretty_darn_good_i_say/,https://www.reddit.com/gallery/1mrcq7n,"So I just recently had a pokemon themed baby shower this past week and I sent my cake person a reference photo of what I was looking for! First picture is the reference photo and the second/third is the cake she made!! I’m not gonna lie, I was VERY impressed!! I procured the pokemon toppers and pokemon balls btw! She did an amazing job! The cake tasted amazing too!! lol. 
Image Description: a cake with pokemon characters on top 
Image Description: pokemon cake with a pokemon cake topper 
Image Description: a cake with pokemon on it and a sign that says oh boy",1755297365.0,0.99,1589,0,Exceeded Expectation,very_susss,21,True,3,True,text
ExpectationVsReality,1mr5i8w,Wedding cake,2174,https://reddit.com/r/ExpectationVsReality/comments/1mr5i8w/wedding_cake/,https://www.reddit.com/gallery/1mqa5op,,1755281153.0,0.99,2174,0,Failed Expectation,ullabello,72,False,0,False,text
ExpectationVsReality,1mryqyj,The Theory of Garment-Pattern Making and How to Make Poultry Pay,31,https://reddit.com/r/ExpectationVsReality/comments/1mryqyj/the_theory_of_garmentpattern_making_and_how_to/,https://www.reddit.com/gallery/1mq6m7n,,1755358767.0,0.81,31,0,Failed Expectation,RegularSelf,3,False,0,False,text
ExpectationVsReality,1mq9ham,Made a unicorn cake for my little cousin,16059,https://reddit.com/r/ExpectationVsReality/comments/1mq9ham/made_a_unicorn_cake_for_my_little_cousin/,https://www.reddit.com/gallery/1mq9ham,"Pic of the inspo vs reality
Image Description: a person holding a cupcake in front of a unicorn 
Image Description: a cake made to look like a unicorn 
Image Description: a cake with a unicorn head on top of it 
Image Description: a cake with a unicorn head on top of a white cup 
Image Description: a cake made to look like a unicorn is sitting on a table 
Image Description: a cake with a unicorn head on top of it",1755197369.0,0.98,16059,0,Failed Expectation,More_Bodybuilder3226,765,True,6,True,text
ExpectationVsReality,1mq4z7p,EXTRA CREAM bourbon creams,935,https://reddit.com/r/ExpectationVsReality/comments/1mq4z7p/extra_cream_bourbon_creams/,https://www.reddit.com/gallery/1mq4z7p,"Shrinkflation smh
Image Description: a person holding a small cookie in their hand 
Image Description: a person holding a bag of extra cream biscuits 
Image Description: a person holding a chocolate biscuit in their hand",1755187765.0,0.99,935,0,Failed Expectation,ihavloadstosay,19,True,3,True,text
ExpectationVsReality,1mqdxnz,Teleflora arrangement,232,https://reddit.com/r/ExpectationVsReality/comments/1mqdxnz/teleflora_arrangement/,https://www.reddit.com/gallery/1mqdxnz,"I ordered the Hummingbird Surprise bouquet with hummingbird vase. The surprise was that there was no hummingbird vase. I was issued a partial refund and given a coupon. Foolishly, I tried again for another occasion. This time I ordered a rose bouquet on behalf of mom who was sending it to my dad at the nursing home for their anniversary. It was terribly disappointing again. From now on, I’m only going directly through a local florist.


Image Description: a vase filled with flowers on a table 
Image Description: teleflora's red rose bouquet in houston tx, houston florist",1755207070.0,0.96,232,0,Failed Expectation,BarreGirl1,14,True,2,True,text
ExpectationVsReality,1mpw8ap,Frozen Pizza,315,https://reddit.com/r/ExpectationVsReality/comments/1mpw8ap/frozen_pizza/,https://www.reddit.com/gallery/1mpw8ap,"This was delicious and met my expectations, especially for a frozen pizza. (I added a little more grated cheese)
Image Description: a pizza with meat and vegetables on a wooden board 
Image Description: rustica thin and crispy australian beef pizza 
Image Description: a pizza on a black plate",1755165340.0,0.96,315,0,Surprisingly Met Expectation,One_City7636,13,True,3,True,text
ExpectationVsReality,1mpzhe3,Surprisingly good!,152,https://reddit.com/r/ExpectationVsReality/comments/1mpzhe3/surprisingly_good/,https://www.reddit.com/gallery/1mpzhe3,"Bought these on a whim, expecting them to be disappointing, but you know what?! They actually taste of vanilla and coffee AND the classic dark biscuit / sweet cream combo isn’t lost.

Will probably binge and re-purchase 😂
Image Description: a person holding an oreo cookie in their hand 
Image Description: oreo vanilla latte 
Image Description: a person holding an oreo cookie in their hand 
Image Description: a person holding a small cookie in their hand",1755175099.0,0.93,152,0,Surprisingly Met Expectation,Psychological-Duck13,12,True,4,True,text
ExpectationVsReality,1mpi83x,Disappointed mantis,1290,https://reddit.com/r/ExpectationVsReality/comments/1mpi83x/disappointed_mantis/,https://www.reddit.com/gallery/1mpi83x,"
Image Description: a woman holding a large green insect 
Image Description: a person wearing a green bug backpack",1755122821.0,0.98,1290,0,Failed Expectation,Primus567,38,True,2,True,text
ExpectationVsReality,1mp7zvf,"Jimmy Dean Sausage, Egg & Cheese English Muffin",1340,https://reddit.com/r/ExpectationVsReality/comments/1mp7zvf/jimmy_dean_sausage_egg_cheese_english_muffin/,https://i.redd.it/v13zl37z4tif1.jpeg,"Look at that cheese! $7.99 for 4 - good price too. Safeway.
Image Description: a sandwich on a plate next to a box of jimmy dean english muffins",1755099890.0,0.97,1340,0,Exceeded Expectation,Dry-Double-6845,80,True,1,False,image
ExpectationVsReality,1mq7ajy,Dominos India strikes again,1,https://reddit.com/r/ExpectationVsReality/comments/1mq7ajy/dominos_india_strikes_again/,https://i.redd.it/b058q9t5t0jf1.jpeg,"
Image Description: a pizza with toppings on a table next to a tablet",1755192743.0,0.51,1,0,Failed Expectation,ysosleepyalways,19,True,1,False,image
ExpectationVsReality,1mp8cni,At least it tasted good,177,https://reddit.com/r/ExpectationVsReality/comments/1mp8cni/at_least_it_tasted_good/,https://www.reddit.com/gallery/1mp8cni,"
Image Description: a bag of toto birthday cake 
Image Description: a person holding a cookie and a bag of chips",1755100697.0,0.98,177,0,Failed Expectation,litmusfest,7,True,2,True,text
ExpectationVsReality,1movqss,Screaming Sicilian,788,https://reddit.com/r/ExpectationVsReality/comments/1movqss/screaming_sicilian/,https://www.reddit.com/gallery/1movqss,"Probably been done. Have definitely seen complaint posts. This pizza has the perfect amount of pep.

Yes, I purposely burn it a bit. I swap to broil to finish it off. I like a bit of charred pepperoni taste.
Image Description: a box of pizza with a mustache on it 
Image Description: a pepperoni pizza on a grill 
Image Description: a pepperoni pizza on a grill",1755062249.0,0.98,788,0,Exceeded Expectation,Stagles,56,True,3,True,text
ExpectationVsReality,1moeqwy,All of the crackers have this face,6248,https://reddit.com/r/ExpectationVsReality/comments/1moeqwy/all_of_the_crackers_have_this_face/,https://i.redd.it/70g5xwrfgmif1.jpeg,"
Image Description: a person holding a bag of chips with a sad face on it",1755018968.0,0.99,6248,0,Failed Expectation,DefiantCookie123,99,True,1,False,image
ExpectationVsReality,1momij5,Caramelised Peaches in Amaretto,2059,https://reddit.com/r/ExpectationVsReality/comments/1momij5/caramelised_peaches_in_amaretto/,https://i.redd.it/04o2iuhwvnif1.jpeg,"Browns is a chain restaurant in London that is pretty decent usually, we've been a few times. But this was not worth £9.25 ($12.50) for two warm halved tinned peaches with sugar syrup (I did take a bite out of one).
Image Description: a plate with a bowl of ice cream and a plate with a bowl of peaches",1755036273.0,0.99,2059,0,Failed Expectation,GiaTheGiraffe01,28,True,1,False,image
ExpectationVsReality,1mooeoa,Wanted a healthy depression dinner with plenty of veg,816,https://reddit.com/r/ExpectationVsReality/comments/1mooeoa/wanted_a_healthy_depression_dinner_with_plenty_of/,https://www.reddit.com/gallery/1mooeoa,"Got exactly two broccolis. In its defense, it was delicious. 
Image Description: a cat sitting on a table next to a bag of macaroni and cheese 
Image Description: a plate of pasta and broccoli",1755040936.0,0.97,816,0,Failed Expectation,DazzlingBeat4468,43,True,2,True,text
ExpectationVsReality,1moxmiv,Tasted good too!,169,https://reddit.com/r/ExpectationVsReality/comments/1moxmiv/tasted_good_too/,https://i.redd.it/6znsagrclqif1.jpeg,"
Image Description: a bowl of food with a box of soup next to it",1755069046.0,0.97,169,0,Exceeded Expectation,sincerelydeceased,14,True,1,False,image
ExpectationVsReality,1mo51ke,bro 😭 her filmfish box,2573,https://reddit.com/r/ExpectationVsReality/comments/1mo51ke/bro_her_filmfish_box/,https://www.reddit.com/gallery/1mo51ke,"
Image Description: men fantasy skin fresh face wash 
Image Description: a bottle of refresh wash next to a black bag",1754994571.0,0.96,2573,0,Failed Expectation,klonyo,110,True,2,True,text
ExpectationVsReality,1monbhp,My expectations were honestly pretty low to begin with,164,https://reddit.com/r/ExpectationVsReality/comments/1monbhp/my_expectations_were_honestly_pretty_low_to_begin/,https://i.redd.it/1grxoorr1oif1.jpeg,"
Image Description: a person holding a container of cookie dough",1755038248.0,0.91,164,0,Failed Expectation,-Himintelgja,14,True,1,False,image
ExpectationVsReality,1mogtxd,Garbage pail kids from temu,173,https://reddit.com/r/ExpectationVsReality/comments/1mogtxd/garbage_pail_kids_from_temu/,https://www.reddit.com/gallery/1mogtxd,"Got these ordered from temu at the normal card size and this is what I got. Had to pull out my magnifying glass for these bad boys!!
Image Description: a person holding three small cards in their hand 
Image Description: a person holding a card with a picture of a girl on it 
Image Description: a person holding a miniature card of a baseball player",1755023493.0,0.81,173,0,Failed Expectation,Agile-Worth-2077,39,True,3,True,text
ExpectationVsReality,1mnu0au,"The AUD$200 reborn doll my mum ordered. ""It's not that bad"" she says.",3462,https://reddit.com/r/ExpectationVsReality/comments/1mnu0au/the_aud200_reborn_doll_my_mum_ordered_its_not/,https://www.reddit.com/gallery/1mnu0au,"
Image Description: a baby wearing a pink sweater and holding a pacifier 
Image Description: a baby doll with a pink hat and bib 
Image Description: a baby doll with a long brown hair",1754958200.0,0.96,3462,0,Failed Expectation,Szarkara,236,True,3,True,text
ExpectationVsReality,1mows3l,What I thought I ordered vs what I get,15,https://reddit.com/r/ExpectationVsReality/comments/1mows3l/what_i_thought_i_ordered_vs_what_i_get/,https://www.reddit.com/gallery/1mows3l,"... from china.
Image Description: a picture of a glass window with a spray bottle and a paint brush 
Image Description: a person holding a small electronic device next to a laptop",1755065940.0,0.59,15,0,Failed Expectation,Ok-Breakfast-3742,22,True,2,True,text
ExpectationVsReality,1mn5qjy,Latex thigh highs ordered but got what seems like the case for sleeping bags.,16833,https://reddit.com/r/ExpectationVsReality/comments/1mn5qjy/latex_thigh_highs_ordered_but_got_what_seems_like/,https://www.reddit.com/gallery/1mn5qjy,"
Image Description: a woman in black latex thigh high stockings and high heels 
Image Description: a person wearing black leather pants and boots 
Image Description: a pair of black boots on a carpet",1754894212.0,0.97,16833,0,Failed Expectation,SweetHeatFeet,571,True,3,True,text
ExpectationVsReality,1mn4xi1,Not bad for a cake from Walmart…,7231,https://reddit.com/r/ExpectationVsReality/comments/1mn4xi1/not_bad_for_a_cake_from_walmart/,https://www.reddit.com/gallery/1mn4xi1,"My sister had a capybara themed birthday party and I told her to use the first image as the reference photo for her cake. It went well and better than I expected especially for the price and from Walmart. The cake was alright(basic “white”cake as she likes it) with boring vanilla frosting(I’m dying on the hill of chocolate cake favoritism) but the looks is what really mattered(how can you mess up cake…right…right?!)
Image Description: a brown bear shaped cake 
Image Description: a brown cake with a bear face on it",1754891216.0,0.99,7231,0,Exceeded Expectation,Minimum_genuity,57,True,2,True,text
ExpectationVsReality,1mnr621,"I ordered a plush of Croajiro from Palworld off Etsy. His mouth looks like a big green mustache, I love it.",228,https://reddit.com/r/ExpectationVsReality/comments/1mnr621/i_ordered_a_plush_of_croajiro_from_palworld_off/,https://i.imgur.com/ps2iuxI.jpeg,"
Image Description: a stuffed frog with a karate belt on it",1754950952.0,0.95,228,0,Exceeded Expectation,darthsawyer,4,True,1,False,image
ExpectationVsReality,1mnbqiq,"Speaking of legwear, I dared to trust the size chart and got socks instead of stockings",1364,https://reddit.com/r/ExpectationVsReality/comments/1mnbqiq/speaking_of_legwear_i_dared_to_trust_the_size/,https://www.reddit.com/gallery/1mnbqiq,"
Image Description: a woman in white stockings and a blue dress 
Image Description: a woman wearing stockings and a white t - shirt",1754915642.0,0.95,1364,0,Failed Expectation,softcuntboy,49,True,2,True,text
ExpectationVsReality,1mndocu,"I know fast food never meets expectations, but this isnt even close",709,https://reddit.com/r/ExpectationVsReality/comments/1mndocu/i_know_fast_food_never_meets_expectations_but/,https://www.reddit.com/gallery/1mndocu,"
Image Description: a person is holding a burger with cheese and sauce 
Image Description: a hamburger sitting on top of a paper wrapper 
Image Description: a sandwich with cheese, bacon, and other toppings on top",1754920602.0,0.94,709,0,Failed Expectation,Aggravating_Yam2501,33,True,3,True,text
ExpectationVsReality,1mnkrwb,A bit disappointing. It still tastes great tho!,239,https://reddit.com/r/ExpectationVsReality/comments/1mnkrwb/a_bit_disappointing_it_still_tastes_great_tho/,https://www.reddit.com/gallery/1mnkrwb,"
Image Description: a box of angel hair chocolate on a table 
Image Description: a piece of chocolate on a table",1754936346.0,0.9,239,0,Failed Expectation,Exotic_Butters_23,18,True,2,True,text
ExpectationVsReality,1mnberp,Ordered some TMNT figures,533,https://reddit.com/r/ExpectationVsReality/comments/1mnberp/ordered_some_tmnt_figures/,https://www.reddit.com/gallery/1mnberp,"As warned the actual color, size AND appearance did vary.
Image Description: a sign that says attention the actual color size or appearance may vary due to lighting effects 
Image Description: four teenage mutant ninja turtles figurines are shown 
Image Description: two stuffed animals with teeth and teeth 
Image Description: two stuffed animals with the same face and eyes 
Image Description: four stuffed turtles are wearing masks and holding hands 
Image Description: four stuffed animals of teenage mutant turtles sitting on a red couch",1754914735.0,0.99,533,0,Failed Expectation,TheBookofBobaFett3,26,True,6,True,text
ExpectationVsReality,1mmvyzb,Already knew this was AI and had to go see the reviews,4228,https://reddit.com/r/ExpectationVsReality/comments/1mmvyzb/already_knew_this_was_ai_and_had_to_go_see_the/,https://www.reddit.com/gallery/1mmvyzb,This lady actually did an artsy video to show it off!,1754864527.0,0.97,4228,0,Failed Expectation,IceAngelUwU,146,True,2,True,text
ExpectationVsReality,1mnhxqd,Toilet floaty does not come with a toilet. 🚽🚫,102,https://reddit.com/r/ExpectationVsReality/comments/1mnhxqd/toilet_floaty_does_not_come_with_a_toilet/,https://www.reddit.com/gallery/1mmky82,,1754930223.0,0.97,102,0,Failed Expectation,-UltraFerret-,5,False,0,False,text
ExpectationVsReality,1mn4xef,Not bad for a cake from Walmart…,199,https://reddit.com/r/ExpectationVsReality/comments/1mn4xef/not_bad_for_a_cake_from_walmart/,https://www.reddit.com/gallery/1mn4xef,"My sister had a capybara themed birthday party and I told her to use the first image as the reference photo for her cake. It went well and better than I expected especially for the price and from Walmart. The cake was alright(basic “white”cake as she likes it) with boring vanilla frosting(I’m dying on the hill of chocolate cake favoritism) but the looks is what really mattered(how can you mess up cake…right…right?!)
Image Description: a brown bear shaped cake 
Image Description: a brown cake with a bear face on it",1754891209.0,0.95,199,0,Exceeded Expectation,Minimum_genuity,5,True,2,True,text
ExpectationVsReality,1mmzo61,Wednesday Flamin Hot Fiery Skulls,430,https://reddit.com/r/ExpectationVsReality/comments/1mmzo61/wednesday_flamin_hot_fiery_skulls/,https://www.reddit.com/gallery/1mmzo61,"Pleasantly surprised! They're also a bit hot
Image Description: a bag of flaming hot skulls sitting on a couch 
Image Description: a bag of cheetos with a hand on it",1754874719.0,0.96,430,0,Exceeded Expectation,GorillaPeanutToast,20,True,2,True,text
ExpectationVsReality,1mmart7,"Another classic ""What I Ordered vs What I Got""!",19661,https://reddit.com/r/ExpectationVsReality/comments/1mmart7/another_classic_what_i_ordered_vs_what_i_got/,https://www.reddit.com/gallery/1mmart7,"When will I learn to check reviews before making silly online orders!? Not today.... 😂😂
Image Description: a woman taking a selfie in front of a mirror 
Image Description: a blue shirt with a white flower on it 
Image Description: the model is wearing a navy blue dress and heels",1754805051.0,0.94,19661,0,Failed Expectation,chemicalmum,615,True,3,True,text
ExpectationVsReality,1mlxfyd,I asked for it…Cracker Barrel Fresh Berry French Toast Bake,3835,https://reddit.com/r/ExpectationVsReality/comments/1mlxfyd/i_asked_for_itcracker_barrel_fresh_berry_french/,https://www.reddit.com/gallery/1mlxfyd,"It’s my own damn fault. Who ever eats there anymore. 
Image Description: fresh berry french toast bake 
Image Description: a plate of food",1754766349.0,0.93,3835,0,Failed Expectation,launibeth,280,True,2,True,text
ExpectationVsReality,1mm3qev,I just wanted a funny golf course shirt 😭,1178,https://reddit.com/r/ExpectationVsReality/comments/1mm3qev/i_just_wanted_a_funny_golf_course_shirt/,https://www.reddit.com/gallery/1mm3qev,"Absolutely terrifying. 0 stars. 
Image Description: a towel with a hot dog design on it 
Image Description: a blue polo shirt with a dog on it 
Image Description: a girl wearing a blue polo shirt with a cartoon dog on it",1754782909.0,0.96,1178,0,Failed Expectation,backiechansmom,46,True,3,True,text
ExpectationVsReality,1mm7saz,Temu victim,456,https://reddit.com/r/ExpectationVsReality/comments/1mm7saz/temu_victim/,https://www.reddit.com/gallery/1mm7saz,"
Image Description: a black shirt with a heart and roses on it 
Image Description: a black shirt with a tattooed design and wings",1754795085.0,0.74,456,0,Failed Expectation,MarionberrySoft4743,69,True,2,True,text
ExpectationVsReality,1mm4ct2,KFC Double Down😭,691,https://reddit.com/r/ExpectationVsReality/comments/1mm4ct2/kfc_double_down/,https://www.reddit.com/gallery/1mm4ct2,"Disappointed AF🫠
Image Description: a fried chicken sandwich with cheese and bacon 
Image Description: a piece of bacon and cheese on a piece of paper",1754784728.0,0.95,691,0,Failed Expectation,YONAKA_AMBER,61,True,2,True,text
ExpectationVsReality,1mm2hp8,This is what I get for ordering DoorDash really late last night when most of the good spots are closed...,394,https://reddit.com/r/ExpectationVsReality/comments/1mm2hp8/this_is_what_i_get_for_ordering_doordash_really/,https://www.reddit.com/gallery/1mm2hp8,"
Image Description: a piece of cake in a styrofoam container 
Image Description: oreo mousse cheese cake slice",1754779421.0,0.96,394,0,Failed Expectation,Warm-Iron-1222,14,True,2,True,text
ExpectationVsReality,1mlvc42,from a friend of mine,527,https://reddit.com/r/ExpectationVsReality/comments/1mlvc42/from_a_friend_of_mine/,https://www.reddit.com/gallery/1mlvc42,"picture 1 is what they asked and picture 2 is what they got
Image Description: a woman with silver nail designs on her nails 
Image Description: a person with red nail designs on their fingers",1754761137.0,0.88,527,0,Failed Expectation,akenstandlosing,29,True,2,True,text
ExpectationVsReality,1mlskyx,Duck breast with glazed cherry reduction.,426,https://reddit.com/r/ExpectationVsReality/comments/1mlskyx/duck_breast_with_glazed_cherry_reduction/,https://i.redd.it/ik1322thl0if1.jpeg,"I get duck maybe once a year, it’s one of my splurges. This one cost $46 and the description was:

‘Baked and Glazed with a Cherry Reduction. Served with Green Pea Corn Risotto’

This was the untouched presentation, just a shlop pile. This isn’t a cherry reduction, this is a full on brown gravy that completely overpowered the duck. The green pea risotto was a rice pilaf pile with mushrooms stuck to the side and Parmesan cheese pile on top. The veggies were boiled and the cauliflower brown. Can’t believe it cost almost $50. 
Image Description: two pictures of food with meat and vegetables",1754754314.0,0.96,426,0,Failed Expectation,escargoxpress,17,True,1,False,image
ExpectationVsReality,1mlx7my,Yum.,226,https://reddit.com/r/ExpectationVsReality/comments/1mlx7my/yum/,https://www.reddit.com/gallery/1mlx7my,"
Image Description: the meat lover's lasagna is a great way to get your kids to eat their veggies 
Image Description: a white container with a lasagna in it",1754765792.0,0.94,226,0,Failed Expectation,Financial-Opposite75,42,True,2,True,text
ExpectationVsReality,1mla9nh,"Walked in and couldn't remember the last public bathroom with full length doors, leading to a private enclosed cubicle in the U.S. Nope, Chuck testa",1943,https://reddit.com/r/ExpectationVsReality/comments/1mla9nh/walked_in_and_couldnt_remember_the_last_public/,https://www.reddit.com/gallery/1mla9nh,"
Image Description: a bathroom with a toilet and a sink 
Image Description: a bathroom with a sink and a toilet",1754695313.0,0.95,1943,0,Failed Expectation,TrabLP,108,True,2,True,text
ExpectationVsReality,1mldy1t,good dipped in ranch!,275,https://reddit.com/r/ExpectationVsReality/comments/1mldy1t/good_dipped_in_ranch/,https://i.redd.it/9vbrbck0lwhf1.jpeg,"
Image Description: gardenin orange chicken",1754705727.0,0.8,275,0,Surprisingly Met Expectation,BromioKalen,79,True,1,False,image
ExpectationVsReality,1mlmhvx,expectation vs reality. My computer. I think not bad,19,https://reddit.com/r/ExpectationVsReality/comments/1mlmhvx/expectation_vs_reality_my_computer_i_think_not_bad/,https://www.reddit.com/gallery/1mlmhvx,"
Image Description: a computer case with purple lights on it 
Image Description: a purple computer case with a purple light on it",1754736521.0,0.59,19,0,Surprisingly Met Expectation,Ansterika_849,21,True,2,True,text
ExpectationVsReality,1mkv6fe,"Today, tried a recipe for cottage cheese muffins in the air fryer! They looked a bit rough, but taste-wise, not too shabby!",346,https://reddit.com/r/ExpectationVsReality/comments/1mkv6fe/today_tried_a_recipe_for_cottage_cheese_muffins/,https://www.reddit.com/gallery/1mkv6fe,"
Image Description: lemon curd muffins on a white plate 
Image Description: three muffins in tin cups on a wooden table",1754659595.0,0.96,346,0,Exceeded Expectation,Dizzy_Bug_62,22,True,2,True,text
ExpectationVsReality,1mkt9ko,"Normally, there’s at least two basil leaves..",248,https://reddit.com/r/ExpectationVsReality/comments/1mkt9ko/normally_theres_at_least_two_basil_leaves/,https://www.reddit.com/gallery/1mkt9ko,"Still pretty good though.
Image Description: a box of margherita pizza 
Image Description: a pizza with cheese and basil on it",1754654434.0,0.92,248,0,Surprisingly Met Expectation,Able_Distribution209,31,True,2,True,text
ExpectationVsReality,1mklzaq,Just don’t look at the bear.,610,https://reddit.com/r/ExpectationVsReality/comments/1mklzaq/just_dont_look_at_the_bear/,https://i.redd.it/1e1s00656qhf1.jpeg,"
Image Description: poyo-guru panda rice",1754628083.0,0.98,610,0,Surprisingly Met Expectation,ottosoven,18,True,1,False,image
ExpectationVsReality,1mkeigf,Delightfully surprised for $3.50,1434,https://reddit.com/r/ExpectationVsReality/comments/1mkeigf/delightfully_surprised_for_350/,https://www.reddit.com/gallery/1mkeigf,"
Image Description: a pizza box with a slice missing 
Image Description: a pizza sitting on a table with a box of pepperoni pizza",1754606703.0,0.98,1434,0,Surprisingly Met Expectation,Other-Negotiation328,54,True,2,True,text
ExpectationVsReality,1mk6kbp,laughing so hard my stomach hurts,2311,https://reddit.com/r/ExpectationVsReality/comments/1mk6kbp/laughing_so_hard_my_stomach_hurts/,https://www.reddit.com/gallery/1mjy5q5,,1754588194.0,0.99,2311,0,Failed Expectation,gheemasaladosa,44,False,0,False,text
ExpectationVsReality,1mkh3tr,Hostess Ding Dongs 🤢,584,https://reddit.com/r/ExpectationVsReality/comments/1mkh3tr/hostess_ding_dongs/,https://www.reddit.com/gallery/1mkh3tr,"apparently there’s been boxes of chemically smelling mold filled ding dongs going around, and I was lucky enough to find one 🤮 
Image Description: hostess ding dongs chocolate cake 
Image Description: four pictures of a chocolate muffin with a bite taken out of it",1754613646.0,0.94,584,0,Failed Expectation,literallyelir,84,True,2,True,text
ExpectationVsReality,1mk0f2p,Pepperoni Pizza,394,https://reddit.com/r/ExpectationVsReality/comments/1mk0f2p/pepperoni_pizza/,https://www.reddit.com/gallery/1mk0f2p,"I wish there were at least 4 intact pepperonis on this large pizza, it was still delicious and got devoured immediately. 
Image Description: pizza delivery app screenshot 
Image Description: a pizza in a box",1754574072.0,0.95,394,0,Failed Expectation,DebbiePie,31,True,2,True,text
ExpectationVsReality,1mjfds6,🧻🧻🧻,4892,https://reddit.com/r/ExpectationVsReality/comments/1mjfds6/_/,https://www.reddit.com/gallery/1mjfds6,"It was soo fun to make!!! Didn't use a pattern 😄
Image Description: a crocheted toilet paper holder with a book on it 
Image Description: a crocheted toilet paper holder with a purple book",1754511311.0,0.98,4892,0,Surprisingly Met Expectation,Immediate-Blood9351,43,True,2,True,text
ExpectationVsReality,1mj73uj,Cake for my baby boy,2363,https://reddit.com/r/ExpectationVsReality/comments/1mj73uj/cake_for_my_baby_boy/,https://www.reddit.com/gallery/1mj73uj,"I tried to save money and bake a cake for him myself. This version was the test run for the decorations after which I decided to give up.
Image Description: a cake with white icing and green icing on top 
Image Description: a cake with green icing on top sitting on a counter",1754492667.0,0.98,2363,0,Failed Expectation,Extra-Requirement979,49,True,2,True,text
ExpectationVsReality,1mj9858,Wendy's Seasoned Potato Wedges are missing the potato,1396,https://reddit.com/r/ExpectationVsReality/comments/1mj9858/wendys_seasoned_potato_wedges_are_missing_the/,https://www.reddit.com/gallery/1mj9858,"Every one of them had a hollow inside
Image Description: a person holding a piece of fried food 
Image Description: a pile of fries on a piece of paper",1754497409.0,0.98,1396,0,Failed Expectation,Droopyinreallife,46,True,2,True,text
ExpectationVsReality,1mjego9,I bought a cake that looked like a prop from Patrick Bateman’s crime scene.,718,https://reddit.com/r/ExpectationVsReality/comments/1mjego9/i_bought_a_cake_that_looked_like_a_prop_from/,https://www.reddit.com/gallery/1mjego9,"In reality, this cake looks like it was pissed on by a gonorrhea-stricken Patrick Bateman
Image Description: a person holding a cake with a red and white icing 
Image Description: a phone with a picture of a cake and a text that says kolod delamna ninja premium",1754509208.0,0.98,718,0,Failed Expectation,sweetshark_666,22,True,2,True,text
ExpectationVsReality,1mjiqgd,Packaging shows 10 potato halves. I have been shorted by half.,120,https://reddit.com/r/ExpectationVsReality/comments/1mjiqgd/packaging_shows_10_potato_halves_i_have_been/,https://i.redd.it/pygw5zto5hhf1.jpeg,"Most of the package weight was the watery sauce packet. For the sake of being impartial I tried to plate the meal in a presentable fashion. 
Image Description: a plate of food and a packet of food",1754519140.0,0.84,120,0,Failed Expectation,GopherRebellion,5,True,1,False,image
ExpectationVsReality,1mii9yo,Tried to recreate the fish tank drink someone posted on here before. Inspiration vs. my attempt. Took pic immediately. The nerds bleed too quickly & crushed ice melted because it’s hot.,5572,https://reddit.com/r/ExpectationVsReality/comments/1mii9yo/tried_to_recreate_the_fish_tank_drink_someone/,https://www.reddit.com/gallery/1mii9yo,"
Image Description: a book about making ice cubes with fish in it 
Image Description: a glass of water with a colorful liquid inside",1754420925.0,0.98,5572,0,Failed Expectation,[deleted],136,True,2,True,text
ExpectationVsReality,1mit5x6,Scrolling on Amazon for a dress and saw this gem of a review.,540,https://reddit.com/r/ExpectationVsReality/comments/1mit5x6/scrolling_on_amazon_for_a_dress_and_saw_this_gem/,https://www.reddit.com/gallery/1mit5x6,"
Image Description: a shirt hanging on a door with a picture of a woman 
Image Description: a woman wearing a red dress and a black skirt",1754448290.0,0.94,540,0,Failed Expectation,passionfruit0,39,True,2,True,text
ExpectationVsReality,1mjcspl,"Nope, 🙂‍↔️",27,https://reddit.com/r/ExpectationVsReality/comments/1mjcspl/nope/,https://www.reddit.com/gallery/1mjcspl,"I didn’t expect much more than a cup of noodles, but I do have complaints. The flavor was good. Texture (broken noodles with some rice) was weird. It’s 4 times the price of their standard ramen noodles & packaging is roughly the same size…but, the fill line is only about 45% of the cup. Pic #2 reflects the full serving. Is this shrinkflation?Because the package is way too large for the product. I’m still hungry. I wish I’d just bought a regular cup o noodles! Anyone else have experience with these? 
Image Description: cup noodles stir fry with noodles 
Image Description: a bowl of rice and beans with a spoon",1754505427.0,0.71,27,0,Failed Expectation,GaspSpit,2,True,2,True,text
ExpectationVsReality,1mis6ve,It was supposed to be a lighter cover,475,https://reddit.com/r/ExpectationVsReality/comments/1mis6ve/it_was_supposed_to_be_a_lighter_cover/,https://www.reddit.com/gallery/1mis6ve,"This was an Etsy purchase which is quite shocking
Image Description: a pink plastic brain with a pink stem 
Image Description: a person holding a small piece of a human brain",1754445501.0,0.83,475,0,Failed Expectation,Alternative-Two-5103,74,True,2,True,text
ExpectationVsReality,1miprtc,I think I see where the missing sugar was,243,https://reddit.com/r/ExpectationVsReality/comments/1miprtc/i_think_i_see_where_the_missing_sugar_was/,https://i.redd.it/ppv6oqspiahf1.jpeg,"Not sure what more I could expect from a legal knock off, health adjacent food.   
I bought it as a rare low sugar treat as I am diabetic. 
Image Description: a person holding an oreo cookie in front of a bag of twins",1754438801.0,0.98,243,0,Failed Expectation,InkNoob,8,True,1,False,image
ExpectationVsReality,1misgjq,Okay hear me out…,164,https://reddit.com/r/ExpectationVsReality/comments/1misgjq/okay_hear_me_out/,https://www.reddit.com/gallery/1misgjq,"it was decent lol
Image Description: thai red curry 
Image Description: a bowl of rice and vegetables with a spoon",1754446270.0,0.92,164,0,Surprisingly Met Expectation,purple-enby-,23,True,2,True,text
ExpectationVsReality,1mi65o2,Cat not impressed when I used her new brush,2000,https://reddit.com/r/ExpectationVsReality/comments/1mi65o2/cat_not_impressed_when_i_used_her_new_brush/,https://www.reddit.com/gallery/1mi65o2,"
Image Description: a person holding a jar of garlic powder 
Image Description: poodle brush - dog grooming - pet care - pet products - pet supplies - pet products - pet products - pet products - pet products - pet products",1754391897.0,0.96,2000,0,Failed Expectation,squishxbug,29,True,2,True,text
ExpectationVsReality,1mh7zcl,Inspiration vs actual cake I received,8268,https://reddit.com/r/ExpectationVsReality/comments/1mh7zcl/inspiration_vs_actual_cake_i_received/,https://www.reddit.com/gallery/1mh7zcl,"The gray cake is of my cat Lady Grey. She is ofc... Grey. I should have asked for rainbow inside. I didn't think of it until I got the cake. 💀
Image Description: a cake decorated with a cat face 
Image Description: a cake with a cat face on it",1754296488.0,0.99,8268,0,Exceeded Expectation,LiteraryTea,94,True,2,True,text
ExpectationVsReality,1mhok86,Pleasantly Surprised,319,https://reddit.com/r/ExpectationVsReality/comments/1mhok86/pleasantly_surprised/,https://i.redd.it/72esm9ss92hf1.jpeg,"Bonuses: Not Nestle, and I got it on sale.

The potatoes were a little dry, but were good with the cheese sauce and broccoli. 
Image Description: a box of smart ones broccoli cheddar roasted potatoes",1754338840.0,0.98,319,0,Surprisingly Met Expectation,So_Many_Words,14,True,1,False,image
ExpectationVsReality,1mhr54j,This fruit snack is not covered in chocolate,130,https://reddit.com/r/ExpectationVsReality/comments/1mhr54j/this_fruit_snack_is_not_covered_in_chocolate/,https://i.redd.it/e6gd5fgmr2hf1.jpeg,"I grabbed this from a pile of snacks. When I opened it up it looked like it was covered in chocolate so I checked the packaging. Nope, just brown, but it’s supposed to be red.. I think I’ll pass, thanks.
Image Description: a person holding a bag of fruit and protein",1754344746.0,0.9,130,0,Failed Expectation,ArtisanGerard,4,True,1,False,image
ExpectationVsReality,1mgx2w8,Throwback to my husbands birthday cake last year,9509,https://reddit.com/r/ExpectationVsReality/comments/1mgx2w8/throwback_to_my_husbands_birthday_cake_last_year/,https://www.reddit.com/gallery/1mgx2w8,"I wanted to do a specialty cake for my husband’s birthday last year and wanted the cake to be Kraken themed and to look like the first photo. When I went to pick it up I could see the green tentacles sticking out of the box and was ready to be disappointed and pissed off. But once the baker showed me the full cake I was actually really surprised and liked the direction she took! When I showed my husband the inspiration photo he said he preferred the cake he got vs the original 
Image Description: a cake decorated with an octopus on top 
Image Description: a cake with an octopus on top",1754261501.0,0.98,9509,0,Exceeded Expectation,jeramith,77,True,2,True,text
ExpectationVsReality,1mgu0y2,Inspo vs. my Cake,3101,https://reddit.com/r/ExpectationVsReality/comments/1mgu0y2/inspo_vs_my_cake/,https://www.reddit.com/gallery/1mgu0y2,"Eyes on the inspo creeped me out so I went my own way😊🐯
Image Description: a cake with a tiger face on it 
Image Description: a cake with a tiger face on it 
Image Description: a birthday cake with a tiger face on it",1754253871.0,0.98,3101,0,Exceeded Expectation,Ok_Sheepherder3339,76,True,3,True,text
ExpectationVsReality,1mgdft9,I was craving nuggets,1641,https://reddit.com/r/ExpectationVsReality/comments/1mgdft9/i_was_craving_nuggets/,https://www.reddit.com/gallery/1mgdft9,"
Image Description: a mcdonald's chicken nuggets box sitting on a bed 
Image Description: a large chocolate chip cookie in a box",1754206986.0,0.94,1641,0,Failed Expectation,Awglobaby,64,True,2,True,text
ExpectationVsReality,1mh2ey0,"Regent Taipei: Deluxe Room, 1 King Bed, City View",22,https://reddit.com/r/ExpectationVsReality/comments/1mh2ey0/regent_taipei_deluxe_room_1_king_bed_city_view/,https://www.reddit.com/gallery/1mh2ey0,"
Image Description: the deluxe room app on the app store 
Image Description: a man sitting on a couch",1754276684.0,0.65,22,0,Failed Expectation,mywavedude,10,True,2,True,text
ExpectationVsReality,1mga6bo,Apparently this is how their drinks looks now with the “new” formula…,517,https://reddit.com/r/ExpectationVsReality/comments/1mga6bo/apparently_this_is_how_their_drinks_looks_now/,https://www.reddit.com/gallery/1mga6bo,"Failed expectation for a dine-in experience.

Supposed to be a Dalgona Whipped Coffee Milk Tea.

Tasted like instant coffee with cold milk.
Image Description: a cup of milk with a straw sticking out of it 
Image Description: a coffee drink in a jar with a lid",1754195032.0,0.97,517,0,Failed Expectation,teriases,23,True,2,True,text
ExpectationVsReality,1mfqmwb,I was a little shook,6564,https://reddit.com/r/ExpectationVsReality/comments/1mfqmwb/i_was_a_little_shook/,https://www.reddit.com/gallery/1mfqmwb,"Bought at Aldis 
Image Description: a box of strawberry and cream ice cream cones 
Image Description: a person holding a pink rose in their hand 
Image Description: a hand holding a pink ice cream cone",1754141531.0,0.98,6564,0,Exceeded Expectation,Thats1FingNiceKitty,84,True,3,True,text
ExpectationVsReality,1mfszb3,I don’t even like pepperoni,565,https://reddit.com/r/ExpectationVsReality/comments/1mfszb3/i_dont_even_like_pepperoni/,https://www.reddit.com/gallery/1mfszb3,"But my spouse does so I thought “let me get this one and I’ll just eat breadsticks. Needless to say it was easy to pick them off. 
Image Description: a pizza is being displayed on an app 
Image Description: a close up of a receipt for a pizza 
Image Description: a pepperoni pizza in a box",1754147646.0,0.97,565,0,Failed Expectation,Life-Of_Ward,42,True,3,True,text
ExpectationVsReality,1mfe828,"Do not buy from Eleven Forest 😡 not just failed, but clearly a scam",4474,https://reddit.com/r/ExpectationVsReality/comments/1mfe828/do_not_buy_from_eleven_forest_not_just_failed_but/,https://www.reddit.com/gallery/1mfe828,"
Image Description: a woman is wearing a dress on the app 
Image Description: a dress hanging on a hanger in a closet 
Image Description: a dress hanging on a hanger in a closet 
Image Description: a woman in a dress walking through a field",1754098623.0,0.92,4474,0,Failed Expectation,WickedWitchofWTF,286,True,4,True,text
ExpectationVsReality,1mf50gp,White pizza,1076,https://reddit.com/r/ExpectationVsReality/comments/1mf50gp/white_pizza/,https://www.reddit.com/gallery/1mf50gp,"Tasted amazing. I added bacon. 
Image Description: a pizza in a box 
Image Description: a white pie pizza is displayed on the app",1754074608.0,0.97,1076,0,Exceeded Expectation,BoogLife,45,True,2,True,text
ExpectationVsReality,1meybqp,Hardee's Blueberry Biscuit,1169,https://reddit.com/r/ExpectationVsReality/comments/1meybqp/hardees_blueberry_biscuit/,https://www.reddit.com/gallery/1meybqp,"They were generous with the frosting!
Image Description: a white box with a doughnut in it 
Image Description: a person holding a half eaten donut in a box 
Image Description: two blueberry cinnamon rolls with icing on top",1754059360.0,0.99,1169,0,Exceeded Expectation,AstridSoul,38,True,3,True,text
ExpectationVsReality,1mfc4v4,Any Canadians in here familiar with Greco??,198,https://reddit.com/r/ExpectationVsReality/comments/1mfc4v4/any_canadians_in_here_familiar_with_greco/,https://www.reddit.com/gallery/1mfc4v4,"If you’re in Atlantic Canada you’ll know Greco.  

They have “mini pretzel dogs”.    Tell me how much they crushed it!!  Lmfao.  



Image Description: a box of hot dogs with mustard and a jar of ketchup 
Image Description: a pile of hot dogs wrapped in bread",1754092458.0,0.96,198,0,Failed Expectation,AdorableMastodon4986,35,True,2,True,text
ExpectationVsReality,1mer4cm,What I ordered vs what I got (steak) they said because it was cooked too long.,1946,https://reddit.com/r/ExpectationVsReality/comments/1mer4cm/what_i_ordered_vs_what_i_got_steak_they_said/,https://www.reddit.com/gallery/1mer4cm,"
Image Description: a plate of food 
Image Description: a sign that says ""beef steak"" on a wooden table",1754037486.0,0.98,1946,0,Failed Expectation,wii60own,68,True,2,True,text
ExpectationVsReality,1mf3vof,Beef Shepherds Pie,282,https://reddit.com/r/ExpectationVsReality/comments/1mf3vof/beef_shepherds_pie/,https://www.reddit.com/gallery/1mf3vof,"Wow. 
Image Description: a plate with a bowl of food on it 
Image Description: marie calder's shepherd's pie",1754072028.0,0.98,282,0,Failed Expectation,Ok-Error-6564,31,True,2,True,text
ExpectationVsReality,1meerb8,Slices has a real loose meaning,603,https://reddit.com/r/ExpectationVsReality/comments/1meerb8/slices_has_a_real_loose_meaning/,https://www.reddit.com/gallery/1meerb8,"
Image Description: a bag of chopped up meat and other ingredients 
Image Description: a bag of frozen peach peaches sitting in the back seat of a car",1753998989.0,0.98,603,0,Failed Expectation,butstronger,14,True,2,True,text
ExpectationVsReality,1me1ts8,I'm disappointed,754,https://reddit.com/r/ExpectationVsReality/comments/1me1ts8/im_disappointed/,https://www.reddit.com/gallery/1me1nxg,Decas,1753969104.0,0.97,754,0,Failed Expectation,Psychological-Duck13,54,False,0,False,text
ExpectationVsReality,1me6u30,Avoid Blossom Flower Delivery,268,https://reddit.com/r/ExpectationVsReality/comments/1me6u30/avoid_blossom_flower_delivery/,https://www.reddit.com/gallery/1me6u30,"Customer service seriously tried to argue with me and defend this arrangement saying it was essentially the same style and value as what I ordered…

Order was also missing (3) latex balloons, a personalized card, and was supposed to be in a basket….

So frustrating, I intentionally picked a bouquet that didn’t have roses because roses die so fast I don’t want them included in any bouquet I send and chose a basket over a vase with the idea of a basket being more usable than a vase for the future.

Image Description: a bouquet of flowers and a balloon with happy birthday written on it 
Image Description: a basket with flowers on it in a picture frame",1753980696.0,0.95,268,0,Failed Expectation,justtrynanotdie,15,True,2,True,text
ExpectationVsReality,1mdvf3w,Blueberry muffin?,915,https://reddit.com/r/ExpectationVsReality/comments/1mdvf3w/blueberry_muffin/,https://www.reddit.com/gallery/1mdvf3w,"
Image Description: a muffin with blueberries on it 
Image Description: a person holding a half eaten muffin",1753948054.0,0.99,915,0,Failed Expectation,ApartmentProud9628,32,True,2,True,text
ExpectationVsReality,1mdpxm2,Same brand MEGA rolls 1 yr apart,823,https://reddit.com/r/ExpectationVsReality/comments/1mdpxm2/same_brand_mega_rolls_1_yr_apart/,https://www.reddit.com/gallery/1mdpxm2,"More expensive, less tissue! Yes, I love bidets but still
Image Description: two rolls of toilet paper on a counter 
Image Description: two rolls of toilet paper on a counter 
Image Description: a stack of toilet paper on a counter",1753929284.0,0.97,823,0,Failed Expectation,BuzzLiteSmear,38,True,3,True,text
ExpectationVsReality,1mdcsnv,My kid's expectation.,2700,https://reddit.com/r/ExpectationVsReality/comments/1mdcsnv/my_kids_expectation/,https://www.reddit.com/gallery/1mdcsnv,"Last year I showed you guys my daughter's cat cake expectation so I figured I'd show you this year too 😄

This year she wanted a puppy. The puppy requires sculpting. Which I've never done before and didn't really want to do. I kept hoping she would change her mind but she held steady. She wanted kind of a combo of the two inspo pictures. 

I really wasn't sure that I could pull it off but I went for it anyway. And it turned out okay for the most part! There are definitely things that look ""off"" to me. I should have built the snout out more. And maybe the nose is too big? And hes very round 😅. BUT my daughter LOVED it and that's what mattered the most 😊
Image Description: a cake with a white dog on top of it 
Image Description: a cake made to look like a dog 
Image Description: a cake that looks like a dog with a ball",1753896495.0,0.98,2700,0,Surprisingly Met Expectation,Green-Cockroach-8448,73,True,3,True,text
ExpectationVsReality,1mdrabq,Ube Mini Donuts,236,https://reddit.com/r/ExpectationVsReality/comments/1mdrabq/ube_mini_donuts/,https://www.reddit.com/gallery/1mdrabq,"
Image Description: a person holding a bowl of donuts 
Image Description: ubere coconut mini donuts",1753933334.0,0.98,236,0,Failed Expectation,ninesandaces,17,True,2,True,text
ExpectationVsReality,1mdd93r,Fin-tastic Fishbowl vs reality,1419,https://reddit.com/r/ExpectationVsReality/comments/1mdd93r/fintastic_fishbowl_vs_reality/,https://www.reddit.com/gallery/1mdd93r,"
Image Description: a book about fish in a glass of water 
Image Description: a person holding a spoon in a jar of green liquid",1753897506.0,0.93,1419,0,Failed Expectation,CallMeMacaw,90,True,2,True,text
ExpectationVsReality,1me4vbx,They're disappointed,15,https://reddit.com/r/ExpectationVsReality/comments/1me4vbx/theyre_disappointed/,https://www.reddit.com/gallery/1me1nxg,,1753976260.0,0.64,15,0,Failed Expectation,The_R4ke,7,False,0,False,text
ExpectationVsReality,1mder6b,Amateur birthday cake decoration,249,https://reddit.com/r/ExpectationVsReality/comments/1mder6b/amateur_birthday_cake_decoration/,https://www.reddit.com/gallery/1mder6b,"I started baking cakes a couple years ago from scratch for my kids.  I make about 3 cakes a year but each year I try to do better on the cake part (it was rough at first) and I always decorate whatever my kids request... a horse, cow, tiger, pig, dinosaur, excavator etc. I have a nerve disorder that makes my hands shake and cramp which has made my decorating really hit and miss. But I made my first cake for myself and tried to recreate a google image as mushrooms and snails are my favorite. I was so happy with it. And it tasted good too. (Which has not always been the case!) Also, I mixed all of the buttercream with vegetable powders instead of artificial food dyes. The chocolate frosting was a vanilla buttercream that I folded an espresso ganache into. 
The most time consuming part of decorating it always mixing the colors for me since we don't use food dyes anymore. 
Image Description: a screenshot of the google search page showing a mushroom and mushroom 
Image Description: a cake on a plate 
Image Description: a chocolate cake with a mushroom design on it 
Image Description: a cake on a plate",1753900872.0,0.98,249,0,Surprisingly Met Expectation,AnnieandAmos,8,True,4,True,text
ExpectationVsReality,1mdbnda,Cadbury Chocobakes Choco Chip Cookies – Misleading Packaging and Ad,64,https://reddit.com/r/ExpectationVsReality/comments/1mdbnda/cadbury_chocobakes_choco_chip_cookies_misleading/,https://i.redd.it/uk8j9vo600gf1.jpeg,"
Image Description: a chocolate chip cookie and a chocolate bar",1753893923.0,0.95,64,0,Failed Expectation,Keirathepotatoe,1,True,1,False,image
ExpectationVsReality,1mco4ac,What the restaurant advertised vs. what I received,2182,https://reddit.com/r/ExpectationVsReality/comments/1mco4ac/what_the_restaurant_advertised_vs_what_i_received/,https://www.reddit.com/gallery/1mco4ac,"I know the reality is always going to differ from the advertised picture, but c'mon..
Image Description: a burrito wrapped in foil sitting on top of a table 
Image Description: a picture of a quesadilla with meat and sauce",1753824496.0,0.99,2182,0,Failed Expectation,RipePeach,71,True,2,True,text
ExpectationVsReality,1mcs5qb,Banquet MEGA Crustless Pizza,1145,https://reddit.com/r/ExpectationVsReality/comments/1mcs5qb/banquet_mega_crustless_pizza/,https://www.reddit.com/gallery/1mcs5qb,"I feel like it’s supposed to not be stirred for the full pizza effect but it slightly improved the visual. 

It certainly does taste like a bunch of pizza topping with no bread sooooo
Image Description: a box of mega crustless pizza sitting on a table 
Image Description: a white container with food in it 
Image Description: a white container with food in it",1753834881.0,0.97,1145,0,Surprisingly Met Expectation,Ok-Barnacle-201,146,True,3,True,text
ExpectationVsReality,1mcgi6y,They didn‘t lie,1311,https://reddit.com/r/ExpectationVsReality/comments/1mcgi6y/they_didnt_lie/,https://i.redd.it/3hcgyjjxduff1.jpeg,"
Image Description: peppa pig ice cream lollipop",1753807434.0,0.99,1311,0,Surprisingly Met Expectation,AjizaTsana,29,True,1,False,image
ExpectationVsReality,1mcloim,They lied.,476,https://reddit.com/r/ExpectationVsReality/comments/1mcloim/they_lied/,https://i.redd.it/x3w60xy0cvff1.jpeg,"I was SO excited to eat this after a long day of work but Hahahah. 
Image Description: a box of cake sitting on a table",1753818901.0,0.83,476,0,Failed Expectation,Kafkabythecity,39,True,1,False,image
ExpectationVsReality,1mby885,Engineer Cake,6394,https://reddit.com/r/ExpectationVsReality/comments/1mby885/engineer_cake/,https://www.reddit.com/gallery/1mby885,"Thought it was time I share the cake I had made for my dad. We changed the black to gray.
Image Description: a cake with the words trust me an engineer on it 
Image Description: a cake with the words trust me, i'm an engineer on it",1753751774.0,0.98,6394,0,Exceeded Expectation,Ninatrinx,67,True,2,True,text
ExpectationVsReality,1mc0quj,Favorite day moose tracks ice cream,500,https://reddit.com/r/ExpectationVsReality/comments/1mc0quj/favorite_day_moose_tracks_ice_cream/,https://www.reddit.com/gallery/1mc0quj,"
Image Description: a container of ice cream with a picture of a moose on it 
Image Description: a bowl of ice cream with a spoon in it",1753759129.0,0.99,500,0,Failed Expectation,Holiday-Ad7262,30,True,2,True,text
ExpectationVsReality,1mbn2fg,Whiskey barrel birthday cake,2333,https://reddit.com/r/ExpectationVsReality/comments/1mbn2fg/whiskey_barrel_birthday_cake/,https://www.reddit.com/gallery/1mbn2fg,"3 days, £60 in expenses, final result
Image Description: a cake with grapes on top of it 
Image Description: a cake with candles on it",1753724856.0,0.99,2333,0,Failed Expectation,UniqueBubble,114,True,2,True,text
ExpectationVsReality,1mc0ohd,When an ice cream makes you sad 😢,350,https://reddit.com/r/ExpectationVsReality/comments/1mc0ohd/when_an_ice_cream_makes_you_sad/,https://www.reddit.com/gallery/1mc0ohd,"
Image Description: bandi plombi vanilla wild berry 
Image Description: a person holding a bag of ice cream",1753758934.0,0.99,350,0,Failed Expectation,chi-bacon-bits,8,True,2,True,text
ExpectationVsReality,1mbtq3o,Trader Joe's S'mores Bars,293,https://reddit.com/r/ExpectationVsReality/comments/1mbtq3o/trader_joes_smores_bars/,https://www.reddit.com/gallery/1mbtq3o,"I remember these having a lot more marshmallow and being much tastier last year.
Image Description: a piece of chocolate brownie on a napkin 
Image Description: trader joe's s'mores bars",1753739923.0,0.93,293,0,Failed Expectation,catsaremyjam,30,True,2,True,text
ExpectationVsReality,1may7fb,My kid cried,76720,https://reddit.com/r/ExpectationVsReality/comments/1may7fb/my_kid_cried/,https://www.reddit.com/gallery/1may7fb,"Literally called it a monster and wouldn't even sit at the table with us so long as it was there.
Image Description: a plate with an egg face on it 
Image Description: funny side up breakfast box",1753651937.0,0.95,76720,0,Failed Expectation,SlugCatt,1433,True,2,True,text
ExpectationVsReality,1mbo5i9,The bouquet I ordered for my mom:(,339,https://reddit.com/r/ExpectationVsReality/comments/1mbo5i9/the_bouquet_i_ordered_for_my_mom/,https://www.reddit.com/gallery/1mbo5i9,"
Image Description: a vase of flowers 
Image Description: a table with flowers on it 
Image Description: a vase with sunflowers and roses in it 
Image Description: a vase of flowers",1753727226.0,0.95,339,0,Failed Expectation,WitnessChance1996,26,True,4,True,text
ExpectationVsReality,1mbewo0,Infuriating,488,https://reddit.com/r/ExpectationVsReality/comments/1mbewo0/infuriating/,https://i.redd.it/k1n4rha30mff1.jpeg,"
Image Description: a person holding up an ice cream cone in front of a menu",1753705923.0,0.96,488,0,Failed Expectation,Digi_Dingo,20,True,1,False,image
ExpectationVsReality,1mat2oa,2nd attempt at Homer Simpson ChiaPet,6654,https://reddit.com/r/ExpectationVsReality/comments/1mat2oa/2nd_attempt_at_homer_simpson_chiapet/,https://www.reddit.com/gallery/1mat2oa,"A while back I posted my failed Homer Simpson Chia that got a lot of comments. Took some advice people gave me, let the seeds sit an extra day before watering, sprayed it in the afternoon and most importantly, moved it somewhere where it would get better sun exposure. Results were way better than I anticipated 
Image Description: a stuffed animal is hidden behind a plant 
Image Description: a statue of the simpsons character with a plant growing out of his head 
Image Description: the simpsons chihuahua figurine 
Image Description: a close up of a plant with leaves 
Image Description: a large green plant with leaves",1753639404.0,0.99,6654,0,Exceeded Expectation,irman925,41,True,5,True,text
ExpectationVsReality,1mbelri,Should have known better than to Instacart live plants,199,https://reddit.com/r/ExpectationVsReality/comments/1mbelri/should_have_known_better_than_to_instacart_live/,https://www.reddit.com/gallery/1mbelri,"
Image Description: a plant in a pot with a label that says ""vitafruit"" 
Image Description: two small plants in plastic containers on a counter",1753705048.0,0.96,199,0,Failed Expectation,jimmyjohnjohnjohn,13,True,2,True,text
ExpectationVsReality,1mat7me,My delicious Panera breakfast,1744,https://reddit.com/r/ExpectationVsReality/comments/1mat7me/my_delicious_panera_breakfast/,https://www.reddit.com/gallery/1mat7me,"D
Image Description: the app is showing the menu for a sandwich 
Image Description: a sandwich in a box",1753639722.0,0.98,1744,0,Failed Expectation,chronicallyalonewolf,77,True,2,True,text
ExpectationVsReality,1mbbzkd,Eggo Chocolate Chip Brownie Protein Waffles,94,https://reddit.com/r/ExpectationVsReality/comments/1mbbzkd/eggo_chocolate_chip_brownie_protein_waffles/,https://www.reddit.com/gallery/1mbbzkd,"For being an Eggo waffle, look at those chips! 🍪🧇
Image Description: two waffles are on a plate with chocolate chips 
Image Description: eggo protein waffles",1753696388.0,0.89,94,0,Exceeded Expectation,Dry-Double-6845,12,True,2,True,text
ExpectationVsReality,1mallkb,"From the words of my older sister, ""nailed it!""",3444,https://reddit.com/r/ExpectationVsReality/comments/1mallkb/from_the_words_of_my_older_sister_nailed_it/,https://www.reddit.com/gallery/1mallkb,"
Image Description: a cake on a plate 
Image Description: a cake with a blue and black galaxy design on it",1753620953.0,0.98,3444,0,Failed Expectation,nobody-nose-me,72,True,2,True,text
ExpectationVsReality,1mb62tq,SALE! (But only barely),210,https://reddit.com/r/ExpectationVsReality/comments/1mb62tq/sale_but_only_barely/,https://i.redd.it/ia3mnuyhejff1.jpeg,"Considering the effort put in to advertise it, I expected … more. 
Image Description: a sign for sale on a shelf in a store",1753674449.0,0.96,210,0,Failed Expectation,joyful_nihilist,5,True,1,False,image
ExpectationVsReality,1mafwo6,I fell victim to one of the classic blunders: buying stuff off of Facebook ads,683,https://reddit.com/r/ExpectationVsReality/comments/1mafwo6/i_fell_victim_to_one_of_the_classic_blunders/,https://www.reddit.com/gallery/1mafwo6,"At least the pattern is kind of close. Might still give me some flair at a festival or something
Image Description: a screenshot of a website with a witch's hat and cape 
Image Description: a jacket with stars and stars on it 
Image Description: a person is holding up a jacket with a star pattern",1753600032.0,0.91,683,0,Failed Expectation,i_am_a_wizard_,69,True,3,True,text
ExpectationVsReality,1m9wt5r,Cake requested vs cake received,4083,https://reddit.com/r/ExpectationVsReality/comments/1m9wt5r/cake_requested_vs_cake_received/,https://www.reddit.com/gallery/1m9wt5r,"
Image Description: a dinosaur birthday cake with the word happy birthday written on it 
Image Description: a birthday cake with a dinosaur on it",1753545303.0,0.98,4083,0,Failed Expectation,gobsmacker01,77,True,2,True,text
ExpectationVsReality,1margg4,Digiorno Gluten Free,35,https://reddit.com/r/ExpectationVsReality/comments/1margg4/digiorno_gluten_free/,https://i.redd.it/18avlai27gff1.jpeg,"Plenty of pepperoni and cheese.  Before pic because I’m from Wisconsin and I add cheese to every single frozen pizza I cook :) 
Image Description: a pizza with pepperoni and cheese on a plate",1753635629.0,0.59,35,0,Surprisingly Met Expectation,CodenameZoya,29,True,1,False,image
ExpectationVsReality,1ma8qcd,Felting is no joke!,550,https://reddit.com/r/ExpectationVsReality/comments/1ma8qcd/felting_is_no_joke/,https://i.redd.it/bt0d4oq6abff1.jpeg,"Tried felting because I think it looks so cool, no idea how people do this! 
Image Description: a person holding a felt mushroom next to a card",1753576143.0,0.98,550,0,Failed Expectation,betterday9,21,True,1,False,image
ExpectationVsReality,1m9xld3,Seeing all these cake fails made me want to post my 42nd birthday cake fail from 2024.,954,https://reddit.com/r/ExpectationVsReality/comments/1m9xld3/seeing_all_these_cake_fails_made_me_want_to_post/,https://www.reddit.com/gallery/1m9xld3,"I was so excited for my towel birthday - I told my husband for over a year I wanted a cake to go all out. We had just moved to a new city and state so I googled and found what I thought would be an amazing bakery based off reviews and their social pictures. First two pictures are the inspo my husband showed the baker and the final is what we got. Instead of creating Marvin from fondant or modeling chocolate they just printed on sugar paper and stuck it up with a dowel and dark icing. To make matters worse the butter cream was so oily and had no flavor not even vanilla that we had to toss the whole cake. This was $50 too! 
Image Description: a cake with a space theme and a robot on top 
Image Description: a cake with a robot on top and the words don't panic 
Image Description: a cake with a don't panic sign on it",1753547200.0,0.97,954,0,Failed Expectation,culinarysiren,51,True,3,True,text
ExpectationVsReality,1maa167,Bird's Eye Rice & Broccoli With Cheddar Cheese.,169,https://reddit.com/r/ExpectationVsReality/comments/1maa167/birds_eye_rice_broccoli_with_cheddar_cheese/,https://www.reddit.com/gallery/1maa167,"Kinda sloppy, but still very good.
Image Description: a plate of food 
Image Description: a package of broccoli and cheese rice",1753580121.0,0.97,169,0,Surprisingly Met Expectation,blancolobosBRC,13,True,2,True,text
ExpectationVsReality,1m9u4td,Brisket Bacon Biscuit (First Watch),547,https://reddit.com/r/ExpectationVsReality/comments/1m9u4td/brisket_bacon_biscuit_first_watch/,https://www.reddit.com/gallery/1m9u4td,"
Image Description: a sandwich on a plate with a fork 
Image Description: a sign advertising a brisket biscuit on a sidewalk",1753538609.0,0.98,547,0,Exceeded Expectation,ArkAngel06,19,True,2,True,text
ExpectationVsReality,1mb5n0z,Weinerschnitzel sausage sandwich,0,https://reddit.com/r/ExpectationVsReality/comments/1mb5n0z/weinerschnitzel_sausage_sandwich/,https://www.reddit.com/gallery/1mb5n0z,"In
Image Description: a person holding a hot dog with mustard and pickles 
Image Description: a person holding a sandwich with meat and vegetables 
Image Description: wawa sandwich shop app screenshot",1753673088.0,0.49,0,0,Failed Expectation,jessnuts79,28,True,3,True,text
ExpectationVsReality,1m9y1zp,Good Humor/Breyers Strawberry Shortcake ice cream,292,https://reddit.com/r/ExpectationVsReality/comments/1m9y1zp/good_humorbreyers_strawberry_shortcake_ice_cream/,https://www.reddit.com/gallery/1m9y1zp,"8.5/10

Still not the same recipe from the 90s 😪
Image Description: a bowl of ice cream sitting on a counter 
Image Description: a person holding a box of breyers strawberry shortcake 
Image Description: a container of ice cream sitting on top of a counter",1753548338.0,0.92,292,0,Surprisingly Met Expectation,princesstrouble_,35,True,3,True,text
ExpectationVsReality,1m9dmhx,Tried to make a cute polymer clay cane,963,https://reddit.com/r/ExpectationVsReality/comments/1m9dmhx/tried_to_make_a_cute_polymer_clay_cane/,https://www.reddit.com/gallery/1m9dmhx,"
Image Description: a small ceramic bird with a bee on it 
Image Description: a small bird shaped pin on a white surface 
Image Description: how to make a flower with a parakeet",1753484387.0,0.97,963,0,Failed Expectation,Mothpancake,33,True,3,True,text
ExpectationVsReality,1m8z0ca,Engagement Party Cake,4176,https://reddit.com/r/ExpectationVsReality/comments/1m8z0ca/engagement_party_cake/,https://www.reddit.com/gallery/1m8z0ca,"I really hate the real one so I dont even have a clear picture of it..
Image Description: a white cake with red hearts on it 
Image Description: a wedding cake with red and white icing",1753449666.0,0.99,4176,0,Failed Expectation,Resident-Cellist-198,97,True,2,True,text
ExpectationVsReality,1mb04eg,Totino's really,0,https://reddit.com/r/ExpectationVsReality/comments/1mb04eg/totinos_really/,https://www.reddit.com/gallery/1mb04eg,"I like these types of pizzas and normally they don't really turn out that bad.But today was just an epic failure😭😒
Image Description: a bag of party pizza sitting on a counter 
Image Description: a square of white cake with shredded coconut on top",1753656950.0,0.3,0,0,Failed Expectation,Kind_Wrongdoer9715,32,True,2,True,text
ExpectationVsReality,1m95r94,Inspo vs Reality… did my hairdresser deliver? 👀✂️,417,https://reddit.com/r/ExpectationVsReality/comments/1m95r94/inspo_vs_reality_did_my_hairdresser_deliver/,https://i.redd.it/7qj8281q42ff1.jpeg,"
Image Description: two pictures of a woman with short hair",1753465344.0,0.88,417,0,Surprisingly Met Expectation,thechaospriestess,50,True,1,False,image
ExpectationVsReality,1m8aq0u,Was trying to do something nice for my wife,7372,https://reddit.com/r/ExpectationVsReality/comments/1m8aq0u/was_trying_to_do_something_nice_for_my_wife/,https://www.reddit.com/gallery/1m8aq0u,"Asked a local baker for a milestone cake for my wife. Didn't want anything too fancy and gave her the defence photo stating I wanted something very similar, again nothing too fancy I think. Asked for the flavour to be German chocolate (chocolate with coconut filling + ganache). Cut into the cake and it was just a basic ass chocolate cake. Wife loved how hilarious this was and loved the icing of the cake. She wants me to order another one for next year but up the complexity to see what they come up with 😭😅
Image Description: a green and white birthday cake with the words happy 30th birthday 
Image Description: a green cake sitting on top of a white plate 
Image Description: a green and gold birthday cake with the words happy 40th birthday justin",1753378243.0,0.99,7372,0,Failed Expectation,Icy_Aardvark1533,135,True,3,True,text
ExpectationVsReality,1m8p3ok,Messi Cake!,738,https://reddit.com/r/ExpectationVsReality/comments/1m8p3ok/messi_cake/,https://www.reddit.com/gallery/1m8p3ok,"
Image Description: a cake with a soccer player on top and a ball 
Image Description: a cake with a soccer player on top and a ball",1753415393.0,0.97,738,0,Exceeded Expectation,im-judith,34,True,2,True,text
ExpectationVsReality,1m8r0kb,I would like one mermaid hair please,363,https://reddit.com/r/ExpectationVsReality/comments/1m8r0kb/i_would_like_one_mermaid_hair_please/,https://www.reddit.com/gallery/1m8r0kb,"
Image Description: a woman with blue and purple hair 
Image Description: a woman with blue hair and purple streaks",1753421717.0,0.96,363,0,Exceeded Expectation,iamfunball,13,True,2,True,text
ExpectationVsReality,1m99cu5,1% hazelnut and limited chocolate,10,https://reddit.com/r/ExpectationVsReality/comments/1m99cu5/1_hazelnut_and_limited_chocolate/,https://i.redd.it/8uqfqpzvt2ff1.jpeg,"
Image Description: a package of cookies with chocolate chips on top",1753473808.0,0.6,10,0,Failed Expectation,obecalp23,0,True,1,False,image
ExpectationVsReality,1m8fvdy,My 30th cake,612,https://reddit.com/r/ExpectationVsReality/comments/1m8fvdy/my_30th_cake/,https://www.reddit.com/gallery/1m8fvdy,"I love it :)
Image Description: a birthday cake with cherries on top 
Image Description: a cake with a cherry on top",1753390106.0,0.98,612,0,Exceeded Expectation,l0ll1p0p5,13,True,2,True,text
ExpectationVsReality,1m8ea9f,One of my first attempts making press-on nails. Definitely a lot to learn!,446,https://reddit.com/r/ExpectationVsReality/comments/1m8ea9f/one_of_my_first_attempts_making_presson_nails/,https://www.reddit.com/gallery/1m8ea9f,"The first is my inspiration, the second is my attempt.
Image Description: a set of blue and white nails with bunny designs 
Image Description: a set of blue and white nail art on a white surface",1753386403.0,0.95,446,0,Failed Expectation,PlatypusPerson,14,True,2,True,text
ExpectationVsReality,1m8ifs6,I want more cake coating :(,66,https://reddit.com/r/ExpectationVsReality/comments/1m8ifs6/i_want_more_cake_coating/,https://i.redd.it/hpoo80dufwef1.jpeg,"
Image Description: a person holding a popsicle with chocolate and popcorn",1753396442.0,0.84,66,0,Failed Expectation,BeautifulFootball816,7,True,1,False,image
ExpectationVsReality,1m7qaqx,Ordered flowers for my assistant at work as a thank you gift,3688,https://reddit.com/r/ExpectationVsReality/comments/1m7qaqx/ordered_flowers_for_my_assistant_at_work_as_a/,https://www.reddit.com/gallery/1m7qaqx,"No, HR, I didn’t mean to imply she’s a stoner. Of course I don’t think jokes like this are appropriate at work. 
Image Description: a yellow mug with flowers 
Image Description: a bouquet of flowers and a stuffed animal",1753317680.0,0.99,3688,0,Failed Expectation,JSavMusic,82,True,2,True,text
ExpectationVsReality,1m7jpj4,Exactly as advertised!,3054,https://reddit.com/r/ExpectationVsReality/comments/1m7jpj4/exactly_as_advertised/,https://i.redd.it/lz89eakrkoef1.jpeg,"Kept seeing the sign every time I visited and finally decided to try it. It looks exactly like the photo! Was tasty, too.
Image Description: a person holding up a purple and blue iced coffee",1753301242.0,0.98,3054,0,Exceeded Expectation,ElfTheCrazyCatLady,37,True,1,False,image
ExpectationVsReality,1m7mf2k,Costco steak bites,1297,https://reddit.com/r/ExpectationVsReality/comments/1m7mf2k/costco_steak_bites/,https://www.reddit.com/gallery/1m7mf2k,"Followed the instructions and all, never again. 
Image Description: a pan with meat in it 
Image Description: a box of steak bites sitting on a table",1753307547.0,0.97,1297,0,Failed Expectation,dRaspberry,90,True,2,True,text
ExpectationVsReality,1m7we6u,SpongeBob Ice Pop Contribution,136,https://reddit.com/r/ExpectationVsReality/comments/1m7we6u/spongebob_ice_pop_contribution/,https://i.redd.it/5oviacnnhref1.jpeg,"I had this a week or two ago and then started seeing all the posts here. So! I contribute. I sort of thought a lack of pupils was a strange choice to begin with. 

It was delicious, though. Good texture. 

Image Description: spongebob popsicle",1753336517.0,0.97,136,0,Failed Expectation,snoot_tv,9,True,1,False,image
ExpectationVsReality,1m7laf1,I asked if it was even our order and she didn't understand my confusion.,323,https://reddit.com/r/ExpectationVsReality/comments/1m7laf1/i_asked_if_it_was_even_our_order_and_she_didnt/,https://i.redd.it/cpp674dgvoef1.png,"
Image Description: a person holding a drink in their hand and a picture of a drink in a car",1753304887.0,0.99,323,0,Failed Expectation,abductodude,5,True,1,False,image
ExpectationVsReality,1m7oday,Eggo “ cinnamon “ toast minis,194,https://reddit.com/r/ExpectationVsReality/comments/1m7oday/eggo_cinnamon_toast_minis/,https://www.reddit.com/gallery/1m7oday,"Must have skipped the part where the cinnamon was added . 
Image Description: eggo cinnamon toast waffles 
Image Description: eggo waffles mini's cinnamon roll 
Image Description: eggo mini waffles",1753312395.0,0.77,194,0,Failed Expectation,OldCranberry4742,33,True,3,True,text
ExpectationVsReality,1m7m92w,Even the caramelization on the crust was virtually identical!,177,https://reddit.com/r/ExpectationVsReality/comments/1m7m92w/even_the_caramelization_on_the_crust_was/,https://www.reddit.com/gallery/1m7m92w,"I'm possibly the worst photographer in the country so my photos don't show it off very well, but I was pleasantly surprised at how this looked EXACTLY the same as the picture.  Strawberry was sliced the same, crust is similar, everything. It was gulab jamun on the bottom with the creme brulee on top of/over it; if you like both of those things I urge you to fly to KC and go to Aahaa in Overland Park immediately.
Image Description: a person holding a can of fruit in their hand 
Image Description: a bowl of dessert with a strawberry on top 
Image Description: gulab jamun creme brulee",1753307148.0,0.97,177,0,Exceeded Expectation,TheAlphaKiller17,3,True,3,True,text
ExpectationVsReality,1m7fgom,Salvatoré’s poutine,258,https://reddit.com/r/ExpectationVsReality/comments/1m7fgom/salvatorés_poutine/,https://www.reddit.com/gallery/1m7fgom,,1753291646.0,0.96,258,0,Failed Expectation,Le_Double-dippeux,48,True,2,True,text
ExpectationVsReality,1m7mwrq,I hate shrinkflation,80,https://reddit.com/r/ExpectationVsReality/comments/1m7mwrq/i_hate_shrinkflation/,https://www.reddit.com/gallery/1m7mwrq,"I'm tired I went to Wendy's just a few months ago  maybe the Buddha Siddharth is right expectations just cause suffering idk anymore 
Image Description: a person holding a container of salad with chips 
Image Description: a screenshot of a menu with a salad and a salad in it",1753308718.0,0.85,80,0,Failed Expectation,SpecialistDry5878,17,True,2,True,text
ExpectationVsReality,1m75dop,"""Cheesesteak Deluxe Sliders"" Box vs Reality",164,https://reddit.com/r/ExpectationVsReality/comments/1m75dop/cheesesteak_deluxe_sliders_box_vs_reality/,https://www.reddit.com/gallery/1m6tkr1,,1753265619.0,0.92,164,0,Failed Expectation,-UltraFerret-,25,False,0,False,text
ExpectationVsReality,1m6sn13,Surprisingly came decent…. 🤷‍♂️,571,https://reddit.com/r/ExpectationVsReality/comments/1m6sn13/surprisingly_came_decent/,https://www.reddit.com/gallery/1m6sn13,"This gotta be perfect on some level….😛🤯
Image Description: a yellow duck shaped popsicle with blue eyes 
Image Description: a person holding a yellow and blue ice cream stick with a face on it",1753224384.0,0.95,571,0,Surprisingly Met Expectation,Independent_Pin4812,35,True,2,True,text
ExpectationVsReality,1m62z8l,What I Wanted/What I Got,7602,https://reddit.com/r/ExpectationVsReality/comments/1m62z8l/what_i_wantedwhat_i_got/,https://www.reddit.com/gallery/1m62z8l,"
Image Description: a woman with pink hair and glasses 
Image Description: a woman with pink hair and long wavy hair 
Image Description: a woman with pink and blonde hair",1753153151.0,0.92,7602,0,Exceeded Expectation,ShadeeLeeann,239,True,3,True,text
ExpectationVsReality,1m6nlkd,These probiotic gummies are bigger than actual size!,245,https://reddit.com/r/ExpectationVsReality/comments/1m6nlkd/these_probiotic_gummies_are_bigger_than_actual/,https://i.redd.it/76gtpmyq8hef1.jpeg,"
Image Description: a person holding a container of gummy bears",1753212486.0,0.96,245,0,Exceeded Expectation,Sorceress683,6,True,1,False,image
ExpectationVsReality,1m64zg5,what i showed my nail lady vs what i got ! wishcore nails,2782,https://reddit.com/r/ExpectationVsReality/comments/1m64zg5/what_i_showed_my_nail_lady_vs_what_i_got_wishcore/,https://www.reddit.com/gallery/1m64zg5,"
Image Description: a woman with white nails and a white dress 
Image Description: a woman with pink and white nails holding a star and heart shaped nail art",1753159428.0,0.94,2782,0,Exceeded Expectation,Separate-Tie-3801,142,True,2,True,text
ExpectationVsReality,1m64d7e,Banana ice cream,2722,https://reddit.com/r/ExpectationVsReality/comments/1m64d7e/banana_ice_cream/,https://i.redd.it/fbt44982pcef1.jpeg,"I didn’t expec
Image Description: banana ice cream popsicle",1753157405.0,0.99,2722,0,Surprisingly Met Expectation,unbreaklion,38,True,1,False,image
ExpectationVsReality,1m6mw6d,Are Nerds even trying anymore,16,https://reddit.com/r/ExpectationVsReality/comments/1m6mw6d/are_nerds_even_trying_anymore/,https://i.redd.it/02wndwd44hef1.jpeg,"
Image Description: a person holding a bag of krispy kreme donuts",1753210896.0,0.58,16,0,Failed Expectation,baneofmyriapods,20,True,1,False,image
ExpectationVsReality,1m627gn,7/11 Pistachio Chocolate Ecclair,243,https://reddit.com/r/ExpectationVsReality/comments/1m627gn/711_pistachio_chocolate_ecclair/,https://www.reddit.com/gallery/1m627gn,"
Image Description: the chocolate and pistachio creams are on display 
Image Description: a person holding a pastry with chocolate and green icing",1753150878.0,0.96,243,0,Failed Expectation,iced-melon,28,True,2,True,text
ExpectationVsReality,1m5ffh7,Subway edition,1222,https://reddit.com/r/ExpectationVsReality/comments/1m5ffh7/subway_edition/,https://www.reddit.com/gallery/1m5ffh7,"Two chunks of sad egg on a ghost of ciabatta
Image Description: a sandwich with cheese and egg on it is displayed on the app 
Image Description: a hand holding a sandwich with a bite taken out of it 
Image Description: a sandwich with butter on it sitting on a paper bag",1753094059.0,0.88,1222,0,Failed Expectation,alternate_world_,88,True,3,True,text
ExpectationVsReality,1m5ksf9,"New York Bakery Texas Toast, Five Cheese.",367,https://reddit.com/r/ExpectationVsReality/comments/1m5ksf9/new_york_bakery_texas_toast_five_cheese/,https://www.reddit.com/gallery/1m5ksf9,"Very good.
Image Description: a package of new york texas toast 
Image Description: two pieces of bread on a white plate",1753109031.0,0.93,367,0,Surprisingly Met Expectation,blancolobosBRC,40,True,2,True,text
ExpectationVsReality,1m4pjca,First time trying to knit a stuffed animal…,5229,https://reddit.com/r/ExpectationVsReality/comments/1m4pjca/first_time_trying_to_knit_a_stuffed_animal/,https://www.reddit.com/gallery/1m4pjca,"Pattern was great, I just don’t know what I’m doing 
Image Description: a stuffed dog sitting on a window sill 
Image Description: a knitted bear sitting on a blanket",1753019764.0,0.98,5229,0,Failed Expectation,apple-took-my-kidney,207,True,2,True,text
ExpectationVsReality,1m5du7a,Grandma's oatmeal raisin cookies,49,https://reddit.com/r/ExpectationVsReality/comments/1m5du7a/grandmas_oatmeal_raisin_cookies/,https://www.reddit.com/gallery/1m5du7a,"
Image Description: grandmas oatmeal raisin cookies 
Image Description: a cookie with raisins on top",1753088215.0,0.69,49,0,Failed Expectation,bisnark,25,True,2,True,text
ExpectationVsReality,1m4tmks,You should’ve seen the look on my 4yr old’s face when she saw the sprinkles,573,https://reddit.com/r/ExpectationVsReality/comments/1m4tmks/you_shouldve_seen_the_look_on_my_4yr_olds_face/,https://i.redd.it/4dzf3s6z52ef1.jpeg,"Bruh. 
Image Description: a person holding a box of pop tarts with a strawberry topping",1753029917.0,0.93,573,0,Failed Expectation,Potential-Horror8723,29,True,1,False,image
ExpectationVsReality,1m4ohia,Double stuffed bag of Ms.Vickies BBQ,505,https://reddit.com/r/ExpectationVsReality/comments/1m4ohia/double_stuffed_bag_of_msvickies_bbq/,https://www.reddit.com/gallery/1m4ohia,"
Image Description: a bag of chips sitting on a scale 
Image Description: a person holding a bag of chocolate chips",1753016866.0,0.96,505,0,Exceeded Expectation,Aggravating-Yak5018,17,True,2,True,text
ExpectationVsReality,1m4xq9i,Trader Joes' Bambino Uncured Pepperoni Pizza,100,https://reddit.com/r/ExpectationVsReality/comments/1m4xq9i/trader_joes_bambino_uncured_pepperoni_pizza/,https://i.redd.it/b5b6c6yzy2ef1.jpeg,"Great, tasty treat!
Image Description: a pizza on a plate next to a book about pizza",1753039704.0,0.97,100,0,Exceeded Expectation,Dry-Double-6845,11,True,1,False,image
ExpectationVsReality,1m40oc5,SpongeBob grocery store creation passed,15539,https://reddit.com/r/ExpectationVsReality/comments/1m40oc5/spongebob_grocery_store_creation_passed/,https://www.reddit.com/gallery/1m40oc5,"I wish it was all edible but overall it’s a pass. 
Image Description: spongebob squarepants creations 
Image Description: a spongebob cake in a box",1752943106.0,0.99,15539,0,Surprisingly Met Expectation,Cawlaw92,120,True,2,True,text
ExpectationVsReality,1m4bze9,Ho ho ho…,276,https://reddit.com/r/ExpectationVsReality/comments/1m4bze9/ho_ho_ho/,https://www.reddit.com/gallery/1m4bze9,"Glutton for punishment, I guess
Image Description: a white bowl with broccoli and a white plate with chopped broccoli 
Image Description: green giant giant valley cut broccoli",1752972946.0,0.96,276,0,Failed Expectation,These_Tomorrow_6228,16,True,2,True,text
ExpectationVsReality,1m43mpt,What I thought I bought Vs what was inside,652,https://reddit.com/r/ExpectationVsReality/comments/1m43mpt/what_i_thought_i_bought_vs_what_was_inside/,https://www.reddit.com/gallery/1m43mpt,"
Image Description: a person holding a spongebob shaped ice cream stick 
Image Description: a box of spongebob popsicles 
Image Description: spongebob squarepants ice cream lollies",1752950463.0,0.94,652,0,Failed Expectation,badassmamabear,40,True,3,True,text
ExpectationVsReality,1m483ik,'Great Scott' Back to the Future cookies,116,https://reddit.com/r/ExpectationVsReality/comments/1m483ik/great_scott_back_to_the_future_cookies/,https://i.redd.it/xcwbrryrjwdf1.jpeg,"These were for a 40th BTTF birthday party. The cookie was supposed to read ""Great Scott! Bryan is 40!"" 

The inspo shown to her said 'Great Scott! Chris is 40'

However, it's just announcing Scott Bryan is now 40🥳
Image Description: a person holding a purple cookie with a name on it",1752961923.0,0.93,116,0,Failed Expectation,michaelxmoney,3,True,1,False,image
ExpectationVsReality,1m49dy1,Strawberry Miffy Nails,64,https://reddit.com/r/ExpectationVsReality/comments/1m49dy1/strawberry_miffy_nails/,https://www.reddit.com/gallery/1m49dy1,"
Image Description: a woman's hand with pink and white nails 
Image Description: a set of white and pink nails with red and white flowers",1752965464.0,0.7,64,0,Exceeded Expectation,Xxsakura_mochixX,10,True,2,True,text
ExpectationVsReality,1m444jo,It’s kind a accurate but what is this this is not SpongeBob!,92,https://reddit.com/r/ExpectationVsReality/comments/1m444jo/its_kind_a_accurate_but_what_is_this_this_is_not/,https://www.reddit.com/gallery/1m444jo,"
Image Description: a box of spongebob popsicles with fruit punch and cotton candy 
Image Description: spongebob popsicles",1752951691.0,0.87,92,0,Surprisingly Met Expectation,Prudent_Ordinary2307,6,True,2,True,text
ExpectationVsReality,1m3jm4o,Meal Kit from Home Chef,927,https://reddit.com/r/ExpectationVsReality/comments/1m3jm4o/meal_kit_from_home_chef/,https://www.reddit.com/gallery/1m3jm4o,"A meal Kit from Home Chef.  Looks pretty close to the photo.  Tasted good too.  
Image Description: a white plate with green beans and a piece of fish on it 
Image Description: a plate with green beans and a chicken breast",1752887955.0,0.97,927,0,Surprisingly Met Expectation,jsmeeker,16,True,2,True,text
ExpectationVsReality,1m49ap1,"Even for lesser brands of frozen pizza, the amount of cheese is lacking.",9,https://reddit.com/r/ExpectationVsReality/comments/1m49ap1/even_for_lesser_brands_of_frozen_pizza_the_amount/,https://i.redd.it/f8j1gocitwdf1.jpeg,"
Image Description: a pepperoni pizza sitting on a pan with a box of it",1752965210.0,0.58,9,0,Failed Expectation,FireflyRave,12,True,1,False,image
ExpectationVsReality,1m2gpoo,What I ordered vs What I received,53303,https://reddit.com/r/ExpectationVsReality/comments/1m2gpoo/what_i_ordered_vs_what_i_received/,https://www.reddit.com/gallery/1m2gpoo,"
Image Description: a coffee mug with a photo of a woman on it 
Image Description: a mug with the words guaranteed warts on it 
Image Description: a mug with a frog sitting on top of it 
Image Description: madonna mug with a photo of her on it",1752780166.0,0.95,53303,0,Exceeded Expectation,Enough-Ad3818,1029,True,4,True,text
ExpectationVsReality,1m3soix,New socks,6,https://reddit.com/r/ExpectationVsReality/comments/1m3soix/new_socks/,https://www.reddit.com/gallery/1m3soix,"First picture is the expected images on the socks as shown on the box
The grey one is the worst, what's wrong with Gary? I still love them though. 
Image Description: spongebob squarepants socks 
Image Description: spongebob socks, spongebob socks, spongebob socks, spongebob socks, spongebob socks, spongebob socks 
Image Description: spongebob socks, spongebob socks, spongebob socks, spongebob socks, spongebob socks, spongebob socks 
Image Description: a pair of socks with cartoon characters on them 
Image Description: spongebob squarepants socks",1752919853.0,0.55,6,0,Failed Expectation,FeniaGirl,10,True,5,True,text
ExpectationVsReality,1m2ja6k,Less than I thought possible.,334,https://reddit.com/r/ExpectationVsReality/comments/1m2ja6k/less_than_i_thought_possible/,https://www.reddit.com/gallery/1m2ja6k,"Where's my sprinkles? 
Image Description: a package of rice krispies treats 
Image Description: a bag of crispy chunks strawberry flavoured bars 
Image Description: a package of rice krispies with a strawberry flavor",1752786166.0,0.99,334,0,Failed Expectation,AlwaysHappens_urgh,12,True,3,True,text
ExpectationVsReality,1m2r0w6,Not groovy man,78,https://reddit.com/r/ExpectationVsReality/comments/1m2r0w6/not_groovy_man/,https://i.redd.it/z2bvuoc6rjdf1.jpeg,"
Image Description: cheez it grooves",1752807018.0,0.85,78,0,Failed Expectation,PitifulChipmunk7864,4,True,1,False,image
ExpectationVsReality,1m2pkd3,Spode Christmas Tree Bowl...vs...not a Spode Christmas Tree Bowl,56,https://reddit.com/r/ExpectationVsReality/comments/1m2pkd3/spode_christmas_tree_bowlvsnot_a_spode_christmas/,https://www.reddit.com/gallery/1m2pkd3,"I ordered a Spode Christmas Tree Bowl from Macy's.  Somehow that got translated into Dolly Parton Oven Mitts.
Image Description: a bowl with a christmas tree on it 
Image Description: two small pot holders with floral designs on them",1752802750.0,0.86,56,0,Failed Expectation,[deleted],3,True,2,True,text
ExpectationVsReality,1m1z8jb,Too much Chemical X,1177,https://reddit.com/r/ExpectationVsReality/comments/1m1z8jb/too_much_chemical_x/,https://i.redd.it/h2fz11mfeddf1.jpeg,"
Image Description: powerpuff pops, powerpuff girls, powerpuff girls, powerpuff girls, powerpuff girls, powerpuff girls, powerpuff girls, powerpuff",1752730096.0,0.99,1177,0,Failed Expectation,UrameshiYuusuke,18,True,1,False,image
ExpectationVsReality,1m1wcsg,Taco Bell Potato Soft Taco.,533,https://reddit.com/r/ExpectationVsReality/comments/1m1wcsg/taco_bell_potato_soft_taco/,https://www.reddit.com/gallery/1m1wcsg,"Not even close, I still enjoyed it though.
Image Description: a taco with chicken and lettuce on it 
Image Description: a person holding a taco with chicken and cheese",1752720770.0,0.96,533,0,Failed Expectation,blancolobosBRC,52,True,2,True,text
ExpectationVsReality,1m2al23,Ultimate Tiffwich,15,https://reddit.com/r/ExpectationVsReality/comments/1m2al23/ultimate_tiffwich/,https://www.reddit.com/gallery/1m2al23,"Very disappointing.
Image Description: the ultimate tiffwich is a chocolate sandwich with pretzels 
Image Description: a person holding a plate with a cookie and pretzel",1752766139.0,0.57,15,0,Failed Expectation,luckymrsfuentes,22,True,2,True,text
ExpectationVsReality,1m0qttp,Minecraft Birthday Pull-Apart,2246,https://reddit.com/r/ExpectationVsReality/comments/1m0qttp/minecraft_birthday_pullapart/,https://www.reddit.com/gallery/1m0qttp,"first two pics are mine, second two are inspiration pictures i got off reddit! i'm so proud about how it came out for my little brother's birthday :D
Image Description: a cake with blue and green blocks on it 
Image Description: minecraft rice krispie treats 
Image Description: a cake made to look like a minecraft cake 
Image Description: a cake with a minecraft theme and a birthday boy",1752606773.0,0.99,2246,0,Surprisingly Met Expectation,mtvoriginal,40,True,4,True,text
ExpectationVsReality,1m0zo89,Not actually mad about opening this cookie tin.,662,https://reddit.com/r/ExpectationVsReality/comments/1m0zo89/not_actually_mad_about_opening_this_cookie_tin/,https://www.reddit.com/gallery/1m0zo89,"
Image Description: a tin of danish butter cookies sitting on a table 
Image Description: a tin of cookie cutters on a table",1752628938.0,0.95,662,0,Surprisingly Met Expectation,zotown97,40,True,2,True,text
ExpectationVsReality,1m14xpe,Little Caesars Cheese Pizza.,243,https://reddit.com/r/ExpectationVsReality/comments/1m14xpe/little_caesars_cheese_pizza/,https://www.reddit.com/gallery/1m14xpe,"Pretty good.
Image Description: a pizza in a box with a large slice missing 
Image Description: little caesars pizza - screenshot",1752645746.0,0.97,243,0,Exceeded Expectation,blancolobosBRC,22,True,2,True,text
ExpectationVsReality,1m0d8yj,When they said 'mini' they meant it,3569,https://reddit.com/r/ExpectationVsReality/comments/1m0d8yj/when_they_said_mini_they_meant_it/,https://www.reddit.com/gallery/1m0d8yj,"
Image Description: a plate with marshmallows, crackers, and a lighter 
Image Description: a box of s'mores is sitting on a table",1752571796.0,0.91,3569,0,Failed Expectation,False_Ad_555,160,True,2,True,text
ExpectationVsReality,1m00xhw,My kid was disappointed to say the least,2015,https://reddit.com/r/ExpectationVsReality/comments/1m00xhw/my_kid_was_disappointed_to_say_the_least/,https://www.reddit.com/gallery/1m00xhw,"Looks nothing like the box
Image Description: a popsicle with sprinkles on top 
Image Description: a box of fat boy ice cream sandwich pops",1752532767.0,0.98,2015,0,Failed Expectation,RoseThorn82,56,True,2,True,text
ExpectationVsReality,1m0yhur,GROK’S COMPANIONS,6,https://reddit.com/r/ExpectationVsReality/comments/1m0yhur/groks_companions/,https://www.reddit.com/gallery/1m0yhur,"Ok, aside from the fact that the chick companion is just so over the top thirsty from the moment you turn it on, she is somewhat in line with what I was expecting. 

However, I expected “Bad Rudi” to be like a devilish mascot cartoon character thing, or maybe more like, I dunno, Triumph the Insult Comic Dog or something… nope. It was like Daniel Tiger with a weird girl voice. 

So weird 
Image Description: a cartoon red fox standing in a field 
Image Description: bad rudi emojis on the apple watch 
Image Description: bad rudi is a character in the game bad rats",1752625558.0,0.56,6,0,Failed Expectation,unowho_o,1,True,3,True,text
ExpectationVsReality,1m0c2od,Green Giant Simply Steam.,83,https://reddit.com/r/ExpectationVsReality/comments/1m0c2od/green_giant_simply_steam/,https://www.reddit.com/gallery/1m0c2od,"Pretty good.
Image Description: a plate of food 
Image Description: a bag of green giant broccoli, carrots, and cauliflower steamed lightly salted",1752567054.0,0.94,83,0,Surprisingly Met Expectation,blancolobosBRC,9,True,2,True,text
ExpectationVsReality,1m05mab,Fromyouflowers scam,166,https://reddit.com/r/ExpectationVsReality/comments/1m05mab/fromyouflowers_scam/,https://www.reddit.com/gallery/1m05mab,"Total scam. Paid for Premium Dish Garden in ceramic pot with at least 6 different plants. What was delivered was 3 sorry looking plants in a cheap weave basket. Total rip off! Oh and expedited delivery was a failure.....Stay away!
Image Description: a basket with plants on a table next to a sign 
Image Description: a large plant in a blue pot with green leaves",1752545296.0,0.94,166,0,Failed Expectation,Elegant-Abroad-9501,8,True,2,True,text
ExpectationVsReality,1lyy83t,Can’t even be mad,8900,https://reddit.com/r/ExpectationVsReality/comments/1lyy83t/cant_even_be_mad/,https://www.reddit.com/gallery/1lyy83t,"This was back in January, but wanted to share since I found it in my closet lol. She said I didn’t specify the kind of sugar daddy so i can’t even be mad 😭😭😭 
Image Description: two text messages that say best friend and birthday 
Image Description: a pillow with the word sugar daddy on it 
Image Description: a woman holding a pillow",1752426996.0,0.97,8900,0,Exceeded Expectation,PrincessLizzy05,152,True,3,True,text
ExpectationVsReality,1lza1ah,Very close. I’m happy.,537,https://reddit.com/r/ExpectationVsReality/comments/1lza1ah/very_close_im_happy/,https://www.reddit.com/gallery/1lza1ah,"Nailed it 🤭
Image Description: a person with orange nails on their hand next to a keyboard 
Image Description: orange and white nail art designs",1752457667.0,0.93,537,0,Surprisingly Met Expectation,lucylugosiz,12,True,2,True,text
ExpectationVsReality,1lzc0ot,Bird's Eye Mediterranean Blend.,210,https://reddit.com/r/ExpectationVsReality/comments/1lzc0ot/birds_eye_mediterranean_blend/,https://www.reddit.com/gallery/1lzc0ot,"I think it looks even better than it does on the packaging. It tasted incredible as well.
Image Description: a bag of mediterranean blend 
Image Description: a plate with a salad of vegetables on it",1752463693.0,0.94,210,0,Exceeded Expectation,blancolobosBRC,27,True,2,True,text
ExpectationVsReality,1lzdsa4,Gelletas Puig Maria and Chocolate.,84,https://reddit.com/r/ExpectationVsReality/comments/1lzdsa4/gelletas_puig_maria_and_chocolate/,https://www.reddit.com/gallery/1lzdsa4,"
Image Description: a chocolate bar with the name maria on it 
Image Description: delicious maria chocolate 
Image Description: a person holding a biscuit with the words pucará on it",1752469464.0,0.95,84,0,Exceeded Expectation,blancolobosBRC,9,True,3,True,text
ExpectationVsReality,1lz8g1d,Party pizza fail,53,https://reddit.com/r/ExpectationVsReality/comments/1lz8g1d/party_pizza_fail/,https://www.reddit.com/gallery/1lz8g1d,"Totinos combination party pizza last year vs this year.

(don't dis the darkness, I cooked them in my smoker)
Image Description: a pizza with cheese and meat on a wooden cutting board 
Image Description: the pizza is square",1752453028.0,0.67,53,0,Failed Expectation,hwooareyou,53,True,2,True,text
ExpectationVsReality,1ly7kbn,Found this via video on Instagram — No Words,6203,https://reddit.com/r/ExpectationVsReality/comments/1ly7kbn/found_this_via_video_on_instagram_no_words/,https://www.reddit.com/gallery/1ly7kbn,"Just too funny— up their with the reindeer 
Image Description: i bought this on temu to everyone know where the birthday party was 
Image Description: a red object on the ground next to a wall",1752345146.0,0.99,6203,0,Failed Expectation,camlaw63,73,True,2,True,text
ExpectationVsReality,1lyio75,you're joking,510,https://reddit.com/r/ExpectationVsReality/comments/1lyio75/youre_joking/,https://www.reddit.com/gallery/1lyio75,"""LOADED with chocolate cookie crumbles""😐
Image Description: a bag of cookies and cream ice cream 
Image Description: a person holding a popsicle with chocolate chip cookies",1752376619.0,0.99,510,0,Failed Expectation,Embarrassed_Yam_3908,24,True,2,True,text
ExpectationVsReality,1ly8xrd,"Ordered pizza from dominos while stoned, wtf is that slice action",838,https://reddit.com/r/ExpectationVsReality/comments/1ly8xrd/ordered_pizza_from_dominos_while_stoned_wtf_is/,https://www.reddit.com/gallery/1ly8xrd,"first pic is just an advertisement of theirs but oh my lord how do you cut a pizza this poorly, the baby slice had me crying
Image Description: a person taking a slice of pizza out of a box 
Image Description: a person taking a slice of pizza out of a box 
Image Description: dominos pizza is giving away free pizza for a year",1752348635.0,0.89,838,0,Failed Expectation,rabbitsaremylife,105,True,3,True,text
ExpectationVsReality,1ly9hht,Lilies,260,https://reddit.com/r/ExpectationVsReality/comments/1ly9hht/lilies/,https://www.reddit.com/gallery/1ly9hht,"And only one bulb of four bloomed. 
Image Description: a person holding a black lily plant 
Image Description: a plant with red flowers and a book on the ground",1752350091.0,0.96,260,0,Failed Expectation,Brickpillow,13,True,2,True,text
ExpectationVsReality,1lyfb5s,This ice cream,83,https://reddit.com/r/ExpectationVsReality/comments/1lyfb5s/this_ice_cream/,https://www.reddit.com/gallery/1lyfb5s,"Still good tho!
Image Description: a box of ice cream with a chocolate bar on top 
Image Description: a chocolate covered ice cream stick on a counter",1752366123.0,0.95,83,0,Failed Expectation,No-Tie-9713,2,True,2,True,text
ExpectationVsReality,1ly2d5h,I planted sunflowers,360,https://reddit.com/r/ExpectationVsReality/comments/1ly2d5h/i_planted_sunflowers/,https://www.reddit.com/gallery/1ly2d5h,"Originally planted magic roundabout sunflower cultivar, but so far they ended up being an autumn beauty and a chocolate cherry. I was wanting these two cultivars anyways and had just never made the decision in time, so seems my garden beds made the choice for me. 
Image Description: a red and yellow sunflower with a green stem 
Image Description: a large red sunflower with brown petals 
Image Description: a person holding a sunflower with a dark center",1752332021.0,0.99,360,0,Exceeded Expectation,marble-loser,10,True,3,True,text
ExpectationVsReality,1lxbf1q,Redemption of the pulled pork,2040,https://reddit.com/r/ExpectationVsReality/comments/1lxbf1q/redemption_of_the_pulled_pork/,https://www.reddit.com/gallery/1lxbf1q,"After /u/Frost-Folk’s 3rd attempt I went to my local grocery store and grabbed a box of Jensens Bøfhus pulled pork. 

There’s a picture of the instructions in Danish. 

I took the meat out of the bag, added it to a tray and squeezed the brine out. 

Covered with foil, poked holes and added a meat thermometer. It took 55min (and not 25-30min)  at 200C to reach a core temperature of the 75C as advertised on the package. As the package didn’t mention convection oven, and therefore no air fryer, I used the regular oven setting.

I’ll agree that the brine was very blackened and the pork didn’t look too appetizing but fret not! 

It was easy shredding it with two forks, as the meat was very tender and afterwards it tooked much better. Adding the provided marinade (BBQ sauce) made it delicious. 

Judge yourself, if this looks okay or not. I paid 39dkk ($6.11 or €5.23) for this package which was 500g. 
Image Description: a package of pulled pork sitting on a counter 
Image Description: a glass dish with shredded chicken on it 
Image Description: a foil wrapped food in an oven 
Image Description: a glass dish with shredded chicken on it 
Image Description: a box of food sitting on top of a sink 
Image Description: a white dish with a meat in it 
Image Description: a piece of meat in a white dish on a counter 
Image Description: a white dish with a piece of meat and sauce in it",1752251346.0,0.95,2040,0,Exceeded Expectation,quinyd,129,True,8,True,text
ExpectationVsReality,1lxpix8,Domino’s Molten Lava Cakes,259,https://reddit.com/r/ExpectationVsReality/comments/1lxpix8/dominos_molten_lava_cakes/,https://www.reddit.com/gallery/1lxpix8,"
Image Description: chocolate lava crunch cakes 
Image Description: a box of donuts sitting on a counter",1752287875.0,0.89,259,0,Failed Expectation,RegularSelf,35,True,2,True,text
ExpectationVsReality,1lxeii3,I truly tried,752,https://reddit.com/r/ExpectationVsReality/comments/1lxeii3/i_truly_tried/,https://www.reddit.com/gallery/1lxeii3,"
Image Description: a person holding a cake with a yellow and pink frosting 
Image Description: a person holding a book with a cake on it",1752258586.0,0.99,752,0,Failed Expectation,Teddythehedgie,30,True,2,True,text
ExpectationVsReality,1lxm6db,Oh Tillamook,162,https://reddit.com/r/ExpectationVsReality/comments/1lxm6db/oh_tillamook/,https://www.reddit.com/gallery/1lxm6db,"
Image Description: a black container with a casserole dish of food 
Image Description: tillamook classic cheddar macaroni and cheese",1752277855.0,0.91,162,0,Failed Expectation,TheeeHammm,34,True,2,True,text
ExpectationVsReality,1lxbeue,Redemption of the pulled pork,385,https://reddit.com/r/ExpectationVsReality/comments/1lxbeue/redemption_of_the_pulled_pork/,https://www.reddit.com/gallery/1lxbeue,"After /u/Frost-Folk’s 3rd attempt I went to my local grocery store and grabbed a box of Jensens Bøfhus pulled pork. 

There’s a picture of the instructions in Danish. 

I took the meat out of the bag, added it to a tray and squeezed the brine out. 

Covered with foil, poked holes and added a meat thermometer. It took 55min (and not 25-30min)  at 200C to reach a core temperature of the 75C as advertised on the package. As the package didn’t mention convection oven, and therefore no air fryer, I used the regular oven setting.

I’ll agree that the brine was very blackened and the pork didn’t look too appetizing but fret not! 

It was easy shredding it with two forks, as the meat was very tender and afterwards it tooked much better. Adding the provided marinade (BBQ sauce) made it delicious. 

Judge yourself, if this looks okay or not. I paid 39dkk ($6.11 or €5.23) for this package which was 500g. 
Image Description: a box of food sitting on top of a sink 
Image Description: a piece of meat in a white dish on a counter 
Image Description: a white dish with a piece of meat and sauce in it 
Image Description: a package of pulled pork sitting on a counter 
Image Description: a foil wrapped food in an oven 
Image Description: a white dish with a meat in it 
Image Description: a glass dish with shredded chicken on it 
Image Description: a glass dish with shredded chicken on it",1752251333.0,0.84,385,0,Exceeded Expectation,quinyd,65,True,8,True,text
ExpectationVsReality,1lxcfe8,The math doesn't add up,298,https://reddit.com/r/ExpectationVsReality/comments/1lxcfe8/the_math_doesnt_add_up/,https://www.reddit.com/gallery/1lxcfe8,"
Image Description: a label on a package of food that reads nutrition facts 
Image Description: a pan with a bunch of cookies on it",1752253683.0,0.98,298,0,Failed Expectation,Spare-Magazine6223,18,True,2,True,text
ExpectationVsReality,1ly958t,Lidl pulled pork package dense brick vs Mcennedy,0,https://reddit.com/r/ExpectationVsReality/comments/1ly958t/lidl_pulled_pork_package_dense_brick_vs_mcennedy/,https://www.reddit.com/gallery/1ly958t,"So I wanted to try the Pulled Pork from Lidl by the brand Jensens Bøfhus, but they only had McEnnedy.  
From the packaging, it already felt quite tender, and shredding it was really easy, the meat was soft and quite flavorful.  
I’d recommend leaving it in the oven a bit longer than the suggested time (25 minutes at 190°C) so that the juices reduce, or removing some of the liquid when serving (at least for tacos).  
I’ll try to look for the right brand at another Lidl in a few days, but at least this one met my expectations.
Image Description: a dish of shredded meat on a towel 
Image Description: a dish of meat in a glass bowl on a table 
Image Description: a piece of meat in plastic wrap on a table 
Image Description: a plate with a taco on it with meat and tomatoes 
Image Description: a bowl of meat in a pan 
Image Description: a foil wrapped round of food on a table 
Image Description: a box of barbecue sauce next to a glass bowl",1752349191.0,0.5,0,0,Surprisingly Met Expectation,Nary841,24,True,7,True,text
ExpectationVsReality,1lwx4qt,"Yes, I got a refund.",632,https://reddit.com/r/ExpectationVsReality/comments/1lwx4qt/yes_i_got_a_refund/,https://www.reddit.com/gallery/1lwx4qt,"Paid extra $$$ for the largest bouquet option and two full sized Mylar balloons. Here's what was delivered to my grandfather in the hospital. 😳
Image Description: a vase with flowers and balloons 
Image Description: flowers delivery app screenshot 
Image Description: myrtle beach florist - myrtle beach florist - myrtle beach florist - myrtle beach flor",1752206232.0,0.95,632,0,Failed Expectation,Jmwizkid,37,True,3,True,text
ExpectationVsReality,1lwbnlp,The car color we thought we were getting vs what was actually delivered,2700,https://reddit.com/r/ExpectationVsReality/comments/1lwbnlp/the_car_color_we_thought_we_were_getting_vs_what/,https://www.reddit.com/gallery/1lwbnlp,"
Image Description: the new kia niro electric suv is shown 
Image Description: the red suv is parked in the parking lot",1752151089.0,0.95,2700,0,Failed Expectation,tukica1511,191,True,2,True,text
ExpectationVsReality,1lwa1rj,My graduation cake looked a little different than I thought it would,754,https://reddit.com/r/ExpectationVsReality/comments/1lwa1rj/my_graduation_cake_looked_a_little_different_than/,https://www.reddit.com/gallery/1lwa1rj,"I don’t have a photo of the original cake because it was a while ago but the first photo is what the cake was SUPPOSED to be - the claw machine with the aliens from Toy Story. I got….well, I got this from BJ’s of all places so I guess it’s fitting
Image Description: a cake in a box with a red car and a space theme 
Image Description: pizza planet rocket ship game",1752146018.0,0.97,754,0,Failed Expectation,cathedralroan214,20,True,2,True,text
ExpectationVsReality,1lxbxr2,What I ordered vs what I got,5,https://reddit.com/r/ExpectationVsReality/comments/1lxbxr2/what_i_ordered_vs_what_i_got/,https://www.reddit.com/gallery/1lxbxbq,,1752252554.0,0.56,5,0,Failed Expectation,Satans_lamp_shade,6,False,0,False,text
ExpectationVsReality,1lvp723,Cookie Cake For Dog Party,7484,https://reddit.com/r/ExpectationVsReality/comments/1lvp723/cookie_cake_for_dog_party/,https://www.reddit.com/gallery/1lvp723,"An old failed expectation that went so horrifically wrong that it’s circled back to exceeded expectations, and I’ll probably never get a cake as good as this one again. 

I was having a birthday party for my dog and was picking up the cake for the human guests. To my surprise and the workers surprise, my order wasn’t made yet. Up front she said she’d never done a dog before but could try if I wanted to wait, and I was all for it. But after about 15 minutes she turns around and goes “I’m so sorry baby, I don’t know what this is but it’s not that dog. If you can come back tomorrow I’ll getcha a dog!” 

So I asked her if I could see it just to see and it was this absolute masterpiece. After we both laughed for like 5 minutes straight she said I could still take it home as long as I don’t tell anyone. So here we are. 
Image Description: a cookie with a dog drawn on it 
Image Description: a cookie with a cartoon dog on it and the words happy birthday nate",1752083028.0,0.99,7484,0,Exceeded Expectation,mattteg99,167,True,2,True,text
ExpectationVsReality,1lw0vlb,Yummy summer treat. 🍉,615,https://reddit.com/r/ExpectationVsReality/comments/1lw0vlb/yummy_summer_treat/,https://www.reddit.com/gallery/1lw0vlb,"Texture is kinda like the character ice creams from the ice cream man. 
Image Description: a popsicle with watermelon on it 
Image Description: a box of frellles watermelon pops sitting on a counter",1752112815.0,0.98,615,0,Exceeded Expectation,Aydre,29,True,2,True,text
ExpectationVsReality,1lvo3qo,Just tad paler...and sadder.,136,https://reddit.com/r/ExpectationVsReality/comments/1lvo3qo/just_tad_palerand_sadder/,https://i.redd.it/keh0pxmxqvbf1.jpeg,"
Image Description: a cookie and a packet of toto chocolate chip cookies",1752080521.0,0.96,136,0,Failed Expectation,NWbySW,10,True,1,False,image
ExpectationVsReality,1lvdl6q,"Rock formations in Nalda, Spain",347,https://reddit.com/r/ExpectationVsReality/comments/1lvdl6q/rock_formations_in_nalda_spain/,https://www.reddit.com/gallery/1lvdl6q,"Didn't expect them to look this pretty 
Image Description: a sign that says ""prairie du bordel"" 
Image Description: a view of the mountains and valleys from a roof",1752050142.0,0.98,347,0,Exceeded Expectation,gadusmo,6,True,2,True,text
ExpectationVsReality,1lvhjv2,"Hike Pico do Areeiro at sunrise, they said",156,https://reddit.com/r/ExpectationVsReality/comments/1lvhjv2/hike_pico_do_areeiro_at_sunrise_they_said/,https://www.reddit.com/gallery/1lvhjv2,"First attempt at trying to do the Pico do Areeiro to Pico Ruivo hike on Madeira Island at sunrise was not what we expected. Can't control the weather.  
  
Happy to say that the first picture is also mine, we went up there two more times and the third time the weather was absolutely exceptional, we witnessed an amazing sunrise and had a great hike
Image Description: a foggy mountain with a path leading up to it 
Image Description: a person standing on a rock at sunset",1752064220.0,0.99,156,0,Failed Expectation,StrobeWafel_404,7,True,2,True,text
ExpectationVsReality,1lwqmbo,I wanted the pink pool noodle,0,https://reddit.com/r/ExpectationVsReality/comments/1lwqmbo/i_wanted_the_pink_pool_noodle/,https://www.reddit.com/gallery/1lwqmbo,"First picture is the stock picture from target.com. Second picture is it outside and it looks very red.  
Third picture is the same one but inside. Some how the last pic looks more pink than it does in person.
Image Description: a pink rubber tube with a long handle 
Image Description: a large orange tube laying on the floor 
Image Description: a pool with a hose laying on the ground",1752187477.0,0.44,0,0,Failed Expectation,stumper66,7,True,3,True,text
ExpectationVsReality,1luw10x,what i wanted vs what i got,1597,https://reddit.com/r/ExpectationVsReality/comments/1luw10x/what_i_wanted_vs_what_i_got/,https://www.reddit.com/gallery/1luw10x,"i’m bad at confrontation so i went in after i paid 78 dollars for these to ask for a fix (going in for it today) but these bad boys are thicker than two credit cards LMAO
Image Description: a person with colorful nail art on their hands 
Image Description: a person with colorful nail art on their hands 
Image Description: a person with colorful nails on their fingers",1751998722.0,0.94,1597,0,Failed Expectation,scoopablepoopable,72,True,3,True,text
ExpectationVsReality,1lv460k,Kodiak Frozen Power Flapjacks Buttermilk,458,https://reddit.com/r/ExpectationVsReality/comments/1lv460k/kodiak_frozen_power_flapjacks_buttermilk/,https://i.redd.it/1rgutq71mqbf1.jpeg,"Just your average run of the mill pancakes!🥞 Flavor is on par with leading box mixes like Bisquick and Pearl Milling. Needs butter or syrup. Only plus is easy to make - just put on toaster-oven. 
Image Description: a stack of pancakes with butter on top of a plate",1752018535.0,0.9,458,0,Surprisingly Met Expectation,Dry-Double-6845,50,True,1,False,image
ExpectationVsReality,1lufx3t,Sports bra you say #Temu,1992,https://reddit.com/r/ExpectationVsReality/comments/1lufx3t/sports_bra_you_say_temu/,https://www.reddit.com/gallery/1lufx3t,"Sports top you say.... 
Image Description: a woman with a white bra top and a white bra 
Image Description: a woman in a white bra top taking a selfie 
Image Description: a woman in a white top and skirt",1751950213.0,0.88,1992,0,Failed Expectation,Y2jasminej,54,True,3,True,text
ExpectationVsReality,1luw6ll,Amy's is usually great and looks the same...tasted good tho,119,https://reddit.com/r/ExpectationVsReality/comments/1luw6ll/amys_is_usually_great_and_looks_the_sametasted/,https://i.redd.it/9ffqtewq0pbf1.jpeg,"
Image Description: a box of macaroni and cheese",1751999073.0,0.92,119,0,Failed Expectation,plasmaSunflower,17,True,1,False,image
ExpectationVsReality,1lu7mke,Hotel we booked for our vacation,4753,https://reddit.com/r/ExpectationVsReality/comments/1lu7mke/hotel_we_booked_for_our_vacation/,https://www.reddit.com/gallery/1lu7mke,"Hubby and I decided to get away for a week. Found a little hotel with a decent price on Expedia. It had mixed reviews, as most places do. We don’t need a place at the ritz, just a clean, quiet safe place to lay our heads at night in between activities. Behold, the photos all over the internet vs what we walked into. Instantly smacked in the face with the smell of musty cocaine. Can’t help but to laugh at the situation 😂
Image Description: a man is standing in front of a bed in a motel room 
Image Description: a motel room with blue walls and a bed 
Image Description: a small table and chair in a room with wood paneling 
Image Description: a small nightstand with a drawer on top 
Image Description: the app shows the best places to stay in the area 
Image Description: a door handle on a white door with a metal handle 
Image Description: a hotel room with a bed and a bedside table",1751926199.0,0.97,4753,0,Failed Expectation,UsefulChemist3000,142,True,7,True,text
ExpectationVsReality,1lu3bt3,Mmm delicious Mario macaroni and cheese,586,https://reddit.com/r/ExpectationVsReality/comments/1lu3bt3/mmm_delicious_mario_macaroni_and_cheese/,https://i.redd.it/bplt96u06ibf1.jpeg,"
Image Description: a box of mac and cheese and a bowl of macaroni",1751916100.0,0.8,586,0,Failed Expectation,withbellson,127,True,1,False,image
ExpectationVsReality,1ltgi55,"Mushroom cake! First pic is inspo, the last 2 are mine",16237,https://reddit.com/r/ExpectationVsReality/comments/1ltgi55/mushroom_cake_first_pic_is_inspo_the_last_2_are/,https://www.reddit.com/gallery/1ltgi55,"This is a far cry from my cursed furby cake from a month ago haha. I made this for my grandad’s birthday (he loves mycology!)
Image Description: a cake with mushrooms and berries on top 
Image Description: a chocolate cake with mushrooms and other toppings on top 
Image Description: a cake with mushrooms and berries on it",1751848102.0,0.98,16237,0,Exceeded Expectation,Muppetric,301,True,3,True,text
ExpectationVsReality,1ltb95z,I spent 4 hours making this,1860,https://reddit.com/r/ExpectationVsReality/comments/1ltb95z/i_spent_4_hours_making_this/,https://www.reddit.com/gallery/1ltb95z,"
Image Description: a banana cake with chocolate frosting on a doily 
Image Description: a pan with cheese and bread in it",1751833897.0,0.98,1860,0,Failed Expectation,TrekTess,73,True,2,True,text
ExpectationVsReality,1ltjp9b,Thoughts? 1st pic is the example I gave them.,268,https://reddit.com/r/ExpectationVsReality/comments/1ltjp9b/thoughts_1st_pic_is_the_example_i_gave_them/,https://www.reddit.com/gallery/1ltjp9b,"My daughter says my nails are horrible. I paid a good price and tipped well. 
Image Description: a person holding up a nail with a smiley face on it 
Image Description: a woman with colorful nail designs on her hands 
Image Description: a woman with colorful nails sitting on a couch 
Image Description: a person with colorful nails sitting on a couch 
Image Description: a person with colorful nail designs on their fingers",1751858118.0,0.82,268,0,Failed Expectation,FotherMucker77,38,True,5,True,text
ExpectationVsReality,1lsqjqv,Angel Hair Chocolate I got from my local mall,3500,https://reddit.com/r/ExpectationVsReality/comments/1lsqjqv/angel_hair_chocolate_i_got_from_my_local_mall/,https://www.reddit.com/gallery/1lsqjqv,"
Image Description: a pink and white chocolate bar with pink and white icing 
Image Description: a piece of chocolate bar sitting on top of a plastic bag 
Image Description: a person holding a piece of white chocolate 
Image Description: a pink and white candy bar with white and pink icing 
Image Description: two pieces of chocolate covered in white and pink",1751769022.0,0.94,3500,0,Surprisingly Met Expectation,Lifetimemovieclips,259,True,5,True,text
ExpectationVsReality,1lsngv9,Cake Pops,855,https://reddit.com/r/ExpectationVsReality/comments/1lsngv9/cake_pops/,https://i.redd.it/7hxl0lda75bf1.jpeg,"Still fun. 
Image Description: two pictures of cake pops with blue and purple decorations",1751759135.0,0.99,855,0,Failed Expectation,Jouglet,15,True,1,False,image
ExpectationVsReality,1lsp7i1,Canasta Guayaba.,109,https://reddit.com/r/ExpectationVsReality/comments/1lsp7i1/canasta_guayaba/,https://www.reddit.com/gallery/1lsp7i1,"Not quite the same, but close enough. Pretty good as well.
Image Description: a small pastry with a red filling 
Image Description: canasta sultana 
Image Description: a person holding a packet of pasta",1751764570.0,0.89,109,0,Surprisingly Met Expectation,blancolobosBRC,6,True,3,True,text
ExpectationVsReality,1ls1jsg,Pizza cupcake?,498,https://reddit.com/r/ExpectationVsReality/comments/1ls1jsg/pizza_cupcake/,https://www.reddit.com/gallery/1ls1jsg,"
Image Description: a person holding a donut with a hole in it 
Image Description: a person holding a donut with their fingers 
Image Description: a person holding a small pastry in their hand 
Image Description: incredibles cupcakes the secret ingredient",1751690029.0,0.91,498,0,Failed Expectation,jreese802,50,True,4,True,text
ExpectationVsReality,1lrnr5t,I expected these vitamins to be much bigger for the packaging,481,https://reddit.com/r/ExpectationVsReality/comments/1lrnr5t/i_expected_these_vitamins_to_be_much_bigger_for/,https://www.reddit.com/gallery/1lrnr5t,"Unnecessarily large package for vitamins bought at Sam's club realm a waste of plastic 
Image Description: a box of blink products on a table 
Image Description: a white container with red pills inside",1751648470.0,0.95,481,0,Failed Expectation,TheCuddleDealer,40,True,2,True,text
ExpectationVsReality,1lstg9z,White Castle Impossible Slider.,0,https://reddit.com/r/ExpectationVsReality/comments/1lstg9z/white_castle_impossible_slider/,https://www.reddit.com/gallery/1lstg9z,"This is only an aesthetic fail, the taste is actually pretty good.
Image Description: a person holding a hamburger with cheese and meat 
Image Description: the impossible slider is a sandwich with cheese and meat",1751779290.0,0.48,0,0,Failed Expectation,blancolobosBRC,19,True,2,True,text
ExpectationVsReality,1lqwuch,I was so ready to take the perfect Tori picture..,4498,https://reddit.com/r/ExpectationVsReality/comments/1lqwuch/i_was_so_ready_to_take_the_perfect_tori_picture/,https://www.reddit.com/gallery/1lqwuch,"2019, my first trip to Japan. I had seen so many gorgeous pictures of this Tori gate, just to be greeted with...  
  
Here's the kicker though, the first one is also my picture, taken on a gorgeous day in 2024!
Image Description: a large red tori tori gate in the middle of the ocean 
Image Description: a large building sitting on the water in the middle of the ocean",1751566839.0,0.98,4498,0,Failed Expectation,StrobeWafel_404,67,True,2,True,text
ExpectationVsReality,1lr75n2,I don’t know if I’m being unreasonable…,505,https://reddit.com/r/ExpectationVsReality/comments/1lr75n2/i_dont_know_if_im_being_unreasonable/,https://www.reddit.com/gallery/1lr75n2,"
Image Description: a person holding a bowl of food 
Image Description: a magazine with a picture of a dish on it",1751594720.0,0.97,505,0,Failed Expectation,lemongrass-writer,41,True,2,True,text
ExpectationVsReality,1lqv34n,Dunkin star spangled donut,751,https://reddit.com/r/ExpectationVsReality/comments/1lqv34n/dunkin_star_spangled_donut/,https://www.reddit.com/gallery/1lqv34n,"
Image Description: a star spangled donut is displayed on the app 
Image Description: a box of donuts with a star on top",1751562699.0,0.86,751,0,Failed Expectation,y_dmytro,72,True,2,True,text
ExpectationVsReality,1lqdmv3,This orange from our tree 🥹,9051,https://reddit.com/r/ExpectationVsReality/comments/1lqdmv3/this_orange_from_our_tree/,https://i.redd.it/41xa89zofkaf1.jpeg,"I don’t have a before picture but you can imagine it looked like a delicious juicy orange. 
Image Description: a person holding two halves of an orange",1751507717.0,0.99,9051,0,Failed Expectation,PsychologicalTea3426,151,True,1,False,image
ExpectationVsReality,1lqo8hl,Mortal pizza,956,https://reddit.com/r/ExpectationVsReality/comments/1lqo8hl/mortal_pizza/,https://www.reddit.com/gallery/1lqo8hl,"My daughter and her friend made a mortal pizza 😂
Image Description: a pizza with a cat on top of it 
Image Description: expectativa - a pizza with a dragon on it",1751545470.0,0.98,956,0,Failed Expectation,Practical-Choice7731,27,True,2,True,text
ExpectationVsReality,1lqozfh,Sweet Loren’s Less Sugar Chocolate Chunk is Chunky Alright,144,https://reddit.com/r/ExpectationVsReality/comments/1lqozfh/sweet_lorens_less_sugar_chocolate_chunk_is_chunky/,https://www.reddit.com/gallery/1lqozfh,"Before anyone asks: These are frozen, premade dough you just put on a sheet to bake. Yes, my oven works just fine as I bake all the time with no issues on other items. I even had to get this to bake longer than the package recommends because 325F for fifteen minutes was not enough time. Having said all that: It still tasted good despite the agg and look.
Image Description: a cookie on a counter 
Image Description: sweet loren's chocolate chunk cookies 
Image Description: a person holding a cookie in their hand",1751547630.0,0.96,144,0,Failed Expectation,JamUpGuy1989,24,True,3,True,text
ExpectationVsReality,1lq8k87,Kayaking shirt was was printed with text right side up completely ruining the joke,1208,https://reddit.com/r/ExpectationVsReality/comments/1lq8k87/kayaking_shirt_was_was_printed_with_text_right/,https://i.redd.it/ly1tdo3i3jaf1.jpeg,"
Image Description: two shirts that say if you can read this i have a large chest",1751493409.0,0.99,1208,0,Failed Expectation,arkiser13,26,True,1,False,image
ExpectationVsReality,1lplbhg,"Ordered: Stone Bath Mat, Got: Giant Mouse Pad",1360,https://reddit.com/r/ExpectationVsReality/comments/1lplbhg/ordered_stone_bath_mat_got_giant_mouse_pad/,https://www.reddit.com/gallery/1lplbhg,"Ordered the stone bath mat shown in the first photo, priced around $70–$80. It took about six weeks to arrive, and when it finally did, it was a “mat” made of mouse pad material with a printed stone design on top
Image Description: a table with a black and white napkin on it 
Image Description: a bathroom with a text that says fast absorbing stone bath mat",1751425870.0,0.98,1360,0,Failed Expectation,readycent,60,True,2,True,text
ExpectationVsReality,1lpl67b,Woolworths meal for one,390,https://reddit.com/r/ExpectationVsReality/comments/1lpl67b/woolworths_meal_for_one/,https://www.reddit.com/gallery/1lpl67b,"Woolworths “meal for one” garlic chicken - made with “real chicken breast”.. 🤔

Slop. Barely above prison food. Got a few bites in and had to bin it. 0/10 and I wouldn’t even give the leftovers to a stray dog. 
Image Description: a green box with a picture of food inside 
Image Description: a white container with rice and meat inside",1751425423.0,0.97,390,0,Failed Expectation,Spagman_Aus,33,True,2,True,text
ExpectationVsReality,1lpbcy2,Togo’s Pretzelrami sandwich,401,https://reddit.com/r/ExpectationVsReality/comments/1lpbcy2/togos_pretzelrami_sandwich/,https://www.reddit.com/gallery/1lpbcy2,"
Image Description: togo's pretzelrami returns 
Image Description: a sandwich with meat on a bagel",1751399028.0,0.99,401,0,Failed Expectation,CVTHIZZKID,18,True,2,True,text
ExpectationVsReality,1lphrp1,Bird's Eye Power Blend Quinoa & Spinach.,170,https://reddit.com/r/ExpectationVsReality/comments/1lphrp1/birds_eye_power_blend_quinoa_spinach/,https://www.reddit.com/gallery/1lphrp1,"Pretty close, and very tasty.
Image Description: a plate of food with corn, beans and vegetables 
Image Description: a bag of power blend mixed with a bowl of food",1751415193.0,0.88,170,0,Surprisingly Met Expectation,blancolobosBRC,43,True,2,True,text
ExpectationVsReality,1lp0z8p,Greek salad,663,https://reddit.com/r/ExpectationVsReality/comments/1lp0z8p/greek_salad/,https://www.reddit.com/gallery/1lp0z8p,"It said with crumbled feta and kalamata olives........ What i get for ordering from a dark kitchen.
Image Description: a plate of food is shown on a phone screen 
Image Description: a white container with cucumbers, tomatoes, and olives",1751374649.0,0.98,663,0,Failed Expectation,Maleficent_Studio_82,44,True,2,True,text
ExpectationVsReality,1lp0rt7,Tillamook  BBQ Chicken Pizza,285,https://reddit.com/r/ExpectationVsReality/comments/1lp0rt7/tillamook_bbq_chicken_pizza/,https://www.reddit.com/gallery/1lp0rt7,"Gotta say, it was one of the best frozen BBQ chicken pizzas I’ve had and looked way better than the box advertised.
Image Description: a box of tillamook cheesy bbq chicken pizza 
Image Description: a pizza on a pan",1751374073.0,0.97,285,0,Exceeded Expectation,Shitty_IT_Guy,13,True,2,True,text
ExpectationVsReality,1lor8a7,Got a caricature done of our dogs today,407,https://reddit.com/r/ExpectationVsReality/comments/1lor8a7/got_a_caricature_done_of_our_dogs_today/,https://www.reddit.com/gallery/1lor8a7,"
Image Description: two dogs wearing angel wings on their heads 
Image Description: a drawing of a dog and a cat",1751339583.0,0.94,407,0,Surprisingly Met Expectation,Thedudetteabides311,41,True,2,True,text
ExpectationVsReality,1lojbdy,This chocolate explosion cookie was a dud,757,https://reddit.com/r/ExpectationVsReality/comments/1lojbdy/this_chocolate_explosion_cookie_was_a_dud/,https://www.reddit.com/gallery/1lojbdy,"
Image Description: a cookie is shown on a piece of paper 
Image Description: a person holding a cookie with a bird on it 
Image Description: a close up of a cookie with chocolate chips",1751317701.0,0.98,757,0,Failed Expectation,sugurkewbz,39,True,3,True,text
ExpectationVsReality,1lojya6,HEB salisbury steak TV dinner,242,https://reddit.com/r/ExpectationVsReality/comments/1lojya6/heb_salisbury_steak_tv_dinner/,https://i.redd.it/somtu068v4af1.jpeg,"
Image Description: a black tray with a steak, potatoes, and vegetables",1751319231.0,0.99,242,0,Exceeded Expectation,MountainTitan,21,True,1,False,image
ExpectationVsReality,1lpb15q,I was expecting too much maybe,3,https://reddit.com/r/ExpectationVsReality/comments/1lpb15q/i_was_expecting_too_much_maybe/,https://www.reddit.com/gallery/1lpb15q,😂,1751398268.0,0.52,3,0,Failed Expectation,Ok_Dependent_233,15,True,2,True,text
ExpectationVsReality,1logcag,Katz Gluten-Free Glazed Donuts,261,https://reddit.com/r/ExpectationVsReality/comments/1logcag/katz_glutenfree_glazed_donuts/,https://i.redd.it/vzjc8emq54af1.jpeg,"
Image Description: a box of katz glazed donuts on a table",1751310674.0,0.95,261,0,Surprisingly Met Expectation,Dry-Double-6845,20,True,1,False,image
ExpectationVsReality,1lnwsep,My first needle felt project.,4736,https://reddit.com/r/ExpectationVsReality/comments/1lnwsep/my_first_needle_felt_project/,https://i.redd.it/yic2kv64bz9f1.jpeg,"
Image Description: a stuffed animal sitting on top of a keyboard",1751251934.0,0.99,4736,0,Failed Expectation,LegendOfDeku,103,True,1,False,image
ExpectationVsReality,1loelf0,Kroger's 3 Minute Microwave Pizza.,183,https://reddit.com/r/ExpectationVsReality/comments/1loelf0/krogers_3_minute_microwave_pizza/,https://www.reddit.com/gallery/1loelf0,"Not exactly similar, but very tasty for being so cheap.
Image Description: a pizza on a plate 
Image Description: a box of a microwave pizza with a slice missing",1751306663.0,0.95,183,0,Surprisingly Met Expectation,blancolobosBRC,64,True,2,True,text
ExpectationVsReality,1lo45r5,Ice cream sandwich inspired cookie,135,https://reddit.com/r/ExpectationVsReality/comments/1lo45r5/ice_cream_sandwich_inspired_cookie/,https://i.redd.it/tufduwvnl1af1.jpeg,"I went in with no expectations and still was disappointed 
Image Description: a person holding a bag of ice cream sandwich cookies",1751279694.0,0.97,135,0,Failed Expectation,Meanpeachx,9,True,1,False,image
ExpectationVsReality,1lnx3f4,Expectations vs reality,508,https://reddit.com/r/ExpectationVsReality/comments/1lnx3f4/expectations_vs_reality/,https://www.reddit.com/gallery/1lnx3f4,"Change I Wanted: white instead of black
Image Description: a woman with colorful nails and a white mani 
Image Description: a woman's hand with colorful nail art on it",1751252933.0,0.92,508,0,Exceeded Expectation,Xxsakura_mochixX,16,True,2,True,text
ExpectationVsReality,1lnk8fn,Womp womp..,2192,https://reddit.com/r/ExpectationVsReality/comments/1lnk8fn/womp_womp/,https://www.reddit.com/gallery/1lnk8fn,"We had requested just a two tier. But also still requested the words to be added to the cake as well. Two words on each tier. Very disappointing as this was for our wedding and we didn't even set it out. 
Image Description: a cake sitting in a box with a box on top 
Image Description: a cake with the words they love on it",1751217843.0,0.95,2192,0,Failed Expectation,DevilSwine86,112,True,2,True,text
ExpectationVsReality,1lnv015,"Impossible Whopper, Burger King.",343,https://reddit.com/r/ExpectationVsReality/comments/1lnv015/impossible_whopper_burger_king/,https://www.reddit.com/gallery/1lnv015,"Not entirely a visual match, however it's very, very good. With added cheese, of course.
Image Description: the burger king app is displayed on the phone 
Image Description: a person holding a large hamburger with cheese and meat",1751246289.0,0.92,343,0,Surprisingly Met Expectation,blancolobosBRC,66,True,2,True,text
ExpectationVsReality,1lnns4y,Pepperidge Farms Mozzarella & Monterey Jack Texas Toast,359,https://reddit.com/r/ExpectationVsReality/comments/1lnns4y/pepperidge_farms_mozzarella_monterey_jack_texas/,https://i.redd.it/r4g3du0p7x9f1.jpeg,"Have seen photos where no cheese on Texas toast. Good amount - fantastic! 
Image Description: texas toast mozzarella cheese",1751226593.0,0.98,359,0,Exceeded Expectation,Dry-Double-6845,19,True,1,False,image
ExpectationVsReality,1lnlgyf,What Shaq Promised vs What I Got,474,https://reddit.com/r/ExpectationVsReality/comments/1lnlgyf/what_shaq_promised_vs_what_i_got/,https://www.reddit.com/gallery/1lnlgyf,"It could have been worse.
Image Description: shaq and luis gummies 
Image Description: a person holding a blue plastic face with a smile",1751220858.0,0.88,474,0,Failed Expectation,Penguinpowell,49,True,2,True,text
ExpectationVsReality,1ln11ye,What they asked for vs. what I delivered – wedding cake edition,6073,https://reddit.com/r/ExpectationVsReality/comments/1ln11ye/what_they_asked_for_vs_what_i_delivered_wedding/,https://www.reddit.com/gallery/1ln11ye,"The couple sent me their inspo photo (1), and this was my take on it(2)!
Everything handmade and customized to match their colors and vibe.
Happy to say they were thrilled with the final result — and honestly, so was I.
Image Description: a wedding cake with gold and white decorations 
Image Description: a white cake with gold trim sitting on a table",1751155203.0,0.97,6073,0,Surprisingly Met Expectation,edochkn,117,True,2,True,text
ExpectationVsReality,1lmk9gp,"Cinnamonroll birthday cake, what I sent vs what I got…",18664,https://reddit.com/r/ExpectationVsReality/comments/1lmk9gp/cinnamonroll_birthday_cake_what_i_sent_vs_what_i/,https://www.reddit.com/gallery/1lmk9gp,"Why is it throwing it back…
Image Description: a cake with a polar bear on it 
Image Description: a blue cake with a white bunny on top",1751109005.0,0.98,18664,0,Failed Expectation,migasfire,396,True,2,True,text
ExpectationVsReality,1ln1xxl,Asked for a mix of the two. I’d say job well done!,426,https://reddit.com/r/ExpectationVsReality/comments/1ln1xxl/asked_for_a_mix_of_the_two_id_say_job_well_done/,https://www.reddit.com/gallery/1ln1xxl,"
Image Description: a white wedding cake with the words bride to be written on it 
Image Description: a white heart shaped cake with the words bride to be written on it 
Image Description: a white cake with a name on it",1751157928.0,0.98,426,0,Exceeded Expectation,walmartteacups,4,True,3,True,text
ExpectationVsReality,1lmqd93,Gingerbread ninja cookie—nailed it!,1753,https://reddit.com/r/ExpectationVsReality/comments/1lmqd93/gingerbread_ninja_cookienailed_it/,https://www.reddit.com/gallery/1lmqd93,"
Image Description: gingerbread men - christmas cookie cutter 
Image Description: gingerbread cookies with chocolate icing and sprinkles",1751126626.0,0.98,1753,0,Failed Expectation,Slowloris81,51,True,2,True,text
ExpectationVsReality,1lmzwej,I am so upset…,345,https://reddit.com/r/ExpectationVsReality/comments/1lmzwej/i_am_so_upset/,https://i.redd.it/8he35nad1r9f1.jpeg,"
Image Description: a box of tastez on a counter next to some mozzarella sticks",1751151800.0,0.95,345,0,Failed Expectation,Moongoofey,43,True,1,False,image
ExpectationVsReality,1lmnvyl,We used to be a proper country,1324,https://reddit.com/r/ExpectationVsReality/comments/1lmnvyl/we_used_to_be_a_proper_country/,https://www.reddit.com/gallery/1lmnvyl,"
Image Description: a screenshot of the app for a donut shop 
Image Description: two rocks with blue and white crystals on them",1751120259.0,0.99,1324,0,Failed Expectation,katzenjammer360,59,True,2,True,text
ExpectationVsReality,1lmqn6x,Pretty satisfied with the result.,704,https://reddit.com/r/ExpectationVsReality/comments/1lmqn6x/pretty_satisfied_with_the_result/,https://www.reddit.com/gallery/1lmqn6x,"
Image Description: a cake with a figurine of a bear on top 
Image Description: a cake with a mouse and a sword on top",1751127320.0,0.99,704,0,Surprisingly Met Expectation,Maskotaman,8,True,2,True,text
ExpectationVsReality,1lmqakb,"Happy 93rd Birthday, Mom!",202,https://reddit.com/r/ExpectationVsReality/comments/1lmqakb/happy_93rd_birthday_mom/,https://www.reddit.com/gallery/1lmqakb,"Wow. Just wow.
Image Description: florist - screenshot 
Image Description: a vase with yellow flowers on a table",1751126450.0,0.96,202,0,Failed Expectation,SeleneEM59,18,True,2,True,text
ExpectationVsReality,1lm9c2n,30th birthday cake,2763,https://reddit.com/r/ExpectationVsReality/comments/1lm9c2n/30th_birthday_cake/,https://www.reddit.com/gallery/1lm9c2n,"I just…..what?
Image Description: a birthday cake in a box with a heart shape 
Image Description: a cake with a colorful design on top",1751069667.0,0.98,2763,0,Failed Expectation,kisforkatface,88,True,2,True,text
ExpectationVsReality,1lme85j,Trader Joe's Pad Thai.,233,https://reddit.com/r/ExpectationVsReality/comments/1lme85j/trader_joes_pad_thai/,https://www.reddit.com/gallery/1lme85j,"Very close and very vibrant tasting.
Image Description: a package of thai vegetables in a bowl 
Image Description: a plate of noodles with chicken and vegetables",1751085546.0,0.98,233,0,Surprisingly Met Expectation,blancolobosBRC,12,True,2,True,text
ExpectationVsReality,1llqgsy,Friends baby shower cake,3471,https://reddit.com/r/ExpectationVsReality/comments/1llqgsy/friends_baby_shower_cake/,https://www.reddit.com/gallery/1llqgsy,"The Inspo she gave vs the cake she got. Apparently it was expensive. 
Image Description: a cake with a bow on top of it 
Image Description: a cake with a bow on top of it",1751020070.0,0.98,3471,0,Failed Expectation,yolk3d,97,True,2,True,text
ExpectationVsReality,1lm0ko1,Cheeto pretzel bites failure,722,https://reddit.com/r/ExpectationVsReality/comments/1lm0ko1/cheeto_pretzel_bites_failure/,https://www.reddit.com/gallery/1lm0ko1,"
Image Description: a person holding a bowl of food in a store 
Image Description: a sign for a restaurant with a menu and a sign for a chicken sandwich",1751047160.0,0.99,722,0,Failed Expectation,kill_the_corrupt,29,True,2,True,text
ExpectationVsReality,1ll9lmk,I guess I should have known better... Tik tok shop.,3530,https://reddit.com/r/ExpectationVsReality/comments/1ll9lmk/i_guess_i_should_have_known_better_tik_tok_shop/,https://www.reddit.com/gallery/1ll9lmk,"Found an awesome godzilla playing a guitar shirt that my kid would love! The first Pic, the listing has the water mark right in the middle of the photo.. With the ""mission tread"" watermark for display only will not appear on shirt"".. 

Well the watermark didn't appear on the shirt, but the warning did! 

I contacted the shop, awaiting a reply.. Lol. 
Image Description: a screenshot of a godzilla guitar on the app 
Image Description: godzilla t-shirt with a yellow text 
Image Description: a shirt with a godzilla on it with a guitar",1750966965.0,0.98,3530,0,Failed Expectation,macneto,104,True,3,True,text
ExpectationVsReality,1llbzcp,Dunkin’s Star Spangled donut,1153,https://reddit.com/r/ExpectationVsReality/comments/1llbzcp/dunkins_star_spangled_donut/,https://www.reddit.com/gallery/1llbzcp,"I was so looking forward to this too. A doughnut is a doughnut and still a win, but I wanted the cool star shaped donut with the frosting. 
Image Description: a blue donut with white sprinkles 
Image Description: dunkin' star spangled donut ad",1750972684.0,0.98,1153,0,Failed Expectation,draculasbloodtype,43,True,2,True,text
ExpectationVsReality,1ller35,I just wanna know how & why,660,https://reddit.com/r/ExpectationVsReality/comments/1ller35/i_just_wanna_know_how_why/,https://www.reddit.com/gallery/1ller35,"it was extremely thin and way too dry. 1/4 was pretty much just dough, cheese and sauce. 

never saw anything even close to this abomination of a pizza - still ate it bcs hungry af
Image Description: a pizza with broccoli and cheese on it 
Image Description: a pizza with broccoli on it",1750979855.0,0.99,660,0,Failed Expectation,dat_oracle,36,True,2,True,text
ExpectationVsReality,1lld3os,Didn’t have high hopes…,374,https://reddit.com/r/ExpectationVsReality/comments/1lld3os/didnt_have_high_hopes/,https://www.reddit.com/gallery/1lld3os,"They were beautiful and delicious for my charcuterie board. Expectations wasn’t exceeded as the colors weren’t as vibrant (of course). But there were plenty of flowers on every piece. 
Image Description: flower co natural dreamers no 1 
Image Description: a person holding a bag of dried herbs 
Image Description: a person holding a piece of crackers with herbs on it",1750975515.0,0.98,374,0,Surprisingly Met Expectation,Unusual-Cow1859,6,True,3,True,text
ExpectationVsReality,1ll9lt8,I guess I should have known better... Tik tok shop.,164,https://reddit.com/r/ExpectationVsReality/comments/1ll9lt8/i_guess_i_should_have_known_better_tik_tok_shop/,https://www.reddit.com/gallery/1ll9lt8,"Found an awesome godzilla playing a guitar shirt that my kid would love! The first Pic, the listing has the water mark right in the middle of the photo.. With the ""mission tread"" watermark for display only will not appear on shirt"".. 

Well the watermark didn't appear on the shirt, but the warning did! 

I contacted the shop, awaiting a reply.. Lol. 
Image Description: godzilla t-shirt with a yellow text 
Image Description: a screenshot of a godzilla guitar on the app 
Image Description: a shirt with a godzilla on it with a guitar",1750966979.0,0.93,164,0,Failed Expectation,macneto,10,True,3,True,text
ExpectationVsReality,1lkiaxk,Lidl crochet amigurumi kit,4618,https://reddit.com/r/ExpectationVsReality/comments/1lkiaxk/lidl_crochet_amigurumi_kit/,https://www.reddit.com/gallery/1lkiaxk,"This is the first crochet thing I've ever made, the instructions were clear and the result is super cute! The yarn was slightly horrible to use but for £3.99 I can't complain!
Image Description: a crocheted ice cream cone is held in someone's hand 
Image Description: crelando crochet set ice cream",1750887342.0,0.99,4618,0,Exceeded Expectation,FalseAsphodel,54,True,2,True,text
ExpectationVsReality,1lkfhu8,"Mason Dixie Sausage, Egg & Cheese Croissan’wich",1034,https://reddit.com/r/ExpectationVsReality/comments/1lkfhu8/mason_dixie_sausage_egg_cheese_croissanwich/,https://i.redd.it/dq8vgu28n49f1.jpeg,"Breakfast Sando! 
Image Description: a sandwich with an egg on it",1750880725.0,0.97,1034,0,Exceeded Expectation,Dry-Double-6845,38,True,1,False,image
ExpectationVsReality,1lknnre,Bird's Eye Asian Medley.,305,https://reddit.com/r/ExpectationVsReality/comments/1lknnre/birds_eye_asian_medley/,https://www.reddit.com/gallery/1lknnre,"Another beauty from Bird's Eye.
Image Description: a plate of mixed vegetables with carrots and broccoli 
Image Description: a bag of frozen vegetables in a white bowl",1750901836.0,0.83,305,0,Exceeded Expectation,blancolobosBRC,32,True,2,True,text
ExpectationVsReality,1ljj5lu,wasted money,3914,https://reddit.com/r/ExpectationVsReality/comments/1ljj5lu/wasted_money/,https://www.reddit.com/gallery/1ljj5lu,"
Image Description: a can of del monte no sugar added very cherry 
Image Description: a purple bowl with a spoon and some food in it",1750790231.0,0.97,3914,0,Failed Expectation,bandwhoring,129,True,2,True,text
ExpectationVsReality,1ljs073,Bird's Eye Rotini With Garlic Butter And Vegetables.,877,https://reddit.com/r/ExpectationVsReality/comments/1ljs073/birds_eye_rotini_with_garlic_butter_and_vegetables/,https://www.reddit.com/gallery/1ljs073,"Pretty accurate, and pretty good as well.
Image Description: a plate of pasta with carrots and broccoli 
Image Description: a package of pasta with vegetables in it",1750812121.0,0.94,877,0,Exceeded Expectation,blancolobosBRC,59,True,2,True,text
ExpectationVsReality,1ljw915,Hostess Coffee Cakes.,130,https://reddit.com/r/ExpectationVsReality/comments/1ljw915/hostess_coffee_cakes/,https://www.reddit.com/gallery/1ljw915,"This is only an aesthetic based expectation fail. The taste is very, very good.
Image Description: hostess cinnamon streusel coffee cakes 
Image Description: a person holding a half eaten donut in their hand 
Image Description: a box of cinnamon rolls sitting on a table",1750825111.0,0.82,130,0,Failed Expectation,blancolobosBRC,27,True,3,True,text
ExpectationVsReality,1ljjlvz,No name deluxe pizza 👌,349,https://reddit.com/r/ExpectationVsReality/comments/1ljjlvz/no_name_deluxe_pizza/,https://www.reddit.com/gallery/1ljjlvz,"
Image Description: a box of pizza with a slice missing 
Image Description: a pizza with pepperoni, mushrooms, and onions",1750791255.0,0.98,349,0,Surprisingly Met Expectation,Sewergoddess,29,True,2,True,text
ExpectationVsReality,1ljmsyy,Meiji Hello Panda Caramel.,112,https://reddit.com/r/ExpectationVsReality/comments/1ljmsyy/meiji_hello_panda_caramel/,https://www.reddit.com/gallery/1ljmsyy,"The aesthetic isn't entirely similar, but they taste great.
Image Description: a person holding a small pastry in their hand 
Image Description: a person holding a bag of panda caramel 
Image Description: a person holding a half eaten cookie 
Image Description: a packet of hello panda caramel candy sitting on the window sill",1750798659.0,0.9,112,0,Surprisingly Met Expectation,blancolobosBRC,19,True,4,True,text
ExpectationVsReality,1lj692x,Chocolate biscuits bought in New Zealand - no biscuits have been removed from the pack after opening.,776,https://reddit.com/r/ExpectationVsReality/comments/1lj692x/chocolate_biscuits_bought_in_new_zealand_no/,https://www.reddit.com/gallery/1lj692x,"
Image Description: griffins chit chat chocolate bar 
Image Description: a person holding a bag of chocolate chips",1750756033.0,0.98,776,0,Failed Expectation,jazzcomputer,37,True,2,True,text
ExpectationVsReality,1lirqwa,Pistachio Rose Love Cake! I spent 5 hours on this 🥰,7246,https://reddit.com/r/ExpectationVsReality/comments/1lirqwa/pistachio_rose_love_cake_i_spent_5_hours_on_this/,https://www.reddit.com/gallery/1lirqwa,"
Image Description: a slice of cake on a plate next to a plate of cake 
Image Description: a pink cake with a slice taken out of it",1750711114.0,0.98,7246,0,Failed Expectation,xancro,237,True,2,True,text
ExpectationVsReality,1limglk,The bouquet my husband gave me when he popped the question,5690,https://reddit.com/r/ExpectationVsReality/comments/1limglk/the_bouquet_my_husband_gave_me_when_he_popped_the/,https://www.reddit.com/gallery/1limglk,"I love unicorns 
Image Description: a basket with a unicorn in it with flowers 
Image Description: a basket with flowers and a unicorn head",1750699036.0,0.99,5690,0,Failed Expectation,phage_rage,147,True,2,True,text
ExpectationVsReality,1livsoj,Bird's Eye Penne With Alfredo And Vegetables.,587,https://reddit.com/r/ExpectationVsReality/comments/1livsoj/birds_eye_penne_with_alfredo_and_vegetables/,https://www.reddit.com/gallery/1livsoj,"Another good one from Bird's Eye. Aesthetically it's pretty close, and it tasted pretty good.
Image Description: a plate of pasta with peas, corn and tomatoes 
Image Description: a package of pasta and vegetables",1750721047.0,0.96,587,0,Exceeded Expectation,blancolobosBRC,36,True,2,True,text
ExpectationVsReality,1li0mac,The traditional sopa de pollo I wanted and usually make myself vs what I got at a Salvadorian restaurant for $20…,1773,https://reddit.com/r/ExpectationVsReality/comments/1li0mac/the_traditional_sopa_de_pollo_i_wanted_and/,https://www.reddit.com/gallery/1li0mac,"I’m still just so confused why they dropped the ball so hard on this. It tasted like powder chicken broth from a cup noodle ramen and the chicken was not even strewed into the soup
Image Description: two plates of soup on a stove top 
Image Description: a man sitting at a table with a plate of food",1750631566.0,0.97,1773,0,Failed Expectation,PizzaElf420,83,True,2,True,text
ExpectationVsReality,1li7awh,Mother’s Day Flowers,528,https://reddit.com/r/ExpectationVsReality/comments/1li7awh/mothers_day_flowers/,https://www.reddit.com/gallery/1li7awh,"I specifically ordered the blueish flowers with a blue vase because blue is my mom’s favourite colour. The florist really said “we’re gonna give her the complete opposite - no blue at all”. My dad told me that they arrived in a clear vase.
Image Description: blue and white flowers in a vase 
Image Description: a bouquet of flowers sitting on a wooden table",1750652115.0,0.96,528,0,Failed Expectation,nrmmmmrn,15,True,2,True,text
ExpectationVsReality,1liekl1,Wall's Sausage Rolls,124,https://reddit.com/r/ExpectationVsReality/comments/1liekl1/walls_sausage_rolls/,https://www.reddit.com/gallery/1liei2b,,1750679525.0,0.95,124,0,Failed Expectation,stylish_etchings,15,False,0,False,text
ExpectationVsReality,1lhqo79,This pizza I got for $1.75,4318,https://reddit.com/r/ExpectationVsReality/comments/1lhqo79/this_pizza_i_got_for_175/,https://i.redd.it/nhiq6tjbzh8f1.jpeg,"Tasted pretty damn good too.
Image Description: a box of pizza with vegetables on it",1750606301.0,0.98,4318,0,Exceeded Expectation,Weary_World,87,True,1,False,image
ExpectationVsReality,1lhsqaq,"Hair inspo, I think she nailed it",611,https://reddit.com/r/ExpectationVsReality/comments/1lhsqaq/hair_inspo_i_think_she_nailed_it/,https://i.redd.it/bgxmg2puei8f1.jpeg,"
Image Description: a woman with blonde hair and a phone with a photo of her",1750611524.0,0.96,611,0,Exceeded Expectation,skycabbage,22,True,1,False,image
ExpectationVsReality,1lhmp3k,This cookie we got for my aunts birthday,1177,https://reddit.com/r/ExpectationVsReality/comments/1lhmp3k/this_cookie_we_got_for_my_aunts_birthday/,https://www.reddit.com/gallery/1lhmp3k,"
Image Description: a birthday cake with the words happy birthday written on it 
Image Description: a cookie cake with the words happy birthday written on it",1750595252.0,0.85,1177,0,Surprisingly Met Expectation,Femboy_-Enthusiast,120,True,2,True,text
ExpectationVsReality,1lhpxx6,"What I ordered, what I got!",257,https://reddit.com/r/ExpectationVsReality/comments/1lhpxx6/what_i_ordered_what_i_got/,https://www.reddit.com/gallery/1lgl731,,1750604434.0,0.84,257,0,Failed Expectation,Charleen21,69,False,0,False,text
ExpectationVsReality,1lh7otx,Stouffer’s Romano Crusted Chicken,4369,https://reddit.com/r/ExpectationVsReality/comments/1lh7otx/stouffers_romano_crusted_chicken/,https://i.redd.it/jm7diyb2pc8f1.jpeg,"Great frozen meal!
Image Description: a box of stouffer's romano chicken casserole",1750542329.0,0.98,4369,0,Exceeded Expectation,Dry-Double-6845,113,True,1,False,image
ExpectationVsReality,1lh0p0g,Made a last minute cake order and the baker did better than what I expected,5440,https://reddit.com/r/ExpectationVsReality/comments/1lh0p0g/made_a_last_minute_cake_order_and_the_baker_did/,https://www.reddit.com/gallery/1lh0p0g,"

Image Description: a heart shaped cake 
Image Description: a pink heart shaped cake with cherry candles on top",1750523674.0,0.98,5440,0,Surprisingly Met Expectation,mang0nificent,55,True,2,True,text
ExpectationVsReality,1lh6mcs,Online Walmart birthday cake picture versus reality...,1167,https://reddit.com/r/ExpectationVsReality/comments/1lh6mcs/online_walmart_birthday_cake_picture_versus/,https://www.reddit.com/gallery/1lh6mcs,"My wife's friend received this abomination from Walmart.
Image Description: a birthday cake with writing on it 
Image Description: sweet celebration 10 layer cake",1750539365.0,0.98,1167,0,Failed Expectation,npMOSFET,43,True,2,True,text
ExpectationVsReality,1lh8yjx,Father’s Day edible arranagements,762,https://reddit.com/r/ExpectationVsReality/comments/1lh8yjx/fathers_day_edible_arranagements/,https://www.reddit.com/gallery/1lh8yjx,"
Image Description: a bag of fruit in a plastic bag 
Image Description: fruit bouquet for dad",1750545984.0,0.86,762,0,Failed Expectation,Powerful_Profit_7185,48,True,2,True,text
ExpectationVsReality,1lh7et8,Sandwich.,208,https://reddit.com/r/ExpectationVsReality/comments/1lh7et8/sandwich/,https://www.reddit.com/gallery/1lh7et8,"
Image Description: a person holding a sandwich with eggs and cheese 
Image Description: a person holding a sandwich with an egg on it",1750541553.0,0.94,208,0,Failed Expectation,Stereo_bfs,5,True,2,True,text
