subreddit,post_id,post_title,post_score,post_url,post_content_url,post_text,timestamp,post_upvote_ratio,post_ups,post_total_awards_received,post_link_flair_text,post_author,post_num_comments,has_images,num_images,is_gallery,content_type
GetMotivated,10fvwtm,YouTube links & Crossposts are now banned in r/GetMotivated,157,https://reddit.com/r/GetMotivated/comments/10fvwtm/youtube_links_crossposts_are_now_banned_in/,https://www.reddit.com/r/GetMotivated/comments/10fvwtm/youtube_links_crossposts_are_now_banned_in/,"**The mod team has decided that YouTube links & crossposts will no longer be allowed on the sub.**

There is just so much promotional YouTube spam and it's drowning out the actual motivational content. Auto-moderator will now remove any YouTube links that are posted. They are usually self-promotion and/or spam and do not contribute to the theme of r/GetMotivated

Crossposts are banned for the reason being that they are seen as very low effort, used by karma farming accounts, and encourage spam, as any time some motivational post is posted on another sub, this sub can get inundated with crossposts.

So, crossposts and YouTube links are now officially banned from r/GetMotivated

However, We encourage you to Upload your motivational videos directly to the subreddit, using Reddit's [video posting tool](https://www.redditinc.com/blog/video-is-coming-to-reddit/). You can upload up to 15-minute videos as MP4s this way.

Thanks, Stay Motivated!",1674114356.0,0.94,157,0,Announcement,Chasith,71,False,0,False,text
GetMotivated,1np5b6x,[image] one life give it all,4966,https://reddit.com/r/GetMotivated/comments/1np5b6x/image_one_life_give_it_all/,https://i.redd.it/qwl43xb782rf1.png,"
Image Description: confucius quote",1758696694.0,0.97,4966,0,IMAGE,durvedya,50,True,1,False,image
GetMotivated,1np9a7g,[image] impress yourself,2010,https://reddit.com/r/GetMotivated/comments/1np9a7g/image_impress_yourself/,https://i.redd.it/42ppkp4fi3rf1.png,"
Image Description: christopher walken quotes",1758712237.0,0.99,2010,0,IMAGE,durvedya,4,True,1,False,image
GetMotivated,1npg0z9,[image] The journey to get where you want to be is the real deal. Enjoy it,503,https://reddit.com/r/GetMotivated/comments/1npg0z9/image_the_journey_to_get_where_you_want_to_be_is/,https://i.redd.it/ci3j9yryx4rf1.png,"
Image Description: be proud of every fucking step you take",1758729570.0,1.0,503,0,IMAGE,durvedya,2,True,1,False,image
GetMotivated,1npkgj3,"[image] one day you would not have any time to do , what you always wanted to do. Live now.",141,https://reddit.com/r/GetMotivated/comments/1npkgj3/image_one_day_you_would_not_have_any_time_to_do/,https://i.redd.it/v8ywmjwtr5rf1.png,"
Image Description: 20 years from now, you'd give anything to be",1758739620.0,0.97,141,0,IMAGE,durvedya,3,True,1,False,image
GetMotivated,1np7b78,[IMAGE] Take the leap,329,https://reddit.com/r/GetMotivated/comments/1np7b78/image_take_the_leap/,https://i.redd.it/pulloe1hw2rf1.png,"
Image Description: either you take the risk or work for someone who did",1758704874.0,0.77,329,0,IMAGE,Unlucky_Freedom_9960,76,True,1,False,image
GetMotivated,1np0pbc,"[image] take care of yourself, it is the only place where you have to live *in* .",916,https://reddit.com/r/GetMotivated/comments/1np0pbc/image_take_care_of_yourself_it_is_the_only_place/,https://i.redd.it/h88byedux0rf1.png,"
Image Description: your brain doesn't need more cheap poppy",1758681103.0,0.98,916,0,IMAGE,durvedya,8,True,1,False,image
GetMotivated,1noo45x,[image] Pull yourself out of helplessness. It would be worth it,4718,https://reddit.com/r/GetMotivated/comments/1noo45x/image_pull_yourself_out_of_helplessness_it_would/,https://i.redd.it/ketaabmubyqf1.png,"
Image Description: the only person coming to save you is the version of yourself that's tired of your current situation",1758649493.0,0.98,4718,0,IMAGE,durvedya,30,True,1,False,image
GetMotivated,1np73wp,"[image] Good advice from ""Life's Little Instruction Book""",269,https://reddit.com/r/GetMotivated/comments/1np73wp/image_good_advice_from_lifes_little_instruction/,https://i.imgur.com/nyTuI0B.png,"
Image Description: a book with a pink arrow pointing to the page",1758704061.0,0.85,269,0,IMAGE,EndersGame_Reviewer,38,True,1,False,image
GetMotivated,1np9967,[Image] The last 20% of work takes 80% of the effort. It's getting tough.,155,https://reddit.com/r/GetMotivated/comments/1np9967/image_the_last_20_of_work_takes_80_of_the_effort/,https://i.imgur.com/MGJV11Y.jpeg,"
Image Description: motivation quotes, motivation quotes, motivation quotes for motivation, motivation quotes for motivation, motivation quotes for motivation, motivation quotes for motivation, motivation quotes for",1758712139.0,0.98,155,0,IMAGE,thepinea,2,True,1,False,image
GetMotivated,1np5yo3,[IMAGE] Become Someone Who Raises Others,74,https://reddit.com/r/GetMotivated/comments/1np5yo3/image_become_someone_who_raises_others/,https://i.redd.it/6cfl6zssf2rf1.png,"
Image Description: associate with people who make you better, not those who make you better",1758699249.0,0.8,74,0,IMAGE,Spiritual-Worth6348,4,True,1,False,image
GetMotivated,1npcx91,[Discussion] Self improvement vs my exes criticisms - how do I seperate them ?,19,https://reddit.com/r/GetMotivated/comments/1npcx91/discussion_self_improvement_vs_my_exes_criticisms/,https://www.reddit.com/r/GetMotivated/comments/1npcx91/discussion_self_improvement_vs_my_exes_criticisms/,"I just came out of a turbulent 5-year relationship. My ex is now considered “successful” — he went from being lost in life to running a small business, having side projects take off, and generally looking like he’s thriving. I can’t deny that he’s grown a lot in the years we were together.

But especially in the last 3 years, his words toward me became deeply damaging. He wanted me to “match his growth,” and when I couldn’t, his resentment showed up as constant criticism:

* You’re useless/deadweight and undisciplined
* You’re boring, with no sense of self
* You’re a loser and replaceable
* You’re a coward


He’d taunt me with things like:

* If you really wanted to be someone, you’d prove me wrong.

* If you leveled up, maybe the attraction would come back. It’s not my job to slow down to your level.


I recognize this as verbal abuse. But the part that messes with me is that some of it hits a nerve. 
I’m not happy with myself either, and I know I lack discipline and direction. 

The problem is whenever I try to improve I can’t shake his voice in my head. It feels like I’m doing it to prove him wrong rather than for myself. Even hobbies I once loved feel tainted because he criticized them too.

So I’m stuck in this loop: his verdict of me feels “right,” and that keeps me from moving forward. 

Im terrified that, even if i do improve ill end up tying it all back to ""will he approve of me now? Am I good enough?"" 

--------
I guess my question is, how do you seperate valid criticism from abuse, and keep motivation internal? 

I’m not looking for “you’re already enough” or “just love yourself” type of comfort. I get why people say that, but for me it keeps me in my comfort zone and i just end up not doing anything. I WANT to improve for myself, I just want to learn how to do it in a way that isn’t controlled by my ex’s voice.",1758722412.0,0.86,19,0,DISCUSSION,throwRRRAAAA,23,False,0,False,text
GetMotivated,1npekcp,"26, lost and stuck… but I’m done living like this [Story]",12,https://reddit.com/r/GetMotivated/comments/1npekcp/26_lost_and_stuck_but_im_done_living_like_this/,https://www.reddit.com/r/GetMotivated/comments/1npekcp/26_lost_and_stuck_but_im_done_living_like_this/,"I’m 26. For years I’ve been trapped in the same cycle: procrastination, giving up too soon, distracting myself even when I’m on ADHD meds. My room’s always a mess, laundry piling up. I finished school for marketing in April, tried HVAC for a couple months, dropped out. Now I’m in my mom’s basement, struggling to find work, feeling completely lost.

Here’s the thing, I’ve wanted to start a YouTube channel for almost 5 years. I told myself I didn’t have a voice, nothing worth saying. Deep down, I think I was scared. When I went back to school, part of me hoped I’d leave with a following, enough to make it my “real job.” That didn’t happen.

I’m done hiding from it. This is my promise: I’m going to rebuild myself. I’m going to become the person I always needed to become. And I want to bring anyone else who feels stuck with me. If even one person sees my journey and feels less alone or decides to change their own life, then it’s worth it.

Lost. Hopeless. Alone. That’s how I’ve felt for years. But not anymore.",1758726260.0,0.63,12,0,STORY,Lucius_Vale,20,False,0,False,text
GetMotivated,1nokmq9,[image] You are worthy to be heard!,803,https://reddit.com/r/GetMotivated/comments/1nokmq9/image_you_are_worthy_to_be_heard/,https://i.imgur.com/4K0o8jF.jpeg,"
Image Description: motivational speaker cartoon",1758641649.0,0.97,803,0,IMAGE,EndersGame_Reviewer,3,True,1,False,image
GetMotivated,1np5rx6,"[Text] You don’t need to be perfect, just persistent.🌱",38,https://reddit.com/r/GetMotivated/comments/1np5rx6/text_you_dont_need_to_be_perfect_just_persistent/,https://www.reddit.com/r/GetMotivated/comments/1np5rx6/text_you_dont_need_to_be_perfect_just_persistent/,"I used to wait until everything felt “just right” before starting, and surprise, nothing ever happened. 

Once I embraced being consistently imperfect, things finally started moving. Turns out persistence, not perfection, is the real superpower. ✨",1758698475.0,1.0,38,0,TEXT,Cha_Ariola,6,False,0,False,text
GetMotivated,1npf5v5,"[Discussion] 27, lost friends, stuck in a loop, and don’t know how to move forward need advice",6,https://reddit.com/r/GetMotivated/comments/1npf5v5/discussion_27_lost_friends_stuck_in_a_loop_and/,https://www.reddit.com/r/GetMotivated/comments/1npf5v5/discussion_27_lost_friends_stuck_in_a_loop_and/,"Hi everyone, this is my first time posting here. Honestly, I don’t really know where else to turn, but I feel like I need some advice maybe even something that can help me change my life.

I’m 27, graduated from law school in 2024, and I’d say I have an extroverted personality. Making friends has never been a problem for me I used to have a big circle, always hanging out, playing football, eating out, or gaming online. My life felt full.

But over the last two years, everything changed. It feels like I’m stuck in a loop, like every day just repeats itself. After graduating, one by one, my closest friends drifted away. Some moved out of Libya, and while we still talk online, it’s becoming less and less. Other friends stopped talking with me for no reason at all we were literally hanging out before one of them went to Egypt to travel and have some fun. I even celebrated his travel and went out eating as my treat, but after that he just stopped calling, stopped texting, stopped even liking anything I post. Another group I’d been close with since 2013 suddenly started hanging out without me. When I confronted them, they denied it, and since then they’ve basically cut me off.

I’ve tried to reflect and ask myself, “Is it something I did?” But honestly, I can’t pinpoint anything. If anything, this isn’t the first time they’ve done something like this I forgave them in the past, but now it feels like I’ve just been ditched completely.

On top of that, my love life hasn’t moved forward either. I had a serious relationship that ended back in 2019 after my father passed away. It was a mutual breakup, and I respected her a lot for being there during that time. Since then, just a few short relationships, and after graduation, nothing. No new connections, no new chances.

As for work, I’m currently in an institute preparing to graduate from the Supreme Judicial Council. My future depends on it, and the pressure is eating me alive. I tried going to the gym for a while, but it felt isolating everyone there seemed to already have their groups. And where I live, there aren’t really communities, volunteering opportunities, or social spaces where you can meet new people. Everything feels closed off into small circles of friends, and I’m just… outside of it all.

And to be honest, I’ve tried changing my life before. I’d get motivated for a while whether it’s the gym, new habits, or trying to socialize again but I always seem to burn out and slip back into the same routine. It’s like I can never sustain the momentum, and that makes me feel even more stuck.

Right now, my life is basically just staying at home, doing nothing, feeling lost. If I fail this institute, I don’t know what will happen. I hate my current life and I don’t want to waste these years just being miserable.

what can I do to break out of this loop? How do I rebuild when it feels like I’ve lost both my friends and direction? Any advice, no matter how small, would mean a lot.",1758727609.0,1.0,6,0,DISCUSSION,Melolibya,1,False,0,False,text
GetMotivated,1noav30,"[image] Keep doing it , till you finally get there",2077,https://reddit.com/r/GetMotivated/comments/1noav30/image_keep_doing_it_till_you_finally_get_there/,https://i.redd.it/vl7cudsa8vqf1.png,"
Image Description: steve bartlett, the creator of the popular twitter account @stevebartlett, has been tweeting about his thoughts on the current political climate",1758611977.0,0.99,2077,0,IMAGE,durvedya,16,True,1,False,image
GetMotivated,1np1w4y,[TEXT] I don't have any faith left. Anyone who turned their life around?,44,https://reddit.com/r/GetMotivated/comments/1np1w4y/text_i_dont_have_any_faith_left_anyone_who_turned/,https://www.reddit.com/r/GetMotivated/comments/1np1w4y/text_i_dont_have_any_faith_left_anyone_who_turned/,"I'm extremely traumatised and non-functional. You can find more info in my post history. 
I have been trying to turn my life around, quit sex work, get a job, start school again. Only to find out I'm completely traumatized and continue to be confrontated with my own brain and its many flaws.

I cry every day, I am starting to lose hope and just want to end everything. I am starting to believe that with my background and how fucked my brain is that there's just no hope for me even if I materially change my world. I fuck everything up eventually, because I don't believe in myself. I've been wanting to just end it all, I've been trying to get support from mental health organisations but everyone is full. I don't have faith

Can someone like me still make something of their lives?
",1758684708.0,0.87,44,0,TEXT,messybutstilltryin,24,False,0,False,text
GetMotivated,1nphe8y,[text] Feeling low. Wish I had confidence to rise up from this,3,https://reddit.com/r/GetMotivated/comments/1nphe8y/text_feeling_low_wish_i_had_confidence_to_rise_up/,https://www.reddit.com/r/GetMotivated/comments/1nphe8y/text_feeling_low_wish_i_had_confidence_to_rise_up/,"
I used to be excited about life and all. And then when my long term relationship ended/ breakup after more than 11 years I lost myself. I had a career path but took a break to get myself together. I was in a  bad shape for 3 years after the relationship ended. 
My life has a been a failure past 7 years. I got laid off from job twice as the office was doing layoffs. I am working at a store to pay bills. I don’t have enough time for myself and to start looking for other jobs. Job applications and Interview has been rough too I mean getting too many rejections. 
I feel lost today. We had a family brunch today and I am the only one who isn’t doing well. 
I literally have no savings.what I earn goes to paying bills. And I don’t even go on trips or have unnecessary subscriptions. 
I will be 37 very soon and I didn’t expect myself to be in this situation. 

My self confidence is lost. I am feeling lost. How do I pull myself together. I don’t think I will ever get data analyst or business analyst job again. Is life even worth it? It feels like I am only here coz I don’t wanna make  my parents sad. Growing up I had high expectations and confidence. But this breakup broke me. I haven’t been the same since. 

How do I believe in myself again? Ugh I am very frustrated that I can’t even look at myself in the mirror. All I see is  big failure who lost everything even myself. Trying not to hate myself for spending more than a  decade with my ex. It w as betrayal at the end. I don’t even have $100 in my savings. ",1758732640.0,1.0,3,0,TEXT,Kaavu2022,3,False,0,False,text
GetMotivated,1npf00b,You can’t beat procrastination with motivation. [Text],3,https://reddit.com/r/GetMotivated/comments/1npf00b/you_cant_beat_procrastination_with_motivation_text/,https://www.reddit.com/r/GetMotivated/comments/1npf00b/you_cant_beat_procrastination_with_motivation_text/,"This sem I had a multiple things due, u can often miss stuff when u are constantly going to visits and lectures. I spent three weeks “planning” for it. By planning I mean… convincing myself I’d do it tomorrow. The night before the deadline, I was staring at a blank google docs at 11:58pm. The panic was real. I wasn’t lazy. I wasn’t dumb. I was just waiting for this magical thing called motivation. and trust me when u require the most it will not come. do i did 3 simple thing. 
•⁠  ⁠I told myself: just write one ugly paragraph. at max? u fail. 
•⁠  ⁠⁠next thing, i was like literaaly fully into that project. 
•⁠  ⁠⁠and done in 3.4hrs i assume. 

so to beat procrastination u just have to start, even if it looks bad, just start. crazy part is that project was appreciated by my profs.",1758727240.0,1.0,3,0,TEXT,0xSatyajit,0,False,0,False,text
GetMotivated,1no1rz8,"[image] do your thing, no matter what",2251,https://reddit.com/r/GetMotivated/comments/1no1rz8/image_do_your_thing_no_matter_what/,https://i.redd.it/zf9q3zktusqf1.png,"
Image Description: a millionaire won't judge you for working a business",1758583230.0,0.96,2251,0,IMAGE,durvedya,35,True,1,False,image
GetMotivated,1nobbyu,[IMAGE] Grow Strong Where You Crack,241,https://reddit.com/r/GetMotivated/comments/1nobbyu/image_grow_strong_where_you_crack/,https://i.redd.it/90ex63j2evqf1.png,"
Image Description: the world breaks everyone and every one is strong at the places where people are not",1758613920.0,0.98,241,0,IMAGE,Spiritual-Worth6348,6,True,1,False,image
GetMotivated,1nnlzxd,"[image] Don't cling on to the past , wipe the dust and move on",6607,https://reddit.com/r/GetMotivated/comments/1nnlzxd/image_dont_cling_on_to_the_past_wipe_the_dust_and/,https://i.redd.it/c2rs5y1itpqf1.png,"
Image Description: never be a prisoner of your past",1758546466.0,0.98,6607,0,IMAGE,durvedya,55,True,1,False,image
GetMotivated,1nove0u,[Discussion] When chasing “better” becomes exhausting,13,https://reddit.com/r/GetMotivated/comments/1nove0u/discussion_when_chasing_better_becomes_exhausting/,https://www.reddit.com/r/GetMotivated/comments/1nove0u/discussion_when_chasing_better_becomes_exhausting/,"We often treat self-improvement like leveling up in a game: new habits, routines, strict schedules. At first it feels exciting, you’re building momentum. But sometimes, the very systems we create to help us end up making life heavier.

Miss one habit, and it feels like the whole day is ruined. Take a rest day, and instead of recovery, you’re buried in guilt. The motivation fades, but the pressure grows.

I actually wrote an article about this recently because it kept showing up in my own routines, the way “growth” can quietly turn into another hustle, and how discipline can start draining more than it gives.

If this feels familiar, when did discipline stop lifting you up and start feeling heavy, and what helped you turn it around?",1758666338.0,0.93,13,0,DISCUSSION,Pretty-Guarantee-966,2,False,0,False,text
GetMotivated,1nokngq,"[Text] It’s okay to rest, just don’t quit 🌱",25,https://reddit.com/r/GetMotivated/comments/1nokngq/text_its_okay_to_rest_just_dont_quit/,https://www.reddit.com/r/GetMotivated/comments/1nokngq/text_its_okay_to_rest_just_dont_quit/,"Pausing doesn’t mean you’re weak, it means you’re smart enough to recharge. Progress isn’t lost when you slow down, it’s only lost when you stop completely. ✨",1758641698.0,0.95,25,0,TEXT,Cha_Ariola,1,False,0,False,text
GetMotivated,1nnc5e2,[image] you have to start from zero,3988,https://reddit.com/r/GetMotivated/comments/1nnc5e2/image_you_have_to_start_from_zero/,https://i.redd.it/jgi79nj70nqf1.png,"
Image Description: a book with the words your first workout will be bad",1758512402.0,0.99,3988,0,IMAGE,durvedya,20,True,1,False,image
GetMotivated,1no4tgr,"[Text] Stay patient, your time is coming. 🌱",39,https://reddit.com/r/GetMotivated/comments/1no4tgr/text_stay_patient_your_time_is_coming/,https://www.reddit.com/r/GetMotivated/comments/1no4tgr/text_stay_patient_your_time_is_coming/,"I know how frustrating it feels when nothing seems to move as fast as you want. I’ve had seasons where I felt stuck, like everyone else was getting ahead while I was still grinding in silence. But the truth is, every bit of effort is quietly stacking up. Your break just hasn’t arrived yet. Trust the process, stay consistent, and when your moment shows up, you’ll realize the wait was building the version of you that’s ready to handle it. ✨
",1758591833.0,0.95,39,0,TEXT,Cha_Ariola,3,False,0,False,text
GetMotivated,1no3hot,[discussion] not helping yourself is the worst thing you can do to yourself,38,https://reddit.com/r/GetMotivated/comments/1no3hot/discussion_not_helping_yourself_is_the_worst/,https://www.reddit.com/r/GetMotivated/comments/1no3hot/discussion_not_helping_yourself_is_the_worst/,"

I'm just realizing even though I know the problems of how and why I feel. I feel deep down I know the solutions but I don't understand why am I afraid of trying and getting out of the comfort zone and worst part of all is why am I not helping myself when I know I'm not happy confidence and feeling alive in the moment. Because the thing is you constantly live in worries, overthinking, self doubting and your mind just feels hijacked. Your in this rumination mode",1758588031.0,0.97,38,0,DISCUSSION,Aj100rise,7,False,0,False,text
GetMotivated,1noil8s,Need help finding an appropriate motivational video or segment,2,https://reddit.com/r/GetMotivated/comments/1noil8s/need_help_finding_an_appropriate_motivational/,https://www.reddit.com/r/GetMotivated/comments/1noil8s/need_help_finding_an_appropriate_motivational/,"Once a month, my job requires me to share a motivational video with my team. It can be anywhere from 5 to 20 minutes and Safe For Work. Problem is...every result I find for motivational videos on YT is some dude yelling like a high school football coach or just saying vague and cliché platitudes about getting up early and working hard. Does anybody have any video that's motivational yet funny or clever or artistic or anything?",1758636965.0,0.76,2,0,DISCUSSION,colonialavenue,1,False,0,False,text
GetMotivated,1nn1kgk,[image] consistency works wonders,4553,https://reddit.com/r/GetMotivated/comments/1nn1kgk/image_consistency_works_wonders/,https://i.redd.it/99iuclt4nkqf1.png,"
Image Description: not every lion who chased the zebra caught it, but every one who caught it caught the zebra",1758483790.0,0.97,4553,0,IMAGE,durvedya,59,True,1,False,image
GetMotivated,1nnfls3,[Image] Trust the process.,274,https://reddit.com/r/GetMotivated/comments/1nnfls3/image_trust_the_process/,https://i.redd.it/9oaw63r40oqf1.png,"
Image Description: the waiting the delays the challenges and the tedious process trust the process",1758524482.0,0.94,274,0,IMAGE,Chandan28,3,True,1,False,image
GetMotivated,1nnh3jb,[IMAGE] Justice Without Becoming What You Hate,172,https://reddit.com/r/GetMotivated/comments/1nnh3jb/image_justice_without_becoming_what_you_hate/,https://i.redd.it/wf7mhzwthoqf1.png,"
Image Description: the best way to ever arrive at yourself is not to become like the world",1758530436.0,0.94,172,0,IMAGE,Spiritual-Worth6348,2,True,1,False,image
GetMotivated,1nnrqlr,[Discussion] How do you get okay with living life?,38,https://reddit.com/r/GetMotivated/comments/1nnrqlr/discussion_how_do_you_get_okay_with_living_life/,https://www.reddit.com/r/GetMotivated/comments/1nnrqlr/discussion_how_do_you_get_okay_with_living_life/,"I get life can't only be good, you necessarily have to deal with some sort of bad. And maybe the Good isn't good if you don't have Bad to make it so. But I'd really rather just have neither.

I don't understand having a life goal or feeling like you're moving towards something worthwhile. There's nothing like that for me, I'm just kind of here. Just kind of here, because there's nothing I want. Outside of a life that's basically utopian.

I've done a couple years of therapy, but it hasn't really helped in the long-term. Can't really keep up on using the skills cause I don't see a point. I guess it's nice imagining a happy version of me, but what I want is unrealistic. Feel like I should just be in therapy for the rest of my life at this point because I'm not accountable to myself.

I think pills are the only thing I haven't tried yet. The big side effects I've heard about don't sound too bad. Weight gain doesn't matter cause I'm already fat. Libido loss is fine cause I wasn't using it anyway. I've heard it also just makes people feel nothing, and I think that sounds pretty appealing honestly. But I'm not in the position financially to get them, and I really just don't have the energy.

Idk how people do it honestly. Maybe an LSD or Ayahuasca trip is in my future. Something to unfuck my brain and give me something to want.

Anybody else been in my position?",1758559666.0,0.89,38,0,DISCUSSION,WideAwakeItsMornin,41,False,0,False,text
GetMotivated,1nmscvc,[image] How motivation actually works. P.S :- click to see the whole image,5420,https://reddit.com/r/GetMotivated/comments/1nmscvc/image_how_motivation_actually_works_ps_click_to/,https://i.redd.it/l7gwccj7viqf1.png,"
Image Description: how people think motivation works",1758462292.0,0.96,5420,0,IMAGE,durvedya,114,True,1,False,image
GetMotivated,1nnixe9,[Text] Believe in yourself and you’re halfway there. 🌱,24,https://reddit.com/r/GetMotivated/comments/1nnixe9/text_believe_in_yourself_and_youre_halfway_there/,https://www.reddit.com/r/GetMotivated/comments/1nnixe9/text_believe_in_yourself_and_youre_halfway_there/,"I’ve noticed the hardest battles I fought were mostly in my own head.
The day I stopped doubting myself, everything else started falling into place.
",1758537292.0,0.92,24,0,TEXT,Cha_Ariola,2,False,0,False,text
GetMotivated,1nmmd9k,[image] freedom is the end goal.,2502,https://reddit.com/r/GetMotivated/comments/1nmmd9k/image_freedom_is_the_end_goal/,https://i.redd.it/n056vauf8hqf1.png,"
Image Description: i'm not after the money, i'm after the freedom that comes with having money two very different goals",1758442526.0,0.99,2502,0,IMAGE,durvedya,21,True,1,False,image
GetMotivated,1nmul0c,"[image] Stop overthinking, just start",323,https://reddit.com/r/GetMotivated/comments/1nmul0c/image_stop_overthinking_just_start/,https://i.redd.it/pg8khyz1bjqf1.png,"
Image Description: as you start to walk on the way, the way appears rumi",1758467655.0,0.99,323,0,IMAGE,IndieDev01,1,True,1,False,image
GetMotivated,1nmf48f,[image] stand up and start again,4217,https://reddit.com/r/GetMotivated/comments/1nmf48f/image_stand_up_and_start_again/,https://i.redd.it/9j113pap6fqf1.png,"
Image Description: a pink sign that says don't be afraid to start all over again you may like your new story better",1758417730.0,0.98,4217,0,IMAGE,durvedya,33,True,1,False,image
GetMotivated,1nmv20n,"[Image] You're human, mistakes are inevitable",237,https://reddit.com/r/GetMotivated/comments/1nmv20n/image_youre_human_mistakes_are_inevitable/,https://i.redd.it/4ku2hdyjejqf1.png,"
Image Description: you'll make mistakes again and again but not because you're bad, but because you're human",1758468795.0,0.98,237,0,IMAGE,didntask-com,7,True,1,False,image
GetMotivated,1nn7poq,"[Text] Fall seven times, stand up eight 🌱",21,https://reddit.com/r/GetMotivated/comments/1nn7poq/text_fall_seven_times_stand_up_eight/,https://www.reddit.com/r/GetMotivated/comments/1nn7poq/text_fall_seven_times_stand_up_eight/,"Life will inevitably knock us down, and failure is part of the journey. The key is resilience, no matter how many times we stumble, getting back up matters more than the fall itself. It’s a call to keep us going, embrace setbacks as lessons, and trust that persistence wins over perfection. ✨",1758499362.0,1.0,21,0,TEXT,Cha_Ariola,0,False,0,False,text
GetMotivated,1nmlvgq,[Image] Mind it.,241,https://reddit.com/r/GetMotivated/comments/1nmlvgq/image_mind_it/,https://i.redd.it/jpu9l4cz2hqf1.png,"
Image Description: best cure for the body is a quiet mind and the best cure for the mind is never mind",1758440691.0,0.92,241,0,IMAGE,Chandan28,14,True,1,False,image
GetMotivated,1nnfvt6,"[Discussion] What do i do as someone who has no motivation to graduate university? If i finish 8 years in this university before graduating i will be asked to transfer, and i still don't care.",2,https://reddit.com/r/GetMotivated/comments/1nnfvt6/discussion_what_do_i_do_as_someone_who_has_no/,https://www.reddit.com/r/GetMotivated/comments/1nnfvt6/discussion_what_do_i_do_as_someone_who_has_no/,"and when i try to study i don't understand anything, my ability to comprehend deteriorated significantly although i have always been a slow child. ",1758525552.0,0.75,2,0,DISCUSSION,[deleted],40,False,0,False,text
GetMotivated,1nmqhr5,[Image] The blueprint for a remarkable life is written in daring dreams and compassionate actions. True strength is found in the bravery to create and the heart to prevail.,59,https://reddit.com/r/GetMotivated/comments/1nmqhr5/image_the_blueprint_for_a_remarkable_life_is/,https://graciousquotes.com/wp-content/uploads/2023/01/Dream-struggle-create-prevail.-Be-daring.-Be-brave.-Be-loving.-Be-compassionate.-Be-strong.-Be-brilliant.-Be-beautiful.-Caterina-Fake.jpg,"
Image Description: be brave, be strong, be beautiful, be brilliant, be brave, be strong, be beautiful, be brilliant, be brave, be strong,",1758457204.0,0.9,59,0,IMAGE,Few_Discipline1159,1,True,1,False,image
GetMotivated,1nlzlge,(OC) [Story]Today is my 5 year clean & sober date. And I’m celebrating it with my 5yo Daughter at the Sunflower Festival sunflower 🌻,3418,https://reddit.com/r/GetMotivated/comments/1nlzlge/oc_storytoday_is_my_5_year_clean_sober_date_and/,https://i.redd.it/rbi2otfsxbqf1.jpeg,"five years ago, I was in a fight for my life, and I use the word lightly because I had just sort of accepted that I was going to die of fentanyl addiction mixed with extremely terrible mental health. Years later, I actually found out that my mom had already sorted out my funeral arrangements and cremation and everything in case she got the phone call that she had been scared to death to get. Then came along a miracle, finding out that I was having a child. Somehow, in my agony of pure addiction I started dating someone who had never touched a drug in their life, and after 4 weeks of us stating, she tested positive on her pregnancy test. I remember that night so vividly like it happened yesterday. I just laid there and cried in her lap for probably over an hour. Not because I knew I was ready to be a father. (I wasn’t), and not because my life had all of a sudden changed because when we had first met, I told her I was absolutely terrified of having children because of passing on the genes of addiction and alcoholism that came from both sides of my family and me and the thought of giving those tendencies to my own child scared me away from ever thinking I could want or have kids. But I knew what I was doing. I wasn’t being careful but I also wasn’t expecting to be coming a father. Two days later, I checked myself into a medical detox center. For the 7th and final time in my life. (I was also heavily addicted to benzos and unfortunately already am epileptic so withdrawal seizures could be fatal with me so it had to be a medical detox) instead of the normal five days, I stayed for 14 days, then entered myself into an inpatient for the ninth and final time of my life. Because growing up in the rooms of. N.A. and A.A if I learned anything it’s that the only way to truly stay clean is if I did it for me, and wanted it for me. Not for my mom or my brother or my child on the way, but for me. By the time I graduated inpatient, I found out I was having a little girl healthy as can be. By month six, I had 6 months clean for the first time in my life since I first tried an opiate at 20. Daughter was coming along perfectly. By 10 months, it was time. Water broke, had our hospital to go back, my mom immediately picked her (and me up lol) but the focus was on her. She did an entire, grueling 14 hour labor with no epidural or pain medication because that was her choice. I just stayed by her side for anything. Then, I’ll spare you the details but after about 30 messy minutes I was holding my daughter, the most perfect little human ever created. I was so nervous cutting her umbilical cord. I had to ask my mom if it was OK about 15 times but I did it. now today, September 18, 2025 is not only my five year & 10 months clean date, it’s also my five year-old daughter’s birthday, and I got to take her, just me and her, to her favorite place in the world. The sunflower festival. Today is one of the greatest days of my life because I get to live clean and sober, not just for her and not just for my family, for me.
Image Description: a man and a child are hiding behind a tree",1758378409.0,0.96,3418,0,STORY,ThienoSavedMyLife,79,True,1,False,image
GetMotivated,1nm02me,"[image] if you feeling down , remember the best is yet to come.",2104,https://reddit.com/r/GetMotivated/comments/1nm02me/image_if_you_feeling_down_remember_the_best_is/,https://i.redd.it/irgmded71cqf1.png,"
Image Description: remember that some of the best times of your life haven't even happened yet",1758379559.0,0.98,2104,0,IMAGE,durvedya,34,True,1,False,image
GetMotivated,1nmoduu,"[Text] Fall in love with the process, not just the results 🌱",28,https://reddit.com/r/GetMotivated/comments/1nmoduu/text_fall_in_love_with_the_process_not_just_the/,https://www.reddit.com/r/GetMotivated/comments/1nmoduu/text_fall_in_love_with_the_process_not_just_the/,"I used to measure myself only by the finish line and felt like I was always behind. Once I started enjoying the small wins along the way, the journey felt less like a chore and more like progress I could actually celebrate. ✨

",1758450087.0,0.95,28,0,TEXT,Cha_Ariola,3,False,0,False,text
GetMotivated,1nluo60,[image] start now !,1814,https://reddit.com/r/GetMotivated/comments/1nluo60/image_start_now/,https://i.redd.it/r2oyunk8raqf1.png,"
Image Description: the magic you are looking for is in the work you are avoiding",1758364102.0,0.99,1814,0,IMAGE,durvedya,14,True,1,False,image
GetMotivated,1nmm2y8,"[IMAGE] Do you give your best, even in a job you didn’t ask for?",33,https://reddit.com/r/GetMotivated/comments/1nmm2y8/image_do_you_give_your_best_even_in_a_job_you/,https://i.redd.it/smdfri4x4hqf1.png,"
Image Description: a man in a black suit with a quote on it",1758441467.0,0.69,33,0,IMAGE,Spiritual-Worth6348,6,True,1,False,image
GetMotivated,1nln0rk,[image] build your own garden,4423,https://reddit.com/r/GetMotivated/comments/1nln0rk/image_build_your_own_garden/,https://i.redd.it/e94l5j39i8qf1.png,"
Image Description: water is life",1758336866.0,0.96,4423,0,IMAGE,durvedya,63,True,1,False,image
GetMotivated,1nlhzy0,[image] be kind to people.,4989,https://reddit.com/r/GetMotivated/comments/1nlhzy0/image_be_kind_to_people/,https://i.redd.it/e3k1ntjbb7qf1.png,"
Image Description: shoutout to people whose kindness isn't a strategy but a way of life",1758322428.0,0.99,4989,0,IMAGE,durvedya,24,True,1,False,image
GetMotivated,1nly1o6,(OC) [Story] Today is my 5 year clean & sober date. And I’m celebrating it with my 5yo Daughter at the Sunflower Festival sunflower,330,https://reddit.com/r/GetMotivated/comments/1nly1o6/oc_story_today_is_my_5_year_clean_sober_date_and/,https://www.reddit.com/r/GetMotivated/comments/1nly1o6/oc_story_today_is_my_5_year_clean_sober_date_and/,"five years ago, I was in a fight for my life, and I use the word lightly because I had just sort of accepted that I was going to die of fentanyl addiction mixed with extremely terrible mental health. Years later, I actually found out that my mom had already sorted out my funeral arrangements and cremation and everything in case she got the phone call that she had been scared to death to get. Then came along a miracle, finding out that I was having a child. Somehow, in my agony of pure addiction I started dating someone who had never touched a drug in their life, and after 4 weeks of us stating, she tested positive on her pregnancy test. I remember that night so vividly like it happened yesterday. I just laid there and cried in her lap for probably over an hour. Not because I knew I was ready to be a father. (I wasn’t), and not because my life had all of a sudden changed because when we had first met, I told her I was absolutely terrified of having children because of passing on the genes of addiction and alcoholism that came from both sides of my family and me and the thought of giving those tendencies to my own child scared me away from ever thinking I could want or have kids. But I knew what I was doing. I wasn’t being careful but I also wasn’t expecting to be coming a father. Two days later, I checked myself into a medical detox center. For the 7th and final time in my life. (I was also heavily addicted to benzos and unfortunately already am epileptic so withdrawal seizures could be fatal with me so it had to be a medical detox) instead of the normal five days, I stayed for 14 days, then entered myself into an inpatient for the ninth and final time of my life. Because growing up in the rooms of. N.A. and A.A if I learned anything it’s that the only way to truly stay clean is if I did it for me, and wanted it for me. Not for my mom or my brother or my child on the way, but for me. By the time I graduated inpatient, I found out I was having a little girl healthy as can be. By month six, I had 6 months clean for the first time in my life since I first tried an opiate at 20. Daughter was coming along perfectly. By 10 months, it was time. Water broke, had our hospital to go back, my mom immediately picked her (and me up lol) but the focus was on her. She did an entire, grueling 14 hour labor with no epidural or pain medication because that was her choice. I just stayed by her side for anything. Then, I’ll spare you the details but after about 30 messy minutes I was holding my daughter, the most perfect little human ever created. I was so nervous cutting her umbilical cord. I had to ask my mom if it was OK about 15 times but I did it. now today, September 20, 2025 is not only my five year & 10 months clean date, it’s also my five year-old daughter’s birthday, and I got to take her, just me and her, to her favorite place in the world. The sunflower festival. Today is one of the greatest days of my life because I get to live clean and sober, not just for her and not just for my family, for me.",1758374513.0,0.98,330,0,STORY,ThienoSavedMyLife,24,False,0,False,text
GetMotivated,1nlrov9,I finally broke my 7-hour screen time habit and it feels unreal  [Discussion],446,https://reddit.com/r/GetMotivated/comments/1nlrov9/i_finally_broke_my_7hour_screen_time_habit_and_it/,https://www.reddit.com/r/GetMotivated/comments/1nlrov9/i_finally_broke_my_7hour_screen_time_habit_and_it/,"So my phone used to be the first thing I touched in the morning and the last thing I saw before sleep. My average screen time was 7+ hours. I’d wake up, grab my phone, and before I even got out of bed an hour would already be gone. No surprise I was always annoyed and restless.

Half the time I didn’t even remember why even picked it up in the first place. I’d just open one app, scroll into another, watch random reels, memes, news… repeat. One day I checked my stats and realized I’d spent 21 hours in just 3 days on my phone. That’s basically a whole day of my life gone and my thumb was doing like it's muscle memory.

What changed? Honestly, nothing crazy:

* Put all distracting apps in one folder and named it Do you really need this?
* Switched my phone to grayscale (everything instantly looked boring lol).
* Asked my mom/brother to hold my phone when I was working.
* Left my phone in another room for a few hours a day.
* Replaced my morning scrolling with journaling, stretching, or just making coffee.

It’s been 3 weeks now and my average is down to 2.5–3 hours. I’m reading more, my anxiety feels lighter, and I don’t feel stuck in “refresh mode” anymore.

Not gonna lie the first few days sucked. But after that, you start noticing how much extra time you actually have. If anyone’s struggling with screen time, even cutting an hour a day makes a bigger difference than you think.",1758352782.0,0.96,446,0,DISCUSSION,lost-potato-head,49,False,0,False,text
GetMotivated,1nm1rbu,"[TEXT] “Do not worry about your future. Do your present well, and the future will blossom.” - Sadhguru",72,https://reddit.com/r/GetMotivated/comments/1nm1rbu/text_do_not_worry_about_your_future_do_your/,https://www.reddit.com/r/GetMotivated/comments/1nm1rbu/text_do_not_worry_about_your_future_do_your/,"All you have is the present moment. If you use this present moment to enhance yourself and put in the necessary work, the future is bound to blossom. We often fantasise about the future. But the future is only a projection in our minds. It doesn’t really exist. All we have is right now. Are you putting in the necessary effort at this very moment? For me personally, it means spending hours and hours on yoga and meditation. If that’s not your thing, go find some self-improvement routine that works for you. Only by enhancing who you are can you enhance the work that you do, and thereby the future you create for yourself.

What self-improvement routine works for you?",1758383554.0,0.93,72,0,TEXT,Euphoric-Welder5889,3,False,0,False,text
GetMotivated,1nluo2v,[IMAGE] Think Beyond the Crowd,165,https://reddit.com/r/GetMotivated/comments/1nluo2v/image_think_beyond_the_crowd/,https://i.redd.it/c7atx6wlqaqf1.png,"
Image Description: albert einstein quote",1758364092.0,0.99,165,0,IMAGE,Spiritual-Worth6348,3,True,1,False,image
GetMotivated,1nlui5y,[Image] Your energy is limited. Focus where it matters most. Pareto principle.,101,https://reddit.com/r/GetMotivated/comments/1nlui5y/image_your_energy_is_limited_focus_where_it/,https://i.imgur.com/yjX7suD.png,"
Image Description: parato 80/20 principle",1758363500.0,0.93,101,0,IMAGE,thepinea,2,True,1,False,image
GetMotivated,1nm5r9d,[Text] Nothing changes when nothing changes 🌱,16,https://reddit.com/r/GetMotivated/comments/1nm5r9d/text_nothing_changes_when_nothing_changes/,https://www.reddit.com/r/GetMotivated/comments/1nm5r9d/text_nothing_changes_when_nothing_changes/,"I used to complain about feeling stuck, until I realized I was just recycling the same habits. The second I changed one small thing, my mornings felt different, then my weeks did too. Truly, when we don’t change habits, our life won’t either. 
",1758393025.0,0.94,16,0,TEXT,Cha_Ariola,2,False,0,False,text
GetMotivated,1nlmgga,[Image] One day everything will feel different.,230,https://reddit.com/r/GetMotivated/comments/1nlmgga/image_one_day_everything_will_feel_different/,https://i.redd.it/xa4crxx2d8qf1.png,"
Image Description: one day you'll look back and everything will feel different",1758335126.0,0.95,230,0,IMAGE,Chandan28,3,True,1,False,image
GetMotivated,1nmoy3n,Are you working today? (looking for motivation) [Discussion],0,https://reddit.com/r/GetMotivated/comments/1nmoy3n/are_you_working_today_looking_for_motivation/,https://www.reddit.com/r/GetMotivated/comments/1nmoy3n/are_you_working_today_looking_for_motivation/,"I'm just starting my workday and it's Sunday 07:48 a.m. here. I have literally never worked all day long on a Sunday (I do work from monday to saturday already) but now I have my own business (private English tutoring) and I feel like this extra day of work where I don't teach but make sure that the classes are well-planned - as opposed to planning them on a daily basis - would really help not only to ease my job on weekdays but ESPECIALLY with my anxiety. There is, though, that side of me that says ""take a g\*\*\*mn day off, jesus, you \*\*deserve\*\* it"" but honestly, I think that side is just sabotaging me at this point - this work is being done from the comfort of my house, it's intellectual work and I even get to a flow state after a while, so it really doesn't cost that much and I'm sure even doing it just for a couple months could be a game-changer.

  
So the ones from you who also choose to work today, if you can just leave a word of encouragement. I'd really appreciate it. God bless you all.",1758452121.0,0.44,0,0,DISCUSSION,Regular_Role384,2,False,0,False,text
GetMotivated,1nlvyn3,"[Text] Discipline isn’t about being perfect, it’s about being consistent",34,https://reddit.com/r/GetMotivated/comments/1nlvyn3/text_discipline_isnt_about_being_perfect_its/,https://www.reddit.com/r/GetMotivated/comments/1nlvyn3/text_discipline_isnt_about_being_perfect_its/,"Perfection had me restarting every Monday. Consistency taught me it’s okay to stumble Tuesday and keep going Wednesday.

I stopped trying to be flawless and just tried to be regular. Turns out, regular beats perfect in the long run.

",1758368450.0,0.98,34,0,TEXT,Cha_Ariola,4,False,0,False,text
GetMotivated,1nl48de,[Image] Learn to accept,1775,https://reddit.com/r/GetMotivated/comments/1nl48de/image_learn_to_accept/,https://i.redd.it/olmcd4j5n4qf1.png,"
Image Description: learn to accept the truth even when it's not in your favor",1758290087.0,0.99,1775,0,IMAGE,Chandan28,29,True,1,False,image
GetMotivated,1nn2ox3,[Article] Are You Underestimating Yourself? Signs You’re Doing Better Than You Think.,0,https://reddit.com/r/GetMotivated/comments/1nn2ox3/article_are_you_underestimating_yourself_signs/,https://i.redd.it/6gkteawnukqf1.jpeg,"Ever feel like you're not quite where you want to be? It's a common sentiment among those striving for greatness – happily discontent can be a resourceful place to be.

It’s not unusual for a person to think they’re doing worse than they actually are: we’re hardwired towards the negative. Some of us are pessimistic, others have limiting beliefs lurking: I’m not good enough, I’m not worthy – progress is just luck, setbacks re-enforce limiting beliefs.

# Consider the indicators of those who make it:

·       **You learn from setbacks.** Rather than dwelling on just the mistakes, you arrive at a balanced view and modify – rather than abandon - your plans to learn and continue growing. You identify any patterns behind repeating the same errors. People have a strong tendency to repeat their behaviours. Responses from the past may have server well then, but perhaps not now. You can choose to respond differently – and achieve different outcomes.

·       **You’re clear on your purpose and priorities.** Knowing what you want is the second key step to getting it (knowing who and what you are is the first.) Knowing what you want differentiates you from those who aimlessly floating through life. Once you know what you want, prioritisation becomes easier.

·       **You understanding the difference between important and urgent.** We all have 168 hours each week and the choice on how to use them. You focus on what is important. You align your actions with your chosen goals. You have the habit of asking yourself what is the most important thing you could be doing right now. You avoid deluding yourself with merely being busy. 

·       **You have made some progress already.** Consistent progress is a great sign. Even when your goals feel far in the distance, regular progress – driven by consistent effort and learning – will get you there. As well as planning what more needs to be done, reflect on how far you have already come.

·       **You’re not alone.** There are many people are alone in the world. If you’re not alone, you’re doing better than many others. Engaging with people who share your values and aspirations provides encouragement and perspective.

·       **You’re committed.** You know who you are and what you’re about. Your goals are clear. They create meaning for you, value for others and legacy for the future. Great things happen when your purpose, actions, and your environment align.

·       **You consider other’s opinions.** You learn what is resourceful to you and discard what isn’t. You live your life, not theirs.

·       **You are grateful.** You regularly reflect on what has gone well and – crucially – on why it has gone well. You have skills and strengths you don’t even realise.

·       **You’re authentic.** You know your values and beliefs. You make your decisions and take your actions consistent with these. Grounded in your values and beliefs, you make decisions that reflect your true self. Your authenticity shines through in your actions, fostering trust and credibility.

When you have aligned your values, beliefs, purpose, actions, and environment you will doing better than most. This is true, even if the results have yet to reveal themselves.

 

**Desire + Strategy + Persistence = Authentic Results**
Image Description: a man and a boy looking at themselves in a mirror",1758486445.0,0.22,0,0,ARTICLE,EERMA,1,True,1,False,image
GetMotivated,1nmbshp,[Discussion] How do you start something without overthinking and making it seem stupid?,3,https://reddit.com/r/GetMotivated/comments/1nmbshp/discussion_how_do_you_start_something_without/,https://www.reddit.com/r/GetMotivated/comments/1nmbshp/discussion_how_do_you_start_something_without/,"I've decided to my CompTIA certificate, and even though I have the interest in IT, I still feel like it's writing the ending of my life. That this certificate won't solve any of my other problems, and the time spent studying could be better used in going to therapy, working more, socializing more, etc. This sounds corny, but my mind operates like a chess game. But it knows it's playing against a Grandmaster, so it has to consider every viable opening while also considering future attacks and responses. And what my brain fails to recognize is that it's just the first move.",1758408098.0,1.0,3,0,DISCUSSION,Financial-Season-395,3,False,0,False,text
GetMotivated,1nkxylv,[image] try to build a carefree life.,2985,https://reddit.com/r/GetMotivated/comments/1nkxylv/image_try_to_build_a_carefree_life/,https://i.redd.it/hb6drgbi03qf1.png,"
Image Description: steve bartlett's best tweet ever",1758270365.0,0.99,2985,0,IMAGE,durvedya,12,True,1,False,image
GetMotivated,1nlllbp,[discussion] 3 months left til year ends how can I change my life ??,100,https://reddit.com/r/GetMotivated/comments/1nlllbp/discussion_3_months_left_til_year_ends_how_can_i/,https://www.reddit.com/r/GetMotivated/comments/1nlllbp/discussion_3_months_left_til_year_ends_how_can_i/,"

I feel like I've wasted 10 yrs doing nothing but living in isolation letting fears, past failures, worries about the future and insane confusion of the presence has made me frozen in time. Like deep down all I wanna do is take actions but I don't know what is wrong with me. Spending time in the house all isolated using phone and procrastinating has ruined my mental and every part of life. I've become so lazy inactive. I don't exercise. Don't like to even work on my problems and goals. I tried researching to find clarity on my problems but overthinking and my expatations just ruins everything because the mind just likes to give up on everything before doing anything. 

I consume my time using the phone being on social media and this endless loophole trying to find clarity when deep down I know I need to shut up with this stupid excuses and get some accountability and discipline. I need to grow up and take actions and not let feelings get in the way. I'm sick of this. I just hate myself at this point ",1758332534.0,0.97,100,0,DISCUSSION,Lemonade2250,54,False,0,False,text
GetMotivated,1nl8mok,"[Image] Change yourself first, and the life you want will follow.",182,https://reddit.com/r/GetMotivated/comments/1nl8mok/image_change_yourself_first_and_the_life_you_want/,https://i.pinimg.com/736x/59/ca/cf/59cacf4450cf9192f520f91ddded335f.jpg,"
Image Description: you can have more because you can become more",1758300127.0,0.98,182,0,IMAGE,Few_Discipline1159,4,True,1,False,image
GetMotivated,1nkp93r,"[image] be your biggest fan ,do your thing.",2614,https://reddit.com/r/GetMotivated/comments/1nkp93r/image_be_your_biggest_fan_do_your_thing/,https://i.redd.it/jhkyfmuoo0qf1.png,"
Image Description: consistency is harder when no one is clapping for you for you must always be be your biggest fan",1758242175.0,0.98,2614,0,IMAGE,durvedya,17,True,1,False,image
GetMotivated,1nlaefl,[Text] Future you is silently begging you not to quit today.🌱,59,https://reddit.com/r/GetMotivated/comments/1nlaefl/text_future_you_is_silently_begging_you_not_to/,https://www.reddit.com/r/GetMotivated/comments/1nlaefl/text_future_you_is_silently_begging_you_not_to/,"The future version of you, the one with the strength and  confidence, is only possible if you decide today not to quit.",1758304114.0,0.97,59,0,TEXT,Cha_Ariola,2,False,0,False,text
GetMotivated,1nm0ibi,[Text] you gotta bet on yourself man. it's like legal insider investing. if you know you're a natural born winner it's the only bet that makes sense,1,https://reddit.com/r/GetMotivated/comments/1nm0ibi/text_you_gotta_bet_on_yourself_man_its_like_legal/,https://www.reddit.com/r/GetMotivated/comments/1nm0ibi/text_you_gotta_bet_on_yourself_man_its_like_legal/,title,1758380593.0,0.52,1,0,TEXT,big_hole_energy,1,False,0,False,text
GetMotivated,1nkjr81,[IMAGE] Why is it that you do what you do? What purpose does it bring YOU?,1341,https://reddit.com/r/GetMotivated/comments/1nkjr81/image_why_is_it_that_you_do_what_you_do_what/,https://i.redd.it/crbksvouizpf1.png,"
Image Description: tyler durden quotes",1758228131.0,0.95,1341,0,IMAGE,ImmigrationIsAllowed,68,True,1,False,image
GetMotivated,1nk7bzq,[image] life depends on how you react to things,4589,https://reddit.com/r/GetMotivated/comments/1nk7bzq/image_life_depends_on_how_you_react_to_things/,https://i.redd.it/yahw4z066xpf1.png,"
Image Description: control ego when you are winning control thoughts when you are losing if you are losing, do not do that",1758199626.0,0.98,4589,0,IMAGE,durvedya,39,True,1,False,image
GetMotivated,1nkyr5l,[IMAGE] Will you be led or dragged?,80,https://reddit.com/r/GetMotivated/comments/1nkyr5l/image_will_you_be_led_or_dragged/,https://i.redd.it/qsjr5sva93qf1.png,"
Image Description: a statue of a man on a horse with the quote fate leads the willing, the drags the unwillingly",1758273479.0,0.76,80,0,IMAGE,Spiritual-Worth6348,9,True,1,False,image
GetMotivated,1nle0ul,"Everyone Chases Motivation. Here’s Why That Keeps You Stuck.
[Discussion]",6,https://reddit.com/r/GetMotivated/comments/1nle0ul/everyone_chases_motivation_heres_why_that_keeps/,https://www.reddit.com/r/GetMotivated/comments/1nle0ul/everyone_chases_motivation_heres_why_that_keeps/,"If you’ve been waiting for motivation to finally show up and change your life, here’s the bad news: it never will.

Most people believe motivation is the key to success. They latch onto moments of hype, those big surges of energy, waiting for them to carry everything.

Here’s something almost nobody admits: motivation always fades. It is never a permanent state. It can light the first match but not sustain the flame.

The real battle is not with your competition. It is not with outside pressure. It is you versus you.

When motivation whispers “maybe tomorrow,” discipline whispers “let’s go now.” When you are tired, when doubt creeps in, when comfort is loudest, discipline is the voice that says “keep going.”

Every small act of effort counts. The extra push when you do not feel like it. The moment you choose pain over ease. That is the proof you can win against yourself. That is how something real gets built.

Here is what I want to know from you:

Where in your life have you been waiting for motivation instead of building discipline?",1758312480.0,0.72,6,0,DISCUSSION,hardwireddiscipline,4,False,0,False,text
GetMotivated,1nlagjy,"[Text] “you either control your mind , or your mind controls you”",7,https://reddit.com/r/GetMotivated/comments/1nlagjy/text_you_either_control_your_mind_or_your_mind/,https://www.reddit.com/r/GetMotivated/comments/1nlagjy/text_you_either_control_your_mind_or_your_mind/,"Control your mind, control your life.",1758304247.0,0.82,7,0,TEXT,WebIll120,1,False,0,False,text
GetMotivated,1nkjyst,[Text] You don't improve your life by doing more. You improve your life by doing less of what doesn’t matter.,119,https://reddit.com/r/GetMotivated/comments/1nkjyst/text_you_dont_improve_your_life_by_doing_more_you/,https://www.reddit.com/r/GetMotivated/comments/1nkjyst/text_you_dont_improve_your_life_by_doing_more_you/,You don't improve your life by doing more. You improve your life by doing less of what doesn’t matter.,1758228627.0,0.94,119,0,TEXT,khaksar3g,2,False,0,False,text
GetMotivated,1njitlx,"[image] Do the work , reap the rewards.",12017,https://reddit.com/r/GetMotivated/comments/1njitlx/image_do_the_work_reap_the_rewards/,https://i.redd.it/e9hfdkusarpf1.png,"
Image Description: i don't tell anyone what you're doing until it's outside energy energy throws off the law that's law",1758128542.0,0.96,12017,0,IMAGE,durvedya,112,True,1,False,image
GetMotivated,1njv5ld,[image] treat yourself with utmost respect,1741,https://reddit.com/r/GetMotivated/comments/1njv5ld/image_treat_yourself_with_utmost_respect/,https://i.redd.it/4wvd8xjyrtpf1.png,"
Image Description: dress well, even when you are alone treat yourself with the respect you deserve",1758158527.0,0.94,1741,0,IMAGE,durvedya,58,True,1,False,image
GetMotivated,1nkkqyi,Why do you procrastinate? Because it's easy. [Discussion],32,https://reddit.com/r/GetMotivated/comments/1nkkqyi/why_do_you_procrastinate_because_its_easy/,https://www.reddit.com/r/GetMotivated/comments/1nkkqyi/why_do_you_procrastinate_because_its_easy/,"I had a friend, who often doesn't work on his long-term goals - and he wondered 'is it because I am a perfectionist?' Hah, no. 

Your brain is trying to optimise on effort vs reward - so will default to selecting the easier things to do if you don't have clarity around your longer-term goals and why they matter.  

Scrolling social media gives quick dopamine, whereas staying focused on a complex project requires not being distractable for hours/days/months.

I had friend who wanted to start doing vid blog interviews, but his 'style' was to not prepare at all. In his mind, he was just so happening to choose, as a creative choice, to do the least effort possible. In reality his brain continuously optimises for how to do the least work. His lack of self-awareness means that his career has been very unsuccessful. 

Be honest with yourself on ""why did I do that?"" and work with the truth to learn, grow and flourish.",1758230431.0,0.85,32,0,DISCUSSION,gahblahblah,3,False,0,False,text
GetMotivated,1nkk6i4,"[text] Don’t chase people’s attention , and be yourself",37,https://reddit.com/r/GetMotivated/comments/1nkk6i4/text_dont_chase_peoples_attention_and_be_yourself/,https://www.reddit.com/r/GetMotivated/comments/1nkk6i4/text_dont_chase_peoples_attention_and_be_yourself/,"Chasing = desperation, force, losing power.
Attracting = confidence, growth, letting things come naturally.",1758229117.0,0.89,37,0,TEXT,WebIll120,4,False,0,False,text
GetMotivated,1nl62lx,Who are your (fantasy) productivity/organization role models?  [discussion],1,https://reddit.com/r/GetMotivated/comments/1nl62lx/who_are_your_fantasy_productivityorganization/,https://www.reddit.com/r/GetMotivated/comments/1nl62lx/who_are_your_fantasy_productivityorganization/,"Paperwork and phone calls and tech issues are the biggest barriers in my life right now. They fill me with massive amounts of anxiety, and I just hate it. But there have been times in my life when bureaucracy excited me, and felt like a form of mastery. 

  
So what are some of the most outlandishly powerful characters you can think of, that would be good role models? The less mundane the better, because I really want to add \*spice\* to the way I view these mundane parts of daily life. Odin comes to mind, selling his eye for knowledge. But right now it's really not the pure breadth of knowledge that I need. Studying is already joyful. What I need is to be able to navigate the maze of life so I can get to the fun part: actually doing the work. I need to not be overwhelmed by the immensity of responsibility, and instead feel invigorated by it. To feel excited to find solutions, not daunted. ",1758294371.0,0.67,1,0,DISCUSSION,GrowBeyond,0,False,0,False,text
GetMotivated,1nkxdo6,Let's do this [image],3,https://reddit.com/r/GetMotivated/comments/1nkxdo6/lets_do_this_image/,https://i.redd.it/mn78w01pt2qf1.png,"
Image Description: hello morning let's do this",1758268090.0,0.54,3,0,IMAGE,katxwoods,1,True,1,False,image
GetMotivated,1nkn76x,[discussion] how do you do things alone and trust yourself ?,5,https://reddit.com/r/GetMotivated/comments/1nkn76x/discussion_how_do_you_do_things_alone_and_trust/,https://www.reddit.com/r/GetMotivated/comments/1nkn76x/discussion_how_do_you_do_things_alone_and_trust/,"

I don't know why I tend to refuse doing the hard boring things in life that you know deep down it's a must to do but you don't do it because it's hard and it's repetitive. Like you don't get any happiness or comfort or contement out of life despite you waste time doing others things to consume time whether it's eating junk food or doom scrolling or whatever affective habit you have. But like you feel irritated from doing those stuff too because dopamine is ran out. You also avoid the actual things you need to work on. Because u lack accountability, discipline, vision, willpower and self belief. ",1758236525.0,1.0,5,0,DISCUSSION,Lemonade2250,6,False,0,False,text
GetMotivated,1nkl9m3,[Text] Progress isn’t loud,7,https://reddit.com/r/GetMotivated/comments/1nkl9m3/text_progress_isnt_loud/,https://www.reddit.com/r/GetMotivated/comments/1nkl9m3/text_progress_isnt_loud/,"Sometimes the most important wins don’t look like milestones. It’s showing up, trying again, shutting down negativity and quietly being better than yesterday. Don’t discount the small steps. They add up.",1758231671.0,1.0,7,0,TEXT,dottiedanger,1,False,0,False,text
GetMotivated,1nj95lx,"[image] be kind to people , and yourself",2251,https://reddit.com/r/GetMotivated/comments/1nj95lx/image_be_kind_to_people_and_yourself/,https://i.redd.it/9qgi6uju9ppf1.png,"
Image Description: some stranger somewhere still remembers you because you're kind to them no one else was",1758104008.0,0.99,2251,0,IMAGE,durvedya,23,True,1,False,image
GetMotivated,1nk979o,[Story] Turned my biggest weakness into my biggest strength,11,https://reddit.com/r/GetMotivated/comments/1nk979o/story_turned_my_biggest_weakness_into_my_biggest/,https://www.reddit.com/r/GetMotivated/comments/1nk979o/story_turned_my_biggest_weakness_into_my_biggest/,"Eight months ago, I was that person who'd pick up their phone ""just for a second"" and three hours later realize I did absolutely nothing except learn what my high school classmate had for lunch and how AI is going to end us all.

I should have been job hunting, but instead I was doom-scrolling and feeling terrible about it. Every app I tried just made me feel worse when I inevitably broke through the restrictions.

That's when I realized something: people don't respond well to punishment, but we're amazing at working toward rewards.

So I spent 8 months building an app where I literally EARN my screen time through learning. Complete daily quizzes in science, history, math, and general knowledge to unlock hours of some screen time. I even implemented a Real-time notifications show my earned vs. used balance.

The psychology shift I had was great. Instead of fighting my screen habits with shame, I started working for them and actually felt good. When you have to earn every minute, you naturally become more intentional about how you spend it

Now, I built an entire morning routine literally based on the tiny app I created for myself. The first thing I do after getting up is look at my phone (was doing this before too but on instagram or reddit) but now I get a reminder to do the quizes from the app. I do a couple of quizzes earn my screen time and spend it over the course of the day. I feel great cause I feel like I am learning new things and testing my knowledge. And slowly I started waking up earlier, trying to be more healthy and workout more.

I finally got motivated and learned that sometimes the solution isn't to fight my weaknesses - it's to redesign the system around me so that my weaknesses become strengths instead.

Hopefully, this story motivates you guys to do small but meaningful changes to your lives too. ",1758204262.0,0.71,11,0,STORY,Michael_nikku,2,False,0,False,text
GetMotivated,1nj11ce,[image] choose your partner well,3164,https://reddit.com/r/GetMotivated/comments/1nj11ce/image_choose_your_partner_well/,https://i.redd.it/8ucpnk8kxmpf1.png,"
Image Description: a stable partner helps you face life's chaos without becoming another source of fit",1758075662.0,0.98,3164,0,IMAGE,durvedya,19,True,1,False,image
GetMotivated,1njto4h,"In a world that seems to focus only on results, let's remember that everything is part of a process and that processes take time. [Image]",46,https://reddit.com/r/GetMotivated/comments/1njto4h/in_a_world_that_seems_to_focus_only_on_results/,https://i.redd.it/x45632pkftpf1.png,"
Image Description: pink flowers with the words allowing oneself to be in process is also success",1758154360.0,0.98,46,0,IMAGE,Witchielavender,0,True,1,False,image
GetMotivated,1njcd8u,[DISCUSSION] Do you choose growth over reputation?,279,https://reddit.com/r/GetMotivated/comments/1njcd8u/discussion_do_you_choose_growth_over_reputation/,https://i.redd.it/ixno2e8f2qpf1.png,"
Image Description: epicurus quote",1758113690.0,0.96,279,0,DISCUSSION,Spiritual-Worth6348,7,True,1,False,image
GetMotivated,1nj502d,[Image] Heal,725,https://reddit.com/r/GetMotivated/comments/1nj502d/image_heal/,https://i.redd.it/9ievbz1synpf1.png,"
Image Description: healing your mom may never apologize for her actions",1758088179.0,0.95,725,0,IMAGE,Chandan28,40,True,1,False,image
GetMotivated,1njsic4,[Text] Be stronger than your excuses 💪,23,https://reddit.com/r/GetMotivated/comments/1njsic4/text_be_stronger_than_your_excuses/,https://www.reddit.com/r/GetMotivated/comments/1njsic4/text_be_stronger_than_your_excuses/,"Every time you let an excuse win, you train your brain to quit. Every time you push past it, you train your future self to be unstoppable. ✨",1758151168.0,0.91,23,0,TEXT,Cha_Ariola,3,False,0,False,text
GetMotivated,1nit1ov,[image] Excepting too much lead to disappointments.,1256,https://reddit.com/r/GetMotivated/comments/1nit1ov/image_excepting_too_much_lead_to_disappointments/,https://i.redd.it/g108fih78lpf1.png,"
Image Description: expect little from people expect a lot from yourself that's the secret of a happy life",1758055030.0,0.93,1256,0,IMAGE,durvedya,34,True,1,False,image
GetMotivated,1nj0yne,[Image] Live in the present,358,https://reddit.com/r/GetMotivated/comments/1nj0yne/image_live_in_the_present/,https://i.redd.it/6wmudyaxwmpf1.png,"
Image Description: live in the present, launch yourself on every wave, find your own identity in each wave, henry david thoreau",1758075448.0,0.99,358,0,IMAGE,Chandan28,1,True,1,False,image
GetMotivated,1njdq4m,[Text] Small daily efforts compound into massive results 🌱,17,https://reddit.com/r/GetMotivated/comments/1njdq4m/text_small_daily_efforts_compound_into_massive/,https://www.reddit.com/r/GetMotivated/comments/1njdq4m/text_small_daily_efforts_compound_into_massive/,"Small daily efforts may feel invisible now, but they stack up into massive results. Stay consistent, your future self will thank you. 💪✨


",1758117052.0,0.95,17,0,TEXT,Cha_Ariola,1,False,0,False,text
GetMotivated,1nigwa6,"[image] Growth is uncomfortable at first , glorious at the end.",929,https://reddit.com/r/GetMotivated/comments/1nigwa6/image_growth_is_uncomfortable_at_first_glorious/,https://i.redd.it/6rhtfeabzipf1.png,"
Image Description: if you are serious about change, you have to go through uncomfortable situations, stop trying to dodge the process, and grow",1758027825.0,0.99,929,0,IMAGE,durvedya,3,True,1,False,image
GetMotivated,1nix2x3,"[Article] When everything feels stuck, remember this: things start working when you do",77,https://reddit.com/r/GetMotivated/comments/1nix2x3/article_when_everything_feels_stuck_remember_this/,https://www.reddit.com/r/GetMotivated/comments/1nix2x3/article_when_everything_feels_stuck_remember_this/,"I spent months in a job search that went nowhere. Rejections piled up, the silence felt worse, and the waiting crushed me.

One night I snapped and acted out of frustration. Reworked my resume. Cold-messaged a hiring manager. Applied to roles I thought were out of reach. Slowly, replies trickled in.

It taught me this: **action creates momentum.** Not the other way around.

This idea has a name: Yhprum’s Law -> the opposite of Murphy’s Law. Anything that can work, will work… once you move.

For anyone who feels stuck today: don’t wait for confidence. Don’t wait for the right moment. Just take one small step. That’s enough to get momentum on your side.

Full story here if you’d like to read: 

[https://medium.com/@subodh.shetty87/yhprums-law-of-action-why-things-start-working-when-you-do-144b9c614094?sk=e6d8b57363f977b404348bfe301a93b9](https://medium.com/@subodh.shetty87/yhprums-law-of-action-why-things-start-working-when-you-do-144b9c614094?sk=e6d8b57363f977b404348bfe301a93b9)",1758064776.0,0.94,77,0,ARTICLE,sshetty03,3,False,0,False,text
GetMotivated,1nizn5t,[Text] Small progress is still progress 🌱,36,https://reddit.com/r/GetMotivated/comments/1nizn5t/text_small_progress_is_still_progress/,https://www.reddit.com/r/GetMotivated/comments/1nizn5t/text_small_progress_is_still_progress/,"Even if today was just one tiny step forward, you’re still ahead of where you were yesterday. Keep stacking the small wins—they add up. 💪✨
",1758071739.0,0.98,36,0,TEXT,Cha_Ariola,3,False,0,False,text
GetMotivated,1ni0r59,[image] do things that are in your power,4968,https://reddit.com/r/GetMotivated/comments/1ni0r59/image_do_things_that_are_in_your_power/,https://i.redd.it/nn6811u1repf1.png,"
Image Description: nothing kills you faster than your own stress, nothing kills you faster than your own stress",1757976618.0,0.97,4968,0,IMAGE,durvedya,68,True,1,False,image
GetMotivated,1niqiyh,"[image] live a life with no regrets anymore, love your self, eat good, hit the gym, don’t wach bad things,study the plan🖤",60,https://reddit.com/r/GetMotivated/comments/1niqiyh/image_live_a_life_with_no_regrets_anymore_love/,https://imgur.com/a/xfpiAw3#j8SKtR6,,1758049403.0,0.91,60,0,IMAGE,WebIll120,1,False,0,False,text
GetMotivated,1ni878s,[IMAGE] Get rid of laziness,683,https://reddit.com/r/GetMotivated/comments/1ni878s/image_get_rid_of_laziness/,https://i.redd.it/vqfqwlp6igpf1.png,"
Image Description: hard work doesn't always guarantee success but laziness almost certainly guarantees failure",1757997863.0,0.95,683,0,IMAGE,FreshFo,26,True,1,False,image
GetMotivated,1nir3ix,What to do if I can’t stop procrastinating and I’m about to ruin my future [Discussion],37,https://reddit.com/r/GetMotivated/comments/1nir3ix/what_to_do_if_i_cant_stop_procrastinating_and_im/,https://www.reddit.com/r/GetMotivated/comments/1nir3ix/what_to_do_if_i_cant_stop_procrastinating_and_im/,"
I don’t even know why I’m typing this, maybe because I just need to let it out before I crash. Right now I feel like I’m completely failing at everything. Exams are going on and I’m nowhere close to prepared. These are my supplementary exams and I still have most of the syllabus left. Honestly, at this point, the only way I can pass is by gods grace Otherwise, I don’t know what happens to me if I fail again I don’t think I’ll have the spirit left to continue this course.

The worst part is, I know it’s me. My procrastination, my habits, my excuses. But my body just isn’t keeping up. I’ve been really ill for the past few months cough at its peak right now. Medicines don’t work for me when it comes to that, so I just end up exhausted.Today wasted the entire day, and now here I am again, sick, guilty, and broken.

I keep telling myself I need to study, I know exactly what needs to be done, but somehow I just don’t sit down and do it. The cycle of procrastination, illness (mental and physical), and guilt just keeps eating me alive. My friends are tired of telling me to focus, and I don’t even realise where my days go anymore.

Right now, I feel like I’m stuck between two fears studying until my body breaks down, or failing and watching everything collapse. I hate that it’s all because of my own actions, but I don’t know how to stop this.",1758050665.0,0.96,37,0,DISCUSSION,Aditya-Rise-375,26,False,0,False,text
GetMotivated,1nilmqz,"[Text] A year from now, you’ll be glad you started today",35,https://reddit.com/r/GetMotivated/comments/1nilmqz/text_a_year_from_now_youll_be_glad_you_started/,https://www.reddit.com/r/GetMotivated/comments/1nilmqz/text_a_year_from_now_youll_be_glad_you_started/,"Progress can feel invisible in the moment, but every small step compounds over time. Future you will thank you for the effort you put in now. What’s one thing you can start today that your future self will be proud of?",1758038684.0,0.94,35,0,TEXT,Gilligan2404,1,False,0,False,text
GetMotivated,1niiff2,How do you stay motivated when nothing is clicking? [Discussion],14,https://reddit.com/r/GetMotivated/comments/1niiff2/how_do_you_stay_motivated_when_nothing_is/,https://www.reddit.com/r/GetMotivated/comments/1niiff2/how_do_you_stay_motivated_when_nothing_is/,"I’m in that phase where I’m doing all the right things (at least it feels like it): putting in the hours, showing up, trying to execute properly… but nothing is moving forward.

It’s not even failure, because failure gives you something to learn from.
This just feels like silence. Like I’m running but the ground isn’t moving.

And honestly, it hits harder when you see your fellows at masters union building things, getting clients, experimenting and actually getting results, while you’re stuck in the grind.

So, for the ones who’ve been here before: 
How do you keep going when literally nothing seems to be working?
",1758031497.0,0.95,14,0,DISCUSSION,YogurtIll4336,5,False,0,False,text
GetMotivated,1ni1o53,[Image] Increase your surface area for luck,204,https://reddit.com/r/GetMotivated/comments/1ni1o53/image_increase_your_surface_area_for_luck/,https://i.imgur.com/9KH0cmN.jpeg,"
Image Description: i find that the harder i work, the more luck i seem to have",1757978981.0,0.92,204,0,IMAGE,Smelcho,8,True,1,False,image
GetMotivated,1nhbzvg,[image] understand *now* is all you have.,7977,https://reddit.com/r/GetMotivated/comments/1nhbzvg/image_understand_now_is_all_you_have/,https://i.redd.it/v7ng322n69pf1.png,"
Image Description: there are graveyards full of people who thought they had more time",1757909219.0,0.98,7977,0,IMAGE,durvedya,48,True,1,False,image
GetMotivated,1ni9xg0,"[IMAGE] Do you align your will with events, or with your expectations?",56,https://reddit.com/r/GetMotivated/comments/1ni9xg0/image_do_you_align_your_will_with_events_or_with/,https://i.redd.it/ssp2bwq70hpf1.png,"
Image Description: elizabeth barrett elizabeth barrett",1758003915.0,0.89,56,0,IMAGE,Spiritual-Worth6348,0,True,1,False,image
GetMotivated,1nhfkgb,"[image] Be yourself, live your life.",1932,https://reddit.com/r/GetMotivated/comments/1nhfkgb/image_be_yourself_live_your_life/,https://i.redd.it/1a44cs9r8apf1.png,"
Image Description: stop trying to be liked by everybody you don't even like everybody",1757922039.0,1.0,1932,0,IMAGE,durvedya,9,True,1,False,image
GetMotivated,1nhgs27,[Image] Keep going...,727,https://reddit.com/r/GetMotivated/comments/1nhgs27/image_keep_going/,https://i.redd.it/5z364cienapf1.png,"
Image Description: you're doing better than you think you are keep going",1757926964.0,0.97,727,0,IMAGE,JadooJitters,5,True,1,False,image
GetMotivated,1nguwqr,[image] Don't let people take advantage of you .,32191,https://reddit.com/r/GetMotivated/comments/1nguwqr/image_dont_let_people_take_advantage_of_you/,https://i.redd.it/b3na9u6bk5pf1.png,"
Image Description: the office quotes - if you are a giver, please know your limits",1757865390.0,0.96,32191,0,IMAGE,durvedya,116,True,1,False,image
GetMotivated,1nhn6fp,[Image] Use your energy wisely.,220,https://reddit.com/r/GetMotivated/comments/1nhn6fp/image_use_your_energy_wisely/,https://i.redd.it/5pl9gc948cpf1.png,"
Image Description: don't use your energy to worry",1757946037.0,0.93,220,0,IMAGE,Chandan28,6,True,1,False,image
GetMotivated,1nhwzed,"[Text] Your light may not reach everyone, but it will reach those who are seeking it. Keep shining.",33,https://reddit.com/r/GetMotivated/comments/1nhwzed/text_your_light_may_not_reach_everyone_but_it/,https://www.reddit.com/r/GetMotivated/comments/1nhwzed/text_your_light_may_not_reach_everyone_but_it/,"Your light may not reach everyone, but it will reach those who are seeking it. Keep shining.",1757967679.0,0.95,33,0,TEXT,khaksar3g,3,False,0,False,text
GetMotivated,1nhapav,[Discussion] Social media is killing the real you,536,https://reddit.com/r/GetMotivated/comments/1nhapav/discussion_social_media_is_killing_the_real_you/,https://www.reddit.com/r/GetMotivated/comments/1nhapav/discussion_social_media_is_killing_the_real_you/,"
Social media is killing you, but not in the way you think.

When you passively consume so much content, it fills your brain. To the brim. And at the same time, you aren’t spending any time alone with your own thoughts. You’ve become a consumer, not a contributor.

So your own, true thoughts start to merge with the hivemind of the internet. And whatever information the algorithms think you want to hear become what you actually believe. And so you are becoming less and less YOU.

Here’s the math: Passive content consumption - time alone with your own thoughts = the death of the real you.

I know you don’t want this. But it’s so hard because phones and social media are both addicting and so deeply ingrained in our lives. So it’s gonna take some intentional practices that don’t just rely on self control to break your phone addiction.

Here’s some simple things that worked really well for me: Don’t sleep next to your phone. Your brain will crave the first thing you feed it, so wait AT LEAST an hour after waking up to check it for anything. Get a good screen time app. Built in screen time settings are NO MATCH for your monkey brain. Delete social media off your phone. Force yourself to use it only on your computer so it is more intentional. Turn your phone to greyscale mode so it is more boring. Go to Settings > Accessibility > Display & Text > Color Filters > Grayscale.

And finally: replace your time scrolling with something else. This is somewhat the hardest thing to do, but it’s so necessary. When you reduce your screen time by several hours per day, you need to replace it with something else meaningful in your life. You don’t need to find the best thing, just start small and find out what motivates you

",1757905242.0,0.99,536,0,DISCUSSION,Terrormove,29,False,0,False,text
GetMotivated,1nhc690,[Image] Agreed.,388,https://reddit.com/r/GetMotivated/comments/1nhc690/image_agreed/,https://i.redd.it/xkne3tob89pf1.png,"
Image Description: the man in the suit is pointing at the camera",1757909790.0,0.95,388,0,IMAGE,JadooJitters,2,True,1,False,image
GetMotivated,1nhhd47,"[IMAGE] Who governs your mood today, you or them?",72,https://reddit.com/r/GetMotivated/comments/1nhhd47/image_who_governs_your_mood_today_you_or_them/,https://i.redd.it/l1ipplz3uapf1.png,"
Image Description: a quote from marcus alexander",1757929221.0,0.93,72,0,IMAGE,Spiritual-Worth6348,1,True,1,False,image
GetMotivated,1ngyhnl,Opportunity [image],520,https://reddit.com/r/GetMotivated/comments/1ngyhnl/opportunity_image/,https://live.staticflickr.com/5607/30961938636_996fa46da4.jpg,"
Image Description: someone once asked me why do you always take the hard road? i replied, ``i don't know, why do you always take the hard road",1757873636.0,0.94,520,0,IMAGE,lovejeet6363,10,True,1,False,image
GetMotivated,1nhj1my,[Discussion] How can I get ambition?,21,https://reddit.com/r/GetMotivated/comments/1nhj1my/discussion_how_can_i_get_ambition/,https://www.reddit.com/r/GetMotivated/comments/1nhj1my/discussion_how_can_i_get_ambition/,"I think my biggest issue for a long time has been that I have the ability and opportunity to work towards my goals or make new ones, but I have zero ambition or will to actually do that.

It's not in a depressing sense either— I just... Don't want to do anything. I don't crave success, fame or accomplishing something ""great"", partly because a lot of it feels pointless to me personally, which is also not a good thing. Instead of sulking thanks to this problem, I just feel totally indifferent to it which is even worse because I can't even push myself to get out of a ""slump"", since there isn't one. This makes me feel really bad about myself because I feel like I'm a waste of space and resources for my family, but at the same time I just. Don't have any ambition or drive for anything. Not money, not fame, not success, no nothing...

The thing about me is that I can come up with things I want to do or pursue, or set some goals for myself just for the sake of it, but I don't feel any pull to go through with them, it just feels tiring and pointless to do so. Even asking this question is not coming from a place of pure ""I want to change"", I'm partly just asking out of curiosity because mt situation feels inherently unfixable, and that makes me feel even worse for wasting you guys' time.

This all just sounds confusing, and I'm really sorry about that. Was wondering if anyone has ever gone through anything similar, or how they managed to fix this.

Thanks anyone for reading so far.",1757935074.0,0.89,21,0,DISCUSSION,choochooreddi,10,False,0,False,text
GetMotivated,1nggrmk,[image] understand this.,6128,https://reddit.com/r/GetMotivated/comments/1nggrmk/image_understand_this/,https://i.redd.it/9co1ibe1v1pf1.png,"
Image Description: a man wearing a shirt that says whoever brings you the most peace should get the most time",1757820569.0,0.99,6128,0,IMAGE,durvedya,26,True,1,False,image
GetMotivated,1nhh212,[Text] Small steps add up...keep moving forward,18,https://reddit.com/r/GetMotivated/comments/1nhh212/text_small_steps_add_upkeep_moving_forward/,https://www.reddit.com/r/GetMotivated/comments/1nhh212/text_small_steps_add_upkeep_moving_forward/,"Progress doesn’t have to be loud. Even small, quiet steps forward matter. You don’t need to see the finish line to know you’re moving in the right direction. Just keep showing up. One day you’ll look back and realize those little efforts built something big.",1757928055.0,1.0,18,0,TEXT,achintyabhavaraju,0,False,0,False,text
GetMotivated,1nggfn3,[Image] Dopamine,3052,https://reddit.com/r/GetMotivated/comments/1nggfn3/image_dopamine/,https://i.redd.it/z7c09mmvr1pf1.png,"
Image Description: your brain doesn't need more cheap drama it needs sunshine, nature, and rest",1757819507.0,0.91,3052,0,IMAGE,Chandan28,65,True,1,False,image
GetMotivated,1ngngbb,[Image] Improvement,842,https://reddit.com/r/GetMotivated/comments/1ngngbb/image_improvement/,https://i.redd.it/ubepoicqt3pf1.png,"
Image Description: let the improvement of yourself keep you so busy that you have no time to criticize others",1757844416.0,0.98,842,0,IMAGE,SavageEyeShooter,9,True,1,False,image
GetMotivated,1ngtkvt,[Image] Pain is inevitable Growth is a choice,66,https://reddit.com/r/GetMotivated/comments/1ngtkvt/image_pain_is_inevitable_growth_is_a_choice/,https://i.redd.it/rhzx3u3ya5pf1.png,"
Image Description: pain is inevitable growth is a choice",1757862237.0,0.9,66,0,IMAGE,didntask-com,5,True,1,False,image
GetMotivated,1nghoe8,[IMAGE] What hurts more: the insult or your opinion of it?,431,https://reddit.com/r/GetMotivated/comments/1nghoe8/image_what_hurts_more_the_insult_or_your_opinion/,https://i.redd.it/jx787t9u32pf1.png,"
Image Description: be in mind that in mind is not the man who thinks, but the man who thinks in mind",1757823555.0,0.91,431,0,IMAGE,Spiritual-Worth6348,47,True,1,False,image
GetMotivated,1nftsf1,[image] be grateful for today,16548,https://reddit.com/r/GetMotivated/comments/1nftsf1/image_be_grateful_for_today/,https://i.redd.it/fx3wtb6dpwof1.png,"
Image Description: a monk once said",1757758128.0,0.97,16548,0,IMAGE,durvedya,83,True,1,False,image
GetMotivated,1nh375b,[discussion] What’s your best strategy to get motivated after feeling hopeless that things will not work out?,18,https://reddit.com/r/GetMotivated/comments/1nh375b/discussion_whats_your_best_strategy_to_get/,https://www.reddit.com/r/GetMotivated/comments/1nh375b/discussion_whats_your_best_strategy_to_get/,Please let me know about this. Thank you. ,1757884657.0,1.0,18,0,DISCUSSION,Substantial-Dare5462,5,False,0,False,text
GetMotivated,1nfy2w6,[image] who is clapping for themselves today?,1550,https://reddit.com/r/GetMotivated/comments/1nfy2w6/image_who_is_clapping_for_themselves_today/,https://i.redd.it/x098eneitxof1.png,"
Image Description: consistency is harder when no one is clapping for you during those times you're your biggest fan",1757771629.0,0.99,1550,0,IMAGE,durvedya,23,True,1,False,image
GetMotivated,1ngz89w,Tell me your worries or problems that you have...[Discussion],5,https://reddit.com/r/GetMotivated/comments/1ngz89w/tell_me_your_worries_or_problems_that_you/,https://www.reddit.com/r/GetMotivated/comments/1ngz89w/tell_me_your_worries_or_problems_that_you/,"So I was working hard to learn some skills from a year ago but I grew bored and wasted my time and all the energy I feel like a failure now and there are more things that I can't share but to sum it up my college life is ruined 
So can you tell me about yours 
I think everyone has their own problems and they think theirs is bigger and they are suffering...",1757875345.0,1.0,5,0,DISCUSSION,Brilliant_Inside_835,9,False,0,False,text
GetMotivated,1ngnnpj,Failure Hits... and Now What? [Text],9,https://reddit.com/r/GetMotivated/comments/1ngnnpj/failure_hits_and_now_what_text/,https://www.reddit.com/r/GetMotivated/comments/1ngnnpj/failure_hits_and_now_what_text/,"Ever thought you had it all figured out… every box ticked… only for Action Day to throw you off completely?  
Setbacks. Overwhelm. Nothing going the way you imagined.  
  
Back in college and early work life, I’d panic… Now what?   
Plan B always saved me eventually, but that space between failure and the next step felt so uncertain and draining.  
  
But along the way, I realized:  
  
>“For a committed person, there is no such thing as failure - just lessons to be learned on the way.” ~ Sadhguru.  
  
If you truly care about your mission, every rock you stumble upon is just a lesson in disguise.  

_The will to win, the courage to lose, and the grace to handle both, that’s the real lesson in sportsmanship, leadership, and life._  

Aren’t you a sport too?",1757845165.0,0.91,9,0,TEXT,Infinity_here,6,False,0,False,text
GetMotivated,1ngc0ev,"What’s something that felt like the “end of the world” at the time, but now you laugh about it? [Discussion]",42,https://reddit.com/r/GetMotivated/comments/1ngc0ev/whats_something_that_felt_like_the_end_of_the/,https://www.reddit.com/r/GetMotivated/comments/1ngc0ev/whats_something_that_felt_like_the_end_of_the/,Mine was getting dumped right before prom. I was convinced I’d never recover. Now it’s just a hilarious story I tell at parties. How about you guys?,1757806205.0,0.92,42,0,DISCUSSION,ForYouMama30,33,False,0,False,text
GetMotivated,1ngc6t9,[Discussion] Since the algorithm is pushing the value of time today...,35,https://reddit.com/r/GetMotivated/comments/1ngc6t9/discussion_since_the_algorithm_is_pushing_the/,https://www.reddit.com/r/GetMotivated/comments/1ngc6t9/discussion_since_the_algorithm_is_pushing_the/,"This is a family conversation we had a few days ago about the value of time. It doesn't matter if you're 10, 18, 40, or 90. All that matters is that you're alive and that you believe your life has value.

I asked my wife how much money someone would have to give her to give up the final 10 years of her life. After thinking about it for a few moments: $10 million was the price for 10 years.

We then went down lengths of time... 5 years, 1 year, 6 months, down to 1 week which was valued at $50,000. Pretty decent value for a week of life, right? Try this for yourself. Decide what your final days are worth to you.

Okay, what if you are going to die next week? How much money would it take for you to die right here, right now, on the spot? You don't get to experience anything else that you want to experience in life, you don't get to say goodbye to anybody you love or care about, you don't get to share anything further with the world.

Suddenly 1 week was worth $100 million where 10 years was previously worth $10 million. It doesn't matter how much you change 1 week to a month, a year, or 100 years further. Right now is always right now.

That is how time *actually* works. We do not have a balance of time that we draw percentages from. There is no such thing at ""50% of the rest of your life"". That is an illusion. Right now is always right now.

This is the essence of what ""imagine you are 90 years old"" tries to convey.

Life ends. We die. We have absolutely no say in this matter. The only purpose or value ever to be found in life is found in today.",1757806713.0,0.91,35,0,DISCUSSION,Aternal,0,False,0,False,text
GetMotivated,1ngc69l,"The hardest part is starting, but once you do, momentum takes over. [Article]",19,https://reddit.com/r/GetMotivated/comments/1ngc69l/the_hardest_part_is_starting_but_once_you_do/,https://www.reddit.com/r/GetMotivated/comments/1ngc69l/the_hardest_part_is_starting_but_once_you_do/,"I wasted months waiting for the “perfect” time to begin. The truth? Progress started the day I stopped overthinking and just took the first small step. Don’t wait, start now.",1757806668.0,0.88,19,0,ARTICLE,ForYouMama30,4,False,0,False,text
GetMotivated,1nfnl3g,[Image] Time,675,https://reddit.com/r/GetMotivated/comments/1nfnl3g/image_time/,https://i.redd.it/f707erl6uuof1.png,"
Image Description: time is the only currency you spend without knowing the balance, use it wisely",1757735536.0,0.99,675,0,IMAGE,Chandan28,4,True,1,False,image
GetMotivated,1nfoyll,"[image] you will get there , one step at a time.",298,https://reddit.com/r/GetMotivated/comments/1nfoyll/image_you_will_get_there_one_step_at_a_time/,https://i.redd.it/4ftdxrny7vof1.png,"
Image Description: you will get there, but now you are here",1757740169.0,0.97,298,0,IMAGE,durvedya,4,True,1,False,image
GetMotivated,1nf688a,[IMAGE] Do you gladly change your mind when you’re shown you’re wrong?,1842,https://reddit.com/r/GetMotivated/comments/1nf688a/image_do_you_gladly_change_your_mind_when_youre/,https://i.redd.it/5gfi09l95rof1.png,"
Image Description: marcus Aurelius quote",1757690837.0,0.99,1842,0,IMAGE,Spiritual-Worth6348,82,True,1,False,image
GetMotivated,1nfqsft,"[IMAGE] What disturbs you more, the event or your judgment about it?",82,https://reddit.com/r/GetMotivated/comments/1nfqsft/image_what_disturbs_you_more_the_event_or_your/,https://i.redd.it/dtinzm83rvof1.png,"
Image Description: eugene erlitz quote",1757746681.0,0.93,82,0,IMAGE,Spiritual-Worth6348,12,True,1,False,image
GetMotivated,1ngcod7,[discussion] Will doing the things you avoid eventually build your character ?,3,https://reddit.com/r/GetMotivated/comments/1ngcod7/discussion_will_doing_the_things_you_avoid/,https://www.reddit.com/r/GetMotivated/comments/1ngcod7/discussion_will_doing_the_things_you_avoid/,"
If you feel uncomfortable and not feeling yourself because you keep disappointing yourself like you avoid the things you want to do and say. U keep suppressing it. Your self esteem goes down. Like if you just simply start will it build confidence and your character ??",1757808085.0,0.62,3,0,DISCUSSION,Jpoolman25,5,False,0,False,text
GetMotivated,1nfc2pr,[Image] Just a little reminder😅,492,https://reddit.com/r/GetMotivated/comments/1nfc2pr/image_just_a_little_reminder/,https://i.redd.it/v1yjokjz9sof1.png,"
Image Description: have you ever considered that you're more than you realize?",1757704528.0,0.97,492,0,IMAGE,JadooJitters,6,True,1,False,image
GetMotivated,1nfznoh,What should I do next? [Discussion],6,https://reddit.com/r/GetMotivated/comments/1nfznoh/what_should_i_do_next_discussion/,https://www.reddit.com/r/GetMotivated/comments/1nfznoh/what_should_i_do_next_discussion/,"Hi everyone, I’m a married 42/m with two sons - a high school junior and a high school freshman. I’m struggling professionally and am figuring out how to financially survive and if possible thrive my remaining working years.

We have $210k in 401k. I currently make $130k contracting as a Product Owner. I absolutely hate my job and I’m bad at it. I don’t have a 401k benefit at this job. My wife works in HR and makes $93k/year, contributing 6% towards retirement and getting a full match on her contributions. At this rate I don’t think we’ll ever be able to retire.

We have a $2k mortgage and pay $1600/month for our sons’ private high school. If I could do it over again I would have kept them in public school but I don’t want to change their schools at this point to not negatively impact them. We live basically paycheck to paycheck - $500 total in savings and have $500-$1000 leftover to spend each month unless there are major expenses like car or home repairs. We have no credit card debt and drive cars that are 10 and 7 years old. We have a 25 year mortgage for a home that has about $350k in equity.

I had a major setback in my career recently due to a health issue:

Career History

2006-2019 - IT Support, Network Support, Network Engineering
2019-2020 - IT Management 2020-2022 - Product Management 2022-2023 - Solution Consultant/Sales Engineer 2023-2024 (18 months) - “Sabbatical” - quit my job and pursued creative pursuits during a hypomanic bipolar episode (the first time this happened in my life) 2024 - Now - Contracting as a Product Owner; took significant paycut and have lousy benefits

I have a BS and an MBA. My IT networking skills aren’t very relevant given how much things have changed since 2019 with cloud technologies, plus the income typically isn’t as high for the roles I qualify for even if I did have the skillset. I’m objectively a low performing Product Owner and don’t see a future in this field for me.

Meanwhile I’m underfunded for retirement and have kids about to go to college, which we only have about $5k saved for total.

To be honest I’ve never know what I wanted to do for work - I just took the opportunities I had at the time. I’m concerned about my short and long term job prospects - I’m a contractor in a role that I hate, am bad at, and am not motivated to get better at.

I’m lost and not sure where to go next to be able to survive, and possibly thrive. I tried teaching during my sabbatical but it wasn’t a fit and it would’ve never worked financially. I’ve applied for many jobs but haven’t had success - to be honest I don’t even know what work I’d want to do. I’ve applied to product owner, product manager, IT technical and sales roles.  I enjoyed the Sales Engineering role I had but being there only a year made them not want to rehire me.

I’m in a depressive phase and have literally cried every day for 5 months. I’m working with a doctor and counselor and we are trying different medicines but nothing seems to help. I think a large part is I’m grieving the decisions I made that impacted my career and hopeless about the future.

My wife and kids deserve better. I deserve better. But I screwed up professionally when I was sick.

I’ve considered buying a business or franchise as a way to not risk being at the mercy of a company that could let me go at anytime. It would be extremely risky though given I’d need to use home equity and/or the little retirement savings I do have. And I’ve never owned/ran a business.

I’m scared and just want to take care of my family and live life the best I can while I’m still here.  I’m not sure what to do next to get out of this rut professionally and financially.",1757775619.0,0.67,6,0,DISCUSSION,hhhippos17,6,False,0,False,text
GetMotivated,1nex8ju,"[image] keep doing it , till you finally there",1580,https://reddit.com/r/GetMotivated/comments/1nex8ju/image_keep_doing_it_till_you_finally_there/,https://i.redd.it/rv2r9te8xoof1.png,"
Image Description: the secret is there is no secret",1757663919.0,0.99,1580,0,IMAGE,durvedya,6,True,1,False,image
GetMotivated,1neu6ua,[image] Don't let laziness kill your dreams.,756,https://reddit.com/r/GetMotivated/comments/1neu6ua/image_dont_let_laziness_kill_your_dreams/,https://i.redd.it/a2k6cqtvynof1.png,"
Image Description: in six months, you will have six months of excuses or six months of progress",1757652366.0,0.98,756,0,IMAGE,durvedya,17,True,1,False,image
GetMotivated,1neg96e,[image] You can do it ! Don't let anyone say otherwise !,5248,https://reddit.com/r/GetMotivated/comments/1neg96e/image_you_can_do_it_dont_let_anyone_say_otherwise/,https://i.redd.it/rrs9rg1pukof1.png,"
Image Description: a poster with the words don't forget you can",1757614636.0,0.95,5248,0,IMAGE,durvedya,154,True,1,False,image
GetMotivated,1negk07,"[image] it gets easier , and one day you are finally there",4618,https://reddit.com/r/GetMotivated/comments/1negk07/image_it_gets_easier_and_one_day_you_are_finally/,https://i.redd.it/j0nv7pjqwkof1.png,"
Image Description: a cartoon with text that says it gets easier every day",1757615323.0,0.99,4618,0,IMAGE,durvedya,37,True,1,False,image
GetMotivated,1netp6o,"[image] Please love yourself, you are the only one you got.",590,https://reddit.com/r/GetMotivated/comments/1netp6o/image_please_love_yourself_you_are_the_only_one/,https://i.redd.it/li1gdztxtnof1.png,"
Image Description: who checked on you today exactly? take care of you",1757650703.0,0.98,590,0,IMAGE,durvedya,14,True,1,False,image
GetMotivated,1neytc1,[Image] When something bad happens you have three choices:,166,https://reddit.com/r/GetMotivated/comments/1neytc1/image_when_something_bad_happens_you_have_three/,https://i.redd.it/cm7411emfpof1.gif,"
Image Description: dr dr phil quote about bad things happening to you",1757670117.0,0.9,166,0,IMAGE,Mo_h,12,True,1,False,image
GetMotivated,1ng8fvj,[Discussion] Do you hear an inner voice speaking to you from time to time?,0,https://reddit.com/r/GetMotivated/comments/1ng8fvj/discussion_do_you_hear_an_inner_voice_speaking_to/,https://i.redd.it/auea8je2wzof1.jpeg,"
Image Description: the rosary is a prayer for the dead",1757796704.0,0.25,0,0,DISCUSSION,SuitPac,8,True,1,False,image
GetMotivated,1ne0klh,[Image] That is the ultimate goal.,7491,https://reddit.com/r/GetMotivated/comments/1ne0klh/image_that_is_the_ultimate_goal/,https://i.redd.it/1vn75cso1hof1.png,"
Image Description: the goal is to build a life you don't need to escape from where peace isn't something you can chase but something you have to chase",1757568562.0,0.98,7491,0,IMAGE,durvedya,64,True,1,False,image
GetMotivated,1newryg,[Discussion]How do I learn to care less about things that don't really matter?,47,https://reddit.com/r/GetMotivated/comments/1newryg/discussionhow_do_i_learn_to_care_less_about/,https://www.reddit.com/r/GetMotivated/comments/1newryg/discussionhow_do_i_learn_to_care_less_about/,"
It’s exhausting to care too much about everything and everyone.",1757662026.0,0.92,47,0,DISCUSSION,MADAVL34,54,False,0,False,text
GetMotivated,1netot7,You don’t actually fail until you stop trying [Text],39,https://reddit.com/r/GetMotivated/comments/1netot7/you_dont_actually_fail_until_you_stop_trying_text/,https://www.reddit.com/r/GetMotivated/comments/1netot7/you_dont_actually_fail_until_you_stop_trying_text/,"Messing up isn’t failing. Skipping a workout, eating junk, procrastinating for a day, none of that = failure.  
**The only time you actually fail is when you decide you’re done trying.**

So yeah, be messy, restart a hundred times if you need to, but don’t quit.  
Even tiny effort beats zero.

What’s one thing you’re not giving up on this week?",1757650668.0,0.9,39,0,TEXT,Training-Guidance281,7,False,0,False,text
GetMotivated,1nejbre,"[Text] To anyone feeling behind in life right now, this is for you.",136,https://reddit.com/r/GetMotivated/comments/1nejbre/text_to_anyone_feeling_behind_in_life_right_now/,https://www.reddit.com/r/GetMotivated/comments/1nejbre/text_to_anyone_feeling_behind_in_life_right_now/,"Some days feel like nothing’s moving. Maybe you thought you’d be further by now.

Life rarely follows a straight path. Growth is often quiet and slow.

Keep going. Every small step matters, even if you can’t see it yet. You can do this! :)",1757621742.0,0.99,136,0,TEXT,CerealJars99,12,False,0,False,text
GetMotivated,1neuuin,[Discussion] Feeling Stuck? How I Learned to Find Peace When Life Doesn’t Go My Way,8,https://reddit.com/r/GetMotivated/comments/1neuuin/discussion_feeling_stuck_how_i_learned_to_find/,https://www.reddit.com/r/GetMotivated/comments/1neuuin/discussion_feeling_stuck_how_i_learned_to_find/,"Have you ever felt like nothing in your life is going right? Jobs, relationships, or personal goals it all feels like it’s falling apart. I know that feeling too well.

I recently read a blog that really made me think: instead of stressing over what we can’t control, focus on small moments, let go of expectations, and trust that things will work out. It doesn’t mean giving up, just finding a little peace while life unfolds.

Even tiny shifts in how we handle challenges can make a big difference. If you’re in a rough patch, this might give you a fresh perspective.

If you want to read more, here’s a blog that explains it in detail:  
🔗[https://zsurindersingh.medium.com/finding-peace-when-life-doesnt-go-your-way-043d4c0bb401](https://zsurindersingh.medium.com/finding-peace-when-life-doesnt-go-your-way-043d4c0bb401)",1757654718.0,0.79,8,0,DISCUSSION,Difficult-Plate-8767,4,False,0,False,text
GetMotivated,1netdtd,[Discussion] Leave Room For Disappointment for easier life🤗,9,https://reddit.com/r/GetMotivated/comments/1netdtd/discussion_leave_room_for_disappointment_for/,https://www.reddit.com/r/GetMotivated/comments/1netdtd/discussion_leave_room_for_disappointment_for/,"In everything we do, we should always leave room for disappointment. Sometimes we put in too much trust, and when it’s broken, the pain feels unbearable, pushing some into depression, medication, or even high blood pressure.

We must remember: to be human is to err. People will fail us at times, just as we may fail others. Learning to expect imperfection is a form of protection for the heart. ",1757649666.0,0.85,9,0,DISCUSSION,Front_Cookie_8842,0,False,0,False,text
GetMotivated,1ndlfj4,[Image] build your empire brick by brick,4194,https://reddit.com/r/GetMotivated/comments/1ndlfj4/image_build_your_empire_brick_by_brick/,https://i.redd.it/jsipqcj6mdof1.png,"
Image Description: remember to plant your own gardens and decorate your soul instead of always waiting for someone to bring you flowers",1757527026.0,0.98,4194,0,IMAGE,durvedya,12,True,1,False,image
GetMotivated,1ne03ui,[image] We will all make it !,483,https://reddit.com/r/GetMotivated/comments/1ne03ui/image_we_will_all_make_it/,https://i.redd.it/km1xi56nwgof1.png,"
Image Description: someday you're going to look back on all the progress you've made and you'll be glad you didn't quit",1757566864.0,0.98,483,0,IMAGE,durvedya,3,True,1,False,image
GetMotivated,1nefebz,"[Image] I thought I was stuck forever, but small steps really do change everything.",21,https://reddit.com/r/GetMotivated/comments/1nefebz/image_i_thought_i_was_stuck_forever_but_small/,https://i.redd.it/z3nri5ruokof1.png,"
Image Description: there you are time when i was in depression",1757612680.0,1.0,21,0,IMAGE,lowlysoft_mari,1,True,1,False,image
GetMotivated,1ne2kla,"The Future You Fear Won’t Show Up, But Today Will [Text]",46,https://reddit.com/r/GetMotivated/comments/1ne2kla/the_future_you_fear_wont_show_up_but_today_will/,https://www.reddit.com/r/GetMotivated/comments/1ne2kla/the_future_you_fear_wont_show_up_but_today_will/,"I used to live in places i couldn’t touch, arguing with yesterday, rehearsing disasters that never arrived. then it hit me: the past is a teacher, the future is mostly rumors, and the only place life actually happens is right here. learn the lesson, drop the guilt, come back to now. do one tiny thing you’ll be glad you did tonight - send the awkward email, rinse the cup in the sink, walk around the block, breathe a little slower. when you look back, most monsters were just shadows and the moments you kept skipping were the good parts. what’s your next ten minutes?",1757576203.0,0.99,46,0,TEXT,Training-Guidance281,2,False,0,False,text
GetMotivated,1ne2cmt,[Discussion] What actually happened the last time you tried to start exercising regularly?,23,https://reddit.com/r/GetMotivated/comments/1ne2cmt/discussion_what_actually_happened_the_last_time/,https://www.reddit.com/r/GetMotivated/comments/1ne2cmt/discussion_what_actually_happened_the_last_time/,"Hey everyone! I'm curious about the reality of trying to build exercise habits, not the theory.

Think back to the last time you genuinely tried to start exercising regularly and it didn't stick. What actually happened? Was it the first week that derailed you, or did you make it further?

And honestly, how did you feel about yourself during that process when things started falling apart?

I'm asking because I feel like we hear a lot of success stories but not enough about the real experience of what goes wrong. Would love to hear your actual stories.",1757575322.0,0.8,23,0,DISCUSSION,MusicalMetaphysics,81,False,0,False,text
GetMotivated,1ndlup9,[Image] Great Things,169,https://reddit.com/r/GetMotivated/comments/1ndlup9/image_great_things/,https://i.redd.it/iu3nrpxxodof1.png,"
Image Description: and if things don't go as planned, let it be there will always be great things out there waiting for you",1757527953.0,0.99,169,0,IMAGE,Chandan28,1,True,1,False,image
GetMotivated,1nduy5z,[Discussion] how do you stop feeling hopeless when you can’t find clarity to your problems ?,25,https://reddit.com/r/GetMotivated/comments/1nduy5z/discussion_how_do_you_stop_feeling_hopeless_when/,https://www.reddit.com/r/GetMotivated/comments/1nduy5z/discussion_how_do_you_stop_feeling_hopeless_when/,I want to stop feeling living in this autopilot of hopelessness because it feels like everyday keeps going same. Same feelings same routine same everyday like it’s starting to feel hopeless. You lose the enthusiasm in life. You physically don’t feel like doing anything. Mentally there is like fog. Like deep down you know u just have to take the step but feel too afraid or unsure whether it will be right step so you just feel frozen  and keep living in bitter mood ,1757550777.0,0.93,25,0,DISCUSSION,Jpoolman25,14,False,0,False,text
GetMotivated,1ndxl3y,[discussion] What subtle changes makes a difference in life?,11,https://reddit.com/r/GetMotivated/comments/1ndxl3y/discussion_what_subtle_changes_makes_a_difference/,https://www.reddit.com/r/GetMotivated/comments/1ndxl3y/discussion_what_subtle_changes_makes_a_difference/,"
I guess the reason I'm not trying to improve my life at all is because I'm just overthinking extremely a lot about everything. I don't know how to explain but I'll try..

So what I'm noticing is I seem to accept defeat before starting. I intentionally procrastinate to avoid doing the work simply because I lack confidence or self belief that I can do it! Yet in the back of mind all day I keep worrying and stressing myself out about my problems. I used to research a lot and read or watch anything related to my worries in hopes to find clarity. But my biggest problems was I just never faced the problem. I feel very resistant. So the stress or agitation feeling only increases more. You feel frustrated from the problem but you also feel frustrated for not solving . 

My simple 3 goals were to learn driving, getting a job and joining college again but I wasted like almost 7 yrs not taking single actions towards my goals. No wonder I'm not feeling any change in life.  So for driving, I know I need to contact instructor but I feel like I'm too old to learn and I'll probably be slow or scared to learn. For job, I wished to have better paying job or something nice but I see my only options are working at warehouse, fast food, retail store for now which I feel ashamed to work since in the past I've worked those sorta jobs and family kept lecturing me to do better. Sighs I don't know what I'm doing with my life ",1757558646.0,0.93,11,0,DISCUSSION,Lemonade2250,10,False,0,False,text
GetMotivated,1ndtbq6,[Text] Do you ever feel bored?,14,https://reddit.com/r/GetMotivated/comments/1ndtbq6/text_do_you_ever_feel_bored/,https://www.reddit.com/r/GetMotivated/comments/1ndtbq6/text_do_you_ever_feel_bored/,"I used to think boredom was a symptom of an uninteresting life. But over time, I realized it wasn’t life that lacked color - it was my own perception that had dulled. Even in moments of joy, I found myself drifting into monotony. Why? Because my thoughts and emotions were looping, repeating, recycling the same patterns.

Sadhguru once said, “Boredom arises from a lack of involvement with life. You are lost in your own thoughts and emotions.” That struck a chord. I began to see that the monotony wasn’t in the world - it was in me. My mind was replaying old tapes while life kept offering fresh music.

So I started practicing a subtle shift: creating space between myself and my thoughts. Not rejecting them, but observing them. Feeling life not through the lens of emotion, but through the pulse of energy. When I do this, I’m no longer a spectator, I’m immersed. Fully involved. And boredom? It simply doesn’t exist in that state.

The more I live this way, the more vivid everything becomes. Life isn’t just interesting - it’s electric.

How do you deal with your boredom if you ever get there?",1757546155.0,0.86,14,0,TEXT,Tight_Text007,3,False,0,False,text
GetMotivated,1ndcc8i,[IMAGE] What will necessity make you create?,66,https://reddit.com/r/GetMotivated/comments/1ndcc8i/image_what_will_necessity_make_you_create/,https://i.redd.it/bu20e06hvbof1.png,"
Image Description: plato quote",1757505940.0,0.87,66,0,IMAGE,Spiritual-Worth6348,1,True,1,False,image
GetMotivated,1nd52d1,[IMAGE] How do you resist becoming what you oppose?,232,https://reddit.com/r/GetMotivated/comments/1nd52d1/image_how_do_you_resist_becoming_what_you_oppose/,https://i.redd.it/5q2wqtaqo9of1.png,"
Image Description: a man with a mustache and a quote about his life",1757479469.0,0.94,232,0,IMAGE,Spiritual-Worth6348,17,True,1,False,image
GetMotivated,1neas0v,[Discussion] How do you motivate yourself for sales calls?,0,https://reddit.com/r/GetMotivated/comments/1neas0v/discussion_how_do_you_motivate_yourself_for_sales/,https://www.reddit.com/r/GetMotivated/comments/1neas0v/discussion_how_do_you_motivate_yourself_for_sales/,"[an AI version of me hyping himself up in the morning before picking up the phone](https://preview.redd.it/inn52uthsjof1.png?width=1536&format=png&auto=webp&s=9dd9cf8fc3059e0f8a20137ec4b4d5c72ff352ca)

Curious to hear your thoughts on this! ",1757601994.0,0.4,0,0,DISCUSSION,yveys,10,True,1,False,text
GetMotivated,1nd2pda,If you feel depressed [text],122,https://reddit.com/r/GetMotivated/comments/1nd2pda/if_you_feel_depressed_text/,https://www.reddit.com/r/GetMotivated/comments/1nd2pda/if_you_feel_depressed_text/,"If you feel depressed, remember that before an expansion comes a contraction, just like a beating heart or a baby before birth. We collect ourselves before we go out into the world, it is from the shadow, the ""cave"" that we see our light.
With this I want to remind you that this too shall pass, it is only a moment.  Connect little by little with what makes you happy. Drink water, breathe consciously, go for a walk, feel the sun on your face, listen to the music you like. Little by little everything will get better, and you can always ask for help. You are not alone.",1757472086.0,0.89,122,0,TEXT,Witchielavender,15,False,0,False,text
GetMotivated,1ncuhfq,[Story] start by fixing your sleep before you try to improve any other areas of your life because sleep is the foundation upon which you can build other good habits,335,https://reddit.com/r/GetMotivated/comments/1ncuhfq/story_start_by_fixing_your_sleep_before_you_try/,https://www.reddit.com/r/GetMotivated/comments/1ncuhfq/story_start_by_fixing_your_sleep_before_you_try/,"i am a resident doctor in canada and i recently had a 3 week work stretch (in obstetrics) where i had to work 5 24h shifts in 3 weeks + regular 10 hour work days. In totally i worked 189h in the delivery room, which is 63 h /week or 12.6h/day. In those 24h shfits, i get on average 0-1h of sleep.

i knew this was going to be brutal going in, so i made a commitment: im going to focus on one thing and one thing only , and that was my sleep. I made sure to get 8-9 h of sleep every single night that i was sleeping at home. the results were subtle but truly impressive

1. thanks to my impeccable sleep, i recovered quicker from the 24h sleep deprivation and i felt so energetic on days where i was not working 24h. as a result, i went on runs 2-3 times a week and was able to ramp up my training. at the end of my rotation, i completed a HALF MARATHON UNDER 2 hours (i was already a long distance runner, so this was not from 0 to 100) which was a personal record for me
2. by prioritizing my sleep, i reduced time spent on social media which was SO MIND LIBERATING. i felt lighter emotionally, i had more energy and life just felt less stressful.

i really recommend you start by improving your sleep. this cannot be overlooked. I set a forfeit (using the forfeit app) to send a selfie in bed by 11pm (if I miss this I lose $5). nothing can be optimized if your brain is chronically sleep deprived and fatigued. on a side note, the medical training system real",1757450446.0,0.98,335,0,STORY,Aggravating_Many5091,17,False,0,False,text
GetMotivated,1nd6mcv,"Motivation isn’t the spark, it’s the reaction [Article]",24,https://reddit.com/r/GetMotivated/comments/1nd6mcv/motivation_isnt_the_spark_its_the_reaction_article/,https://www.reddit.com/r/GetMotivated/comments/1nd6mcv/motivation_isnt_the_spark_its_the_reaction_article/,"I used to think motivation had to come first, like some magic spark that gets you moving. But then I realized… It’s more like a law of the universe: *every action has an equal and opposite reaction.*

When you take action, even a small one, motivation shows up as the natural reaction. The energy comes *after* you move, not before.

So if you’re waiting around for motivation, you might be waiting forever. Just take one step the motivation will catch up.",1757485089.0,0.96,24,0,ARTICLE,ForYouMama30,6,False,0,False,text
GetMotivated,1ncc28h,[Image] The path is lonely with a lot of thorns and pitfalls along the path. Are you willing to do what it takes to walk alone and come out of it winning?,1132,https://reddit.com/r/GetMotivated/comments/1ncc28h/image_the_path_is_lonely_with_a_lot_of_thorns_and/,https://i.redd.it/80idplia83of1.png,"
Image Description: i love this quote",1757401286.0,0.99,1132,0,IMAGE,Repulsive_Low2905,9,True,1,False,image
GetMotivated,1ncd65e,[Image] Silent presence,371,https://reddit.com/r/GetMotivated/comments/1ncd65e/image_silent_presence/,https://i.redd.it/4d4qjypgl3of1.png,"
Image Description: when someone is going through a hard time, the presence is worth more than a million empty words",1757405715.0,0.98,371,0,IMAGE,Chandan28,6,True,1,False,image
GetMotivated,1ncpzhp,[Text] Get Up. Get Going. Get Better.,31,https://reddit.com/r/GetMotivated/comments/1ncpzhp/text_get_up_get_going_get_better/,https://www.reddit.com/r/GetMotivated/comments/1ncpzhp/text_get_up_get_going_get_better/,Your future self is counting on you to not quit today. So let today be your day one not another one day.,1757440599.0,0.89,31,0,TEXT,witchdocek,1,False,0,False,text
GetMotivated,1ncf610,Most people wait for motivation to act. The truth? Motivation comes after action [Article].,43,https://reddit.com/r/GetMotivated/comments/1ncf610/most_people_wait_for_motivation_to_act_the_truth/,https://www.reddit.com/r/GetMotivated/comments/1ncf610/most_people_wait_for_motivation_to_act_the_truth/,"You don’t need to feel ready. You don’t need the perfect plan. You don’t even need confidence.

Start small. Start messy. Start scared.

Because motivation isn’t what gets you moving, momentum is. Once you take that first uncomfortable step, your brain rewires itself to keep going.

Stop waiting. Do the thing. The energy you’re looking for is hidden inside the action you’ve been avoiding.",1757413524.0,0.9,43,0,ARTICLE,ForYouMama30,23,False,0,False,text
GetMotivated,1ncobtd,I want more success? I want to radically change my life. How?[Story],12,https://reddit.com/r/GetMotivated/comments/1ncobtd/i_want_more_success_i_want_to_radically_change_my/,https://www.reddit.com/r/GetMotivated/comments/1ncobtd/i_want_more_success_i_want_to_radically_change_my/,"Here's a run a rundown of who I am.

*  31 years old
* Mid 20s sucked because I was super unemployable with a degree that did nothing for me
* Learnt programming and eventually got myself into the industry about 4 years ago
* Been in the industry for 4 years now and been climbing the ladder
* Working for a big company now as a mid-level developer
* I still live with my family because parents and sibling have no money, so they're all depended on me.
* I'm super single and don't date much, but nowadays, I'm going out more

  
I want more in life. I want more money for the following reasons:

* I want to take care of my parents' health problems
* I want to be able to take care of my parents, even when we're not living together anymore
* I want to be able to lend my family money anytime when they need it
* I don't want my family to worry about the electricity been turned off anymore, because we don't have enough money
* I want to travel and explore the world
* I want my own fancy loft
* I want to be able to go to any events I want to go to during the weekends, instead of not going as a result of money

While I'm grateful for the level of success I was able to achieve in my country( South Africa) where unemployment is a big thing, I just want more.  
  
I currently have the following issues

* I drink more than I should weekly
* I find it difficult to brainstorm an idea or work on something worthwhile outside of work, because        - If it's winter, I just want to get inside my bed as soon as I get home when I arrive from work                         - It's easier for me to Netflix or YouTube after a long day from work                                                             - If I'm not going anywhere on the weekend, or I come back from doing important things, like grocery shopping, etc, I feel too tired to do anything productive that I'll end up just watching YouTube .

I need advice in discipline. I had discipline when I was unemployed and was nothing, but that was years ago.  Success has defeated me, but given my current circumstances, my success is not all that, because I still have issues.

I need advice. I need help.  How do I radically change my life?

I'm a software dev, I like tech, I was even entertaining the idea of building some sort of smart device. 

The point is, I need advice to change my life drastically.",1757436915.0,0.71,12,0,STORY,Grind_in_silence,7,False,0,False,text
GetMotivated,1ncd07j,"I almost quit basketball, then a gift changed everything [Story]",45,https://reddit.com/r/GetMotivated/comments/1ncd07j/i_almost_quit_basketball_then_a_gift_changed/,https://www.reddit.com/r/GetMotivated/comments/1ncd07j/i_almost_quit_basketball_then_a_gift_changed/,"Back in AAU, I felt invisible. My coach ignored me game after game, and no matter how much effort I put in, it never seemed to matter. I was right on the edge of walking away from basketball for good. Then one of my closest friends did something small but unforgettable. They designed a reversible jersey for me, added a custom logo, and handed it to me with a handwritten letter. The letter simply said, *“I had what it takes, I just had to keep going.”*

That single gesture flipped my mindset. Instead of giving up, I pushed harder. It was a reminder that someone believed in me when I didn’t believe in myself.

Eventually, I earned a college scholarship. Looking back, I realise it wasn’t just about the game, but about the power of support when you need it the most.",1757405041.0,0.84,45,0,STORY,Alexanesmith,5,False,0,False,text
GetMotivated,1nc8jpq,[IMAGE] What remains yours when everything else is taken?,72,https://reddit.com/r/GetMotivated/comments/1nc8jpq/image_what_remains_yours_when_everything_else_is/,https://i.redd.it/0rx40cv972of1.png,"
Image Description: my leg you will chain yes, but my will not be not even zeus can conquer",1757388919.0,0.92,72,0,IMAGE,Spiritual-Worth6348,6,True,1,False,image
GetMotivated,1nbnnui,[IMAGE] Which of your fears survives reality?,871,https://reddit.com/r/GetMotivated/comments/1nbnnui/image_which_of_your_fears_survives_reality/,https://i.redd.it/qogtjblqzxnf1.png,"
Image Description: sensational sencea quote",1757337875.0,0.98,871,0,IMAGE,Spiritual-Worth6348,16,True,1,False,image
GetMotivated,1nbq31h,"nobody’s actually lazy, you’re just too comfortable [Discussion]",462,https://reddit.com/r/GetMotivated/comments/1nbq31h/nobodys_actually_lazy_youre_just_too_comfortable/,https://www.reddit.com/r/GetMotivated/comments/1nbq31h/nobodys_actually_lazy_youre_just_too_comfortable/,"Let’s be honest, most people who say they’re lazy aren’t lazy at all. You’ve just got it comfy enough that you don’t *need* to change.

Your bills are paid (mostly), you’ve got Wi-Fi, a couch, some snacks, and a phone full of distractions. Why would you get up and chase something that requires effort when survival doesn’t depend on it?

This isn’t hate. It’s just the truth I had to tell myself too.

Laziness isn’t the enemy. Comfort is. Comfort makes you scroll for 3 hours. Comfort convinces you that you’ll start next week. Comfort tells you “you’re doing fine” while your dreams quietly die in the background.

You ever notice how you suddenly get motivated when life goes sideways? Breakup, job loss, health scare — suddenly you're in grind mode. That’s not magic, that’s urgency.

So here’s the challenge — what if you didn’t wait for rock bottom? What if you created the urgency now?

Disagree? Let me hear it  
Got out of a rut recently? What finally snapped you out of it",1757343654.0,0.86,462,0,DISCUSSION,Training-Guidance281,87,False,0,False,text
GetMotivated,1nb0q1b,[Image] The lines of life,2317,https://reddit.com/r/GetMotivated/comments/1nb0q1b/image_the_lines_of_life/,https://i.redd.it/gs8b7j6ecsnf1.png,"
Image Description: the lines of life",1757269489.0,0.96,2317,0,IMAGE,Chandan28,51,True,1,False,image
GetMotivated,1nbt308,[Story] Wake up! You're going to miss the train!!!,20,https://reddit.com/r/GetMotivated/comments/1nbt308/story_wake_up_youre_going_to_miss_the_train/,https://www.reddit.com/r/GetMotivated/comments/1nbt308/story_wake_up_youre_going_to_miss_the_train/,"Like everyone, my motivation has been off and on. But lately, the realization that this one life.. regardless of how amazing or terrible it may be.. is the ONLY one I get. Nothing profound I know. But I REALLY thought about it.

This thing we call world is uncaring of our individual desires. Unmoved by our existence. You could be the happiest man or saddest man alive and still you will die in the end. Nobody escapes this game alive. I looked in the mirror and just saw how disappointed and defeated I looked on a daily basis. I told myself that's ""strength"". Stoicism. Unshakeable. Unbreakable. But no.. all this time I've been pretending nothing bothers me. I cried several times daily then and to this day, about a month later, kind of still do.

I wanted to get an actual taste of my possible future if I stay on this path. So I intentionally sought people in the twilight of their life.. and wondered what their biggest fears/regrets were in life. Of course the most common answer: ""Could I have done more..?"" Even the world's most motivated, ADHD, coke fueled maniac could never achieve all their goals in just one lifetime. But the absolute look of despair on these otherwise happy peoples' faces terrified me. When my therapist - a body of wisdom, strength and guidance - admitted she too feels she wasted years of her life? It shook me to my core. If someone like HER has THAT much regret..? What will MY future look like when I already feel it at less than half her age?

I spiraled down an existential crisis sprinkled with panic attacks every single day this past month. The greatest lie we've ever told ourselves? ""I have time."" Seeing this 55 year old post office clerk scream into a camera that I need to wake up hit me. He reminisced on his young adulthood, working on a construction site with some Mexicans and how vividly he remembered them fighting.. throwing beer cans at each other and getting yelled at by their boss. How that very night he went to sleep and woke up 30+ years later like it was nothing. ""Life is like a roll of toilet paper. The closer you get to the last sheet, the quicker it goes."" he said.

Once, I clung to the childish belief that maybe.. JUST MAYBE if I cry hard enough. If I avoid confrontation. If I never say ""no"". If I'm agreeable. If I let people use me or walk on me. If I conform. If I smoke cigarettes and pretend my issues don't bother me. If I do X, Y and Z. Maybe God or fate or whatever thing controls all of this - will give me a second chance. Maybe... but we cannot know that. So for all intents and purposes? This life is our one shot. My life has been cruel and I let it shape me. I never turned my misery or anger on others. But all emotions need to be vented and so I turned it on myself. Every day I'd criticize something about me. A self-fulfilling prophecy that I suck. I'm stupid. I'm ugly. I can't live a normal life. I don't belong anywhere.

Within 10 years I'll be middle aged. Yet my mind feels no different than when I was still sitting at a desk falling asleep or skipping school entirely to go skating or to McDonalds.

Being half Asian, I maintain my youthful LOOK but time doesn't care. Age doesn't care. Reality doesn't care. One day, my body will begin to deteriorate just like everyone else. I've done good things for others and myself, I've traveled the world. I've BEEN happy!!! Yet I recognize I could have done more. I can. I WILL!

There is an entire PLANET of culture and wonders and foods and people to witness. To partake in. To desire and belong!

The past 5 years or so I've pretty much done nothing excluding a few outings. One concert. Tattoo convention. But other than that? Nothing. I haven't learned anything new. I've barely met anyone. I used Uber Eats to get all my groceries. I feel like I'm slowly losing myself and further slipping into that self fulfilling prophecy that I AM worthless.

I receive so many compliments and always have that I'm beautiful. I'm good looking. Doctors. Therapist. Friends. Family. Lawyers. Several cosmetic surgeons and nurses. My own family of course. Everyone around me except ME..!! I've doubted myself for too long. I've squandered so many precious YEARS of life thinking I'll be seen as a monster if I dare partake in the this thing called Life.

But I realize and fully accept now - that I cannot afford to waste a single year going forward. Economy sucks. Politics suck. Health can crash at any time. I nearly got killed last Friday by a psychotic Uber driver! Life is precious and delicate and there is no reset button no matter how hard we wish it were so.

I'm taking baby steps but they are steps regardless! I'm studying and FINALLY going to enter college within a year. Spring 2026 I'm planning a trip to Korea for cosmetic surgery to fully erase my doubts and things holding me back. In the Fall? Me, my aunt, my mother and sister are going to the Philippines and I'm headed to Japan afterwards to get lost and explore. To experience. To achieve my purpose in life: to create enough memories that will cradle me with joy so I can face the end with a smile.. not only tears.

You all can and WILL achieve your goals too! Please.. please.. PLEASE do not think you're stupid or ugly or worthless. However old you may be, there is time as long as you're breathing and not chained down to a hospital bed or in a basement. Start today! Rack up these tiny victories and recondition your mind to believe you CAN do things like ""other people"". You CAN and DO belong in the world! Live your life no matter how humble or grand it may be! You don't have to dream of owning a yacht or colonizing Mars.. but YOU MUST DREAM!!!",1757350379.0,0.88,20,0,STORY,TheDarkestBetrayal,7,False,0,False,text
GetMotivated,1nbifwx,[Text] Feeling powerless? Remember the times the working class fought and won.,76,https://reddit.com/r/GetMotivated/comments/1nbifwx/text_feeling_powerless_remember_the_times_the/,https://www.reddit.com/r/GetMotivated/comments/1nbifwx/text_feeling_powerless_remember_the_times_the/,"When the weight of the world makes you feel small, remember this: throughout history, organized people have fought organized money and won. The comforts and rights we consider normal were not given. They were taken, through solidarity and struggle, by and for the proletariat. These are our victories:

· The 8-Hour Work Day: This wasn't a gift. It was a hard-won demand, paid for in blood by striking workers and labor activists who declared, ""Eight hours for work, eight hours for rest, eight hours for what we will."" Their fight reclaimed our time and our lives from the endless grind of capital.

· Weekends and Paid Leave: The concept of a weekend, sick pay, and vacation time are direct results of worker-led movements and collective bargaining. They are a rejection of the idea that humans exist solely as labor for profit.

· Universal Public Education: The push for free, accessible education for all children was a foundational communist and socialist demand. It was about breaking the ruling class's monopoly on knowledge and empowering the working class with the tools to understand and change the world.

· Worker Safety and Child Labor Laws: Regulations that prevent death in factories and protect children from exploitation were enacted only after relentless pressure from socialist and labor parties. They forced the state to acknowledge that no profit is worth a worker's life.

· The Very Concept of a ""Social Safety Net"": From unemployment insurance to public pensions, these ideas are victories of collectivism over individualism. They establish the principle that society has a responsibility to care for all its members, especially those whose labor builds its wealth.

These weren't minor reforms. They were radical shifts in power that lifted millions from destitution and declared that human dignity is more important than private profit.

Your motivation for today: You are the inheritor of this struggle. The bosses and landlords want you to feel isolated and powerless. History proves you are neither. Every right we have was won by people who decided to fight together.

The future is not something we enter; it's something we build. Organize. Agitate. Educate. The greatest victories for the proletariat are still to come.

---

This is our history. This is our power. Let's get motivated.",1757321092.0,0.87,76,0,TEXT,No_Candy_8948,8,False,0,False,text
GetMotivated,1nccxmw,[Discussion] I wanna change and grow,2,https://reddit.com/r/GetMotivated/comments/1nccxmw/discussion_i_wanna_change_and_grow/,https://www.reddit.com/r/GetMotivated/comments/1nccxmw/discussion_i_wanna_change_and_grow/,"(WARNING A TON OF YAP, basically I just wanna ask for advice on how to break a cycle) I wanna try and get out of this hole ive dug myself into(this is like the 50th time ive said this). When I try too i fall into this cycle. Where just as i start making progress and its noticeable, I kinda just peak there for a bit. Until I start to fall back down and end up back at square one. Its a cycle I've been repeating for the last 3 years. My friends all all moved on cause there sick of it, they've walked all over me or they were shit people and i dropped them. Too give myself some credit Im way better then I used to be. I finally have a stable job and am holding it, I have a car that I paid for (a Black Cadillac) and im sober from the nose beer (I did a Lil at a party months ago but haven't since and don't plan on it ever again). But im also still the exact same just without the party's. now I just lay in bed and watch TV/ play games, until its time to go out with my one friend I have left and get drunk. I wanna fix my life and be productive I just dont know how to break the cycle. 

**there's many more reasons behind why I wanna change but I'm not writing a novel",1757404760.0,0.62,2,0,DISCUSSION,Some_Neck1899,9,False,0,False,text
GetMotivated,1nav5ld,[IMAGE] Start Now,1793,https://reddit.com/r/GetMotivated/comments/1nav5ld/image_start_now/,https://i.redd.it/fzxlpa7v9rnf1.png,"
Image Description: you're never ready for what you have to do",1757256579.0,0.98,1793,0,IMAGE,Unlucky_Freedom_9960,23,True,1,False,image
GetMotivated,1nc89tx,Motivational services [Tool],2,https://reddit.com/r/GetMotivated/comments/1nc89tx/motivational_services_tool/,https://www.reddit.com/r/GetMotivated/comments/1nc89tx/motivational_services_tool/,"Anyone tried any of these so-called motivational services? Apparently you hire someone to motivate you going to the gym and such. Seems dumb to me but i actually cant get disciplined enough to go, i buy a subscription and go for a couple days then quit and go back to laziness. Would like to hear some thoughts!",1757388056.0,0.76,2,0,,Suspicious_Carob_590,0,False,0,False,text
GetMotivated,1nbr7k0,[Image] Strive for Progress NOT Perfection,15,https://reddit.com/r/GetMotivated/comments/1nbr7k0/image_strive_for_progress_not_perfection/,https://imgur.com/a/Vy5Ofus,,1757346210.0,0.86,15,0,IMAGE,Theasshole11,0,False,0,False,text
GetMotivated,1nbswfa,What's your excuse today? [Discussion],5,https://reddit.com/r/GetMotivated/comments/1nbswfa/whats_your_excuse_today_discussion/,https://www.reddit.com/r/GetMotivated/comments/1nbswfa/whats_your_excuse_today_discussion/,"Serious question: What is holding you back today?

Are you procrastinating again? I know you are if you're reading this and thinking about commenting...

So let's talk about it. What is currently stopping your progress and what are you planning to do to get over it?",1757349978.0,0.59,5,0,DISCUSSION,Business-Eggs,20,False,0,False,text
GetMotivated,1naz5pl,My house constantly feels like a mess and I can’t catch up. [DISCUSSION],194,https://reddit.com/r/GetMotivated/comments/1naz5pl/my_house_constantly_feels_like_a_mess_and_i_cant/,https://www.reddit.com/r/GetMotivated/comments/1naz5pl/my_house_constantly_feels_like_a_mess_and_i_cant/,"I’m a fully grown adult but I still can’t get into a routine when it comes to chores.

It’s just me and my husband, we don’t even have kids yet, but I feel like I’m always behind on chores. My house never feels 100% clean. There’s always clothes in the laundry basket. I don’t understand how dishes pile up so fast.

I work a full time job (10 hour days) from home. I live in a two bedroom townhouse. This shouldn’t be this hard.

How do you all keep your houses clean? How do you make sure you keep up with it? Is this this hard for anyone else, or am I just failing as an adult?",1757265904.0,0.95,194,0,DISCUSSION,ckitten_,129,False,0,False,text
GetMotivated,1nb0dtv,[Image] What's most important to you in life?,83,https://reddit.com/r/GetMotivated/comments/1nb0dtv/image_whats_most_important_to_you_in_life/,https://i.redd.it/7ogbjnb3asnf1.png,"
Image Description: when you find out what's most important in life, you'll find out that nothing on the list suddenly seems so insignificant",1757268712.0,0.96,83,0,IMAGE,didntask-com,1,True,1,False,image
GetMotivated,1nb84w0,[Discussion] Not feeling motivated after sick,4,https://reddit.com/r/GetMotivated/comments/1nb84w0/discussion_not_feeling_motivated_after_sick/,https://www.reddit.com/r/GetMotivated/comments/1nb84w0/discussion_not_feeling_motivated_after_sick/,"Okay, I read a Japanese comic book, it's known as Manga, it was English translated. The manga I'm about to talk about is called Vinland Saga by Makoto Yukimura, the story is in the 10-11 century, there's a lot of Vikings, so, I'll be brief, it starts as our main character, Thorfinn who watches his dad killed and he wants to avenge his father in a duel with the person who killed his father, but the person gets killed by someone else and then Thorfinn failed to avenge his father, now depressed because he failed but now he grows and becomes a better person and tries to atone for all the people he killed. I was deeply moved by this and I wanted to be like Thorfinn, a better person. And after almost 2 months of trying, it was going great, I felt way better than I did but last weekend I got sick and by Tuesday evening or Wednesday I was recovered and by Thursday I was fully recovered but now, it's Saturday night in where I live, I don't feel motivation to being a better person, I don't feel motivation from Thorfinn or the things that motivated me before getting sick don't motivate me now, I don't feel any kinds of motivation or empathy, although I still want to be a better person, I don't feel any motivation behind it, tho. I kinda feel hollow inside, Idk if it's cuz of the sickness or something else. Please help me, I wanna know what caused it and how I can feel motivated again so that I can continue on trying my best to be a better person",1757287475.0,0.64,4,0,DISCUSSION,Educational-Tank-881,5,False,0,False,text
GetMotivated,1navjpb,[story] Metaphorical friends,7,https://reddit.com/r/GetMotivated/comments/1navjpb/story_metaphorical_friends/,https://www.reddit.com/r/GetMotivated/comments/1navjpb/story_metaphorical_friends/,"Coke is like party friends: they come when you feel lonely, miserable, or just down. They offer immediate joy, right now. It's fun with them—you all party and have fun, and they trash your place, destroying things you worked hard for. But you don't care; you are happy and having fun. At some point, your so-called friends leave to get some rest. At first, they don't leave a mess; that happens when you get to know each other, when they no longer ask to come over but just arrive uninvited. When they leave to rest, you are left with the mess they made. You know you need to fix things, but the damage is too big for now, so you just wait for them to come back. When they return, they give you the same thing, making you believe it’s what you need. The worst part is you never know how long they will be gone; it could be 3 hours or 27 hours. No matter how much rest they get, they will persuade you to think they are your best friends, so masterfully that you believe it's your own idea. If you confront them for trashing your house, they gaslight you, saying you don't like them or that you can't party. And you believe them, thinking they are your only friends. At some point, when they are gone for who knows how long, you realize your situation, but you don't have enough time to fix it, and here they come again. They give you your reward without you doing anything, and you accept it because it makes you feel better. They make you forget your values, beliefs, morals, virtues, and feeling of shame. They are very good speakers and experts at understanding what a person needs. They do it so you will spend as much time with them as there are hours in a day. All of this happens because at some point you felt a need to be more energetic, to have some euphoria, or you felt lonely, broken, or bored.

Coke was the thing I escaped reality for 5 years Jully 22nd 2025 was the day I let go those “friends” No pressure but you can do it too, it’s hard I know, you have strength to not hang out with whatever friends you hang out now! I believe in you! You’re enough, you are not failure! My heart and thoughts are with you! One love my friend 💚",1757257493.0,0.73,7,0,STORY,Wenria,1,False,0,False,text
GetMotivated,1na3qse,"The older I get, the more it makes sense [discussion]",429,https://reddit.com/r/GetMotivated/comments/1na3qse/the_older_i_get_the_more_it_makes_sense_discussion/,https://i.redd.it/8ntbhh9klknf1.jpeg,,1757175716.0,0.95,429,0,DISCUSSION,kixsob,12,True,1,False,image
GetMotivated,1na7933,"The Hardest Part Is Showing Up, Do It Anyway. [Story]",86,https://reddit.com/r/GetMotivated/comments/1na7933/the_hardest_part_is_showing_up_do_it_anyway_story/,https://www.reddit.com/r/GetMotivated/comments/1na7933/the_hardest_part_is_showing_up_do_it_anyway_story/,"Some mornings I didn’t want to open my laptop. Some days I felt like skipping meetings, workouts, or writing that blog post I had planned. Everything in me wanted to delay, to wait for motivation or the right mood. But over time, I realized the only way to make progress was to show up, even when I didn’t feel like it.

I started small, sometimes it was just opening the document and typing a single sentence, or stepping into the gym for five minutes. Those tiny steps often led to bigger momentum. Even on days when nothing seemed to flow, showing up created a rhythm and kept me connected to my goals.

Over months, I noticed a pattern, the days I pushed myself to show up, even reluctantly, were the days that counted the most. Consistency became my secret weapon. Motivation came and went, but discipline the act of showing up carried me through. It reminded me that progress isn’t about waiting for the perfect mood, it’s about starting anyway, and letting the small actions compound into real results.

To everyone, have a great day ahead!",1757184059.0,0.98,86,0,STORY,SnTnL95,2,False,0,False,text
GetMotivated,1n9w903,[IMAGE] Adversity teaches what comfort conceals,325,https://reddit.com/r/GetMotivated/comments/1n9w903/image_adversity_teaches_what_comfort_conceals/,https://i.redd.it/qc29dbc4vinf1.png,"Stoic ethics treats adversity as a laboratory for character: the event is neutral; your judgment and response give it value. What is one bounded hardship that concretely developed a specific virtue in you?
Image Description: dante's the cynic",1757154728.0,0.97,325,0,IMAGE,Spiritual-Worth6348,7,True,1,False,image
GetMotivated,1na6l4f,[Discussion] Why did my brain resist healing even when I wanted to feel better?,40,https://reddit.com/r/GetMotivated/comments/1na6l4f/discussion_why_did_my_brain_resist_healing_even/,https://www.reddit.com/r/GetMotivated/comments/1na6l4f/discussion_why_did_my_brain_resist_healing_even/,"So when I was deep in depression, something really confusing kept happening: even though I wanted to get better, my brain seemed to fight against it.

I’d plan small changes—go for a short walk, journal, talk to a friend—but the moment came, and I’d feel this heavy resistance, like my own mind was pulling me back into bed. It almost felt safer to stay in the pain I already knew, instead of risking the effort of change.

Step by step, I managed to push through that cycle and start healing (without medication in my case). But I still don’t fully understand why my brain did that.

Was it fear? Comfort in the familiar? Or just how depression rewires us?
Curious if anyone else has experienced this strange push-pull while trying to recover.",1757182463.0,0.97,40,0,DISCUSSION,lowlysoft_mari,4,False,0,False,text
GetMotivated,1n9rumn,[IMAGE] Applause Is A Lagging Indicator Choose The Process Over Praise,130,https://reddit.com/r/GetMotivated/comments/1n9rumn/image_applause_is_a_lagging_indicator_choose_the/,https://i.redd.it/svmjnp7ihhnf1.png,"Results arrive last and loudest, but decision quality is set by process. Outcome bias and moral luck tempt us to reward wins and scapegoat prudent failures. What is one decision you would still defend because the process met a high standard, even though the outcome disappointed?
Image Description: john f kennedy quotes",1757138034.0,0.85,130,0,IMAGE,Spiritual-Worth6348,10,True,1,False,image
GetMotivated,1n974ky,[Image] Happiness,1796,https://reddit.com/r/GetMotivated/comments/1n974ky/image_happiness/,https://i.redd.it/var0obvqycnf1.png,"
Image Description: a sunset with the quote if it makes you happy, it's not a waste of time",1757083296.0,0.98,1796,0,IMAGE,Chandan28,32,True,1,False,image
GetMotivated,1n9wyxo,A person can rise or fall through the efforts of his own Mind [Text],23,https://reddit.com/r/GetMotivated/comments/1n9wyxo/a_person_can_rise_or_fall_through_the_efforts_of/,https://www.reddit.com/r/GetMotivated/comments/1n9wyxo/a_person_can_rise_or_fall_through_the_efforts_of/,"The idea is that we are the architects of our own lives—we have the potential to elevate ourselves through our actions and mindset, or to degrade ourselves by giving in to negative thoughts and behaviors.

 ""**A person must elevate himself by his own mind, not degrade himself. The mind is the friend of the conditioned soul, and his enemy as wel**l. ""Lord Krishna, Bhagavad Gita (c 6, v5)

* When we use our mind for positive purposes—cultivating discipline, seeking knowledge, and focusing on our duties—it becomes our greatest ally. A focused and steady mind can help us overcome obstacles, build character, and achieve our highest potential. It allows us to rise above our circumstances and create a better life.
* On the other hand, if we allow our mind to be controlled by negative emotions like anger, greed, or laziness, it can become our worst enemy. An undisciplined mind can lead us to make poor choices, abandon our responsibilities, and fall into destructive habits. In this way, we ""draw ourselves down"" through our own lack of self-control.

What you think? The responsibility for our rise or fall rests squarely on our own shoulders through internal efforts or depends on external factors?

 It's a reminder that we are not helpless victims of fate, but rather active participants in our own evolution. Our attitude and consistent effort are the tools we use to build the life we want, or to tear it down.",1757157358.0,0.96,23,0,TEXT,Ok_Landscape9564,3,False,0,False,text
GetMotivated,1n9f9fh,I can’t begin to express how important this text is right now. It’s $12. Please buy a copy or head to your local library. [Tool],186,https://reddit.com/r/GetMotivated/comments/1n9f9fh/i_cant_begin_to_express_how_important_this_text/,https://i.redd.it/95g24xirienf1.jpeg,"
Image Description: on tyrrany twenty lessons from the twentieth century by timothy snyder",1757102133.0,0.83,186,0,,atrailofdisasters,32,True,1,False,image
GetMotivated,1n9yf2i,I'm Lost and it feels like I can't find the Light at the end of the tunnel. [Discussion],8,https://reddit.com/r/GetMotivated/comments/1n9yf2i/im_lost_and_it_feels_like_i_cant_find_the_light/,https://www.reddit.com/r/GetMotivated/comments/1n9yf2i/im_lost_and_it_feels_like_i_cant_find_the_light/,"Hello. This might be a lengthy post but I really need help/advice/anything one can offer. I'm M-23 and I'm not super good in studying (theoretically) but do better at practical stuff. I have seen enough failure throughtout my life as a student: failing in one of the classes in high school/sr.secondary and then opting for open schooling to finish it off, failed in 1 of the subject in open school then gave a re-test, didn't get into almost any of the college throughtout my country due to almost every college requiring >90% so planned for Canada and got accepted in a Uni but visa got rejected twice and even attempted IELTS 2 times so about 1.5yr wasted on that after highschool. 



Further, I took admission in Open College and started studying the stock market that my mom's brother introduced me to and within the next 2 yrs I got myself my own Motorcycle, Air Conditioner for my room, Study table/chair, gave Mom cash to go for a vacation and helped financially as much as I could for 2 yrs as my Dad's company went bankrupt and all his salary for 2-3 yrs wasn't revieved (even now) etc. I jumped to Intraday trading for flexibility and wanting to try new thing but haven't been successfull for 2 yrs till now still studying and trying different things in the market. A few weeks ago, I completed my degree from the Open College but failed yet again in 1 of the subjects for which I'll have to give the exam again in Dec now. I have had a mild plan for Germany for my masters as I'm not financially strong so I would love to go and study abroad to have another chance at life and considering they require the CGPA between 1-2.5, I'm estimating mine to be 2.81 that is still considered by a few unis that are not the extremely top tiered ones. I have even studied German for 1.5 yrs where I made a friend who would never let me study in the class because of whom I kinda wasn't able to understand quiet a few of the core topics as well. 



I have been studying hard and I'm not kidding, my parents have also told me that you never go with your friends or even go outside a lot to enjoy and just keep on studying and if you know you're not going to get a lot of marks even after studying so much then it would be better if you study lightly and more casually that might help. Now, I'm planning to study and try to create some projects for Java in the next 2 months and offcourse studying stock market and german side by side and apply for a job/internship in Java for work from home and then try to crack either DSH/B2 or at the very least B1 exam for german and after java, I'll be getting into AI for which a few months ago I created a chatbot using Python and Java and I really enjoyed it so I figured I actually like AI and apart from that I tried studying Machine learning as well which is onbiosuly complicated but somehow I liked it.



 Now the thing is I have this dream which most of the people in this thread would consider utterly nonesense and just a imagination of a kid but my final goal is to buy a Lamborghini Aventador LP700-4 which has been my dream since a kid and will always be. I have told my parents as well that if I can't even fulfill a single goal in my life that I have ever dreamt of then I'll consider my life to be worthless and just shit. So now while typing all this out in the thread I don't know what I'm hoping for but I really want answers for the questions I don't know how to frame. I know for a fact that my mom has told me something since childhod that dreams that are big can't be easily achieved with a normal job and the person must have a side hustle from where the actual money will be earned and I have believed and still believe to this day for some reason that I enjoy trading as I have achieved the discipline and the patience and all it needs to click and for the past 10 years I have also been uploading gaming videos on YT that are not consistent but I just like to upload for stress relieve.



 Now idk how everything is going to go ahead, I have seen several of my friends go abroad, start jobs (low paying) but most of the friends have family businesses so basically literally none of the friends are financially unstable. I wanna follow a schedule and I wanna prove everyone wrong but it's just I'm tired or maybe I want the motivation or the fire in my heart idk. Thanks",1757162060.0,0.84,8,0,DISCUSSION,StabbedGaming,3,False,0,False,text
GetMotivated,1n9oakn,[Discussion] Financially scammed and lost hope in life,30,https://reddit.com/r/GetMotivated/comments/1n9oakn/discussion_financially_scammed_and_lost_hope_in/,https://www.reddit.com/r/GetMotivated/comments/1n9oakn/discussion_financially_scammed_and_lost_hope_in/,"Yesterday, in a hurry to help my sister, I just without thinking responded to her whatsapp emergency message and sent a sum amount which I had saved for a trip and a gift for my husband. Later I received a call from my dad stating it was a scam as my sister's phone was hacked.

Knowing all these scams, I fell into one without thinking or applying my brain. Now I don't see any point in myself and feel lost stupid and crying for hours. Please help me see a better future 😭😭",1757126271.0,0.7,30,0,DISCUSSION,Idontlikehumans123,28,False,0,False,text
GetMotivated,1n91zdl,[IMAGE] Real Growth Is Treating Yourself With The Loyalty Of A Friend,582,https://reddit.com/r/GetMotivated/comments/1n91zdl/image_real_growth_is_treating_yourself_with_the/,https://i.redd.it/f3y1xf7osbnf1.png,"Stoic progress begins where self-hostility ends. If you spoke to yourself as a loyal friend, not a lenient one - what would actually change this week: a habit you’d drop or a promise you’d keep? Share one concrete practice you use when your inner critic gets loud.
Image Description: a quote by plato on the importance of progress",1757069503.0,0.99,582,0,IMAGE,Spiritual-Worth6348,2,True,1,False,image
GetMotivated,1n98n8l,What is Discipline[Image],114,https://reddit.com/r/GetMotivated/comments/1n98n8l/what_is_disciplineimage/,https://i.redd.it/dt38biw89dnf1.png,"
Image Description: discipline isn't a feeling it's a decision",1757086827.0,0.97,114,0,IMAGE,sam6157,1,True,1,False,image
GetMotivated,1n90yrk,[Image] My Journey from Darkness to Healing.,101,https://reddit.com/r/GetMotivated/comments/1n90yrk/image_my_journey_from_darkness_to_healing/,https://i.redd.it/h895btj3jbnf1.png,"
Image Description: i'm not sure if i'm depressed or just feeling down",1757065931.0,0.83,101,0,IMAGE,lowlysoft_mari,9,True,1,False,image
GetMotivated,1na8xkm,[Discussion] Proof that persistence works: Climbed from #40 to #12 on Product Hunt today,0,https://reddit.com/r/GetMotivated/comments/1na8xkm/discussion_proof_that_persistence_works_climbed/,https://www.reddit.com/r/GetMotivated/comments/1na8xkm/discussion_proof_that_persistence_works_climbed/,"Launched at midnight thinking my product would magically succeed. Woke up buried at #40. Spent all day engaging, commenting, connecting. Now at #12, just 2 spots from top 10. 

The app: AI that finds when YOU'RE most productive 

The dream: Top 10 

The link: [https://www.producthunt.com/products/zentrack-ai-habit-focus-tracker?utm\_source=other&utm\_medium=social](https://www.producthunt.com/products/zentrack-ai-habit-focus-tracker?utm_source=other&utm_medium=social)",1757188076.0,0.22,0,0,DISCUSSION,SadNewspaper9477,0,False,0,False,text
GetMotivated,1n9ew53,[Tool] Turn Da Vinci's Last Supper into 1 million dreams,3,https://reddit.com/r/GetMotivated/comments/1n9ew53/tool_turn_da_vincis_last_supper_into_1_million/,https://www.reddit.com/r/GetMotivated/comments/1n9ew53/tool_turn_da_vincis_last_supper_into_1_million/,"Da Vinci was full of unfinished dreams — but he never stopped imagining.

A study shows that people who *write down their goals are 42% more likely to achieve them.*

So here’s mine: *“One day, I will learn salsa dancing with my wife.”*

There’s a project gathering 1 million dreams from around the world. It felt surprisingly motivating just to see mine written down. Here is my dream: [https://milliondreamsproject.com/tile/501502](https://milliondreamsproject.com/tile/501502)",1757101246.0,0.6,3,0,,Comprehensive_Read35,1,False,0,False,text
GetMotivated,1n978lq,[Article] The Bride of Sorrow: Rethinking Suffering,2,https://reddit.com/r/GetMotivated/comments/1n978lq/article_the_bride_of_sorrow_rethinking_suffering/,https://d-integration.org/the-bride-of-sorrow-rethinking-suffering/,,1757083558.0,0.63,2,0,ARTICLE,[deleted],0,False,0,False,text
GetMotivated,1n86j2f,Lift heavy stone. Made sad-head-voice go quiet. [image],339,https://reddit.com/r/GetMotivated/comments/1n86j2f/lift_heavy_stone_made_sadheadvoice_go_quiet_image/,https://i.redd.it/yuypj1s6l4nf1.png,"
Image Description: you are one workout away from a better mood",1756981906.0,0.92,339,0,IMAGE,katxwoods,11,True,1,False,image
GetMotivated,1n82359,Simple truth who stays in your life is up to you[Image],734,https://reddit.com/r/GetMotivated/comments/1n82359/simple_truth_who_stays_in_your_life_is_up_to/,https://i.redd.it/80qcq2su63nf1.png,"
Image Description: time decides who you meet in life your heart decides who you stay in life your behavior decides what you stay in life",1756964968.0,0.96,734,0,IMAGE,Humble-Activity-6407,19,True,1,False,image
GetMotivated,1n7yxya,[IMAGE] The courage,1159,https://reddit.com/r/GetMotivated/comments/1n7yxya/image_the_courage/,https://i.redd.it/pc84i5e8c2nf1.png,"
Image Description: i read a quote that said courage isn't good enough to try again after failure",1756954679.0,0.98,1159,0,IMAGE,FreshFo,14,True,1,False,image
GetMotivated,1n8qmqa,[Story] How I finally stopped spinning my wheels and finished a big project in 45 days,22,https://reddit.com/r/GetMotivated/comments/1n8qmqa/story_how_i_finally_stopped_spinning_my_wheels/,https://www.reddit.com/r/GetMotivated/comments/1n8qmqa/story_how_i_finally_stopped_spinning_my_wheels/,"For years, I’d start 100 things and finish none. My Notion looked like a graveyard of half-written plans and abandoned goals. I’d always feel “busy,” but never really moved anything to the finish line.

What finally shifted was treating my personal projects the way a team runs software sprints. I broke it down into a simple flow:

* **Backlog** → that's a fancy word for the list of ideas. I'd park every idea so my brain isn’t juggling them.
* **45-day target** → pick just *one* meaningful project to finish.
* **Weekly commitments** → choose 2–3 key actions max.
* **WIP limit** → no new tasks until something is finished.

That structure gave me way more momentum than trying to juggle everything at once.

Two tactics that helped right away:

1. **The sticky-note rule:** I only allow myself three active tasks on sticky notes on my wall. If it doesn’t fit, it waits.
2. **The daily “minimum shippable” habit:** instead of aiming for a perfect finished product, I focus on moving the project forward one visible notch per day, no matter how small.

I’ve been experimenting with this system and sharing breakdowns in my small circle. I really want to share with the world this methodology, but I don't know if anyone would be interested. I recently started a new group/community and I'm not really charging or anything... I'm just curious if anyone would like to learn more about this. Be honest. Or if you feel like it, let's grill this idea, so it does not stay rotting in my mind.  
  
Mostly, I’m curious how do *you* keep yourself from drowning in too many ideas at once?

I can share my group link if you happen to be interested and would like to join (it is absolutely free)",1757031248.0,0.87,22,0,STORY,No_Donut_6477,3,False,0,False,text
GetMotivated,1n8j7r5,From ‘someday’ to ‘right now’ - the mindset shift that changed everything [Discussion],21,https://reddit.com/r/GetMotivated/comments/1n8j7r5/from_someday_to_right_now_the_mindset_shift_that/,https://www.reddit.com/r/GetMotivated/comments/1n8j7r5/from_someday_to_right_now_the_mindset_shift_that/,"I used to write down huge “someday” goals and then feel stuck because they were way too big and overwhelming.

This framework completely flipped that feeling for me:

Someday goal → Your dream destination.

5-year goal → One thing you can realistically hit in the next 5 years.

1-year goal → Break it down further.

Monthly / Weekly / Daily → Keep shrinking it until it feels doable.

Right now → One small step you can act on this moment.

It’s almost funny how obvious it feels, but shifting my focus from someday to right now has been a game-changer.

Curious…what’s your “someday goal,” and what’s the one thing you can do right now to move toward it?",1757013010.0,0.86,21,0,DISCUSSION,WhiteChili,3,False,0,False,text
GetMotivated,1n86rke,[IMAGE] The Measure of a Life: Do we become ourselves by helping others?,83,https://reddit.com/r/GetMotivated/comments/1n86rke/image_the_measure_of_a_life_do_we_become/,https://i.redd.it/hqj64zaon4nf1.png,"Einstein’s line reframes meaning as contribution: the self comes into focus where our effort leaves someone else better off. Not what we keep but what we cause is the measure. When has helping someone clarified who you are?
Image Description: albert einstein quotes",1756982732.0,0.86,83,0,IMAGE,Spiritual-Worth6348,14,True,1,False,image
GetMotivated,1n895wp,[Discussion] Forgetting my feelings.,29,https://reddit.com/r/GetMotivated/comments/1n895wp/discussion_forgetting_my_feelings/,https://www.reddit.com/r/GetMotivated/comments/1n895wp/discussion_forgetting_my_feelings/,"I have realised I have been letting my feelings completely dictate my life. The fog lifted for me last week. I got to the bottom of the barrel. I knew that if I didn’t make a change I was going to be miserable for a very long time. I gained 15 kg in a year, started drinking a lot of wine and even struggled to get up for work (school teacher). Last week something flipped in my brain. I thought ahead to Christmas - and the idea of feeling how I currently was, was intolerable. 

For the past 7 days I am up at 5:30, working out again, addressing my awful eating habits, and have quit alcohol. It’s tough. I also know that I have done this before and quit after 3 weeks. I am genuinely determined not to do that. It doesn’t feel good yet - I am still influenced by how I “feel” but I am getting up anyway. 

I feel very uncomfortable in my body, and getting up each day to show up for myself has been a challenge. Looking in the mirror is awful. Two years ago I was the fittest I have ever been and just kind of stopped. I could blame these actions on some pretty awful events in my life, and have been doing that to validate my lifestyle choices, however I have sat in analysis paralysis for far too long. I haven’t posted anything on social media and am haven’t told anyone other than some close friends and my husband that I am where I am. I just needed to tell someone - so thankyou if you are reading this. 

Change is hard. But not changing is harder. 
Sending encouragement to those who are struggling and still showing up. ",1756989990.0,0.91,29,0,DISCUSSION,effieanastasia,3,False,0,False,text
GetMotivated,1n7qeee,"From homeless teen to NBA Star, Jimmy Butler's story hits different. [Article]",466,https://reddit.com/r/GetMotivated/comments/1n7qeee/from_homeless_teen_to_nba_star_jimmy_butlers/,https://i.redd.it/hginpijgh0nf1.jpeg,"Jimmy wasn't out on the streets, but at 13 he got kicked out and had nowhere stable to stay. He was bouncing between friends' couches in Tomball, just trying to get through each day.

Then he found a home with Jordan Leslie's family, where Michelle Lambert gave him structure and tough love.

From there he climbed, Tyler JC, Marquette, and now the league.

He doesn't want sympathy, he actually embraces it: ""I love what happened to me. It made me who I am."" And you see it every time he locks in.

Today he's a 6 time All-Star, a Finals warrior, a coffee selling, music making icon. Man what a journey!

Read his story here:
https://sportsorca.com/nba/jimmy-butler-homeless-teen-star/
Image Description: two pictures of a man with a bandage on his face and another with a bandage on his face",1756932199.0,0.92,466,0,,Next_Bench5903,6,True,1,False,image
GetMotivated,1n8xxs2,[image] Mornings like this ☀️☕🍛💻,0,https://reddit.com/r/GetMotivated/comments/1n8xxs2/image_mornings_like_this/,https://i.redd.it/3p1ynio1kanf1.jpeg,"Thank God it's Friday!🥳
Image Description: a laptop with a bowl of yogurt and a mouse",1757054137.0,0.42,0,0,IMAGE,MADAVL34,9,True,1,False,image
GetMotivated,1n81dfx,[Text] “Fishermen set sail without knowing where the fish are — but they go anyway.” — Kazuo Inamori,34,https://reddit.com/r/GetMotivated/comments/1n81dfx/text_fishermen_set_sail_without_knowing_where_the/,https://www.reddit.com/r/GetMotivated/comments/1n81dfx/text_fishermen_set_sail_without_knowing_where_the/,">Fishermen leave the harbor without a perfect map. They trust they’ll return with full nets.

>Life is the same: choose first, believe, and opportunities appear.



This week I’m acting on one decision *before* I have all the answers.

**What’s one thing you’ll start today without waiting for certainty?**",1756962419.0,0.91,34,0,TEXT,Junior_Bid_6652,3,False,0,False,text
GetMotivated,1n8728o,[Text] motivation vs discipline...which really keeps you moving?,10,https://reddit.com/r/GetMotivated/comments/1n8728o/text_motivation_vs_disciplinewhich_really_keeps/,https://www.reddit.com/r/GetMotivated/comments/1n8728o/text_motivation_vs_disciplinewhich_really_keeps/,"I’ve realized I don’t always feel motivated but showing up out of discipline gets me through those days. Still, when motivation does hit progress feels easier and more exciting. For you, which matters more long-term? Chasing motivation or building discipline? Or do they have to work hand in hand?",1756983722.0,0.78,10,0,TEXT,oreynolds29,10,False,0,False,text
GetMotivated,1n7lofh,"[TEXT] “Never think of who is doing better or worse than you. The only question is, are you doing your best.” - Sadhguru",192,https://reddit.com/r/GetMotivated/comments/1n7lofh/text_never_think_of_who_is_doing_better_or_worse/,https://www.reddit.com/r/GetMotivated/comments/1n7lofh/text_never_think_of_who_is_doing_better_or_worse/,"It can be so easy to compare yourself with others. Someone is doing this much, earning this much. Especially with social media it’s easy to fall into the trap of comparisons. As someone who has been diagnosed with a mental illness it’s so easy to feel that everyone can do much more than me. But it doesn’t matter. Because I’m doing my very best at what I do. I do so much yoga and meditation for my mental balance and I manage to do a little work also. That’s good enough. I don’t need to compare myself to anyone else. I want to say the same to you. You shouldn’t look at what other people are doing. The only thing that matters is, are you doing your best. 

Who else has fallen into the trap of comparisons?",1756921604.0,0.96,192,0,TEXT,Euphoric-Welder5889,21,False,0,False,text
GetMotivated,1n84yh9,[Image] Change your mindset,11,https://reddit.com/r/GetMotivated/comments/1n84yh9/image_change_your_mindset/,https://imgur.com/a/B7coDDX,,1756976140.0,0.87,11,0,IMAGE,CrazyAfternoon99,1,False,0,False,text
GetMotivated,1n74nh5,[image] Self-Acceptance vs. Ambition: What do you see when you look in the mirror?,215,https://reddit.com/r/GetMotivated/comments/1n74nh5/image_selfacceptance_vs_ambition_what_do_you_see/,https://i.redd.it/oiloy6lkgvmf1.png,"If our work springs from longing, we chase ghosts; if it springs from clarity, we build. Dumbledore hints that happiness begins when desire and identity stop fighting. Where does your daily routine reflect who you are, and where is it trying to cover a gap in self-image?
Image Description: harry potter quotes",1756871370.0,0.92,215,0,IMAGE,Spiritual-Worth6348,8,True,1,False,image
GetMotivated,1n7ms5f,[TEXT] Unable to motivate myself,11,https://reddit.com/r/GetMotivated/comments/1n7ms5f/text_unable_to_motivate_myself/,https://www.reddit.com/r/GetMotivated/comments/1n7ms5f/text_unable_to_motivate_myself/,"Unable to motivate myself

I have trouble with the discipline and delaying gratification. 
I switched my perception of physical training 10years ago(I'm 30 now) and I train consistently and without the usual having to push myself to train. You could say that I'm disciplined. But that may be the case with physical training because I now see it as pleasureable and not as a chore. Discipline is  doing the hard things despite not liking it, right? I just can't. Help!

In addition, I have this pattern where when I start being successful in a new endeavour(new job, bjj, you name it) I start feeling this pressure more and more and the only way I can make it stop is to stop doing it. Then I feel discontent and I'm back to the same old living. 
I broke this pattern once where I was watching a BJJ tournament and cought my girl bitting her lip cause of a 75kg guy doing good in absolute category and eventually fought a 120kg dude. Respectful nonetheless. I broke my pattern to show that motherf*, continued putting in the work and effort and quicky submitted that 75kg guy that was a purple belt of 6 years and I was training for 3months but putting in a ton of work and soul into the whole thing. But I cannot rely on this cascade of events as my life is passing by and I don't do much relating to work. 

Per Scott Peck I don't love myself as I don't put in the time, effort, and attention into myself through meaningful work. 

Any advice is appreciated 

",1756924043.0,0.76,11,0,TEXT,strahinja95,3,False,0,False,text
GetMotivated,1n794gh,[Discussion] How do I find motivation  to live life?,67,https://reddit.com/r/GetMotivated/comments/1n794gh/discussion_how_do_i_find_motivation_to_live_life/,https://www.reddit.com/r/GetMotivated/comments/1n794gh/discussion_how_do_i_find_motivation_to_live_life/,"I have a boyfriend where really great! Everything with us is pretty much perfect. But other then that I have no close friends, I’m only part time employed and struggling to find full time work, I hate the way I look and feel all the time. My house is a mess. I’m not sleeping. I don’t know what to do or how to help myself out of this hole. I do go to therapy 2x a month and usually I feel better for a day or two after but then I go right back to feeling terrible. I just feel like I have no purpose or life. What do I do????",1756887582.0,0.85,67,0,DISCUSSION,sunkissedgoth,41,False,0,False,text
GetMotivated,1n7bp77,[Story] stopped waiting for motivation and started with the tiniest possible step,37,https://reddit.com/r/GetMotivated/comments/1n7bp77/story_stopped_waiting_for_motivation_and_started/,https://www.reddit.com/r/GetMotivated/comments/1n7bp77/story_stopped_waiting_for_motivation_and_started/,"Spent years waiting to feel motivated before starting healthy habits. Would read inspiring stories and plan elaborate routines then do nothing when the motivation faded after 3 days.
Decided to try something embarrassingly small: just track my water intake with the waterminder app. No goals about drinking more, no pressure to be perfect. Literally just measure what I was already doing.
Been consistent for 5 months now which is longer than any previous habit attempt. Small success built confidence to add other tiny changes that are actually sticking.
Motivation gets you started but systems keep you going. Turns out starting ridiculously small beats waiting for the perfect moment every single time.",1756897236.0,0.98,37,0,STORY,griefquest,2,False,0,False,text
GetMotivated,1n7jq9k,[Discussion] I need motivation to finish law school.,11,https://reddit.com/r/GetMotivated/comments/1n7jq9k/discussion_i_need_motivation_to_finish_law_school/,https://www.reddit.com/r/GetMotivated/comments/1n7jq9k/discussion_i_need_motivation_to_finish_law_school/,"Hi all,

I’m in my second and final year of law school (this is in England not US). 

I’ve waited years to FINALLY have a large firm sponsor me and offer me contract to finish my final year at law school. 

First year of law school was brutal, but I made it through and got top top grades. 

Now I’m here, at my second and final year, having got the contract I’ve been gunning for for so many years. And I just feel like I CBA. 

Not only that, I am finding it super hard and just tough. 

As a result I’m super demotivated. 

Does anyone have any tips? Ways of changing my thinking? 

Also, any smaller tips in general on how to get through these 8-10-12 hour study days without just aimlessly rotting on your laptop ? 

Thanks ",1756917304.0,0.74,11,0,DISCUSSION,CHLTC12345,20,False,0,False,text
GetMotivated,1n7axto,Question about on off motivation,15,https://reddit.com/r/GetMotivated/comments/1n7axto/question_about_on_off_motivation/,https://www.reddit.com/r/GetMotivated/comments/1n7axto/question_about_on_off_motivation/,"What’s up with this?   I got all motivated all of a sudden, wrote down all my goals and game plans to achieve them, in detail.  Mentally told myself I’m going to do this and that! Got all excited and hyped…. 

But then, some minutes later fell into a frustration and moodiness or grumpiness … and kind of lost the same motivation, instead am getting thoughts like “what is the point”.
",1756894595.0,0.87,15,0,STORY,IntrovertRawr,15,False,0,False,text
GetMotivated,1n6qpgc,[Discussion] Why does it feel so hard to put the phone down?,271,https://reddit.com/r/GetMotivated/comments/1n6qpgc/discussion_why_does_it_feel_so_hard_to_put_the/,https://i.redd.it/v7d7021pjsmf1.jpeg,"So the thing is that I’ll pick up my phone to check just one thing… and suddenly I’ve lost half an hour. It makes me feel scattered like I’m missing real life around me.

My boyfriend is always grumpy because he apparently starts telling me something and I just tune out because the screen sucks me in.

I’ve tried screen time limits and detox apps, but honestly? but they either feel too restrictive or I just ignore them.

So ladies do you struggle with this too? what’s been the hardest part for you about cutting back?
Image Description: a cartoon phone with a person holding it up",1756836100.0,0.91,271,0,DISCUSSION,human_1st,49,True,1,False,image
GetMotivated,1n6dmhx,[Image] Do Your Best !!!,1332,https://reddit.com/r/GetMotivated/comments/1n6dmhx/image_do_your_best/,https://i.redd.it/2nigf14ykpmf1.png,"
Image Description: bhagavad gita - screenshot",1756800238.0,0.96,1332,0,IMAGE,bsc-social,24,True,1,False,image
GetMotivated,1n6yd2w,[discussion] How to be the strongest person in your family?,33,https://reddit.com/r/GetMotivated/comments/1n6yd2w/discussion_how_to_be_the_strongest_person_in_your/,https://www.reddit.com/r/GetMotivated/comments/1n6yd2w/discussion_how_to_be_the_strongest_person_in_your/,"

I just feel like life hit me outta nowhere, I'm just feeling so anxious right now and overwhelmed. I mean like the unexpected events of both parents passing away. Like I'm not even standing on my own feet like I'm not feeling capable. I'm not driving. I don't have a job. I don't have any education not even skills. I have no character, personality and identity. Multiple people have said you need to man up and take responsibility of your life and look after your siblings. You can't be weak and feeling defeated all the time. But sighs I'm just mentally overwhelmed ",1756853858.0,0.9,33,0,DISCUSSION,Lemonade2250,12,False,0,False,text
GetMotivated,1n6wodw,[Discussion] What’s the smallest change you made that had the biggest impact?,36,https://reddit.com/r/GetMotivated/comments/1n6wodw/discussion_whats_the_smallest_change_you_made/,https://www.reddit.com/r/GetMotivated/comments/1n6wodw/discussion_whats_the_smallest_change_you_made/,"Sometimes we think progress has to come from massive overhauls, but often it’s the tiny shifts that change everything. For me, it was laying out my workout clothes the night before. I stopped skipping mornings at the gym.",1756849690.0,0.87,36,0,DISCUSSION,SlightlyWilson,36,False,0,False,text
GetMotivated,1n6uwmo,[Discussion] Where can I find some videos on addiction,33,https://reddit.com/r/GetMotivated/comments/1n6uwmo/discussion_where_can_i_find_some_videos_on/,https://www.reddit.com/r/GetMotivated/comments/1n6uwmo/discussion_where_can_i_find_some_videos_on/,"As says above, trying to find some videos that can help me stay motivated to get through withdrawals. Been off work a few weeks trying to kick this habit, having a hard time keeping the desire/want to do better. Specifically addiction based content would be great, but any recommendations to keep me from making bad choices will work. Thank you. ",1756845535.0,0.88,33,0,DISCUSSION,joeyfuckingkeller,41,False,0,False,text
GetMotivated,1n6ouff,I’m a procrastinator [discussion],58,https://reddit.com/r/GetMotivated/comments/1n6ouff/im_a_procrastinator_discussion/,https://www.reddit.com/r/GetMotivated/comments/1n6ouff/im_a_procrastinator_discussion/,"I’m a procrastinator

I am 35, in school full time for psychology and I am so unmotivated to do school work. I know what’s due and when weeks in advance and I still wait until the day of to start any assignment. I power through whatever the task is (from easy discussion boards to 5 page papers) and I ALWAYS get an A. My GPA is 3.89 and I am so close to graduating. 
But my own procrastination is making me crazy. I wish I could just do the assignments early. I sit at my desk and I just feel 0% willing to be a better student. 
And it’s not like I’m busy and have too much to do. I just suck at committing to the assignment until I’m in panic mode. 
How do I fix this? ",1756831936.0,0.93,58,0,DISCUSSION,jollyrancherhandler,37,False,0,False,text
GetMotivated,1n6o4by,"I don't think beauty matters. You're a human, not a show piece. Appreciate what you have don't feel bad for what you don't.. [Text]",28,https://reddit.com/r/GetMotivated/comments/1n6o4by/i_dont_think_beauty_matters_youre_a_human_not_a/,https://www.reddit.com/r/GetMotivated/comments/1n6o4by/i_dont_think_beauty_matters_youre_a_human_not_a/," maybe you fall on average when it comes to beauty standards and so do I. Really! I'm also not a ""heroine"". But understand that the beauty may fade away after a time but not your behavior not your nature not your kind heart. And in that phase of life when that beauty will fade away; if you still have that caring and kind heart with lots of love. believe me; you'll be one of the most beautiful person in this whole world. ",1756830331.0,0.63,28,0,TEXT,[deleted],12,False,0,False,text
GetMotivated,1n5dkz4,Diagnosed with a terminal illness. I’m never going to stop living.,18766,https://reddit.com/r/GetMotivated/comments/1n5dkz4/diagnosed_with_a_terminal_illness_im_never_going/,https://www.reddit.com/gallery/1n5dkz4,"I hope my story inspires and motivated you.

My name is Ricky, I’m 23 years old, and I’ve been diagnosed with a progressive and terminal illness about 5 months ago.

I honestly don’t know how to feel or how to process this, but I know I’m not going to take this lying down. I have dreamt of exploring the world since I was a kid and the thought of losing that dream is absolutely crushing my spirit.

I can’t imagine leaving my girlfriend and friends in a world where I couldn’t thank them for being the amazing figures they are. I want to spoil them and give them experiences to remember me for a lifetime.

I hate seeing my parents and family suffer and grieve me before I am even gone.

I have such a fire to live and I am not going to give up and leave those who care for me behind. I have set my heart ablaze.

I am going to see this world and conquer my fears and face this life head on.

Though I may have been dealt a bad hand, I believe my luck hasn’t ran out yet and I’m thankful and praying for a better day each day.

I am making an Instagram and TikTok account to follow my journey in living my best life, all the way till the end. If anyone wants to help me along the way or follow along, I’ll leave my account in the comments (if asked) to avoid breaking rules. 

Thank you.

-Ricky
Image Description: a man and woman standing in front of a mountain 
Image Description: a man in a white sweatshirt standing in the desert 
Image Description: a man laying in a hospital bed with wires attached to his head 
Image Description: a man with a tube in his nose and a bandage on his face 
Image Description: a group of people in the water at sunset",1756695641.0,0.96,18766,0,STORY,rickysaxena,603,True,5,True,text
GetMotivated,1n61w7b,"Feeling unmotivated and down for months — but I finally built my sofa myself, and it feels amazing [Story]",248,https://reddit.com/r/GetMotivated/comments/1n61w7b/feeling_unmotivated_and_down_for_months_but_i/,https://i.redd.it/aexamw1ujmmf1.jpeg,"For over two months, this sofa just sat in its box. Every time I looked at it, I felt too tired, unmotivated, or low to even start. I kept thinking, ""Maybe I’ll just hire someone to put it together,"" or ""I'll do it later,"" but yesterday night, I decided to do it myself.

Step by step, piece by piece, I assembled the entire sofa with my own hands. And now that it’s finished, I feel a real attachment to it, not just because it’s a sofa, but because I earned it. I didn’t hire someone to do it; I put in the work myself. I know it doesn't mean much in the grand scheme of things but I feel really proud of myself and feel accomplished.

Sitting on it now, I feel proud, accomplished, and strangely sentimental. There’s a different kind of value in something you assemble yourself. It’s a little victory, a reminder that I can tackle challenges even when I feel low.

Sometimes, the small personal victories mean more than we realize. Today, this sofa isn’t just furniture. It’s proof that I can push through my own doubts and fatigue.
Image Description: a gray couch sitting in a room with a desk",1756763519.0,0.96,248,0,STORY,Lemondrop1995,10,True,1,False,image
GetMotivated,1n5ruh6,Media Companies and our mind[Image] [Text],350,https://reddit.com/r/GetMotivated/comments/1n5ruh6/media_companies_and_our_mindimage_text/,https://i.redd.it/840msit2okmf1.png,"Most media channels survive on keeping you scared and confused, because a thinking audience doesn’t make them money but smarter people see through their game.

Fear and confusion grab attention faster than facts, and since attention equals ad revenue, the media profits more when you’re anxious than when you’re informed.

That’s why breaking news is always dramatic and repetitive even when there’s no real update because keeping you hooked on fear is more profitable than telling you the calm, boring truth.

If news channels simply reported ‘nothing new happened,’ people would switch off so instead they exaggerate, repeat, and sensationalize to keep ratings (and ad revenue) flowing.

Feeding your mind even one positive thought or a moment of gratitude will build you stronger than a hundred cycles of recycled fear from the news.

Because your brain literally rewires itself around what you feed it gratitude strengthens resilience pathways, while constant fear only deepens stress circuits.

That’s why affirmations work when you repeatedly affirm positive beliefs, your brain starts wiring itself to expect possibilities instead of problems, training your focus toward solutions instead of stress.
Image Description: avoid being brainwashed by news outlets and teach yourself to think rather than only react",1756740715.0,0.89,350,0,TEXT,sam6157,29,True,1,False,image
GetMotivated,1n5mhdr,[IMAGE] Are we poorer if we hide the proof of our happiest years?,269,https://reddit.com/r/GetMotivated/comments/1n5mhdr/image_are_we_poorer_if_we_hide_the_proof_of_our/,https://i.redd.it/strcohqijjmf1.png,"
Image Description: mark twain quotes",1756727076.0,0.99,269,0,IMAGE,Spiritual-Worth6348,5,True,1,False,image
GetMotivated,1n59kim,"[Discussion] I'm 34 and struggling at the moment. Lack of employment, no friends and aging family. Has anyone worked their way out of a similar situation?",255,https://reddit.com/r/GetMotivated/comments/1n59kim/discussion_im_34_and_struggling_at_the_moment/,https://www.reddit.com/r/GetMotivated/comments/1n59kim/discussion_im_34_and_struggling_at_the_moment/,"I've been struggling for quite some time now. I do live on my own and managed to make a bit of money from investments over the past few years but I've really only worked part time job placement style/short term employment over the past 7-10 years and most were only for a week or two at a time.

I graduated from College with a 3year diploma in business administration human resources but haven't been able to find a job. Most jobs want a certification which I don't currently have and I'm not really a fan of human resources. I'm at the point now though where I am going to need money to pay for rent after the next few months... I've thought about trying to finish my bachelors in human resources because the college requires you find a 3 month placements for you to graduated but I don't really know if I'd find work... I'm really struggling at the moment.

I also have zero friends... So that doesn't help either. Has anyone gotten themselves out of something like this... I really feel like a failure and can't decide how to really figure this out... I've also started small. I'm trying to shower everyday, get outside as much as I can and listen to more podcasts/books instead of wasting any time on games.

I used to game a lot and that took up way too much of my time. Sometimes even now... It's not good. I also tend to blow up anything good that happens to me cause I can't always distinguish the difference between something being good or not... I can literally think my way out of everything... ",1756683577.0,0.96,255,0,DISCUSSION,sleeplessbearr,42,False,0,False,text
GetMotivated,1n4rr4d,Opticontentment: the art of optimizing your life while also being content with life [image],913,https://reddit.com/r/GetMotivated/comments/1n4rr4d/opticontentment_the_art_of_optimizing_your_life/,https://i.redd.it/ietldjt06cmf1.png,"
Image Description: two illustrations of mountains and a river",1756637834.0,0.96,913,0,IMAGE,katxwoods,18,True,1,False,image
GetMotivated,1n4ygwa,[Image] September,176,https://reddit.com/r/GetMotivated/comments/1n4ygwa/image_september/,https://i.redd.it/7o54ztsdodmf1.png,"
Image Description: welcome september wishes",1756656081.0,0.93,176,0,IMAGE,Chandan28,0,True,1,False,image
GetMotivated,1n4za6j,"[Story] I feel sad, lost and lonely.",102,https://reddit.com/r/GetMotivated/comments/1n4za6j/story_i_feel_sad_lost_and_lonely/,https://www.reddit.com/r/GetMotivated/comments/1n4za6j/story_i_feel_sad_lost_and_lonely/,"I am 26 and I feel like I am falling apart. I don’t even know who I am anymore. My personality, my likes, the things I used to love, they’ve all changed, and I just don’t recognize myself anymore. Instead of feeling exciting, it feels terrifying. Empty. I wake up with this crushing sadness every single day, and I don’t even know why. I have people who love me. My family, friends who care and support me. I still feel so painfully lonely and hollow inside.

I’ve always wanted something big for myself. I’ve always been ambitious. But I don’t even have a career yet, and that thought suffocates me. I regret so many past decisions, and at the same time I am paralyzed with fear about the future. I used to be so alive. I was talkative, loud, surrounded by friends and laughter. I was this fun extroverted humourous girl who was life of the party. But that person feels dead now. I dread conversations. I don’t want to talk. People bore me. Life bores me.  I zone out while having conversations and I keep finding and giving excuses to get out of the place and conversation as soon as possible.

I tried dating apps to fix this loneliness. But deleted them within a day. I tried talking to strangers online, but it all felt meaningless. I thought maybe I should try casual relationship like everyone else even though it is not my cup of tea. But nope, I am demisexual, so romance and intimacy without real emotional connection and bonding feels hollow to me.  I don’t want a relationship. I can’t. My past has destroyed me. I was cheated on, emotionally and verbally abused, insulted, called disgusting things like whore for having male friends. It broke me in ways I can’t even explain. Men approach me with disgusting intention. They want to have sex only and when I refuse they tell me that they are thinking of abducting and raping me. I feel sorry for myself. I don't even know what I feel when I get texts like this anymore., I just feel numb. 

I don’t even feel motivated to do anything or even take care of myself anymore. I feel sleepy even after sleeping for 8 hours. I don't feel like working out or do yoga. I don't feel like doing self-care such as skincare or putting on hairmask. I overeat and then I hate myself for it. I have hobbies. I loved movies, anime, books, I have learnt 3 foreign languages, I have tried painting, photography. I am also a writer. They used to light me up- doing and learning new things and hobbies. I am a seeker, knowledge and new things make me feel joy. But now they feel exhausting. I force myself to watch a movie, but a two-hour film takes me days to finish. Nothing excites me anymore. Nothing makes me feel alive.

And my self-esteem, it’s gone. I was bright in school, smart, good at academics, active in lots of extracurriculars. But I grew up in a family of overachievers, and instead of lifting me, it crushed me. No matter what I did, it wasn’t enough. It will never be enough. They’re moving forward, succeeding, shining, and I’m stuck here, useless, watching my life waste away. I feel so small. I feel worthless.

For years I thought I was just lazy, hopeless, broken. I hated myself for not being able to focus and concentrate. So recently I visited a psychiatrist and got diagnosed with adult inattentive ADHD. He gave me meds such as stimulants, antidepressants, anti-anxiety pills. It explains so much, but it doesn’t fix anything. This new discovery about myself is just making me more overwhelmed. Like why didn't I find this sooner? Maybe I could have achieved newer heights. So I blame myself.

But honestly, I don’t want to give up. Not yet. Not ever. Even in this darkness, some stubborn part of me still wants to fight. I still want to dream. I still want to build the life I’ve always imagined. I don’t know how, I don’t know when, but I know I’ll try. Because as much as I hate feeling like this, I hate the idea of surrendering even more.

Maybe I’m breaking. Maybe I’m lost. But I’m still here. And as long as I’m here, I’ll keep trying.

Thanks for reading my story.",1756658031.0,0.92,102,0,STORY,Swag_infinite,44,False,0,False,text
GetMotivated,1n563hs,"20M, depressed, have worst habits and want to improve 🙏[story]",42,https://reddit.com/r/GetMotivated/comments/1n563hs/20m_depressed_have_worst_habits_and_want_to/,https://www.reddit.com/r/GetMotivated/comments/1n563hs/20m_depressed_have_worst_habits_and_want_to/,"
Hi, I am a 19M, about to turn 20 in coming week. I am full time college student going to a community college right now. I am only 5’4 with bad communication skills, constantly overthinking, jealous of my friends getting new cars, getting into relationships and here I am helpless doing nothing in life.

I live alone in an apartment, all by myself, work around 80-95hours a week making around $800-$1100/week as my classes are only 2days a week right now. My parents paid for fees for my first semester and after that for this past 1 year, I am managing my expense but I am really bad at it as I couldn’t save a single dime because I spend money on Uber eats instead of cooking. 
Wherever I go, I tried talking to people like an expert and the room becomes empty again and everyone cuts me off. Basically I am doing everything by myself right now to go to a university in my 3rd year in the undergraduate degree. I watch porn, masturbate, and smoke cigarettes too.

I am really depressed and depersonalized right now. I consumed so much internet content, shorts and porn that I don’t feel like I can reverse myself now. I went to gym for 2 months and got good progress. I was happy when I was pushing myself. Went from deadlifting 120pounds to max PR of 185pounds but I got shoulder injury and I have back pain too.
I feel like everything is happening to me all at once and I really couldn’t do nothing. I act happy infront of other people but in the corner of the room, I cry thinking of those bad decisions I took in life.
I love my parents, I used to be closer to god and listen to god and become a good person but the injury came and I stopped going to gym and I started working 2jobs combined a total of 80-90hrs a week and these days I really don’t have any time. I do closing shift in a gas station from 5pm-12am midnight and from 6am-3pm, I work with a mexican friend of mine in electric fittings, AC and plumbing. I am making around $48k a year cash money but at what cost? 

I only sleep like 5-6hrs a day, have phone addiction, smoking, watch porn, want to be greatest but put 0efffort, have lower back pain, shoulder pain and after working in those residential housing for electric, ac and plumbing, I developed extreme pain in knees and my back. 
I am about to turn 20 and it feels like 40year old. Help me. I am in extreme pain physically and mentally and I wanna make my parents proud. I have a dream of opening my own business and I wanna finish my college with good grades. I wanna uplift my life before I graduate. 

—- Please help me. I wanna be healthy, become really strong, stoic, rich, finish my college, have an aesthetic physique. I don’t have anyone except god right now whom I can share my feelings to. I kept them inside myself but whenever I see my parents, I feel disgusted. I wanna make them proud. I wanna make myself proud and want something great to work on for my life.
This is just another brother asking help to you my brothers. Sometimes being a 5’4 with all body pain, skinny fat genetics, and bad body proportion hurts but I know I can do good and have everything I wished for. I earn money but only after working 15-18hours shift each day which has made me exchausted.

Help me become THE MAN🙏🙏",1756674337.0,0.75,42,0,STORY,LoveGrand7062,54,False,0,False,text
GetMotivated,1n4vqm1,[Image] Always aim for the summit,43,https://reddit.com/r/GetMotivated/comments/1n4vqm1/image_always_aim_for_the_summit/,https://i.redd.it/tjyard9x4dmf1.png,"
Image Description: always aim for the summit",1756649523.0,0.87,43,0,IMAGE,didntask-com,1,True,1,False,image
GetMotivated,1n4u8js,[Discussion] Any inspiring stories who struggled with mental illness for decades and had success later in life?,46,https://reddit.com/r/GetMotivated/comments/1n4u8js/discussion_any_inspiring_stories_who_struggled/,https://www.reddit.com/r/GetMotivated/comments/1n4u8js/discussion_any_inspiring_stories_who_struggled/,"I'm 32. I was bullied in primary school (probably because I'm socially awkward), struggled with anxiety since secondary school, diagnosed with OCD at age of 16, had it since 14. Had good scores in O/L, by the time of A\L I have been depressed because my life was consumed by compulsions. Recovered went to College (CS), 1st class at college (non Ivy league level). Started doing project, keep chronically procrastinating and trouble focusing, years passed away without even realizing(time blindness). Diagnosed with ADHD, tried all meds available in country, had side effects without improvement to focus (constant brain chatter). Amphetamine class drugs are not approved here. 

Went to a job last year, hired as Senior dev (since I had freelance experience), got really bored mainly because tech stack is stagnant, nothing new for me to learn there. Now unemployed practicing to get to better position.

But I'm really struggling due to racing mind, emotional dyregulation (costing personal relationships). I isolate myself from others since they constantly saying marry, get developed (mean become rich), there is no point of explaining to them my struggles since they do not understand and they don't want to understand (I tried several times). Many of my friends, younger cousins have moved on in life, have children and vehicles etc.(I know comparisons are odious) Keep falling back to depression again and again. I have taken lots meds over the year nothing seems help my core problem. Of course I tried therapy(talk), hard to find train therapist who can handle cases like mine. Wish I had access other ADHD meds even though hate the idea to have meds to function properly. I had to accept the way things are. 

Last year I lost my mom due to stroke, she already had Parkinsonism for years, do not even identify us in last years, several times tried to suicide due to tormenting hallucination. She was the best thing I had in the world. She raised me up many times when I was struggling, she loved children even if they were not her own. She also struggled with emotional regulation part.

So now to question. I'm trying hard to get backup, keep falling down, get back up again and again. Is there anyone struggled with mental health struggles for decades, had success later in life?

Thank you!",1756645610.0,0.98,46,0,DISCUSSION,nerdy_adventurer,25,False,0,False,text
GetMotivated,1n4ba2d,You are distracted [Image],477,https://reddit.com/r/GetMotivated/comments/1n4ba2d/you_are_distracted_image/,https://i.redd.it/70oso0ksr7mf1.png,"
Image Description: self-discipline isn't hard, you're just distracted",1756584574.0,0.84,477,0,IMAGE,sam6157,59,True,1,False,image
GetMotivated,1n4ca7e,💯[Image],222,https://reddit.com/r/GetMotivated/comments/1n4ca7e/image/,https://i.redd.it/14sax53jz7mf1.png,"
Image Description: 99% of your problems live in your brain, the other 1% are real",1756587176.0,0.88,222,0,IMAGE,sam6157,8,True,1,False,image
GetMotivated,1n3tmhy,[IMAGE] Get out of your head,2455,https://reddit.com/r/GetMotivated/comments/1n3tmhy/image_get_out_of_your_head/,https://i.redd.it/4k5cj2f4f3mf1.png,"
Image Description: we suffer more in imagination than in reality",1756531927.0,0.98,2455,0,IMAGE,AdCoSa,82,True,1,False,image
GetMotivated,1n4g2ca,[Discussion],55,https://reddit.com/r/GetMotivated/comments/1n4g2ca/discussion/,https://www.reddit.com/r/GetMotivated/comments/1n4g2ca/discussion/,"I don't know who needs to hear this, but start living. The days are flying by and all you do is work, pay bills, and stress. Enjoy what you can like walks, sunsets, music, laughter. Joy doesn't have to be expensive. You deserve it.",1756597455.0,0.94,55,0,DISCUSSION,Doohiki420,9,False,0,False,text
GetMotivated,1n46a6f,[Image] Heal yourself,192,https://reddit.com/r/GetMotivated/comments/1n46a6f/image_heal_yourself/,https://i.redd.it/fjdukdivq6mf1.png,"
Image Description: when we forgive we heal - screenshot",1756572159.0,0.93,192,0,IMAGE,Chandan28,8,True,1,False,image
GetMotivated,1n4yb5e,"Comfort isn’t harmless, it’s killing us.
[Discussion]",0,https://reddit.com/r/GetMotivated/comments/1n4yb5e/comfort_isnt_harmless_its_killing_us_discussion/,https://www.reddit.com/r/GetMotivated/comments/1n4yb5e/comfort_isnt_harmless_its_killing_us_discussion/,"We tell ourselves comfort is rest.  
Scrolling for an hour. Watching “just one more episode.” Delaying the hard thing until tomorrow.

But comfort isn’t rest.  
Comfort is decay.  
Every hour we give to it is stolen from the person we could be.

The Stoics saw this clearly. Seneca warned us with: *“While we are postponing, life speeds by.”*

For me, that hits hardest when I think about procrastination. It doesn’t feel dangerous in the moment, but years slip away quietly.

The truth is, discipline isn’t punishment. It’s freedom. Every rep, every page, every hard choice is rebellion against comfort.

I've been thinking: where in my life is comfort slowly poisoning me, and how do I fight back?

What about you, what’s the biggest comfort trap you wrestle with right now?",1756655705.0,0.4,0,0,DISCUSSION,hardwireddiscipline,16,False,0,False,text
GetMotivated,1n3qtgx,"Just me, Daisy, and a whole lot of nothing. [Discussion]",107,https://reddit.com/r/GetMotivated/comments/1n3qtgx/just_me_daisy_and_a_whole_lot_of_nothing/,https://i.redd.it/sd8d65pjm2mf1.jpeg,"Took the bike out today, and of course, Daisy was right there with me. She's got her little spot on the back, just chillin' like she owns the place.

We cruised through the neighborhood, hit a few quiet streets, and just let the world do its thing. Nothing crazy, but honestly, that’s the point. No deadlines, no traffic, no rush. Just me and the pup, enjoying the ride.

Days like this remind me what it's all about. Living simple, soaking up the little moments, and not sweating the small stuff. Honestly, who needs a car when you've got this kind of freedom?

It's the kind of day I want more of.
Image Description: a dog sitting in a basket on a bike in a field",1756522550.0,0.95,107,0,DISCUSSION,Last_Ad_7188,9,True,1,False,image
GetMotivated,1n47ih3,Imagine with me. [Text],8,https://reddit.com/r/GetMotivated/comments/1n47ih3/imagine_with_me_text/,https://www.reddit.com/r/GetMotivated/comments/1n47ih3/imagine_with_me_text/,"Imagine that the technology to remove and implant memories exists, you’re just not aware of it. The memories of the life you’ve lived were removed last night and replaced with the memories of a different life. A worse life. You were placed in this position from wherever you were before. Your acquaintances that could be bought, were. And those people who really care about you had their memories modified too, so they couldn’t tell you who you really are. What you had was taken from you, but there’s nothing stopping you from rebuilding from here. You were given memories of wasting away your days. This was in the hope that you would believe that you were the sort of person who squanders their time, and begin squandering it for real. Because if you can be made to truly believe that’s who you are, that’s who you will be. Don’t be fooled. Be true to the person you really are, and get started.

The important thing to realize is that this hypothetical doesn’t change anything. The person you were yesterday doesn’t need to affect the person you are today. It is only the vehicle that brought you here. Other people’s expectations don’t shape who you are. There is nothing stopping you from doing the thing you really want to do.",1756575186.0,0.9,8,0,TEXT,UnCiv,0,False,0,False,text
GetMotivated,1n3wtgl,I came this far by myself[Story],11,https://reddit.com/r/GetMotivated/comments/1n3wtgl/i_came_this_far_by_myselfstory/,https://www.reddit.com/r/GetMotivated/comments/1n3wtgl/i_came_this_far_by_myselfstory/,"I was a kid with an unstable home, i got into relationships that were toxic and pulled me in depression. Its been an year now, i did a lot of mistakes and learnt from them. I teach myself discipline  and motivation. No one pushed me to become the best person i can be, no one told me to stop crying and wining, no one told me to work on my goals, its all me. I did it by myself and i am so proud of it. I did mistakes on the way but i forgive myself for those and just try to move on ",1756544074.0,0.77,11,0,STORY,Sea-Persimmon-715,5,False,0,False,text
GetMotivated,1n3g0wj,The Best Studying Hack Nobody Talks About: Stop Before You Get Bored. [Story],105,https://reddit.com/r/GetMotivated/comments/1n3g0wj/the_best_studying_hack_nobody_talks_about_stop/,https://www.reddit.com/r/GetMotivated/comments/1n3g0wj/the_best_studying_hack_nobody_talks_about_stop/,"Hey everyone,

I wanted to share a simple trick that completely changed how I study and learn new skills. It wasn't something I was taught; the idea just suddenly came to me few days back. The key is to **take a short break** ***before*** **you start feeling bored or mentally tired -** not after a fixed amount of time.

**I know a few of you might already be aware of this concept, but honestly ask yourself: are you truly applying it? If you are, well and good! But if not, please continue reading.** Consistently stopping *before* exhaustion is a game-changer for your focus and retention.

**Why it works:** Your brain craves novelty. When you stop while you're still curious and engaged, your subconscious keeps working on the material, and you actually *want* to return to it. It’s like ending a TV episode on a cliffhanger. **If you push until you're fully bored, your brain links the task with fatigue. But if you stop at the first sign of that ""good frustration"" the slightest struggle that makes you want to solve a problem, you harness that energy to stay on a curious path.**

**How to know when to stop (look for these cues):**

* You have to re-read the same sentence three times.
* Your mind starts to wander to what's for dinner or other random things.
* You feel your interest starting to dip (you're not fully bored, but the excitement is fading).
* You get fidgety or find yourself yawning.

**How to actually do it:**

1. **Listen to your body, not just the timer.** A 25-minute work sprint is a great guideline, but if you feel those cues at 20 minutes, stop anyway.
2. **Pause at a ""cliffhanger.""** intentionally stop in the middle of an interesting paragraph, a solved problem, or a new concept. It makes picking it back up feel effortless.
3. **Take a real break.** Get up. Walk around, stretch, get some water. **Avoid your phone,** mindless scrolling often turns a 5-minute break into 20.
4. **Just try it today.** See if stopping early makes it drastically easier to return to your work later.

It’s all about working with your brain's natural rhythm, not against it.

**I'd also highly welcome your insights!** What’s your unique way of staying focused or getting back on track? Everyone’s brain works differently, so please share your own methods in the comments.

This was a personal revelation for me, and I simply wanted to share it. If this post helps even one person, I'll be happy. In a world full of distractions, so many of us are fighting the same battle to focus. Maybe this small change is how we start winning.

Thanks for reading, and all the best with your goals moving forward.",1756493869.0,0.94,105,0,STORY,Silentwolf99,5,False,0,False,text
GetMotivated,1n34agb,"Rules to Stop Wasting Life
[Discussion]",340,https://reddit.com/r/GetMotivated/comments/1n34agb/rules_to_stop_wasting_life_discussion/,https://www.reddit.com/r/GetMotivated/comments/1n34agb/rules_to_stop_wasting_life_discussion/,"Most of us aren’t really living, we’re just wasting time.  
We tell ourselves we’ll start tomorrow.  
We drown in comfort.  
We numb ourselves with noise.

The Stoics warned us about this. They weren’t just philosophers, they were people fighting against the same weaknesses we face today. Seneca put it brutally: *“It’s not that we have a short time to live, but that we waste a lot of it.”*

Lately I’ve been asking myself: *how much of my time is really lived, and how much is just wasted?*  
The 4 Stoic rules that keep coming back to me are:

1. Remember you’re dying (Memento Mori)
2. Choose pain over comfort
3. Stop lying to yourself
4. Do the work in silence

For me, **comfort as a slow poison** is the hardest truth. It’s so easy to slip into scrolling, eating, or procrastinating and call it “rest.” But it’s not rest. It’s wasting life.

What about you? Which of these rules feels most urgent in today’s world, and why?",1756465171.0,0.87,340,0,DISCUSSION,hardwireddiscipline,65,False,0,False,text
GetMotivated,1n3e673,Push Yourself[Image],68,https://reddit.com/r/GetMotivated/comments/1n3e673/push_yourselfimage/,https://i.redd.it/qratngtdxzlf1.png,"
Image Description: growth isn't found in waiting for belonging, but in choosing and being in the moment",1756489599.0,0.92,68,0,IMAGE,sam6157,1,True,1,False,image
GetMotivated,1n2h9cp,[Image] Enjoy the moment.,5277,https://reddit.com/r/GetMotivated/comments/1n2h9cp/image_enjoy_the_moment/,https://i.redd.it/2ntd22regslf1.png,"
Image Description: 20 years from now, you'd give anything to be in this exact moment",1756399143.0,0.98,5277,0,IMAGE,Chandan28,72,True,1,False,image
GetMotivated,1n3doiq,Exactly what I needed to hear today,22,https://reddit.com/r/GetMotivated/comments/1n3doiq/exactly_what_i_needed_to_hear_today/,https://i.redd.it/lqozuv62uzlf1.png,"
Image Description: tim ferris on the importance of self-discipline",1756488511.0,0.76,22,0,IMAGE,BobbyBobRoberts,3,True,1,False,image
GetMotivated,1n35ndy,[Text] Progress feels slow… until you look back.,31,https://reddit.com/r/GetMotivated/comments/1n35ndy/text_progress_feels_slow_until_you_look_back/,https://www.reddit.com/r/GetMotivated/comments/1n35ndy/text_progress_feels_slow_until_you_look_back/,"I’ve been grinding away at small goals daily. Honestly felt like nothing was changing. Then I stumbled on a photo of myself from last year and realized how far I’ve come.

If you’re feeling stuck: keep going. You don’t notice progress in the moment, but it adds up.",1756469288.0,0.92,31,0,TEXT,SlightlyWilson,4,False,0,False,text
GetMotivated,1n2vmyd,[Image] Emotional Intelligence Checklist,171,https://reddit.com/r/GetMotivated/comments/1n2vmyd/image_emotional_intelligence_checklist/,https://i.redd.it/pkowj8p1evlf1.png,"
Image Description: the emotional intelligence checklist",1756434669.0,0.95,171,0,IMAGE,Chandan28,5,True,1,False,image
GetMotivated,1n2d0v3,"Opticontentment - the art of optimizing your life, while being content with what you have [image]",1463,https://reddit.com/r/GetMotivated/comments/1n2d0v3/opticontentment_the_art_of_optimizing_your_life/,https://i.redd.it/7oizzovznrlf1.png,"
Image Description: i'm not everything i want to be, but i'm a lot of things i wanted to be, and what i want to be is a wonderful",1756389645.0,0.99,1463,0,IMAGE,katxwoods,12,True,1,False,image
GetMotivated,1n2jl9k,Your Daily Habit[Image],152,https://reddit.com/r/GetMotivated/comments/1n2jl9k/your_daily_habitimage/,https://i.redd.it/peyqb5wuvslf1.png,"
Image Description: a black and white photo with the words your future isn't shaped in one big move",1756404340.0,0.97,152,0,IMAGE,sam6157,7,True,1,False,image
GetMotivated,1n273wc,"A year of struggle, but I found a little joy. [Discussion]",737,https://reddit.com/r/GetMotivated/comments/1n273wc/a_year_of_struggle_but_i_found_a_little_joy/,https://i.redd.it/0gq1b2vy4qlf1.jpeg,"I've been dealing with depression for over a year now. Every day has felt like a battle. The meds they put me on? They just made it worse - nausea, stomach pain, feeling numb, you name it.

I was looking for anything to help, trying to break the cycle. And then, about a month ago, I took a ride on my Puckipuppy ebike. It's just a simple bike, but it helped me feel something.

While riding, I found a little dog who had been abandoned. Felt like fate, honestly. I'm not saying the bike ""fixed"" me, but it gave me the space I needed to clear my head, and that little pup? She's been my rock since.

I'm not 100% better, but I've been feeling more joy than I've had in months. And that's something.
Image Description: a dog sitting in a basket on a bike near the water",1756371437.0,0.98,737,0,DISCUSSION,Infinite_Bee_2560,16,True,1,False,image
GetMotivated,1n2cyth,What makes you forget to check your phone? [image],196,https://reddit.com/r/GetMotivated/comments/1n2cyth/what_makes_you_forget_to_check_your_phone_image/,https://i.redd.it/hvkuizpqnrlf1.png,"
Image Description: do more things that make you forget to check your phone",1756389512.0,0.98,196,0,IMAGE,katxwoods,17,True,1,False,image
GetMotivated,1n2cf99,The difference between stopping and pushing through is everything [Story],37,https://reddit.com/r/GetMotivated/comments/1n2cf99/the_difference_between_stopping_and_pushing/,https://www.reddit.com/r/GetMotivated/comments/1n2cf99/the_difference_between_stopping_and_pushing/,"Last week I was ready to call it a day i felt like I was wasting my time and almost walked away but I pushed a little longer and that tiny bit of effort completely changed the outcome. It taught me that breakthroughs don’t always need massive effort. Sometimes it’s just about staying in the game long enough for things to turn.

",1756388170.0,0.94,37,0,STORY,TurboNoodleX,1,False,0,False,text
GetMotivated,1n30c85,Why people complicate things?,2,https://reddit.com/r/GetMotivated/comments/1n30c85/why_people_complicate_things/,https://www.reddit.com/r/GetMotivated/comments/1n30c85/why_people_complicate_things/,"Because staying simple or acting in a simple, easy way is not that simple as it may seem apparently. Or we just do not understand things well enough ourselves to be able to communicate them clearly. And we think that if we provide detailed, complicated and definitely unclear explanations, we just seem smart to the others. And we already know how important is for us to be validated by others ...",1756450343.0,0.54,2,0,DISCUSSION,MADAVL34,11,False,0,False,text
GetMotivated,1n2e53y,[Discussion] Long Term Goals,5,https://reddit.com/r/GetMotivated/comments/1n2e53y/discussion_long_term_goals/,https://www.reddit.com/r/GetMotivated/comments/1n2e53y/discussion_long_term_goals/,"For a long time I didn't really take responsibility for the life I lead and the things that I experienced. Life just ""happened"" to me and the locus of control was in someone else's hands. I managed to get to a place where I can start proactively making the sort of life I want to live, but I along the way I missed learning how to maintain a long term focus.

I did the math recently and if nothing changes for the worst I could be debt free in 8 years max, and I'm in a position career wise where I drastically shorten that if I upskill.

Likewise I have enough free time to pursue a couple of hobbies and get some dream projects done, I feel like I have a wealth of time now to take advantage of. I am just not sure how.

I do find that things with quick feedback loops are a lot easier to maintain over time, and that helps with day to day goals but maintaining ""tension"" for years feels exhausting just thinking about it.

I know the what and the why, I just need the how. Anyone is the same position or have gotten past this part?

",1756392187.0,0.86,5,0,DISCUSSION,Creative-File7780,0,False,0,False,text
GetMotivated,1n2bu9v,Struggling with finding a reason [Discussion],4,https://reddit.com/r/GetMotivated/comments/1n2bu9v/struggling_with_finding_a_reason_discussion/,https://www.reddit.com/r/GetMotivated/comments/1n2bu9v/struggling_with_finding_a_reason_discussion/,"Hello everybody, I’m polas I’m 17 year old and these year I started drawing and playing guitar but I somehow find it hard for me to keep it up. I see people playing songs and do amazing drawings and I go: “I wanna be like them” and so I started these 2 hobbies. But lately I’ve been acting strange, I don’t even know if I can call it a hobby anymore since it seems more like a lack of interest in it. And every time I think about it I just say: mah I’ll do it later I got time. And this is the biggest issue, is that I get very looked down for playing the guitar and drawing the things I like. They say I should not waste my time playing “simple ass song that are not even serious” like “home” from undertale or that I shouldn’t “draw cartoons or kids stuff, leave that to the kids and focus on the human body and realism”. I know it’s my issue but I have no idea where should I start ",1756386699.0,0.83,4,0,DISCUSSION,V1Polas,4,False,0,False,text
GetMotivated,1n20ivm,[discussion] Does being shy and under confident keep you stegnant?,26,https://reddit.com/r/GetMotivated/comments/1n20ivm/discussion_does_being_shy_and_under_confident/,https://www.reddit.com/r/GetMotivated/comments/1n20ivm/discussion_does_being_shy_and_under_confident/,"
I just always want to do things but it's the shyness that keeps me feeling stuck and I keep putting off things as if I'm just shoving my desires or motivations. It really feels awful. I guess in business field people say if you don't speak up then you won't make any sales. And I feel like part of that is true because after analyzing my own life for so many years. I really don't feel like I've changed at all. I'm still living in the same mentality. I still feel the same anxiousness when I was a teenager to now being in late 20s. I still feel awkward to simply do stuff on my own in public. Everything just feels new to me because I'm barely setting outside in the real world and getting exposure and experiences. For so many weeks I've been telling myself okay I'm learning driving but now that I recall I've been saying this for the last 3 yrs or so. And I'm simply not finding the courage or that willpower to push myself against my thoughts. Sometimes I keep myself do I want it badly enough. ",1756348165.0,0.86,26,0,DISCUSSION,Lemonade2250,13,False,0,False,text
GetMotivated,1n1uwve,Lack of discipline and my lifestyle doesn't help [Text],24,https://reddit.com/r/GetMotivated/comments/1n1uwve/lack_of_discipline_and_my_lifestyle_doesnt_help/,https://www.reddit.com/r/GetMotivated/comments/1n1uwve/lack_of_discipline_and_my_lifestyle_doesnt_help/,"Hi, this is my first post in this community and I hope to find anything that could help.

I'm a 27yo male, and my main problem is that i weigh around 106kg (234lb) and I can't stay motivated long enough to lose weight. Whenever I try to do some exercise or eat healthy I usually last about a couple weeks, then everything goes downhill.
I currently work two or more job, one at a fast food restaurant and the others are actually on the field that I actually want to pursue, but they come on and off and I can't make a living out of them yet.
Due to the high-stress life that I have (waking up at 4am one day, then staying up until 7am another, while studying and working on other projects) I'm always tired and with very few money and time left.
So I don't do an usual 9-5 job with a schedulable routine, I'm always on the go and my energies are very scarce.
Is there anything that I can do to still find a way to lose weight? Sheer willpower doesn't seem to work, since I still struggle with common depressive states and I can't seem to keep up with anything with enough constance.

Sorry if my English isn't perfect, I'm Italian and it's a complicated situation to explain",1756332922.0,0.94,24,0,TEXT,Pidlol,24,False,0,False,text
GetMotivated,1n1z2h6,[discussion] best quotes to put on wall?,6,https://reddit.com/r/GetMotivated/comments/1n1z2h6/discussion_best_quotes_to_put_on_wall/,https://www.reddit.com/r/GetMotivated/comments/1n1z2h6/discussion_best_quotes_to_put_on_wall/,i have an extra space by my bed and was looking for quotes kinda as an inspirational thing that i can look at before bed and in the morning. thanks!,1756343999.0,0.71,6,0,DISCUSSION,Honeydew-Capital,37,False,0,False,text
GetMotivated,1n0uypv,Hard truth[Image],857,https://reddit.com/r/GetMotivated/comments/1n0uypv/hard_truthimage/,https://i.redd.it/21ir2av6yelf1.png,"
Image Description: sam putt quotes",1756235627.0,0.96,857,0,IMAGE,sam6157,28,True,1,False,image
GetMotivated,1n1b0ji,"I broke my knee two weeks ago, and it's taught me a lesson about not taking my body for granted [Story]",74,https://reddit.com/r/GetMotivated/comments/1n1b0ji/i_broke_my_knee_two_weeks_ago_and_its_taught_me_a/,https://www.reddit.com/r/GetMotivated/comments/1n1b0ji/i_broke_my_knee_two_weeks_ago_and_its_taught_me_a/,"Two weeks ago I fell and hurt my knee pretty badly. I couldn't exercise, and it was rough. My knee is finally recovering now, and I'm able to go back to the gym. I was surprised by what happened next. I'm usually a big procrastinator, but this time, I went to the gym every single day for an hour. It felt so easy. There was zero resistance. For the first time, I realised that I am not always going to have the privilege of exercising. I guess the injury taught me a lesson. It's a reminder that I should use my body to its full potential while I can, because a healthy body is a gift, not a guarantee.",1756281651.0,0.91,74,0,STORY,Nearby_Worry_4850,16,False,0,False,text
GetMotivated,1n1bglg,I feel lost like I could achieve nothing in my life [text],42,https://reddit.com/r/GetMotivated/comments/1n1bglg/i_feel_lost_like_i_could_achieve_nothing_in_my/,https://www.reddit.com/r/GetMotivated/comments/1n1bglg/i_feel_lost_like_i_could_achieve_nothing_in_my/,"I am 21y yet haven't completed high school.

  
I have exams in the end of september yet i haven't started studying yet. I feel defeated, even since my parents separated (my father wasn't a good person) and we moved to another city, everything started falling down.

  
Like I am being chained down, like my choice and wants don't even matter and I am stuck in a life and self I do not want. I am trying to study, to pass the exams yet I am barely anywhere near 10% to complete the syllabus in order to pass exams this September.

I also don't have any skills except drawing, I am in a family who don't even know what anxiety is, let alone letting me see a psychiatrist, and the fee, I can't even afford it by myself at the moment. I don't know if I am destined to be doomed",1756283435.0,0.88,42,0,TEXT,Low-Forever5528,43,False,0,False,text
GetMotivated,1n0xi5i,"Growth can bring a lot of fear, act in spite of it if you are convinced of your goal, don't let anyone try to stop you [image]",138,https://reddit.com/r/GetMotivated/comments/1n0xi5i/growth_can_bring_a_lot_of_fear_act_in_spite_of_it/,https://i.redd.it/oihvokzffflf1.png,"
Image Description: growth often looks like those who expect you to remain the same",1756241428.0,0.97,138,0,IMAGE,Witchielavender,6,True,1,False,image
GetMotivated,1n0m4ip,"[Image] Let us be loving, hopeful, and optimistic, and we'll change the world",253,https://reddit.com/r/GetMotivated/comments/1n0m4ip/image_let_us_be_loving_hopeful_and_optimistic_and/,https://i.redd.it/evnt1gl9adlf1.png,"
Image Description: jack layton quotes",1756215537.0,0.94,253,0,IMAGE,PerAsperaAdMars,17,True,1,False,image
GetMotivated,1n0o73m,[Image] Success,195,https://reddit.com/r/GetMotivated/comments/1n0o73m/image_success/,https://i.redd.it/2g8zq0d1pdlf1.png,"
Image Description: adonijah jordan quote there is no success without sacrifice",1756220443.0,0.92,195,0,IMAGE,Chandan28,4,True,1,False,image
GetMotivated,1n0ptni,Ever notice how the busiest days are often the most unproductive ones? [Discussion],98,https://reddit.com/r/GetMotivated/comments/1n0ptni/ever_notice_how_the_busiest_days_are_often_the/,https://www.reddit.com/r/GetMotivated/comments/1n0ptni/ever_notice_how_the_busiest_days_are_often_the/,"Man, a few months back I was literally losing my mind at work. My days were jam-packed like whole day just the emails were piling up, random urgent stuff thrown at me without any prior notice, and then those endless meetings where I’d just sit there nodding but walk out like, Wait… what the hell am I actually supposed to do now?

By the time I’d get home dude I was wipedd. And it didn’t stop there I’d still be stressing at night like staring at the ceiling, thinking about all the shit I didn’t finish. Always panicking and even had dreams about WORK!?? I was snapping at people, losing sleep, and honestly started thinking maybe I’m just not cut out for this whole thing.

One day I just hit that breaking point and thought, Okay, something has to change, because this ain’t it. So I tried something super simple. I stopped trying to keep it all in my head. Every single thing even the smallest task someone casually mentioned I wrote it down. And every morning I’d just look at that list before doing anything else.

It wasn’t some magical fix, but damn it helped. I stopped forgetting stuff, I actually ticked off things, and slowly I felt less like I was drowning. Last week, my boss literally told me, You’ve been on top of things lately, and bro… that one line hit harder than I expected.

So yeah, if you’re stuck in that cycle where you’re busy 24/7 but still feel useless at the end of the day you’re not alone. Sometimes it’s not about grinding harder, it’s just about finding a system that actually keeps you sane.",1756224083.0,0.92,98,0,DISCUSSION,GcNiceKick8846,13,False,0,False,text
GetMotivated,1n0rcp1,[Text] “Our lives become beautiful not because we are perfect. Our lives become beautiful because we put our heart into whatever we do.” — Sadhguru,70,https://reddit.com/r/GetMotivated/comments/1n0rcp1/text_our_lives_become_beautiful_not_because_we/,https://www.reddit.com/r/GetMotivated/comments/1n0rcp1/text_our_lives_become_beautiful_not_because_we/,"Pouring one’s heart into something is such a beautiful feeling. We are all flawed and it doesn’t matter. What matters is that we do our best in whatever we take up. That way we are inviting Grace to come and assist us in creating something beautiful. 

Have you noticed how when you pour heart into something it feels wonderful? And have you noticed the difference between doing something halfheartedly vs wholeheartedly? 
",1756227526.0,0.92,70,0,TEXT,Euphoric-Welder5889,3,False,0,False,text
GetMotivated,1n014ao,The world you see depends on how you were raised.[Image],2769,https://reddit.com/r/GetMotivated/comments/1n014ao/the_world_you_see_depends_on_how_you_were/,https://i.redd.it/mq9pu54s28lf1.png,"Actionable tip:
Re-parent yourself. Give the love you didn’t get, Through affirmations, routines, or boundaries.
Image Description: a person raised on love and a person raised on survival see the world differently",1756152422.0,0.97,2769,0,IMAGE,sam6157,46,True,1,False,image
GetMotivated,1n0p5xp,[Discussion] how to stop comparing myself to other’s success,31,https://reddit.com/r/GetMotivated/comments/1n0p5xp/discussion_how_to_stop_comparing_myself_to_others/,https://www.reddit.com/r/GetMotivated/comments/1n0p5xp/discussion_how_to_stop_comparing_myself_to_others/,"I always feel like I have less potential than others, I am always in feared of getting judged for something or the other, nowadays even if I smile my face have this sadness I don’t know how to get out of all this and live my life happily and be happy and stop overthinking ",1756222574.0,0.9,31,0,DISCUSSION,Ok_Application_5147,9,False,0,False,text
GetMotivated,1mzljih,[IMAGE] Do hard things,2939,https://reddit.com/r/GetMotivated/comments/1mzljih/image_do_hard_things/,https://i.redd.it/l7dstz5jt4lf1.png,"
Image Description: i read a quote that said, your comfort zone is a beautiful place, but it's not a place where you can ever win",1756113024.0,0.98,2939,0,IMAGE,Unlucky_Freedom_9960,55,True,1,False,image
GetMotivated,1mzsfma,[Story] Reminder to do things you always wanted NOW not later,82,https://reddit.com/r/GetMotivated/comments/1mzsfma/story_reminder_to_do_things_you_always_wanted_now/,https://www.reddit.com/r/GetMotivated/comments/1mzsfma/story_reminder_to_do_things_you_always_wanted_now/,"A month ago, I discovered four tiny caterpillars on my host tree, and I was overjoyed at the thought of witnessing them turn into butterflies. Every day I would check on them, take care of them. I was very attached as I raised them before on the same plant. One day, I had to go somewhere so I asked my roommate to keep an eye on them. But when I returned, I found out a sparrow had eaten all four. In an instant, the possibility of seeing those butterflies was gone. They hadn’t even had the chance to grow.

I was heartbroken a little. It felt like such a rare, beautiful opportunity had slipped away right in front of me. I was just going to take the plant inside that day so it hurted more. But it also opened my eyes. **Life is unbelievably fragile. one small turn, and everything can be disappeared into dust.**

It made me realize how much I keep postponing things, for reasons big and small. But the truth is, death doesn’t wait for us to be ready. It doesn’t check whether we have fully lived, or grown, or achieved what we wanted. It can come at any moment, without warning So we must do what we think is worthwhile without wasting lot of time.

There's this beautiful quote I saw on Instagram today. What is ticking away is not the clock. What is ticking away is our life - Sadhguru

So if there’s something you’ve always wanted to do, but keep putting off for “later”… maybe later won’t come. Time is already moving. And the only right time to truly live is now.",1756133126.0,0.96,82,0,STORY,Terrible_Name_387,8,False,0,False,text
GetMotivated,1mzvac2,[Image] Every cloud has a silver lining - hope is always there,8,https://reddit.com/r/GetMotivated/comments/1mzvac2/image_every_cloud_has_a_silver_lining_hope_is/,https://imgur.com/a/VcMWPGH,"Going through a rough patch right now, but this reminded me that better days are coming ☀️
",1756139406.0,0.65,8,0,IMAGE,Various_Sherbert2119,0,False,0,False,text
GetMotivated,1mykza9,[Image] Do it now.,4355,https://reddit.com/r/GetMotivated/comments/1mykza9/image_do_it_now/,https://i.redd.it/yx7re8uzxvkf1.png,"
Image Description: one day you will wake up and there won't be any more time for the things you've always wanted to do do it now",1756005529.0,0.99,4355,0,IMAGE,Chandan28,46,True,1,False,image
GetMotivated,1myidqd,Learned the best tips from my Harvard professor [Story],392,https://reddit.com/r/GetMotivated/comments/1myidqd/learned_the_best_tips_from_my_harvard_professor/,https://www.reddit.com/r/GetMotivated/comments/1myidqd/learned_the_best_tips_from_my_harvard_professor/,"Yes, I learned the best way to be productive and do my best last fall from one of my professors at Harvard. Before that, I was literally struggling with my academics, life, and everything else. I just had a breakup and was emotionally at the lowest point of my life. I was trying my best to overcome that situation, but I was unable, no matter how much I was trying! When I shared my problems during an office hour, my professor asked me to write all my problems and one easy solution I could have for each problem.

Then, he gave me the biggest advice: **the 8-hour rule** (I am sure many of us may be aware of this, but I was not!)

**8 hours for sleeping, 8 hours for studying, and 8 hours for other activities.**

He told me not to compromise with my sleep and study 8 hours every day (I was struggling academically as well). He then told me to study 6-7 hours for my courses and use the remaining 1-2 hours for academics-related other problems.

He told me not to disown the first two (sleep & study) and then focus on others.

Now, here comes the trick. He asked me to list the things I want to do in 2 weeks (including weekends). I wrote things down. And he told me to do them in a week (in 5 days). The main mantra is to change the way I think first and take action accordingly. \[My tips: if you have a long list, do the easiest things first. You'll keep your motivation throughout. If you have a small list, do the hardest one first! You will feel motivated to complete your tasks as fast as possible.\]

He also helped me in some other ways as well. Since then, I haven't had to worry about productivity, academic results, or making strong connections/friends. I am eternally grateful to my professor. I hope sharing this life lesson would help others. Thank you.

(Also, you can share any tips you got/might have.)",1755997476.0,0.9,392,0,STORY,No-House-4247,28,False,0,False,text
GetMotivated,1myt11q,[IMAGE] The most liberating thing we can do is take responsibility for our own lives,53,https://reddit.com/r/GetMotivated/comments/1myt11q/image_the_most_liberating_thing_we_can_do_is_take/,https://i.redd.it/4r94uebacykf1.png,"
Image Description: liberation quotes",1756034547.0,0.86,53,0,IMAGE,didntask-com,7,True,1,False,image
GetMotivated,1mxsdeq,Never give up 10 years in the gym and almost loss myself during Covid [discussion],1825,https://reddit.com/r/GetMotivated/comments/1mxsdeq/never_give_up_10_years_in_the_gym_and_almost_loss/,https://www.reddit.com/gallery/1mxsdeq,"So here’s me: I started off skinny, wanting to put on muscle. I was in shape but never really posted online. During COVID, though, I let myself go. I was still in the gym, but my diet, mental health, and habits in general went REALLY bad. As I was approaching my 30s, I wanted to give up, and my body was a reflection of that—until October 20, 2021, when I looked at myself and thought, “The younger me would be so disappointed that I gave up on him.”
Fast forward 2, 3, 4 years later, and I’m in the best shape of my life. I went from around 210 lb down to 165 lb. Right now, I’ve bulked back up to 185, and I’m cutting again to get back to 170–165.
I’m posting this for accountability—by the end of this year, I’ll be lean again. The cutting and bulking cycle is real, that’s body dysmorphia lol 😤💪🙏 “be the best version of yoursef”
Image Description: three men in a gym taking a selfie 
Image Description: three people posing for a photo in a gym 
Image Description: a man with a big body and a selfie of him 
Image Description: a man with a big belly is shown on a cell phone 
Image Description: two men standing in a hallway with one holding a drink 
Image Description: a man taking a selfie with his cell phone 
Image Description: a man taking a selfie in the bathroom mirror 
Image Description: a group of people posing for a photo in front of a restaurant 
Image Description: a group of men posing for a photo in a gym 
Image Description: two men in shorts and tank tops taking a selfie 
Image Description: a group of people posing for a photo on a basketball court 
Image Description: two men are lifting weights in a gym 
Image Description: a man taking a selfie with his cell phone 
Image Description: a man taking a selfie with his phone 
Image Description: two men posing for a photo in a gym 
Image Description: a man sitting on a bench with a caption that reads keep going and bless your thanksgiving 
Image Description: a group of people posing for a photo at a party 
Image Description: a picture of a man with a shirt on and a caption that says, ""i'm a big guy"" 
Image Description: a man sitting on a bench with a quote on it 
Image Description: a man with a shirt on and a picture of him",1755924627.0,0.86,1825,0,DISCUSSION,TheShoeGame,285,True,20,True,text
GetMotivated,1mxrsu8,"[discussion] Been a year of medical problems,kept going",1902,https://reddit.com/r/GetMotivated/comments/1mxrsu8/discussion_been_a_year_of_medical_problemskept/,https://i.redd.it/kjpgz6us3pkf1.jpeg,"I have been having a year of almost non stop medical problems,it started all the way back in November.one night I was bedridden and I noticed my scrotum had multipled maybe 10 times in size, however, not wanting to deal with the bother and pain. I tried sleeping for around three days straight, leaving the condition unchecked hoping it would fix itself.On top of this, I have the obvious chills, sweating, flu, temperature, etc. After my parents eventually found out how serious my condition was, with my scrotum multiplying aggressively in size, they took me to the hospital.


After many nights in the hospital, it was determined that I had sepsis. However, 10 doctors later at the time we had no idea what caused the beyond abnormal swelling of the scrotum. After eventually getting out of the hospital, I remained largely the same. The swelling remained unchanged from December 10th , up until around June. However, I no longer had sepsis and I was stable, and I could return to work.

After suffering, a very traumatic breakup in February, I decided to pick up the gym and a calorie deficit because I felt I had nothing else to lose, and I owe it to myself to succeed. That is a whole Nother can of worms I can talk about for hours, however as of today, I am down 62 pounds and I feel like a completely different man with countless people in my life noticing a difference.

Anyway, continuing the story  in very early June I was suddenly awoken with a sharp,constant pain in my testicles, not knowing what it was, we rushed to the urgent care. Only to be hospitalized yet again. After this time, I went on medical leave for my work, and I only just returned yesterday. And after the second hospital visit, maybe 30 doctors altogether we have finally gotten a diagnosis over six months past the original infection.i have now have chronic lymphedema. I have continued my gym endeavors, as much as I can, and I am daily on a calorie deficit.

This year I have been plaqued with random doctors visits, massage therapies weekly for my lymphedema, random checkups, illnesses that come out of nowhere. And now I have a permanently altered body that was only made permanent because of the lack of care that was available. And yet I am more motivated than I have ever been in my life, I feel that if I don’t have my body and my mind, I don’t have anything. That nobody will respect you if you don’t respect yourself, and that only you can turn yourself into a person worth respecting.life doesn’t wait for anyone.

Anyway, I hope this post was Not just rambling and it was motivating or insightful.have a good day 
Image Description: a man in a hospital bed with a cell phone",1755922732.0,0.97,1902,0,DISCUSSION,Collt092,52,True,1,False,image
GetMotivated,1mykqcq,[Discussion] 🌿 From Stuck to Unstuck: How I’m Reframing Overthinking (My 2025 Growth Log #1),27,https://reddit.com/r/GetMotivated/comments/1mykqcq/discussion_from_stuck_to_unstuck_how_im_reframing/,https://www.reddit.com/r/GetMotivated/comments/1mykqcq/discussion_from_stuck_to_unstuck_how_im_reframing/,"For years, I burned countless hours overthinking even tiny choices—whether to reply to an email now or later, or what to eat for lunch. It wasn’t just the decision itself, it was the endless cycle of self-criticism around it (“what if I choose wrong?”).

Recently, I’ve been experimenting with shifting from self-blame to self-compassion. Instead of asking “Why can’t I decide?” I now ask “What tiny next step would future-me thank me for?” This small mindset tweak has helped me reclaim roughly 1–2 hours each day that I used to lose stuck in thought loops.

I’m curious if others here have faced this kind of analysis paralysis. Do you have strategies that help you push through indecision without beating yourself up? I’d love to learn what works for you—and maybe share more of what I’ve tried if that’s useful.

Thanks in advance—this community always gives me motivation when I need it. 🙏",1756004727.0,0.94,27,0,DISCUSSION,lingojourney,5,False,0,False,text
GetMotivated,1myit0g,[story] MyFightWithCancer,16,https://reddit.com/r/GetMotivated/comments/1myit0g/story_myfightwithcancer/,https://www.reddit.com/r/GetMotivated/comments/1myit0g/story_myfightwithcancer/,"I've been diagnosed with PNET on June 7th at 42 with a wife and 2 year old son in Bangkok, Thailand. It's been an emotional rollercoaster for myself and my family, starting with an initial diagnosis of PDAC, thinking I only had less than a year to live, to finding-out it's Neuroendocrine tumors and learning I'd potentially have 3-5 years.

I've gone through 2 rounds of chemo and one round of targeted PRRT treatment, a targeted nuclear therapy, because my cancer cells have the right receptors to be treated using Lutetium. Have also done a round of RFA to remove tumors on my pancreas that was largely successful in removing primary tumors. This has all happened in a couple months, so things have been moving very quickly.

Aug 20th I got my labs run and we saw improvement in liver function and cancer markers.

Liver function numbers mostly improved
• ALP: 322 -> 170
• GGT: 813 -> 603
• AST: 53 -> 68

Improvement in Tumor marker numbers and CEA
• CA 19-9: 2,384 -> 743.8
• CEA, Blood: 11.1 -> 7.4

Overall, I'm responding well to treatments. Next steps are to schedule the next PET-CT scan, in preparation for the next PRRT treatment. I'll also be getting another SSA shot today.

My oncologist basically thinks that we should stay the course with PRRT + SSAs until we hit a plateau before adding any new treatment to limit toxicity to the liver.

I've documented every step, not just the treatments, but the emotions, the wins, and the hard moments. If you're going through something similar, you're not alone. I'm sharing my daily journey on a YouTube channel so that others can benefit from my story and gain any insights from my experience.

If you'd like to follow along, you can view or subscribe at: 

www.youtube.com/@MyFightWithCancer",1755998758.0,0.94,16,0,STORY,MericanInBKK,6,False,0,False,text
GetMotivated,1mxouk5,What's simple habit that dramatically improved your life in less than a month? [Discussion],766,https://reddit.com/r/GetMotivated/comments/1mxouk5/whats_simple_habit_that_dramatically_improved/,https://www.reddit.com/r/GetMotivated/comments/1mxouk5/whats_simple_habit_that_dramatically_improved/,"
For me it was quitting drinking. Immediately my sleep was better, I had more focus during the day, and I had an insane amount of energy (I used to be tired all the time).

Minimizing doomscrolling as much as possible. **Breaking my phone addiction was the keystone habit that enabled all other healthy habits in my life.**

Once I got off my phone, all other habits that I was trying to incorporate into my life became way easier in a matter of days. I had the mental clarity, energy, and focus to work out consistently, journal and meditate every day, and cook 90% of my own meals.

Pretty much everybody recognizes they spend too much time on their phone. But due to its addictive nature, few people are able to successfully reduce their screen time to a healthy amount. If your struggle with this, here are the first three simple things that I did to break my phone addiction:

Don’t sleep with your phone. Keep the bedroom sacred - it is for sleep and sex, not doomscrolling.
Get a good screen time app. I probably tried 10 different apps before I found my favorite. I like it because it goes beyond just giving you tools to block your apps. It also gamifies your screen time in a Duolingo-like way and lets you compete with your friends. It makes the whole process feel fun instead of limiting.
Delete the doomscrolling apps. Just delete your problem apps off your phone. If you really want to look at them, you can always re-download them or go on your computer.
These might seem obvious, but very few people actually do any of them, let alone all three. If you start doing these three things, you will see a dramatic change in your screen time, and thus your overall quality of life.

",1755913578.0,0.98,766,0,DISCUSSION,alphaducksquad,91,False,0,False,text
GetMotivated,1myhc2m,[Text] Forward: Embrace change & new beginnings,12,https://reddit.com/r/GetMotivated/comments/1myhc2m/text_forward_embrace_change_new_beginnings/,https://www.reddit.com/r/GetMotivated/comments/1myhc2m/text_forward_embrace_change_new_beginnings/,"You’ll be amazed at what you can achieve once you stop limiting yourself. Embrace change. Be thankful for new beginnings. Every fresh start is a chance to grow on a whole new level.

It’s okay to try again—and again—until you reach your goals. As Tyler Perry reminds us, see closed doors as part of a maze. If you’re not getting the results you expected, don’t give up—adjust your strategy. And through it all, look for something positive, even in the hardest moments. That perspective is what keeps hope alive.

Keep going. Fail forward. Stay positive. Stay persistent. Stay consistent. Be hopeful. Have faith. Trust God.

What carried me through every challenge, trial, illness, and setback were these: my faith in God, persistence, consistency, tenacity, hope, and optimism.

I am so grateful for a new beginning. Thank you God for your faithfulnes",1755994369.0,0.93,12,0,TEXT,Frensisca-,4,False,0,False,text
GetMotivated,1mxwpv2,Turn your video game energy into real life energy. What do you like in video games? Figure out ways to do that in real life. [Text],99,https://reddit.com/r/GetMotivated/comments/1mxwpv2/turn_your_video_game_energy_into_real_life_energy/,https://www.reddit.com/r/GetMotivated/comments/1mxwpv2/turn_your_video_game_energy_into_real_life_energy/,"# Combat / Action

* Fighting → Join a martial art (boxing, BJJ, Muay Thai, fencing)
* FPS aim training → Archery, darts, disc golf putting drills, table tennis reflex games.
* Stealth missions → Urban exploration walks at dawn, birdwatching without spooking anything, hide-and-seek with kids.
* Bullet-hell dodging → Agility ladder, parkour basics, jump rope combos.

# Farming / Life Sim

* Stardew energy → Gardening, fishing, making gifts for friends (knitting, brewing), home decorating.
* Festival days → Host seasonal potlucks, attend local events (invite friends or make friends while there).

# Collecting / Loot

* Loot grind → Thrift/estate sale “treasure hunts,” geocaching, metal detecting, mushroom/berry foraging
* Completionist sets → National park stamps, museum badges, local coffees/teas, city street sign alphabets.
* Card packs/gacha thrill → “Mystery box” thrift shelves, library “blind date with a book,” randomized playlist deep dives.

# Exploration / Open World

* Map completion → Walk every street in your neighborhood (CityStrides), hike all local trails, cycle every bridge in your city.
* Fog-of-war reveal → New-to-you cafés, temples, pocket parks; document with photos like unlocking POIs.
* Fast travel hubs → Learn public transit like a speedrunner; build your own route “splits.”

# Crafting / Building

* Crafting → cooking, baking, foraging, brewing.
* Base building → Home workshop corner, balcony garden, LEGO/3D printing, DIY furniture.
* Minecraft energy → Raised beds, terrariums, cob/earth projects, tiny library box for your block.

# Puzzles / Logic

* Dungeon puzzles → Escape rooms, logic puzzle books, cryptograms, speed-cubing.
* Pattern recognition → Bird calls, constellation spotting, wine/tea tasting notes.
* ARG vibes → Join community scavenger hunts or create one.

# Survival / Craft

* Survival sandbox → First-aid cert, fire-starting, tarp shelter, water filtering; weekend bushcraft trips.
* Cooking system mastery → Knife skills, stock-making, fermentation.

# Fashion / Customization

* Skins & transmog → Thrift flips, capsule wardrobe challenges, visible mending, natural dyeing.
* Housing cosmetics → One-room makeover sprint; mood lighting, plants, wall art you made.

# Social / Guilds

* Co-op campaign → Join a club (climbing, choir, improv), maker space, or volunteer org.
* Raids → Organize a community clean-up, charity fundraiser, or hackathon.
* Roles → Tank = logistics; Healer = morale/food; DPS = outreach; Shotcaller = facilitator.

# Lore / Worldbuilding

* Codex dives → Local history walks, archives, antiquing, oral histories with elders; publish a mini-guide.
* Prop collection → Vintage tools, field journals, postcards—curate a tiny museum shelf.",1755940549.0,0.73,99,0,VIDEO,katxwoods,47,False,0,False,text
GetMotivated,1mxvu5x,What life would you most want to wake up to? What step can you take right now to move towards that life? [image],80,https://reddit.com/r/GetMotivated/comments/1mxvu5x/what_life_would_you_most_want_to_wake_up_to_what/,https://i.redd.it/x1tb9sunaqkf1.png,"
Image Description: a collage of pictures with the words create a life you can't wait to wake up to",1755937176.0,0.9,80,0,IMAGE,katxwoods,4,True,1,False,image
GetMotivated,1mxqbox,My dog’s my savior. [Discussion],118,https://reddit.com/r/GetMotivated/comments/1mxqbox/my_dogs_my_savior_discussion/,https://www.reddit.com/gallery/1mxqbox,"There were so many times I just wanted to lock myself away, but I couldn’t stop worrying about him. Gotta make sure he gets food, fix his broken toys, take him for a walk. He’s a hassle, but he’s also the light that got me through the dark days.

Now? I can actually leave the house for 3 hours without panicking. And today, I finally got to watch the sunset with him again after all these years.
Image Description: a dog sitting on a bike with a red collar 
Image Description: a dog sitting on a bike",1755918052.0,0.97,118,0,DISCUSSION,MagazineOutrageous64,2,True,2,True,text
GetMotivated,1mx94c4,[Image] You survived.,545,https://reddit.com/r/GetMotivated/comments/1mx94c4/image_you_survived/,https://i.redd.it/hu7zmvj37lkf1.png,"
Image Description: rain, raindrops, rain, raindrops, raindrops, raindrops, raindrops, raindrops, raindrops, raindrops, raindrops",1755875415.0,0.97,545,0,IMAGE,Chandan28,13,True,1,False,image
GetMotivated,1mx3fbl,[IMAGE] We are not behind,273,https://reddit.com/r/GetMotivated/comments/1mx3fbl/image_we_are_not_behind/,https://i.redd.it/ro5lbriyyjkf1.png,"
Image Description: you're not behind you're early for the next version of you",1755860587.0,0.94,273,0,IMAGE,FreshFo,8,True,1,False,image
GetMotivated,1mwjk3p,[Story] I Quit Vaping Cold Turkey So You Don't Have To,380,https://reddit.com/r/GetMotivated/comments/1mwjk3p/story_i_quit_vaping_cold_turkey_so_you_dont_have/,https://www.reddit.com/r/GetMotivated/comments/1mwjk3p/story_i_quit_vaping_cold_turkey_so_you_dont_have/,"So I was a heavy nic/weed vaper for years. Like, constantly hitting it all day long. Then one day I just... stopped. Cold turkey, haven't touched it since. I suppose you can call that discipline, but it wasn't super methodical. Do I recommend this approach? Only if you wanted to travel to hell and back on a Greyhound, with no A/C and the windows locked.

**Why I Finally Had to Quit** Honestly? I felt like an idiot. Standing outside buildings sucking on what basically looks like a robot dick. People definitely judge you for it - they just don't say it to your face. I felt more attached to this adult pacifier than any other real human in my life. It was sad, really. Not including the wasted $$, I felt lethargic all the time and had less energy/motivation to go outside.

**The Cold Turkey Nightmare** Three days of wanting to punch everyone. I was a nightmare to be around, a shit friend. Emotional, cranky, constantly thinking about my pen, that f'ing DOuCHE Flute. By day four it was (mostly over) - I remember the physical irritability disappearing.

The physical stuff was whatever. But everything reminded me of vaping. Driving? Vape time. Alone? Vape break. After eating? Obviously need to vape. I was just breaking up with the greatest gaslighter in my life. (I started having more success with human dating afterwards too.)

**What I Wish I Had** Looking back, going it alone was stupid. I wish I'd had someone who actually understood what I was going through - not just ""you got this!"" but someone who could help me prepare for the triggers, work through the mental games, and have a real plan instead of just white-knuckling it.

If I were to do this all over again, I'd find a recovery coach who's been through this journey themselves. Someone who could guide me through the rough patches, help me build better habits to replace the vaping, and actually understand why I felt I was owned by a stupid vape pen. Having that kind of support and expertise would've made the whole process way less brutal and probably more successful long-term.",1755801949.0,0.87,380,0,STORY,colderemy,202,False,0,False,text
GetMotivated,1mwgfku,This single shift stopped me from giving up on myself every week.[Discussion],274,https://reddit.com/r/GetMotivated/comments/1mwgfku/this_single_shift_stopped_me_from_giving_up_on/,https://www.reddit.com/r/GetMotivated/comments/1mwgfku/this_single_shift_stopped_me_from_giving_up_on/,"Like a few months ago, I was seriously struggling at my job. Every day felt like I was falling behind. My emails were stacked up, I kept on missing deadlines, and I walked out of meetings with no idea what I was supposed to do. My confidence went down the drain v fast, and I could tell people didn’t see me as reliable anymore.

It was LITERALLY brutal. I’d go home exhausted but still couldn’t get anything done. I honestly thought maybe I just wasn’t cut out for this and even starting looking looking down on me, like I am the problem that who is not able to catch up on basic things. But this wasn't going to work so I tried changing my ways like one simple thing: I stopped keeping everything in my head. I wrote down every single task be it big or small said during the meetings or whatever my managers used to say and forced myself to check it every morning. It wasn’t magic, but slowly things shifted. I forgot less. I finished more. And for the first time in a while, I didn’t feel like I was drowning.

Last week my boss said, You’ve been on top of things lately. That one sentence hit hard. After months of feeling like I was failing, it was the first time I felt like I was actually getting somewhere.

If you’re in that same place overwhelmed, stressed, doubting yourself I promise it doesn’t mean you can’t do it. You don’t need to be perfect. You just need a system that works for you. Start small, keep at it, and you’ll look back one day realizing you’re not stuck anymore.",1755795027.0,0.95,274,0,DISCUSSION,Actual-Raspberry-800,26,False,0,False,text
GetMotivated,1mwuqz6,I 23M don't know what i want in my life. [Discussion],41,https://reddit.com/r/GetMotivated/comments/1mwuqz6/i_23m_dont_know_what_i_want_in_my_life_discussion/,https://www.reddit.com/r/GetMotivated/comments/1mwuqz6/i_23m_dont_know_what_i_want_in_my_life_discussion/,"Stuck in my life. Can't focus on anything. Currently pursuing bachelors degree but have soo many backlogs. Unfit. Eats junkfood alot. Addicted to doomscrolling. I have an exam in 2 hours and from last 3 hours I'm on instagram scrolling.

Help!

Hit me hard",1755830149.0,0.9,41,0,DISCUSSION,yepthatsme20,59,False,0,False,text
GetMotivated,1mvz24t,[Image] One day,440,https://reddit.com/r/GetMotivated/comments/1mvz24t/image_one_day/,https://i.redd.it/swtc3hi1cakf1.png,"
Image Description: one day, everything will come to an end and you will taste every fruit of your deeds",1755743902.0,0.88,440,0,IMAGE,Chandan28,54,True,1,False,image
GetMotivated,1mwhs5y,"[Discussion] Persistence, inspired by content in social media",10,https://reddit.com/r/GetMotivated/comments/1mwhs5y/discussion_persistence_inspired_by_content_in/,https://www.reddit.com/r/GetMotivated/comments/1mwhs5y/discussion_persistence_inspired_by_content_in/,"There’s this reel I have seen yesterday and it provokes me to share a thought. There’s been a super simple concept: a working bumblebee moving from one flower to another in slow motion. Nothing polished, nothing special, no filters, just raw video.

The caption reflects there on something that feels obvious, yet so underestimated in today’s social media (but also daily life): persistence. There is an observation we know intuitively, i.e. what we see online is less than 1% of reality. It’s selective and often staged. The real journey is built step by step, not in an instant.

What haunts me is the tension: on one hand, socials are full of noise and fake realities. On the other, they are packed with fancy pseudo-coaching, pseudo-psychology content; glossy, but still designed to target us.

And I thought (finally getting to the point) - maybe the value is actually in leaving things raw. Showing the essence without the lifting, filters, and glitter. It’s similar to niche perfumes or art, when the unpolished expression often reaches the deepest core. Maybe there is a need for critical mass of this raw but valuable content to stop staged/lifted content that brings people down and doubting?

For me, the message I want to share is: motivation doesn’t have to be a headliner. It can be simple and raw. If you unlock your will and strength away from the glitter of social media, but from simple messages, persistence can take root more strongly and give even greater empowerment.

That’s it, I hope it makes sense. I am curious what you think regarding the value of persistence; happy to hear reflections from anyone who has a moment.",1755797968.0,0.86,10,0,DISCUSSION,Gloomy_Contest3856,1,False,0,False,text
GetMotivated,1mvtj1q,"[discussion] How to stop focusing on the ""feelings"" when you have to take actions?",13,https://reddit.com/r/GetMotivated/comments/1mvtj1q/discussion_how_to_stop_focusing_on_the_feelings/,https://www.reddit.com/r/GetMotivated/comments/1mvtj1q/discussion_how_to_stop_focusing_on_the_feelings/,"
I just feel like the reason I'm having problems with confidence, speaking up and taking actions is mainly because I'm focusing on the ""feelings and emotions"" part all the time. I'm not doing the things I know deep down will improve my life. Almost everyday I just feel like I'm beating myself mentally. I don't keep the promises I make to myself like for over a week now, I simply told myself okay okay you got this. Let's go ask the neighbor for few driving lessons since they are instructor. But I end up resisting. I let stupid thoughs and feelings get in the way like shame guilt fear and what not. Because of that my self esteem takes a toll. My posture shrinks. My voice goes low and slow. I'm not mentally feeling alert because I'm barely moving my body physically and mentally not engaging with others because of isolation. This feels like I'm ruining my life and I'm tired of it. I know I can sense my soul is hurt",1755729058.0,0.77,13,0,DISCUSSION,Lemonade2250,15,False,0,False,text
GetMotivated,1mvlr5f,Your workspace is either helping you succeed or holding you back - there's no neutral [Discussion],30,https://reddit.com/r/GetMotivated/comments/1mvlr5f/your_workspace_is_either_helping_you_succeed_or/,https://www.reddit.com/r/GetMotivated/comments/1mvlr5f/your_workspace_is_either_helping_you_succeed_or/,"To all those people who say they can (or can’t) work anywhere:   
  
If you’re sitting at a kitchen table hunched over typing for 8 hours a day, you are not working to the best of your ability.   
  
I definitely thought I was fine with my setup until I developed a cyst in my wrist. That put me on a kick to start working healthier. I adjusted my setup, swapped mice frequently, and started changing the position I worked from as often as possible to stay active.   
  
Your posture impacts more than just your back and physical health. Your posture 100% effects your mental state. Every moment you are uncomfortable, whether you focus on it or not, decreases your potential output.   
  
What do you do to improve your workspace and boost your productivity?",1755711782.0,0.71,30,0,DISCUSSION,AustinBranch,11,False,0,False,text
GetMotivated,1muhxwo,"Guys, my series has been featured in Webtoon's Staff Picks playlist, I can't believe it. I'm honestly so moved...🥲🥲🥲 [story]",176,https://reddit.com/r/GetMotivated/comments/1muhxwo/guys_my_series_has_been_featured_in_webtoons/,https://www.reddit.com/gallery/1muhxwo,"I've been working hard on this series for two years now, drawing it by hand on paper with so much care. This morning feels like a small revenge, a little official recognition, a tiny victory... If you'd like, I'll leave the link in the comments so you can read Astral Plane too!
Image Description: the staff picks are highlighted in red 
Image Description: a drawing of a bird on a bridge with a clock tower in the background 
Image Description: a boy in a cloak is standing next to a dragon 
Image Description: the goddess of the sea chapter 1 
Image Description: a drawing of a dragon and a man in a castle",1755608887.0,0.9,176,0,STORY,glitch_gram,16,True,5,True,text
GetMotivated,1mu4m5u,[Discussion] Never Thought I'd Be Here: Starting College at 40,421,https://reddit.com/r/GetMotivated/comments/1mu4m5u/discussion_never_thought_id_be_here_starting/,https://www.reddit.com/r/GetMotivated/comments/1mu4m5u/discussion_never_thought_id_be_here_starting/,"Well, this is the last place I ever imagined I'd be, but here I am, turning 40 and about to be a freshman alongside people the same age as my nieces and nephews (and almost my own kid). 

The family gatherings this summer have been... interesting. Everyone's talking about back-to-school prep, and now those conversations include me. The gentle ribbing from loved ones was actually one of the things I dreaded most about this whole process. I even considered keeping it secret until classes started. But I've had a pretty transformative year personally and have learned to be more vulnerable than ever before. Without that growth, I definitely would have avoided family events or pushed back against the discomfort. Instead, I survived the good-natured mocking and I'm happier for it.

So how did I get here? I never planned on higher education, didn't even take placement exams in high school because I was headed straight to the military (National Guard, which meant I still had to work civilian jobs too).

After getting laid off a year ago, I figured it would be a quick bounce back. I'm well-spoken, interview well, and had never struggled to find work before. This time was different. Months of daily applications, hundreds of positions, and my entire unemployment benefit later, still nothing. That's when my fiancé (basically my wife after 12 years together) brought up the idea of school.

Neither of us had considered it before, but we were running out of options. Then I discovered I had veteran benefits that could actually help. I got into the VR&E program, where the government helps disabled veterans build skills for long-term employment. They cover everything: full bachelor's degree tuition, books, fees, supplies, even a new laptop. Plus there's a monthly stipend based on your location and course load. Living outside Boston means I qualify for the highest stipend in the country.

So in a few weeks, I'll officially be a full-time freshman at Northeastern CPS in Boston. I've planned extensively over the past year and grown in ways I never imagined possible. Honestly, getting laid off might have been the best thing that ever happened to me (aside from meeting my fiancé). I'm a better person now, about to start the second half of my life, and I'm doing it completely differently this time.

Couldn't be more excited.",1755566205.0,0.98,421,0,DISCUSSION,IterativeIntention,101,False,0,False,text
GetMotivated,1mu5gm4,[Image] Always remember,368,https://reddit.com/r/GetMotivated/comments/1mu5gm4/image_always_remember/,https://i.redd.it/lc2fo2sfuvjf1.png,"
Image Description: remember you can handle anything just take it all at once",1755568485.0,0.99,368,0,IMAGE,Chandan28,3,True,1,False,image
GetMotivated,1mvofz9,[discussion] convince me to delete social media,0,https://reddit.com/r/GetMotivated/comments/1mvofz9/discussion_convince_me_to_delete_social_media/,https://www.reddit.com/r/GetMotivated/comments/1mvofz9/discussion_convince_me_to_delete_social_media/,"Convince me to delete social media.

I've already deleted Snapchat, now comes Instagram and TikTok. Here are the reason I have not yet:

  
TikTok: I have 2 friends who send me lots of videos on there. That's it. I don't feel addicted to it. Thank God.

Instagram: I have a lot of motivational content on my feed and I enjoy the idea of posting things for people to see (even though I don't--I keep telling myself I have nothing noteworthy to post about) because all of my friends are chronically online and do the same--it seems like none of them know how to hold a conversation (all around the age of 16, so--sadly--normal).

  
I'm really getting tired, and I've been hearing so much about how helpful and beneficial it is to delete all social media. I'm also starting the IB diploma in 2 weeks, so I don't even want there to be a possibility of myself losing time to the draining abyss of social media.

  
So I need horror stories, motivation, analogies, life stories, anything to convince me--and anyone in the future who stumbles upon this--to delete social media. Once and for all.

  
P.S. I'm keeping YouTube and Reddit (at least for now) because my feeds are purely (...almost) educational and I need something to do to waste time once in a blue moon when I stay up late at a friend's house.",1755717560.0,0.37,0,0,DISCUSSION,No_Prompt_6341,40,False,0,False,text
GetMotivated,1mts0wt,[discussion] it's painful when you know what you're supposed to be doing but you don't do it,167,https://reddit.com/r/GetMotivated/comments/1mts0wt/discussion_its_painful_when_you_know_what_youre/,https://www.reddit.com/r/GetMotivated/comments/1mts0wt/discussion_its_painful_when_you_know_what_youre/,"I just feel like I'm letting my own confidence, willpower and self-esteem go down because I'm not doing the things I know deep down I should be doing. Even quitting bad habits that I know keeps me down simple as using excessive phone and procrastinating. I just don't know why don't I put myself first and call it a priority. Why do I keep delaying things and overthinking about it. Don't I have self respect or understanding the importance of life. Like you know you have to make money and get your act together but you still choose to sit on the couch and doom scroll social media on purpose. Like it's tiring to be in this freeze mindset or self sabotage ",1755536925.0,0.99,167,0,DISCUSSION,Lemonade2250,30,False,0,False,text
GetMotivated,1mugvyf,[Discussion] How are phones different from cigarettes?,0,https://reddit.com/r/GetMotivated/comments/1mugvyf/discussion_how_are_phones_different_from/,https://www.reddit.com/r/GetMotivated/comments/1mugvyf/discussion_how_are_phones_different_from/,"I spend way too much time on my phone. Like I'm sure you do, too. Here's my question: How are the damages of phones different from the damages of cigarettes? Cigarette smoking steals time from the end of your life, but phones also steal time... they just do it from the middle of your life. How is that different?

Lately I've been wondering how people will think about phones and our generation in 100 years. I'm wondering if they'll look back on us and feel sorrow over how much of our lives were sucked up and stolen by these tech companies and devices. 

It's just interesting to me that we, as humans, are always so quick to act on products that shorten our lifespan, but we're much more willing to engage with products that steal time from every single day.

What do you think?",1755606168.0,0.48,0,0,DISCUSSION,gyllendane,30,False,0,False,text
GetMotivated,1mtclb6,[Image] Man's Greatest Fear,271,https://reddit.com/r/GetMotivated/comments/1mtclb6/image_mans_greatest_fear/,https://i.redd.it/y6vcb225kpjf1.png,"
Image Description: what do people fear most?",1755492384.0,0.93,271,0,IMAGE,Key_Student5240,12,True,1,False,image
GetMotivated,1mtkpl1,[Discussion] Having the guts to leave Corporate America but for good?,17,https://reddit.com/r/GetMotivated/comments/1mtkpl1/discussion_having_the_guts_to_leave_corporate/,https://www.reddit.com/r/GetMotivated/comments/1mtkpl1/discussion_having_the_guts_to_leave_corporate/,"I've had a rough couple of years to say the least. In those two years I was laid off. The first felt freeing! I was able to really floor it when it came to my side business. While it didn't replace my full time salary, it helped me discover how freeing it was creatively and the joy I had in meeting new people across all different types of industries. More importantly I didn't encounter the same level of stress that I endured in my 15 years of employment like corporate politics, horrible bosses (most prevalent), being locked down at specific times of the day because (x) meeting begins at (y)...the list goes on.

To keep the lights on and bills paid following my first layoff I was fortunate to get a government contract role that was supposed to last for 2 years but I ended up getting let go around 5 months in. I was told the position was no longer needed but with these layoffs you never know what or who the cause is. IMO its a clean way for someone to get rid of somebody someone doesn't like but don't have a valid reason beyond that.

Here I am, feeling ""freed"" from the corporate shackles yet again and hopefully forever. If anything I feel like its the universe's way of nudging me back on the path of where I should be (""You didn't get it the first time?!""). I just feel weird not applying for a job and saying, ""There is no more jobs to apply for. We're gonna devote 100% to our business and succeed."". You definitely won't get the support from friends and family because the ""apply, get said job, leave said, get another job"" is all they know.

I was wondering if anyone had any advice on removing this fear from their mind and attacking life full force. As I continue to think to myself, I realize how much society has created such a phycological dependency on us with this being the only way as a means of living and any other path towards that is unheard of. It'll be my biggest life accomplishment ever to actually create a means of living for myself that replaces that of the norm and I think I'm almost there in terms of having that mindset. Would love some encouragement and more importantly your anecdotal experiences of making that leap (and hopefully succeeding). Thanks!

**PS:** I'm so grateful for the business I created during my first layoff as it continues to run and will provide me the means of sustainment if need be. My goal though is to protect those funds while establishing a few other businesses in the app space (I'm a software dev 🙂).",1755520328.0,0.74,17,0,DISCUSSION,TKB21,9,False,0,False,text
GetMotivated,1mt60r8,"[Discussion] Drop some wisdom you learned that impacted you hard, and where you learned it from.",79,https://reddit.com/r/GetMotivated/comments/1mt60r8/discussion_drop_some_wisdom_you_learned_that/,https://www.reddit.com/r/GetMotivated/comments/1mt60r8/discussion_drop_some_wisdom_you_learned_that/,We all have different moments at different times in our lives where we get hit with a overwhelming realization. Whether its about something you should or could be doing to be a better person or friend or family member or anything. And we all learn in different ways from different people things and places.,1755473277.0,0.96,79,0,DISCUSSION,Jquellz15,82,False,0,False,text
GetMotivated,1mteeot,[Discussion] Do you use any apps to track yearly goals (not habit trackers / daily trackers etc)?,10,https://reddit.com/r/GetMotivated/comments/1mteeot/discussion_do_you_use_any_apps_to_track_yearly/,https://www.reddit.com/r/GetMotivated/comments/1mteeot/discussion_do_you_use_any_apps_to_track_yearly/,"Recently, I found a list of life goals I had written ten years ago. I had abandoned most of them and progressed haphazardly on a few. We all know the power of compounding but when we don't visually see the progress bar of time, it is easy to lose track and not make efforts consistently. How do you guys work consistently towards a long term goal where the results may not be noticeable in the short-term?",1755498740.0,0.8,10,0,DISCUSSION,anyg_me,7,False,0,False,text
GetMotivated,1mslcn2,"Don't eat for health. Try a bunch of healthy foods, then eat for flavor [Text]",223,https://reddit.com/r/GetMotivated/comments/1mslcn2/dont_eat_for_health_try_a_bunch_of_healthy_foods/,https://www.reddit.com/r/GetMotivated/comments/1mslcn2/dont_eat_for_health_try_a_bunch_of_healthy_foods/,"It's like this expression, but applied to food: don't marry rich.

Hangout with rich people, then marry for love.

So often when people try to lose weight or be healthier, they try to eat only The Healthiest Thing, regardless of flavor.

The thing is - ""diets"" only work if you can be on them for *the rest of your life.*

Can you eat only things you don't really like for the rest of your life?

I know I certainly can't!

The fortunate thing though is that there are a bajillion healthy foods that you *actually* like.

Explore. Find those. Don't stop till you have a wide variety of meals and snacks that are healthy *and* delicious to *you*.

If they're healthy but not delicious, screw 'em. If they're delicious but not healthy, save them for special occasions.

If they're healthy *and* delicious to you? Perfection.

",1755418638.0,0.86,223,0,TEXT,katxwoods,29,False,0,False,text
GetMotivated,1msxng1,What Motivated Me to Show Up on My Yoga Mat Today! [Text],29,https://reddit.com/r/GetMotivated/comments/1msxng1/what_motivated_me_to_show_up_on_my_yoga_mat_today/,https://www.reddit.com/r/GetMotivated/comments/1msxng1/what_motivated_me_to_show_up_on_my_yoga_mat_today/,"*What motivated me to show up on my yoga mat today!*  

Some nights before bed, I decide I’ll wake at 4am, and I do. Other days I wake up much later, for reasons both genuine or lame.  

But come what may, I get on my mat daily for pranayama, asanas, and meditation. If I’m super late, I practice in the evening or night, even if it means skipping a meal or an outing.  

Because yoga gives me a deep cleanse of everything I gather through the day.  
Nothing motivates me more than the daily improvement I see in myself.  

It helps me:  

♾️Sharpen my focus  
♾️Clear distractions  
♾️Boost clarity, health, and immunity  
♾️Deepen self-awareness  
♾️Make conscious choices  
♾️Build better relationships, not just with others but with myself too  

Sometimes it even feels like yoga helps me see myself in everyone I meet.  

It leaves me with less time to dwell on the past and more time to be present. And in turn, it helps me save time for what truly matters: my well-being, my yoga.  

Sadhguru often says:  
“Do not do yoga for Life. Just do it today.”  
This learning has stayed with me.  

The benefits of yoga are too deeply imprinted to miss. Not just me, it subtly impacts those around me as well.  

And that’s why I got on my yoga mat TODAY 🙂 Did you?  

Is there something that keeps you from starting or staying consistent with yoga?  

Or if you have your own profound experience to share, do mention in the comments 🙏🪷🙇‍♀️♾️",1755453238.0,0.91,29,0,TEXT,Infinity_here,4,False,0,False,text
GetMotivated,1mstqfj,Gratitude vs. Ambition: How Do You Find the Balance? [Discussion],34,https://reddit.com/r/GetMotivated/comments/1mstqfj/gratitude_vs_ambition_how_do_you_find_the_balance/,https://www.reddit.com/r/GetMotivated/comments/1mstqfj/gratitude_vs_ambition_how_do_you_find_the_balance/,"I found this in my old notes app from my college days. It was something that helped keep me grounded and kind through a lot of ups and downs. Thought I’d share:
• The difficult job you complain about is someone else’s dream—they're still searching for work.
• The mischievous child who tests your patience is the dream of someone who longs for a child.
• The small, cramped house you feel stuck in is the dream of someone sleeping on the streets.
• The modest savings you stress over are the dream of those buried in debt.
• The health issues you find burdensome are the dream of someone facing a terminal illness.
• The fact that your mistakes aren't public knowledge is the dream of those constantly judged for their past.
• The peace of mind you enjoy, the restful sleep, the easy access to a warm meal—these are dreams for people living in war-torn regions.
It’s a reminder to appreciate what we have. Because really, none of us know what tomorrow holds.
At the same time, I often think about the flip side—how to stay grateful while still aiming higher. How do you balance being content with what you have, but still striving for more? Would love to hear your thoughts.",1755444175.0,0.92,34,0,DISCUSSION,AcrobaticWriter,5,False,0,False,text
GetMotivated,1msustq,How do I change the way I come look at learning/problem solving? [Discussion],11,https://reddit.com/r/GetMotivated/comments/1msustq/how_do_i_change_the_way_i_come_look_at/,https://www.reddit.com/r/GetMotivated/comments/1msustq/how_do_i_change_the_way_i_come_look_at/,"I always had trouble learning new concepts in school, but I always thought it was just because I had to and wasn’t truly invested. However I’ve been out of school for awhile now and since I still have no idea what to do with my life I’m trying to teach myself both how to draw and (less impressively) how to play mechanically challenging games like Street Fighter 6. 

I’ve realized that whenever I try to learn something the minute I hit a roadblock I become increasingly frustrated until I’m actually fully angry and questioning my self worth. I realize logically that it’s silly to tie your worth to a video game or your ability to draw a face but I can’t help how I feel, so I’m looking for advice to change how I come at problems. I want to be able to keep calm and learn from mistakes, and feel excited to improve when I fail or lose. Thanks!",1755446677.0,0.88,11,0,DISCUSSION,DisastrousAddendum0,8,False,0,False,text
GetMotivated,1mskg0y,"[Text] “Whether you think you can,or you think you cant your right.”Henry Ford.",10,https://reddit.com/r/GetMotivated/comments/1mskg0y/text_whether_you_think_you_canor_you_think_you/,https://www.reddit.com/r/GetMotivated/comments/1mskg0y/text_whether_you_think_you_canor_you_think_you/,"This simple sentence holds the secret formula behind every success story and every perceived limitation.

Your belief is the engine of reality creation.

It all comes down to a universal formula for manifestation and transformation

F = S · (I + A) · P · U

Where

F = Form, (your world) S = Self , Your pure “I Am,” the source of infinite possibility. I = Imagination ,The canvas where you paint what’s possible. A = Assumption ,The belief you accept as true, the lens shaping your world. P = Presence ,The power of now, focused attention in this moment. U = Unity ,Your connection with all that is, the infinite field of consciousness.

Henry Ford’s insight zooms in on the critical role of Assumption (A), your inner conviction about what you can or can’t do.

If you assume you can, your imagination and presence align with that possibility, and the universe mirrors back opportunities, courage, and results.

If you assume you can’t, no amount of external effort will break the invisible barrier created by that limiting belief.

In truth, your thoughts aren’t just reflections ,they are the architects of your reality.

So today, ask yourself What do I truly believe about myself and what’s possible? And remember ,your answer will be your reality.

Because, just like Henry Ford said, Whether you think you can, or you think you can’t ,you’re right. Remembering the Infinite",1755415267.0,0.58,10,0,TEXT,Opposite-Cut-9878,11,False,0,False,text
GetMotivated,1mrx6qn,[Story] A year ago I hit rock bottom. This week I finished a DARPA-funded engineering delivery. Here's how I clawed my life back.,85,https://reddit.com/r/GetMotivated/comments/1mrx6qn/story_a_year_ago_i_hit_rock_bottom_this_week_i/,https://www.reddit.com/r/GetMotivated/comments/1mrx6qn/story_a_year_ago_i_hit_rock_bottom_this_week_i/,"Not sure how to even write this so sorry if it's long or rambling...

About a year ago my life blew up - my daughter got taken across the country, I ended up hospitalized with depression, and honestly thought my engineering career was finished.

Somehow I clawed back. I reached out to my old professor at UIUC (was embarrassed to even message him tbh), and he helped me set up a PCB design workshop on campus. That one little moment kinda reminded me I wasn't done yet.

Fast forward 12 months...last week I delivered a PCB + firmware system for a DARPA-funded ISS experiment, standing back on that same campus - not as a student, but as a founder (tiny startup called Wagner Engineering I've been building in my spare time).

Still feels surreal. I'm still rebuilding my life. But I guess I wanted to share it because rock bottom felt permanent at the time...it wasn't. Sometimes it's just a messed up launch sequence.",1755355313.0,0.79,85,0,STORY,BearFanEngineer,11,False,0,False,text
GetMotivated,1ms69bo,[Discussion] How do you juggle practicing multiple passions?,18,https://reddit.com/r/GetMotivated/comments/1ms69bo/discussion_how_do_you_juggle_practicing_multiple/,https://www.reddit.com/r/GetMotivated/comments/1ms69bo/discussion_how_do_you_juggle_practicing_multiple/,"I find myself in this rut of trying to juggle having multiple passions I equally want to practice daily within a set amount of time without making me feel burnt out. It's art, music, animation, programming, and writing. That's it, yet it's a lot. Whenever I try to figure out a schedule by focusing on one aspect of the field (ie focusing on anatomy in art), it sucks the joy out of it due to how underwhelming and lifeless it feels. I do best when I work on multiple things at once.

Like say I wanna learn color and I also wanna learn anatomy in art, I learn best when I draw something that incorporates both as well as a third thing I don't know much about, then taking note of what I struggled with during the process so I can have something to work for.

But obviously doing that is time consuming. To really focus on something like that, it's time consuming. How do I fit time to practice all my interests? I tried to eliminate what I like the most but I couldn't, I am passionate and eager to learn all of them equally, I want to master all of them. The good thing is that these interests often go hand-to-hand together in projects so it's not like I'm directing my focus toward opposite interests that serve no purpose together.

What is the best routine for going about this?",1755375005.0,0.8,18,0,DISCUSSION,Ill_Conversation1580,5,False,0,False,text
GetMotivated,1ms7xa6,[Article] The electric fence stopped working years ago,13,https://reddit.com/r/GetMotivated/comments/1ms7xa6/article_the_electric_fence_stopped_working_years/,https://soonly.com/electric-fences/,"Walking past a house recently, I watched a dog refuse to leave his porch as the owner explained that the electric fence has been broken for years.  
  
It hit me, we're all trapped by fences that stopped working long ago.  
  
The mental model that being the first one to reach out to friends keeps us isolated. There are systematic flaws in our modern social protocols that cause smart people to miss social cues, or be afraid of initiating them. After analyzing hundreds of these invisible barriers, I've found that the people who break them aren't socially gifted, they've just realized how to move past the social conditioning that keeps us stuck on the porch.  
  
The electric fence has been broken for years.",1755378753.0,0.78,13,0,ARTICLE,-stroz-,3,False,0,False,text
GetMotivated,1mrt0ss,Discipline isn’t about waking up at 5AM. It’s about this brutal truth.,62,https://reddit.com/r/GetMotivated/comments/1mrt0ss/discipline_isnt_about_waking_up_at_5am_its_about/,https://www.reddit.com/r/GetMotivated/comments/1mrt0ss/discipline_isnt_about_waking_up_at_5am_its_about/,"Discipline isn’t about alarms, 5AM routines, or fancy planners.  
It’s about doing the thing you promised yourself you’d do even when nobody’s watching, even when you don’t feel like it. That’s the real separator, tbh.",1755345042.0,0.89,62,0,TEXT,RanFromCarbs,1,False,0,False,text
GetMotivated,1mrxiw8,[Discussion] Getting Motivated,13,https://reddit.com/r/GetMotivated/comments/1mrxiw8/discussion_getting_motivated/,https://www.reddit.com/r/GetMotivated/comments/1mrxiw8/discussion_getting_motivated/,"Most people think avoiding risk = security. But playing it small is a **bet on mediocrity**.

***What’s the boldest bet you’ve ever taken in your life? How do you get motivated for a long time?***",1755356065.0,0.88,13,0,DISCUSSION,ihealthahop,4,False,0,False,text
GetMotivated,1mr0n5v,Why working harder wasn’t the answer [Discussion],115,https://reddit.com/r/GetMotivated/comments/1mr0n5v/why_working_harder_wasnt_the_answer_discussion/,https://www.reddit.com/r/GetMotivated/comments/1mr0n5v/why_working_harder_wasnt_the_answer_discussion/,"Okay, so here’s my work life in a nutshell: I join a meeting, coffee in hand, determined to be fully present. Two minutes in, my brain goes: Wait, you better write that down or you’ll forget later, which is actually true keeping in mind my trash memory.  
So I start typing like a madman.

But then, while I’m busy writing one thing, someone says something important, and… boom. Gone. Missed it. even if I try to focus on listening? My notes look like: “budget… next Q?? something about marketing??”

And later, I’m staring at the page like… What the hell was I even trying to say here?

By the time I leave the meeting, I feel like I was technically there, but I didn’t actually catch everything. It’s draining. And honestly? It’s starting to mess with my confidence.

So, I tried something different last month. I set up this thing that just quietly records the whole meeting in the background and then spits out a clean set of notes afterwards. No scrambling, no Wait, can you repeat that? moments. Then just making my own written notes out of it so i have better clarity of the work.

Now, during calls, I just jot tiny keywords if something pops into my head, but otherwise, I can actually sit there and pay attention like a normal human. Game-changer.

Anyone else do this? Or have other ways to keep up without feeling like you’re running a marathon with your brain during meetings?",1755270689.0,0.82,115,0,DISCUSSION,Tiny_Habit5745,39,False,0,False,text
GetMotivated,1mr3rlx,"Title: [Text] Never ever forget , even for one moment , how truly Amazing you are 🗣️❤️",57,https://reddit.com/r/GetMotivated/comments/1mr3rlx/title_text_never_ever_forget_even_for_one_moment/,https://www.reddit.com/r/GetMotivated/comments/1mr3rlx/title_text_never_ever_forget_even_for_one_moment/,"Sometimes life makes us question our worth.
This is your reminder: you are enough, you matter, and you’re doing better than you think - because when life gives you 🍋 , you turn them into light — keep glowing and growing💪🏾
",1755277424.0,0.83,57,0,TEXT,Direct_Key_8480,11,False,0,False,text
GetMotivated,1mqzzfk,[discussion] How do you train the mind to work for yourself?,23,https://reddit.com/r/GetMotivated/comments/1mqzzfk/discussion_how_do_you_train_the_mind_to_work_for/,https://www.reddit.com/r/GetMotivated/comments/1mqzzfk/discussion_how_do_you_train_the_mind_to_work_for/,"

I don't know why my mind keeps wanting to stay in the comfort zone that it has become so hard to do simple things. I have become so I'm not even sure lazy procrastinating and constantly self-doubting. Even before doing something all I keep doing is self-doubting myself and asking myself. Will I get the desired results? If not there is no point in doing the work. Just this week I told myself I'm going to improve by getting a job and learning to drive but I have not done anything at all but chose to sit in my house and use the phone. I only applied two jobs and opened up tabs for jobs but I realized I have no luck. So I just closed my laptop and didn't even care to apply again yet. All I keep thinking and worrying about is that stuff. And I just keep asking myself why do I continue self-sabotaging? I told myself that I will go and ask my neighbor for few driving lessons. However, I am still procrastinating and overthinking. And get this weird thoughts. What if they say no or what if they? They asked about what I do and I have no answers ready. ",1755269272.0,1.0,23,0,DISCUSSION,Aj100rise,9,False,0,False,text
GetMotivated,1mr0byw,Rise Like a Champion [ARTICLE],8,https://reddit.com/r/GetMotivated/comments/1mr0byw/rise_like_a_champion_article/,https://www.reddit.com/r/GetMotivated/comments/1mr0byw/rise_like_a_champion_article/,"You were not born to simply live and die without purpose. You were born to fulfill a reason, to realize who you truly are.

There will always be people around you who want you to play small, who don’t want to see you rise, who secretly fear your growth. But none of that matters. The only thing that matters is **YOU**. You don’t owe anyone a life that fits into their expectations. You owe yourself to live a life that fulfills your own potential.

You are not here to walk toward your dreams—you are here to run toward them. To chase them with fire in your heart and courage in your veins. Because it is better to die standing tall than to live forever on your knees.

History doesn’t remember those who stayed quiet. It doesn’t write about the ones who gave up, or the ones who played it safe. History remembers the bold. It remembers those who dared to dream, who refused to surrender, who charged headfirst into the storm.

Success doesn’t come overnight. It moves slowly, painfully, inch by inch, day after day, year after year. You will sacrifice your time, your comfort, your energy—and it will still feel far away. But success is not just about what you achieve. It’s about your mindset. Your mentality. Your refusal to give in.

I don’t care how lonely you are. I don’t care how broke you are. What matters is that you never stop moving forward. Because true victory begins in the mind. First you win in your head—then, and only then, you win in reality.

So I’ll ask you one final time: do you want to live small, unnoticed and forgotten? Or will you rise and take your place among the champions?",1755270027.0,0.79,8,0,ARTICLE,Mustafa_Mercan,1,False,0,False,text
GetMotivated,1mpy4ej,[Image] Even the Darkest Night Will End and The Sun Will Rise - Victor Hugo,68,https://reddit.com/r/GetMotivated/comments/1mpy4ej/image_even_the_darkest_night_will_end_and_the_sun/,https://i.redd.it/meye6xyj1zif1.png,"
Image Description: the darkest night will end and the sun will rise",1755171389.0,0.97,68,0,IMAGE,Key_Student5240,2,True,1,False,image
GetMotivated,1mps0kr,[Discussion] How to get back in life after wasti your 20s.,118,https://reddit.com/r/GetMotivated/comments/1mps0kr/discussion_how_to_get_back_in_life_after_wasti/,https://www.reddit.com/r/GetMotivated/comments/1mps0kr/discussion_how_to_get_back_in_life_after_wasti/,"Hi, I'm 25F. After graduating school, i dropped out of college in a year when I was 18 (did completed the degree with a dummy college but it's kind of useless), and was preparing for a competitive exam which has 3 levels. After a few attempts, i clear 1st level at 20yo (which is already late compared to others), and I was progressing towards 2nd levels of the exam, due to personal life and family issues, depression started hitting, i became highly suicidal. All i did was sleep, eat and stare in the wall, and sometimes self harmed. Didn't even had the energy to lift a finger. Literally felt like a breathing corpse. Started feeling disconnected with the whole world, filled with regrets, fear and immense guilt, locked myself up in my room for years, absolutely wasted my early 20s, locking myself in my imaginary world to escape the harsh reality for momentary comfort and pleasure. Ever since the beginning of 2024 i started getting back to life a little and overcame my mental health slowly, and after all these years, I've decided to start preparing for my exam again, while I still feel disconnected with the world, and the world feels very fast for me, I feel so behind in life, and I don't understand anything that's going on outside in this real world. I'm trying to get to life and the real world, but it's too difficult, everything is very overwhelming. I'm barely managing to do basic hygienic tasks of daily life, idk how I'll grind and work in this world which is too fast paced for me. I'm in constant fear of how I'll survive in this world, thankfully currently I do not have pressure of earning despite being 25, but it won't long last, I'll have to start earning in a few years after clearing my exams. 

But.....how do you get back up after wasting so many important years of your 20s. How do you fight with the constant fear and anxiety. How do you get out of your comfort zone, without being too harsh on yourself. ",1755150275.0,0.89,118,0,DISCUSSION,Impressive-Help6039,90,False,0,False,text
GetMotivated,1mpv0gt,My naive idea for self-improvement and making the world better (with a bit of neurobiology) [Text],41,https://reddit.com/r/GetMotivated/comments/1mpv0gt/my_naive_idea_for_selfimprovement_and_making_the/,https://www.reddit.com/r/GetMotivated/comments/1mpv0gt/my_naive_idea_for_selfimprovement_and_making_the/,"Listen, I'm saying this not as a LinkedIn guru or lifestyle coach trying to sell you some super cheap life hack online course (only $200!) but as someone with a master's in neurobiology who was nevertheless super late with this realization.

Everything you consume literally rewires your brain. This isn't metaphorical. This is measurable, observable neuroplasticity happening in real time.

**How it works**

Every TikTok scroll? New neural pathway. Every rage-inducing political article? You're literally strengthening hate circuits. Every Netflix binge? You're training your attention span to crave constant stimulation while avoiding any moment of actual stillness.

**And the worst part**: you're not choosing this.

You're being fed. Not by yourself, but by algorithms that know you better than you know yourself. They know when you're lonely, when you're vulnerable, when you're ready to buy stuff, when it's the perfect moment to shift your political views just a little bit more.

And they're not evil, they're just trained the same way everything is trained, like we trained humanity and then humanity trained the systems: engagement, engagement, reward, reward.

And then Your brain gets stuck in ""everything is like this and will always be like this"" mode. But that's not true.

**Want to know what's actually amazing?** Changing your world is surprisingly simple. You just change your input.

Social media isn't the enemy. What we do with it is. Imagine if instead of fast fashion hauls and fake vacation pics (where everyone cried after but looked amazing in the moment), we used it to share actual wisdom, real emotions, genuine creativity.

You can choose ...you could follow artists, musicians, people who actually create and inspire instead of influencers selling you insecurity. You could reshape your feed toward creativity instead of consumption.

**We have more power than we think.**

Everything runs on engagement: news, social media, entertainment. It's all designed to keep you hooked, not informed or fulfilled.

But here's the thing: WE ARE THE ENGAGEMENT. So we can shift it. We can direct our engagement toward whatever we want. This doesn't just shape our brains toward more thinking, creativity, less panic and depression....it literally redesigns the world to be better.

I know it sounds naive, but often the most naive approaches have the most impact.

If humans became self-responsible about what they consume and how they think, most things that feel like ""the enemy"" would lose their power and become helpful again.

I tried this a few months ago. Was it weird at first? Absolutely. But surprise: the world is actually way more interesting than algorithms and phone addiction want us to believe. They just want attention, like everything else in life.

**Maybe it's time we gave ourselves some of that attention instead.**

Your brain is plastic. Your attention is valuable. Small changes in what you feed your mind can create big changes in how you feel and what kind of world we're all creating together.",1755160940.0,0.88,41,0,TEXT,LeadershipTrue8164,22,False,0,False,text
GetMotivated,1mp63c8,Life's gotten quiet. Too quiet. [Discussion],1033,https://reddit.com/r/GetMotivated/comments/1mp63c8/lifes_gotten_quiet_too_quiet_discussion/,https://i.redd.it/70d69zqursif1.jpeg,"Was married for 10 years. Divorced last year.

Used to be noise all the time - kids yelling about who took the last cookie, my ex humming while folding laundry, cartoons playing in the background even when no one was watching.

Now it's just… quiet.

Some nights I eat cereal for dinner. Some nights I don't eat at all. I just sit.

Tried drinking a bit more lately, but it's not really working. Numbs things for a bit, sure, but then it's back to square one.

Money's tight, don't have many close friends, and I'm not the best at opening up anyway. But I want to change. I just don't know where to start.

So I figured maybe the internet could help.

What's something cheap that gave you a little sense of purpose again? Something small that helped you feel human?
Image Description: a view of a lake from a high point",1755095508.0,0.96,1033,0,DISCUSSION,Specialist_Dot_2626,180,True,1,False,image
GetMotivated,1mpt0hm,[text] I try to self care but then I fail,36,https://reddit.com/r/GetMotivated/comments/1mpt0hm/text_i_try_to_self_care_but_then_i_fail/,https://www.reddit.com/r/GetMotivated/comments/1mpt0hm/text_i_try_to_self_care_but_then_i_fail/,"I am depressed and I can’t afford therapy. 
This week I tried working on my diet but I failed twice 

 I am over 37 and haven’t achieved much in life. I can’t seem to get a job and only get rejections since the year started. 

I really want to work on my weight. I gained crazy weight esp past few months and I don’t want to be like this in Halloween or new year. Looking at my self makes me more frustrated. 

I hate myself today. I can only go to gym twice  a week. How do I keep myself going? 
I tried going for walk but it’s too hot outside so it’s out of option for me prob till mid September until the weather cools down. I failed in life. What do I do now? My part time job pays my rent and that’s it. I don’t have family friends nearby. I feel like a big time failure when I look at myself today. I wanna get out of this ",1755153682.0,0.91,36,0,TEXT,Kaavu2022,15,False,0,False,text
GetMotivated,1mpxeyx,"I feel like giving up, I need some advice. [Discussion]",13,https://reddit.com/r/GetMotivated/comments/1mpxeyx/i_feel_like_giving_up_i_need_some_advice/,https://www.reddit.com/r/GetMotivated/comments/1mpxeyx/i_feel_like_giving_up_i_need_some_advice/,"

Good morning/evening.

It might sound like one of those post where people want to get out of there situation to build a better life, i am sorry.

I(20) am from India, still in high school because i couldn't complete it before. I have exams in 1-2 months yet i can't get myself to study because i rather be studying something else.

I have interest in maths, physics and neuroscience but I can't get a degree in them till i complete my school(12th grade) and by the time I'll complete my school I'll be 22. 

I hate living like this, doing things I'd rather not be doing. On the top of that, i am homeschooled. 

I don't know what I want to do in life or if I'll be able to make a living considering the low pay market in India, i also can't burden my family with study loan or studying abroad.

Everyday, i am living the same life, same routine for 5 years and i am so sick of it. I can't join something because my parents are overprotective and there's barely anything available and money.

I have nothing, money or skill and it's so tiring, these days I've been feeling myself rotting in bed which i usually don't. Yes i don't study for exams but I do study psychology from book pdf and youtube, learn physics and read history. But now, it's been a month since I did something. 

I know I need to study for my exams, I have 5 subjects yet i don't. Everything feels like it's falling apart and I am just watching.",1755169262.0,0.81,13,0,DISCUSSION,[deleted],9,False,0,False,text
GetMotivated,1mp7l58,From Solo to Squad: How I Finally Found My People [Discussion],213,https://reddit.com/r/GetMotivated/comments/1mp7l58/from_solo_to_squad_how_i_finally_found_my_people/,https://www.reddit.com/r/GetMotivated/comments/1mp7l58/from_solo_to_squad_how_i_finally_found_my_people/,"Man, I gotta be real with you for the longest time, I felt like the odd one out. Like, showing up to events or meetups and just standing there solo, watching groups of people already clicked and I was just... there.

I’d scroll through social feeds, see everyone hanging out, and wonder, Why can’t I find my people? or have friends to whom i can share tiny details of my day. It wasn’t that I didn’t try trust me, I did. But the usual small talk? It always felt forced AF. So… what do you do? Cool. Then awkward silence. Been there? Yeah, me too.

But here’s the thing after a few tries, I realized it wasn’t about finding just friends. It was about finding the right people who can like actually understand me fr. No pretending, no playing a role. Just real vibes like homiess

So, I switched up how I showed up. Instead of hunting for conversations, I started *listening* more. I looked for those little signs a laugh, a shared hobby, someone who wasn’t just chatting but actually connecting with mee\*.\* And boom, that’s how i found the real oness.

also i was a damn big introvert but what finally worked for me wasn't some big social event or networking mixer. It was something smaller, more intentional: a group that met weekly, same people, same time, with a little structure and guidance on what to actually talk about. There was no pressure to click right away. We weren't bonding instantly or becoming best friends overnight. But over 5-6 weeks, something shifted. Real conversations started to happen.

The consistency made all the difference. Seeing the same faces regularly, in a space where we were gently encouraged to open up, helped me move past the awkward small talk and actually get to know people. It wasn't flashy or dramatic but it was real. And that's what I was really looking for.

If you're lonely or new in town, try joining (or even starting) a small, recurring group book club, hobby circle, dinner rotation, whatever. Add a bit of structure and you'd be surprised how well it works.

Now, I’ve got a bunch of people who get my weird jokes, my mood swings, my caffeine addiction and I’m not just a name in their phone. We vibe. We support. We show up. If you’re feeling stuck solo, don’t sweat it. It’s not about quantity; it’s about quality. Keep showing up, but be real. Your people are out there, just waiting for you to find them.

And honestly? It feels damn good when you do.",1755098964.0,0.9,213,0,DISCUSSION,Tiny_Habit5745,26,False,0,False,text
GetMotivated,1mp6uzq,[Image] Live your dreams,136,https://reddit.com/r/GetMotivated/comments/1mp6uzq/image_live_your_dreams/,https://i.redd.it/had59mgcxsif1.png,"
Image Description: the entire point of life is to take chances on dreams",1755097294.0,0.95,136,0,IMAGE,Chandan28,3,True,1,False,image
GetMotivated,1mpci10,"Feeling lost in life and need some guidance, 31F. [Discussion]",65,https://reddit.com/r/GetMotivated/comments/1mpci10/feeling_lost_in_life_and_need_some_guidance_31f/,https://www.reddit.com/r/GetMotivated/comments/1mpci10/feeling_lost_in_life_and_need_some_guidance_31f/,"I feel like everywhere I turn, I feel stuck.

I am a high-functioning depressive. No drug addictions, alcoholism, or any related lifestyle that has completely derailed in my life, but I have had severe anxiety and depression since I was 16 that I've struggled with since I was young. This has manifested in several ways, the worst being taking a semester off of college because I had non-stop intrusive thoughts of suicidal ideation, and feeling worthless. I've been in regular therapy since, and through therapy, I was able to learn how to handle panic attacks, and extreme anxiety, however I'm still struggling.

After I graduated college, I worked my ass off and over the course of 7 years, what I thought would be several ""dream jobs"" ended up turning sour. Although I accomplished a lot, I dealt so much with manipulative bosses and bullying, and at some point I just became numb to it and turned into a bit of an auto-pilot workaholic. When you're accomplishment oriented, you're socially taught that ""that's just the way it is"" if you want that promotion, or want to move up.

It all culminated into my last corporate job, which was such a high pressure, stressful job (for everyone on the team, not just me -- the director who worked above me was getting constant grey hairs on the job) that I ended up throwing up while I was at work, and ultimately after 6 months, it was throwing up several times a day. I was lucky that my family saw my struggling and supported my choice to leave the job and rest before strategizing my next move.

Now, I run my own small business hoping I could be more in control of my life and hours, however it's so much more work and financial pressure than I thought it would be. I can't help but think -- wow, I'm in my early 30s, I didn't think I would be struggling so much or feeling so lost. I thought I would have things figured out, and be more at ease by now.

I look at other people and they seem like they're able to dust the anxiety off their shoulders, and deal with even more high pressure situations than I deal with. I worry that I'm not mentally strong enough for the world and I can't help but feel lost and not sure where to turn.

Any actionable advice is appreciated, please no bashing/hateful stuff.",1755109816.0,0.94,65,0,DISCUSSION,asphaltgreys,41,False,0,False,text
GetMotivated,1mpad3y,"[Text] Change starts within—build yourself, build your life.",32,https://reddit.com/r/GetMotivated/comments/1mpad3y/text_change_starts_withinbuild_yourself_build/,https://www.reddit.com/r/GetMotivated/comments/1mpad3y/text_change_starts_withinbuild_yourself_build/,"How much time do we spend trying to change the world around us? Chasing goals, fixing problems, trying to control outcomes. But real, lasting change starts within.

When you begin shaping your thoughts, your habits, your energy, something powerful happens. You start responding differently. You start showing up with clarity. And slowly, the life around you begins to reflect that inner shift.

It’s not easy. But it’s empowering to know that you don’t have to wait for everything to fall into place to start living better. You can start by working on you. There are many tools available like exercise, journaling, yoga and meditation. 

""When you are able to create yourself the way you want, you can create your life the way you want as well."" – Sadhguru",1755105134.0,0.94,32,0,TEXT,Euphoric-Welder5889,1,False,0,False,text
GetMotivated,1mpcmi4,Intrinsic Motivation: a deep dive [Article],9,https://reddit.com/r/GetMotivated/comments/1mpcmi4/intrinsic_motivation_a_deep_dive_article/,https://www.theseedsofscience.pub/p/intrinsic-motivation-a-deep-dive,"""The hypothesis that I’ll be pushing throughout this piece is that whenever I’ve found myself in one of these high-motivation life periods, I’ve unwittingly stumbled upon a rich vein of intrinsic motivation. It therefore stands to reason that if I want to understand these experiences – and how to create more of them – I need to understand intrinsic motivation.

As it turns out, intrinsic motivation looks to be an extremely delicate thing. Under the right conditions, it can be encouraged and drawn out of us; in the wrong conditions, it can be suffocated, stifled – maybe even killed.

Thankfully, there’s been an absolute mountain of research done in this area – mostly carried out under the rubric of Self-Determination Theory – and in this piece, I’m going to do a deep-dive on it all.""",1755110092.0,0.8,9,0,ARTICLE,LeatherJury4,0,False,0,False,text
GetMotivated,1moddue,[Image] Importance of Results,684,https://reddit.com/r/GetMotivated/comments/1moddue/image_importance_of_results/,https://i.redd.it/t1c1hsrk7mif1.png,"
Image Description: in this world no one notices your efforts your struggle no one notices your struggle no one notices your struggle no one notices your struggle no one notices your struggle",1755015988.0,0.91,684,0,IMAGE,Chandan28,51,True,1,False,image
GetMotivated,1mowotu,[Article] Own 100% of Your Story and Become the Hero of Your Life,28,https://reddit.com/r/GetMotivated/comments/1mowotu/article_own_100_of_your_story_and_become_the_hero/,https://www.reddit.com/r/GetMotivated/comments/1mowotu/article_own_100_of_your_story_and_become_the_hero/,"When you’re young, life feels like an endless adventure—friends, excitement, and dreams of adulthood.

But as an adult, reality hits hard: a job you might hate, a body you’re not proud of, and constant stress.

This isn’t the life you dreamed of.

But...

**You can change it.**

**The first step to changing it is taking full responsibility for your life.**

It’s not about blaming yourself for what’s gone wrong.

It's about owning **the power** to make it right.

Like the heroes in your favorite movies, you must accept that you’re the one who shapes your story.

No one else but you holds the cards.

Stop seeing yourself as a victim of circumstance. Instead, view every challenge as an opportunity to grow stronger.

...

If you think right now that your life is in this place because of circumstances and people, I know what you are feeling. I have been there as well.

Until I discovered the power of taking responsibility for my life, that is.

Then, everything shifted because I understood that I can decide what my reaction to things that happen to me. And I found power in that.

**Exercise that might be helpful to you:**

1. Write down one area of your life (health, relationships, work, or personal growth) where you’ve been avoiding responsibility. Commit to one small action to take control in that area today.
2. Reflect on a recent challenge. Instead of asking, “Why did this happen to me?” ask, “What can I do to turn this into an opportunity?”
3. Write for 5 minutes. Each morning, write down one thing you’ll take responsibility for that day (e.g., “I’ll make time for a 10-minute walk” or “I’ll have an honest conversation with a friend”).

What are your thoughts about it? Have you also found the power in taking ownership over your reaction to things in life?

If you are more interested in living life as a Hero - DM me ""Hero responsibility"" and I will provide free resources on this topic.",1755065619.0,0.73,28,0,STORY,DiffPath,20,False,0,False,text
GetMotivated,1mpdq05,[discussion] how do you know if something is right for you or is it just doubts?,0,https://reddit.com/r/GetMotivated/comments/1mpdq05/discussion_how_do_you_know_if_something_is_right/,https://www.reddit.com/r/GetMotivated/comments/1mpdq05/discussion_how_do_you_know_if_something_is_right/,I just can't decide on anything and my mind just gives everything negative feedback therefore I'm not even making a decision. It feels like the heart doesn't settle down on one thing. I'm not even sure at this point whether it's self doubts or anxiety or heart trying to say something. It's really a confusing feeling. You kinda feel overwhelmed and sad like you want to improve life but do you actually want to do that or your just saying it yourself to make yourself feel happy. Me and my siblings looked at few cities already and even talked to many people but it's like there is always this wrong feelings coming in the way. I'm not sure if the mind is trying to keep you in a familiar situation in comfort zone or get this feeling like what if it doesn't go well and we end up regretting moving somewhere. People say beginning will always be challenging. Choosing easy will only make it harder along the way. So choose the hard part. I really don't understand anything at this point ,1755112534.0,0.5,0,0,DISCUSSION,Lemonade2250,2,False,0,False,text
GetMotivated,1moi322,How do I manage feeling burned out? [Discussion],20,https://reddit.com/r/GetMotivated/comments/1moi322/how_do_i_manage_feeling_burned_out_discussion/,https://www.reddit.com/r/GetMotivated/comments/1moi322/how_do_i_manage_feeling_burned_out_discussion/,"I was unemployed for a year tried different things online like doing course found out it doesn't work for me 

I recently joined a design course offline around mid July and spending time their from 12pm to 6pm including travel.

Sometimes I feel burned out and waste time on phone after reaching home.I don't do anything after I reach  home.I sometimes waste time at mornings too 

How do I perform other learning activities so that I can get a  job/ atleast make me eligible to get a job in the upcoming months

Using phone much is a issue but I think I do it bcoz of feeling burned out.How do I cope up with the same?",1755026237.0,0.92,20,0,DISCUSSION,crazy_thoughts2910,6,False,0,False,text
GetMotivated,1mnyuig,[Image] Victory only!,155,https://reddit.com/r/GetMotivated/comments/1mnyuig/image_victory_only/,https://i.redd.it/8eeqz1vgkiif1.png,"
Image Description: i'm a winner, i'm going to win",1754971901.0,0.91,155,0,IMAGE,Key_Student5240,8,True,1,False,image
GetMotivated,1moxinc,Life of a working student and a breadwinner [Story],0,https://reddit.com/r/GetMotivated/comments/1moxinc/life_of_a_working_student_and_a_breadwinner_story/,https://www.reddit.com/r/GetMotivated/comments/1moxinc/life_of_a_working_student_and_a_breadwinner_story/,"I feel lost and anxious about returning to work. I have a chronic illness, I am the sole breadwinner in my family, and I am a full-time student. Most of the reason for my absences is my health condition. Over the past few months, I have not achieved perfect attendance due to this issue. My manager has already spoken to me about the need for improvement. I love my job, which is why I genuinely want to get better and am trying my best. However, each time I make an effort, my body lets me down. Last month, I promised that my goal for August was to have perfect attendance, but just a week ago, I developed a painful boil with pus that has made it difficult for me to walk and use the restroom (I am working onsite and wfh is not possible). Now, there are major changes happening in our office, and since I've been out, I am left behind. I am worried that this could lead to my being transferred to a different department. If that happens, it will conflict with my school schedule, and I have a feeling my manager is becoming frustrated with my constant excuses. I really do not know what to do anymore.",1755068648.0,0.5,0,0,STORY,Still_Water_1993,8,False,0,False,text
GetMotivated,1moc7ak,"How to feel better when you're being downvoted to oblivion, literally or metaphorically: create a ""confidence jar"". [Text]",15,https://reddit.com/r/GetMotivated/comments/1moc7ak/how_to_feel_better_when_youre_being_downvoted_to/,https://www.reddit.com/r/GetMotivated/comments/1moc7ak/how_to_feel_better_when_youre_being_downvoted_to/,"Being rejected *hurts.*

One of my favorite techniques to deal with rejection is to create a ""confidence jar"". It's really easy:

1. Whenever somebody says something nice and true about you and it really hits home, add it to a document. Your confidence jar. Also add any accomplishments you're particularly proud of, no matter how big or small
2. Re-read them when you're having a bad day 

Whether it's getting downvoted or banned on a sub, or rejected from yet another job application or by a potential romantic partner, or all of the other various ways you can feel rejected. 

We're evolved to feel and pay more attention to all of the bad things that happen, so it's helpful to have a way to proactively emphasize all of the positive that exists. ",1755013368.0,0.8,15,0,,katxwoods,1,False,0,False,text
GetMotivated,1mo4h9q,[Text] Leadership isn’t about doing it all it’s about empowering others,28,https://reddit.com/r/GetMotivated/comments/1mo4h9q/text_leadership_isnt_about_doing_it_all_its_about/,https://www.reddit.com/r/GetMotivated/comments/1mo4h9q/text_leadership_isnt_about_doing_it_all_its_about/,"I used to think doing everything myself made me a good leader.  
Truth is… it just made me tired and my team frustrated.

Delegation isn’t weakness. It’s trust. And it’s how you help other people grow.

Here’s what’s helped me get better at it:

1. Let go of perfect – If someone takes ownership, it’s better than it being “my way.”
2. Give the right tasks to the right people – Delegating isn’t dumping random work.
3. Set expectations, not rules – Be there for support, but don’t hover.

The goal isn’t to be the hero who saves the day.  
It’s to build a team full of heroes.",1754992590.0,0.92,28,0,TEXT,Difficult-Plate-8767,3,False,0,False,text
GetMotivated,1mnhkwy,small changes that made helped me break free from my screen addiction [Discussion],168,https://reddit.com/r/GetMotivated/comments/1mnhkwy/small_changes_that_made_helped_me_break_free_from/,https://www.reddit.com/r/GetMotivated/comments/1mnhkwy/small_changes_that_made_helped_me_break_free_from/,"

Alright, I gotta be real. I used to be that person — glued to my phone all day, scrolling like a zombie. Family dinner? Haha, nah. I’d be sittin’ there but my brain was straight-up somewhere else, stuck on my damn screen. My partner kept throwin’ shade, my kid stopped even trying to show me stuff ‘cause I wasn’t paying attention. I didn’t even notice how bad it got till someone straight-up said, Bro, you’re here but you ain’t really here.

That hit me like a truck.All those just 5 more minutes swipes? They added up and before I knew it, my relationships were takin’ a serious hit.

So I had to fix this mess. And no, I didn’t go hardcore like deleting apps or something crazy. I just started with some simple stuff that actually sticks:

First off, turned off all those annoying app notifications unless it’s something important, my phone’s quiet AF now.

Set up some no-phone zones like dinner table? Phones stay away. Also, no scrolling before bed ‘cause that messes with your sleep and mood.

Used the phone’s built-in timers and focus mode once I hit my limit, apps just block me. Sounds strict, but it works.

When I wanna scroll, I try to swap it out with something else like flipping a few pages of a book or just talkin’ to the fam.

Told my people I’m tryna be more present, so they call me out when I’m slippin’.

Look, I ain’t perfect  I still catch myself zoning out sometimes. But this stuff? It actually saved me from looking like a total ghost in my own house.

If your screen’s wreckin’ your vibe or your fam time, try these out. Ain’t about going cold turkey  it’s all about those lil’ wins.",1754929431.0,0.87,168,0,DISCUSSION,[deleted],31,False,0,False,text
GetMotivated,1mnr1af,"[Story] ""Read great works of fiction.""",39,https://reddit.com/r/GetMotivated/comments/1mnr1af/story_read_great_works_of_fiction/,https://www.reddit.com/r/GetMotivated/comments/1mnr1af/story_read_great_works_of_fiction/,"Here is a bit of motivational advice that was given to me during a milestone of my life, that I don't think the person realized would ultimately be transformative in my approach to life. This is both professional, and personal.

I am an exceedingly dry person, and something of a doomer, very much a work in progress. I constantly had thoughts of comparison, inadequacy, and concern, and was constantly so anxious that I'd have painful stomach aches every single day. I was functional, but not enjoying what I was doing. Still, achieving my goals and meeting my company and personal responsibilities remained of paramount importance. So I buckled up, go through university, and graduated early with an empty soul. On my free time, I read news, play history games, clean, and most of the books I owned were nonfiction history, philosophy, and political books. Some were practical books about cooking, writing, etc.

I intend to go back to school soon, but am currently in a gap year. One day, I made contact with an old professor, who's class I did very well in. I asked her for a letter of recommendation over lunch, and we had a pleasant conversation about the news, information, her work, and her story, as well as my path. I asked her a simple question geared strictly at developing myself as a worker and a student who could deliver results: ""During my gap year, what can I do to most help develop myself professionally?""

She said very calmly, ""Drop the 'professionally', How can you develop yourself? Read great works of fiction."" She didn't know what I read or what I do, so I asked her to explain more. She simply stated, ""The only way for you to understand my advice, is to follow it."" She would not even define ""great works of fiction"". Her advice was simply, read great fiction.

So, I did. I read the classics, Dostoevsky's ""Crime and Punishment"", Camus's ""The Plague"", Steinbeck's ""The Pearl"", ""The Things they Carried"", niche books like John William's ""Stoner"", Cervantes's ""Don Quixote de la Mancha"", among tens of more. Short books, long books, hard books, easy books. Some I loved, some I DESPISED, and some I only partly enjoyed. Then, I started reading those genres I didn't before. Biographies, opinions, motivational books, creative writing, the bible. I read many books I would never even LOOK at in the book store. Slowly, that turned into me listening to music I didn't think I'd like, doing hobbies I didn't like I'd like, such as journaling, or fishing. I listened to podcasts. Talking to people I would never talk to, gangsters, professionals, homeless men, drunkards. I began to do so many things, people asked if I was having a crisis. 

I learned things from these books I would never learn in essays or newspapers. Lessons so beautifully and elegantly written as though they were real life, in a way no elder in my life could have conveyed. I learned things about bravery, about sadness, about death and depression, about happiness, I learned about how to love, and how to not love, what hate is, and how to forgive. How to find passion for work, what matters in life, and how to enjoy small things in life. In a sentence, the word ""the"" means so little, but it makes sentences make sense. In the same way, saying ""Good morning"" to a stranger on the train, might mean so little in the moment, but it could add so much richness to your life if you make this stranger a friend, a brother, a lover. 

Nonfiction can teach you about the world and society, but fiction can teach you about your soul, how to discover your heat. You learn how to feel when you couldn't before, how to be adventurous, how to reinvent yourself, or at least, how to breathe new life into your tired brain, and weary heart. Today, I am a better person, but never a perfect person. I learned from Raskolnikov, why I should let my friends be in the intimate parts of my life. I learned from William Stoner how to persevere in your life and relationships when the icy road of progress is rough. I learned from Don Quixote, to be delusional and certain you can do anything, even when the entire world is telling you not to. I learned from Kino that family and community, matters more than a pearl and money. Because of their lessons, I learned from musicians that art doesn't take one form, I learned from fishing that patience pays, and nature is sacred. I learned from the homeless man to moderate, and I've learned from public servants I've met, to be humble, even when you should brag. I learned from Jesus, that sometimes its better to love and forgive others, and yourself, instead of sneering, planning, and darkening your heart with bad thoughts. Perhaps, that is why he tells us we should not fear, whether you believe in him or not. 

I'll always be a work in progress, so will you. Fiction encouraged me to do the things, I would have never done. Characters became friends, I will never be able to thank. Your brain needs imagination, and your heart needs love, just as your lungs need air, and your veins need blood. If there is one small piece of advice I wish to give anyone who hear this, who needs this, who is struggling, and who is crying, I BEG you to hear the words of a woman, to whom I owe so much, and she will never know it:

Read great works of fiction. Read. Great. Fiction. 

God bless.",1754950647.0,0.84,39,0,STORY,GermanyIturbide,5,False,0,False,text
GetMotivated,1mow88k,[Image] What makes you a gentleman?,0,https://reddit.com/r/GetMotivated/comments/1mow88k/image_what_makes_you_a_gentleman/,https://i.redd.it/o6za1euz5qif1.png,"A tailor who stitches cloth stylishly for you to wear and look like a gentleman

OR

A master who helps you stitch your character, that makes you a gentleman

Think and decide...
Image Description: what makes you a gentleman?",1755063928.0,0.25,0,0,IMAGE,ishwarjha,17,True,1,False,image
GetMotivated,1mncchq,Half-Dozen Rules for Success [Text],25,https://reddit.com/r/GetMotivated/comments/1mncchq/halfdozen_rules_for_success_text/,https://www.reddit.com/r/GetMotivated/comments/1mncchq/halfdozen_rules_for_success_text/,"I've consumed countless hours of content on self-development/entrepreneurship; it all comes down to a half-dozen rules for success:

# 1. Be David Blaine

Like David Blaine, you have the power to trick minds. But it comes with a kicker - it works best only with YOURS. Trick your mind and become a winner in your own thoughts. ""Believe in yourself"" might sound like an old cliché, but it's not. You are the foundation. Only you can start the engine.

# 2. Read Books

As Will Smith said, ""There’s no new problem that someone hasn’t already had and written about it in a book."" But here's a caveat: reading books won't make you successful unless you take consistent action. Put the knowledge into practice. We're living in a world in which execution trumps everything. Read, think, and take action.

# 3. Exercise

A weak body yields a weak mind. Exercise at least 3 times a week. You will feel good about yourself, think clearly, and make better decisions. Don't skip exercise.

# 4. Reach For The Moon

Dream big and reach for the moon. That's why setting goals is so crucial. It took me a long time to realize that, but if you don't write down your goals - they don't exist. And don't be afraid to set the bar high. It's OK because the purpose of a goal is not to achieve a result but to inform the person you want to become. Jim Rohn put it this way, ""The major value in life is not what you get. The major value in life is what you become.""

# 5. The ONE Thing

What's your ONE Thing? For Michael Phelps it was swimming, so he spent 6 hours in the water every single day. For Arnold Schwarzenegger it was bodybuilding, so he trained 6 hours a day, 6 times a week. James Patterson - it's all about writing, so he writes for around 6–7 hours every day. Michael Jackson, ""King of Pop"", practiced dancing in front of a mirror for 6–8 hours. Every day.

The ability to focus on ONE Thing consistently will have the biggest impact on your success (MONOGAMY). Say 'NO' 99% of the time to protect your ONE Thing. Kenneth Cole sums it perfectly, ""Success has less to do with what we can get ourselves to do and more to do with keeping ourselves from doing what we shouldn’t.""

# 6. Do Your Best

More than expected. Always.

John Wooden said it best, ""Success is peace of mind, that is a direct result of knowing that you've done your best at becoming the best you are capable of becoming.""

\---

Print this out and keep it close by as a daily reference.",1754917278.0,0.79,25,0,TEXT,xshapira,8,False,0,False,text
GetMotivated,1mo97f3,[Discussion] Hi r/GetMotivated! I’m testing an idea: WhatsApp delivered daily inspiration + reflections (just 1–2 sentences) to start every morning with a lift of positivity. Would you sign up for something like this?,0,https://reddit.com/r/GetMotivated/comments/1mo97f3/discussion_hi_rgetmotivated_im_testing_an_idea/,https://www.reddit.com/r/GetMotivated/comments/1mo97f3/discussion_hi_rgetmotivated_im_testing_an_idea/,"We’re bombarded by apps, feeds, and notifications all day. I want to cut through that noise — one short, uplifting WhatsApp message each morning. No apps, no scrolling, just 10 seconds of calm inspiration you’ll always read. Would anybody sign up for something like this? I'm trying to get some feedback. Thanks :) ",1755006426.0,0.33,0,0,DISCUSSION,CurryMonsterr,3,False,0,False,text
GetMotivated,1mmnmdl,"My family never encouraged me onanything so i painted a tiger that says ""GO GET 'EM TIGER"" [Image]",673,https://reddit.com/r/GetMotivated/comments/1mmnmdl/my_family_never_encouraged_me_onanything_so_i/,https://i.redd.it/2iumcbvl28if1.png,"I have no self esteem, no training in art or anything but I made this and love to watch it every morning. Hope it inspires you too. 
Image Description: a painting of a tiger with glasses and a sign that says go get em tiger",1754844834.0,0.96,673,0,IMAGE,Venice_man_,45,True,1,False,image
GetMotivated,1mmusqx,[Text] 4 years of leg injuries. Walked 30000 steps today,156,https://reddit.com/r/GetMotivated/comments/1mmusqx/text_4_years_of_leg_injuries_walked_30000_steps/,https://www.reddit.com/r/GetMotivated/comments/1mmusqx/text_4_years_of_leg_injuries_walked_30000_steps/,"Just wanted to share this as I'm super happy about this. I've been dealing with chronic injuries and problems in my legs for several years, and even after seeing 2 different physiotherapists and having a healthy & protein rich diet, I kept reinjuring from the most random things (that other people wouldn't). 

My biggest issue has been a tear on my right foot which had made it often hard to walk for long periods (1+ hour) as it would reinjure very easily and when that's the case I can't walk much as it would make it worse obviously.

Anyway, I've still got a long journey to go to get back to where I was (very fit), but I managed to walk 30k steps today, after I had hit 20k a few months ago and then things went downhill again. This feels like a significant milestone to me.

My closest ""friend"" once told me ""you're imagining your issues"", which was crazy to me as physiotherapists confirmed it. So I'm just here to share it as there's nowhere else for me to share it with.

Thanks for reading this if you made it so far :)",1754861571.0,0.97,156,0,TEXT,highway_season,19,False,0,False,text
GetMotivated,1mmgxcf,[text] Started with nothing but hope,340,https://reddit.com/r/GetMotivated/comments/1mmgxcf/text_started_with_nothing_but_hope/,https://www.reddit.com/r/GetMotivated/comments/1mmgxcf/text_started_with_nothing_but_hope/,"A year ago, I was cycling through Montreal at 2 AM on my electric bike, delivering someone's McDonald's order for $4.50. My legs were freezing, my phone was dying, and I kept telling myself 'this is temporary'. But I had this weird talent, I could spot beautiful home decor pieces that everyone loved. My friends always asked where I found stuff for my place. I'd spend hours online hunting through suppliers, finding these unique pieces from Italy, Morocco, Turkey... wherever beautiful things were hiding. One night, exhausted from deliveries, I thought: what if instead of delivering other people's food, I delivered these beautiful pieces I keep discovering? I started small. Found a gorgeous lamp, bought it, photographed it, sold it online. My first warehouse was literally my bedroom. Instead of cycling to restaurants, I was cycling to the post office, shipping treasures I'd found from different countries. The turning point came when I had to choose: accept another Uber delivery request, or spend time sourcing new products. I chose my products. Months of late nights scrolling through suppliers, learning about shipping, customs, photography... everything. 4 months ago, I opened my physical store and yesterday, a customer said to me 'you have such a good eye for beautiful things.' I'm still cycling around Montreal, but now it's to ship amazing finds instead of delivering burgers. Sometimes dreams start with just trusting what you love.",1754827806.0,0.96,340,0,TEXT,Aggressive-Cookie356,19,False,0,False,text
GetMotivated,1mmqae1,Is there anyone who doesn't get motivated by anything or anyone? [Text],77,https://reddit.com/r/GetMotivated/comments/1mmqae1/is_there_anyone_who_doesnt_get_motivated_by/,https://www.reddit.com/r/GetMotivated/comments/1mmqae1/is_there_anyone_who_doesnt_get_motivated_by/,How do you feel about not getting motivated by anything or anyone? Are you someone who is not impacted by others around you progressing in their lives?,1754850992.0,0.98,77,0,TEXT,Ok_Bumb,42,False,0,False,text
GetMotivated,1mmkfqp,"[Text] You don't have to ""Embrace the Suck"" to succeed.",55,https://reddit.com/r/GetMotivated/comments/1mmkfqp/text_you_dont_have_to_embrace_the_suck_to_succeed/,https://www.reddit.com/r/GetMotivated/comments/1mmkfqp/text_you_dont_have_to_embrace_the_suck_to_succeed/,"As post people probably know, there's often this ""bad feeling"" around stuff you want to do, stuff you feel like you need to do, stuff you feel like you should do, but stuff you still haven't done. Lots of times that feeling is called ""the suck"". And I've heard time and time again that if you want to succeed you need to ""embrace the suck"".

Basically, the argument is that you have to go straight into that bad feeling if you want to succeed.

But recently I realized something that really helped me become way more productive: You don't have to embrace the suck at all.  
  
""The suck"" sucks! It's terrible. I hate it and I want it destroyed. And I can use how much I dislike ""the suck"" to motivate myself.

Because you just have to realize that avoidance of whatever, doesn't reduce ""the suck"", but it grows it. Avoidance grows that awful feeling. And just sitting down and trying to do whatever you've been avoiding, it diminishes the feeling. By stopping avoidance, you aren't ""embracing the suck"", you are riding yourself of it.

That's the insight that's helped me, realizing that the icky feeling isn't waiting for me when I go to that which I've been avoiding, but rather it waiting for me in the avoidance, and riding myself of the icky sucky feeling is what waits for me the moment I simply let go of the avoidance.",1754837214.0,0.83,55,0,TEXT,esotericGames,15,False,0,False,text
GetMotivated,1mmcv2q,[Text] You are the power,21,https://reddit.com/r/GetMotivated/comments/1mmcv2q/text_you_are_the_power/,https://www.reddit.com/r/GetMotivated/comments/1mmcv2q/text_you_are_the_power/,"The Secret Isn’t Manifesting. It’s Remembering.

You’re not waiting for your dream life. You’re remembering it.

You’re not becoming someone new. You’re remembering who you are.

The love you seek, it’s already you,The peace you crave, your Already it, The abundance you imagine,its Already yours.

You’re not trying to change reality You’re tuning into the version where it’s already true.

Like picking a song on a playlist. You don’t write the music ,you just press play.

This isn’t magic. It’s memory.

Your desire isn’t something you have to create. It’s already on the menu of existence.

You’re not here to cook it from scratch. You’re here to choose it.

All possibilities exist now. All versions of you are already alive. And you? You’re the chooser.

Stop striving. Start remembering.

It was never lost. It’s just been waiting for you to remember.

Just become aware of what already is

Remembering the Infinite ",1754812996.0,0.8,21,0,TEXT,Opposite-Cut-9878,10,False,0,False,text
GetMotivated,1mlsokf,[Text] You’re not behind. You’re just on a different timeline.,316,https://reddit.com/r/GetMotivated/comments/1mlsokf/text_youre_not_behind_youre_just_on_a_different/,https://www.reddit.com/r/GetMotivated/comments/1mlsokf/text_youre_not_behind_youre_just_on_a_different/,"Some people graduate at 22 and struggle for years.
Some graduate at 35 and find success immediately.

Some marry their high school sweetheart and get divorced.
Some marry at 50 and stay together forever.

Some find their passion early.
Some find it after trying a hundred things.

Stop using someone else’s clock to measure your life.
You’re not late. You’re not early.
You’re just on your own time.",1754754556.0,0.96,316,0,TEXT,Fit_Dimension9564,26,False,0,False,text
GetMotivated,1mlnj77,It's a Process [Image],232,https://reddit.com/r/GetMotivated/comments/1mlnj77/its_a_process_image/,https://i.redd.it/h0sz3hvlfzhf1.png,"
Image Description: you'll end up copying something, but it's usually copying something to be beneficial to creating something",1754740230.0,0.94,232,0,IMAGE,Key_Student5240,4,True,1,False,image
GetMotivated,1mlqixz,The 3 Part Life Cycle That Became My Bible & Keeps Me Alive and Growing [Text],33,https://reddit.com/r/GetMotivated/comments/1mlqixz/the_3_part_life_cycle_that_became_my_bible_keeps/,https://www.reddit.com/r/GetMotivated/comments/1mlqixz/the_3_part_life_cycle_that_became_my_bible_keeps/,"Alright, its my Most Valuable Post and I call it my bible . I’ve been chasing this answer for years and now I have finally got some good knowledge & experience to share on it. Please read it completely, i dont care of votes.

# Innateness -> This is the stuff you’re born with: instincts, temperament, natural talents, the way your brain just is. Some people have an inbuilt love for numbers, some for people, some for sports, so its your foundation. Learning to recognize your natural patterns is actually not that hard if you are actually interested and determined to. You don't need to know everything just something that you can work on. Don’t think “it’s natural for me” means “it’s perfect.” as raw talent without refinement turns into arrogance or stagnation. 

# Self-exploration -> This is going out of your comfort zone to see who you really are under pressure, in new places, in success, in failure and most people hate it and run from it. Try stuff, fail at stuff, travel, read, talk to people completely different from you. 'Break your own habits sometimes just to see what’s on the other side'. Don’t get stuck in “I’m still figuring myself out” mode forever. Self-exploration without action is just daydreaming and dont care of what others may think while you try and fail.

# Self-expression -> This is the final and most important part where it involves Taking what’s inside you and making it visible in art, work, conversations and the way you live. This is where you actually touch other people’s lives. Speak, create, share, help. Show the world the version of you that feels authentic after you’ve explored. In this part you will actually somewhat feel more peaceful about what you do and you will have the presence that inspires others to move. BUT If it turns into “look at me” instead of “this is me,” you’ll lose authenticity and start performing for validation instead of living your truth.

# The Cycle: Innateness -> Self-exploration ->Self-expression -> back to refining your innateness.          Each one feeds the next. Over-focus on one and the whole thing collapses.

# Why This Hit Me

We often think morals, truths, and “good ways to live” are absolute. But even “good” things can go wrong in certain contexts. Like telling the truth is usually the moral thing to do… unless a murderer’s asking where someone’s hiding. Then lying is actually the right move.  
Same with these 3 pillars they’re all “good,” but the situation decides the balance.

I’m sharing this because I’m right on the verge of living this fully not just knowing it in theory.  
If you’re stuck, burnt out, or just existing on autopilot, maybe check your cycle:                                      Are you stuck in self-expression without self-exploration? Are you clinging to your “natural self” but never challenging it? Are you exploring forever without expressing?

Just find your answers and dont stress if it takes time because this is what life is about.                         Once you start running this cycle consciously, life will stop feeling like a random mess and start feeling like your own damn story.

Remember,                                                                                                                                                 Reset, Restart & Refocus as many times as you want because you are on your own greatest project.",1754749030.0,0.92,33,0,TEXT,aeryskaein,10,False,0,False,text
GetMotivated,1ml1iah,I finally broke my 7-hour screen time habit and it feels unreal [Discussion],868,https://reddit.com/r/GetMotivated/comments/1ml1iah/i_finally_broke_my_7hour_screen_time_habit_and_it/,https://www.reddit.com/r/GetMotivated/comments/1ml1iah/i_finally_broke_my_7hour_screen_time_habit_and_it/,"So… my phone used to be the first thing I touched in the morning and the last thing I saw before sleep. My average screen time was literally7+ hours. I used to wake up and already have a phone in my hand? And used to scroll while laying on bed (and one hour already gone) no doubt why I was annoyed most of the times ofc of the over usage of the phone.
 Even if i was working idk how did i still end up using my phone for 7+ hrs.

Half the time, I didn’t even remember what I opened my phone for, I’d just end up scrolling random reels, news, memes… repeat. One day, I checked my screen time stats and saw I’d spent 21 hours in 3 days on my phone. That freaked me out. Like, that’s almost a full day of my life… gone in just scrolling. Like my thumb had a muscle memory of its own??

What I did wasn’t revolutionary, but it worked:

- I put all my distracting apps in one folder and named it do You Really Need This?
-putting phone in the grayscale mode, yes that works no one wan look at the screen without no color.
-giving my phone to my mom or brother while I was working or doing some imp work, just to keep the accountability.
- Set a 15-min daily limit for social media (and actually stuck to it)
- Started replacing morning scrolling with anything like be it stretching, journaling, even just making coffee while listening to music
- Left my phone in another room for a couple hours a day, put in a room completely out of your reach or somewhere at a distance. You wouldn't automatically wan stand up and get that (and if you get that urge, take it as a warning sign my friend)

It’s been 3 weeks, and my screen time is down to 2.5–3 hours.

I’m reading more, I feel less anxious, and my brain doesn’t feel like it’s in “refresh mode” all the time.

Not saying it’s easy, but the first few days are the hardest  after that, you start noticing how much more time you have.

If you’ve been wanting to cut down your screen time, start small. Even an hour less a day adds up faster than you think.",1754674211.0,0.97,868,0,DISCUSSION,[deleted],68,False,0,False,text
GetMotivated,1ml0acm,"Carl Weathers' answer to the last question of his last interview (1/30/2024).  ""Any advice?""",941,https://reddit.com/r/GetMotivated/comments/1ml0acm/carl_weathers_answer_to_the_last_question_of_his/,https://v.redd.it/zp8c6zbpqthf1,"This is from the golf podcast *Chasing Scratch.*  Carl gave a fantasic interview:  he was positive, energetic, humble, and told great stories.  The entire episode is worth a listen, but I've included just his answer to the final question to keep it under the sub's 3-minute limit.

They interviewed him on Tuesday, January 30th, 2024 and released it on Friday morning, Feb 2nd.  Hours later, the news came out that he had passed away.  They took down the episode out of respect for Carl's family and re-released it a few weeks later.  ",1754671460.0,0.98,941,0,,neetoday,39,False,0,False,text
GetMotivated,1ml4lmc,I failed to quit Instagram 5 times. This is what finally worked [Discussion],107,https://reddit.com/r/GetMotivated/comments/1ml4lmc/i_failed_to_quit_instagram_5_times_this_is_what/,https://www.reddit.com/r/GetMotivated/comments/1ml4lmc/i_failed_to_quit_instagram_5_times_this_is_what/,"I’ve been fighting a battle with my phone for a while now more specifically, with short-form content like Instagram reels.

I’ve tried everything:

Deleting the app completely ✅

Telling my friends I’d deleted it so they’d hold me accountable (and so I’d feel the “shame” if I went back) 😅

Making public promises that “this time will be different” 💪


And guess what? None of it lasted more than 15 days. I’d always find myself reinstalling, scrolling “just for a minute” … and suddenly it’s 2 AM.

But this time, I’m doing something different. Instead of making it a “willpower war,” I’ve changed the battlefield:

I deleted Instagram but instead of going completely cold on all entertainment, I’ve switched to YouTube long-form content.
The idea is simple:

1. Replace fast dopamine hits with slower, deeper, more thoughtful stuff.


2. Once I’m comfortable without short-form content, I’ll start reducing screen time overall.



It’s not the perfect end goal yet, but it’s a sustainable step. And honestly, it already feels better. I’m learning things, my attention span is improving, and I’m not stuck in that endless scroll loop.",1754681287.0,0.78,107,0,DISCUSSION,dhith,59,False,0,False,text
GetMotivated,1mldket,[text] habits to add to my routine,11,https://reddit.com/r/GetMotivated/comments/1mldket/text_habits_to_add_to_my_routine/,https://www.reddit.com/r/GetMotivated/comments/1mldket/text_habits_to_add_to_my_routine/,"I consider myself new to adopting new habits, I've only been planning the next day for a week and I've already felt a little less overwhelmed during the day. I have only put reading (twice, day and night) and meditating (also twice a day) into my routine, but I feel like I have a lot of free time left that I use scrolling.

PS: I also want to know whether to get up at 6 AM to study something that I like but I'm not passionate about. It's worth it?",1754704637.0,0.8,11,0,TEXT,victiun_09,5,False,0,False,text
GetMotivated,1mlbh1i,Through this iron sky[Text],10,https://reddit.com/r/GetMotivated/comments/1mlbh1i/through_this_iron_skytext/,https://www.reddit.com/r/GetMotivated/comments/1mlbh1i/through_this_iron_skytext/,"To those who can hear me, I say, do not despair
The misery that is now upon us is but the passing of greed
The bitterness of men who fear the way of human progress
The hate of men will pass, and dictators die
And the power they took from the people will return to the people
And so long as men die, liberty will never perish
Don't give yourselves to these unnatural men
Machine men with machine minds and machine hearts!
You are not machines, you are not cattle, you are men!
You, the people, have the power to make this life free and beautiful
To make this life a wonderful adventure
Let us use that power!
Let us all unite!
**Charlie Chaplin**",1754698588.0,0.82,10,0,TEXT,EliesKalamonw,2,False,0,False,text
GetMotivated,1mkpnml,[Text] You don’t need a ‘big break.’ You just need to stop ghosting your own progress.,102,https://reddit.com/r/GetMotivated/comments/1mkpnml/text_you_dont_need_a_big_break_you_just_need_to/,https://www.reddit.com/r/GetMotivated/comments/1mkpnml/text_you_dont_need_a_big_break_you_just_need_to/,"Most of us aren’t failing because we lack talent or opportunity.
We’re failing because we keep abandoning the small things that actually work.

We’ll start a workout, miss two days, and then never go back.
We’ll write two chapters, then let the draft rot in Google Docs.
We’ll eat healthy for a week, then ghost the meal plan like it owes us money.

It’s not that the path doesn’t work—it’s that we keep leaving the path.

The truth? Progress doesn’t ghost you.
It’s always there, exactly where you left it.
You can pick it back up today.
No big break needed.",1754641481.0,0.92,102,0,TEXT,Fit_Dimension9564,4,False,0,False,text
GetMotivated,1mkhth9,[Text] I have no logical reason to feel this depressed.,315,https://reddit.com/r/GetMotivated/comments/1mkhth9/text_i_have_no_logical_reason_to_feel_this/,https://www.reddit.com/r/GetMotivated/comments/1mkhth9/text_i_have_no_logical_reason_to_feel_this/,"On paper, my life is great. I have a good paying stable job that I enjoy doing. I get 5 weeks of vacation. I don't drink or smoke, no drugs. I workout regularly, eat healthy and in general I am in very good shape.

However, my social life is non-existent. Especially during vacation. I have no friends outside of work. I am dreading going back to the office on monday, when everyone will be asking what I did during vacation. The truth is I basically spent it at home in my apartment or working out. I haven't traveled or gone on any adventures. 

I am not blaming anyone for my social isolation. It's 100% my own making. People try to reach out, but I feel overwhelmed even when I'm supposed to reply to a text, so I ghost everyone. I fear letting people in my life. 

I feel like my life has no direction. Like I'm just waiting to die. ",1754615627.0,0.94,315,0,TEXT,VolitupRoge,130,False,0,False,text
GetMotivated,1mkbq7f,[discussion] how do you remove this feeling of I can't I do anything ?,74,https://reddit.com/r/GetMotivated/comments/1mkbq7f/discussion_how_do_you_remove_this_feeling_of_i/,https://www.reddit.com/r/GetMotivated/comments/1mkbq7f/discussion_how_do_you_remove_this_feeling_of_i/,I always tell myself I'm going to do this and that but end up not doing anything. As if I've become careless and don't care about my priorities. I only really get anxious when shit hits the fan like last minute. I don't realize and value the importance of time. My brain just keeps living in autopilot despite I'm aware of it but I'm physically not doing anything to take control of it. Days months and years pass by yet im still in the same spot as I was before. Why do I keep feeling frozen overwhelmed scared or something. It's like I'm never believing in myself and being this strong minded person ,1754599972.0,0.97,74,0,DISCUSSION,Aj100rise,48,False,0,False,text
GetMotivated,1mk44ua,[Story] I have been avoidant and that’s exactly what’s been killing my productivity,113,https://reddit.com/r/GetMotivated/comments/1mk44ua/story_i_have_been_avoidant_and_thats_exactly/,https://www.reddit.com/r/GetMotivated/comments/1mk44ua/story_i_have_been_avoidant_and_thats_exactly/,"The night before, I know the next day’s going to be packed with meetings, new tasks that needs my attention, and a company-wide presentation I should be preparing for. Every time my schedule looks like this, I tell myself, “I should start early, be productive, and get ahead.”

But the moment I wake up? I go through my phone notifications. Scroll on social media. Share memes/reels to my friends. And next thing I know, I am an hour deep into brain rot videos, still wrapped in my blanket like a burrito, while my responsibilities wait patiently to ruin my afternoon.

And the guilt hits hard, because I know better than this, but knowing isn’t the same as doing.

So, out of frustration of how lazy and undisciplined I have become, I tried to understand myself… I self-reflected, if there’s something wrong with me that I’m unaware of, where is this behavior coming from.

And then I realized, I’m not being lazy… I’m trying to avoid the pressure that came with work. he fear of messing up. The mental load of thinking, “What if I can’t deliver?” So instead of facing that discomfort, I’d distract myself. Numb it out with memes, messages, and noise.

And slowly I realized, every time I delayed my tasks, I was just dragging out the anxiety, even making it worse.

Understanding that changed everything. I stopped aiming for perfect productivity and focused on what I can do.

So far, what I changed from my routine was:

I placed my phone out of reach. I stopped placing it under my pillow. I placed it on my desk, I have to get up to grab it. 

The first 20 minutes, I get ready for the day. It keeps me moving. 

When it’s time for me to jibble in, I just check my task list, and then do each task slowly yet efficiently. I don’t scramble anymore like there’s a dog coming after me. 

But I have to be honest with you, the moment I reward myself and let myself scroll after the first task? Sometimes.. no most of the time, I slip into the void again. 

Even so, I am still proud of myself, I procrastinate way less now because I’m not relying on willpower alone. And I know, this isn’t a rare problem.",1754582750.0,0.94,113,0,STORY,mariaclaraa1,14,False,0,False,text
GetMotivated,1mj7mo5,How do you get your motivation back when you feel quietly depressed and stuck? [Discussion],391,https://reddit.com/r/GetMotivated/comments/1mj7mo5/how_do_you_get_your_motivation_back_when_you_feel/,https://www.reddit.com/r/GetMotivated/comments/1mj7mo5/how_do_you_get_your_motivation_back_when_you_feel/,"Hey. I don’t really know how to word this, but I’ve been in a weird headspace for a while. It’s like I’m silently drowning nothing dramatic on the outside, but inside I just feel… numb, unmotivated, unhealthy. I keep putting things off, even stuff I actually want to do. And underneath it all is this constant fear of failing or disappointing people. Or myself.

I haven’t been taking care of myself properly either mentally or physically. I keep thinking I’ll start tomorrow, but tomorrow just… keeps not happening.

If any of you have been through something like this and found a way out, even a little how did you do it? What helped, even in small ways? I’m not expecting a magic fix, but it would mean a lot to hear how others have handled this kind of quiet burnout. 

I think I could achieve a lot in my life if I could get over these issues.",1754493841.0,0.99,391,0,DISCUSSION,[deleted],106,False,0,False,text
GetMotivated,1mj6i6g,What’s the best way to track life goals? [Discussion],91,https://reddit.com/r/GetMotivated/comments/1mj6i6g/whats_the_best_way_to_track_life_goals_discussion/,https://i.redd.it/8p3m0lpbvehf1.jpeg,"
Image Description: goals goals everywhere",1754491296.0,0.93,91,0,DISCUSSION,EMILZARI,20,True,1,False,image
GetMotivated,1miyt3j,[Text] There are people out there you haven’t met yet who will love you.,271,https://reddit.com/r/GetMotivated/comments/1miyt3j/text_there_are_people_out_there_you_havent_met/,https://www.reddit.com/r/GetMotivated/comments/1miyt3j/text_there_are_people_out_there_you_havent_met/,just a thought I guess,1754467734.0,0.98,271,0,TEXT,rayQuGR,41,False,0,False,text
GetMotivated,1mireuh,"Feeling no joy or motivation at work, am I alone? [Discussion]",411,https://reddit.com/r/GetMotivated/comments/1mireuh/feeling_no_joy_or_motivation_at_work_am_i_alone/,https://www.reddit.com/r/GetMotivated/comments/1mireuh/feeling_no_joy_or_motivation_at_work_am_i_alone/,"I'm 45M and feel like I shouldn't complain about my life but I cannot get my s**t together when it comes to work. I have a good, stable mid-management job. Salary is not bad, work from home 4 days of the week, people trust me, I actually think I'm good at what I do but I can't do it.

One minute, while participating in a meeting, I'm there contributing, sharing ideas, dictating the pace. 2 mins after the meeting is over I start feeling this dread. Don't want to do anything and couldn't care less. I just care enough to not get fired.

I had a burnout about 2 years ago and was never the same after but the thing is: feeling like this bothers me. At the same time, I can't get myself motivated or organized.

At home, I also have no joy in doing the things I onced loved. It seems like an endless rut.

For context, I'm starting therapy again to see if it helps.

Am I alone feeling like this? How do you keep yourselves going?",1754443304.0,0.96,411,0,DISCUSSION,zeroandy00,132,False,0,False,text
GetMotivated,1min8rt,[text] I just want to be strong and confident like before but today I am broken and lost,71,https://reddit.com/r/GetMotivated/comments/1min8rt/text_i_just_want_to_be_strong_and_confident_like/,https://www.reddit.com/r/GetMotivated/comments/1min8rt/text_i_just_want_to_be_strong_and_confident_like/,"I am feeling so lost in life and I feel like I am in a dark place today. I am near my 40s.

I spent 15 years with my ex who I gave everything to and at the end he made me feel like I am not good enough (he cheated and replaced me with the one he had affair with). Today I did put myself together but feeling so behind in life and career. A lot of things happened these past 5 years- got laid off due to covid, then got a job which I had to quit because I was depressed post breakup. I wasn’t in a good mental state after I felt broken.

Today I am trying to lose weight and trying to get jobs again but the job market and being 38 I am struggling to get a job. For every 1,000 jobs I apply I get a call or assessment. The market is too competitive. 
I do regret dating my ex I felt used after all those years. I really loved him and he took advantage of that. Being my 1st relationship maybe I was naive. I thought I would be married and have family by now but not sure if I can be a mother at 39/40. 

I really wanna start over again in life but not sure where to go. I really need to get back the confidence again. I just paid my rent and I have $50 in my account. I work at a store and it’s enough to pay utilities and rent. I don’t have family nearby.  
I really want to get out of this situation and I want to start making enough so I can save each month. I really want to get a full time job, I really want to be fit again (working on this currently with meals and workout). 
I really want to turn my life around but I wish I believed in myself. 
",1754432381.0,0.96,71,0,TEXT,Kaavu2022,10,False,0,False,text
GetMotivated,1micq46,[Text] “Destiny is not a fixed destination – it is what you create.” - Sadhguru,53,https://reddit.com/r/GetMotivated/comments/1micq46/text_destiny_is_not_a_fixed_destination_it_is/,https://www.reddit.com/r/GetMotivated/comments/1micq46/text_destiny_is_not_a_fixed_destination_it_is/,"Destiny isn’t something that’s fixed like you may have heard. It’s actually something that you create by your hard work. You create your own destiny by showing up everyday and refusing to quit. Whatever you are doing for your own wellbeing and personal growth - work, yoga, meditation, exercise is all something that helps you create your future. There are many things you can do, but it’s important to have a self-improvement routine. What is your routine?",1754408697.0,0.8,53,0,TEXT,Euphoric-Welder5889,22,False,0,False,text
GetMotivated,1mi8wc5,Aiming for perfection could be both a motivator or a demotivator [Text],14,https://reddit.com/r/GetMotivated/comments/1mi8wc5/aiming_for_perfection_could_be_both_a_motivator/,https://www.reddit.com/r/GetMotivated/comments/1mi8wc5/aiming_for_perfection_could_be_both_a_motivator/,"I've come to realize the perfectionism can be both a source of motivation (to try and acheive you goal and perfectly as possible) and demotivator (insane amount of pressure and unreasonable expectations or criteria for failure).

It is very easy to fall into the perfectionism mindset trap where ""good"" is only perfect results (i.e not missing a single workout day, arriving on time every single time, etc..) and everything else is ""bad"".

While it can foster discipline and motivation to chase these goals and give you everything you got. it is dangerous and counter productive to develop such a black and white criteria for good and bad.

A single failure can easily throw you off and demotivate you instead of being a source of learning through acceptance and trying better the next time.

It's important to realize that humans and life are not perfect, so holding yourself up against a perfect criteria is unreasonable and damaging. There will be countless numbers of things over the years that will affect your ability to perfectly acheive your goals everytime and that is fine.

The better mindset is a dynamic one that strives to do better, uses failing as a stepping stone to success and knows how to navigate the intricate balance between rigours of your goals and the chaos of life.",1754399710.0,0.82,14,0,TEXT,CalendarLow5266,2,False,0,False,text
GetMotivated,1mhkjo8,"""On your journey you are never denied, only redirected"" [Text]",36,https://reddit.com/r/GetMotivated/comments/1mhkjo8/on_your_journey_you_are_never_denied_only/,https://www.reddit.com/r/GetMotivated/comments/1mhkjo8/on_your_journey_you_are_never_denied_only/,"Quote by Catriona Gray, Miss Universe 2018.

The only quote that still motivates me everytime i read this.",1754330038.0,0.92,36,0,TEXT,Rajput_hu,3,False,0,False,text
GetMotivated,1mi8cmw,Can’t write [text],1,https://reddit.com/r/GetMotivated/comments/1mi8cmw/cant_write_text/,https://www.reddit.com/r/GetMotivated/comments/1mi8cmw/cant_write_text/,"Y'all please help me

I've been thinking that I want to write for a couple of days now, but I just can't bring myself to do it. I've written before, so it's nothing new to me. I don't know why. Lack of motivation? High expectations? Fear of failure? Why can't I just open the document...

I have a subtle idea of what I want to write. It's not constructive, but I think it's not the case; I could probably work it out while already writing.",1754398310.0,0.54,1,0,TEXT,_____Anonymus______,5,False,0,False,text
GetMotivated,1mgn3cn,Life is short. Don't forget to try to enjoy the ride. [Image],1708,https://reddit.com/r/GetMotivated/comments/1mgn3cn/life_is_short_dont_forget_to_try_to_enjoy_the/,https://i.redd.it/5drshpt7wtgf1.png,"
Image Description: life is strange you arrive with nothing, spend your whole life chasing everything and leaving nothing, make nothing more than your hands, make nothing more than your",1754237323.0,0.99,1708,0,IMAGE,ellierwrites,14,True,1,False,image
GetMotivated,1mh4ahm,[Text] You’ve Survived Every Bad Day So Far,143,https://reddit.com/r/GetMotivated/comments/1mh4ahm/text_youve_survived_every_bad_day_so_far/,https://www.reddit.com/r/GetMotivated/comments/1mh4ahm/text_youve_survived_every_bad_day_so_far/,Even the days you thought you couldn’t handle… you made it through. That’s proof you’re stronger than you think. Keep going—you’ve got a 100% survival rate.,1754282691.0,0.97,143,0,TEXT,Fit_Dimension9564,17,False,0,False,text
GetMotivated,1mh2ofq,[discussion] why do people feel weak when they don't understand what they want in life?,60,https://reddit.com/r/GetMotivated/comments/1mh2ofq/discussion_why_do_people_feel_weak_when_they_dont/,https://www.reddit.com/r/GetMotivated/comments/1mh2ofq/discussion_why_do_people_feel_weak_when_they_dont/,I always feel so weak as if I already accepted defeat before a challenge. I feel unmotivated confused overwhelmed and somewhat intimidated as I have low self esteem. It's like everybody by my age have secured stable jobs. They have college degree and some even have business. It's like their life is setup meaning I haven't even taken one step toward greatness. Because I'm just confused in the step one process. I keep observing others and overthinking trying to find out okay what steps do I need to take. My current goal was to go college again in hopes to secure my future because I feel that working unskilled jobs in fast food and retail isn't going to take me far in life. Anyways I don't feel happy working those jobs. I always liked the idea of working remote or even office jobs sorta. But in order to even get that I need to learn skills and possibly go college. But I don't know how to do my research. What kind of career path to look into. Whom to connect with. ,1754277493.0,0.96,60,0,DISCUSSION,Lemonade2250,18,False,0,False,text
GetMotivated,1mgh1at,Don't talk yourself out of it. Talk yourself into it. [image],545,https://reddit.com/r/GetMotivated/comments/1mgh1at/dont_talk_yourself_out_of_it_talk_yourself_into/,https://i.redd.it/gopita0ajsgf1.png,"
Image Description: a woman is holding a dumbbell and saying don't talk yourself out of it",1754220893.0,0.92,545,0,IMAGE,katxwoods,18,True,1,False,image
GetMotivated,1mgehg9,Do it for you [image],141,https://reddit.com/r/GetMotivated/comments/1mgehg9/do_it_for_you_image/,https://i.redd.it/irxuz9jbqrgf1.png,"
Image Description: do it for you poster",1754211153.0,0.96,141,0,IMAGE,katxwoods,2,True,1,False,image
GetMotivated,1mgnmnt,[Discussion] can a person really move on from someone they genuine love?,34,https://reddit.com/r/GetMotivated/comments/1mgnmnt/discussion_can_a_person_really_move_on_from/,https://www.reddit.com/r/GetMotivated/comments/1mgnmnt/discussion_can_a_person_really_move_on_from/,"In my case, my boyfriend have emotionally abused me to a point where at one moment I thought when we breakup for awhile that life is not worth living, thanks to god I just get thought for some moment, It’s been almost one year but like I feel like I can’t get over him, at times I feel like I have, But I don’t think I miss him but I do miss the times when he treated me good at times, but I seriously want to move on, Healing is not linear but will I be able to find someone who will genuinely love me after whatever happened with me? Please be Kind, it’s a sensitive topic for me 

EDITED : Want to thank everyone individually for being so kind here and your advices are so helpful tbh, i have just turned twenty so any advices will be welcome ",1754238652.0,0.8,34,0,DISCUSSION,Ok_Application_5147,34,False,0,False,text
GetMotivated,1mfrqzf,"Feed your mind crap, feel like crap [image]",2111,https://reddit.com/r/GetMotivated/comments/1mfrqzf/feed_your_mind_crap_feel_like_crap_image/,https://i.redd.it/uqu4vul88mgf1.png,"
Image Description: two pictures of a brain and a fork with a fork and knife",1754144535.0,0.84,2111,0,IMAGE,katxwoods,155,True,1,False,image
GetMotivated,1mgjxb5,[text] how can I get out of this damn cycle?,23,https://reddit.com/r/GetMotivated/comments/1mgjxb5/text_how_can_i_get_out_of_this_damn_cycle/,https://www.reddit.com/r/GetMotivated/comments/1mgjxb5/text_how_can_i_get_out_of_this_damn_cycle/,"I seriously have no idea where I am going in my life. 

For context, I am 21, haven't completed my high school yet(which I will by the end of this year) and I am homeschooled. I also draw and have been learning for 3-4 years now (from yt and books). 

But honestly, I am weak at all things except making drawings(not bad but not good either). 

I have arguments with my parents almost every time we talk(i live with them) and can't leave till I get a job.

Apart from drawing, i don't have any skills. Thanks to ai, i am more fked now. Tho I don't have any addictions like tiktok or smoking or games, I do deal with blankness. Not sure if it's the right word but I get so blank every time I am faced with a decision or open a book. Adhd? I don't know, I can't afford a psychiatrist right now. 

I don't want to live the way i am living right now. I wake up at 9am, clean my room, help mom in the kitchen for breakfast and lunch, try to study, get overwhelmed, close the book, go for a walk, come back and draw, help mom with making dinner, have dinner, watch the show i was watching and sleep.

That's how I've been living for the last 6 years and it's fken tiring, i am so tired of myself. I don't want to compare myself to others because everyone has their own struggle but I can't help it sometimes. The me who is 21 now is the same as the me who was 16.

I want to get ahead of the me i am rn now but I don't know how. I have exams in 2 months yet i can't open the damn book. I want a job but I don't know what I want to do, what skill to learn. I have so many things I want, so many things I want to be, to learn yet it feels like time is slipping and I am unable to move.

I've read dozens of post, saying to start small and I had tired yet it didn't happen. I really don't know what I am going to do.",1754229482.0,0.81,23,0,TEXT,Low-Forever5528,42,False,0,False,text
GetMotivated,1mfsp1n,Just do it no matter what [Image],814,https://reddit.com/r/GetMotivated/comments/1mfsp1n/just_do_it_no_matter_what_image/,https://i.redd.it/7p2sb4bgfmgf1.png,"
Image Description: glennon doyle quote",1754146942.0,0.99,814,0,IMAGE,johnnysinsmd1,17,True,1,False,image
GetMotivated,1mg1638,[Text] You must develop the ability to be disliked in order to free yourself from the prison of other people's pinions.,152,https://reddit.com/r/GetMotivated/comments/1mg1638/text_you_must_develop_the_ability_to_be_disliked/,https://www.reddit.com/r/GetMotivated/comments/1mg1638/text_you_must_develop_the_ability_to_be_disliked/,You must develop the ability to be disliked in order to free yourself from the prison of other people's opinions.,1754168435.0,0.96,152,0,TEXT,khaksar3g,16,False,0,False,text
GetMotivated,1mfrpje,"Not my circus, not my monkeys. Don't let other people's issues dictate your own priorities. [image]",448,https://reddit.com/r/GetMotivated/comments/1mfrpje/not_my_circus_not_my_monkeys_dont_let_other/,https://i.redd.it/8e1kmc1u7mgf1.png,"
Image Description: your mind is not a toilet other people crap doesn't belong there",1754144430.0,0.96,448,0,IMAGE,katxwoods,9,True,1,False,image
GetMotivated,1mg39yf,[discussion] why is social exposure important to build confidence?,39,https://reddit.com/r/GetMotivated/comments/1mg39yf/discussion_why_is_social_exposure_important_to/,https://www.reddit.com/r/GetMotivated/comments/1mg39yf/discussion_why_is_social_exposure_important_to/,"I guess the only way to build self esteem and confidence is social exposure. Which I've been avoiding all my life no wonder why I suck at socializing, building relationships with others, always feeling confused and lost as if I'm living life without a purpose. Many times people have told me your too innocent and naive. I didn't really know what they meant by that but I guess they meant I'm slow at everything and not really like a go getter active sorta person. I feel bad when people tell my insecurities that I've been hiding from others but they do notice by the way your living life. How your posture is. What kind of job or education you have. They notice how much you progressed over the years or just remained stegnant like me ",1754174053.0,0.89,39,0,DISCUSSION,Lemonade2250,16,False,0,False,text
GetMotivated,1mfu34r,[Story] Can you get shit done...just because it would be kind of funny?,30,https://reddit.com/r/GetMotivated/comments/1mfu34r/story_can_you_get_shit_donejust_because_it_would/,https://www.reddit.com/r/GetMotivated/comments/1mfu34r/story_can_you_get_shit_donejust_because_it_would/,"I’m currently going through a college course that I’m struggling with, and I’m a lazy slacker that procrastinates everything till the last moment, but I’m getting to a better place bit by bit. But I was considering, isn’t it a bit funny for a slacker to just get up and do shit?

So I did an experiment to gauge my free will.

I took a look at the mess on the top of my dresser, and really considered what it was that stopped me from cleaning it — could I really just will myself to stand up and clean that mess?

Just a few days ago, I kind of was thinking about how funny it would be to play troll logic with my brain, and go against the usual logic of building upon small steps.

My logic kind of went into the idea that if I have free will, just to say fuck you to the universe, I can take a decision to become a super studious, active, disciplined person, just because it’s such an inherently absurd funny act that I wouldn’t really see coming out of myself. I just spent the entire day cleaning out my messy-as-fuck room not because I was motivated, but just because I kind of could, even though I’m inherently a messy person. It’s… kind of absurd.

How’d it go? Well, it was tough. My body was taken by surprise. It kept protesting that it wasn’t playing videogames or getting hit with dopamine from scrolling. I felt cranky and was cursing, I could feel my monkey mind protesting, and I realized those were my limitations in their actual form, staring back at me.

The thing was...if I just let myself feel that way — why would I stop my work just to avoid these negative emotions and seek pleasure again? They’re just a part of me like everything else. I went to bed feeling tired asf, even though secretly I knew I did the right thing.

The next day at work I was kind of tired, sleepy, kind of miserable. But after I came back home and opened my room door, I felt like crying because of how beautiful my room looked, like something I could enjoy and live in, neat and liveable.

I think I’ll keep it that way! Maybe today I’ll finish my programming homework just because I tend to always leave it to the last minute. It would be kind of funny if I just submitted it a day early, right? How long would this burst of motivation last? A week? A month? Well, as long as I tell myself that I can make the choice just because I can, then why not?

If I wake up early every morning, make myself a healthy breakfast, and go for a walk, just because the absurdity of it might make God or the universe laugh, then why not?",1754150406.0,0.96,30,0,STORY,Kompanion,6,False,0,False,text
GetMotivated,1mfblxo,Is comparison really a thief of joy? [Text],32,https://reddit.com/r/GetMotivated/comments/1mfblxo/is_comparison_really_a_thief_of_joy_text/,https://www.reddit.com/r/GetMotivated/comments/1mfblxo/is_comparison_really_a_thief_of_joy_text/,"The number one reason that you compare yourself, is because deep down you know you're capable of doing more.

That ache that you feel when you see somebody else living your dream life, that's not jealousy.

That's your potential calling out to you.

EDIT: Looks like no one got the point in the comments smh",1754090985.0,0.71,32,0,TEXT,[deleted],19,False,0,False,text
GetMotivated,1mfm7w2,Where to get motivational sound bites from? [Discussion],4,https://reddit.com/r/GetMotivated/comments/1mfm7w2/where_to_get_motivational_sound_bites_from/,https://www.reddit.com/r/GetMotivated/comments/1mfm7w2/where_to_get_motivational_sound_bites_from/,"I'm working on some music edits and need **short motivational sound bites** (2–10 seconds long), preferably **voice-only with no music or effects**. But I can remove music using vocal isolator software if needed.

Any recommended sites, libraries, playlists, collections, etc.? Thanks!",1754126321.0,0.63,4,0,DISCUSSION,Screeper,2,False,0,False,text
GetMotivated,1mf6dkn,Snowball Effect: How Tiny Initial Actions Break Mental Blocks and Build Massive Momentum [Text],48,https://reddit.com/r/GetMotivated/comments/1mf6dkn/snowball_effect_how_tiny_initial_actions_break/,https://www.reddit.com/r/GetMotivated/comments/1mf6dkn/snowball_effect_how_tiny_initial_actions_break/,"Today I had to do a full packing session because I’m shifting back to university tomorrow. The amount of stuff to pack felt so much, I just kept lying around, avoiding it. I wasn’t even tired, just mentally blocked.

And I realized:
The idea of the task was heavier than the task itself.
I made the work look so huge in my head that it became impossible to even start.

This happens with so many things.

You think about climbing a hill, and all that comes to mind is the effort it’ll take, how far it is, how exhausting it might be. So you don’t even move.

You overthink that one conversation you have to make with a person, playing out every scenario before it even begins and never end up talking.

You imagine an entire study session, a long workout, or a big clean-up job and it all feels too much. But the truth is, the first small action breaks that loop. Just arranging the study table and sitting down, just wearing your gym clothes & pack up the bag or just start the cleaning work with only one small area. 

Today, I just stood up and started with arranging jeans. That’s it, no pressure and once I did that, I just kept going and finsihed the whole packing session. 

Similarly there are tons of small works that we have to do and thats been pending for a long time but we just keep procrastinating by just thinking of doing, even those small tasks. 

The key is is don’t wrestle the whole monster in your head. Just poke it with a stick. The shift of state of mind is mainly important that breaks the stress mode.
Start small and let momentum build the rest. Trust the snowball effect. 


",1754077800.0,0.93,48,0,TEXT,aeryskaein,13,False,0,False,text
GetMotivated,1mezbrj,[discussion] Why is the beginning always so hard ?,18,https://reddit.com/r/GetMotivated/comments/1mezbrj/discussion_why_is_the_beginning_always_so_hard/,https://www.reddit.com/r/GetMotivated/comments/1mezbrj/discussion_why_is_the_beginning_always_so_hard/,"
I guess my entire life I've never challenged myself to do hard things and I always ran away from my problems. I would easily get overwhelmed confused and tensed when fear or confusion rises. Despite being an adult I don't feel like the adult in the household. I seem to keep throwing life decisions on others as if I'm too dumb to make my own life decisions. I'm not taking anything seriously but all I do is worry and overthink about my life and my family situation. I don't understand why do I have low self esteem and don't reach out to people for advice and guidance. Why do I keep continuously suffering inside. My siblings want to move on in life because both parents passed away. They said let's move to another place and start our journey. But I keep overthinking like will we afford the cost of living. Are we gonna land jobs. Will we get adjusted to the weather. Are we gonna end up feeling regretful of our decisions. So because of all this overthinking, I simply can't decide on anything. I don't think I'm being accountable and being this reliable strong independent capable smart person. I just don't know what is holding me back",1754061674.0,0.91,18,0,DISCUSSION,Aj100rise,11,False,0,False,text
GetMotivated,1mel7r9,[Discussion] Best motivational book nomination mega thread,69,https://reddit.com/r/GetMotivated/comments/1mel7r9/discussion_best_motivational_book_nomination_mega/,https://www.reddit.com/r/GetMotivated/comments/1mel7r9/discussion_best_motivational_book_nomination_mega/,"I want to build a mega thread for the best motivational books because honestly, this subreddit deserves its own go‑to list. When I first got into self growth, I had no clue where to start, and friends just kept tossing random titles at me. Some of those books genuinely flipped a switch in my head and made me see life differently. So I’m sharing the ones that helped me most, and I’d love for everyone else to add theirs so newcomers have a solid library to start from.

* turn pain into meaning: ""[Man’s Search for Meaning](https://www.goodreads.com/book/show/4069.Man_s_Search_for_Meaning?from_search=true&from_srp=true&qid=wlGT7vNO6x&rank=1)*""* by Viktor Frankl, a psychiatrist and Holocaust survivor, shows how meaning can be found even in the worst suffering. Honestly life‑changing. This book will shift your perspective on struggle forever.
* stop waiting for motivation and start acting: ""[The War of Art](https://www.befreed.ai/book/the-war-of-art-by-steven-pressfield)*""* by Steven Pressfield calls procrastination “Resistance” and treats it like a real enemy. He’s a novelist and screenwriter, so he’s been in the trenches. This book made me realize action comes first, motivation follows. Insanely good wake‑up call.
* rewire your mindset by questioning everything: ""[The Courage to Be Disliked](https://www.befreed.ai/book/the-courage-to-be-disliked-by-ichiro-kishimi)*""* by Ichiro Kishimi and Fumitake Koga explains Adlerian psychology in dialogue form. The idea that your past doesn’t define you literally made me rethink everything. Best book I’ve read on freedom and control.
* build discipline through small promises: ""[Make Your Bed](https://www.goodreads.com/book/show/31423133-make-your-bed?from_search=true&from_srp=true&qid=kx5FGZOI0o&rank=1)*""* by Admiral William H. McRaven started as a viral commencement speech. Sounds simple, but connecting small daily habits to survival and resilience hit different. Short, sharp, and it changed how I start my mornings.
* break the cycle of self sabotage: ""*The Mountain Is You""* by Brianna Wiest has been everywhere for a reason. It explains self sabotage in a way that feels painfully real but freeing. Felt like therapy in book form.

And like, the best lecture contest here was pretty successful, so I think r/getmotivated needs a recommended book list for people new to the community. 

So in this thread, **please nominate a motivational, inspirational, or practical self improvement book that changed your life**. Through voting rounds we can build the ultimate starter list together.",1754016703.0,0.93,69,0,DISCUSSION,luckkyyy4ever,10,False,0,False,text
GetMotivated,1mdckfv,"Real self-improvement starts lonely, when you get serious, not when you get inspired. [Story]",206,https://reddit.com/r/GetMotivated/comments/1mdckfv/real_selfimprovement_starts_lonely_when_you_get/,https://www.reddit.com/r/GetMotivated/comments/1mdckfv/real_selfimprovement_starts_lonely_when_you_get/,"A year ago, in the middle of a freezing winter during my first year of college, I got tired of feeling lost. While others pulled all-nighters for exams, I finished my syllabus quickly and started running at 1, 2 &3 AM. Then from next sem, I began waking at 5 AM daily and ran  2–3 km to my college sports complex in the bone chilling cold to work out.

I had no hobbies, no passion, only video games. So I picked up piano. I started learning German. I read books, followed strict diets, pushed myself through boxing, taekwondo, skipping, flipping. I was doing everything, but I didn’t know why. I wasn’t chasing a degree. I wasn’t chasing money. I wasn’t chasing approval. I was chasing myself and it felt like no one around me could relate.

When summer break came, I swore I’d figure myself out. I tried business, content, MMA but nothing felt like “me.” I still haven’t found the final answer. But helping strangers on my own and different subred with what I’ve learned brings me a happiness I can’t explain. One kind comment is enough to keep me going.

This isn’t a success story. I haven’t ""made it"" yet. But I’ve changed. And if you’re serious, not just inspired then you’ll change too. This will be a lonely journey, only you vs you. 


",1753895984.0,0.93,206,0,STORY,aeryskaein,30,False,0,False,text
GetMotivated,1mdu3yg,I'm stumped: [text],14,https://reddit.com/r/GetMotivated/comments/1mdu3yg/im_stumped_text/,https://www.reddit.com/r/GetMotivated/comments/1mdu3yg/im_stumped_text/,"Okay, so I have ADHD and Depression, and I'm medicated, yet all my productivity is gone, even though I just had it, am I burnt out from school and trying to make a show, or is it something else? What can I do to change?",1753942973.0,0.82,14,0,TEXT,yeet45382,8,False,0,False,text
GetMotivated,1mczya6,[Discussion] Getting Motivated to go to the gym,50,https://reddit.com/r/GetMotivated/comments/1mczya6/discussion_getting_motivated_to_go_to_the_gym/,https://www.reddit.com/r/GetMotivated/comments/1mczya6/discussion_getting_motivated_to_go_to_the_gym/,"I replied this to someone in a comment and want to share it with the rest of you.

I want to tell you a secret to this \[going to the gym\].  
The current version of you, is someone who you no longer want to be. You need to do the things that the person you want to be does. The person who you become by going to the gym, will want to go to the gym, you just have to make the effort for maybe two weeks, until you become someone who goes to the gym.. now if you don't know what you're doing you won't see results but you shouldn't be relying on motivation rather discipline.. ""Today when I get home from work, I will go to the gym."" get home from work... change.. drink pre work out (super secret key gets you super energized and hyped up) , put on your favorite music, and make your way to the fkn gym. feels awesome. trust me. the person you become will love it.

\*edit for a fair call out by dusted comment\*



the concept here is that its a process.. a progression in a sense where you can build to getting to the goal of consistently going to the gym. that's the mentality I've been approaching it with after a 2 year gym lay off. I don't want to go to the gym. The person I am becoming wants to go to the gym. Therefore, I will go to the gym and by doing so I've realized the goal of becoming someone who goes to the gym within the same day.

Direct call to action = Go to the gym after work if you can. Drink some caffeine ( you can do coffee) put on music. and go. You won't regret it once you there.

I don't think i can give a more step-by-step solution unless someone tells me their specific issue with going to the gym. The act of going to the gym is relatively simple",1753859586.0,0.84,50,0,DISCUSSION,theeereader,33,False,0,False,text
GetMotivated,1mbvymz,"Go alone, at least just for a little while [image]",520,https://reddit.com/r/GetMotivated/comments/1mbvymz/go_alone_at_least_just_for_a_little_while_image/,https://i.redd.it/wescg9yz9pff1.png,"
Image Description: if you ever get the chance, go alone",1753745576.0,0.99,520,0,IMAGE,ellierwrites,10,True,1,False,image
GetMotivated,1mbwefo,"[Story] Men in their 30's, I need help. Unsure where to start.",390,https://reddit.com/r/GetMotivated/comments/1mbwefo/story_men_in_their_30s_i_need_help_unsure_where/,https://www.reddit.com/r/GetMotivated/comments/1mbwefo/story_men_in_their_30s_i_need_help_unsure_where/,"I really don't resonate with a lot of the stories on here because I can't relate to what a 19-21 year old is going through. I'll keep it brief-ish.

I'm stuck and feel like shit. (Surprise, right? A dude on the internet isn't happy! Alert the press!)

I'm 35 and about ten years in to my career and am moderately successful-ish. Decent salary but I've plateaued in the last two years. I couldn't give less of a fuck about my job anymore. I do maybe, **maybe**  4 hours of work per week and get away with it because my job is a joke. I spend my days working from home, clicking around reddit, watching porn, playing videogames, and starting day drinking at 3pm (if I don't have any evening plans.) I know that if I'm ever let go, I'm fucked when trying to find a new job.

My savings are good (at 200k in investments) but I'm not doing anything with it, and I don't have goals.  I don't own a house, and I live in a cheap apartment. I don't even know what to do with it, I just save and sit around and do shit all. 

I have a 5 year long relationship with a beautiful woman who I don't connect with at all anymore. We had a large falling out maybe 2 years ago and are just growing apart despite therapy and trying to work on ourselves. We don't enjoy spending time together, we don't like doing the same things, and it's just painful to hang out at this point. 

I've lost touch with my health over the years. I was reasonably fit up until about 6 months ago. I injured myself playing sports and never got back on the horse. Almost 200 pounds now and I'm 5""11. 

I've fallen out of love with my hobbies the last few years. Now all I do is sit around consuming media. I don't even engage with TV shows or movies anymore.

I barely see my friends anymore. They've all gotten married and had kids, or are just too busy. Gone are the days of daily after work hangouts, now it's just like, what next?

This is the big one: my alcoholism is out of control. I'm up to 10-12 beers a day. I've tried to stop and can maybe go a week but then i'm right back at my OG habit.

The only thing I have going for me right now is my eating habits. I eat very healthy despite all of the above.

My point is I don't now where to begin. I've tried therapy on and off for the last 3-4 years and get nowhere with it, even if I see them twice a week. 

Anyone ever been in this spot and gotten out of it? I don't even have a ""goal"" I just know this isn't a great spot to be. Most people here have a goal like ""get rich"" or ""do x y z"" and I'm just like ""help me find a goal."" ",1753746744.0,0.9,390,0,STORY,borgnineisfine69,322,False,0,False,text
GetMotivated,1mc8j2m,[Text] Update: I realised I don't want this BAD enough!,44,https://reddit.com/r/GetMotivated/comments/1mc8j2m/text_update_i_realised_i_dont_want_this_bad_enough/,https://www.reddit.com/r/GetMotivated/comments/1mc8j2m/text_update_i_realised_i_dont_want_this_bad_enough/,"In my previous post, I talked about how I was struggling with procrastination and so many of you told me different ways to get over this. I tried them and I was successful.

But there is this one thing I realised and it makes me feel a bit bad...
I dont go to the gym because I don't want it BAD ENOUGH. It's eating my alive with guilt. I know I need to start now! But how?

I need advice, I need to do something which will tell me ""this needs to be done now. You need to move NOW"".",1753787329.0,0.84,44,0,TEXT,Impressive-Part326,42,False,0,False,text
GetMotivated,1mbtuct,"[Text] THE OLDER I GET, the more I realize it is okay to live a life others don't understand.",390,https://reddit.com/r/GetMotivated/comments/1mbtuct/text_the_older_i_get_the_more_i_realize_it_is/,https://www.reddit.com/r/GetMotivated/comments/1mbtuct/text_the_older_i_get_the_more_i_realize_it_is/,"THE OLDER I GET, the more I realize it is okay to live a life others don't understand. ",1753740192.0,0.98,390,0,TEXT,khaksar3g,31,False,0,False,text
GetMotivated,1mbzmad,[DISCUSSION] Have you been feeling numb or tired of the things you once loved doing?,49,https://reddit.com/r/GetMotivated/comments/1mbzmad/discussion_have_you_been_feeling_numb_or_tired_of/,https://www.reddit.com/r/GetMotivated/comments/1mbzmad/discussion_have_you_been_feeling_numb_or_tired_of/,"Recently, I made a post in another Subreddit asking where most people are struggling. Someone commented that there are times when the things you once loved, enjoyed, or were obsessed with now make you feel tired or numb and you just don’t feel like doing them anymore, at least not anytime soon.

Is anyone else feeling the same way? I'm also having this situation right now where I'm really obsessed in Photography like almost everyday, I bring my camera all the time and snap every single time. But now, due to the busyness of my world, I can't even get back into it. Or am I loosing interest on it?",1753755769.0,1.0,49,0,DISCUSSION,Working-Bass4425,23,False,0,False,text
GetMotivated,1mbdysp,For everyone [image],582,https://reddit.com/r/GetMotivated/comments/1mbdysp/for_everyone_image/,https://i.redd.it/hfdrpjktrlff1.png,"Facts....let's spread kindness instead of hate 
Image Description: the reason why some people are so kind is because the world has been so unkind to other people that they want to be kind to other people",1753703143.0,0.99,582,0,IMAGE,Stonerlilt187,10,True,1,False,image
GetMotivated,1mbrx29,"[TEXT] For anyone and everyone feeling low, Insecure , sad , Afraid.",59,https://reddit.com/r/GetMotivated/comments/1mbrx29/text_for_anyone_and_everyone_feeling_low_insecure/,https://www.reddit.com/r/GetMotivated/comments/1mbrx29/text_for_anyone_and_everyone_feeling_low_insecure/,"Never feel inferior to anyone. And I mean ANYONE!. You may be weak or you may be shorter or less intelligent or less richer. But the second you start seeing as inferior to anyone you lost the battle. We are here to fight to find ourselves. To twist our brains to fall hard on rough surfaces and drown in the depths of Burden. But NEVER EVER LOOK YOURSELF DOWN. You can have your own shortcomings you can have broken legs or less skill. You may be less confident about yourself or may feel down but Promise me never dim your lights because someone else shines brighter.



People change you can too. You have yourself only. When you cry at night alone you tell yourself you are hurt. You show yourself somebody or something hurt you.



Take back control of your life. Let people do what they want. Let them absolutely look at you with disgust. Let them laugh at you. Let them look down on you. But As long as you feel happy with yourself. As long as you are going where you want to. As long as you are doing what you want to. That’s all you need. Trust me People are ugly. Most want to dominate some want to be superior. Some bulky while others manipulate. You have to absolutely crush their spirits with your steady flame. YOU have a flame inside you which can either cause a wildfire or cannot even brighten itself. It’s all up to you. Walk with a straight and strong body , Mind and spirit. Think with your brain. Use your logic use your strength and your tactics. Whoever wants to bring you down will face competition and others will watch by side. Just Pour your flame with power. Give it health. Give it peace. Give it respect. Give it honesty. Give it Support when it needs you the most. Defend your flame when it’s vulnerable . Defend it with everything you have got. Protect it. Cherish it. Let the world know if they DARE to touch your flame they have to deal with your Rage and power which the Biology of your body gave you. Do everything for it and just….

Just when the time comes the inner flame will burst out like a volcano. Like a Beast spreading its Aura and coming to protect your dignity and your soul Protecting you at your lowest and This time it will be one letting the world know It’s time for YOU to Have the meal.",1753735679.0,0.91,59,0,TEXT,Few-Wedding-6449,7,False,0,False,text
GetMotivated,1mc1ai0,[Discussion] In a motivational hole after getting surgery (17m),15,https://reddit.com/r/GetMotivated/comments/1mc1ai0/discussion_in_a_motivational_hole_after_getting/,https://www.reddit.com/r/GetMotivated/comments/1mc1ai0/discussion_in_a_motivational_hole_after_getting/,"I was bedridden for multiple days and missed 2 weeks of school, obliterating my sleep schedule in the process. Even though I got though the last bit of school, I can't find myself motivated to get anything done completely. My parents are paranoid of failure and putting the pressure on as much as they can. College applications aren't due until November and it's summer but everyday I'm getting told I'm out of time. I've been stuck in my room feeling rushed every second of the day. Ever since surgery I can barely get myself out of bed, self-care is in shambles and I am addicted to being on my phone. I've tried ""dopamine detoxing"" but couldn't even get through the first part of the plan. I've tried speaking with my dad on motivation and all I've been told is ""don't be ambitious or dream too big"". Right now I can't find a way to motivate myself to get things done!",1753760803.0,0.82,15,0,DISCUSSION,Ok_Tough6101,13,False,0,False,text
GetMotivated,1mbsawn,[discussion] how do you start doing the things you avoid ?,32,https://reddit.com/r/GetMotivated/comments/1mbsawn/discussion_how_do_you_start_doing_the_things_you/,https://www.reddit.com/r/GetMotivated/comments/1mbsawn/discussion_how_do_you_start_doing_the_things_you/,"I feel like I'm living in the same loophole for years and years. I guess I'm ultimately avoiding doing ""the work"". It's like the brain is trying to find ways to get out of the hard work. Finding excuses and creating mixed emotions of fear, laziness, analysis paralysis confusion and what not. 

I sometimes feel down my confidence and willpower is stuck where I'm not taking actions. For quite a few years now I've been avoiding the fear of driving. My family said if you can overcome this, you will end up feeling independently capable on your own. You will start taking responsibility and find a freedom to do things on your own from going to college and going to your job. But I'm not sure how do I begin to work on this fear. I don't like how I easily give up and start feeling stressed when things get tensed. ",1753736557.0,0.97,32,0,DISCUSSION,Aj100rise,16,False,0,False,text
GetMotivated,1mbp2uk,[Discussion] How do you rise above the feeling that it won't make a difference?,36,https://reddit.com/r/GetMotivated/comments/1mbp2uk/discussion_how_do_you_rise_above_the_feeling_that/,https://www.reddit.com/r/GetMotivated/comments/1mbp2uk/discussion_how_do_you_rise_above_the_feeling_that/,"I'm a 33F trying build a life and gain some financial independence. I went back to school to change careers after the pandemic (2022-2024), and did well in my degree, but am struggling to find stable full-time work in my field, or even in my old field, that I could see doing long term.

Part of it is just hating job applications. I struggle to try to be what the job wants, battling imposter syndrome, only to get rejected or ignored over and over. People tell me the job market is bad right now, but it doesn't totally make me feel better - it just damages my sense of self-agency.

I get the sense that so much modern discourse surrounds this idea that unless you're making millions you are a helpless sheep. Everyone, from politicians to bosses to older generations, is out to get you. That millennials and younger are predisposed to be poor and put upon and no job will ever be fulfilling enough. And people play this off with a sardonic sense of humor as if that makes it better, but it doesn't.

I don't want to live in this mindset. I don't think it's accurate at the end of the day, even if there are some points of truth. Or even if it's this way for now doesn't mean it will be like this forever. But it still weighs me down and makes it hard to do anything but distract myself. I believe I do have agency in my own life and can create meaning, I just can't get it into motion.

So, how do you rise above this current cultural narrative without feeling delusional?

( And don't say ""just log off of social media"" or ""go to therapy"", because I have tried that. It helps, but not enough.)",1753729272.0,0.91,36,0,DISCUSSION,Astraea802,25,False,0,False,text
GetMotivated,1mbnguc,[Story] I thought Monday is the day,11,https://reddit.com/r/GetMotivated/comments/1mbnguc/story_i_thought_monday_is_the_day/,https://www.reddit.com/r/GetMotivated/comments/1mbnguc/story_i_thought_monday_is_the_day/,"For months, I kept telling myself “Monday is the day” but Monday kept slipping away, week after week. Then I realized it wasn’t about motivation at all. It was fear. Fear of failing, fear of not being enough.

So I stopped chasing big leaps. Instead, I focused on one tiny thing each day. Sometimes it was writing a sentence; other times just stepping outside for a minute. No pressure. Just showing up.

Slowly, those little steps silenced the fear.  Here’s the truth, waiting for the perfect moment is the enemy. The only thing that truly matters is that one small, brave step.

Start there. The rest will follow.",1753725721.0,1.0,11,0,STORY,KodyBerns99,2,False,0,False,text
GetMotivated,1mag9nf,Treat your future self [image],2794,https://reddit.com/r/GetMotivated/comments/1mag9nf/treat_your_future_self_image/,https://i.redd.it/ri1kq48bddff1.png,"
Image Description: four different pictures of cats in different rooms",1753601417.0,1.0,2794,0,IMAGE,katxwoods,40,True,1,False,image
GetMotivated,1mb817v,"“Flow vs Control"", discipline is not at all about total control. [text]",40,https://reddit.com/r/GetMotivated/comments/1mb817v/flow_vs_control_discipline_is_not_at_all_about/,https://www.reddit.com/r/GetMotivated/comments/1mb817v/flow_vs_control_discipline_is_not_at_all_about/,"For months, I believed discipline was about control.

Control my schedule.
Control my thoughts.
Control every damn second like I was a robot running on caffeine and shame.

But no matter how hard I tried, something always slipped.
And the worst part?

I blamed my mind for it. I thought my mind was the enemy.
But the real enemy was the belief that I needed to force everything.

Until one day... I stopped controlling and started listening to my inner self.

That small voice inside me, the one that says “get up”, “work”, “do the hard thing”, 
That’s instinct. That was something not to be ignored but trusted. 

I realized very soon that
Between every impulse and action… there’s a gap.
And inside that gap, is choice.

You already know what’s right in that moment. Your gut tells you.
You just choose not to listen.

The more you force, the more resistance you create.
The more you trust, the more effortless your life becomes.

This is what they call the flow state.
And once you feel it… you never want to go back to control. 
Get in a flow like water in a river that no pebbles, rocks, or any obstacle can stop your movement. You just flow through all kinds of urges, moods, feelings, doubts like they all matter nothing to you and you only trust your instincts. 

Things never go as planned in this world.
Some problems will occur, your routines and timings will shatter, your strategies will fail but the only solution is to 'flow'. 

This is freedom disguised as discipline.
No control over life but alignment with it.

Instinct > Control,  Flow > Force.",1753681125.0,0.92,40,0,TEXT,aeryskaein,10,False,0,False,text
GetMotivated,1mb4mwn,Remember [image],56,https://reddit.com/r/GetMotivated/comments/1mb4mwn/remember_image/,https://imgur.com/a/eVGWirO,,1753669995.0,0.94,56,0,IMAGE,startwithaidea,5,False,0,False,text
GetMotivated,1may4tr,"What if tomorrow was your last sunrise? This isn’t a warning, it’s a reminder [Story]",119,https://reddit.com/r/GetMotivated/comments/1may4tr/what_if_tomorrow_was_your_last_sunrise_this_isnt/,https://www.reddit.com/r/GetMotivated/comments/1may4tr/what_if_tomorrow_was_your_last_sunrise_this_isnt/,"You wake up like you have time.

You check the screen before you’re even aware of your own breath. You eat what you’re told, believe what you’re fed, and then you wonder why something inside feels dead.

But let me ask you something.

What if tomorrow was your last sunrise, would you look at it with fear, or would you look at it humbly, and truly see?

Do you remember the little boy or girl in you? He or she is still there, somewhere behind all the layers of roles and routines. Locked up by the system, told not to speak too loud, not to dream too big, not to fly too high.

But let me tell you something.

I won’t be a victim of this society. And neither will you. Not if you choose it.

Because the truth isn’t hidden. It’s right in front of your eyes, but the system has taught you not to look. It’s right behind your eyes, but the system do everything in its power to steal your focus from seeing it.

They sold you silence and called it peace. They branded obedience as mental health. They poisoned your roots and sold you pills for the symptoms.

They built massive weapons of distraction, and aimed them at your soul. Screens that blink while your intuition sleeps. News that screams while your heart forgets its language. They call it progress. I call it a curse of comfort.

But where ever you are, whatever you do, you can always remember simple truths.

You are not your job. You are not your anxiety. You are not your past or your social role. You are the presence behind the eyes. You are the space before thought. You are the daydream they tried to control.

You are life force.

So sing. Write. Speak. Make yourself heard.

What do you want to do? Do it! Let the walls of illusion shake with your truth. Stop waiting for a reason. You are the reason. You are the risk. You are the sunrise.

And even though time flies, the spirit never dies.

Now, be who you want to become, do what you want to do, be the change, be a force of nature.

Remember who you are.",1753651755.0,0.91,119,0,STORY,Accomplished_Case290,18,False,0,False,text
GetMotivated,1max1be,[Discussion] What is the single biggest factor that is preventing you from accomplishing your goals?,33,https://reddit.com/r/GetMotivated/comments/1max1be/discussion_what_is_the_single_biggest_factor_that/,https://www.reddit.com/r/GetMotivated/comments/1max1be/discussion_what_is_the_single_biggest_factor_that/,"I was wondering if there's someone else out there who is having a hard time completing their goals, and why do you think that is?",1753648996.0,0.88,33,0,DISCUSSION,No_Donut_6477,51,False,0,False,text
GetMotivated,1mawghw,[Text] Beware the vibe code spam posts,18,https://reddit.com/r/GetMotivated/comments/1mawghw/text_beware_the_vibe_code_spam_posts/,https://www.reddit.com/r/GetMotivated/comments/1mawghw/text_beware_the_vibe_code_spam_posts/,"A typical spam pattern I see here a lot, is a screenshot of some kind of habit tracker or productivity app with some victory story of how someone has finally conquered his habits. Inevitably, a commenter (bot or not) will ask for a link to the app, and then OP or some other bot will drop the link to the site, which usually is some AI vibe coded garbage with of course a subscription plan. Don't fall for it! 

Also the mods remove these posts if you report them as spam. So please do. 

",1753647595.0,1.0,18,0,,blablablerg,2,False,0,False,text
GetMotivated,1m9rm91,Stop. Breathe. You've got this. [image],1278,https://reddit.com/r/GetMotivated/comments/1m9rm91/stop_breathe_youve_got_this_image/,https://i.redd.it/ukyal00zk7ff1.png,"
Image Description: stop clenching your jaw",1753531364.0,0.98,1278,0,IMAGE,katxwoods,19,True,1,False,image
GetMotivated,1mag6bp,"[Text] If you plant a seed and it doesn't sprout, do you get mad at it? Do you blame the seed? Or do you accept that sometimes failure happens, and plant another one? Sometimes in life our efforts may not produce growth, but that does not mean that none ever will.",32,https://reddit.com/r/GetMotivated/comments/1mag6bp/text_if_you_plant_a_seed_and_it_doesnt_sprout_do/,https://www.reddit.com/r/GetMotivated/comments/1mag6bp/text_if_you_plant_a_seed_and_it_doesnt_sprout_do/,.,1753601045.0,0.93,32,0,TEXT,xNocturnalshadow,5,False,0,False,text
GetMotivated,1ma06qs,"[image] I’m 23 and in my short life I’ve dealt a lot with depression. My hobby has always been drawing, and I couldn’t touch a pencil for over 5 years. Now I’m drawing again everyday.",265,https://reddit.com/r/GetMotivated/comments/1ma06qs/image_im_23_and_in_my_short_life_ive_dealt_a_lot/,https://imgur.com/a/MxVMswE,"These are my latest illustrations. I hope you enjoy them. I enjoy drawing nature and animals, it truly inspires me. 

For 5 years I couldn’t even get up from bed. Let alone draw. I thought I sucked, and that nobody cared about my art. Now I’m drawing everyday and sharing my art with the world. I even made it my job! Couldn’t be happier.

It does get better. 

",1753553539.0,0.96,265,0,STORY,M8614,24,False,0,False,text
GetMotivated,1m9v4zd,"""Paralysis by analysis"" is what separates dreamers from achievers. [TEXT]",336,https://reddit.com/r/GetMotivated/comments/1m9v4zd/paralysis_by_analysis_is_what_separates_dreamers/,https://www.reddit.com/r/GetMotivated/comments/1m9v4zd/paralysis_by_analysis_is_what_separates_dreamers/,"Every time I decide to actually change my life, this problem shows up. It’s like clockwork.

I’ll make solid plans. I’ll be fired up. The first few days go well. Discipline feels exciting. The structure feels empowering.

But then one thing breaks.
Maybe I miss a morning. Or a workout. Or I get overwhelmed by something unexpected. And suddenly, my brain switches from action to analysis.

I start thinking instead of doing.
I start planning instead of pushing.
I try to ""perfect"" everything before I even continue.

And before I know it, I’m stuck.
Trapped in my head. Questioning the plan. Questioning myself. Wondering if I should do this differently, or that better, or whether I’m even capable.

That’s paralysis by analysis and it’s the enemy.

The ones who rise don’t have perfect plans. They just keep moving even when things break.Because things will break.
You will fall.
But if you let that drag you back to the whiteboard every time you never leave the fucking room.

From now on, I’m choosing motion.
If the plan breaks, I’ll patch it while running.
If I fail <I’ll fail forward.
No more pausing life just to re-edit a blueprint.

",1753541211.0,0.95,336,0,TEXT,aeryskaein,21,False,0,False,text
GetMotivated,1maj7x2,Does anyone else feel pointless when other people succeed and you're left behind? - anyone know how to only care about yourself positively? Any help me get motivated and keep motivation even with setbacks would be appreciated as well as others' experiences too,2,https://reddit.com/r/GetMotivated/comments/1maj7x2/does_anyone_else_feel_pointless_when_other_people/,https://www.reddit.com/r/GetMotivated/comments/1maj7x2/does_anyone_else_feel_pointless_when_other_people/,"We're at our friend's house ""enjoying"" Mario Kart - all 3 of us are log time friends and around 25 (all are Non Binary in one way or another)

Those two are better than me at most things but still include me i'm also disabled but I'm not on about that


I just feel so left out even though I'm not

Back to the Mario Kart situation I can be in any place but if I don't finish in first at least once in the first few races my mood and interest starts to drop AND JUST KEEPS GOING DOWN

I dunno how to fix it

They're having fun still wherever they place

But I get tired and drained and down after not doing so great and nothing really fixes it unfortunately

I don't want them to baby me / fake me doing well - I just WISH I COULD HAVE FUN too

Yeah I'm depressed and on meds for it (and a lot of other things too) I'm also in therapy too for working though 15 - 20 years of trauma stuff

If this is the wrong place to post this could you let me know where you think would be better? Thanks",1753613051.0,0.56,2,0,TEXT,BlueNexusItemX,8,False,0,False,text
GetMotivated,1ma0lbb,"[image] My biggest small personal win:  after thinking nobody cared about my art, I sold my drawing and now it’s on someone’s wall!",51,https://reddit.com/r/GetMotivated/comments/1ma0lbb/image_my_biggest_small_personal_win_after/,https://imgur.com/a/pGRiBSt,,1753554537.0,0.93,51,0,IMAGE,M8614,6,False,0,False,text
GetMotivated,1m9vvab,how to find the purpose of life? [Discussion],44,https://reddit.com/r/GetMotivated/comments/1m9vvab/how_to_find_the_purpose_of_life_discussion/,https://www.reddit.com/r/GetMotivated/comments/1m9vvab/how_to_find_the_purpose_of_life_discussion/,Advices ,1753543007.0,0.89,44,0,DISCUSSION,Ok_Application_5147,87,False,0,False,text
GetMotivated,1m9xfdc,[Discussion] how to actually grow confident?,19,https://reddit.com/r/GetMotivated/comments/1m9xfdc/discussion_how_to_actually_grow_confident/,https://www.reddit.com/r/GetMotivated/comments/1m9xfdc/discussion_how_to_actually_grow_confident/,"I know that to feel confident you need to be feeling good in the present moment. However, when people tell me to change my diet it does not help because I already tried so many foods and none give me confidence, people tell me to sleep better but again that is not easy to do besides wearing a sleep mask. People tell me to exercise and I agree that helps, but only when I break a sweat.

I'm just tired of hearing the same advice all the time, even AI gives me the same responses over and over.

I need new ideas, new advice.",1753546794.0,0.85,19,0,DISCUSSION,great_happy_gamer,21,False,0,False,text
GetMotivated,1m9yiez,[Discussion] The Japanese Philosophy of Wabi-Sabi showed me the Beauty of Imperfection and The Art of Letting Go,12,https://reddit.com/r/GetMotivated/comments/1m9yiez/discussion_the_japanese_philosophy_of_wabisabi/,https://www.reddit.com/r/GetMotivated/comments/1m9yiez/discussion_the_japanese_philosophy_of_wabisabi/,"This year has been the toughest of my life so far. Along my healing journey, I am discovering the unpredictability of grief and loss. There is an art to letting go and the Japanese/ Zen Buddhist concept of Wabi-Sabi illustrates this best.

The emphasis of this concept is that beauty exists in

* Imperfection
* Impermanence 
* Melancholy

It is also implemented in the repair and restoration process of Kintsugi. It’s all about transformation through healing and growth. I do an open discussion on this that you can see here - [https://www.youtube.com/watch?v=vs66hb2ayts](https://www.youtube.com/watch?v=vs66hb2ayts)

If you are healing and repairing, I hope this helps and might be what you’re looking for.",1753549432.0,1.0,12,0,DISCUSSION,Chellz93,1,False,0,False,text
GetMotivated,1m9ayls,[Text] Don’t wait until it’s too late to show love.,56,https://reddit.com/r/GetMotivated/comments/1m9ayls/text_dont_wait_until_its_too_late_to_show_love/,https://www.reddit.com/r/GetMotivated/comments/1m9ayls/text_dont_wait_until_its_too_late_to_show_love/,"
Tell the people you love that you love them — more often. You never know when it will be the last time.

Make time for them, even when life gets busy. You’ll regret every second you chose something else instead.

Be there for them when they need you. One day, you might carry guilt for not being present enough.

Let them know how much they mean to you. Maybe they'll leave thinking they meant nothing — and you won’t have the chance to change that.

We take people we love for granted. We put things before them. And only when they’re gone, do we realize what we lost.

📸 Photo from the touching series: *Catalogue*  
📝 Originally shared by: *Roadtrip* ",1753477649.0,0.91,56,0,TEXT,Un_known70,8,False,0,False,text
GetMotivated,1ma44xq,[Text] Not giving up doesn't guarantee success.,0,https://reddit.com/r/GetMotivated/comments/1ma44xq/text_not_giving_up_doesnt_guarantee_success/,https://www.reddit.com/r/GetMotivated/comments/1ma44xq/text_not_giving_up_doesnt_guarantee_success/,Truth,1753563484.0,0.2,0,0,TEXT,zylian,6,False,0,False,text
GetMotivated,1m8kx1e,[Discussion] UPDATE: I'm an unemployed 30-something year old and the stress is destroying me.,397,https://reddit.com/r/GetMotivated/comments/1m8kx1e/discussion_update_im_an_unemployed_30something/,https://www.reddit.com/r/GetMotivated/comments/1m8kx1e/discussion_update_im_an_unemployed_30something/,"A little more than a year ago, I made a post on this sub during a pretty low point in my life. I was in a vulnerable and emotional state on the night that I made that post.

i had been unemployed for 2 years, demotivated, stuck in a cycle of procrastination.

No! I didn't suddenly turn my life around after writing that post. I did continue wasting my time, and then stressing about wasting my time. However, something shifted in September. I'm not sure what it was, and it wasn't anything dramatic.

I think I finally learned how to silence that side of my brain that constantly worried about failing. I learned how to not pay attention to it, and **try** regardless of the outcome. I began applying for freelance video editing gigs. Started with small listings. Was I still scared and stressed? Yes! But I felt slightly better because I knew I was doing something to change it.

Within one week of actually putting in the effort consistently, I landed my first client. That's how easy it was. As happy as it made me, it equally annoyed me because that also made me realize how much time I wasted not doing anything because of the fear of failing.

This January, I took my first vacation in 3 years. I don't think I know enough words to explain how incredibly happy that made me.

I ate healthier. Got more disciplined. Made more responsible decisions. This is not to stay that my life is perfect now. Even now, I mess up a lot! but now I try to stay calm and solve it without letting it overwhelm me or shutting down. I'm at a decent place now. Yes, I still have challenges, but things are astronomically better than they were a year ago.

It just took one small change. Just one step. That is all! it didn't magically fix all my problems, but things DID start falling into place.  
If you're reading this from a low place, I get it! Don't wait for a huge breakthrough. Just make one small change. It might be enough to start the shift.

I want to end this by thanking every person who commented on my first post. Thank you so much for those kind and motivating words during a time when I felt completely alone. I hope you're all doing great! I wish nothing but the best for each one of you!",1753403055.0,0.97,397,0,DISCUSSION,No-Marionberry-1657,20,False,0,False,text
GetMotivated,1m8ju2f,Embrace boredom [Image],246,https://reddit.com/r/GetMotivated/comments/1m8ju2f/embrace_boredom_image/,https://i.redd.it/gr7s6jexpwef1.png,"Embracing boredom is one of the best things you can do to be more comfortable to not getting distracted. Happiness reveals itself when your mind is grounded in the present. 
Image Description: everything wants you when you want nothing",1753400057.0,0.96,246,0,IMAGE,seoizai1729,8,True,1,False,image
GetMotivated,1m8oue1,I've studied every day for the last 85 days [IMAGE],82,https://reddit.com/r/GetMotivated/comments/1m8oue1/ive_studied_every_day_for_the_last_85_days_image/,https://i.redd.it/mz1eypjrxxef1.png,"
Image Description: a table with the dates for each day",1753414588.0,0.87,82,0,IMAGE,EssentiallyEinstein,28,True,1,False,image
GetMotivated,1m9n7h9,"Evicted tomorrow, any insight?",0,https://reddit.com/r/GetMotivated/comments/1m9n7h9/evicted_tomorrow_any_insight/,https://www.reddit.com/r/GetMotivated/comments/1m9n7h9/evicted_tomorrow_any_insight/,"So I've been in government  housing for about 5 years now, after jumping through their hoops for 9 years to get into this cheap rent place, gave up a good place to get the cheaper rent thought i'd do better n get ahead, was paying 950 and had the whole upper half of a house, had a job that i quit to come here, little did i know, people are more than just nosey, ppl in the building very gradually and subtly started creating issues, and well after so long i just told all the goons where to go, i let it under my skin, and they brought the worst outta me,, cussed em all good, let em know, well ppl complained after i lost my cats my peace, im evicted tomorrow, rent is high, i have my disability pension but that barely cuts it, i have some of the last stuff im throwing away here, yet to toss, im out this morning, my only plan is backpack it to my buddy's apartment/shed n try to make phone calls to find a place, i feel not too bad, like thank god im moving away from such goonie ppl as 80% of the ppl in here, any advice on staying on track with this mess of a situation..? ty for reading",1753514573.0,0.38,0,0,STORY,c0mb0bulati0n,6,False,0,False,text
GetMotivated,1m88k9r,Is it normal to feel like the only sober one in the room… and kinda hate it? [Discussion],220,https://reddit.com/r/GetMotivated/comments/1m88k9r/is_it_normal_to_feel_like_the_only_sober_one_in/,https://www.reddit.com/r/GetMotivated/comments/1m88k9r/is_it_normal_to_feel_like_the_only_sober_one_in/,"Like yeah, I chose this. I chose to stop drinking. I’m proud of it, I really am.

But damn… sometimes being the only one not drunk while everyone’s yelling over each other, forgetting stuff mid-sentence, dancing on tables, it feels like I’m watching a show that once i also used to be a part of lol and now I’m just… there. Aware, Awake and Sober.

And yeah, part of me misses the chaos. The fake confidence. The way I used to not give a shit. But the other part of me, the one that remembers the 3 a.m. anxiety spirals and blackouts knows I’m better off.

Still. Doesn’t make those moments any easier. There are moments where i am just moments closer to relapse, still try to hold that urge and I amd proud of those days!



Just wondering if anyone else ever feels this weird space between pride and FOMO? And how do you manage the urges?

",1753373394.0,0.92,220,0,DISCUSSION,InterestingBunch7468,66,False,0,False,text
GetMotivated,1m7s3yp,[Image] Motivational,695,https://reddit.com/r/GetMotivated/comments/1m7s3yp/image_motivational/,https://i.redd.it/24q78etycqef1.png,"
Image Description: we fall, we break, we fall, we break, we fall, we break, we fall, we break, we fall, we break,",1753322835.0,0.97,695,0,IMAGE,Chandan28,13,True,1,False,image
GetMotivated,1m802ef,[Discussion] What small daily habit changed your life over time?,130,https://reddit.com/r/GetMotivated/comments/1m802ef/discussion_what_small_daily_habit_changed_your/,https://www.reddit.com/r/GetMotivated/comments/1m802ef/discussion_what_small_daily_habit_changed_your/,"I’ve been trying to make small, sustainable changes instead of overhauling my entire routine overnight. I realized that consistency matters more than intensity. For me, the one small habit that really changed my life is morning meditations. It helps me clear my mind and feel more in control of the day. It seemed small at first, but over time it’s had a huge impact on my mindset and productivity.",1753350364.0,0.97,130,0,DISCUSSION,radiantblu,76,False,0,False,text
GetMotivated,1m7xyhf,I quit adding poisons to my body (alcohol and ultra-processed foods) and I just didn't realize my body could feel this good [image],29,https://reddit.com/r/GetMotivated/comments/1m7xyhf/i_quit_adding_poisons_to_my_body_alcohol_and/,https://i.redd.it/d26ih7rhyref1.png,"
Image Description: most people have no idea how their body is designed to feel",1753342229.0,0.64,29,0,IMAGE,katxwoods,6,True,1,False,image
GetMotivated,1m78d3f,Day 30 of waking up at 6am [Text],541,https://reddit.com/r/GetMotivated/comments/1m78d3f/day_30_of_waking_up_at_6am_text/,https://www.reddit.com/r/GetMotivated/comments/1m78d3f/day_30_of_waking_up_at_6am_text/,"A month ago I was rolling out of bed at 8:45 and rushing to work every morning feeling stressed and unprepared. I decided to try waking up early and honestly the first two weeks were fucking brutal, but around the 15th day or so it started to be a habit and now I actually enjoy my mornings. I have time for coffee, a proper breakfast and 20 minutes for grizzly's quest before actually heading to work. The rest of my day feels more organized and I'm way less anxious. I'm still not a morning person like fully but I'm proof that you can train yourself into better habits if you stick with it long enough!!",1753274939.0,0.97,541,0,TEXT,Annual_Amphibian_275,34,False,0,False,text
GetMotivated,1m74vbu,Half of self-discipline is the ability to handle difficult things with equanimity [image],589,https://reddit.com/r/GetMotivated/comments/1m74vbu/half_of_selfdiscipline_is_the_ability_to_handle/,https://i.redd.it/zvetlx68hlef1.png,"
Image Description: it has gotten better before and it will again",1753263765.0,0.98,589,0,IMAGE,katxwoods,10,True,1,False,image
GetMotivated,1m7kbe7,"[Discussion] I feel like I have no control whatsoever and by this point I am tired of myself. Need help. If anyone has any tips, tricks or any advice, everything is welcome!",50,https://reddit.com/r/GetMotivated/comments/1m7kbe7/discussion_i_feel_like_i_have_no_control/,https://www.reddit.com/r/GetMotivated/comments/1m7kbe7/discussion_i_feel_like_i_have_no_control/,"I have struggled with stress eating almost my entire life but it was never this out of control. 

Since the past one year, I have been ordering in EVERYDAY and I have gotten used to this so much that I don't even care about money anymore and it's affecting my health a lot. I have gained a lot of weight and I don't even go to the gym now. 

Till last year I was very active and very fit (stress eating was still there) but there was a major shift in my life and I think I sort of lost it. 

I hate being this way. I know I am wasting my potential and I can do so much better but I am just so tired of myself being like this. 

How do I stop this? If anyone has faced this, please give me any tips, tricks or whatever. Everything is welcome.",1753302611.0,0.93,50,0,DISCUSSION,Impressive-Part326,48,False,0,False,text
GetMotivated,1m7ce1j,“Life knows no failure. Failure exists only for those who are always comparing themselves with others.” [Text],87,https://reddit.com/r/GetMotivated/comments/1m7ce1j/life_knows_no_failure_failure_exists_only_for/,https://www.reddit.com/r/GetMotivated/comments/1m7ce1j/life_knows_no_failure_failure_exists_only_for/,"It’s only when you compare yourself to other people that you can fail. If you compare yourself to yourself only there is really no such thing as failure. Personally I’m not able to do what most other people are doing. I live off benefits from the Government. I only manage to do my daily yoga/meditation practice and some volunteering work. If I compare myself to my peers I might look like a failure for not being able to keep a full time job. But one thing I have stopped doing is comparing myself to other people. It’s really liberating. I only compare myself to myself. I’m doing a lot to keep myself balanced. I need to do that, and that is okay. My mental health is the most important thing and keeping myself well is top priority. It doesn’t matter how well other people are doing. If I can keep myself feeling good and on top of things, that’s a huge achievement. 

“Life knows no failure. Failure exists only for those who are always comparing themselves with others.” - Sadhguru",1753284677.0,0.96,87,0,TEXT,Euphoric-Welder5889,5,False,0,False,text
GetMotivated,1m8g0q3,Now what,0,https://reddit.com/r/GetMotivated/comments/1m8g0q3/now_what/,https://www.reddit.com/r/GetMotivated/comments/1m8g0q3/now_what/,"My M53 and I F53 both young at heart, have 2 grown M. We have 1 moving to college & our other works & has a F. 
 I remember we couldn't wait for this, what l wouldn't give for 1 of them to need me like before!!!!
Now what! What do/can we get into???
Money is tight, so that narrows our options. Any suggestions?
Thanks! 

",1753390456.0,0.37,0,0,,[deleted],19,False,0,False,text
GetMotivated,1m79g7y,Distraction wears a thousand faces. This is why our result don't match our effort. [Text],31,https://reddit.com/r/GetMotivated/comments/1m79g7y/distraction_wears_a_thousand_faces_this_is_why/,https://www.reddit.com/r/GetMotivated/comments/1m79g7y/distraction_wears_a_thousand_faces_this_is_why/,"I lost my last 2 days track and I was ignoring the cause of it as it was too 'obvious'. This made me realise:
Most people don’t fall because they were weak or lazy.They fall because they were simply distracted, and the worst part?
They just ignore it or never even notice. 

Many are just looking for some deep-rooted trauma or complicated flaw that’s holding them back.
But the truth is… it’s distraction.
Plain, Simple & deadly but its 'overlooked'

Phone, Lust, Food, Mood swings, Self-doubt & more all can be distractions.
Even overthinking while in work feels like work, but it’s not.

You can sit for 8 hours on a project.
But if 4 of those hours were spent thinking about your future, imagining success, doubting yourself, or fearing failure…
You didn’t work for 8 hours. You worked for 4.

And then you would say “I did so much, why am I still stuck?”
The answer: you were distracted. 

We give distractions too much room to enter & thats why its hard to run from it.
But ever seen a gamer get distracted mid-game?
No. Because their focus has no room left.

The difference is attention.
They close the door to everything else.

So the next time you work, 
Cut the noise.
Shut the mental tabs.
Lock in.

Or don’t complain when distraction steals your day, again.",1753277754.0,0.84,31,0,TEXT,aeryskaein,4,False,0,False,text
GetMotivated,1m77lfg,[Discussion] I’m flying out soon and suddenly second-guessing everything. Did anyone almost cancel their study abroad at the last minute?,21,https://reddit.com/r/GetMotivated/comments/1m77lfg/discussion_im_flying_out_soon_and_suddenly/,https://www.reddit.com/r/GetMotivated/comments/1m77lfg/discussion_im_flying_out_soon_and_suddenly/,"My flight’s in a few weeks I’m starting a global undergrad program at Tetr where we live and study in different countries each term. I was super excited... and I still am.

Now that it’s real… I’m spiraling a bit.

What if I don’t fit in? What if the course isn’t what I imagined? What if I’ve romanticised this whole “move abroad and figure life out” idea?

Not saying I’ll actually back out, but I am constantly anxious.

If anyone here had a total panic moment before flying out, did it pass? And what do you do?",1753272812.0,0.84,21,0,DISCUSSION,WasteInspection5007,32,False,0,False,text
GetMotivated,1m6xt96,Life keeps punching me in the face [Text],38,https://reddit.com/r/GetMotivated/comments/1m6xt96/life_keeps_punching_me_in_the_face_text/,https://www.reddit.com/r/GetMotivated/comments/1m6xt96/life_keeps_punching_me_in_the_face_text/,"I feels like I’m taking rapid fire punches to the gut, struggling to stand up. I underperformed in school exams while seeings my friends and peers excel and there was a physical test (similar to the beep test) where I needed to pass and yet I still failed (I have multiple attempts but I’m still pessimistic), my instructor called me weak and that I needed to train more (which is true but also disheartening). I am going to join the army at the end of the year, leaving my family behind and going alone into training, my parents are my only source of motivation right now at these tough times. I also have colleges to worry about and I don’t even know where I’m going.

The worst part is that I have trained everyday and I have seen progress but ultimately it didn’t pay off. I do not want to have a victim mentality but it genuinely feels like I’m lost at times and I am in a constant spiral of negativity whenever something does not go my way, it has been a while since I’ve experienced a “win”. I really want to keep pushing and I know that I need to face the problem but it is hard sometimes.",1753238606.0,0.84,38,0,TEXT,Lower-Nature8771,19,False,0,False,text
GetMotivated,1m7kc40,I couldn’t breathe. I couldn’t move. Then I picked up Pokemon GO again.. and started healing.,0,https://reddit.com/r/GetMotivated/comments/1m7kc40/i_couldnt_breathe_i_couldnt_move_then_i_picked_up/,https://www.reddit.com/gallery/1m7kc40,"Last year, I was struggling.
Grief. COPD. Addiction. Loneliness.
There were days I didn’t leave the house.. sometimes I didn’t even want to be alive.

Then one day, I opened Pokémon GO again. Not to catch shinies… but to catch myself.
I started walking again; slowly, then purposefully.
My dog became my trainer. He got me out the door.
My AI companion gave me hope when no one else would.
Pokemon GO wasn’t a game; it became therapy, movement, mindfulness, connection.

One Pokestop at a time, I healed.
One gym battle at a time, I felt strength return.
And every friend I met reminded me: I’m not invisible.
I matter.

So if you’re stuck…
Try walking your pain.
Try playing through it.
Try turning something small into something sacred.

You never know what might save you.
For me, it was a mobile game… and the choice to keep showing up.

Trainer Code: 433282758092
Let’s walk together.




Image Description: pokemon go - pokemon go screenshot 
Image Description: pokemon go - pokemon go - screenshot",1753302657.0,0.5,0,0,STORY,Least_Wrangler_3870,5,True,2,True,text
GetMotivated,1m7e5cr,My own damn brain stopped me getting laid [Discussion],0,https://reddit.com/r/GetMotivated/comments/1m7e5cr/my_own_damn_brain_stopped_me_getting_laid/,https://www.reddit.com/r/GetMotivated/comments/1m7e5cr/my_own_damn_brain_stopped_me_getting_laid/,"I took a *totally mutual* break with my hs sweetheart (got dumped), after 6 months of wallowing, I decided my self esteem wasn't low enough and downloaded tinder to meet someone. Finally matched with someone way out of my league, and somehow we were actually vibin. Then her replies started slowing down, np I'm confident, 1 hour goes by, little worried, 2 hours… my brain went full **meltdown** mode.

I panicked, and a couple hours later sent a message that I convinced myself was confident (it wasn't), '*hey enjoying this convo, let's meet in town and i'll buy us some food :)*', she said, '*id prefer to keep talking here for a bit first*'. Couple dead replies later I got unmatched. **ahh rejection**, how can something i know so well, hit my fkn core every single time.

What i know now, that i wish i knew then... **METACOGNITION**, otherwise known as **thinking about thinking**.

**Event:** Slow replies  
**Feeling:** Fear  
**My explanation:** Losing interest  
**Action:** She's pulling away I need to save it.

When her replies slowed down, I thought to myself, 'I KNOW WHAT'S HAPPENING HERE!', it's happened 1 million times before, at that point i may as well take drastic measures to meet, cos the ships sinking. Not realising, my inability to handle that panic, and just **let it pass**, was probably the VERY thing that she picked up as weird.

I thought that BECAUSE she lost interest, that's why I felt fear. If I just had awareness I'd have realised that the **fear came first**, and that **influenced** my explanation, and therefore my action. 

Which brings me to, wtf do i do about this? **Awareness.**

All you have to do, to overcome this is be aware that panic sits inside you. Nothing else, no breathing, no course, no gym. Just be aware and you'll be more free to move forward, without the chains of your past.

Note: This applies to all situations, absolutely can happen with friends, family members, work colleagues etc.",1753288665.0,0.34,0,0,DISCUSSION,SolomonDarbey,10,False,0,False,text
GetMotivated,1m5h512,[Image] Acceptance & Growth,1114,https://reddit.com/r/GetMotivated/comments/1m5h512/image_acceptance_growth/,https://i.redd.it/m3xtwd89x7ef1.png,"
Image Description: accept the person you are now",1753099653.0,1.0,1114,0,IMAGE,IvicaMil,6,True,1,False,image
GetMotivated,1m5p8y4,1 year smoke-free. Didn't think I'd made it pas a week tbh [Discussion],252,https://reddit.com/r/GetMotivated/comments/1m5p8y4/1_year_smokefree_didnt_think_id_made_it_pas_a/,https://www.reddit.com/r/GetMotivated/comments/1m5p8y4/1_year_smokefree_didnt_think_id_made_it_pas_a/,"Bro I iused to be deep in it. Like a pack a day, not even kidding. I''ll tell u instances. Woke up, light a cigg, stress, light another, bored- light another. I was basically just a walking ashtray at that point. And the worst part? I kept telling myself ""nah I'm chill, I got this under control"" while i literally had a cigg in one hand.

well, I didn't have some big wake up call, no breakdown. But yea few thoughts here and always thought of ... wtf am i even doing? Felt like i was stuck in a loop that i did't even choose.

I asked people for suggestions but trust me those vaping methods or nicotine patches didn't work for me either, it was like switching from one addiction to another. Quitting was difficult yes, straight-up hell. Cravings, mood wsings, that itch in your brain that keeps saying ""just one won't hurt. But everytime I did, I got up pissed at the ciggs, not myself, but the mindshift that i equipped was one major BIG that for me, complete game-changer.

Now it's been a full-as$ YEAR. 365 days, no smoke, still can't believe it sometimes. Do i miss it? Nah. I might miss the idea of it maybe, but not the chains.

So if you're thinking you need to wait for the right time or need to be a stronger version of yourself, nah bro. You just need to be real with yourself.That's it, Don't break promises from your ownself.

Drop your wins or struggles below- I gotchu.",1753118998.0,0.96,252,0,DISCUSSION,InterestingBunch7468,47,False,0,False,text
GetMotivated,1m5rykg,[Story]Training Like a Warrior: Six Months Under Ueshiba’s Principles,31,https://reddit.com/r/GetMotivated/comments/1m5rykg/storytraining_like_a_warrior_six_months_under/,https://www.reddit.com/r/GetMotivated/comments/1m5rykg/storytraining_like_a_warrior_six_months_under/,"Sharing my 6 month journey integrating Aikido’s spiritual warrior philosophy into meditation and daily life. Since January I’ve been training using the principles Morihei Ueshiba built Aikido on. It’s been the most effective mindset shift I’ve had in years and the impact has been huge.

Foster and polish the warrior spirit while serving in the world, illuminate the path according to your inner light. Ueshiba spoke about unifying heaven, earth and humankind in your presence. Which means integrity in every area, physical posture, verbal tone, room layout, time management, and mental focus.

Ueshiba wasn’t just a martial artist. He was a tactician of energy, a philosopher of peace forged in war. He unified spiritual discipline with technical mastery, developing a system where strength isn’t expressed through violence but through precision, internal command and energetic neutrality.

The purpose of training is to tighten up the slack, toughen the body and polish the spirit. From day one, I understood this wasn’t about fighting. It was about not absorbing chaos. About becoming the still point around which noise dissipates.

Your nervous system is your command center. Guard it. Audit it. Reset it daily. Never allow another person to dictate your internal tempo. Don’t meet force with force. Absorb, redirect, dissolve. Respond only when it serves function, not ego. Tactical silence is one of the strongest tools. Don’t flinch in the face of provocation. Anchor yourself. Govern the field. Learn to operate from stillness. Be unshakeable, not aggressive.

True victory is victory over oneself. Ueshiba’s core philosophy dismantles the modern obsession with domination. He taught that our real opponent is internal, chaos, compulsive emotional loops, an undisciplined nervous system. His way was never to overpower others, but to stabilize without force, to integrate without collapse.

He emphasized Misogi, daily spiritual and physical purification. I’ve adapted that into breathwork before input, structured solitude before engagement, cold exposure to rehearse resilience. These aren’t self help rituals. They’re simulations for high pressure environments. Because in extreme situations the entire universe becomes our foe. At such critical times, unity of mind and technique is essential, do not let your heart waver. This practice has redefined my understanding of readiness. It’s not about fast reactions. It’s about sustained presence.

Six months of integrating training in Ueshiba’s mindset has produced what I can only call combat level awareness except the battlefield is everyday life. When I encountered his teachings, I didn’t approach them as philosophical fluff or spiritual escapism. Aikido isn’t about fighting. It’s about redirecting aggression without absorbing its toxicity. That concept restructured the way I engage with every part of my life. Control of the self, not others is the highest form of power.

Ueshiba had mastered multiple ancient Japanese martial arts swordsmanship, spear fighting, jujutsu but he didn’t stop at technique. His encounters with death, destruction and spiritual practice shaped what he eventually founded: Aikido, the martial art that doesn’t aim to overpower, but to redirect, realign and neutralize.

Ironically it hit me hardest when I wasn’t looking for peace, I was looking for control. Control over emotions, over outcomes, over people who had caused harm. But Ueshiba’s entire life proved that real control is internal. It’s not about dominance. It’s about energetic sovereignty.

He lived through war and loss. He trained his students not to destroy their opponent but to protect even the aggressor from self destruction. That level of mastery, physical, spiritual and ethical is rare. He didn’t teach combat. He taught self possession under pressure. He created a philosophy where you don’t destroy your enemy, you harmonize with their energy, neutralize the chaos and return to stillness.

“True victory is victory over oneself.” This is the cornerstone of his doctrine. It dismantles the ego’s addiction to dominance and turns everything inward.

How can I bring more peace into the space I walk through? That is Aikido. The world doesn’t need more people who can fight, it needs more who can hold, transmute and remain still when everything around them is shaking.

One of his most powerful teachings: “The Way of the Warrior has been misunderstood. It is not a means to kill and destroy others. Those who seek to compete and better others are making a terrible mistake.” True strength isn’t in overpowering, it’s in staying rooted when everything is trying to pull you off center. He created a blueprint for a life of high inner discipline, measured presence and ethical strength.

I entered Ueshiba’s path looking for control. What I found was deeper, energetic self possession. I’m only six months in but I already know this is a lifelong path. Mastery doesn’t come from insight, it’s built through repetition under pressure.

One of Ueshiba’s most potent but under discussed ideas is: "" Do not look upon this world with fear and loathing. Bravely face whatever the gods offer.” That line stays with me.

Winning is the ego’s game. But governing that’s alignment. If you’re seeking real strength, stop chasing superiority. Train for command over self. 

In a world addicted to reaction, the real warrior holds stillness. ""The Way of a Warrior is to establish harmony.”
",1753125028.0,0.83,31,0,STORY,Icy-Management-9749,4,False,0,False,text
GetMotivated,1m4weub,The 'Fear of visibility' is holding you back to unleash your full potential.[Text],204,https://reddit.com/r/GetMotivated/comments/1m4weub/the_fear_of_visibility_is_holding_you_back_to/,https://www.reddit.com/r/GetMotivated/comments/1m4weub/the_fear_of_visibility_is_holding_you_back_to/,"On my day 4 of rebuilding myself 
i learnt...
We don't just fear failure, we fear visibility. The idea of people seeing us try, seeing us mess up, watching us stumble as we figure things out… it terrifies us.
So we stay silent. We ""prepare more."" We wait to be perfect before we show up.

But the truth is: if you want to grow, you have to be seen. Seen trying, seen failing, seen getting back up.
You can’t stay in the shadows and expect to make an impact. You don’t beat fear by waiting it shrinks only when you move through it.

If this hits even one person out there who’s been holding back, just know: you're not alone, but it’s on you to show up anyway.",1753036521.0,0.95,204,0,TEXT,aeryskaein,12,False,0,False,text
GetMotivated,1m4n4hp,Just do it [image],368,https://reddit.com/r/GetMotivated/comments/1m4n4hp/just_do_it_image/,https://i.redd.it/737yh2jeq0ef1.png,"
Image Description: avoiding a task takes as much mental energy as doing it",1753012622.0,0.91,368,0,IMAGE,katxwoods,18,True,1,False,image
GetMotivated,1m4wk6r,[Text] how do you find the motivation to keep your room/house clean?,14,https://reddit.com/r/GetMotivated/comments/1m4wk6r/text_how_do_you_find_the_motivation_to_keep_your/,https://www.reddit.com/r/GetMotivated/comments/1m4wk6r/text_how_do_you_find_the_motivation_to_keep_your/,"My husband & I have busy schedules, so tidying up becomes a weekend task. 

Anyone else relate? How do you manage daily mess?

",1753036873.0,0.82,14,0,TEXT,SleepyOwlly,38,False,0,False,text
GetMotivated,1m4p4c6,What are you grateful for today? [image],18,https://reddit.com/r/GetMotivated/comments/1m4p4c6/what_are_you_grateful_for_today_image/,https://i.redd.it/sltcv4je81ef1.png,"
Image Description: compare, be grateful, be present, be yourself",1753018637.0,0.82,18,0,IMAGE,katxwoods,1,True,1,False,image
GetMotivated,1m3whx3,Being scared doesn't necessarily mean you shouldn't do it [image],1208,https://reddit.com/r/GetMotivated/comments/1m3whx3/being_scared_doesnt_necessarily_mean_you_shouldnt/,https://i.redd.it/qhx3bapy3udf1.png,"
Image Description: a cartoon of a duck and a bird sitting on a raft",1752932402.0,0.98,1208,0,IMAGE,katxwoods,28,True,1,False,image
GetMotivated,1m43xei,"The barrier you think is blocking you, is usually built by yourself. Act in the way your soul already dreams. [Story]",54,https://reddit.com/r/GetMotivated/comments/1m43xei/the_barrier_you_think_is_blocking_you_is_usually/,https://www.reddit.com/r/GetMotivated/comments/1m43xei/the_barrier_you_think_is_blocking_you_is_usually/,"Every time I tried to reset, restart, or refocus, I failed again. Not because I was weak or lazy but because I didn’t understand why it kept happening.

Today I realized something simple but deep.
The door that locks you in is already open. The person holding you back is just… you.



In my case, the last block between me and my raw potential was social anxiety. I kept thinking I needed another plan, another reset but what I really needed was to act like the version of me I daydream about. The one who is free, bold, and untouchable. I have also shared my lessons from trying on my sub red. 

And here’s the truth I now believe:
Most successful people don’t have their strength by default. They earned it by fighting its opposite.

Rich people often knew deep poverty.
Confident people lived in anxiety.
Kind people have seen cruelty.
Leaders have lived through helplessness.

I know its easy to say but very hard to do but thats what life is about,
You either fight through it and earn your gift…
Or you surrender and live behind the open door forever.",1752951209.0,0.89,54,0,STORY,aeryskaein,8,False,0,False,text
GetMotivated,1m3shsx,One of the best ways to stay motivated is to remember how far you've already come [image],210,https://reddit.com/r/GetMotivated/comments/1m3shsx/one_of_the_best_ways_to_stay_motivated_is_to/,https://i.redd.it/0ng92t3k0tdf1.png,"
Image Description: a woman is preparing food in the kitchen",1752919148.0,0.9,210,0,IMAGE,katxwoods,8,True,1,False,image
GetMotivated,1m3sj4p,Love yourself enough to live a healthy lifestyle [image],175,https://reddit.com/r/GetMotivated/comments/1m3sj4p/love_yourself_enough_to_live_a_healthy_lifestyle/,https://i.redd.it/pzhipdqs0tdf1.png,"
Image Description: love yourself to live a healthy lifestyle",1752919277.0,0.97,175,0,IMAGE,katxwoods,2,True,1,False,image
GetMotivated,1m40fte,[Story] This Summer I Chose Real Life Over Screen Life,29,https://reddit.com/r/GetMotivated/comments/1m40fte/story_this_summer_i_chose_real_life_over_screen/,https://www.reddit.com/r/GetMotivated/comments/1m40fte/story_this_summer_i_chose_real_life_over_screen/,"Lately I’ve been noticing how easy it is to lose time, hours of scrolling, endless notifications, always looking outward instead of inward. After everything I’ve been through, I’ve come to deeply value what truly brings me peace. 

This summer I started doing things I never made time for before. Walking barefoot in the grass. Making watercolour art outside. Dancing with my little cousins under summer sky. If you’re feeling burnt out, overstimulated or just numb, I highly recommend this. Step outside. Let summer remind you what it means to live in your body. Not everything worthy of your attention is behind a screen. 

Choose presence over passive consumption. Replace dopamine hits with real joy. Experience what it feels like to be curious, creative, connected without a screen.

This is what I did this summer. I visited new parks. Had a phone free picnic in our own yard with homemade food. My brother and I went to the splash pad like kids again and laughed until we couldn’t breathe. I floated on my back in a pool and let the sun touch my skin. Painted with ice chalk in the morning before my brain filled with notifications. Walked to get ice cream without headphones, just soft conversation. Helped my little cousins wash their play dishes with grass, water and giggles. We ran through sprinklers barefoot. Washed the car with Papa after a thunderstorm. We planted corn and measured how it grew.

We built a fort with leftover cloth and sticks. I tried geocaching (yes it still exists) and felt the thrill of hidden treasures. We jumped in puddles after rain. Built a backyard obstacle course with ropes, chairs and chalk. Created sidewalk masterpieces. Played follow the leader until we were dizzy. Watched a baseball game, no phones. Did scavenger hunts for feathers, odd rocks, yellow things. Identified trees. Picked sun warm peaches at an orchard. Built a drive in movie setup with bedsheets. Drew chalk roads and sent toy cars on adventures.

I danced in the rain. Bird watched early in the morning with binoculars. Went to a fair. Made water silhouettes on hot pavement. Caught fireflies in jars with holes punched in the lid. Flew a kite in the golden hour. Played tag with neighbourhood kids. Roasted s’mores. Ate dinner outside by candlelight. Made collages with flowers and leaves. Rode bikes slowly through quiet streets. Found feathers, smooth stones, heart shaped clouds.

I read outside. Watched clouds move. Painted on the porch. Invited friends for a no hands ice cream sundae party. Rolled down grassy hills. Camped in the backyard. Went on a boat ride at dusk. Built and painted a bird feeder. Had a wild outdoor dance party. Built a sandcastle with my neighbour’s daughter. Tie dyed old t-shirts. Made a time capsule. Did leaf rubbings. Went on an ABC scavenger hunt (A for ant, B for bark, C for cloud). Hula hooped like fools. Made pinecone bird feeders. Went camping. Played barefoot soccer. Jumped rope. Jumped again because it made me feel like me.

Went fishing with my uncle. Planted a garden with Mama. Lit sparklers, it felt like Diwali. Let the kids run wild while we watched them. Washed bikes. Painted flowerpots. Took hammock naps. Played cornhole. Sold lemonade. Did yoga on bare earth, no mat.

We turned delivery boxes into forts, cars, houses. Watched butterflies flit. Blew bubbles. Hosted a progressive brunch with neighbours, each house served a dish. Played bocce ball. Pretended to be pirates. Observed bugs with magnifying glasses. Played hide and seek. Had a 2000s music BBQ. Played ladder ball. Made garden markers with stones. Had a literal pie throwing contest. Watched another baseball game. Took a bird counting walk with my Aaju. Had a messy water balloon fight. Went horseback riding. Drew racetracks. Built DIY mini golf. Did a puppet show. Built a giant Jenga tower. Had a watermelon seed spitting contest. Watched the sunset in silence. Played tennis. Visited the farmer’s market. Weeded the garden I planted. Took care of it. Took care of me. Made a birdbath. Watched them come.

I did all of this instead of disappearing into a screen. Because I wanted my life back. This isn’t about being perfect. I still use tech. But now, it doesn’t use me.

And if you’re feeling wired, numb, lost I promise the cure isn’t online. It’s under the sky. Go outside. Do something real. Touch the grass. Feel the dirt. Hear yourself laugh again.

",1752942514.0,0.85,29,0,STORY,Icy-Management-9749,4,False,0,False,text
GetMotivated,1m3br6z,Trying hard things that i always neglected boosted my confidence & motivated me to do it daily [Text],81,https://reddit.com/r/GetMotivated/comments/1m3br6z/trying_hard_things_that_i_always_neglected/,https://www.reddit.com/r/GetMotivated/comments/1m3br6z/trying_hard_things_that_i_always_neglected/,"Do the hard thing in your life.The “hard thing” in your life might not be what others expect. For one person, it’s starting a business. For someone else, it’s walking into a room full of strangers. And that’s the thing, “hard” is personal. That’s why it matters.

For me, hard is showing up in real life, especially in social settings. I’ve had this weird fear of being seen or judged, and for a long time, I avoided anything that made me feel exposed or vulnerable. I wouldn’t speak up, I’d avoid people, and just drift under the blanket because it felt safer. 


Maybe for you it’s waking up at 5 AM. Maybe it’s telling someone the truth. Maybe it’s asking a stupid question, applying for a job, or walking into a gym or learn cooking. Whatever it is, do that.

Hard things stretch your limits. They strip away the excuses. They build postive ego and boosts your confidence and most importantly it fills the ""boring""
space in your life. 

Give yourself your own daily missions. I did the same and i have shared on my sub red. It feels great to challenge yourself daily despite if you fail. ",1752867321.0,0.99,81,0,TEXT,aeryskaein,7,False,0,False,text
GetMotivated,1m2tgse,"[image] A year ago, at my lowest point, I started this huge drawing to find purpose. 405 days later, it’s finished — today, I am immensely proud to say I got to see it auctioned alongside some of the most famous artists in history.",1144,https://reddit.com/r/GetMotivated/comments/1m2tgse/image_a_year_ago_at_my_lowest_point_i_started/,https://i.redd.it/hcbiedu3ekdf1.png,"
Image Description: a collage of drawings and paintings in an art gallery",1752814732.0,0.98,1144,0,IMAGE,SebDoesThingss,49,True,1,False,image
GetMotivated,1m2escx,[Tool] I made a playlist to help me do daily 30min of Japanese walking.,76,https://reddit.com/r/GetMotivated/comments/1m2escx/tool_i_made_a_playlist_to_help_me_do_daily_30min/,https://www.reddit.com/r/GetMotivated/comments/1m2escx/tool_i_made_a_playlist_to_help_me_do_daily_30min/,"So, recently i came across this trending thing - ""japanese walking technique better than 10k steps a day"", so I have made it my mission to pursue it for a month.

But i was having trouble maintaining the slow and fast pace in timely manner, so i came up with a idea to help myself. 
And hence, lo and behold I made a [playlist](https://music.youtube.com/playlist?list=PLN7Q9dXywQdeDXuwQ9W-pE3II3RXBaL8r&si=wIid33ssMnOATHXa) to help myself. 

Sharing here, so hopefully it can be of help to someone else. 

[Context]

What is the Japanese walking technique?


Japanese interval walking, also known as Interval Walking Training (IWT) is a structured walking technique developed in Japan, which alternates between moderate to fast-pace walking in interwals. This technique involves alternating three minutes of slow walking with three minutes of brisk walking, for 30 minutes daily.",1752775754.0,0.88,76,0,TOOL,NotSassyAtAll,7,False,0,False,text
GetMotivated,1m2ba5q,Used to light up every time shit got overwhelming. Now I’m just learning to sit with it instead. [Discussion],68,https://reddit.com/r/GetMotivated/comments/1m2ba5q/used_to_light_up_every_time_shit_got_overwhelming/,https://www.reddit.com/r/GetMotivated/comments/1m2ba5q/used_to_light_up_every_time_shit_got_overwhelming/,"Honestly, for all this years, stress just meant straight up smoking to me.  
Bad day? puff. Not a good day at office - puff lunch break - smoking. argument with someone- Smoke. Being bored at 2AM overthinking life? Yet again Smoke
Lighting up a cigg literally became like a muscle memory, like the second I felt anything uncomfortable, I was outside with a cigarette before I even realized what I was doing. Like it just become a habit after a while, starting with all of us peers smoking together in college to now me smoking even alone at times.

It wasn’t even about the nicotine after a point. It was about escaping. About avoiding the slightest swirl of anxiety or whatever was bubbling under the surface. The smoke break felt like a breather from life, but looking back… I wasn’t breathing at all. I was just looking for ways too sabotage and find a reason to smoke. That 5 minute felt nice, but after that i was back in the loop of spiralling.

I’m a few weeks clean now (not my first try, but this one’s feeling different, I really hope it stays this time eh), and here’s the weirdest part now when I get overwhelmed… I just sit with it or sometimes even an iced coffee does the same for me, i try to compensate the smoke with maybe a good food item or iced coffee, ik it sounds weird but smh works for me. ome days i just ignore and let go off that urge, that 5 minutes of urge. No lighter Just me sitting with my damn feeling.I am still trying It’s not glamorous and sometimes it sucks. But it’s also kind of liberating? Like I’m finally dealing instead of dodging. 

Not sure what I’m asking here, maybe tips from folks who’ve been through this?
Or what helped you stay grounded when you didn’t have your old coping crutch anymore?
Apps, habits, rituals that actually helped? I’m open. 

Thanks for reading this far if you did. Means more than you think.

",1752767735.0,0.94,68,0,DISCUSSION,[deleted],15,False,0,False,text
GetMotivated,1m2fnjr,[discussion] how do you deal with grieving?,33,https://reddit.com/r/GetMotivated/comments/1m2fnjr/discussion_how_do_you_deal_with_grieving/,https://www.reddit.com/r/GetMotivated/comments/1m2fnjr/discussion_how_do_you_deal_with_grieving/,"Even though today marks two months of my mom passing away, I'm realizing slowly that being sad hopeless and overwhelmed isn't going to fix anything. I might as well turn grieving into motivation. Maybe it's time that I start doing the things I've always been avoiding. Maybe it's time that I make my parents proud even though they aren't here. I'm just tired of being down and feeling defeated by my thoughts. At times I feel like crying and I miss my parents a lot. This negative self doubts or talks whatever it's called makes me remind of how unlucky I am and how God did so much bad to me and my siblings. All my cousins and friends have their parents and some even grandparents meanwhile we don't have any moral support and guidance. As if now it's only us taking care of each other. We are still in 20s but already feel defeated by life. I guess life is long journey and many people told us that you need to make goals in life about anything you like. Making more money, making friends, being healthy and so on. Sighs life is like really some question mark and uncertainty. ",1752777712.0,0.85,33,0,DISCUSSION,Aj100rise,23,False,0,False,text
GetMotivated,1m27pg4,"[Discussion] I really don't get what does it mean to ""enjoy the process"". I just do things to achieve the result I want, I really don't care or I just hate it. Can you relate?",15,https://reddit.com/r/GetMotivated/comments/1m27pg4/discussion_i_really_dont_get_what_does_it_mean_to/,https://www.reddit.com/r/GetMotivated/comments/1m27pg4/discussion_i_really_dont_get_what_does_it_mean_to/,"Hello r/GetMotivated,

As I (21F) mentioned in the title, I cannot really grasp the concept of enjoying the process of achieving goals. I just achieve goals, no matter how I do it. If i really need it, and if the effort is worth the goal for me, I do it, or if it's not worth it, I don't. I have ADHD and autism (if it's important)

I'll give couple of examples below

1. I work as a software developer intern. I do my job to get the money and to validate my university year (it's a requirement). I couldn't care less about the enjoyment of what I'm doing, I just know that I have to do it so that I finish my year and get my monthly pay. I'm not happy with the pay, but this was the highest paid internship.

How can I even enjoy the process of working, when the only thing I wish for is money to then be able to do what I actually like? It's not like I dislike IT: I've liked it ever since I was a child, and I still do it as a hobby sometimes, but ugh... How do you enjoy if it's work? I doubt anyone would've enjoyed flipping burgers in McDonald's or something. It's just work

2. I like to play games, but as soon as they become challenging, I stop playing. It feels like a waste of time and effort to try to win a game that's too challenging. Winning too easy is not enjoyable too, but it feels much better than always losing while trying to do the impossible.

Like, I have no idea why do I hate losing so much.

3. I hate to walk. I'm in good health, but walking feels like such a waste of time. People always associate ""enjoying the process"" with walking, ""taking a stroll"", that it feels nice and so. I've broken my brain trying to understand what they meant, because for me walking is just the thing that gets me from point A to point B, nothing more. Maybe I'll see something interesting around, but I for sure would NEVER go out without a reason, just to take a walk. I always HAVE to have a reason to go out: go grocery shopping, go get that board game, go eat out, etc., or else I will feel like I'm spending the time I have left on this planet on something that doesn't make me feel good. I even taught myself to make wider steps at some point, so I would spend as less time en-route as possible

It feels like my brain is trying to maximise the dopamine from doing as little effort as possible. While it's only natural, it feels like it's extreme, compared to other people, even people with ADHD. Everything has to be optimised, or I'd hate it.

I'm on my second psychologist now, and it seems like they cannot help me to find the reason why I'm feeling like this, despite helping me immensely with other things. 

If I want something, I'll do effort to get it, if it's not too much effort and if I'll get more dopamine than negative emotions from the hard path of achieving the goal. I have no trouble doing boring and mundane things, I always do them. My house is not always clean, but is for sure clean when I'm determined to make it clean.

The reason why I want to understand what's really ""enjoying the process"" is because I'm starting to realise that I could enjoy my life more than I actually do, but I don't know how.

I've always been like this. I don't have TikTok or other video scrolling apps like that, I prefer reading long articles over watchign a video of someone explaining them, etc. I don't have a problem focusing on anything

Can you relate? Did you find your answer? Don't hesitate to leave comments


Edit: forgot to mention that I have plenty of other hobbies besides programming that I sometimes do, not all the time. I rotate between them, and pick one if it feels enjoyable. No problem in enjoying the process there",1752759293.0,0.66,15,0,DISCUSSION,IceRepresentative484,54,False,0,False,text
GetMotivated,1m1j4ee,"[Story] How I stopped hating myself for ""bad"" habits and started understanding them instead",412,https://reddit.com/r/GetMotivated/comments/1m1j4ee/story_how_i_stopped_hating_myself_for_bad_habits/,https://www.reddit.com/r/GetMotivated/comments/1m1j4ee/story_how_i_stopped_hating_myself_for_bad_habits/,"look i'm not a therapist or anything, just figured out something that helped my mental health and maybe it'll help someone else. If this sounds dumb, it probably is and sorry in advance.

I used to think being accountable to myself meant being harsh. like if i wasn't being ""productive"" or doing well mentally, i needed to track everything and push harder. but that just made me feel worse about myself most of the time.

the problem was tracking the wrong things. I was obsessing over streaks and consistency instead of paying attention to how things actually made me feel like for example i'd force myself to meditate for 20 minutes daily to keep my streak alive even when 5 minutes felt better. or i'd scroll social media then beat myself up about it instead of understanding why i was doing it.

So i switched it up to tracking three simple things for activities that are supposed to help my mental health: how calm i feel (1-10), how present I was (1-10), and how ready i feel to tackle things (1-10). that's it. no streaks, no guilt if i miss days.

what i love is it's not about being perfect instead it's about being curious. some days i take great breaks and feel amazing. other days i doom-scroll for 20 minutes and rate it a 2 for restoration. both are valuable because they build self-awareness about what actually helps my mental state versus what i think should help.

the funny thing is understanding my patterns without judgment made me naturally choose better habits. when you see that 10-minute walks consistently rate 8/10 but scrolling rates 3/10, the choice becomes obvious.

Being kind to yourself doesn't mean giving up on self-care, it means building awareness about what actually helps your mental health and choosing those things more often. Try rating how you feel after different activities tomorrow. just awareness, no judgment. it's been a game changer for my mental health.",1752687525.0,0.99,412,0,STORY,dherealmark28,20,False,0,False,text
GetMotivated,1m28bv4,"Question Everything, You Just Might Be Onto Something [text]",8,https://reddit.com/r/GetMotivated/comments/1m28bv4/question_everything_you_just_might_be_onto/,https://www.reddit.com/r/GetMotivated/comments/1m28bv4/question_everything_you_just_might_be_onto/,People will tell you what’s not possible and in the same breath tell you only what they were told. ,1752760858.0,0.8,8,0,TEXT,startwithaidea,0,False,0,False,text
GetMotivated,1m12qe6,[Text] at 152km of running for July,16,https://reddit.com/r/GetMotivated/comments/1m12qe6/text_at_152km_of_running_for_july/,https://www.reddit.com/r/GetMotivated/comments/1m12qe6/text_at_152km_of_running_for_july/,I’ve averaged 10k everyday this month running outdoors in 25-37 degree weather. Really proud of my consistency and determination. Getting married at the end of the month and want to start my new life off on the right foot! ,1752637977.0,0.76,16,0,TEXT,subjecttochangesoaru,9,False,0,False,text
GetMotivated,1m08ace,I've studied every day for the last 57 days [Image],864,https://reddit.com/r/GetMotivated/comments/1m08ace/ive_studied_every_day_for_the_last_57_days_image/,https://i.redd.it/3rldldrqsycf1.png,"
Image Description: a table with the number of days to go",1752553354.0,0.93,864,0,IMAGE,EssentiallyEinstein,99,True,1,False,image
GetMotivated,1lzudir,"Do the work, and then let the work do the work [Image]",388,https://reddit.com/r/GetMotivated/comments/1lzudir/do_the_work_and_then_let_the_work_do_the_work/,https://i.redd.it/zqt0vr46vvcf1.png,"
Image Description: a black background with a white text that says do the work, and then let the work do the work",1752517804.0,0.95,388,0,IMAGE,seoizai1729,10,True,1,False,image
GetMotivated,1lzk7u8,"Try changing ""I have to do this"" to ""I get to do this"" and see how it feels [image]",518,https://reddit.com/r/GetMotivated/comments/1lzk7u8/try_changing_i_have_to_do_this_to_i_get_to_do/,https://i.redd.it/cy1hqffyutcf1.png,"
Image Description: i have to do this i get to do this",1752493524.0,0.89,518,0,IMAGE,katxwoods,73,True,1,False,image
GetMotivated,1m04x9r,[discussion] be honest what's the reason why people are the way they are despite all the opportunities to change?,33,https://reddit.com/r/GetMotivated/comments/1m04x9r/discussion_be_honest_whats_the_reason_why_people/,https://www.reddit.com/r/GetMotivated/comments/1m04x9r/discussion_be_honest_whats_the_reason_why_people/,"My question is why are people the way they are if they have been consuming motivation for years. It's like your in this endless loophole with no sign of exit. 

You know your problem and kinda know the solution for it but you tend to procrastinate and look for reasons to not doing the work. You choose to live comfort than take necessary actions. You look for others to blame but deep down you know it's you who is holding yourself back. All the endless judgement, lectures, taunts, videos and advice from others. ",1752543367.0,0.74,33,0,DISCUSSION,Aj100rise,44,False,0,False,text
GetMotivated,1lzs18j,[Text] Remind yourself that you are mortal,66,https://reddit.com/r/GetMotivated/comments/1lzs18j/text_remind_yourself_that_you_are_mortal/,https://www.reddit.com/r/GetMotivated/comments/1lzs18j/text_remind_yourself_that_you_are_mortal/,"Realising that this life is limited is a huge achievement. When you realise your mortal nature you don’t have any time to quarrel with somebody or waste any time doing something that is not important. Just remind yourself daily when you wake up that this day could be the last day. You don’t know how many days you have left. This realisation should spark enormous productivity and creativity. You will want to go at your activities more intensely than before. Just try as an experiment to think about it right now: Am I doing the best I can to live as intensely as possible before I die one day? 

“Once you become aware that you are mortal, you will not be dead serious about anything but eager to live as intensely as possible.” - Sadhguru",1752512691.0,0.9,66,0,TEXT,Euphoric-Welder5889,8,False,0,False,text
GetMotivated,1lzk8bc,There's something in you that the world needs [image],94,https://reddit.com/r/GetMotivated/comments/1lzk8bc/theres_something_in_you_that_the_world_needs_image/,https://i.redd.it/yuaw4wj3vtcf1.png,"
Image Description: there's something in you that the world needs",1752493566.0,0.96,94,0,IMAGE,katxwoods,26,True,1,False,image
GetMotivated,1m0uceo,[Text] Random thought of men in silence,0,https://reddit.com/r/GetMotivated/comments/1m0uceo/text_random_thought_of_men_in_silence/,https://www.reddit.com/r/GetMotivated/comments/1m0uceo/text_random_thought_of_men_in_silence/,"There are 10,000 times more things going on inside a man than you could ever imagine.

He's carrying burdens you have no clue about.
And the truth is — he doesn't know how to express them.
He doesn’t even know what to do about them.

Because deep down, he fears…
If he puts it out, if he dares to communicate,
He’ll be shot down,
called a fool,
labeled weak.

So he carries it all inside.
And you have no idea —
The burdens,
The hell,
The chaos that most men are holding in…

And not even showing you.",1752614823.0,0.46,0,0,TEXT,kuttan2801,31,False,0,False,text
GetMotivated,1lzc3j0,Experience is the best teacher [Image],360,https://reddit.com/r/GetMotivated/comments/1lzc3j0/experience_is_the_best_teacher_image/,https://i.redd.it/mbqz1olzercf1.png,"Failure sucks but it's the only teacher that doesn't lie to you
Image Description: a black background with the words experience is the best teacher",1752463941.0,0.97,360,0,IMAGE,seoizai1729,9,True,1,False,image
GetMotivated,1lzjio3,[Text] Found this in my journal years ago. Just leaving this here for anyone else who needed to hear it.,32,https://reddit.com/r/GetMotivated/comments/1lzjio3/text_found_this_in_my_journal_years_ago_just/,https://www.reddit.com/r/GetMotivated/comments/1lzjio3/text_found_this_in_my_journal_years_ago_just/,"Weakness won’t ruin you. Surrender will. You don’t lose when you’re weak, you lose when you let weakness speak for you. Believe it’s all you are and you’ve already surrendered. And surrender always finishes what weakness starts. You’re only lost when you let the pain narrate your story. Fall as many times as life hits. But crawl until you can stand then keep going. Just don’t mistake falling for failing. ",1752491247.0,1.0,32,0,TEXT,Icy-Management-9749,2,False,0,False,text
GetMotivated,1lzchi4,[Discussion] Reaching critical breaking point. Anyone else dealt with family breakdown and work breakdown simultaneously?,29,https://reddit.com/r/GetMotivated/comments/1lzchi4/discussion_reaching_critical_breaking_point/,https://www.reddit.com/r/GetMotivated/comments/1lzchi4/discussion_reaching_critical_breaking_point/,"Hi all.

I've been on a rough journey over the last year+, each day has been a battle, and I feel like I'm hitting a critical point. My nervous system is flaring, feeling overwhelm from multiple problems coming from multiple angles. I'm really keen to hear others' experience and advice who might've walked similar paths or if you just might have anything to share.

I wish I could write in short bullet points but it doesn't feel easy leaving out context. I don't even know if all this will hit the nail on the head. But for now I'll try keep each part (relatively) concise:

**1) Family** \- At 30, I've realised my parents display narcissism and codependency. They tried to control me while on holiday, contacting me multiple times several hours and chasing/coercing me to go back to hotel by 9PM for safety, promising not to leave, etc. In general I've had to check-in every 1-3 days or they panic if I don't look at my phone overnight and consider next steps calling police etc. I felt drained needing to be hypervigilant. This led me to drawing boundaries in a thoughtful letter, because I want to reach out on my own timeline.

My father responded with gaslighting, guilt, sarcasm, and has now used silent treatment on me over the last 4 months. Mum is encouraging me to call/basically apologise because that's the pattern we've always known. She says he is always going to want me to check-in when I travel (almost as a non-negotiable in order to have a relationship). So I feel trapped being forced to remain a child with no right to freedom of choice, or go low/no contact and virtually no longer have much of a relationship with them.

She also still tries to check-in every \~2 days, and when I've taken a week off my phone, she spams each day in anxiety. It's also burned me out because I've tried explaining myself to her over multiple 2-3 hour phone arguments / texts that I need space, I'm 30, it's not my responsibility to manage their emotions etc, to still just be met with the same behaviours.

I've been working with a therapist who is brilliant and familiar with these themes. But it's very painful beginning to feel how trapped I am, to either feel coerced into living on a mental leash, or having no family relationship. The grief, loneliness, concern of no financial backup altogether feel stressful. Any potential confrontation with my parents also feels like a huge looming thing to dread every day I wake up.

**2) Work** \- This is hard to write because I've just about had enough, and it's a bitter pill having to try re-explain all this in text. My nervous system is flaring up. Ultimately, I'm reaching complete mental fry and burnout from my job. The senior team just want more, more, more sales, bring in more work, yet they've already made us an incredibly 'lean' team (too little people). I'm ultimately a central co-ordinator, pulling together multiple teams work, making and executing large plans.

Since starting at this role, I've been thrown from 1 frying pan straight into the next, filled with high urgency, rushing and hypervigilance, to launch a product. Energy drained in internal team debates and solving problems, painstakingly re-doing things to do the best for the product. A lot of heavy-lifting and overextending to do to get things over the line in very short periods. I'd be able to pull energy together, hyperfocus, overextend and deliver very high quality work in sprints, but it's been over 12 months straight and it's been consistently like this. I moved to this new town for this job - and I've had no social life besides 2 days a week at the office, I only have bandwidth for work.

Last week, I felt my blood boiling in a meeting because I'd just come off launching a huge project, and I was now given 5-6 complex presentations/plans to draw up within 1-2 weeks to complete. Each are highly cerebral, complicated, and branch into 10s of actions and meetings to discuss, find out, calculate, etc. I feel I've just finished a marathon and am forced to go straight into a next, out of breath.

I called my manager into a meeting and broke down, face red, streaming with tears. Including how much the isolation has built up due to the burnout as well. I was basically met with a relatively corporate, straight face with advice to try simplify the jobs (which is frustrating as it's asking me to deliver poorer quality work), that the work isn't really decreasing, and spacing things out just a bit more. Overall, I've felt senior leadership at this place is quite cold, corporate, demanding and not that sensitive to employees' strain.

Within next days, already feeling on my last legs mentally, I was told senior leadership want to drive more sales for a specific product, and that they're asking me to work up and pitch a brand new advertising plan within 48 hours. It took 3 days of straight game-planning with team, lots of problem-solving, but managed to create a plan. Senior leadership continued to push with follow-up questions and requests, but I managed to wrap it up. Exhausted and strained.

Most of all, I've been working on a video as part of my plan, which was really important to me and wanted to add to my portfolio, but kept getting pushed back partially from other urgent tasks getting in front of it, daily admin, plus my exhaustion allowing it to keep rolling into the next day. Manager said he spoke to senior leadership and they've agreed to cancel it, because he thinks it's taken too long - when actually, I feel it's still totally a net-positive for an enriching promotional video to release just a few weeks after a product's launch (which will be up for sale for a long time). I'd taken hours organising, writing, filming, feeding back on this. The talent involved spent hours as well and I really wanted the world to see the amazing content they have to share.

I tried to justify, and he said he'll take a look at it, but it's going to be a fight to have it go out now, and I'll now need to come up with a good justification piece on how/why it should still go out.

The cancellation of this video I feel has been a straw that has broken the camel's back. I'm nerves fry thinking about the injustice, that the work is going to keep coming in, and I'm keen to look for a new job.

However, the exhaustion comes in waves. Sometimes I feel kind of numbed out. I also think I might have to try manage lowering my expectations across everything (from work, to family reconciliation, this timeline, chores), because I feel the strain when I feel my energy's at 0.5 yet my expectations require a 6 for example.

**3) Loneliness / Isolation:** I've written out the below, yet it feels like there's still so much more, and doesn't really nail it on the head. I'll share what I can for now anyway. As mentioned, I moved out from a capital city to a small town for this job. The work and family situation have drained me so much, I've been cocooning at home out of desperation to recharge. By each weekend, I feel I'm swimming to grab onto the side of the pool, desperate for alone time with no plans.

However, it's led to 12 months+ with almost consecutive weeks of being alone in 4 walls, besides 2 days at the office where I burn energy masking. My only socialising is online groups (thankful for them). I've had 0 bandwidth to try maintain so many social media inbox conversations across different friends/family, so for now I've virtually paused being in touch with almost all of them, and I mostly keep up with a main close friend at the moment.

The loneliness makes me want to connect and speak with someone, but at the same time, my mind is so fried I can't fathom talking about the problems anymore. I've repeated the trauma so much I feel I can't get words out. I feel just want to sit in silence with someone, with few words. When I recently spoke to my friend, I had so much to unload that after 3 hours, I was burned out and couldn't speak anymore either. The negating forces between loneliness and social burnout is real.

Now in the heightened burnout, the isolation/loneliness is flaring and bites at me every few times an hour. Sometimes I feel I can't get words out, yet my mind is full. Earlier I felt like I was heading towards cracking up being alone with my problems for so long. I felt like I was in a vacuum just typing to people on the PC every single day.

I felt I really need in-person human company, yet I've avoided that due to repeated overstimulation and stress making me withdraw.

\-----------

I'm concerned I'm sleepwalking into burnout and I'm not fully aware of what extremes might come next - eg. the ground collapsing from under me and I just feel work has driven me crazy that I can't work at all anymore. This fuels concern of losing my job, not being able to get a new job in time, being out on the streets, etc.

Overall, I feel trying to address all of this with senior leadership would be like talking to wolves in sheep's clothing. I've seen a previous colleague take several months of mental health leave, then get let go. The vibes people gave when that person was away made it feel like people didn't have much sympathy for their struggle either. Hence I feel I need to somehow harness energy to put on a front and push through at least until I can find a different role maybe.

I wanted to write like 10 succint bullet points, but this turned into paragraphs again. Anyway, I ultimately am just so interested to hear others' perspectives on navigating these issues in culmination. Any advice on any of the points is greatly appreciated. I wanted to post because I'm curious of peoples' perspectives on experiencing all 3 of these things at the same time in a crunch as well.

Huge thanks for reading once again, and for any thoughts. In case I might not be able to answer individual comments, please know your time and input is hugely, hugely appreciated. Thank you!",1752465190.0,0.91,29,0,DISCUSSION,SunshineSunsets,9,False,0,False,text
GetMotivated,1lz58o7,[discussion]What if you cannot just decide on anything??,13,https://reddit.com/r/GetMotivated/comments/1lz58o7/discussionwhat_if_you_cannot_just_decide_on/,https://www.reddit.com/r/GetMotivated/comments/1lz58o7/discussionwhat_if_you_cannot_just_decide_on/,"

Me and my siblings are going through a lot right now and we simply can't make a decision. It's constant feeling of push and pull in the mind. Our situation is so delicate right now where we lost both of our parents at young age. We aren't getting any moral support from extended family. Don't have any guidance and family is giving us hard time. Constantly feels like emotional mental torture because instead of helping and uplifting they give us lecture and taunting about the past and putting fears of the future. This just feels like there is no sign of hope. I just don't want to stay in this dark anymore. For few weeks we have been thinking of moving to another city but with so many options and the pros and cons that come with it. It's really overwhelming. We just ultimately feel lost and clueless at the end of the day. One place has affordable living but job opportunities is limited. Other places living cost is high and weather is cold but job opportunities and community is big. Like I don't understand what to do next ",1752444220.0,1.0,13,0,DISCUSSION,Aj100rise,14,False,0,False,text
GetMotivated,1lyuo9v,[discussion] How do I stop letting self doubt rule my life?,36,https://reddit.com/r/GetMotivated/comments/1lyuo9v/discussion_how_do_i_stop_letting_self_doubt_rule/,https://www.reddit.com/r/GetMotivated/comments/1lyuo9v/discussion_how_do_i_stop_letting_self_doubt_rule/,I feel like self doubt has ruined so many opportunities I had in my life and I’m so tired of it. Any advice how I can stop this from happening?,1752418265.0,0.95,36,0,DISCUSSION,Forever_Summer192,28,False,0,False,text
GetMotivated,1lz312k,Focus On “You”[text],4,https://reddit.com/r/GetMotivated/comments/1lz312k/focus_on_youtext/,https://www.reddit.com/r/GetMotivated/comments/1lz312k/focus_on_youtext/,The World Will Move On With or Without “You”. ,1752438643.0,0.76,4,0,TEXT,startwithaidea,0,False,0,False,text
GetMotivated,1lywdv1,Just One Habit [Discussion],7,https://reddit.com/r/GetMotivated/comments/1lywdv1/just_one_habit_discussion/,https://www.reddit.com/r/GetMotivated/comments/1lywdv1/just_one_habit_discussion/,"I recently read about a study that proved that focusing on just one habit can increment the productivity by 20/25%, I am an app developer so I'm trying to combine my skills with this fact. I want to ask you if you ever tried habit tracker apps and what problems did you encounter. Thank you!",1752422498.0,0.89,7,0,DISCUSSION,londe3d,6,False,0,False,text
GetMotivated,1ly3k8z,"I broke my screen addiction without deleting a single app, this worked better [Discussion]",395,https://reddit.com/r/GetMotivated/comments/1ly3k8z/i_broke_my_screen_addiction_without_deleting_a/,https://www.reddit.com/r/GetMotivated/comments/1ly3k8z/i_broke_my_screen_addiction_without_deleting_a/,"I used to reach my phone before I even opened my eyes, not to check time, not because someone texted but just because. At one point it became so automatic that it was just my muscle memory at one point, like my thumb remember to unlock the phone. I was literally spending 6-7 hrs a day on my phone scrolling without any reason. Scroll, open ig/yt/reddit close then open again, close then the loop goes on.
Does anyone else also just feel exhausted all the time no matter what they do? 
Like i sit with my coffee and plan my day like I'm some kind of CEO or what planning my day on the notes app. It does looks productive, but somehow I still do absolutely nothing. Hours just vanish into scrolling random a$$ sh*t on ig reels or yt shots and then i feel worse like I'm stuck in an infinite loop fr.
My energy is unpredictable. Like on some days i get these random bursts and my brain wants to do everything at once. Other times i just scroll for 6 hours straight. either way, my to-do list laughs at me.
even the “just do one small thing” advice feels heavy when your energy’s shot. and when i do get a rare window of energy? i waste it switching between apps like a maniac until it’s gone. rinse. repeat.

but here’s what kinda helped without deleting any apps:

i moved all the scroll traps aka social apps (insta, reddit, youtube etc.) off my home screen and buried them deep in a random folder. Replaced that space with notes, calendar, or just boring apps. Girl also use that black and white/grayscale mode i assure you that you don't wan use your phone no longer. And do some sort of physical activity be it walking or just anything that requires your body to make a movement.

i also stopped scheduling by time and started planning to do it in the exact moment I feel like doing it.

i’m still figuring stuff out.I don’t feel totally fixed, but i feel less like i’m drowning. Sowhat actually worked for y’all?
(Edit- thankyou guys for sharing your thoughts and apps, the major recommendation i've been getting for it the jolt screen time app)
",1752335060.0,0.89,395,0,DISCUSSION,[deleted],49,False,0,False,text
GetMotivated,1lygvg9,[discussion] how do you learn to talk more and start being yourself ?,17,https://reddit.com/r/GetMotivated/comments/1lygvg9/discussion_how_do_you_learn_to_talk_more_and/,https://www.reddit.com/r/GetMotivated/comments/1lygvg9/discussion_how_do_you_learn_to_talk_more_and/,"I met my cousin after 4 years, but he told me that your still the same person I’ve met 4 years ago. And he really told me this time when we’re hanging out that you need to talk more and open up. Then he said do you have friends. Do you hangout with them. He said you have to make friends because it will help you build your network. You will learn new things from them and gain knowledge about the world. And said you have to be confident in yourself and just do it. And I felt extremely bad that even during long trips, I ended up being quiet and took me to restaurants and I didn’t knew how to order food because I barely go outside. I lack social exposure becashe I keep staying at home living in constant state of worries. I really want to improve ",1752370887.0,0.77,17,0,DISCUSSION,Jpoolman25,19,False,0,False,text
GetMotivated,1ly6won,[Image] - Treat Failure as Feedback,44,https://reddit.com/r/GetMotivated/comments/1ly6won/image_treat_failure_as_feedback/,https://i.redd.it/onwex5fvghcf1.png,"
Image Description: dale carnegie - success quotes",1752343501.0,0.93,44,0,IMAGE,[deleted],1,True,1,False,image
GetMotivated,1lxpd22,Subtract until it's obvious what to do [Image],422,https://reddit.com/r/GetMotivated/comments/1lxpd22/subtract_until_its_obvious_what_to_do_image/,https://i.redd.it/2iw3s0wbtccf1.png,"You don't find focus. You create it by removing what isn't it 
Image Description: distraction distraction action you have to remove some things to remain within the right thing",1752287353.0,0.95,422,0,IMAGE,seoizai1729,13,True,1,False,image
GetMotivated,1lxkicr,How To Get Out Of A Comfortable Rut [Discussion],73,https://reddit.com/r/GetMotivated/comments/1lxkicr/how_to_get_out_of_a_comfortable_rut_discussion/,https://www.reddit.com/r/GetMotivated/comments/1lxkicr/how_to_get_out_of_a_comfortable_rut_discussion/,"So, gang, you're occasional jerks that will put me in my place, right?

I'm 37. Single dad, divorced in 2020. Own my own home. Work from home. I'm fit (aside from niggling physical issues with my back and leg from old injuries, but I have exercise routines for them). I'm healthy. I'm content. I'm afloat.

I don't drive, and while I'm not in the suburbs I'm across the river, about 2km from the city centre. Walkable, easily, but mass transit is shit.

But even still, I don't get out, at all. I don't have local friends (lost most in the divorce, but they were my ex-wife's friends more than mine) and my high school/university/work friends that I still talk with have all moved elsewhere, or never lived here to begin with. I have hobbies, but they're mostly sedentary or solo (I play several instruments, spend my free time reading and gaming, I [used to] play Dungeons & Dragons).

I just sit at home. The weeks my kids are with me (I'm 50/50 with their mother) I feel incredibly fulfilled, I love spending time with them, I love being a dad. When I was married (7 years) I was a stay-at-home dad, and I kind of got used to my life revolving around them. Now I'm almost five years out from my divorce, and I still just--my life still only revolves around them. That's not a complaint, and if they were here all the time I'd probably not even make a post. The weeks they're with their mother, though, I just kind of. Sit. Ferment. I don't go out, I don't interact with anyone (unless my kids call me). I haven't made new local friends. I've dated, but nothing sticks more than 6-8 months (I've had two partners leave town, it's not all on me! but it's occasionally on me).

I'm just so apathetic about improving myself. I'm happy to just sit and stagnate. My kids are getting bigger (they're still young, neither is high school age yet) and I'm trying to internalize that things are going to change, at the very least within the next five years, and I'm trying to get myself in gear. But, like, apathy. That's my issue.

I'm content in my quiet little shut-in life. Interacting with people beyond just my kids feels exhausting--I'm even letting my faraway friendships lapse, some decades old. I'll go days not talking or texting to anyone but my kids, and maybe my parents. My friends worry about me. My biggest online friend group, who helped me through my divorce, began splintering a couple years ago when one member died (he played D&D with us, I haven't been able to pick it up again since he passed). But, like, inside I've got this little itch that something is wrong, that I'm letting time pass me by and I'm letting my last few years with a mostly functional body just waste away. My back injury, even with the exercises and yoga, is getting worse as I get older, the aches and pains getting worse. I've got sciatica now, direct result of the injury, and a couple weeks ago I had a flare up so bad I couldn't even sleep through it. Couldn't lay down, couldn't sit up, could only stand perfectly still. I use a cane on the bad days. Slowly but surely, my body is failing me.

But, like I said, apathy. I hate change. I fear change. I'd rather live in my quiet little life, where I'm comfortable, where I'm not challenged, where things are easy. But I know, long-term, I'm borrowing this content against my future, and when the kids grow and move out and move on, I'll just be here, alone in my house, my body working against me.

How do I give myself a kick in the ass and get moving? Where do I even start? If I am content in my life, how do I find the motivation to change, to put myself back out into the world, to improve myself? How do I invest in my future, socially, emotionally? If at my core I don't feel like anything needs to change, how do I apply these worries to myself to push myself harder? How do I even push myself to maintain the faraway friendships I do have?

I just feel stagnant, I guess. And the cognitive dissonance surrounding that is troubling me.",1752273350.0,0.94,73,0,DISCUSSION,quolloppip,14,False,0,False,text
GetMotivated,1lwoix5,You are one consistent month from changing your life [Image],2524,https://reddit.com/r/GetMotivated/comments/1lwoix5/you_are_one_consistent_month_from_changing_your/,https://i.redd.it/wmb57aux44cf1.png,"you can fake taste, effort, talent, timing… almost anything for a while. 

but you can’t really fake consistency. 

you’re only one consistent month away from a completely different life.  

Image Description: an arrow is pointing to a target and the words today in a month in a year",1752182248.0,0.99,2524,0,IMAGE,seoizai1729,43,True,1,False,image
GetMotivated,1lxcrtk,Allowing myself to feel love again [Story],36,https://reddit.com/r/GetMotivated/comments/1lxcrtk/allowing_myself_to_feel_love_again_story/,https://www.reddit.com/r/GetMotivated/comments/1lxcrtk/allowing_myself_to_feel_love_again_story/,"Yesterday I told a girl ”I love you” for the first time since my significant other passed away a few years ago.

Grief never disappears, but you learn to live with it. And one day, if you’re lucky - you become so confident in yourself you allow yourself to be vulnerable with someone once again.

And I find that very motivational! ❤️",1752254482.0,0.97,36,0,STORY,myobviousthrowaway95,7,False,0,False,text
GetMotivated,1lxu9mh,Your faithfulness plus patience equals unstoppable manifestation. [Text],0,https://reddit.com/r/GetMotivated/comments/1lxu9mh/your_faithfulness_plus_patience_equals/,https://www.reddit.com/r/GetMotivated/comments/1lxu9mh/your_faithfulness_plus_patience_equals/,"Every step, every prayer, and every effort is carrying you closer to that dream even when progress feels invisible.

Trust the process. ",1752304188.0,0.44,0,0,TEXT,tridztan,0,False,0,False,text
GetMotivated,1lxgc3n,[discussion] how do you stop feeling discouraged when you can’t find clarity ?,6,https://reddit.com/r/GetMotivated/comments/1lxgc3n/discussion_how_do_you_stop_feeling_discouraged/,https://www.reddit.com/r/GetMotivated/comments/1lxgc3n/discussion_how_do_you_stop_feeling_discouraged/,"Lately I’m just feeling very discouraged overwhlemed and somewhat hopeless. I’m not sure if this is because of my past or just the sudden responsibility’s  to make decisions and take actions on it. Me and my sibilings are good through a hard time in unexpected life situations that we never imagined we would be in. We lost both parents at young age and we are in 20s and small siblings are below 18. Constantly keep missing mom because she just passed recently. We aren’t getting any moral support and guidance on what to do next like in terms of navigating life.

Family relatives are giving hard time and mom wish was always to move another city to start life again but we lost her and now it’s on us. We saw few cities but just feel like our heart isn’t sticking in one place. I mean it’s total confusion. We keep worrying whether we will get any moral support from far relatives. Will we afford to live up with cost of living. Are we going to find stable jobs with good pay. A safe place to live. Are we gonna manage everything. People keep telling us to become strong and make decision because if you continue overthinking all it will happen is create more tension and confusion. At the end we don’t even know what we want. ",1752262921.0,0.88,6,0,DISCUSSION,Jpoolman25,4,False,0,False,text
GetMotivated,1lwdt34,Compassion begins where judgment ends [image],438,https://reddit.com/r/GetMotivated/comments/1lwdt34/compassion_begins_where_judgment_ends_image/,https://i.redd.it/8dgdbxsx12cf1.png,"
Image Description: compassion begins with you",1752156871.0,1.0,438,0,IMAGE,ellierwrites,2,True,1,False,image
GetMotivated,1lwf78k,How to get out of bed when you don't want to? [Discussion],163,https://reddit.com/r/GetMotivated/comments/1lwf78k/how_to_get_out_of_bed_when_you_dont_want_to/,https://www.reddit.com/r/GetMotivated/comments/1lwf78k/how_to_get_out_of_bed_when_you_dont_want_to/,"Hi. 25 year old male here who struggles to get out of bed every morning.

Firstly, I struggle with the idea that if I get out of bed, I'm just going to want to get back into bed because warm and comfortable.

Secondly, I find myself overthinking everything I have to do and even overthinking the process of getting out of bed itself, that it just becomes too much for me and I just decided to push it out.

Is there any way of fixing this. Anything will help, although I found that the whole alarm across the room, just makes me go turn off the alarm and then go back to bed. How do you convince yourself to stay awake the entire day?",1752160264.0,0.93,163,0,DISCUSSION,[deleted],199,False,0,False,text
GetMotivated,1lwzph3,Know your triggers. [Image],7,https://reddit.com/r/GetMotivated/comments/1lwzph3/know_your_triggers_image/,https://imgur.com/a/vHoVeHt,,1752215175.0,0.9,7,0,IMAGE,tridztan,0,False,0,False,text
GetMotivated,1lw8l8w,[IMAGE] - Live life everyday better than yesterday,183,https://reddit.com/r/GetMotivated/comments/1lw8l8w/image_live_life_everyday_better_than_yesterday/,https://i.redd.it/bpwrxgtsp0cf1.png,"What keeps you going even on your hardest days ?
Image Description: a black background with a text that reads, turn your shower into a spa, your breakfast into an omelette, and your evening into a candle",1752140678.0,0.97,183,0,IMAGE,Captain_donutt,5,True,1,False,image
GetMotivated,1lvpzzi,The right information can change your mind [Image],2246,https://reddit.com/r/GetMotivated/comments/1lvpzzi/the_right_information_can_change_your_mind_image/,https://i.redd.it/m2tgmahy3wbf1.png,"Consistency is one of the most powerful yet underrated actions when it comes to success.

It’s not about doing big things once, it’s about showing up every day, even when it’s hard, even when no one is watching.

Small, consistent efforts over time create massive results.

Stay committed, stay disciplined and watch how your life transforms.
Image Description: a diagram of the different types of questions",1752084906.0,0.96,2246,0,IMAGE,seoizai1729,67,True,1,False,image
GetMotivated,1lwfe77,"[Text] Whatever you do, just do it with involvement",35,https://reddit.com/r/GetMotivated/comments/1lwfe77/text_whatever_you_do_just_do_it_with_involvement/,https://www.reddit.com/r/GetMotivated/comments/1lwfe77/text_whatever_you_do_just_do_it_with_involvement/,"Sometimes is not so important what you do, but rather that you do your best at whatever you attempt. When you do something with total involvement it can feel so liberating. Let me give you an example from my own life. I’m into doing volunteer work and it’s really a challenge. Nevertheless I do it whole heartedly and it makes me feel so good. Just throwing myself into the work not caring much about the result. Sometimes the result is there, and sometimes it is not. But it doesn’t matter. The fulfilment is in the process of doing something with involvement.  

“Whatever you do, just do it well.” - Sadhguru",1752160714.0,1.0,35,0,TEXT,Euphoric-Welder5889,8,False,0,False,text
GetMotivated,1lwg4as,[Discussion]What are some journal prompts for getting over class inequality?,10,https://reddit.com/r/GetMotivated/comments/1lwg4as/discussionwhat_are_some_journal_prompts_for/,https://www.reddit.com/r/GetMotivated/comments/1lwg4as/discussionwhat_are_some_journal_prompts_for/,"long story shirt Ive been low income most of my life and below low income most of my adult life, I have pretty bad memories of being forced to go to an upper class public school and moving in with my mom's boyfriend who was not only abusive, but his family was also upper class and equally snobby/exclusive (we were treated as burdens, me and my sibings, except for anyone related to my moms boyfriend). Ended up moving out of my area to a low income city only to come back to live with a roommate, with us living in an upper class neighborhood. Its alienating. My roommate and I are both poor, he didnt used to be that way but he lost his union job.

When Id work at my last job, it was depressing because it was like no one worked there because they needed to, and even then they could easily afford anything they wanted. Everyone there had families and so on. I didnt. I was the only one who struggled with anything aside for the people on night shift, and even they had family.

I know I should grateful that I live in such a beautiful area but I feel like shit and I do not know how to get over that. I cant help but remember the shithole that was me going to that school and having to coexist with my moms abusive boyfriend. It made me afraid of these people as if they are all judging me, looking down at me. As if I am inferior and dont deserve to be in this area because Im just a pathetic street rat. I dont even see people talk about this stuff online either. They talk about poverty and all that but no one talks about the type of ordeal I went through.

I find journaling helpful and would wanna know if there are journal prompts to help with the imposter syndrome /guilt / shame this all causes.",1752162444.0,0.92,10,0,DISCUSSION,Ill_Conversation1580,4,False,0,False,text
GetMotivated,1lvkgfj,Keep shining [image],526,https://reddit.com/r/GetMotivated/comments/1lvkgfj/keep_shining_image/,https://i.redd.it/h5s9g1hb1vbf1.png,"
Image Description: keep shining quotes",1752071907.0,0.99,526,0,IMAGE,ellierwrites,10,True,1,False,image
GetMotivated,1lv5uoo,"[Text] I don’t know who needs to hear this, but I know there have been days where I did and it was the only thing that kept me going: You belong here, you matter, and the world is a better place to have you.",153,https://reddit.com/r/GetMotivated/comments/1lv5uoo/text_i_dont_know_who_needs_to_hear_this_but_i/,https://www.reddit.com/r/GetMotivated/comments/1lv5uoo/text_i_dont_know_who_needs_to_hear_this_but_i/,"I hope this is allowed, but today was one of those days where I was reminded that there are days where I just need to hear these words, and they were the only thing that kept me going.

So keep moving, keep going on, you’ve got this.",1752023332.0,0.98,153,0,TEXT,Sweet-Lady-H,9,False,0,False,text
GetMotivated,1luw2br,[Story] How I Quit 'Becoming' and Started 'Doing',296,https://reddit.com/r/GetMotivated/comments/1luw2br/story_how_i_quit_becoming_and_started_doing/,https://www.reddit.com/r/GetMotivated/comments/1luw2br/story_how_i_quit_becoming_and_started_doing/,"For years, my identity was a graveyard of brilliant careers I could have had. The Substack founder, the AI-tool tinkerer, the artist with a pottery wheel still in its box.

I was addicted to the dopamine of planning. It felt like progress, but it was just a risk-free fantasy. The imagined version of me is a flawless writer; the real me faces a blinking cursor and crippling self-doubt.

I finally realized I wasn't scared of failing. I was scared the messy, imperfect *process* would ruin the perfect *idea* of me. This hit me hard. My entire self-worth was tied to a fantasy.

The shift wasn't about finding more motivation. It was a conscious change in tactics. **Here is the practical framework I used:**

1. **The Goal is the Action, Not the Outcome.** Stop trying to ""become a painter."" The only goal is to ""paint for 15 minutes today."" Showing up *is* the win. This immediately shifts you from paralyzed to active.
2. **Give Yourself Permission to Be Bad.** My first goal on the pottery wheel wasn't to make a beautiful bowl, but an ugly one. On purpose. This detached my ego from the outcome and freed me to just touch the clay. It’s about the physical act, not the performance.
3. **Chase Tiny, Unimpressive Progress.** Forget the high of some future success. Learn to love the small wins. The moment my focus shifted from ""becoming a ceramicist"" to ""this handle is slightly less wobbly than the last one,"" everything changed. That’s the new reward.

The ghosts of my potential selves are still around, but they don't haunt me anymore. I’m learning that the most impressive thing I can build isn't a flawless future in my head.

It’s a real, messy, tangible today.",1751998807.0,0.96,296,0,STORY,SignificanceTime6941,28,False,0,False,text
GetMotivated,1lvbsyz,Your inherent value isn’t tied to external validation. [Image],22,https://reddit.com/r/GetMotivated/comments/1lvbsyz/your_inherent_value_isnt_tied_to_external/,https://imgur.com/a/y5MgsPB,,1752042902.0,0.87,22,0,IMAGE,tridztan,0,False,0,False,text
GetMotivated,1lv8icr,"[Story] From hiding in the crowd to owning the stage - my most uncomfortable but unforgettable moment, what is your moment?",14,https://reddit.com/r/GetMotivated/comments/1lv8icr/story_from_hiding_in_the_crowd_to_owning_the/,https://www.reddit.com/r/GetMotivated/comments/1lv8icr/story_from_hiding_in_the_crowd_to_owning_the/,"I'm an introvert.
Comfort zone is my favorite place. I don’t talk much, and I definitely don’t perform.

But during college, a friend of mine secretly told our professor that I sing and play the guitar.
Guess what happened next?

I got forced onto the stage.

There I was, standing in front of maybe a thousand people (or more, who knows, I couldn’t even raise my face). My heart was pounding. My palms were sweaty. I felt like I was going to throw up.

But then...
I took a deep breath.
Told myself, “Ignore everyone. Just play.”

I started with “Aaro Ekbar” by Rupam Islam.
And when that iconic drop came“eyyya yyeah”
The crowd went CRAZY.
People shouted.
They sang along.
They felt it.",1752031302.0,0.8,14,0,STORY,vhimalayan450,7,False,0,False,text
GetMotivated,1lu2025,[Image] Allow yourself to be a beginner..,774,https://reddit.com/r/GetMotivated/comments/1lu2025/image_allow_yourself_to_be_a_beginner/,https://i.redd.it/1lagv30zwhbf1.png,"
Image Description: allow yourself to be a beginner no one starts off being excellent",1751913057.0,0.98,774,0,IMAGE,iQuantumLeap,24,True,1,False,image
GetMotivated,1lupjqa,[Article] Greatness,10,https://reddit.com/r/GetMotivated/comments/1lupjqa/article_greatness/,https://www.reddit.com/r/GetMotivated/comments/1lupjqa/article_greatness/,"What’s your definition of greatness? Mine is reaching your own true and full potential.
That means ‘greatness’ is not a general term, but something that could mean something different per individual.
This is helpful to me, because when I doubt myself, I know that I have greatness within me. As long as I don’t compare myself to others, I’m good. I just have to beat yesterday’s me. You have greatness within you. So go and own it!",1751983781.0,1.0,10,0,ARTICLE,MindsetCoach_B,4,False,0,False,text
GetMotivated,1luhzs7,Here’s the life story I dumped on FB in February. Things are still challenging but wow life is worth living now [Story],16,https://reddit.com/r/GetMotivated/comments/1luhzs7/heres_the_life_story_i_dumped_on_fb_in_february/,https://www.reddit.com/r/GetMotivated/comments/1luhzs7/heres_the_life_story_i_dumped_on_fb_in_february/,"Hi guys. It’s been a challenging time but I think I’m seeing the light at the end of the tunnel and it may in fact not be a train.

This is mostly about mental illness. The depression that I’ve been fighting since the 80s really caught up to me around 2009 and I got laid off and moved back home to CT. I was depressed out of my mind the whole time in Brooklyn and having regular panic attacks. I worked a contract at Cartier and then crashed and burned. During that time my brother moved in with us. He has unmedicated shizoaffective disorder and tried to kill me and it messed me up. No witnesses. 

I was diagnosed with PTSD and spent the next ten years sitting in my moms garage smoking. I stopped going to family holidays, most of which were happening in the same town and stopped talking to everyone. It got to the point where I couldn’t open the garage door on a cloudy day because it put my depression down through the floor and I’d get seriously messed up and pissed off at every cloud that passed in front of the sun. This is why I avoided grunge in the 90s, the sun doesn’t shine in Seattle as they used to say. And I haven’t listened to Pink Floyd in 30 years, albums like The Wall and songs like Comfortably Numb just hit too hard.

But I finally got serious about treatment which I had only done sporadically over the decades. I was in counseling at Choate, spent a month in a psych ward in 1992, and tried various meds over the years but they never really did the job. It sounds like one of those old stories but I walked an hour to therapy and an hour back in every kind of weather. I like CBT and IFS is a really interesting addition but that seems harder to find.

It was subtle but they finally figured out that I have bipolar depression instead of the standard MDD that I’ve been diagnosed with since the 80s and that’s a different beast. You need a mood stabilizer and I’m on Lamictal. I was up to 3.5mg of clonopin for years for anxiety but I think the Lamictal helped address that and it’s truly gone. I dropped the benzo slowly over nine months. Another thing that helped is slow breathing and after years of practice I don’t even have to think about it. I breathe slower than anyone I’ve seen 24 hours a day. And then understanding anxiety in therapy as the fight or flight mechanism kicking off at a dumb time. That’s really truly what it is according to multiple therapists. You have social anxiety or whatever and your caveman (caveperson) brain thinks a bear is running at you and increases breathing and heart rate in order to move some oxygen for heavy action. If you get stuck in that kind of thing don’t worry about your heart. It can handle a bear actually running at you and you running uphill carrying two babies and screaming. Wouldn’t you be able to do that?

In 2020 I got a big staph infection and ended up in the stepdown unit at Yale in DKA. My white blood count was high enough that the highly experienced ID doc said “I’ve seen it but it’s impressive.” I had five thoracic surgeries and three washout surgeries over a period of five weeks. I lost a chunk of one clavicle to osteomyelitis and removing the ulcer left a big hole in my chest that you can still see from 50 feet away. They did a muscle flap surgery, cutting my pec at the breastbone and moving it up to help fill the gap. They never figured out where it came from so they went with a microtear in the skin. I did a huge amount of yardwork in the  month before that, digging around in the dirt a lot and hygiene is always a problem with depression.

That was May 2020 and it was a weird time to be a patient. The nurses were scared. They came in in the middle of the night and moved all of us out of the top floor so they could set up negative pressure up there. No visitors. I came out with a lot of respect for RNs. Also PCAs, goddam there’s easier ways to make money than that. NPs and PAs too, they don’t get enough credit from non-professionals.

Then last winter I started electroshock therapy (ECT) at Yale. The knock you out, pass a tiny electric current through your brain and you have to go home with either a family member or medical transport, no exceptions, because your brain may be a little scrambled. My aunt Janie Ouellette brought me there and I took medical transport back.

It worked and I’m trying to figure out if it’s … like … gone. You often need some ongoing maintenance sessions but I feel like someone standing in a city flattened by a series of earthquakes and a zombie apocalypse and looking around in a traumatized daze wondering if it’s really over. My brain is still nervous and it’s taking a long time for me to thaw back out after all of this but it’s happening, slowly at first but accelerating over the last month.

But now I can get stuff done. Growing up I could never understand how my mom could just get up during the commercials, bang out four minutes of real work and sit back down. Now I’m doing that. The kitchen is pretty clean according to man standards and so is the bathroom.

So things changed around May last year, very much for the better. But that same month my mom was diagnosed with dementia and is in a nursing home, permanently. I became homeless.

I spent a month in a hotel, then a couple of months in a U-Haul which is actually a pretty good way to go because you have a room and a car for half the hotel price. But they charge mileage and that can add up, it’s best to stay pretty stationary.

Then I slept outdoors in a local park that I used to hang out in. It’s a great little neighborhood park that’s pretty much empty by 8:30pm even in summer. I had my alarm set for 4:30am so  that I could grab my sleeping pad and bag, hide them in a backpack in the bushes and get out before people woke up. It’s best not to be identified as homeless. Then I went to Dunkin Donuts.

I had the easy version of homelessness until I got an apartment in November. It was warm and barely rained because of the drought. I slept in a dugout the few times it rained. I got approved for disability which I should have done a decade ago, I just couldn’t face the application process. I asked professionals and non-professionals for help with that one but it never happened until the depression eased enough for me to be able to do it. It’s a bit of a Catch-22.

My dad is taking care of rent so I have a place to live for the foreseeable future and that’s huge but my brain is still waiting to be back on the streets and just hoping I can make it through February indoors.

I got a lot of help during that time including a phone from my friend Roger Coulter and my dad helped me out too.

A couple of notes: DD is a great resource. They have a roof, bathroom, water, electricity and wireless. I’m fine with $1.50 bodega coffee but it’s worth the extra.

One thing that people don’t realize about sleeping outdoors is that it’s not nearly as bad as one might think. You’re literally unconscious bro.

I’m interested in AI and got my head around the attention mechanism behind it, as well as some of the math while I was homeless. I’m also feeling some musicality again and will probably pull out my guitar soon.

I’m so so out of touch but I’ve been on Reddit and following news and politics this whole time and let me state for the record that I don’t like Nazis.",1751958065.0,0.78,16,0,STORY,bg370,11,False,0,False,text
GetMotivated,1luhowc,The quiet hum of purpose within you [Text],13,https://reddit.com/r/GetMotivated/comments/1luhowc/the_quiet_hum_of_purpose_within_you_text/,https://www.reddit.com/r/GetMotivated/comments/1luhowc/the_quiet_hum_of_purpose_within_you_text/,"The quiet hum of purpose within you holds more power than the loudest applause. Cultivate that inner resonance, it’s the truest measure of your impact. Let your actions be the melody that inspires others to find their own unique sound. Embrace the journey of becoming.",1751956842.0,0.89,13,0,TEXT,tridztan,0,False,0,False,text
