subreddit,post_id,post_title,post_score,post_url,post_content_url,post_text,timestamp,post_upvote_ratio,post_ups,post_total_awards_received,post_link_flair_text,post_author,post_num_comments,has_images,num_images,is_gallery,content_type
news,1npfo1x,Trump administration rehires hundreds of federal employees laid off by DOGE,11875,https://reddit.com/r/news/comments/1npfo1x/trump_administration_rehires_hundreds_of_federal/,https://apnews.com/article/doge-musk-trump-gsa-fired-employees-ce18553b281fbf5816ec2fd491d79b78,,1758728766.0,0.98,11875,0,,XF372,403,False,0,False,text
news,1nph8ez,YouTube to start bringing back creators banned for COVID-19 and election misinformation,7052,https://reddit.com/r/news/comments/1nph8ez/youtube_to_start_bringing_back_creators_banned/,https://apnews.com/article/youtube-reinstatement-covid-election-misinformation-5809a1da0afece53d6e2088e4ac5e462?utm_source=copy&utm_medium=share,,1758732265.0,0.94,7052,0,,Upbeat-Mess6040,784,False,0,False,text
news,1npb37u,Multiple people shot at Dallas ICE field office: Source,18468,https://reddit.com/r/news/comments/1npb37u/multiple_people_shot_at_dallas_ice_field_office/,https://abcnews.go.com/US/multiple-people-shot-dallas-ice-field-office-source/story?id=125887376,,1758717723.0,0.95,18468,0,Title Changed By Site,randigital,4375,False,0,False,text
news,1npao9j,Huntington's disease successfully treated for first time,7249,https://reddit.com/r/news/comments/1npao9j/huntingtons_disease_successfully_treated_for/,https://www.bbc.com/news/articles/cevz13xkxpro,,1758716560.0,0.98,7249,0,,apple_kicks,163,False,0,False,text
news,1nphptd,"Justice Dept officials' statements on Luigi Mangione broke court rules, judge says",2946,https://reddit.com/r/news/comments/1nphptd/justice_dept_officials_statements_on_luigi/,https://www.reuters.com/legal/government/justice-dept-officials-statements-luigi-mangione-broke-court-rules-judge-says-2025-09-24/,,1758733357.0,0.98,2946,0,,WeirdGroundhog,218,False,0,False,text
news,1npkked,Oklahoma official says all high schools will have Turning Point chapters after Charlie Kirk killing | Oklahoma,1128,https://reddit.com/r/news/comments/1npkked/oklahoma_official_says_all_high_schools_will_have/,https://www.theguardian.com/us-news/2025/sep/24/turning-point-oklahoma-high-schools,,1758739856.0,0.91,1128,0,,Splunge-,283,False,0,False,text
news,1np0vsv,"Jimmy Kimmel returns with what audience members describe as ‘emotional’ monologue, no apology",34822,https://reddit.com/r/news/comments/1np0vsv/jimmy_kimmel_returns_with_what_audience_members/,https://www.cnbc.com/2025/09/23/jimmy-kimmel-returns-abc-disney-kirk.html?__source=iosappshare%7Ccom.apple.UIKit.activity.CopyToPasteboard,,1758681641.0,0.87,34822,0,,Capable_Salt_SD,2244,False,0,False,text
news,1npe8il,Teacher stabbed by student fascinated by ‘Nazi ideologies’ is in stable condition -French minister,1290,https://reddit.com/r/news/comments/1npe8il/teacher_stabbed_by_student_fascinated_by_nazi/,https://www.reuters.com/world/french-teacher-hospitalized-after-student-stabbing-middle-school-reports-say-2025-09-24/?,,1758725520.0,0.97,1290,0,Soft paywall,apple_kicks,44,False,0,False,text
news,1npdgwm,Italy sends navy ship to help Gaza aid flotilla after drone attack,1131,https://reddit.com/r/news/comments/1npdgwm/italy_sends_navy_ship_to_help_gaza_aid_flotilla/,https://www.reuters.com/world/middle-east/italy-sends-navy-ship-help-gaza-aid-flotilla-after-drone-attack-2025-09-24/,,1758723716.0,0.93,1131,0,Soft paywall,AudibleNod,93,False,0,False,text
news,1npc56y,"2 students stabbed at Carrick High School in Pittsburgh, sources say",1160,https://reddit.com/r/news/comments/1npc56y/2_students_stabbed_at_carrick_high_school_in/,https://www.wpxi.com/news/local/2-students-stabbed-carrick-high-school-pittsburgh-sources-say/A35FQQOXUFCCRG2KQBUGYHJMPE/,,1758720490.0,0.95,1160,0,,yourdonefor_wt,151,False,0,False,text
news,1noui7q,"Student reportedly expelled for disarming classmate with a gun, mother calls him a hero",16534,https://reddit.com/r/news/comments/1noui7q/student_reportedly_expelled_for_disarming/,https://local12.com/news/nation-world/student-reportedly-expelled-disarm-disarming-classmate-with-gun-mother-calls-him-hero-expulsion-dwight-rich-school-of-the-arts-michigan,,1758664148.0,0.96,16534,0,,RealDealLewpo,683,False,0,False,text
news,1nozva9,‘Nightmare bacteria’ cases are increasing in the US,4168,https://reddit.com/r/news/comments/1nozva9/nightmare_bacteria_cases_are_increasing_in_the_us/,https://apnews.com/article/cdc-nightmare-bacteria-ndm-gene-95c40aae486e82a54efb16b965ee88b3,,1758678726.0,0.98,4168,0,,AudibleNod,288,False,0,False,text
news,1nph73a,"Myanmar junta revoking citizenship of actors, singers and other celebrities",214,https://reddit.com/r/news/comments/1nph73a/myanmar_junta_revoking_citizenship_of_actors/,https://www.abc.net.au/news/2025-09-23/myanmar-celebrities-left-stateless-after-criticising-junta/105787574,,1758732183.0,0.95,214,0,,AudibleNod,13,False,0,False,text
news,1nonxn1,Mysterious new statue of Epstein and Trump holding hands appears on the National Mall,51988,https://reddit.com/r/news/comments/1nonxn1/mysterious_new_statue_of_epstein_and_trump/,https://www.independent.co.uk/news/world/americas/us-politics/epstein-trump-statue-national-mall-b2832122.html,,1758649078.0,0.95,51988,0,,GOD_DAMN_YOU_FINE,450,False,0,False,text
news,1nor04c,Would-be Trump assassin tries to stab himself after guilty verdict,9527,https://reddit.com/r/news/comments/1nor04c/wouldbe_trump_assassin_tries_to_stab_himself/,https://www.cnn.com/2025/09/23/politics/ryan-routh-trump-attempted-assassination-guilty,,1758656013.0,0.98,9527,0,,gammagirl80,495,False,0,False,text
news,1nozidg,Moldova arrests 74 over ‘Russian plan to incite mass riots’,2434,https://reddit.com/r/news/comments/1nozidg/moldova_arrests_74_over_russian_plan_to_incite/,https://www.thetimes.com/world/europe/article/moldova-elections-2025-news-p97tw7wvl,,1758677680.0,0.98,2434,0,,Mathemodel,41,False,0,False,text
news,1nop60d,Texas to become the 20th state with a transgender bathroom law,5648,https://reddit.com/r/news/comments/1nop60d/texas_to_become_the_20th_state_with_a_transgender/,https://www.nbcnews.com/nbc-out/out-politics-and-policy/texas-transgender-bathroom-bill-rcna233217,,1758651849.0,0.94,5648,0,,gmorgan99,486,False,0,False,text
news,1nomxn3,"Nexstar-owned ABC affiliates won't show Kimmel's return Tuesday, joining Sinclair in preempting program",7569,https://reddit.com/r/news/comments/1nomxn3/nexstarowned_abc_affiliates_wont_show_kimmels/,https://www.cnbc.com/2025/09/23/kimmel-abc-nexstar-sinclair-fcc.html,,1758646805.0,0.96,7569,0,,MudBloodLite,811,False,0,False,text
news,1npenxk,NASA’s Princeton-led IMAP set to launch on Wednesday,120,https://reddit.com/r/news/comments/1npenxk/nasas_princetonled_imap_set_to_launch_on_wednesday/,https://www.dailyprincetonian.com/article/2025/09/princeton-news-broadfocus-nasa-princeton-imap-launch-spacex-mission-david-mccomas,,1758726482.0,0.91,120,0,,EnergyLantern,7,False,0,False,text
news,1nogkuu,"Trump administration recommends pregnant women limit Tylenol, contradicting medical guidance",16388,https://reddit.com/r/news/comments/1nogkuu/trump_administration_recommends_pregnant_women/,https://abcnews.go.com/US/trump-admin-links-tylenol-pregnancy-increased-risk-autism/story?id=125802080,,1758631979.0,0.94,16388,0,,FK-DJT,1556,False,0,False,text
news,1noe8xb,Elon Musk’s Father Accused of Child Sexual Abuse (NYTimes gift article),50251,https://reddit.com/r/news/comments/1noe8xb/elon_musks_father_accused_of_child_sexual_abuse/,https://www.nytimes.com/2025/09/23/world/africa/elon-musk-father-errol-child-abuse.html?unlocked_article_code=1.oE8.biBi.FsOFikQYbmzN&smid=nytcore-ios-share&referringSource=articleShare,,1758625106.0,0.95,50251,0,,Nyktophilias,1160,False,0,False,text
news,1noz8vs,"Explosions and drones targeting Gaza aid flotilla boats, activists say",849,https://reddit.com/r/news/comments/1noz8vs/explosions_and_drones_targeting_gaza_aid_flotilla/,https://www.theguardian.com/world/2025/sep/24/explosions-and-multiple-drones-targeting-gaza-aid-flotilla-boats-activists-say,,1758676915.0,0.85,849,0,,icantchooseanymore,75,False,0,False,text
news,1noq2ql,Ryan Routh found guilty in Trump golf course assassination attempt,1951,https://reddit.com/r/news/comments/1noq2ql/ryan_routh_found_guilty_in_trump_golf_course/,https://www.nbcnews.com/news/us-news/ryan-routh-verdict-trump-assassination-attempt-florida-golf-course-rcna232946,,1758653904.0,0.95,1951,0,,Hrekires,354,False,0,False,text
news,1nolihl,177 people arrested in Georgia after six-week ‘Operation No Escape’,3310,https://reddit.com/r/news/comments/1nolihl/177_people_arrested_in_georgia_after_sixweek/,https://www.wtoc.com/2025/09/22/177-people-arrested-georgia-after-six-week-operation-no-escape/,,1758643644.0,0.97,3310,0,,ChristopherJTeuton,294,False,0,False,text
news,1nocfy7,"ICE agents held young girl outside Leominster home to arrest father, family says",13625,https://reddit.com/r/news/comments/1nocfy7/ice_agents_held_young_girl_outside_leominster/,https://www.nbcboston.com/news/local/ice-agents-held-5-year-old-girl-outside-leominster-home-to-get-father-to-surrender-family-says/3813686/,,1758618440.0,0.96,13625,0,,008Zulu,559,False,0,False,text
news,1nolueg,Macron forced to walk to UN due to blocade,2720,https://reddit.com/r/news/comments/1nolueg/macron_forced_to_walk_to_un_due_to_blocade/,https://www.theguardian.com/world/2025/sep/23/emmanuel-macron-walk-donald-trump-motorcade-blocks-car?CMP=share_btn_url,,1758644382.0,0.97,2720,0,,lo-cal-host,157,False,0,False,text
news,1np118l,"Super Typhoon Ragasa lashes Hong Kong, death toll climbs in Taiwan",368,https://reddit.com/r/news/comments/1np118l/super_typhoon_ragasa_lashes_hong_kong_death_toll/,https://www.reuters.com/business/environment/super-typhoon-lashes-hong-kong-with-hurricane-force-winds-heavy-rain-2025-09-23/,,1758682097.0,0.96,368,0,Soft paywall,Archaent,13,False,0,False,text
news,1npkt9d,Some US broadcasters will not air Kimmel even as ABC brings back show | Media News,23,https://reddit.com/r/news/comments/1npkt9d/some_us_broadcasters_will_not_air_kimmel_even_as/,https://www.aljazeera.com/economy/2025/9/23/some-us-broadcasters-will-not-air-kimmel-even-as-abc-brings-back-show,,1758740408.0,0.7,23,0,,FreedomofPress,5,False,0,False,text
news,1nok2e7,A massive telecom threat was stopped right as world leaders gathered at UN headquarters in New York,2186,https://reddit.com/r/news/comments/1nok2e7/a_massive_telecom_threat_was_stopped_right_as/,https://apnews.com/article/unga-threat-telecom-service-sim-93734f76578bc9ca22d93a8e91fd9c76,,1758640378.0,0.95,2186,0,,Get_Your_Kicks,175,False,0,False,text
news,1noj4i4,Defense tells judge Sean ‘Diddy’ Combs has served enough time behind bars,2219,https://reddit.com/r/news/comments/1noj4i4/defense_tells_judge_sean_diddy_combs_has_served/,https://apnews.com/article/diddy-sean-combs-sentencing-defense-submission-dbb3691e90e89aa2d4746b96a57dc91e,,1758638228.0,0.9,2219,0,,AudibleNod,204,False,0,False,text
news,1noe6gz,Girl shot in head during Minneapolis Catholic school shooting making 'miraculous' recovery,4416,https://reddit.com/r/news/comments/1noe6gz/girl_shot_in_head_during_minneapolis_catholic/,https://www.nbcnews.com/news/us-news/girl-shot-head-annunciation-catholic-school-shooting-recovery-rcna233129,,1758624858.0,0.96,4416,0,,Chase_26,369,False,0,False,text
news,1noo22z,Missouri woman is sentenced in brazen and blundering attempt to steal Graceland,1157,https://reddit.com/r/news/comments/1noo22z/missouri_woman_is_sentenced_in_brazen_and/,https://www.nbcnews.com/news/us-news/missouri-woman-sentenced-brazen-blundering-attempt-steal-graceland-rcna212741,,1758649362.0,0.98,1157,0,,Capable_Salt_SD,85,False,0,False,text
news,1nokoef,Crimes against humanity charges against former Philippine President Duterte detailed by court,1175,https://reddit.com/r/news/comments/1nokoef/crimes_against_humanity_charges_against_former/,https://apnews.com/article/icc-duterte-philippines-court-drugs-ab9e46d03b95f5cf917515f8eaae887e,,1758641759.0,0.98,1175,0,,AudibleNod,62,False,0,False,text
news,1nnws5s,Email calling Epstein a 'supreme friend' adds new fuel to royal scandal,38560,https://reddit.com/r/news/comments/1nnws5s/email_calling_epstein_a_supreme_friend_adds_new/,https://www.nbcnews.com/world/united-kingdom/email-calling-epstein-supreme-friend-adds-new-fuel-royal-scandal-rcna232705,,1758570985.0,0.96,38560,0,,gmorgan99,523,False,0,False,text
news,1nnvzy0,Supreme Court will weigh expanding Trump’s power to shape agencies by overturning 90-year-old ruling,17389,https://reddit.com/r/news/comments/1nnvzy0/supreme_court_will_weigh_expanding_trumps_power/,https://apnews.com/article/trump-fire-ftc-commissioner-supreme-court-2149d7c3802b3ddea6e157d3a0afd292,,1758569181.0,0.96,17389,0,,camahoe,1031,False,0,False,text
news,1nnspe0,"After cuts to food stamps, Trump administration ends government's annual report on hunger in America",42390,https://reddit.com/r/news/comments/1nnspe0/after_cuts_to_food_stamps_trump_administration/,https://www.denver7.com/politics/after-cuts-to-food-stamps-trump-administration-ends-governments-annual-report-on-hunger-in-america,,1758561831.0,0.95,42390,0,,AudibleNod,1435,False,0,False,text
news,1no8oug,'Moonies' church leader arrested over gifts to ex-South Korea first lady,1275,https://reddit.com/r/news/comments/1no8oug/moonies_church_leader_arrested_over_gifts_to/,https://www.bbc.com/news/articles/cjedkdy7ljno,,1758603935.0,0.97,1275,0,,apple_kicks,52,False,0,False,text
news,1no4jxo,"Man faces federal charges after drive-by shooting at ABC affiliate station in Sacramento, California",2191,https://reddit.com/r/news/comments/1no4jxo/man_faces_federal_charges_after_driveby_shooting/,https://www.denver7.com/us-news/crime/police-man-arrested-in-connection-to-drive-by-shooting-at-abc-affiliate-station-in-sacramento-california,,1758591061.0,0.96,2191,0,,AudibleNod,92,False,0,False,text
news,1nnwbev,France recognizes Palestinian statehood at UN meeting to revive peace efforts,6490,https://reddit.com/r/news/comments/1nnwbev/france_recognizes_palestinian_statehood_at_un/,https://apnews.com/article/un-israel-palestinians-france-saudi-recognition-two-states-88f3a87f7d79df02311f09b3e45560e9?utm_source=onesignal&utm_medium=push&utm_campaign=2025-09-22-Breaking+News,,1758569916.0,0.94,6490,0,,TheFleshGordon,244,False,0,False,text
news,1nnwc5s,"Jimmy Kimmel's show returning on Tuesday, ABC announces",5229,https://reddit.com/r/news/comments/1nnwc5s/jimmy_kimmels_show_returning_on_tuesday_abc/,https://www.nbcnews.com/business/media/jimmy-kimmel-abc-return-tuesday-rcna232335,,1758569963.0,0.9,5229,0,,fallingdowndizzyvr,746,False,0,False,text
news,1nnm20u,"Trump aide Homan accepted $50,000 in bribery sting operation, sources say",53816,https://reddit.com/r/news/comments/1nnm20u/trump_aide_homan_accepted_50000_in_bribery_sting/,https://www.reuters.com/world/us/trump-aide-homan-accepted-50000-bribery-sting-operation-sources-say-2025-09-21/?utm_source=reddit.com,,1758546617.0,0.94,53816,0,,rokor,1463,False,0,False,text
news,1nnryk9,"West Point is violating the First Amendment with a crackdown on professors, lawsuit says",8534,https://reddit.com/r/news/comments/1nnryk9/west_point_is_violating_the_first_amendment_with/,https://apnews.com/article/west-point-lawsuit-first-amendment-professor-a4db138011c6fb9c8b445ce5a106aac2,,1758560159.0,0.97,8534,0,,jimbofranks,125,False,0,False,text
news,1no7pxr,"Epstein, Trump officials mentioned in note left by Sacramento TV station shooting suspect",734,https://reddit.com/r/news/comments/1no7pxr/epstein_trump_officials_mentioned_in_note_left_by/,https://www.latimes.com/california/story/2025-09-22/sacramento-tv-station-suspect-note,,1758600633.0,0.96,734,0,,bassfoyoface,38,False,0,False,text
news,1nnrzgs,"Pentagon steps up media restrictions, now requiring approval before reporting even unclassified info",5361,https://reddit.com/r/news/comments/1nnrzgs/pentagon_steps_up_media_restrictions_now/,https://apnews.com/article/pentagon-press-media-restrictions-nondisclosure-8420d3a80de20a39605c588d9990c582,,1758560216.0,0.97,5361,0,,jimbofranks,215,False,0,False,text
news,1nnuzm2,Four New York prison guards plead guilty in beating death of inmate Robert Brooks,3218,https://reddit.com/r/news/comments/1nnuzm2/four_new_york_prison_guards_plead_guilty_in/,https://www.cnn.com/2025/09/22/us/robert-brooks-prison-employee-plea,,1758566875.0,0.98,3218,0,,igetproteinfartsHELP,83,False,0,False,text
news,1nodhak,"Military-run Mali, Burkina Faso and Niger pull out of key international court",163,https://reddit.com/r/news/comments/1nodhak/militaryrun_mali_burkina_faso_and_niger_pull_out/,https://abcnews.go.com/International/wireStory/military-run-mali-burkina-faso-niger-pull-key-125842279,,1758622403.0,0.91,163,0,,OutrageousCost4818,17,False,0,False,text
news,1nnp74v,US targets wife of Brazilian Supreme Court justice with sanctions,5573,https://reddit.com/r/news/comments/1nnp74v/us_targets_wife_of_brazilian_supreme_court/,https://www.reuters.com/world/americas/us-targets-wife-brazilian-supreme-court-justice-with-sanctions-2025-09-22/,,1758553987.0,0.96,5573,0,Soft paywall,Guipa,247,False,0,False,text
news,1nntjkd,Robert Redford’s death renews search for suspect in murder of daughter’s boyfriend,2028,https://reddit.com/r/news/comments/1nntjkd/robert_redfords_death_renews_search_for_suspect/,https://www.theguardian.com/us-news/2025/sep/22/robert-redford-sid-wells-death-murder-search,,1758563704.0,0.96,2028,0,,koi-lotus-water-pond,41,False,0,False,text
news,1nnxntz,Earthquake with 4.3 magnitude rocks San Francisco Bay Area,1251,https://reddit.com/r/news/comments/1nnxntz/earthquake_with_43_magnitude_rocks_san_francisco/,https://www.theguardian.com/us-news/2025/sep/22/san-francisco-bay-area-earthquake,,1758572977.0,0.9,1251,0,,Face2FaceRecs,173,False,0,False,text
news,1nnj5c3,Man representing himself against charges of trying to kill Trump plans to call just 3 witnesses,7178,https://reddit.com/r/news/comments/1nnj5c3/man_representing_himself_against_charges_of/,https://apnews.com/article/trump-shooting-attempt-florida-8b001031c3218fff50a6d50d91d6d463,,1758538068.0,0.97,7178,0,,AudibleNod,355,False,0,False,text
news,1nne0h6,Ice detainees hold hunger strike at Louisiana state penitentiary,8482,https://reddit.com/r/news/comments/1nne0h6/ice_detainees_hold_hunger_strike_at_louisiana/,https://www.theguardian.com/us-news/2025/sep/21/ice-detainee-hunger-strike-louisiana,,1758518618.0,0.97,8482,0,,Face2FaceRecs,153,False,0,False,text
news,1nnnwfu,Army identifies 4 soldiers killed in military helicopter crash in Washington state,1313,https://reddit.com/r/news/comments/1nnnwfu/army_identifies_4_soldiers_killed_in_military/,https://apnews.com/article/army-crash-helicopter-lewis-mcchord-67f473a740e99ca978e9506a54f95d28,,1758551087.0,0.96,1313,0,,jimbofranks,100,False,0,False,text
news,1nnn30p,Arc’teryx fireworks display in Tibet prompts environmental outcry,827,https://reddit.com/r/news/comments/1nnn30p/arcteryx_fireworks_display_in_tibet_prompts/,https://www.theguardian.com/world/2025/sep/22/arcteryx-fireworks-display-tibet-environmental-outcry,,1758549166.0,0.94,827,0,,AudibleNod,63,False,0,False,text
news,1nnj2cx,Defiant nuns flee Austrian care home for their abandoned convent in the Alps,1002,https://reddit.com/r/news/comments/1nnj2cx/defiant_nuns_flee_austrian_care_home_for_their/,https://www.bbc.com/news/articles/c5y8r2gk0vyo,,1758537776.0,0.94,1002,0,,grand_seigneur_puppy,62,False,0,False,text
news,1nnmvo9,Germany slashes foreign aid and development budget,463,https://reddit.com/r/news/comments/1nnmvo9/germany_slashes_foreign_aid_and_development_budget/,https://www.dw.com/en/germany-slashes-aid-development-budget/a-74066633,,1758548667.0,0.95,463,0,,Weirdo9495,79,False,0,False,text
news,1nmxx8q,"France's richest man, LVMH's Arnault, slams proposed billionaire tax",21775,https://reddit.com/r/news/comments/1nmxx8q/frances_richest_man_lvmhs_arnault_slams_proposed/,https://www.reuters.com/world/frances-richest-man-lvmhs-arnault-slams-proposed-billionaire-tax-2025-09-21/,,1758475501.0,0.92,21775,0,Soft paywall,romainguimard,1509,False,0,False,text
news,1nn35sp,Tiger handler fatally mauled at Oklahoma preserve,5678,https://reddit.com/r/news/comments/1nn35sp/tiger_handler_fatally_mauled_at_oklahoma_preserve/,https://www.nbcnews.com/news/us-news/tiger-handler-killed-oklahoma-preserve-rcna232781,,1758487535.0,0.98,5678,0,,ZwVJHSPiMiaiAAvtAbKq,462,False,0,False,text
news,1nn9r1d,Dominican Republic says it seized cocaine that was on speedboat destroyed by US Navy,2124,https://reddit.com/r/news/comments/1nn9r1d/dominican_republic_says_it_seized_cocaine_that/,https://apnews.com/article/cocaine-speedboat-trump-dominican-republic-e42c255ec0e8d5c2d85a7670d12adfdf,,1758505225.0,0.94,2124,0,,AudibleNod,251,False,0,False,text
news,1nnc3vf,A Syrian president arrives in New York for UN General Assembly for the first time in nearly 60 years,1070,https://reddit.com/r/news/comments/1nnc3vf/a_syrian_president_arrives_in_new_york_for_un/,https://apnews.com/article/syria-un-general-assembly-sharaa-sanctions-4841d6ddc29ec07c703ffef64926fb06,,1758512264.0,0.95,1070,0,,LatterTarget7,67,False,0,False,text
news,1nms58r,"In historic move, UK recognizes a Palestinian state despite opposition from US and Israel",22547,https://reddit.com/r/news/comments/1nms58r/in_historic_move_uk_recognizes_a_palestinian/,https://apnews.com/article/britain-palestine-recognition-israel-starmer-f667dca304a308b4b3ccf8100ef5051e?utm_source=onesignal&utm_medium=push&utm_campaign=2025-09-21-Breaking+News,,1758461746.0,0.92,22547,0,🇬🇧 🇦🇺 🇨🇦 ,TheFleshGordon,1211,False,0,False,text
news,1nmycnv,Trump says Rupert and Lachlan Murdoch likely part of US TikTok investor group,5269,https://reddit.com/r/news/comments/1nmycnv/trump_says_rupert_and_lachlan_murdoch_likely_part/,https://www.theguardian.com/us-news/2025/sep/21/trump-rupert-lachlan-murdoch-tiktok,,1758476487.0,0.97,5269,0,,Diedalonglongtimeago,314,False,0,False,text
news,1nmzpem,Hundreds plunge in Chicago River for first official swim in nearly 100 years,3187,https://reddit.com/r/news/comments/1nmzpem/hundreds_plunge_in_chicago_river_for_first/,https://www.theguardian.com/us-news/2025/sep/21/chicago-river-swim,,1758479567.0,0.96,3187,0,,FLTA,99,False,0,False,text
news,1nmzwnu,RCMP arrest 16 people trying to cross Canada-U.S. border into Quebec,2563,https://reddit.com/r/news/comments/1nmzwnu/rcmp_arrest_16_people_trying_to_cross_canadaus/,https://www.ctvnews.ca/canada/article/rcmp-arrest-16-people-trying-to-cross-canada-us-border-into-quebec/,,1758480037.0,0.97,2563,0,,Few_Negotiation832,243,False,0,False,text
news,1nmrcr9,Crew rescued from sailboat after orca attack,4975,https://reddit.com/r/news/comments/1nmrcr9/crew_rescued_from_sailboat_after_orca_attack/,https://www.theportugalnews.com/news/2025-09-19/crew-rescued-from-sailboat-after-orca-attack/887106,,1758459668.0,0.97,4975,0,,AudibleNod,300,False,0,False,text
news,1nmv2pl,At least 2 killed and 5 injured in Indiana shooting,2028,https://reddit.com/r/news/comments/1nmv2pl/at_least_2_killed_and_5_injured_in_indiana/,https://www.nbcnews.com/news/us-news/multiple-injured-indiana-shooting-rcna232714,,1758468842.0,0.95,2028,0,,gmorgan99,365,False,0,False,text
news,1nmqbmg,Philippines anti-corruption protests turn violent,2154,https://reddit.com/r/news/comments/1nmqbmg/philippines_anticorruption_protests_turn_violent/,https://www.bbc.com/news/videos/c3vzz1p1r76o,,1758456699.0,0.97,2154,0,,xTCHx,87,False,0,False,text
news,1nmeeqt,Multiple shot at New Hampshire country club,19741,https://reddit.com/r/news/comments/1nmeeqt/multiple_shot_at_new_hampshire_country_club/,https://www.cnn.com/2025/09/20/us/nashua-new-hampshire-shooting,,1758415555.0,0.95,19741,0,,Silver_Foxx,2201,False,0,False,text
news,1nm9u2l,California bans most law enforcement officers from wearing masks during operations,39315,https://reddit.com/r/news/comments/1nm9u2l/california_bans_most_law_enforcement_officers/,https://apnews.com/article/california-ice-agents-immigration-raids-masks-ban-97936f70699b75d8b483a850967c2e42,,1758403001.0,0.95,39315,0,,BigDaddyBain,769,False,0,False,text
news,1nmcs5u,Luigi Mangione’s lawyers want death penalty off the table in UnitedHealthcare CEO murder case,11344,https://reddit.com/r/news/comments/1nmcs5u/luigi_mangiones_lawyers_want_death_penalty_off/,https://www.cnn.com/2025/09/20/us/luigi-mangione-death-penalty-prosecution,,1758410814.0,0.98,11344,0,,redlamps67,366,False,0,False,text
news,1nmf7ih,"Morrissey cancels shows in U.S. after receiving 'credible' assassination threat, venue says",6482,https://reddit.com/r/news/comments/1nmf7ih/morrissey_cancels_shows_in_us_after_receiving/,https://www.nbcnews.com/news/us-news/morrissey-cancels-shows-us-assassination-threat-rcna232591,,1758418016.0,0.96,6482,0,,AudibleNod,384,False,0,False,text
news,1nm4nqf,Four people arrested in Washington after alleged hate crime attack on trans woman,22556,https://reddit.com/r/news/comments/1nm4nqf/four_people_arrested_in_washington_after_alleged/,https://www.theguardian.com/us-news/2025/sep/20/four-arrested-washington-state-hate-crime-trans-woman,,1758390415.0,0.94,22556,0,,apple_kicks,1338,False,0,False,text
news,1nlyvxv,"'No evidence' found yet of ties between Charlie Kirk's shooting and left-wing groups, officials say",57198,https://reddit.com/r/news/comments/1nlyvxv/no_evidence_found_yet_of_ties_between_charlie/,https://www.nbcnews.com/politics/justice-department/no-evidence-charlie-kirk-shooting-left-wing-groups-rcna232513,,1758376695.0,0.9,57198,0,,Lestranger-1982,2652,False,0,False,text
news,1nlzz13,Woman Falsely Accuses Chicago Starbucks Employee of Writing “Loser” on Cup After Ordering Charlie Kirk’s Favorite Drink.,20771,https://reddit.com/r/news/comments/1nlzz13/woman_falsely_accuses_chicago_starbucks_employee/,https://blockclubchicago.org/2025/09/19/viral-video-claiming-starbucks-worker-wrote-loser-on-order-honoring-charlie-kirk-is-false-company-says/,,1758379325.0,0.94,20771,0,Site Changed Title,Independent_Tone_570,1109,False,0,False,text
news,1nm4spq,Suspended Charleston County magistrate arrested in child sexual abuse materials raid,6717,https://reddit.com/r/news/comments/1nm4spq/suspended_charleston_county_magistrate_arrested/,https://www.postandcourier.com/news/crime/charleston-county-magistrate-suspended-after-being-labeled-substantial-threat-to-public/article_131e8e4c-f117-44d8-80ca-3bb328036a74.html,,1758390751.0,0.99,6717,0,,tbonimaroni,150,False,0,False,text
news,1nlvwpt,US attorney under pressure to charge Letitia James in mortgage fraud case has resigned,10973,https://reddit.com/r/news/comments/1nlvwpt/us_attorney_under_pressure_to_charge_letitia/,https://apnews.com/article/justice-department-letitia-james-siebert-trump-9ec1a96c05fa77d8acc558bd803622a2,,1758368282.0,0.98,10973,0,,AudibleNod,274,False,0,False,text
news,1nm7bls,CDC panel votes to change guidance on MMRV vaccine for kids,1634,https://reddit.com/r/news/comments/1nm7bls/cdc_panel_votes_to_change_guidance_on_mmrv/,https://www.nbcnews.com/video/cdc-panel-votes-to-change-guidance-on-mmrv-vaccine-for-kids-247910981830,,1758396770.0,0.94,1634,0,,tiltitup,221,False,0,False,text
news,1nlt030,"The White House Peace Vigil, after standing for decades, is dismantled",16476,https://reddit.com/r/news/comments/1nlt030/the_white_house_peace_vigil_after_standing_for/,https://www.spokesman.com/stories/2025/sep/19/the-white-house-peace-vigil-after-standing-for-dec/,,1758357841.0,0.96,16476,0,,Social_Gore,409,False,0,False,text
news,1nlvikr,Poland scrambles jets as Russia launches massive aerial assault on Ukraine,3636,https://reddit.com/r/news/comments/1nlvikr/poland_scrambles_jets_as_russia_launches_massive/,https://www.cnn.com/2025/09/20/europe/poland-russia-aerial-assault-ukraine-intl,,1758366989.0,0.98,3636,0,,Face2FaceRecs,221,False,0,False,text
news,1nm6z98,Supreme Court of Canada sides with Toronto couple over disputed portion of their backyard,634,https://reddit.com/r/news/comments/1nm6z98/supreme_court_of_canada_sides_with_toronto_couple/,https://globalnews.ca/news/11436835/backyard-dispute-toronto-supreme-court-canada/,,1758395940.0,0.94,634,0,,Few_Negotiation832,29,False,0,False,text
news,1nlv9hr,Chinese executive jailed for 25 years in US for trafficking fentanyl chemicals,2888,https://reddit.com/r/news/comments/1nlv9hr/chinese_executive_jailed_for_25_years_in_us_for/,https://www.theguardian.com/us-news/2025/sep/19/chinese-executive-jailed-fentanyl,,1758366132.0,0.97,2888,0,,Face2FaceRecs,119,False,0,False,text
news,1nm4obc,"AP Exclusive: Russia, Vietnam using energy profits to avoid possible US sanctions for arms deals",772,https://reddit.com/r/news/comments/1nm4obc/ap_exclusive_russia_vietnam_using_energy_profits/,https://apnews.com/article/vietnam-russia-money-transactions-united-states-a71a83e7d60672a63565cc9fe28945d7,,1758390457.0,0.95,772,0,,duskndawn162,39,False,0,False,text
news,1nlrlwm,Parents outraged as Meta uses photos of schoolgirls in ads targeting man,5319,https://reddit.com/r/news/comments/1nlrlwm/parents_outraged_as_meta_uses_photos_of/,https://www.theguardian.com/technology/2025/sep/20/parents-outraged-meta-uses-photos-schoolgirls-ads-man?,,1758352483.0,0.97,5319,0,,apple_kicks,324,False,0,False,text
news,1nm1qcm,Picasso painting unseen for 80 years up for auction,521,https://reddit.com/r/news/comments/1nm1qcm/picasso_painting_unseen_for_80_years_up_for/,https://www.cnn.com/2025/09/19/style/unseen-picasso-auction-paris-scli-intl?cid=ios_app,,1758383491.0,0.92,521,0,,Dub_G79,73,False,0,False,text
news,1nlgzzu,Trump signs proclamation imposing $100K annual fee for H-1B visa applications,20881,https://reddit.com/r/news/comments/1nlgzzu/trump_signs_proclamation_imposing_100k_annual_fee/,https://apnews.com/article/h1b-visa-trump-immigration-8d39699d0b2de3d90936f8076357254e?utm_source=copy&utm_medium=share,,1758319812.0,0.95,20881,0,,EscapeFromIowa,2313,False,0,False,text
news,1nl8wnq,"Judge tosses Trump's $15B defamation suit against New York Times, Penguin Random House",30979,https://reddit.com/r/news/comments/1nl8wnq/judge_tosses_trumps_15b_defamation_suit_against/,https://abcnews.go.com/US/judge-tosses-trumps-15b-defamation-suit-new-york/story?id=125739539,,1758300762.0,0.97,30979,0,,Flute-a-bec,680,False,0,False,text
news,1nltpls,Cyberattack disrupts check-in systems at major European airports,560,https://reddit.com/r/news/comments/1nltpls/cyberattack_disrupts_checkin_systems_at_major/,https://apnews.com/article/europe-airports-cyberattack-29b6d890baf7ac3a22f0f2b2f169b890,,1758360564.0,0.95,560,0,🇧🇪 🇩🇪 🇬🇧 ,Academic-Tip-2105,22,False,0,False,text
news,1nlcta6,Texas A&M president is stepping down after upheaval over classroom video,7836,https://reddit.com/r/news/comments/1nlcta6/texas_am_president_is_stepping_down_after/,https://apnews.com/article/texas-am-university-resignation-mark-welsh-4ca9d1fa21a35e632c3c4a568efa46dd,,1758309642.0,0.97,7836,0,,jimbofranks,548,False,0,False,text
news,1nla0e9,Utah trucker arrested after teens found in 29-degree refrigerated trailer.,11586,https://reddit.com/r/news/comments/1nla0e9/utah_trucker_arrested_after_teens_found_in/,https://abcnews.go.com/US/utah-trucker-arrested-after-teens-found-29-degree/story?utm_source=facebook&utm_medium=social&utm_campaign=dhfacebook&utm_content=app.dashsocial.com/abcnews/library/media/585644738&id=125720010&fbclid=IwVERDUAM6cz5leHRuA2FlbQIxMAABHnB0IjlH019RYBuQiqDQseepXQLBMa3VERowMufnhgjE-ZBr4GJ3Sn9oO2iH_aem_hy_SDqF8LamlTdk74bZm7w,,1758303247.0,0.98,11586,0,,Goodthrust_8,634,False,0,False,text
news,1nlj8ym,Army says 4 soldiers died in a helicopter crash in Washington state this week,2367,https://reddit.com/r/news/comments/1nlj8ym/army_says_4_soldiers_died_in_a_helicopter_crash/,https://apnews.com/article/army-crash-helicopter-jblm-09dee3b8f5501f79d90b2cedf7806b4c,,1758325709.0,0.97,2367,0,,Sad-Attempt6263,165,False,0,False,text
news,1nlfqvv,Nato intercepts Russian warplanes violating Estonian airspace,3608,https://reddit.com/r/news/comments/1nlfqvv/nato_intercepts_russian_warplanes_violating/,https://www.bbc.com/news/articles/czrp6p5mj3zo,,1758316609.0,0.98,3608,0,,Careless-Rate5156,137,False,0,False,text
news,1nl5kq2,Estonia says its airspace was violated by three Russian jets | CNN,14557,https://reddit.com/r/news/comments/1nl5kq2/estonia_says_its_airspace_was_violated_by_three/,https://www.cnn.com/2025/09/19/europe/estonia-airspace-russia-jets-latam-intl,,1758293243.0,0.98,14557,0,,1Rab,494,False,0,False,text
news,1nl2nkn,"Drug dog visiting middle school finds cocaine in teacher’s wallet, police say",20257,https://reddit.com/r/news/comments/1nl2nkn/drug_dog_visiting_middle_school_finds_cocaine_in/,https://www.1011now.com/2025/09/17/drug-dog-visiting-middle-school-finds-cocaine-teachers-wallet-police-say/,,1758286126.0,0.95,20257,0,,hate_tank,1327,False,0,False,text
news,1nlc05i,Middle school student arrested in alleged sextortion scheme with hundreds of potential victims: Police,3404,https://reddit.com/r/news/comments/1nlc05i/middle_school_student_arrested_in_alleged/,https://abcnews.go.com/US/middle-school-student-arrested-alleged-sextortion-scheme-hundreds/story?id=125705145,,1758307799.0,0.98,3404,0,,ZwVJHSPiMiaiAAvtAbKq,327,False,0,False,text
news,1nlp45p,Alleged gunman in Pennsylvania officer shootout had been sought for stalking,470,https://reddit.com/r/news/comments/1nlp45p/alleged_gunman_in_pennsylvania_officer_shootout/,https://www.theguardian.com/us-news/2025/sep/18/pennsylvania-shoot-out-officers-killed,,1758343750.0,0.93,470,0,,Moug-10,21,False,0,False,text
news,1nlcpa5,Scientists predict wildfire smoke will be the most costly climate-related health hazard,1641,https://reddit.com/r/news/comments/1nlcpa5/scientists_predict_wildfire_smoke_will_be_the/,https://www.nbcnews.com/science/science-news/scientists-predict-wildfire-smoke-will-costly-climate-related-health-h-rcna231466,,1758309383.0,0.97,1641,0,,PhatWalda,88,False,0,False,text
news,1nld964,DFW diverting flights due to Radar Outage,1485,https://reddit.com/r/news/comments/1nld964/dfw_diverting_flights_due_to_radar_outage/,https://www.cnn.com/2025/09/19/us/dallas-atc-outages,,1758310658.0,0.97,1485,0,Title Changed By Site,gakcat13,112,False,0,False,text
news,1nl2qc8,"Brett James, Grammy-winning ‘Jesus, Take the Wheel’ songwriter, dies in North Carolina plane crash",4518,https://reddit.com/r/news/comments/1nl2qc8/brett_james_grammywinning_jesus_take_the_wheel/,https://www.cnn.com/2025/09/19/entertainment/brett-james-death-plane-crash-hnk,,1758286326.0,0.95,4518,0,,jambla,164,False,0,False,text
news,1nl65n8,"Investigators think they’ve found the remains of Travis Decker, accused of killing his 3 daughters",2377,https://reddit.com/r/news/comments/1nl65n8/investigators_think_theyve_found_the_remains_of/,https://www.cnn.com/2025/09/19/us/travis-decker-remains-believed-found-hnk,,1758294567.0,0.97,2377,0,,ohineedascreenname,183,False,0,False,text
news,1nl7v5a,Suspect in killing of Pennsylvania officers was a 24-year-old being sought on stalking charges,1862,https://reddit.com/r/news/comments/1nl7v5a/suspect_in_killing_of_pennsylvania_officers_was_a/,https://www.pbs.org/newshour/nation/suspect-in-killing-of-3-pennsylvania-officers,,1758298402.0,0.97,1862,0,,Deceptiveideas,111,False,0,False,text
news,1nlf5y3,Suspect in 1982 attack on Jewish restaurant in Paris arrested in West Bank,642,https://reddit.com/r/news/comments/1nlf5y3/suspect_in_1982_attack_on_jewish_restaurant_in/,https://www.bbc.com/news/articles/ce9r3d4r4p0o,,1758315200.0,0.79,642,0,,MedusaGotMeStoned007,136,False,0,False,text
news,1nl7rga,"Rampage Jackson's son, Raja, arrested on assault charge",1330,https://reddit.com/r/news/comments/1nl7rga/rampage_jacksons_son_raja_arrested_on_assault/,https://www.espn.com/mma/story/_/id/46313062/rampage-jackson-son-raja-arrested-assaulting-pro-wrestler,,1758298170.0,0.94,1330,0,,Shivdaddy1,124,False,0,False,text
news,1nl8de6,FAA urges airlines to discourage passengers from taking bags during evacuations,898,https://reddit.com/r/news/comments/1nl8de6/faa_urges_airlines_to_discourage_passengers_from/,https://www.cnn.com/2025/09/19/us/faa-passenger-evacuation-bags,,1758299528.0,0.94,898,0,,PurpleSubtlePlan,447,False,0,False,text
news,1nkpzpm,Autopsy Finds Trey Reed’s Hanging Death at Delta State Was a Suicide,19425,https://reddit.com/r/news/comments/1nkpzpm/autopsy_finds_trey_reeds_hanging_death_at_delta/,https://www.mississippifreepress.org/autopsy-finds-trey-reeds-hanging-death-at-delta-state-was-a-suicide/,,1758244255.0,0.93,19425,0,,GinnySacks_Mole,2233,False,0,False,text
news,1nklqa2,'Deserve to die': Texas man indicted over series of violent threats to Zohran Mamdani,22420,https://reddit.com/r/news/comments/1nklqa2/deserve_to_die_texas_man_indicted_over_series_of/,https://www.nbcnews.com/news/us-news/deserve-die-texas-man-indicted-series-violent-threats-zohran-mamdani-rcna232224?cid=sm_npd_nn_tw_ma&taid=68cc6e281c8a7b0001ceabb5,,1758232777.0,0.97,22420,0,,untamedlazyeye,881,False,0,False,text
news,1nkycqf,Britain spy chief says he sees no evidence Putin wants to negotiate peace in Ukraine,1833,https://reddit.com/r/news/comments/1nkycqf/britain_spy_chief_says_he_sees_no_evidence_putin/,https://apnews.com/article/british-intelligence-mi6-russia-war-443df0c37ff2254fcc33d5425e3beaa6?utm_source=copy&utm_medium=share,,1758271909.0,0.96,1833,0,,igetproteinfartsHELP,95,False,0,False,text
news,1nkzyxu,MI6 launches dark web portal to attract spies in Russia,1283,https://reddit.com/r/news/comments/1nkzyxu/mi6_launches_dark_web_portal_to_attract_spies_in/,https://www.bbc.com/news/articles/c0r0vk1j4j8o,,1758277926.0,0.96,1283,0,,apple_kicks,56,False,0,False,text
news,1nlchag,"Mudslides trap drivers, bury roads and damage homes in Southern California",242,https://reddit.com/r/news/comments/1nlchag/mudslides_trap_drivers_bury_roads_and_damage/,https://apnews.com/article/mudslides-san-bernardino-california-31a250df6e27992f13ce1d1e59738e56,,1758308873.0,0.92,242,0,,AudibleNod,13,False,0,False,text
news,1nl6lqa,“T.P.” warning issued in northeast Iowa town,326,https://reddit.com/r/news/comments/1nl6lqa/tp_warning_issued_in_northeast_iowa_town/,https://www.kcrg.com/2025/09/17/tp-warning-issued-northeast-iowa-town/,,1758295574.0,0.87,326,0,,hate_tank,97,False,0,False,text
news,1nkr1z9,Lawsuits accuse former California megachurch pastor of child sex abuse in Bucharest,2031,https://reddit.com/r/news/comments/1nkr1z9/lawsuits_accuse_former_california_megachurch/,https://www.nbcnews.com/news/us-news/lawsuits-accuse-former-california-megachurch-pastor-child-sex-abuse-bu-rcna232068,,1758247261.0,0.98,2031,0,,Rambos_Magnum_Dong,58,False,0,False,text
news,1nkcdls,President Trump asks the Supreme Court for an emergency order to remove Lisa Cook from Fed board.,21638,https://reddit.com/r/news/comments/1nkcdls/president_trump_asks_the_supreme_court_for_an/,https://apnews.com/article/supreme-court-trump-lisa-cook-federal-reserve-d7cd7bf7b8bca591b1748591836c3645,,1758211500.0,0.94,21638,0,,SoUnga88,1294,False,0,False,text
news,1nkrqvh,"After Charlie Kirk's assassination, UNCW’s ‘Spirit Rock’ becomes flashpoint for political tensions, threats",1476,https://reddit.com/r/news/comments/1nkrqvh/after_charlie_kirks_assassination_uncws_spirit/,https://www.whqr.org/local/2025-09-18/uncws-spirit-rock-becomes-flashpoint-for-political-tensions-threats,,1758249207.0,0.91,1476,0,,tbonimaroni,150,False,0,False,text
news,1nk7dfq,"ICE report finds 60 violations in 50 days at Fort Bliss migrant facility in El Paso, Texas",21016,https://reddit.com/r/news/comments/1nk7dfq/ice_report_finds_60_violations_in_50_days_at_fort/,https://eu.elpasotimes.com/story/news/immigration/2025/09/17/ice-finds-60-violations-at-fort-bliss-migrant-facility-in-texas/86199672007/,,1758199732.0,0.96,21016,0,,apple_kicks,356,False,0,False,text
news,1nk8gee,Amazon spends $1 billion to increase pay and lower health care costs for US workers,13669,https://reddit.com/r/news/comments/1nk8gee/amazon_spends_1_billion_to_increase_pay_and_lower/,https://abcnews.go.com/Business/wireStory/amazon-spends-1-billion-increase-pay-lower-health-125667774,,1758202464.0,0.91,13669,0,,AudibleNod,711,False,0,False,text
news,1nkbrny,"FTC accuses Live Nation, Ticketmaster of colluding with ticket brokers",6328,https://reddit.com/r/news/comments/1nkbrny/ftc_accuses_live_nation_ticketmaster_of_colluding/,https://www.reuters.com/legal/litigation/ftc-accuses-live-nation-ticketmaster-colluding-with-ticket-brokers-2025-09-18/,,1758210152.0,0.99,6328,0,Soft paywall,Jeffroz,336,False,0,False,text
news,1nkljgh,32 students and faculty hospitalized in pepper spray incident at Florida high school,1864,https://reddit.com/r/news/comments/1nkljgh/32_students_and_faculty_hospitalized_in_pepper/,https://www.nbcnews.com/news/us-news/32-students-faculty-hospitalized-pepper-spray-incident-florida-high-sc-rcna232232,,1758232324.0,0.98,1864,0,,ZwVJHSPiMiaiAAvtAbKq,155,False,0,False,text
news,1nkuzo3,NYC protests today: Jumaane Williams arrested outside 26 Federal Plaza,423,https://reddit.com/r/news/comments/1nkuzo3/nyc_protests_today_jumaane_williams_arrested/,https://www.fox5ny.com/news/jumanee-williams-arested-ice-protest.amp,,1758259266.0,0.92,423,0,,apple_kicks,10,False,0,False,text
news,1nkdp84,House extends lawmakers’ security funding after Kirk assassination,1477,https://reddit.com/r/news/comments/1nkdp84/house_extends_lawmakers_security_funding_after/,https://www.denver7.com/politics/congress/house-extends-lawmakers-security-funding-after-kirk-assassination,,1758214439.0,0.93,1477,0,,AudibleNod,209,False,0,False,text
news,1nkhsqz,New video: Car jumps open University Bridge in Seattle,721,https://reddit.com/r/news/comments/1nkhsqz/new_video_car_jumps_open_university_bridge_in/,https://www.kiro7.com/news/local/car-jumps-open-university-bridge-seattle/O4HDUVRFXNGHTP3WVOLANMQ23M/,,1758223662.0,0.91,721,0,,AudibleNod,189,False,0,False,text
news,1nka996,Authorities identify the suspect in the fatal shooting of 3 Pennsylvania police officers,1677,https://reddit.com/r/news/comments/1nka996/authorities_identify_the_suspect_in_the_fatal/,https://apnews.com/article/pennsylvania-shooting-officers-killed-wounded-f3872f254eeb60ec9cfe1dbc4d0ce695,,1758206748.0,0.96,1677,0,,uhncollectable,333,False,0,False,text
news,1njuv71,Decomposed body found in singer D4vd's impounded Tesla identified as 15-year-old girl,20434,https://reddit.com/r/news/comments/1njuv71/decomposed_body_found_in_singer_d4vds_impounded/,https://www.nbcnews.com/news/us-news/decomposed-body-found-singer-d4vds-impounded-tesla-identified-teenage-rcna231868,,1758157735.0,0.98,20434,0,,ohineedascreenname,1036,False,0,False,text
news,1nk5nzu,Three arrested on suspicion of spying for Russia,1968,https://reddit.com/r/news/comments/1nk5nzu/three_arrested_on_suspicion_of_spying_for_russia/,https://www.bbc.com/news/articles/cvgq19751d6o,,1758194847.0,0.98,1968,0,🇬🇧 United Kingdom ,apple_kicks,63,False,0,False,text
news,1njzxwa,"Macrons to offer 'scientific evidence' to US court to prove Brigitte is a woman, lawyer says",5739,https://reddit.com/r/news/comments/1njzxwa/macrons_to_offer_scientific_evidence_to_us_court/,https://www.bbc.com/news/articles/ckg3llj5nxdo,,1758173505.0,0.96,5739,0,,judgyjudgersen,810,False,0,False,text
news,1njs8qr,ABC suspends Jimmy Kimmel’s late-night show indefinitely over his remarks about Charlie Kirk’s death,102743,https://reddit.com/r/news/comments/1njs8qr/abc_suspends_jimmy_kimmels_latenight_show/,https://apnews.com/article/jimmy-kimmel-show-suspended-charlie-kirk-a2bfa904429c318fe52e7d3493c6883d,,1758150468.0,0.9,102743,0,,GoldTeethBaller,13425,False,0,False,text
news,1njv6g2,Portland to issue land use violation notice to ICE building for allegedly breaching detention limits,6987,https://reddit.com/r/news/comments/1njv6g2/portland_to_issue_land_use_violation_notice_to/,https://apnews.com/article/portland-oregon-ice-building-immigration-0d97ea737a30676c4d8f921ff8bcf505,,1758158595.0,0.98,6987,0,,BigDaddyBain,78,False,0,False,text
news,1njxfsy,"US immigration judge orders Khalil deportation, his lawyers say separate ruling protects him",4300,https://reddit.com/r/news/comments/1njxfsy/us_immigration_judge_orders_khalil_deportation/,https://www.reuters.com/world/us/us-immigration-judge-orders-khalil-deportation-his-lawyers-say-separate-ruling-2025-09-18/,,1758165187.0,0.97,4300,0,Soft paywall,Mandalorc,187,False,0,False,text
news,1nk86c2,Hyundai to expand Georgia plant hit by immigration raid with $2.7B investment,390,https://reddit.com/r/news/comments/1nk86c2/hyundai_to_expand_georgia_plant_hit_by/,https://www.atlantanewsfirst.com/2025/09/18/hyundai-expand-georgia-plant-hit-by-immigration-raid-with-27b-investment/,,1758201785.0,0.79,390,0,,catsgr8rthanspoonies,65,False,0,False,text
news,1njzlj5,Lawsuits accuse former California megachurch pastor of child sex abuse in Bucharest,1363,https://reddit.com/r/news/comments/1njzlj5/lawsuits_accuse_former_california_megachurch/,https://apnews.com/article/california-megachurch-pastor-child-sex-abuse-lawsuit-f1a8c9e20021387e387ec4240a330f83,,1758172305.0,0.98,1363,0,,jimbofranks,35,False,0,False,text
news,1njpof2,"Kirk killing suspect feared being shot by police and agreed to surrender if peaceful, sheriff says",6154,https://reddit.com/r/news/comments/1njpof2/kirk_killing_suspect_feared_being_shot_by_police/,https://apnews.com/article/charlie-kirk-killed-suspect-charged-6b645df2bffb5d899aecec4d64581682,,1758144090.0,0.96,6154,0,,JRockPSU,951,False,0,False,text
news,1nk7f9u,"Helicopter crashes near Joint Base Lewis-McChord, no word on those aboard",311,https://reddit.com/r/news/comments/1nk7f9u/helicopter_crashes_near_joint_base_lewismcchord/,https://apnews.com/article/army-helicopter-crash-washington-lewis-mcchord-8152a3942e01071d24b0540c8bb169d3,,1758199864.0,0.92,311,0,,Capable_Salt_SD,19,False,0,False,text
news,1nk1gyl,Taliban announces internet ban in northern Afghanistan 'to prevent immoral activities',890,https://reddit.com/r/news/comments/1nk1gyl/taliban_announces_internet_ban_in_northern/,https://www.nbcnews.com/world/asia/taliban-announces-internet-ban-northern-afghanistan-rcna232064,,1758179093.0,0.95,890,0,,Face2FaceRecs,158,False,0,False,text
news,1njkgas,"Tyson Foods to drop corn syrup from Jimmy Dean, Hillshire Farm and more products by end of the year",11155,https://reddit.com/r/news/comments/1njkgas/tyson_foods_to_drop_corn_syrup_from_jimmy_dean/,https://abcnews.go.com/GMA/Food/tyson-foods-drop-corn-syrup-jimmy-dean-hillshire-farm/story?id=125631855,,1758132066.0,0.97,11155,0,,AudibleNod,879,False,0,False,text
news,1njqmcq,Emory University to become tuition-free for students whose families earn less than $200K annually,3714,https://reddit.com/r/news/comments/1njqmcq/emory_university_to_become_tuitionfree_for/,https://www.atlantanewsfirst.com/2025/09/17/emory-university-become-tuition-free-students-whose-families-earn-less-than-200k-annually/,,1758146419.0,0.98,3714,0,,catsgr8rthanspoonies,126,False,0,False,text
news,1nje7zy,Revealed: Trump administration retreats on combating human trafficking and child exploitation | Trump administration,18775,https://reddit.com/r/news/comments/1nje7zy/revealed_trump_administration_retreats_on/,https://www.theguardian.com/us-news/2025/sep/17/trump-human-trafficking-programs-cut,,1758118246.0,0.98,18775,0,,Splunge-,414,False,0,False,text
news,1njde80,"Prosecutors already have dropped nearly a dozen cases from Trump’s DC crime surge, judge says",15427,https://reddit.com/r/news/comments/1njde80/prosecutors_already_have_dropped_nearly_a_dozen/,https://apnews.com/article/trump-surge-washington-dc-prosecutions-magistrate-judge-dddf76de9eae16ff4b4e3382bb953c9b,,1758116244.0,0.97,15427,0,,Chase_26,282,False,0,False,text
news,1njrxtj,University Officials Begin Answering Questions Regarding the Hanging of Trey Reed at Delta State,1976,https://reddit.com/r/news/comments/1njrxtj/university_officials_begin_answering_questions/,https://www.fox13memphis.com/news/delta-state-university-officials-answer-questions-surrounding-death-of-student-found-hanging-from-tree/article_ce252107-7a51-4298-aee8-64bfa30437ac.html,,1758149687.0,0.97,1976,0,,Shutln,158,False,0,False,text
news,1njhn24,Trump golf course in Scotland accused of breaching sewage limits,6579,https://reddit.com/r/news/comments/1njhn24/trump_golf_course_in_scotland_accused_of/,https://www.theguardian.com/environment/2025/sep/17/trump-golf-course-in-scotland-accused-of-breaching-sewage-limits,,1758125937.0,0.98,6579,0,,cglotr,234,False,0,False,text
news,1njaxm7,"State Department is denying visas to those who 'celebrate' Charlie Kirk's death, Rubio says",27863,https://reddit.com/r/news/comments/1njaxm7/state_department_is_denying_visas_to_those_who/,https://www.denver7.com/politics/the-president/state-department-is-denying-visas-to-those-who-celebrate-charlie-kirks-death-rubio-says,,1758109755.0,0.94,27863,0,,AudibleNod,2066,False,0,False,text
news,1njd3ok,Epstein and Trump images projected onto walls of Windsor Castle upon his arrival CNN Politics,11457,https://reddit.com/r/news/comments/1njd3ok/epstein_and_trump_images_projected_onto_walls_of/,https://edition.cnn.com/2025/09/16/politics/video/trump-epstein-photos-on-windsor-castle-uk-digvid,,1758115513.0,0.98,11457,0,,Yfares,180,False,0,False,text
news,1njs4h8,3 police officers killed and 2 injured in rural Pennsylvania shooting,1644,https://reddit.com/r/news/comments/1njs4h8/3_police_officers_killed_and_2_injured_in_rural/,https://apnews.com/article/where-pennsylvania-police-shooting-gov-shapiro-090bf6c2373aef5ec0aeaccccc54e35e,,1758150162.0,0.95,1644,0,,Gilbert221,270,False,0,False,text
news,1njknr1,Federal Reserve cuts key rate by quarter-point and signals two more cuts this year,4137,https://reddit.com/r/news/comments/1njknr1/federal_reserve_cuts_key_rate_by_quarterpoint_and/,https://apnews.com/article/federal-reserve-inflation-trump-2d05401d7c9cb2393925f494aac71d89,,1758132515.0,0.98,4137,0,,JorahTheExplorer,377,False,0,False,text
news,1njp75e,Man and woman arrested after 6 children were found locked in Milwaukee storage unit,2207,https://reddit.com/r/news/comments/1njp75e/man_and_woman_arrested_after_6_children_were/,https://www.denver7.com/us-news/crime/man-and-woman-arrested-after-6-children-were-found-locked-in-milwaukee-storage-unit,,1758142943.0,0.97,2207,0,,AudibleNod,164,False,0,False,text
news,1njynt7,Argentina: Fresh setback for Milei as Congress overturns two presidential vetoes,406,https://reddit.com/r/news/comments/1njynt7/argentina_fresh_setback_for_milei_as_congress/,https://www.batimes.com.ar/news/argentina/fresh-setback-for-milei-as-congress-overturns-two-presidential-vetoes.phtml,,1758169108.0,0.95,406,0,,Chipre666,31,False,0,False,text
news,1njsglw,Florida puts man to death in state record 12th execution this year,1001,https://reddit.com/r/news/comments/1njsglw/florida_puts_man_to_death_in_state_record_12th/,https://www.theguardian.com/us-news/2025/sep/17/florida-execution-david-pittman,,1758151034.0,0.95,1001,0,,Face2FaceRecs,170,False,0,False,text
news,1njg7s4,Suspect in custody after driver rams car into FBI building gate in Pittsburgh,3666,https://reddit.com/r/news/comments/1njg7s4/suspect_in_custody_after_driver_rams_car_into_fbi/,https://apnews.com/article/gate-crash-car-fbi-building-pittsburgh-0a950ed8f51e58a5377e97d295c7fd2c?utm_source=onesignal&utm_medium=push&utm_campaign=2025-09-17-Pennsylvania,,1758122784.0,0.97,3666,0,,TheFleshGordon,338,False,0,False,text
news,1njhmsr,Spirit Airlines flight repeatedly warned to turn away from Air Force One,2969,https://reddit.com/r/news/comments/1njhmsr/spirit_airlines_flight_repeatedly_warned_to_turn/,https://www.nbcnews.com/news/us-news/spirit-airlines-flight-repeatedly-warned-turn-away-air-force-one-rcna231850,,1758125921.0,0.95,2969,0,,WriterDave,218,False,0,False,text
news,1njzrps,"France gears up for protests, strikes over budget cuts",240,https://reddit.com/r/news/comments/1njzrps/france_gears_up_for_protests_strikes_over_budget/,https://www.reuters.com/world/europe/france-gears-up-protests-strikes-over-budget-cuts-2025-09-18/,,1758172903.0,0.93,240,0,Soft paywall,romainguimard,24,False,0,False,text
news,1njo2mp,"Officers involved in shooting in Pennsylvania, officials say",685,https://reddit.com/r/news/comments/1njo2mp/officers_involved_in_shooting_in_pennsylvania/,https://abcnews.go.com/US/officers-involved-shooting-pennsylvania-officials/story?id=125679369,,1758140290.0,0.9,685,0,,yourdonefor_wt,147,False,0,False,text
news,1njz0zu,"Spain counts the cost of ""nightmare"" wildfire summer",143,https://reddit.com/r/news/comments/1njz0zu/spain_counts_the_cost_of_nightmare_wildfire_summer/,https://www.bbc.com/news/articles/cge211w5lr5o,,1758170346.0,0.93,143,0,,Realistts,0,False,0,False,text
news,1njtx31,"US to invest £150bn in UK, promising thousands of jobs",276,https://reddit.com/r/news/comments/1njtx31/us_to_invest_150bn_in_uk_promising_thousands_of/,https://www.bbc.com/news/articles/cx2nllgl3q7o,,1758155058.0,0.84,276,0,,Realistts,128,False,0,False,text
news,1njdatq,"Coffee prices in New York approach all-time high amid tariffs, Brazil weather",1621,https://reddit.com/r/news/comments/1njdatq/coffee_prices_in_new_york_approach_alltime_high/,https://www.reuters.com/business/softs-coffee-prices-new-york-approach-all-time-high-amid-tariffs-brazil-weather-2025-09-16/,,1758116006.0,0.97,1621,0,Soft paywall,lnstantKarma,128,False,0,False,text
news,1niwlce,"US officers tied us up and pointed guns at us, South Korean engineers tell BBC",22406,https://reddit.com/r/news/comments/1niwlce/us_officers_tied_us_up_and_pointed_guns_at_us/,https://www.bbc.com/news/articles/c07v1j98ydvo,,1758063512.0,0.98,22406,0,,iimwint,825,False,0,False,text
news,1nix2i1,Publishers Clearing House’s bankruptcy means ‘forever’ winners will no longer get paid,20484,https://reddit.com/r/news/comments/1nix2i1/publishers_clearing_houses_bankruptcy_means/,https://www.cnn.com/2025/09/16/business/publishers-clearing-house-bankruptcy-winners-lose-prizes,,1758064748.0,0.96,20484,0,,spmahn,1238,False,0,False,text
news,1niw0dn,Pentagon says troops can only be exempt from shaving their facial hair for a year,13376,https://reddit.com/r/news/comments/1niw0dn/pentagon_says_troops_can_only_be_exempt_from/,https://apnews.com/article/pentagon-facial-hair-grooming-beards-hegseth-e87c41e311089db0da4c4f2b5de93d1f,,1758062043.0,0.96,13376,0,,jimbofranks,1379,False,0,False,text
news,1nir57q,13 people hurt in 2 mass shootings at Minneapolis homeless encampments on the same day,17275,https://reddit.com/r/news/comments/1nir57q/13_people_hurt_in_2_mass_shootings_at_minneapolis/,https://abcnews.go.com/US/people-hurt-mass-shootings-minneapolis-homeless-encampments/story?id=125620641,,1758050774.0,0.97,17275,0,,kinisonkhan,795,False,0,False,text
news,1njesa7,"New Colorado law, requiring safety labels on new gas stoves, heading to court",356,https://reddit.com/r/news/comments/1njesa7/new_colorado_law_requiring_safety_labels_on_new/,https://www.denver7.com/news/environment/new-colorado-law-requiring-safety-labels-on-new-gas-stoves-heading-to-court,,1758119562.0,0.93,356,0,,AudibleNod,83,False,0,False,text
news,1nj7d5r,Nearly 900 fewer people injured since 20mph introduction in Wales,1001,https://reddit.com/r/news/comments/1nj7d5r/nearly_900_fewer_people_injured_since_20mph/,https://www.bbc.com/news/articles/cm286pyjml7o,,1758097169.0,0.89,1001,0,,apple_kicks,327,False,0,False,text
news,1niycja,"Texts, plans and a confession: prosecutor lays out startling details in Charlie Kirk shooting",4541,https://reddit.com/r/news/comments/1niycja/texts_plans_and_a_confession_prosecutor_lays_out/,https://www.theguardian.com/us-news/2025/sep/16/charlie-kirk-shooting-prosecutor-utah,,1758068154.0,0.93,4541,0,,Yitastics,2341,False,0,False,text
news,1ninic3,Trump Sues The New York Times for Articles Questioning His Success,28224,https://reddit.com/r/news/comments/1ninic3/trump_sues_the_new_york_times_for_articles/,https://www.nytimes.com/2025/09/16/business/media/trump-lawsuit-new-york-times.html?unlocked_article_code=1.mU8.55jc.UA4m5FsYm9aZ&smid=url-share,,1758042864.0,0.95,28224,0,,Shattenkirk,1013,False,0,False,text
news,1nipgmv,Tyler Robinson charged with murder of right-wing influencer Charlie Kirk - and prosecutors seek death penalty | UK News,13332,https://reddit.com/r/news/comments/1nipgmv/tyler_robinson_charged_with_murder_of_rightwing/,https://news.sky.com/story/tyler-robinson-charged-with-the-murder-of-right-wing-influencer-charlie-kirk-13432215,,1758047073.0,0.95,13332,0,,Capable_Salt_SD,2783,False,0,False,text
news,1nj4mtn,Ben & Jerry’s co-founder Greenfield steps down,1066,https://reddit.com/r/news/comments/1nj4mtn/ben_jerrys_cofounder_greenfield_steps_down/,https://www.reuters.com/business/ben-jerrys-co-founder-greenfield-steps-down-2025-09-17/,,1758086891.0,0.94,1066,0,Soft paywall,Superbuddhapunk,154,False,0,False,text
news,1nihypp,Judge dismisses terror-related charges against Luigi Mangione,66765,https://reddit.com/r/news/comments/1nihypp/judge_dismisses_terrorrelated_charges_against/,https://www.cnn.com/2025/09/16/us/luigi-mangione-ny-court-hearing,,1758030407.0,0.96,66765,0,,redlamps67,1214,False,0,False,text
news,1niue0r,"California nurses decry Ice presence at hospitals: ‘Interfering with patient care’ | Caregiving staff say agents are bringing in patients, often denying them visitors and speaking on their behalf to staff",2795,https://reddit.com/r/news/comments/1niue0r/california_nurses_decry_ice_presence_at_hospitals/,https://www.theguardian.com/us-news/2025/sep/16/california-ice-hospitals-patient-care,,1758058143.0,0.97,2795,0,,Face2FaceRecs,55,False,0,False,text
news,1nj00c4,Searchers discover 'ghost ship' that sank in Lake Michigan almost 140 years ago,1227,https://reddit.com/r/news/comments/1nj00c4/searchers_discover_ghost_ship_that_sank_in_lake/,https://apnews.com/article/lake-michigan-schooner-shipwreck-door-county-ccff930d8cd87f3597483938f8fb4fd6,,1758072761.0,0.97,1227,0,,20_mile,79,False,0,False,text
news,1niwiyb,"US health officials to revisit vaccine policies using anti-vax tactics, experts warn",1846,https://reddit.com/r/news/comments/1niwiyb/us_health_officials_to_revisit_vaccine_policies/,https://www.theguardian.com/society/2025/sep/16/vaccine-recommendations-anti-vax-data?ref=upstract.com,,1758063344.0,0.96,1846,0,,koi-lotus-water-pond,109,False,0,False,text
news,1nii8b4,US appeals court rejects Trump bid to oust Fed's Lisa Cook,9190,https://reddit.com/r/news/comments/1nii8b4/us_appeals_court_rejects_trump_bid_to_oust_feds/,https://www.reuters.com/legal/government/us-appeals-court-rejects-trump-bid-oust-feds-lisa-cook-2025-09-16/,,1758031049.0,0.99,9190,0,,spectre401,127,False,0,False,text
news,1nj0pee,A car-free stretch of highway in San Francisco leads to recall vote and warning to politicians,864,https://reddit.com/r/news/comments/1nj0pee/a_carfree_stretch_of_highway_in_san_francisco/,https://apnews.com/article/san-francisco-recall-great-highway-park-5436009c4d441ca658d7dc4cdf450e3f,,1758074707.0,0.95,864,0,,Flavorysoup,113,False,0,False,text
news,1niq9qn,Pilot dies after plane carrying nearly 200kg of SpaceX-branded cocaine crashes in remote Brazil,3265,https://reddit.com/r/news/comments/1niq9qn/pilot_dies_after_plane_carrying_nearly_200kg_of/,https://www.independent.co.uk/news/world/americas/pilot-crash-brazil-plane-cocaine-spacex-b2827594.html,,1758048838.0,0.97,3265,0,,Hrekires,239,False,0,False,text
news,1nil1zq,FBI investigated Evergreen High School shooter's social media in July | The FBI was investigating the social media accounts connected to the 16-year-old boy who shot two of his classmates before turning the gun on himself two months before the attack at Evergreen High School last week,5799,https://reddit.com/r/news/comments/1nil1zq/fbi_investigated_evergreen_high_school_shooters/,https://www.denver7.com/news/evergreen/evergreen-high-school-shooters-social-media-was-investigated-by-fbi-in-july-after-tip-from-adl,,1758037386.0,0.98,5799,0,,judolphin,211,False,0,False,text
news,1nis1zd,Bolsonaro ordered to pay damages for racist remarks in office | Brazil,2520,https://reddit.com/r/news/comments/1nis1zd/bolsonaro_ordered_to_pay_damages_for_racist/,https://www.theguardian.com/world/2025/sep/16/bolsonaro-damages-brazil,,1758052814.0,0.97,2520,0,,Guipa,86,False,0,False,text
news,1nifsct,"Robert Redford, screen idol turned director and activist, Dies at 89",11503,https://reddit.com/r/news/comments/1nifsct/robert_redford_screen_idol_turned_director_and/,https://www.nytimes.com/2025/09/16/movies/robert-redford-dead.html?unlocked_article_code=1.mU8.vms0.2Kh6tpOfxNj9&smid=nytcore-ios-share&referringSource=articleShare,,1758024924.0,0.96,11503,0,,Sfingi48,721,False,0,False,text
news,1nifb5m,"Teenagers to pay $300,000 for urinating in hotpot in China",10726,https://reddit.com/r/news/comments/1nifb5m/teenagers_to_pay_300000_for_urinating_in_hotpot/,https://www.bbc.com/news/articles/cq8e57eexn2o,,1758023588.0,0.97,10726,0,,Warcraft_Fan,533,False,0,False,text
news,1nipkx8,Man arrested for allegedly faking confession to Charlie Kirk’s killing,2608,https://reddit.com/r/news/comments/1nipkx8/man_arrested_for_allegedly_faking_confession_to/,https://www.theguardian.com/us-news/2025/sep/16/false-confession-charlie-kirk-shooting,,1758047340.0,0.96,2608,0,,Face2FaceRecs,259,False,0,False,text
news,1nig034,Mississippi declares infant deaths emergency as CDC program that could have helped is halted | Trump administration,6566,https://reddit.com/r/news/comments/1nig034/mississippi_declares_infant_deaths_emergency_as/,https://www.theguardian.com/us-news/2025/sep/16/mississippi-infant-deaths-cdc-prams,,1758025516.0,0.98,6566,0,,temps-de-gris,286,False,0,False,text
news,1nisoza,California judge denies Menendez brothers’ petition for new trial,1003,https://reddit.com/r/news/comments/1nisoza/california_judge_denies_menendez_brothers/,https://www.ctvnews.ca/world/article/california-judge-denies-menendez-brothers-petition-for-new-trial/,,1758054247.0,0.95,1003,0,,AudibleNod,115,False,0,False,text
news,1nifqrs,"US consumers are feeling the stress of inflation, interest rates, report shows",4102,https://reddit.com/r/news/comments/1nifqrs/us_consumers_are_feeling_the_stress_of_inflation/,https://www.reuters.com/business/finance/us-consumers-are-feeling-stress-inflation-interest-rates-report-shows-2025-09-16/,,1758024800.0,0.98,4102,0,Soft paywall,Oleg101,313,False,0,False,text
news,1niqzs8,Donkey recovering after being shot in latest arrow attack on wild burros in California,922,https://reddit.com/r/news/comments/1niqzs8/donkey_recovering_after_being_shot_in_latest/,https://apnews.com/article/southern-california-burros-donkeys-shot-arrow-attacks-79e9d7dc9ef48c16a6c51e291adb16d5,,1758050442.0,0.96,922,0,,jimbofranks,68,False,0,False,text
news,1nikj0h,FDA takes aim at Hims and other telehealth services in drug advertising blitz,1883,https://reddit.com/r/news/comments/1nikj0h/fda_takes_aim_at_hims_and_other_telehealth/,https://apnews.com/article/hims-drug-ads-tv-fda-rfk-9c08db3481dcfd67c433fad1ae07d941,,1758036210.0,0.97,1883,0,,AudibleNod,169,False,0,False,text
news,1ni4wz3,"DSU Student Found Hanging in Tree, No Foul Play Suspected",27794,https://reddit.com/r/news/comments/1ni4wz3/dsu_student_found_hanging_in_tree_no_foul_play/,https://www.mississippifreepress.org/delta-state-university-students-body-found-hanging-in-tree-no-foul-play-suspected/,,1757987877.0,0.92,27794,0,,DragonPup,1469,False,0,False,text
news,1nii90w,Israel’s military begins its ground offensive in Gaza City and thousands of residents flee,1187,https://reddit.com/r/news/comments/1nii90w/israels_military_begins_its_ground_offensive_in/,https://apnews.com/article/israel-hamas-wars-09-16-2025-bfd8d7c9f75a9da3e101fb3c8cf6c518,,1758031098.0,0.92,1187,0,,Archaent,269,False,0,False,text
news,1niiiv4,'Tinder Swindler' con artist arrested in Georgia,1147,https://reddit.com/r/news/comments/1niiiv4/tinder_swindler_con_artist_arrested_in_georgia/,https://www.bbc.co.uk/news/articles/cn95jjn1q40o,,1758031715.0,0.96,1147,0,,MasterpieceAlone8552,89,False,0,False,text
news,1ni1bnn,US destroys alleged Venezuelan drug boat and killing three,14206,https://reddit.com/r/news/comments/1ni1bnn/us_destroys_alleged_venezuelan_drug_boat_and/,https://www.bbc.com/news/articles/cx2jel4gyezo,,1757978090.0,0.96,14206,0,,Yfares,1433,False,0,False,text
news,1ni3br9,"Scuba Diver robs Disney restaurant, swims away",5934,https://reddit.com/r/news/comments/1ni3br9/scuba_diver_robs_disney_restaurant_swims_away/,https://www.wftv.com/news/local/scuba-clad-man-robs-disney-springs-restaurant-swims-away/OK52RUCLAZFMNAHRBXR5OD7SVY/?fbclid=IwZnRzaAM1VNNleHRuA2FlbQIxMQABHhTLhZGIbHxADrRqQhVO3z8HXrCNg_1wc5Xc8b1Zp89RmLwIUgSKjqZ-og4s_aem_gilV_eBoI5HGh65efPDS1g,,1757983466.0,0.98,5934,0,,SRISCD002,393,False,0,False,text
news,1ni8va5,Beloved Canadian writer Robert Munsch has chosen a medically assisted death,1742,https://reddit.com/r/news/comments/1ni8va5/beloved_canadian_writer_robert_munsch_has_chosen/,https://www.cbc.ca/player/play/video/9.6904065,,1758000111.0,0.97,1742,0,,rmumford,94,False,0,False,text
news,1nhobr3,Washington Post columnist says she was fired over her ‘unacceptable’ Charlie Kirk social media posts,33485,https://reddit.com/r/news/comments/1nhobr3/washington_post_columnist_says_she_was_fired_over/,https://www.independent.co.uk/news/world/americas/us-politics/washington-post-fired-charlie-kirk-karen-attiah-b2826734.html,,1757948649.0,0.92,33485,0,,Hrekires,2613,False,0,False,text
news,1nkfdr0,"Erika Kirk, widow of Charlie Kirk, named new CEO of Turning Point USA | Charlie Kirk shooting",0,https://reddit.com/r/news/comments/1nkfdr0/erika_kirk_widow_of_charlie_kirk_named_new_ceo_of/,https://www.theguardian.com/us-news/2025/sep/18/charlie-erika-kirk-turning-point-usa-tpusa,,1758218180.0,0.38,0,0,,meshreplacer,216,False,0,False,text
news,1nhyj5x,"Trump deploys National Guard to Memphis, calling it a 'replica' of his crackdown on Washington",2041,https://reddit.com/r/news/comments/1nhyj5x/trump_deploys_national_guard_to_memphis_calling/,https://apnews.com/article/trump-memphis-national-guard-deployment-crime-washington-f678a17a66d3e49b2f67930a6ea70e6b,,1757971186.0,0.96,2041,0,,Ikaridestroyer,342,False,0,False,text
news,1nhw6up,"Trump administration terminates University of Alaska grants for Alaska Native, Indigenous students",2139,https://reddit.com/r/news/comments/1nhw6up/trump_administration_terminates_university_of/,https://alaskabeacon.com/briefs/trump-administration-terminates-university-of-alaska-grants-for-alaska-native-indigenous-students/,,1757965946.0,0.97,2139,0,,dorgoth12,133,False,0,False,text
news,1nhdo2k,South Korea to probe potential human rights abuses in US Hyundai raid,25951,https://reddit.com/r/news/comments/1nhdo2k/south_korea_to_probe_potential_human_rights/,https://www.bbc.com/news/articles/cz9j585g23go,,1757914944.0,0.98,25951,0,,MicV66,512,False,0,False,text
news,1nh7ptq,2 arrested after incendiary device found under news media vehicle in Utah,17741,https://reddit.com/r/news/comments/1nh7ptq/2_arrested_after_incendiary_device_found_under/,https://abcnews.go.com/US/wireStory/2-men-arrested-after-incendiary-device-found-news-125562443,,1757896573.0,0.97,17741,0,,barredman,1690,False,0,False,text
news,1nhlvug,Prime Madeleine McCann suspect refuses Met interview before German prison release,912,https://reddit.com/r/news/comments/1nhlvug/prime_madeleine_mccann_suspect_refuses_met/,https://www.theguardian.com/uk-news/2025/sep/15/prime-madeleine-mccann-suspect-refuses-met-interview-before-german-prison-release,,1757942969.0,0.94,912,0,,AudibleNod,68,False,0,False,text
news,1nh55gf,Fox News’ Brian Kilmeade apologizes for saying mentally ill homeless people should be executed,19508,https://reddit.com/r/news/comments/1nh55gf/fox_news_brian_kilmeade_apologizes_for_saying/,https://apnews.com/article/kilmeade-fox-homeless-executed-apology-bffb74e9d672b79853dc6fb8eb29afc8,,1757889530.0,0.95,19508,0,,NewSlinger,1942,False,0,False,text
news,1ngylf0,"Kirk suspect 'not co-operating' with authorities, governor says",38490,https://reddit.com/r/news/comments/1ngylf0/kirk_suspect_not_cooperating_with_authorities/,https://www.bbc.com/news/articles/c4gvrw2pgedo,,1757873882.0,0.93,38490,0,,NewSlinger,4468,False,0,False,text
news,1nh7d0u,Israel intensifies Gaza City bombing as Rubio arrives,2891,https://reddit.com/r/news/comments/1nh7d0u/israel_intensifies_gaza_city_bombing_as_rubio/,https://www.reuters.com/world/middle-east/israel-intensifies-gaza-city-bombing-rubio-arrives-2025-09-14/,,1757895569.0,0.95,2891,0,,jimbofranks,116,False,0,False,text
news,1nh9uke,Homes destroyed as multiple tornadoes touch down in San Juan County,1537,https://reddit.com/r/news/comments/1nh9uke/homes_destroyed_as_multiple_tornadoes_touch_down/,https://navajotimes.com/reznews/homes-destroyed-as-multiple-tornadoes-touch-down-in-san-juan-county/,,1757902739.0,0.97,1537,0,Utah,AudibleNod,74,False,0,False,text
news,1ngwi0g,"Bay Area family gets $5,000 bill for sitting in an ER waiting room",9342,https://reddit.com/r/news/comments/1ngwi0g/bay_area_family_gets_5000_bill_for_sitting_in_an/,https://abc7news.com/post/bay-area-family-gets-5000-bill-sitting-er-waiting-room-heres-how-7-side-helped/17781559/,,1757869055.0,0.97,9342,0,,GoodSamaritan_,683,False,0,False,text
news,1nh4x8j,Ebola vaccination begins in southern Congo,2672,https://reddit.com/r/news/comments/1nh4x8j/ebola_vaccination_begins_in_southern_congo/,https://www.ctvnews.ca/world/article/ebola-vaccination-begins-in-southern-congo/,,1757888937.0,0.98,2672,0,,AudibleNod,68,False,0,False,text
news,1ngsi4h,Pot breaks as Nigerian chef attempts to cook largest jollof rice dish,10802,https://reddit.com/r/news/comments/1ngsi4h/pot_breaks_as_nigerian_chef_attempts_to_cook/,https://www.bbc.com/news/articles/c306m1j542po,,1757859569.0,0.95,10802,0,,For_All_Humanity,292,False,0,False,text
news,1ngtfnz,China’s Great Firewall suffers its biggest leak ever as 500GB of source code and docs spill online — censorship tool has been sold to three different countries,8197,https://reddit.com/r/news/comments/1ngtfnz/chinas_great_firewall_suffers_its_biggest_leak/,https://www.tomshardware.com/tech-industry/chinas-great-firewall-springs-huge-leak,,1757861902.0,0.98,8197,0,,Extasio,160,False,0,False,text
news,1ngqt6u,"Roblox, Discord sued after 15-year-old boy was allegedly groomed online before he died by suicide",11172,https://reddit.com/r/news/comments/1ngqt6u/roblox_discord_sued_after_15yearold_boy_was/,https://www.nbcnews.com/news/us-news/roblox-discord-sued-15-year-old-boy-was-allegedly-groomed-online-died-rcna231049,,1757855123.0,0.97,11172,0,,AudibleNod,688,False,0,False,text
news,1ngljbm,‘Just kill ‘em’: Fox host’s ‘sick’ suggestion for dealing with homeless spurs calls for his firing,48055,https://reddit.com/r/news/comments/1ngljbm/just_kill_em_fox_hosts_sick_suggestion_for/,https://www.pennlive.com/news/2025/09/just-kill-em-fox-hosts-sick-suggestion-for-dealing-with-homeless-spurs-calls-for-his-firing.html,,1757837325.0,0.95,48055,0,,ICC-u,1413,False,0,False,text
news,1ngyrlz,Equatorial Guinea enforces yearlong internet outage for island that protested construction company,1398,https://reddit.com/r/news/comments/1ngyrlz/equatorial_guinea_enforces_yearlong_internet/,https://apnews.com/article/equatorial-guinea-internet-shutdown-africa-d7daacc641475743972b33eaffffa4fc,,1757874286.0,0.97,1398,0,,AudibleNod,43,False,0,False,text
news,1ngp4cs,"Boxing world champion Ricky Hatton Dead, 46.",2836,https://reddit.com/r/news/comments/1ngp4cs/boxing_world_champion_ricky_hatton_dead_46/,https://news.sky.com/story/former-world-champion-boxer-ricky-hatton-has-died-aged-46-report-13430761,,1757850125.0,0.94,2836,0,🏴󠁧󠁢󠁥󠁮󠁧󠁿 England ,tardiusmaximus,289,False,0,False,text
news,1ngkyqq,Russia fires Zircon hypersonic missile during military drills,1935,https://reddit.com/r/news/comments/1ngkyqq/russia_fires_zircon_hypersonic_missile_during/,https://www.reuters.com/world/russia-fires-zircon-hypersonic-missile-during-military-drills-2025-09-14/,,1757835230.0,0.95,1935,0,Soft paywall,jimbofranks,107,False,0,False,text
news,1ngkwxl,Drone breaches Romanian airspace during Russian attack on neighboring Ukraine,1328,https://reddit.com/r/news/comments/1ngkwxl/drone_breaches_romanian_airspace_during_russian/,https://www.reuters.com/world/drone-breaches-romanian-airspace-during-russian-attack-neighboring-ukraine-2025-09-13/,,1757835039.0,0.96,1328,0,Soft paywall,jimbofranks,51,False,0,False,text
news,1ngf58v,"Police and protesters scuffle as 110,000 join anti-migrant London protest",2754,https://reddit.com/r/news/comments/1ngf58v/police_and_protesters_scuffle_as_110000_join/,https://www.reuters.com/world/uk/police-protesters-scuffle-110000-join-anti-migrant-london-protest-2025-09-13/,,1757815448.0,0.93,2754,0,Soft paywall,yungdenzel,483,False,0,False,text
news,1ng269w,San Diego Navy doctor fired after right-wing activists find pronouns on social media.,37808,https://reddit.com/r/news/comments/1ng269w/san_diego_navy_doctor_fired_after_rightwing/,https://www.kpbs.org/news/local/2025/09/12/san-diego-navy-doctor-fired-after-right-wing-activists-find-pronouns-on-social-media,,1757781619.0,0.91,37808,0,,TommyAdagio,933,False,0,False,text
news,1nfy6p4,Lawsuit says Musk's Tesla hires visa holders instead of Americans so it can pay less,18707,https://reddit.com/r/news/comments/1nfy6p4/lawsuit_says_musks_tesla_hires_visa_holders/,https://www.reuters.com/business/world-at-work/lawsuit-says-musks-tesla-hires-visa-holders-instead-americans-so-it-can-pay-less-2025-09-12/,,1757771912.0,0.97,18707,0,Soft paywall,MicV66,466,False,0,False,text
news,1nghajm,Argentina: Doctors and university staff stage protest against Milei vetoes,781,https://reddit.com/r/news/comments/1nghajm/argentina_doctors_and_university_staff_stage/,https://batimes.com.ar/news/argentina/doctors-and-university-staff-stage-protest-against-milei-vetoes.phtml,,1757822310.0,0.94,781,0,,Chipre666,27,False,0,False,text
news,1ngchsy,"FAA seeks $3.1 million in fines from Boeing over safety violations, 2024 midair panel blowout",1595,https://reddit.com/r/news/comments/1ngchsy/faa_seeks_31_million_in_fines_from_boeing_over/,https://apnews.com/article/boeing-737-max-safety-accident-faa-fine-c43ded236ae4ff85cdf0f0eb8dfc8fec,,1757807576.0,0.97,1595,0,,AudibleNod,61,False,0,False,text
news,1ng3lf2,Niagara rally by masked members of men's 'nationalist club' raises fears of growing extremism,4738,https://reddit.com/r/news/comments/1ng3lf2/niagara_rally_by_masked_members_of_mens/,https://www.cbc.ca/news/canada/hamilton/second-sons-rally-in-niagara-1.7628162,,1757784973.0,0.96,4738,0,,Few_Negotiation832,224,False,0,False,text
news,1nfudxs,Teachers and Professors nationwide being fired over social media posts related to Charlie Kirk’s death,45138,https://reddit.com/r/news/comments/1nfudxs/teachers_and_professors_nationwide_being_fired/,https://www.nbcnews.com/news/us-news/charlie-kirk-death-teachers-professors-nationwide-fired-disciplined-s-rcna230845,,1757760316.0,0.93,45138,0,,Business-Rent-5142,1050,False,0,False,text
news,1ng60jc,‘I Voted’ — California prosecutors say dog’s ballot was owner’s crime,2110,https://reddit.com/r/news/comments/1ng60jc/i_voted_california_prosecutors_say_dogs_ballot/,https://www.denver7.com/politics/elections/i-voted-california-prosecutors-say-dogs-ballot-was-owners-crime,,1757790605.0,0.96,2110,0,,AudibleNod,161,False,0,False,text
news,1nfysxe,6 more officers fired over handling of domestic violence-fueled triple homicide in South Florida,3844,https://reddit.com/r/news/comments/1nfysxe/6_more_officers_fired_over_handling_of_domestic/,https://www.cnn.com/2025/09/13/us/florida-deputies-fired-mary-gingles-killing-hnk,,1757773504.0,0.99,3844,0,,jeetah,81,False,0,False,text
news,1nfljg7,US universities UC Berkeley shares 160 names with Trump administration in ‘McCarthy era’ move,34038,https://reddit.com/r/news/comments/1nfljg7/us_universities_uc_berkeley_shares_160_names_with/,https://www.theguardian.com/us-news/2025/sep/12/uc-berkeley-trump-administration-antisemitism,,1757729137.0,0.94,34038,0,,AudibleNod,1152,False,0,False,text
news,1nfthvf,"Woman's rape in Oldbury was racially aggravated, say police",2152,https://reddit.com/r/news/comments/1nfthvf/womans_rape_in_oldbury_was_racially_aggravated/,https://www.bbc.com/news/articles/ced5ly7zv2po,,1757757022.0,0.94,2152,0,,apple_kicks,117,False,0,False,text
news,1nfu404,Nato announces more air support to defend Poland against future Russian incursions | Ukraine,1413,https://reddit.com/r/news/comments/1nfu404/nato_announces_more_air_support_to_defend_poland/,https://www.theguardian.com/world/2025/sep/12/nato-announces-enhanced-air-support-to-defend-poland-against-future-russian-incursions,,1757759330.0,0.97,1413,0,,ComplexCod9077,52,False,0,False,text
news,1nfjoc8,Meth burn by FBI smokes out Montana animal shelter,8179,https://reddit.com/r/news/comments/1nfjoc8/meth_burn_by_fbi_smokes_out_montana_animal_shelter/,https://apnews.com/article/montana-animal-shelter-incinerator-methamphetamine-c471a1a007237b55aa6b8fea8af5673d,,1757723639.0,0.98,8179,0,,MerryGoWrong,400,False,0,False,text
news,1nfyz2v,Istanbul district mayor and 47 officials detained over corruption allegations in widening crackdown,500,https://reddit.com/r/news/comments/1nfyz2v/istanbul_district_mayor_and_47_officials_detained/,https://apnews.com/article/turkey-main-opposition-party-crackdown-district-mayor-detained-104dbae3870db7310370a66493b27284,,1757773922.0,0.96,500,0,,AudibleNod,22,False,0,False,text
news,1nfgnj3,"Exclusive: Fed Governor Cook declared her Atlanta property as “vacation home,” documents show",8543,https://reddit.com/r/news/comments/1nfgnj3/exclusive_fed_governor_cook_declared_her_atlanta/,https://www.reuters.com/world/us/fed-governor-cook-declared-her-atlanta-property-vacation-home-documents-show-2025-09-12/,,1757715440.0,0.95,8543,0,Soft paywall,DPSD05,394,False,0,False,text
news,1nf9h6b,"Person killed and ICE officer injured in traffic stop in Chicago area, DHS says",24827,https://reddit.com/r/news/comments/1nf9h6b/person_killed_and_ice_officer_injured_in_traffic/,https://www.cnn.com/2025/09/12/us/ice-deadly-traffic-stop-illinois,,1757698397.0,0.95,24827,0,,NewSlinger,1105,False,0,False,text
news,1nfdh4n,Lawsuit says US held West African migrants in straitjackets for 16 hours on flight to Ghana,5827,https://reddit.com/r/news/comments/1nfdh4n/lawsuit_says_us_held_west_african_migrants_in/,https://www.independent.co.uk/news/ghana-donald-trump-lawsuit-washington-african-b2825676.html,,1757707859.0,0.97,5827,0,,NewSlinger,142,False,0,False,text
news,1nf30lv,Suspect in Charlie Kirk's killing identified: Sources,23229,https://reddit.com/r/news/comments/1nf30lv/suspect_in_charlie_kirks_killing_identified/,https://www.nbcnews.com/news/us-news/suspect-charlie-kirk-shooting-tyler-robinson-rcna230504,,1757683091.0,0.94,23229,0,,Capable_Salt_SD,14971,False,0,False,text
news,1nf7992,Anti-Corruption Crusader Named Nepal’s Leader After Gen Z Protests,5095,https://reddit.com/r/news/comments/1nf7992/anticorruption_crusader_named_nepals_leader_after/,https://www.nytimes.com/2025/09/12/world/asia/nepal-protests-leader-karki-gen-z.html?unlocked_article_code=1.lU8.dVor.nYdzt0t2zynr&smid=nytcore-ios-share&referringSource=articleShare,,1757693207.0,0.98,5095,0,,ShreckAndDonkey123,199,False,0,False,text
news,1nfb2f7,"North Korea executing more people for watching foreign films and TV, UN finds",3078,https://reddit.com/r/news/comments/1nfb2f7/north_korea_executing_more_people_for_watching/,https://www.bbc.com/news/articles/ckgqdz17ye3o,,1757702160.0,0.95,3078,0,,apple_kicks,180,False,0,False,text
news,1nf0qed,Student shot after mistaken ID mishap with officer during Naval Academy lockdown,11392,https://reddit.com/r/news/comments/1nf0qed/student_shot_after_mistaken_id_mishap_with/,https://www.nbcnews.com/news/military/student-shot-mistaken-id-mishap-officer-naval-academy-lockdown-rcna230737,,1757676757.0,0.98,11392,0,,AudibleNod,383,False,0,False,text
news,1nf4tf3,Neo-Nazi leader Thomas Sewell ordered to complete community service for intimidating police officer,5606,https://reddit.com/r/news/comments/1nf4tf3/neonazi_leader_thomas_sewell_ordered_to_complete/,https://www.abc.net.au/news/2025-09-12/thomas-sewell-intimidating-police-officer-guilty/105767592,,1757687497.0,0.97,5606,0,Australia,AudibleNod,106,False,0,False,text
news,1nfipoz,"Apalachee High student arrested in threat investigation, school says",735,https://reddit.com/r/news/comments/1nfipoz/apalachee_high_student_arrested_in_threat/,https://www.atlantanewsfirst.com/2025/09/12/apalachee-high-student-arrested-threat-investigation-school-says/,,1757720905.0,0.95,735,0,,catsgr8rthanspoonies,18,False,0,False,text
news,1nfe9mz,Albania appoints AI bot as minister to tackle corruption,1009,https://reddit.com/r/news/comments/1nfe9mz/albania_appoints_ai_bot_as_minister_to_tackle/,https://www.reuters.com/technology/albania-appoints-ai-bot-minister-tackle-corruption-2025-09-11/,,1757709745.0,0.96,1009,0,Soft paywall,romainguimard,72,False,0,False,text
news,1nfcjmk,Pigs’ heads left outside French mosques stoke suspicions of Russian interference,1121,https://reddit.com/r/news/comments/1nfcjmk/pigs_heads_left_outside_french_mosques_stoke/,https://edition.cnn.com/2025/09/12/europe/pig-heads-france-mosque-russia-suspicion-intl?,,1757705640.0,0.92,1121,0,,apple_kicks,24,False,0,False,text
news,1nf9clx,Colorado funeral director who acknowledged abusing 191 corpses withdraws guilty plea,1101,https://reddit.com/r/news/comments/1nf9clx/colorado_funeral_director_who_acknowledged/,https://www.ctvnews.ca/world/article/colorado-funeral-director-who-acknowledged-abusing-191-corpses-withdraws-guilty-plea/,,1757698104.0,0.96,1101,0,,AudibleNod,71,False,0,False,text
news,1nf5ob3,Russia and Belarus launch big military exercise that fueled Western concerns,1121,https://reddit.com/r/news/comments/1nf5ob3/russia_and_belarus_launch_big_military_exercise/,https://www.nbcnews.com/world/russia/russia-belarus-big-military-exercises-rcna230799,,1757689527.0,0.96,1121,0,,gmorgan99,38,False,0,False,text
news,1nen54t,Bolsonaro sentenced to 27 years in prison for plotting Brazil coup,68576,https://reddit.com/r/news/comments/1nen54t/bolsonaro_sentenced_to_27_years_in_prison_for/,https://www.bbc.co.uk/news/articles/c8xrqxk9p4xo,,1757631223.0,0.96,68576,0,,SkullDump,1558,False,0,False,text
news,1ner96s,"Man beheaded with machete at Dallas motel, head put in the trash, police say",7410,https://reddit.com/r/news/comments/1ner96s/man_beheaded_with_machete_at_dallas_motel_head/,https://www.nbcdfw.com/news/local/man-stabbed-beheaded-machete-dallas-motel/3916937/,,1757643103.0,0.98,7410,0,,QuenchOnDakock,653,False,0,False,text
news,1nepvjl,Child dies from complication of measles contracted years earlier,8271,https://reddit.com/r/news/comments/1nepvjl/child_dies_from_complication_of_measles/,https://apnews.com/article/measles-mmr-los-angeles-subacute-sclerosing-panencephalitis-219e43a0ef1546db043f4e891b3e441d,,1757638999.0,0.98,8271,0,California,AudibleNod,189,False,0,False,text
news,1neipqc,"3 fired FBI officials sue Patel, saying he bowed to Trump administration's 'campaign of retribution'",51531,https://reddit.com/r/news/comments/1neipqc/3_fired_fbi_officials_sue_patel_saying_he_bowed/,https://www.denver7.com/politics/the-president/3-fired-fbi-officials-sue-patel-saying-he-bowed-to-trump-administrations-campaign-of-retribution,,1757620315.0,0.95,51531,0,,AudibleNod,301,False,0,False,text
news,1neiuvn,Evergreen Shooter Radicalized by Extremist Network,25986,https://reddit.com/r/news/comments/1neiuvn/evergreen_shooter_radicalized_by_extremist_network/,https://www.canyoncourier.com/news/article_dd5572ed-0619-4152-831c-166f71413507.html,,1757620652.0,0.96,25986,0,,chasingthewhiteroom,1050,False,0,False,text
news,1neoyw9,Florida Teachers Warned After Charlie Kirk Assassination,5925,https://reddit.com/r/news/comments/1neoyw9/florida_teachers_warned_after_charlie_kirk/,https://www.clickorlando.com/news/florida/2025/09/11/despicable-comments-florida-teachers-warned-after-charlie-kirk-assassination/,,1757636362.0,0.96,5925,0,,Kickinitez,629,False,0,False,text
news,1nejnrq,"People killed in US boat strike were not Tren de Aragua, Venezuela minister says.",13179,https://reddit.com/r/news/comments/1nejnrq/people_killed_in_us_boat_strike_were_not_tren_de/,https://www.reuters.com/world/americas/people-killed-us-boat-strike-were-not-tren-de-aragua-venezuela-minister-says-2025-09-11/,,1757622513.0,0.96,13179,0,Soft paywall,Cold_Complex_4212,480,False,0,False,text
news,1nf0g4p,Pakistan: More than two million evacuated from deadly floods,403,https://reddit.com/r/news/comments/1nf0g4p/pakistan_more_than_two_million_evacuated_from/,https://www.bbc.com/news/articles/cn0xjd7wvy1o,,1757675849.0,0.93,403,0,,Yfares,3,False,0,False,text
news,1neehoc,South Korean woman who bit off attacker’s tongue acquitted after 61 years,9882,https://reddit.com/r/news/comments/1neehoc/south_korean_woman_who_bit_off_attackers_tongue/,https://www.theguardian.com/world/2025/sep/10/south-korean-woman-who-bit-off-attackers-tongue-acquitted-after-61-years,,1757610635.0,0.98,9882,0,,AudibleNod,127,False,0,False,text
news,1ne9f7n,"High-powered rifle recovered amid manhunt for Charlie Kirk's killer, FBI says",26499,https://reddit.com/r/news/comments/1ne9f7n/highpowered_rifle_recovered_amid_manhunt_for/,https://abcnews.go.com/US/charlie-kirk-shooting-fbi-appeals-tips-manhunt-continues/story?id=125469211,,1757598809.0,0.94,26499,0,Site Changed title,NewSlinger,8466,False,0,False,text
news,1neh47y,US consumer inflation accelerates; weekly jobless claims approach four-year high,5132,https://reddit.com/r/news/comments/1neh47y/us_consumer_inflation_accelerates_weekly_jobless/,https://www.reuters.com/world/us/us-consumer-inflation-accelerates-weekly-jobless-claims-approach-four-year-high-2025-09-11/,,1757616617.0,0.98,5132,0,Soft paywall,YesterShill,348,False,0,False,text
news,1nek0i8,"Man arrested after driving child-size pink Barbie Jeep through Prince George, B.C.",3454,https://reddit.com/r/news/comments/1nek0i8/man_arrested_after_driving_childsize_pink_barbie/,https://www.cbc.ca/news/canada/british-columbia/barbie-jeep-arrest-prince-george-1.7626945,,1757623334.0,0.97,3454,0,,Warcraft_Fan,234,False,0,False,text
news,1negxie,Multiple HBCUs under lockdown after receiving threats amid rising campus security concerns | At least six historically Black colleges halted activities and issued alerts.,4997,https://reddit.com/r/news/comments/1negxie/multiple_hbcus_under_lockdown_after_receiving/,https://abcnews.go.com/US/multiple-hbcus-lockdown-after-receiving-threats-amid-rising/story?id=125483504,,1757616192.0,0.97,4997,0,,OkayButFoRealz,275,False,0,False,text
news,1negt6d,Brazil top court panel forms majority to convict Bolsonaro for criminal organization,4129,https://reddit.com/r/news/comments/1negt6d/brazil_top_court_panel_forms_majority_to_convict/,https://www.reuters.com/world/americas/brazil-top-court-panel-forms-majority-convict-bolsonaro-criminal-organization-2025-09-11/,,1757615907.0,0.98,4129,0,Soft paywall,Hoppy_Croaklightly,79,False,0,False,text
news,1ne4sqs,UK fires ambassador to US Peter Mandelson over Epstein links,25884,https://reddit.com/r/news/comments/1ne4sqs/uk_fires_ambassador_to_us_peter_mandelson_over/,https://edition.cnn.com/2025/09/11/uk/peter-mandelson-uk-ambassador-fired-intl,,1757585036.0,0.98,25884,0,,BlatantConservative,499,False,0,False,text
news,1neagn8,Nepal's army retakes control of Kathmandu after days of deadly riots as negotiations with protest leaders begin,4685,https://reddit.com/r/news/comments/1neagn8/nepals_army_retakes_control_of_kathmandu_after/,https://www.abc.net.au/news/2025-09-11/nepal-army-retakes-control-of-kathmandu-after-riots/105760022,,1757601228.0,0.99,4685,0,,AudibleNod,108,False,0,False,text
news,1neesg6,Black hole collision confirms decades-old predictions by Einstein and Hawking,2322,https://reddit.com/r/news/comments/1neesg6/black_hole_collision_confirms_decadesold/,https://edition.cnn.com/2025/09/11/science/black-hole-collision-einstein-hawking,,1757611312.0,0.98,2322,0,,Yfares,104,False,0,False,text
news,1nedcwd,Disgraced former Sen. Bob Menendez’s wife gets 4 1/2 years in prison for role in bribery scheme,2627,https://reddit.com/r/news/comments/1nedcwd/disgraced_former_sen_bob_menendezs_wife_gets_4_12/,https://apnews.com/article/nadine-menendez-bribery-sentencing-egyptian-government-04f87a7e5eea1d9afb8da1b00067f77a?utm_source=onesignal&utm_medium=push&utm_campaign=2025-09-11-Breaking+News,,1757608079.0,0.98,2627,0,,Special_Loan8725,54,False,0,False,text
news,1nebdvc,"24 years after 9/11, previously unseen images are still emerging. This group finds and publishes them",3177,https://reddit.com/r/news/comments/1nebdvc/24_years_after_911_previously_unseen_images_are/,https://edition.cnn.com/2025/09/11/us/9-11-media-preservation-group-archive,,1757603446.0,0.97,3177,0,,SilverStain_335,141,False,0,False,text
news,1nehg13,"Inmate hangs from rear window of prisoner transport on Oklahoma interstate, video shows",650,https://reddit.com/r/news/comments/1nehg13/inmate_hangs_from_rear_window_of_prisoner/,https://www.nbcnews.com/news/us-news/video-shows-inmate-hanging-rear-window-oklahoma-prisoner-transport-van-rcna230244,,1757617361.0,0.86,650,0,,Face2FaceRecs,75,False,0,False,text
news,1ndv9mn,"Initial suspect in Charlie Kirk killing released from custody after interrogation, FBI Director Patel says",34978,https://reddit.com/r/news/comments/1ndv9mn/initial_suspect_in_charlie_kirk_killing_released/,https://www.cnbc.com/2025/09/10/charlie-kirk-uvu-shooting-utah.html,,1757551725.0,0.96,34978,0,,InternetPopular3679,5871,False,0,False,text
news,1nefimx,Pig kidney transplants take a step forward with approval of human trials,612,https://reddit.com/r/news/comments/1nefimx/pig_kidney_transplants_take_a_step_forward_with/,https://edition.cnn.com/2025/09/08/health/pig-kidney-transplant-human-trial-fda,,1757612952.0,0.93,612,0,,Yfares,83,False,0,False,text
news,1nejyrb,One fatality confirmed in helicopter crash near concert hall in Carbon County,303,https://reddit.com/r/news/comments/1nejyrb/one_fatality_confirmed_in_helicopter_crash_near/,https://www.wfmz.com/news/area/poconos-coal/carbon-county/fatal-helicopter-crash-near-concert-hall-in-carbon-county-one-fatality-confirmed/article_99b914fd-f80e-4c1b-8c0f-2357bff954fc.html,,1757623222.0,0.93,303,0,,yourdonefor_wt,21,False,0,False,text
news,1nej68o,Bali's worst floods in a decade kill 14,309,https://reddit.com/r/news/comments/1nej68o/balis_worst_floods_in_a_decade_kill_14/,https://www.bbc.com/news/articles/c9dx5jyqz97o,,1757621388.0,0.95,309,0,Indonesia,Yfares,2,False,0,False,text
news,1ndpxk8,Conservative activist Charlie Kirk dies after being shot at Utah college event,57513,https://reddit.com/r/news/comments/1ndpxk8/conservative_activist_charlie_kirk_dies_after/,https://apnews.com/article/charlie-kirk-conservative-activist-shot-546165a8151104e0938a5e085be1e8bd,,1757537461.0,0.92,57513,0,,hoosakiwi,14776,False,0,False,text
news,1ndy4jp,Leaders of Mexican megachurch indicted in New York on federal sex trafficking charges,3971,https://reddit.com/r/news/comments/1ndy4jp/leaders_of_mexican_megachurch_indicted_in_new/,https://abcnews.go.com/US/leaders-mexican-megachurch-indicted-new-york-federal-sex/story?id=125433841,,1757560295.0,0.99,3971,0,,AudibleNod,119,False,0,False,text
news,1ndo47t,At least two students shot in active shooter situation at Evergreen High School,24281,https://reddit.com/r/news/comments/1ndo47t/at_least_two_students_shot_in_active_shooter/,https://www.cpr.org/2025/09/10/evergreen-high-school-shooting/,,1757533100.0,0.98,24281,0,Colorado,cinderparty,1189,False,0,False,text
news,1ndmobl,Charlie Kirk shot at Utah event,87970,https://reddit.com/r/news/comments/1ndmobl/charlie_kirk_shot_at_utah_event/,https://www.deseret.com/utah/2025/09/10/charlie-kirk-shot/,,1757529817.0,0.89,87970,0,,Bobqee,26002,False,0,False,text
news,1nebbvn,South Africa’s top court says banning a husband from taking wife’s family name is unconstitutional,277,https://reddit.com/r/news/comments/1nebbvn/south_africas_top_court_says_banning_a_husband/,https://apnews.com/article/south-africa-marriage-law-family-names-d1efd53074e715723d6329b58c315d6e,,1757603310.0,0.98,277,0,,flounder19,4,False,0,False,text
news,1ndu28c,Construction workers fleeing ICE raid climb fences around CIA headquarters,4737,https://reddit.com/r/news/comments/1ndu28c/construction_workers_fleeing_ice_raid_climb/,https://www.nbcnews.com/politics/immigration/construction-workers-fleeing-ice-raid-climb-fences-cia-headquarters-rcna230502,,1757548218.0,0.98,4737,0,,NewSlinger,95,False,0,False,text
news,1ndome4,"Kirk is in critical condition, per a law enforcement official",13020,https://reddit.com/r/news/comments/1ndome4/kirk_is_in_critical_condition_per_a_law/,https://apnews.com/live/utah-valley-university-charlie-kirk-shooting-updates,,1757534298.0,0.88,13020,0,,myredditusername28,4533,False,0,False,text
news,1ndsngk,"'Block Everything' protests sweep across France, scores arrested",4883,https://reddit.com/r/news/comments/1ndsngk/block_everything_protests_sweep_across_france/,https://www.reuters.com/world/europe/block-everything-protests-sweep-across-france-scores-arrested-2025-09-10/,,1757544375.0,0.98,4883,0,Soft paywall,romainguimard,198,False,0,False,text
news,1ndk7ex,Luigi Mangione ordered to appear in Pennsylvania court,11474,https://reddit.com/r/news/comments/1ndk7ex/luigi_mangione_ordered_to_appear_in_pennsylvania/,https://abcnews.go.com/US/luigi-mangione-ordered-pennsylvania-court/story?id=125432686,,1757524348.0,0.97,11474,0,,AudibleNod,526,False,0,False,text
news,1ndheef,"Larry Ellison eclipses Elon Musk as world's richest person, billionaires index says",16678,https://reddit.com/r/news/comments/1ndheef/larry_ellison_eclipses_elon_musk_as_worlds/,https://www.nbcnews.com/business/markets/larry-ellison-eclipses-elon-musk-worlds-richest-person-rcna230338,,1757518258.0,0.95,16678,0,,Capable_Salt_SD,1949,False,0,False,text
news,1ndohue,"Vance Boelter enters plea in Minnesota lawmaker, Hortman shooting case",5027,https://reddit.com/r/news/comments/1ndohue/vance_boelter_enters_plea_in_minnesota_lawmaker/,https://www.mprnews.org/story/2025/08/07/vance-boelter-enters-plea-in-minnesota-lawmaker-hortman-shooting-case,,1757533998.0,0.98,5027,0,,ArsenikShooter,226,False,0,False,text
news,1ndb5f7,Leaked Ice document shows worker detained in Hyundai raid had valid visa,48897,https://reddit.com/r/news/comments/1ndb5f7/leaked_ice_document_shows_worker_detained_in/,https://www.theguardian.com/us-news/2025/sep/10/hyundai-factory-ice-raid-legal-visa,,1757502293.0,0.95,48897,0,,BigDaddyBain,1250,False,0,False,text
news,1ndrlvs,Almost all German pilots admit to napping during flights in union survey,1277,https://reddit.com/r/news/comments/1ndrlvs/almost_all_german_pilots_admit_to_napping_during/,https://www.theguardian.com/world/2025/sep/10/about-93-of-pilots-admit-napping-during-flights-in-german-survey,,1757541660.0,0.95,1277,0,,Superbuddhapunk,170,False,0,False,text
news,1ndec81,COVID-19 no longer a top 10 killer as US death rate returns to normal,5888,https://reddit.com/r/news/comments/1ndec81/covid19_no_longer_a_top_10_killer_as_us_death/,https://www.denver7.com/health/covid-19-no-longer-a-top-10-killer-as-us-death-rate-returns-to-normal,,1757511205.0,0.92,5888,0,,AudibleNod,662,False,0,False,text
news,1ndgyan,BBC News - Anti-Islamic US biker gang members run security at deadly Gaza aid sites,3262,https://reddit.com/r/news/comments/1ndgyan/bbc_news_antiislamic_us_biker_gang_members_run/,http://www.bbc.com/news/articles/cm2zy4l8jgeo,,1757517265.0,0.94,3262,0,,BadahBingBadahBoom,127,False,0,False,text
news,1ndadoi,Protesters disrupt Trump's rare outing to a D.C. restaurant,8597,https://reddit.com/r/news/comments/1ndadoi/protesters_disrupt_trumps_rare_outing_to_a_dc/,https://www.nbcnews.com/politics/donald-trump/protesters-disrupt-trump-dc-restaurant-joes-seafood-code-pink-rcna230245,,1757499668.0,0.98,8597,0,,[deleted],283,False,0,False,text
news,1ndlf4f,Manhunt ongoing for ‘armed and dangerous' suspect in NYC couple torture killing,1872,https://reddit.com/r/news/comments/1ndlf4f/manhunt_ongoing_for_armed_and_dangerous_suspect/,https://www.nbcnewyork.com/queens/couple-killed-jamel-mcgriff-suspect-surveillance-video/6389108/,,1757527000.0,0.96,1872,0,,MakinBacon321,117,False,0,False,text
news,1ndejiy,Banksy 'judge' mural scrubbed from Royal Courts of Justice wall,3415,https://reddit.com/r/news/comments/1ndejiy/banksy_judge_mural_scrubbed_from_royal_courts_of/,https://www.bbc.com/news/articles/cm2z30p033ro,,1757511706.0,0.97,3415,0,,pirateaku,128,False,0,False,text
news,1ndecgk,Zoo keeper in Bangkok killed by lions in front of horrified visitors,2852,https://reddit.com/r/news/comments/1ndecgk/zoo_keeper_in_bangkok_killed_by_lions_in_front_of/,https://www.bangkokpost.com/thailand/general/3102226/zoo-keeper-killed-by-lions-in-front-of-horrified-visitors,,1757511222.0,0.98,2852,0,,gizu_momozu,239,False,0,False,text
news,1ndgsvp,NASA rover finds potential sign of ancient life in Martian rocks,1143,https://reddit.com/r/news/comments/1ndgsvp/nasa_rover_finds_potential_sign_of_ancient_life/,https://www.reuters.com/science/nasa-rover-finds-potential-sign-ancient-life-martian-rocks-2025-09-10/,,1757516938.0,0.96,1143,0,Soft paywall,TheFleshGordon,91,False,0,False,text
news,1ndfj42,"Yemen’s Houthi rebels say Israel is striking the capital, Sanaa",966,https://reddit.com/r/news/comments/1ndfj42/yemens_houthi_rebels_say_israel_is_striking_the/,https://apnews.com/article/israel-palestinians-hamas-war-news-09-08-2025-6cf0f208f2e1e30d29b7deabaa05197e?utm_source=onesignal&utm_medium=push&utm_campaign=2025-09-10-Breaking+News,,1757514020.0,0.94,966,0,,MrPvssyPantsMan,95,False,0,False,text
news,1ncuh2y,New Mexico will be the first state to make child care free,47237,https://reddit.com/r/news/comments/1ncuh2y/new_mexico_will_be_the_first_state_to_make_child/,https://19thnews.org/2025/09/new-mexico-first-state-free-child-care/,,1757450425.0,0.97,47237,0,,everydave42,1178,False,0,False,text
news,1nd0ta7,"Polish and NATO jets scrambled, Warsaw airport shut after Ukrainian reports of Russian drones over Poland",6163,https://reddit.com/r/news/comments/1nd0ta7/polish_and_nato_jets_scrambled_warsaw_airport/,https://www.cnn.com/2025/09/09/europe/poland-scramble-jets-russian-drone-reports-intl-hnk-ml,,1757466663.0,0.98,6163,0,,The_Salty,239,False,0,False,text
news,1ncy2bp,Texas A&M removes staff over gender-ID content in children’s lit class,6426,https://reddit.com/r/news/comments/1ncy2bp/texas_am_removes_staff_over_genderid_content_in/,https://www.nbcdfw.com/news/local/texas-news/tamu-dean-department-head-fired-over-gender-identity-content-in-childrens-lit-class/3916296/,,1757459158.0,0.96,6426,0,,June_Fatality,774,False,0,False,text
news,1nd7bca,Junk food leads to more children being obese than underweight for first time,1323,https://reddit.com/r/news/comments/1nd7bca/junk_food_leads_to_more_children_being_obese_than/,https://www.theguardian.com/global-development/2025/sep/10/junk-food-upf-more-children-obese-than-underweight-unicef,,1757487696.0,0.91,1323,0,,biwook,231,False,0,False,text
news,1ncw4r5,Michigan judge tosses case against 15 accused fake electors for President Donald Trump in 2020,7408,https://reddit.com/r/news/comments/1ncw4r5/michigan_judge_tosses_case_against_15_accused/,https://apnews.com/article/michigan-fake-electors-donald-trump-2020-60022827cd726924b19a7b152bbe27b1,,1757454337.0,0.97,7408,0,,N0r3m0rse,342,False,0,False,text
news,1ndeh8a,French police arrest 250 during clashes with protesters while Macron installs a new PM,291,https://reddit.com/r/news/comments/1ndeh8a/french_police_arrest_250_during_clashes_with/,https://apnews.com/article/france-macron-protests-police-block-everything-208295b789e06106f408acf56148b6c6,,1757511554.0,0.96,291,0,,romainguimard,11,False,0,False,text
news,1ncs2s3,"Suspect in Charlotte train stabbing facing federal charges, possible death penalty: DOJ",8889,https://reddit.com/r/news/comments/1ncs2s3/suspect_in_charlotte_train_stabbing_facing/,https://abcnews.go.com/US/charlotte-increases-security-train-ukrainian-woman-killed/story?id=125397170,,1757445158.0,0.97,8889,0,,NewSlinger,949,False,0,False,text
news,1ncrfs5,"13-year-old boy with 'school shooter ideations' found with collection of guns, 'mass shooting' writings: Sheriff",8898,https://reddit.com/r/news/comments/1ncrfs5/13yearold_boy_with_school_shooter_ideations_found/,https://abcnews.go.com/US/boy-school-shooter-ideations-guns-collection/story?id=125369659,,1757443778.0,0.98,8898,0,,kinisonkhan,534,False,0,False,text
news,1nd701g,"Federal investigation homes in on pool deck, early warning signs in Surfside collapse",787,https://reddit.com/r/news/comments/1nd701g/federal_investigation_homes_in_on_pool_deck_early/,https://www.nbcmiami.com/news/local/federal-investigation-homes-in-on-pool-deck-and-early-warning-signs-in-collapse-of-champlain-towers-south/3689000/,,1757486527.0,0.93,787,0,,Dangerous-Pound-1357,113,False,0,False,text
news,1ncmqme,"Friend of Michael Brown who helped spark ‘hands up, don’t shoot’ chant dies after being shot in Ferguson",7253,https://reddit.com/r/news/comments/1ncmqme/friend_of_michael_brown_who_helped_spark_hands_up/,https://www.cnn.com/2025/09/08/us/dorian-johnson-fatally-shot-ferguson-michael-brown,,1757433350.0,0.94,7253,0,,NewSlinger,377,False,0,False,text
news,1ncit5m,Explosion heard in Qatar's capital as Israel says it carries out strike on Hamas leadership,13401,https://reddit.com/r/news/comments/1ncit5m/explosion_heard_in_qatars_capital_as_israel_says/,https://apnews.com/article/qatar-explosion-doha-e319dd51b170161372442831a8023db5,,1757424187.0,0.97,13401,0,,creepynl_bart,1312,False,0,False,text
news,1ncel4h,"US high school students lose ground in math and reading, continuing yearslong decline",20209,https://reddit.com/r/news/comments/1ncel4h/us_high_school_students_lose_ground_in_math_and/,https://apnews.com/article/naep-reading-math-scores-12th-grade-c18d6e3fbc125f12948cc70cb85a520a,,1757411404.0,0.97,20209,0,,ZwVJHSPiMiaiAAvtAbKq,1800,False,0,False,text
news,1ncidgv,Supreme Court allows Trump to fire FTC commissioner,5973,https://reddit.com/r/news/comments/1ncidgv/supreme_court_allows_trump_to_fire_ftc/,https://www.nbcnews.com/news/rcna229385,,1757423088.0,0.97,5973,0,,Gloomy_Course7396,599,False,0,False,text
news,1ncrfg8,Ford recalling almost 1.5 million vehicles in US due to rear view camera issue,1117,https://reddit.com/r/news/comments/1ncrfg8/ford_recalling_almost_15_million_vehicles_in_us/,https://apnews.com/article/ford-recall-camera-ec62fd3e5ddf8b90d8c03a7f114023d4,,1757443757.0,0.97,1117,0,,Least_Gain5147,133,False,0,False,text
news,1ncjt7j,Nepal's parliament set on fire after PM resigns over anti-corruption protests,2312,https://reddit.com/r/news/comments/1ncjt7j/nepals_parliament_set_on_fire_after_pm_resigns/,https://www.bbc.com/news/live/c741n80ndlxt,,1757426630.0,0.98,2312,0,,maynifique,88,False,0,False,text
news,1ncjwqt,Israel carries out strike on senior Hamas leaders in Qatari capital - BBC News,1546,https://reddit.com/r/news/comments/1ncjwqt/israel_carries_out_strike_on_senior_hamas_leaders/,https://www.bbc.com/news/live/c78m71vl91vt,,1757426861.0,0.92,1546,0,,APsauce,335,False,0,False,text
news,1nck6a5,US tech companies enabled the surveillance and detention of hundreds of thousands in China,1467,https://reddit.com/r/news/comments/1nck6a5/us_tech_companies_enabled_the_surveillance_and/,https://apnews.com/article/chinese-surveillance-silicon-valley-uyghurs-tech-xinjiang-8e000601dadb6aea230f18170ed54e88,,1757427483.0,0.95,1467,0,,Scooba06,58,False,0,False,text
news,1nc76mz,Founder of a California-based porn empire sentenced to 27 years in federal prison,7971,https://reddit.com/r/news/comments/1nc76mz/founder_of_a_californiabased_porn_empire/,https://apnews.com/article/porn-site-sex-trafficking-guilty-d4d4f3069e15ad3ea7ada372986aec10,,1757384790.0,0.98,7971,0,,ZwVJHSPiMiaiAAvtAbKq,417,False,0,False,text
news,1ncisi7,Poland closing border before zapad upcoming military exercise between Belarus and Russia,879,https://reddit.com/r/news/comments/1ncisi7/poland_closing_border_before_zapad_upcoming/,https://www.reuters.com/world/europe/poland-closing-belarus-border-due-zapad-military-exercises-pm-says-2025-09-09/,,1757424141.0,0.97,879,0,Soft paywall,mateusz11120,42,False,0,False,text
news,1nc1j6c,West Point cancels ceremony to honor Tom Hanks as ‘outstanding US citizen’,21466,https://reddit.com/r/news/comments/1nc1j6c/west_point_cancels_ceremony_to_honor_tom_hanks_as/,https://www.theguardian.com/us-news/2025/sep/06/west-point-cancels-tom-hanks-ceremony,,1757369526.0,0.95,21466,0,,Face2FaceRecs,1013,False,0,False,text
news,1nc4lfs,"Man killed roommate for not bringing drugs to football watch party, officials say",5194,https://reddit.com/r/news/comments/1nc4lfs/man_killed_roommate_for_not_bringing_drugs_to/,https://www.mysuncoast.com/2025/09/08/man-killed-roommate-not-bringing-drugs-football-watch-party-officials-say/,,1757377475.0,0.97,5194,0,,Romano16,294,False,0,False,text
news,1nbu4fg,Missouri grandmother held by ICE over $25 bad check from 10 years ago: “This is wrong”,38687,https://reddit.com/r/news/comments/1nbu4fg/missouri_grandmother_held_by_ice_over_25_bad/,https://www.kcbd.com/2025/09/08/grandmother-held-by-ice-over-25-bad-check-10-years-ago-this-is-wrong/,,1757352632.0,0.94,38687,0,,Romano16,1419,False,0,False,text
news,1nbwgxm,Trump's Epstein letter and drawing from 'birthday book' released,10030,https://reddit.com/r/news/comments/1nbwgxm/trumps_epstein_letter_and_drawing_from_birthday/,https://www.cnbc.com/2025/09/08/trump-epstein-birthday-book-oversight.html,,1757357824.0,0.98,10030,0,,SoulardSTL,383,False,0,False,text
news,1ncbvgl,François Bayrou ousted as French PM after losing confidence vote,848,https://reddit.com/r/news/comments/1ncbvgl/françois_bayrou_ousted_as_french_pm_after_losing/,https://www.theguardian.com/world/2025/sep/08/francois-bayrou-ousted-as-french-pm-after-losing-confidence-vote,,1757400580.0,0.96,848,0,,Superbuddhapunk,69,False,0,False,text
news,1nceq44,"Afghanistan quake destroyed 5,230 homes in 49 villages — but the UN hasn't gotten to 362 others",467,https://reddit.com/r/news/comments/1nceq44/afghanistan_quake_destroyed_5230_homes_in_49/,https://apnews.com/article/un-afghanistan-earthquake-destruction-damage-funding-de0062cec36ce51612da311f95615cba,,1757411937.0,0.93,467,0,,rohanad1986,21,False,0,False,text
news,1nbxm7r,New Banksy mural of a judge beating a protester to be removed from outside London court,6256,https://reddit.com/r/news/comments/1nbxm7r/new_banksy_mural_of_a_judge_beating_a_protester/,https://apnews.com/article/banksy-mural-london-royal-courts-justice-c08b2cef093ea6a0520302eacfbd871f,,1757360388.0,0.98,6256,0,,AnOopsieDaisy,201,False,0,False,text
news,1nc5i0c,"Archdiocese agrees to $230M settlement in clergy sex abuse case, attorneys say",2067,https://reddit.com/r/news/comments/1nc5i0c/archdiocese_agrees_to_230m_settlement_in_clergy/,https://abcnews.go.com/US/wireStory/new-orleans-archdiocese-agrees-230-million-settlement-clergy-125381349,,1757379990.0,0.97,2067,0,,NewSlinger,133,False,0,False,text
news,1nbqgt5,Appeals court upholds E. Jean Carroll's $83 million judgment against Trump,15093,https://reddit.com/r/news/comments/1nbqgt5/appeals_court_upholds_e_jean_carrolls_83_million/,https://www.nbcnews.com/politics/donald-trump/appeals-court-upholds-e-jean-carrolls-83-million-judgment-trump-rcna212907,,1757344515.0,0.98,15093,0,,cwood1973,363,False,0,False,text
news,1nbs7fz,Supreme Court lifts restrictions on LA immigration stops set after agents swept up US citizens,10715,https://reddit.com/r/news/comments/1nbs7fz/supreme_court_lifts_restrictions_on_la/,https://apnews.com/article/supreme-court-immigration-stops-los-angeles-trump-57cc1f85ceafda0f11052b326c8b7173,,1757348428.0,0.97,10715,0,,NeighbourNoNeighbor,878,False,0,False,text
news,1nc1sal,Murdochs reach deal in succession battle over media empire,2791,https://reddit.com/r/news/comments/1nc1sal/murdochs_reach_deal_in_succession_battle_over/,https://www.bbc.com/news/articles/cn825x71g4do,,1757370153.0,0.96,2791,0,,Gloomy_Course7396,218,False,0,False,text
news,1nce744,Thailand's former PM Thaksin Shinawatra to serve 1-year prison term for previous convictions,232,https://reddit.com/r/news/comments/1nce744/thailands_former_pm_thaksin_shinawatra_to_serve/,https://apnews.com/article/thailand-thaksin-shinawatra-prison-graft-abuse-power-ea2a6b9772e45fe6be035b20f5adfa7a?utm_source=reddit.com&utm_medium=referral&utm_campaign=post,,1757409886.0,0.94,232,0,,APnews,7,False,0,False,text
news,1nc4fln,Salmonella outbreak linked to home delivery meals sickens over a dozen people,1083,https://reddit.com/r/news/comments/1nc4fln/salmonella_outbreak_linked_to_home_delivery_meals/,https://www.denver7.com/life/recalls/salmonella-outbreak-linked-to-home-delivery-meals-sickens-over-a-dozen-people,,1757377040.0,0.97,1083,0,,AudibleNod,46,False,0,False,text
news,1nbq9hr,"Four hikers on magic mushrooms, one with ‘debilitating high’, rescued in New York",4855,https://reddit.com/r/news/comments/1nbq9hr/four_hikers_on_magic_mushrooms_one_with/,https://www.theguardian.com/us-news/2025/sep/08/new-york-hikers-mushrooms-rescued,,1757344054.0,0.95,4855,0,,NewSlinger,488,False,0,False,text
news,1nbwa8l,"Nineteen killed in Nepal in 'Gen Z' protest over social media ban, corruption | Reuters",1856,https://reddit.com/r/news/comments/1nbwa8l/nineteen_killed_in_nepal_in_gen_z_protest_over/,https://www.reuters.com/business/media-telecom/nineteen-killed-nepal-gen-z-protest-over-social-media-ban-corruption-2025-09-08/,,1757357403.0,0.95,1856,0,Soft paywall,aurmza,34,False,0,False,text
news,1nblv4o,"French anesthetist Frédéric Pechier, accused of poisoning 30 patients, 12 of whom died, in a twisted bid to show off his resuscitation skills, goes on trial Monday",5083,https://reddit.com/r/news/comments/1nblv4o/french_anesthetist_frédéric_pechier_accused_of/,https://www.france24.com/en/france/20250908-french-doctor-accused-of-poisoning-patients-to-show-off-resuscitation-skills-goes-on-trial,,1757333038.0,0.98,5083,0,,NewSlinger,145,False,0,False,text
news,1nbmosy,A decades-long peace vigil outside the White House is dismantled after Trump's order,2783,https://reddit.com/r/news/comments/1nbmosy/a_decadeslong_peace_vigil_outside_the_white_house/,https://apnews.com/article/white-house-peace-vigil-trump-f9b4c8e3d81e7b1e2d4625f726d89bc2,,1757335354.0,0.97,2783,0,,MerryGoWrong,103,False,0,False,text
news,1nbmx0r,Rick Davies: Supertramp singer and co-writer dies at 81,2128,https://reddit.com/r/news/comments/1nbmx0r/rick_davies_supertramp_singer_and_cowriter_dies/,https://www.bbc.com/news/articles/cp98zg2k2xko,,1757335960.0,0.96,2128,0,,EnergyLantern,118,False,0,False,text
news,1nbg42q,BREAKING - Tom Phillips' missing children found alive,7410,https://reddit.com/r/news/comments/1nbg42q/breaking_tom_phillips_missing_children_found_alive/,https://www.times.co.nz/news/breaking-tom-phillips-missing-children-found-alive/,,1757312079.0,0.97,7410,0,,Tisarwat,243,False,0,False,text
news,1nbb8qc,Woman stabbed to death on Charlotte train; suspect arrested after random attack,15112,https://reddit.com/r/news/comments/1nbb8qc/woman_stabbed_to_death_on_charlotte_train_suspect/,https://abc11.com/post/iryna-zarutska-woman-stabbed-death-charlotte-train-suspect-arrested-random-attack/17764197/,,1757296315.0,0.96,15112,0,,RightNet9422,1556,False,0,False,text
news,1nb4zud,Grandmother charged after 11-year-old girl gives birth at family's Oklahoma home,31916,https://reddit.com/r/news/comments/1nb4zud/grandmother_charged_after_11yearold_girl_gives/,https://www.nbcnews.com/news/us-news/grandmother-charged-11-year-old-girl-gives-birth-familys-oklahoma-home-rcna229033,,1757279500.0,0.96,31916,0,,Warcraft_Fan,2482,False,0,False,text
news,1nbndu1,Slain journalist Dylan Lyons' fiancée is expecting their child via surrogate two years after his death,453,https://reddit.com/r/news/comments/1nbndu1/slain_journalist_dylan_lyons_fiancée_is_expecting/,https://www.nbcnews.com/news/us-news/slain-journalist-dylan-lyons-fiancee-expecting-child-surrogate-two-yea-rcna229541,,1757337163.0,0.88,453,0,,Face2FaceRecs,60,False,0,False,text
news,1nb9x4k,Erin Patterson sentenced to life with 33 years non-parole for mushroom murders,4516,https://reddit.com/r/news/comments/1nb9x4k/erin_patterson_sentenced_to_life_with_33_years/,https://www.abc.net.au/news/2025-09-08/live-updates-erin-patterson-sentence-mushroom-murders/105734146,,1757292454.0,0.98,4516,0,🇦🇺 Australia ,new_handle,183,False,0,False,text
news,1nb8etu,Tom Phillips dead after four-year manhunt; two children yet to be located,5035,https://reddit.com/r/news/comments/1nb8etu/tom_phillips_dead_after_fouryear_manhunt_two/,https://www.nzherald.co.nz/nz/police-give-update-after-person-shot-dead-mayor-suspects-link-to-tom-phillips-hunt/7FRJ7SXDK5HL5EFHE3SOOTN6RM/,,1757288227.0,0.97,5035,0,,wildusername,301,False,0,False,text
news,1nbilv2,"Several killed in Jerusalem bus station shooting, police say",768,https://reddit.com/r/news/comments/1nbilv2/several_killed_in_jerusalem_bus_station_shooting/,https://abcnews.go.com/International/deadly-jerusalem-bus-station-shooting-police/story?id=125353564,,1757321744.0,0.84,768,0,,A-CommonMan,151,False,0,False,text
news,1nb294p,Pope Leo XIV declares teen computer whiz Carlo Acutis the first millennial saint,5392,https://reddit.com/r/news/comments/1nb294p/pope_leo_xiv_declares_teen_computer_whiz_carlo/,https://abcnews.go.com/International/wireStory/pope-leo-xiv-declares-15-year-computer-whiz-125335385,,1757273005.0,0.92,5392,0,,NewSlinger,720,False,0,False,text
news,1naqplk,"Workers detained in Hyundai plant raid to be freed and flown home, South Korea says",28752,https://reddit.com/r/news/comments/1naqplk/workers_detained_in_hyundai_plant_raid_to_be/,https://www.nbcnews.com/news/us-news/south-korea-deal-workers-detained-hyundai-rcna229610,,1757244288.0,0.97,28752,0,,NewSlinger,2279,False,0,False,text
news,1nds19r,Flags at the White House were lowered to half-staff in honor of Charlie Kirk,0,https://reddit.com/r/news/comments/1nds19r/flags_at_the_white_house_were_lowered_to/,https://apnews.com/video/flags-at-the-white-house-were-lowered-to-half-staff-in-honor-of-charlie-kirk-000001993590d748a9bbf59d324a0000,,1757542753.0,0.32,0,0,,Wi_PackFan_1985,401,False,0,False,text
news,1napgyq,"Ukraine cabinet building hit in largest Russian strike of war, Zelenskyy says",3097,https://reddit.com/r/news/comments/1napgyq/ukraine_cabinet_building_hit_in_largest_russian/,https://abcnews.go.com/International/ukraine-cabinet-building-hit-largest-russian-strike-war/story?id=125335388,,1757239718.0,0.97,3097,0,,Face2FaceRecs,182,False,0,False,text
news,1nak2tp,Winning tickets sold in two states for the massive $1.8 billion Powerball jackpot,8812,https://reddit.com/r/news/comments/1nak2tp/winning_tickets_sold_in_two_states_for_the/,https://www.cnn.com/2025/09/07/business/powerball-jackpot-winning-tickets-hnk,,1757219704.0,0.95,8812,0,,NewSlinger,786,False,0,False,text
news,1namflb,Japan Prime Minister Ishiba to resign: reports,3722,https://reddit.com/r/news/comments/1namflb/japan_prime_minister_ishiba_to_resign_reports/,https://edition.cnn.com/2025/09/07/asia/japan-prime-minister-ishiba-resign-intl-hnk,,1757228027.0,0.98,3722,0,,ani625,220,False,0,False,text
news,1nadsgv,South Korea vows 'all-out efforts' to help hundreds detained in raid at Hyundai facility in Georgia,15363,https://reddit.com/r/news/comments/1nadsgv/south_korea_vows_allout_efforts_to_help_hundreds/,https://www.nbcnews.com/world/south-korea/south-korea-immigration-raid-hyundai-georgia-efforts-rcna229509,,1757200569.0,0.98,15363,0,,ZwVJHSPiMiaiAAvtAbKq,591,False,0,False,text
news,1naay41,Thousands march and rally across Washington to ‘Free D.C.’,19871,https://reddit.com/r/news/comments/1naay41/thousands_march_and_rally_across_washington_to/,https://www.kplctv.com/2025/09/06/thousands-march-rally-across-washington-free-dc/?,,1757193083.0,0.95,19871,0,,apple_kicks,320,False,0,False,text
news,1nahjo7,Flight attendants overwhelmingly vote against Air Canada wage offer,4331,https://reddit.com/r/news/comments/1nahjo7/flight_attendants_overwhelmingly_vote_against_air/,https://www.cbc.ca/news/canada/air-canada-wage-offer-flight-attendant-vote-against-1.7627196,,1757211547.0,0.98,4331,0,,ZwVJHSPiMiaiAAvtAbKq,178,False,0,False,text
news,1naingm,American pilot and influencer Ethan Guo released from Antarctic air base after 2 months,996,https://reddit.com/r/news/comments/1naingm/american_pilot_and_influencer_ethan_guo_released/,https://www.nbcnews.com/news/us-news/american-pilot-influencer-ethan-guo-released-antarctic-air-base-2-mont-rcna229569,,1757215064.0,0.91,996,0,,AudibleNod,71,False,0,False,text
news,1na2i6y,Russia targets WhatsApp and pushes new super-app as internet blackouts grow,1083,https://reddit.com/r/news/comments/1na2i6y/russia_targets_whatsapp_and_pushes_new_superapp/,https://www.bbc.com/news/articles/ce9rj2145jgo,,1757172730.0,0.96,1083,0,,Plane_Ad1696,37,False,0,False,text
news,1n9n9az,"Upcoming HHS report will link autism to common pain reliever, folate deficiency in pregnancy, Wall Street Journal reports",20998,https://reddit.com/r/news/comments/1n9n9az/upcoming_hhs_report_will_link_autism_to_common/,https://www.cnn.com/2025/09/05/health/hhs-report-autism-folate-acetaminophen,,1757123170.0,0.95,20998,0,,nightpanda893,2511,False,0,False,text
news,1n9jwsx,Jan. 6 rioter who wore 'Camp Auschwitz' hoodie arrested on animal attack charges,17807,https://reddit.com/r/news/comments/1n9jwsx/jan_6_rioter_who_wore_camp_auschwitz_hoodie/,https://abcnews.go.com/US/jan-6-rioter-wore-camp-auschwitz-hoodie-arrested/story?id=125302629,,1757113579.0,0.98,17807,0,,NewSlinger,324,False,0,False,text
news,1n9oenj,Ex-pilot who tried to cut engines on flight after taking mushrooms pleads guilty,3508,https://reddit.com/r/news/comments/1n9oenj/expilot_who_tried_to_cut_engines_on_flight_after/,https://www.theguardian.com/us-news/2025/sep/05/alaska-airlines-pilot-plea-agreement,,1757126617.0,0.98,3508,0,,CupidStunt13,198,False,0,False,text
news,1n9djqk,Trump admin ditches Biden-era plan to make airlines pay compensation for flight disruptions,26787,https://reddit.com/r/news/comments/1n9djqk/trump_admin_ditches_bidenera_plan_to_make/,https://abcnews.go.com/Business/wireStory/trump-admin-ditches-biden-era-plan-make-airlines-125275018,,1757098057.0,0.96,26787,0,,AudibleNod,916,False,0,False,text
news,1n9tccj,"Boy, 14, set for university after A-level success",1221,https://reddit.com/r/news/comments/1n9tccj/boy_14_set_for_university_after_alevel_success/,http://www.bbc.co.uk/news/articles/c79l9j79qyjo,,1757143454.0,0.82,1221,0,,ChocoMcBunny,244,False,0,False,text
news,1n9t9jw,Rare total lunar eclipse ‘blood moon’ to be visible from UK,397,https://reddit.com/r/news/comments/1n9t9jw/rare_total_lunar_eclipse_blood_moon_to_be_visible/,https://www.theguardian.com/science/2025/sep/05/rare-total-lunar-eclipse-blood-moon-to-be-visible-from-uk?utm_source=chatgpt.com,,1757143157.0,0.96,397,0,,abdulkayemmiskat,30,False,0,False,text
news,1n9jj9z,Cat in San Francisco euthanized after latest bird flu infection tied to raw pet food,1689,https://reddit.com/r/news/comments/1n9jj9z/cat_in_san_francisco_euthanized_after_latest_bird/,https://apnews.com/article/rawr-raw-cat-food-h5n1-cat-death-559888684c5845aec9e37826dff2845a,,1757112580.0,0.96,1689,0,,dildobagginss,91,False,0,False,text
news,1n9eq8i,Anthropic to pay authors $1.5 billion to settle lawsuit over pirated chatbot training material,2991,https://reddit.com/r/news/comments/1n9eq8i/anthropic_to_pay_authors_15_billion_to_settle/,https://apnews.com/article/anthropic-copyright-authors-settlement-training-f294266bc79a16ec90d2ddccdf435164,,1757100853.0,0.98,2991,0,,NewSlinger,169,False,0,False,text
news,1n9mzhv,Long Island man allegedly made $2M selling fake Nintendo products in years-long scheme,969,https://reddit.com/r/news/comments/1n9mzhv/long_island_man_allegedly_made_2m_selling_fake/,https://www.nbcnews.com/news/us-news/long-island-man-allegedly-made-2m-selling-fake-nintendo-products-years-rcna229297,,1757122360.0,0.95,969,0,,AudibleNod,62,False,0,False,text
news,1n93gds,"US commandos killed North Korean civilians in botched 2019 mission, NYT says",7697,https://reddit.com/r/news/comments/1n93gds/us_commandos_killed_north_korean_civilians_in/,https://www.reuters.com/world/asia-pacific/us-commandos-killed-north-korean-civilians-in-botched-2019-mission-nyt-says-2025-09-05/,,1757074016.0,0.98,7697,0,Soft paywall,ItsTooDamnHawt,681,False,0,False,text
news,1n9dqjt,"After catastrophic floods, Texas enacts sweeping camp safety laws to protect kids",1898,https://reddit.com/r/news/comments/1n9dqjt/after_catastrophic_floods_texas_enacts_sweeping/,https://www.cnn.com/2025/09/05/us/texas-heavens-27-camp-safety-act,,1757098500.0,0.95,1898,0,,So_spoke_the_wizard,276,False,0,False,text
news,1n9trpe,Thailand's Anutin Charnvirakul elected PM after rout of ruling party rival,162,https://reddit.com/r/news/comments/1n9trpe/thailands_anutin_charnvirakul_elected_pm_after/,https://www.reuters.com/world/asia-pacific/thailands-anutin-charnvirakul-elected-pm-after-rout-ruling-party-rival-2025-09-05/,,1757145113.0,0.93,162,0,Soft paywall,Ollyfer,1,False,0,False,text
news,1n9gfad,Tycoon who led push to decriminalise cannabis becomes Thai PM,977,https://reddit.com/r/news/comments/1n9gfad/tycoon_who_led_push_to_decriminalise_cannabis/,https://www.theguardian.com/world/2025/sep/05/tycoon-anutin-charnvirakul-thai-pm-cannabis-campaign,,1757104884.0,0.97,977,0,,AudibleNod,44,False,0,False,text
news,1n96c3s,US trade deficit grew in July as consumers raced the effects of Trump's tariffs,2801,https://reddit.com/r/news/comments/1n96c3s/us_trade_deficit_grew_in_july_as_consumers_raced/,https://www.denver7.com/politics/economy/us-trade-deficit-grew-in-july-as-consumers-raced-the-effects-of-trumps-tariffs,,1757081453.0,0.98,2801,0,,AudibleNod,110,False,0,False,text
news,1n8wfp3,Minnesota man freed after 27 years in prison for murder he did not commit | Bryan Hooper’s first-degree murder conviction vacated after woman confessed to 1998 killing of Ann Prazniak,5761,https://reddit.com/r/news/comments/1n8wfp3/minnesota_man_freed_after_27_years_in_prison_for/,https://www.theguardian.com/us-news/2025/sep/04/minnesota-wrongful-conviction-bryan-hooper-released,,1757048670.0,0.98,5761,0,,Face2FaceRecs,224,False,0,False,text
news,1n95774,Uk deputy PM resigns over missed tax payment on home.,955,https://reddit.com/r/news/comments/1n95774/uk_deputy_pm_resigns_over_missed_tax_payment_on/,https://www.bbc.co.uk/news/live/c0lk8ye1979t,,1757078669.0,0.96,955,0,,PanicStil,137,False,0,False,text
news,1n9994p,"Mpox no longer an emergency but concerns remain, health body says",376,https://reddit.com/r/news/comments/1n9994p/mpox_no_longer_an_emergency_but_concerns_remain/,https://www.reuters.com/business/healthcare-pharmaceuticals/mpox-no-longer-an-emergency-concerns-remain-health-body-says-2025-09-05/,,1757088208.0,0.93,376,0,Soft paywall,Ollyfer,22,False,0,False,text
news,1n8rsw5,LSD shows early promise as a potential anxiety treatment,5740,https://reddit.com/r/news/comments/1n8rsw5/lsd_shows_early_promise_as_a_potential_anxiety/,https://abcnews.go.com/US/lsd-shows-early-promise-potential-anxiety-treatment/story?id=125267546,,1757034547.0,0.96,5740,0,,NewSlinger,545,False,0,False,text
news,1n8lwq6,"Nepal bans Facebook, X, YouTube, 23 other social media platforms",5207,https://reddit.com/r/news/comments/1n8lwq6/nepal_bans_facebook_x_youtube_23_other_social/,https://www.thehindu.com/news/national/nepal-bans-facebook-x-youtube-23-other-social-media-platforms/article70011851.ece,,1757019253.0,0.97,5207,0,,Plane_Ad1696,279,False,0,False,text
news,1n89y4o,Italian fashion designer Giorgio Armani dies aged 91,22484,https://reddit.com/r/news/comments/1n89y4o/italian_fashion_designer_giorgio_armani_dies_aged/,https://www.france24.com/en/live-news/20250904-italian-fashion-designer-giorgio-armani-dies-aged-91,,1756992044.0,0.92,22484,0,,Formal-gathering11,870,False,0,False,text
news,1n8exgq,Justice Department opens criminal investigation into Federal Reserve Governor Lisa Cook: Sources,6582,https://reddit.com/r/news/comments/1n8exgq/justice_department_opens_criminal_investigation/,https://abcnews.go.com/US/justice-department-opens-criminal-investigation-federal-reserve-governor/story?id=125261793,,1757003299.0,0.96,6582,0,,NewSlinger,420,False,0,False,text
news,1n8jzbg,One killed and at least six injured in mass stabbing in Canada,2417,https://reddit.com/r/news/comments/1n8jzbg/one_killed_and_at_least_six_injured_in_mass/,https://www.bbc.com/news/articles/cp8jnrrlvqvo,,1757014783.0,0.96,2417,0,,AudibleNod,266,False,0,False,text
news,1n8l8ca,Ebola outbreak kills 15 in DR Congo,1768,https://reddit.com/r/news/comments/1n8l8ca/ebola_outbreak_kills_15_in_dr_congo/,https://www.bbc.com/news/articles/cjed2pg0wy7o,,1757017678.0,0.97,1768,0,,Face2FaceRecs,116,False,0,False,text
news,1n8alkh,Surgeon admits fraud over amputation of own legs,5718,https://reddit.com/r/news/comments/1n8alkh/surgeon_admits_fraud_over_amputation_of_own_legs/,https://www.bbc.com/news/articles/c5yvpx20le2o,,1756993647.0,0.98,5718,0,,NewSlinger,488,False,0,False,text
news,1n8b1nt,Cardi B wins case filed by security guard who claimed rapper assaulted her,3116,https://reddit.com/r/news/comments/1n8b1nt/cardi_b_wins_case_filed_by_security_guard_who/,https://apnews.com/article/cardi-b-security-guard-trial-verdict-2454fcaa55032186ab588947d3833d14,,1756994646.0,0.94,3116,0,,AudibleNod,134,False,0,False,text
news,1n8153f,"No Powerball winner in Wednesday's drawing, jackpot climbs to $1.7 billion",13802,https://reddit.com/r/news/comments/1n8153f/no_powerball_winner_in_wednesdays_drawing_jackpot/,https://abcnews.go.com/US/powerball-jackpot-reaches-11-billion-labor-day-drawing/story?id=125155756,,1756961614.0,0.95,13802,0,,NewSlinger,1321,False,0,False,text
news,1n7vgtl,Judge orders Trump administration to unfreeze nearly two billion in federal grants to Harvard,24465,https://reddit.com/r/news/comments/1n7vgtl/judge_orders_trump_administration_to_unfreeze/,https://www.nbcnews.com/news/us-news/judge-orders-trump-administration-unfreeze-nearly-22-billion-federal-g-rcna228926,,1756944837.0,0.97,24465,0,,Efficient-Ruin-4713,339,False,0,False,text
news,1n8f4tt,Several people in custody after Swiss national kidnapped in France,563,https://reddit.com/r/news/comments/1n8f4tt/several_people_in_custody_after_swiss_national/,https://www.swissinfo.ch/eng/various/young-swiss-man-kidnapped-in-france-7-people-in-custody/89950487?utm_source=multiple&utm_campaign=swi-rss&utm_medium=rss&utm_content=o,,1757003752.0,0.96,563,0,,already_vanished,7,False,0,False,text
news,1n8a1cg,Land mines and tuberculosis are no match for Tanzanian rats sniffing out danger and disease,874,https://reddit.com/r/news/comments/1n8a1cg/land_mines_and_tuberculosis_are_no_match_for/,https://apnews.com/article/tanzania-rats-tuberculosis-land-mines-fea2c96dc2c9404ccee1b0762c6cfa87,,1756992273.0,0.97,874,0,,20_mile,30,False,0,False,text
news,1n7wg84,"Navy reverses demotion of Rep. Ronny Jackson, former White House doctor",6148,https://reddit.com/r/news/comments/1n7wg84/navy_reverses_demotion_of_rep_ronny_jackson/,https://apnews.com/article/trump-navy-congress-demotion-087ddcbd3b242c33fb838a45b5cc6536,,1756947589.0,0.96,6148,0,,AudibleNod,312,False,0,False,text
news,1n7kj83,Release of ‘missing minute’ of Epstein video contradicts Bondi claim cameras stopped recording,25622,https://reddit.com/r/news/comments/1n7kj83/release_of_missing_minute_of_epstein_video/,https://www.theguardian.com/us-news/2025/sep/03/missing-minute-video-epstein-released,,1756919069.0,0.98,25622,0,,Ok_Employer7837,357,False,0,False,text
news,1n7iul3,DeSantis to make Florida first state to end all vaccine mandates for schools,30344,https://reddit.com/r/news/comments/1n7iul3/desantis_to_make_florida_first_state_to_end_all/,https://www.independent.co.uk/news/world/americas/us-politics/florida-school-vaccine-mandate-desantis-b2819424.html,,1756915401.0,0.93,30344,0,,smkmn13,4248,False,0,False,text
news,1n7iqqv,"Oregon, Washington, California form health care alliance to protect vaccine access",21434,https://reddit.com/r/news/comments/1n7iqqv/oregon_washington_california_form_health_care/,https://www.opb.org/article/2025/09/03/vaccines-oregon-washington-california-cdc/,,1756915182.0,0.98,21434,0,,RoachedCoach,476,False,0,False,text
news,1n7lkrm,Federal appeals court reinstates FTC member who was fired by Trump,7464,https://reddit.com/r/news/comments/1n7lkrm/federal_appeals_court_reinstates_ftc_member_who/,https://www.denver7.com/politics/federal-appeals-court-reinstates-ftc-member-who-was-fired-by-trump,,1756921377.0,0.99,7464,0,,AudibleNod,35,False,0,False,text
news,1n7lrev,Newsmax filed a lawsuit Wednesday accusing conservative media giant Fox News of acting as a monopoly and suppressing its right-leaning competitors,7104,https://reddit.com/r/news/comments/1n7lrev/newsmax_filed_a_lawsuit_wednesday_accusing/,https://www.cnbc.com/2025/09/03/fox-news-newsmax-antitrust-lawsuit.html,,1756921786.0,0.98,7104,0,,NewSlinger,239,False,0,False,text
news,1n7k9ql,Officers who shot and killed autistic teenager Victor Perez will not face criminal charges - East Idaho News,7821,https://reddit.com/r/news/comments/1n7k9ql/officers_who_shot_and_killed_autistic_teenager/,https://www.eastidahonews.com/2025/09/officers-who-shot-autistic-teenager-victor-perez-will-not-face-criminal-charges/?fbclid=IwdGRjcAMlUfxjbGNrAyVR42V4dG4DYWVtAjExAAEeOIYvygvYVuQ8VVwRpJLNecS1g7eUhDljittx6CLZFD4WnNVQB4X807tNPMc_aem_Aqbq4BPzsh2x9TMD4vetaw,,1756918503.0,0.96,7821,0,,sLiPkNoTrULeS,635,False,0,False,text
news,1n7p2wl,'Queen of Canada' arrested on livestream after RCMP deploy to village where cult has lived for 2 years,3520,https://reddit.com/r/news/comments/1n7p2wl/queen_of_canada_arrested_on_livestream_after_rcmp/,https://www.cbc.ca/news/canada/saskatchewan/rcmp-richmound-didulo-1.7624038,,1756929219.0,0.98,3520,0,,CupidStunt13,201,False,0,False,text
news,1n7fw71,NATO scrambles jets as Russia launches more than five hundred drones and missiles at Ukraine,7654,https://reddit.com/r/news/comments/1n7fw71/nato_scrambles_jets_as_russia_launches_more_than/,https://abcnews.go.com/International/nato-scrambles-jets-russia-launches-500-drones-missiles/story?id=125206573,,1756908682.0,0.98,7654,0,,Efficient-Ruin-4713,283,False,0,False,text
news,1n7d4v5,Robert E. Lee portrait back up in West Point's library,3847,https://reddit.com/r/news/comments/1n7d4v5/robert_e_lee_portrait_back_up_in_west_points/,https://www.cbsnews.com/news/robert-e-lee-portrait-restored-west-point-library/,,1756901630.0,0.92,3847,0,,NewSlinger,587,False,0,False,text
news,1n7opp0,UMass Lowell locks down campus for possible armed individual on campus,954,https://reddit.com/r/news/comments/1n7opp0/umass_lowell_locks_down_campus_for_possible_armed/,https://www.nbcboston.com/news/local/umass-lowell-armed-person-search-alerts/3802044/,,1756928380.0,0.95,954,0,,yourdonefor_wt,51,False,0,False,text
news,1n7ps3n,Fast-moving wildfire destroys multiple structures in historic California Gold Rush town,789,https://reddit.com/r/news/comments/1n7ps3n/fastmoving_wildfire_destroys_multiple_structures/,https://www.theguardian.com/us-news/2025/sep/03/california-wildfires-chinese-camp,,1756930807.0,0.96,789,0,,Face2FaceRecs,12,False,0,False,text
news,1n7onwh,Three dead after Lisbon historic funicular railway derails,867,https://reddit.com/r/news/comments/1n7onwh/three_dead_after_lisbon_historic_funicular/,https://www.bbc.com/news/articles/c1jzlgj915no,,1756928265.0,0.97,867,0,Update: 15 dead,TheGreatDaiamid,44,False,0,False,text
news,1n74p67,"Houston 'Ding-dong-ditch' shooting suspect 'waited' for children to return; charges to be upgraded, D.A. says",25867,https://reddit.com/r/news/comments/1n74p67/houston_dingdongditch_shooting_suspect_waited_for/,https://www.fox26houston.com/news/ding-dong-ditch-shooting-suspect-waited-children-return-charges-be-upgraded,,1756871514.0,0.97,25867,0,,Face2FaceRecs,1517,False,0,False,text
news,1n7iy5h,Sky News: Elderly woman conned by romance scammer posing as stranded astronaut,1104,https://reddit.com/r/news/comments/1n7iy5h/sky_news_elderly_woman_conned_by_romance_scammer/,https://news.sky.com/story/elderly-woman-conned-by-romance-scammer-posing-as-stranded-astronaut-13424162,,1756915616.0,0.94,1104,0,Japan,CasualSmurf,144,False,0,False,text
news,1n7f8ac,Families of airplane crash victims get chance to object to Boeing non-prosecution deal,1325,https://reddit.com/r/news/comments/1n7f8ac/families_of_airplane_crash_victims_get_chance_to/,https://www.cbc.ca/news/world/boeing-hearing-crash-victims-1.7623812,,1756907107.0,0.97,1325,0,,AudibleNod,15,False,0,False,text
news,1n6xk0v,"Thousands of Epstein-related records from DOJ released, Oversight Committee says",36709,https://reddit.com/r/news/comments/1n6xk0v/thousands_of_epsteinrelated_records_from_doj/,https://abcnews.go.com/US/epstein-files-release-doj-oversight-committee/story?id=125198408,,1756851834.0,0.94,36709,0,,NewSlinger,719,False,0,False,text
news,1n6xng0,Trump to send National Guard troops to Chicago,8551,https://reddit.com/r/news/comments/1n6xng0/trump_to_send_national_guard_troops_to_chicago/,https://www.reuters.com/world/us/were-going-in-trump-send-national-guard-troops-chicago-2025-09-02/,,1756852070.0,0.95,8551,0,,limabeanns,1002,False,0,False,text
news,1n6ser7,Trump announces Space Command headquarters moving from Colorado to Alabama,11641,https://reddit.com/r/news/comments/1n6ser7/trump_announces_space_command_headquarters_moving/,https://www.cbsnews.com/live-updates/trump-announce-space-command-headquarters-location/,,1756839875.0,0.93,11641,0,,Efficient-Ruin-4713,1500,False,0,False,text
news,1n712fg,US manufacturing contracts for sixth straight month amid tariff drag,2563,https://reddit.com/r/news/comments/1n712fg/us_manufacturing_contracts_for_sixth_straight/,https://www.reuters.com/business/us-manufacturing-contracts-sixth-straight-month-amid-tariff-drag-2025-09-02/,,1756861057.0,0.97,2563,0,Soft paywall,untamedlazyeye,161,False,0,False,text
news,1n6qw25,"Up to 100,000 Californians could have potentially fatal ‘kissing bug’ disease",10475,https://reddit.com/r/news/comments/1n6qw25/up_to_100000_californians_could_have_potentially/,https://www.independent.co.uk/news/world/americas/chagas-disease-california-kissing-bug-b2818561.html,,1756836505.0,0.97,10475,0,,rohanad1986,594,False,0,False,text
news,1n6qv5w,Ice obtains access to Israeli-made spyware that can hack phones and encrypted apps,6887,https://reddit.com/r/news/comments/1n6qv5w/ice_obtains_access_to_israelimade_spyware_that/,https://www.theguardian.com/us-news/2025/sep/02/trump-immigration-ice-israeli-spyware,,1756836449.0,0.97,6887,0,,Face2FaceRecs,312,False,0,False,text
news,1n6yvz3,Pentagon authorizes up to six hundred military lawyers to serve as temporary immigration judges,2415,https://reddit.com/r/news/comments/1n6yvz3/pentagon_authorizes_up_to_six_hundred_military/,https://apnews.com/article/pentagon-immigration-judges-trump-pete-hegseth-b07950833591270b926ad86ede8b961f,,1756855181.0,0.96,2415,0,,Efficient-Ruin-4713,200,False,0,False,text
news,1n6j9sp,Jair Bolsonaro faces justice over alleged attempt to usurp Brazilian democracy,23215,https://reddit.com/r/news/comments/1n6j9sp/jair_bolsonaro_faces_justice_over_alleged_attempt/,https://www.theguardian.com/world/2025/sep/02/jair-bolsonaro-faces-justice-over-alleged-attempt-to-usurp-brazilian-democracy,,1756819194.0,0.97,23215,0,,TheHeatIsHeated,743,False,0,False,text
news,1n6u7be,New crypto token boosts Trump family's wealth by $5 billion,3744,https://reddit.com/r/news/comments/1n6u7be/new_crypto_token_boosts_trump_familys_wealth_by_5/,https://www.cbsnews.com/news/trump-wlfi-world-liberty-financial-crypto-wealth/,,1756843966.0,0.96,3744,0,,Residual-Heat,316,False,0,False,text
news,1n6t9af,Trump says US has carried out strike against drug-carrying vessel that departed from Venezuela,3943,https://reddit.com/r/news/comments/1n6t9af/trump_says_us_has_carried_out_strike_against/,https://apnews.com/article/venezuela-strike-rubio-trump-0f901b2a30ee20e314bcab1385ffb0c0,,1756841814.0,0.95,3943,0,,Proud-Wall1443,829,False,0,False,text
news,1n6nswg,Germany's far-right AfD suffers series of candidate deaths ahead of local vote,6470,https://reddit.com/r/news/comments/1n6nswg/germanys_farright_afd_suffers_series_of_candidate/,https://www.bbc.com/news/articles/c5ykyewrerpo,,1756829623.0,0.95,6470,0,,Ok_Employer7837,275,False,0,False,text
news,1n6i6zh,Alarm after FBI arrests US army veteran for ‘conspiracy’ over protest against Ice | Trump administration,13524,https://reddit.com/r/news/comments/1n6i6zh/alarm_after_fbi_arrests_us_army_veteran_for/,https://www.theguardian.com/us-news/2025/sep/02/fbi-arrest-us-army-veteran-ice-protest?CMP=Share_iOSApp_Other,,1756816326.0,0.98,13524,0,,[deleted],366,False,0,False,text
news,1n6tgaf,Stocks tumble as global debt concerns and economic worries grip markets,2004,https://reddit.com/r/news/comments/1n6tgaf/stocks_tumble_as_global_debt_concerns_and/,https://www.nbcnews.com/business/markets/stocks-tumble-debt-concerns-economic-worries-grip-markets-rcna228570,,1756842265.0,0.93,2004,0,,Efficient-Ruin-4713,92,False,0,False,text
news,1n6r20a,Argentina couple under house arrest amid search for painting stolen by Nazis,2102,https://reddit.com/r/news/comments/1n6r20a/argentina_couple_under_house_arrest_amid_search/,https://www.theguardian.com/world/2025/sep/02/argentina-painting-nazis-house-arrest,,1756836861.0,0.98,2102,0,,NewSlinger,111,False,0,False,text
news,1n6qd7d,Burkina Faso bans homosexuality with prison terms and fines for offenders,1417,https://reddit.com/r/news/comments/1n6qd7d/burkina_faso_bans_homosexuality_with_prison_terms/,https://www.ctvnews.ca/world/article/burkina-faso-bans-homosexuality-with-prison-terms-and-fines-for-offenders/,,1756835342.0,0.95,1417,0,,AudibleNod,230,False,0,False,text
news,1n6jmcu,"Isolated Amazon tribe seen near logging bridge site, alarming rights group",2929,https://reddit.com/r/news/comments/1n6jmcu/isolated_amazon_tribe_seen_near_logging_bridge/,https://abcnews.go.com/International/wireStory/isolated-amazon-tribe-logging-bridge-site-alarming-rights-125068349,,1756820054.0,0.97,2929,0,Peru,AudibleNod,146,False,0,False,text
news,1n6vocw,OpenAI's ChatGPT to implement parental controls after teen's suicide,563,https://reddit.com/r/news/comments/1n6vocw/openais_chatgpt_to_implement_parental_controls/,https://www.abc.net.au/news/2025-09-03/chatgpt-to-implement-parental-controls-after-teen-suicide/105727518,,1756847303.0,0.92,563,0,,AudibleNod,165,False,0,False,text
news,1n6v785,"Google can keep Chrome but must share information, judge rules",492,https://reddit.com/r/news/comments/1n6v785/google_can_keep_chrome_but_must_share_information/,https://www.bbc.co.uk/news/articles/cp8zdrenm1zo,,1756846205.0,0.95,492,0,,Regular_Eggplant_248,22,False,0,False,text
news,1n6lebn,"At least 1,000 dead after landslide in Sudan's Darfur wipes out village",1412,https://reddit.com/r/news/comments/1n6lebn/at_least_1000_dead_after_landslide_in_sudans/,https://www.cbc.ca/news/world/sudan-landslide-darfur-september-2025-1.7622823,,1756824207.0,0.98,1412,0,,AudibleNod,59,False,0,False,text
news,1n67dqs,CEO who snatched boy's hat at US Open says he made 'huge mistake',33022,https://reddit.com/r/news/comments/1n67dqs/ceo_who_snatched_boys_hat_at_us_open_says_he_made/,https://www.bbc.com/news/articles/ce93klk0jpzo,,1756778694.0,0.92,33022,0,,NewSlinger,2379,False,0,False,text
news,1n5yh6e,Sheriffs seek to identify man found dead ‘in pool of blood’ at Burning Man festival,13023,https://reddit.com/r/news/comments/1n5yh6e/sheriffs_seek_to_identify_man_found_dead_in_pool/,https://www.theguardian.com/us-news/2025/sep/01/burning-man-festival-homicide-investigation,,1756755429.0,0.97,13023,0,,NewSlinger,942,False,0,False,text
news,1n68pli,'Dances With Wolves' actor Graham Greene dies at 73,2343,https://reddit.com/r/news/comments/1n68pli/dances_with_wolves_actor_graham_greene_dies_at_73/,https://abcnews.go.com/US/dances-wolves-actor-graham-greene-dies-73-after/story?id=125169525,,1756782658.0,0.96,2343,0,,Osiris32,117,False,0,False,text
news,1n60113,Trump says he's awarding former New York Mayor Rudy Giuliani the Presidential Medal of Freedom,8569,https://reddit.com/r/news/comments/1n60113/trump_says_hes_awarding_former_new_york_mayor/,https://apnews.com/article/trump-giuliani-medal-of-freedom-06457c051711f4a05dc23c2e1a26b123?utm_source=onesignal&utm_medium=push&utm_campaign=2025-09-01-Top+civilian+honor,,1756759064.0,0.91,8569,0,,adamfiner,1293,False,0,False,text
news,1n5zahc,Nestle fires boss after romantic relationship with employee,8080,https://reddit.com/r/news/comments/1n5zahc/nestle_fires_boss_after_romantic_relationship/,https://www.bbc.com/news/articles/c1mpm9ee9p9o,,1756757348.0,0.97,8080,0,,Shamiska,288,False,0,False,text
news,1n6bwy7,"3 hospitalized, including child, after minivan drives through Pennsylvania festival",772,https://reddit.com/r/news/comments/1n6bwy7/3_hospitalized_including_child_after_minivan/,https://abcnews.go.com/US/3-hospitalized-including-child-after-minivan-drives-pennsylvanias/story?id=125171293,,1756793551.0,0.97,772,0,,jeetah,55,False,0,False,text
news,1n66yt4,Northern lights may be visible in eighteen US states tonight,1734,https://reddit.com/r/news/comments/1n66yt4/northern_lights_may_be_visible_in_eighteen_us/,https://abcnews.go.com/US/northern-lights-visible-18-us-states-tonight/story?id=125153281,,1756777498.0,0.97,1734,0,,Efficient-Ruin-4713,93,False,0,False,text
news,1n5ne9h,"E.U. leader's plane GPS system was jammed, Russian interference suspected",14096,https://reddit.com/r/news/comments/1n5ne9h/eu_leaders_plane_gps_system_was_jammed_russian/,https://www.nbcnews.com/world/europe/eu-leader-von-der-leyen-plane-gps-system-jammed-russian-interference-rcna228361,,1756729814.0,0.96,14096,0,,CupidStunt13,278,False,0,False,text
news,1n5pnx9,House committee withdraws Robert Mueller subpoena over health issues,7967,https://reddit.com/r/news/comments/1n5pnx9/house_committee_withdraws_robert_mueller_subpoena/,https://www.cbsnews.com/news/robert-mueller-subpoena-withdrawn-jeffrey-epstein-house-overnight/,,1756735667.0,0.97,7967,0,,NewSlinger,351,False,0,False,text
news,1n5w9x2,Margaret Atwood takes aim at Alberta's book ban with satirical short story,2883,https://reddit.com/r/news/comments/1n5w9x2/margaret_atwood_takes_aim_at_albertas_book_ban/,https://www.bbc.com/news/articles/cdx0x6zz2pro,,1756750540.0,0.97,2883,0,,CupidStunt13,67,False,0,False,text
news,1n60rz1,"1 killed, 3 injured after small planes collide midair at Colorado airport.",1114,https://reddit.com/r/news/comments/1n60rz1/1_killed_3_injured_after_small_planes_collide/,https://www.cnn.com/2025/09/01/us/small-plane-collision-colorado-fort-morgan-hnk,,1756760803.0,0.97,1114,0,,CRK_76,53,False,0,False,text
news,1n5w44g,Three dead after angry mob sets fire to parliament building in Indonesia,1680,https://reddit.com/r/news/comments/1n5w44g/three_dead_after_angry_mob_sets_fire_to/,https://www.abc.net.au/news/2025-08-30/three-dead-after-mob-sets-fire-to-indonesia-regional-parliament/105716624,,1756750188.0,0.97,1680,0,,AudibleNod,51,False,0,False,text
news,1n5obsv,Kristi Noem confirms plan to expand ICE operations in major cities,3824,https://reddit.com/r/news/comments/1n5obsv/kristi_noem_confirms_plan_to_expand_ice/,https://www.nbcnews.com/politics/trump-administration/kristi-noem-confirms-plan-expand-ice-operations-major-cities-rcna228298?,,1756732325.0,0.96,3824,0,,reddtimes101,299,False,0,False,text
news,1n5lsuh,US Education Department says Denver school’s all-gender bathrooms violate Title IX,4599,https://reddit.com/r/news/comments/1n5lsuh/us_education_department_says_denver_schools/,https://apnews.com/article/transgender-school-bathrooms-title-ix-84b7ad9d0058aa7584fe8ba3a8eea5b2,,1756724807.0,0.96,4599,0,,AudibleNod,464,False,0,False,text
news,1n5dce4,"11-year-old boy fatally shot in Houston after 'ding dong ditch' doorbell-ringing prank, police say",27357,https://reddit.com/r/news/comments/1n5dce4/11yearold_boy_fatally_shot_in_houston_after_ding/,https://apnews.com/article/doorbell-prank-child-shot-houston-44fa27d558124837dac2cdeb14317b3d,,1756694897.0,0.97,27357,0,,EscapeFromIowa,2763,False,0,False,text
news,1n5m8f1,Tesla's sales rout in some European markets continues for eighth month,2423,https://reddit.com/r/news/comments/1n5m8f1/teslas_sales_rout_in_some_european_markets/,https://www.reuters.com/business/autos-transportation/teslas-sales-rout-some-european-markets-continues-eighth-month-2025-09-01/,,1756726273.0,0.96,2423,0,Soft paywall,Apeshaft,171,False,0,False,text
news,1n544au,"Rudy Giuliani hospitalized after his ""vehicle was struck from behind at high speed""",33580,https://reddit.com/r/news/comments/1n544au/rudy_giuliani_hospitalized_after_his_vehicle_was/,https://www.cbsnews.com/news/rudy-giuliani-car-crash-injuries/,,1756669565.0,0.95,33580,0,,NewSlinger,1469,False,0,False,text
news,1n56hyj,'They would never have known:' New warnings about rabies outbreaks as cases rise in the U.S.,12798,https://reddit.com/r/news/comments/1n56hyj/they_would_never_have_known_new_warnings_about/,https://www.nbcnews.com/health/health-news/rabies-outbreaks-rising-us-deaths-vaccine-rcna227771?utm_source=firefox-newtab-en-us,,1756675322.0,0.98,12798,0,,jhansonxi,949,False,0,False,text
news,1n50gk4,Federal judge blocks US from deporting unaccompanied children to Guatemala,16420,https://reddit.com/r/news/comments/1n50gk4/federal_judge_blocks_us_from_deporting/,https://www.theguardian.com/us-news/2025/aug/31/judge-blocks-deportation-guatemalan-children,,1756660856.0,0.97,16420,0,,NewSlinger,380,False,0,False,text
news,1n513qw,DHS Secretary Noem confirms more ICE resources are heading to Chicago for immigration crackdown,6049,https://reddit.com/r/news/comments/1n513qw/dhs_secretary_noem_confirms_more_ice_resources/,https://www.ctvnews.ca/world/article/dhs-secretary-noem-confirms-more-ice-resources-are-heading-to-chicago-for-immigration-crackdown/,,1756662387.0,0.96,6049,0,,Ok_Employer7837,404,False,0,False,text
news,1n5fih0,"Enforcing Australia's social media ban on kids is possible but contains risks, report says",575,https://reddit.com/r/news/comments/1n5fih0/enforcing_australias_social_media_ban_on_kids_is/,https://www.bbc.com/news/articles/clyrkj0d44vo,,1756701809.0,0.94,575,0,,Conscious-Fly-7597,62,False,0,False,text
news,1n4x2fo,"ICE agents target well-known Studio City car wash, taking several workers into custody",7329,https://reddit.com/r/news/comments/1n4x2fo/ice_agents_target_wellknown_studio_city_car_wash/,https://abc7.com/post/ice-agents-target-known-studio-city-hand-car-wash-ventura-boulevard-taking-several-workers-custody/17690974/,,1756652710.0,0.95,7329,0,,etfvfva,347,False,0,False,text
news,1n52fkq,Houston area man charged with murder after friends took turns shooting each other sheriff says,2661,https://reddit.com/r/news/comments/1n52fkq/houston_area_man_charged_with_murder_after/,https://www.houstonpublicmedia.org/articles/news/crime/2025/08/29/529791/houston-area-man-charged-with-murder-after-friends-took-turns-shooting-each-other-sheriff-says/,,1756665554.0,0.98,2661,0,,dilbodog,302,False,0,False,text
news,1n506lb,Taking a dip Labor Day weekend-Swimmers face fecal contamination at beaches along US coastline,2613,https://reddit.com/r/news/comments/1n506lb/taking_a_dip_labor_day_weekendswimmers_face_fecal/,https://apnews.com/article/beaches-labor-day-fecal-swimming-b0141df7f40ad2914d4e2cd31182e9af,,1756660188.0,0.96,2613,0,,Efficient-Ruin-4713,201,False,0,False,text
news,1n5box7,Protest in Indonesian turns deadly,509,https://reddit.com/r/news/comments/1n5box7/protest_in_indonesian_turns_deadly/,https://www.reuters.com/world/asia-pacific/deadly-indonesia-protests-force-u-turn-lawmakers-perks-2025-08-31/,,1756689861.0,0.94,509,0,Site changed title ,daddywrangler,23,False,0,False,text
news,1n4sg1v,Louisiana judge orders return of devices to ex-priest caught having sex on church altar | Former Roman Catholic priest and two dominatrices were evidently recording sexual videos in the church in 2020,4549,https://reddit.com/r/news/comments/1n4sg1v/louisiana_judge_orders_return_of_devices_to/,https://www.theguardian.com/us-news/2025/aug/30/louisiana-judge-ex-priest-electronics-obscenity,,1756640252.0,0.97,4549,0,,Face2FaceRecs,345,False,0,False,text
news,1n53dis,Drones blasting AC/DC are helping biologists protect cattle from wolves,981,https://reddit.com/r/news/comments/1n53dis/drones_blasting_acdc_are_helping_biologists/,https://www.nbcnews.com/news/us-news/drones-blasting-acdc-are-helping-biologists-protect-cattle-wolves-rcna228262,,1756667772.0,0.94,981,0,,AudibleNod,77,False,0,False,text
news,1n4ddfk,"Lawmaker's daughter feared he would kill her as he tried to run van off road, filing says",10655,https://reddit.com/r/news/comments/1n4ddfk/lawmakers_daughter_feared_he_would_kill_her_as_he/,https://www.oklahoman.com/story/news/politics/2025/08/28/pawnee-ok-ty-burns-lawmaker-pleads-guilty-assault-domestic-abuse/85872172007/,,1756590003.0,0.98,10655,0,,jeetah,306,False,0,False,text
news,1n4il5q,Hundreds at Voice of America and parent company to lose jobs,3235,https://reddit.com/r/news/comments/1n4il5q/hundreds_at_voice_of_america_and_parent_company/,https://www.dw.com/en/hundreds-at-voice-of-america-and-parent-company-to-lose-jobs/a-73823031,,1756604986.0,0.96,3235,0,,NewSlinger,77,False,0,False,text
news,1n4801l,Gordon Ramsay reveals skin cancer diagnosis,17415,https://reddit.com/r/news/comments/1n4801l/gordon_ramsay_reveals_skin_cancer_diagnosis/,https://www.nbcnews.com/pop-culture/pop-culture-news/gordon-ramsay-skin-cancer-diagnosis-rcna228177,,1756576397.0,0.96,17415,0,,Boediee,608,False,0,False,text
news,1n478y0,Visitors dropped for a 6th straight month in Las Vegas as head of tourism insists Sin City isn't dead,17275,https://reddit.com/r/news/comments/1n478y0/visitors_dropped_for_a_6th_straight_month_in_las/,https://www.cbsnews.com/news/las-vegas-visitors-tourism-drop-sin-city/,,1756574529.0,0.98,17275,0,,etfvfva,877,False,0,False,text
news,1n43yfc,Company behind Jack Daniel's says Canadian boycott is 'significant' as sales drop 62%,54543,https://reddit.com/r/news/comments/1n43yfc/company_behind_jack_daniels_says_canadian_boycott/,https://www.cbc.ca/news/canada/nova-scotia/brown-forman-jack-daniels-quarterly-sales-american-alcohol-boycott-canada-1.7619950,,1756566433.0,0.95,54543,0,,etfvfva,2971,False,0,False,text
news,1n4caj3,Famed Tennessee sheriff who inspired Hollywood movie 'Walking Tall' implicated in wife's murder,2899,https://reddit.com/r/news/comments/1n4caj3/famed_tennessee_sheriff_who_inspired_hollywood/,https://abcnews.go.com/US/famed-sheriff-inspired-walking-tall-movie-implicated-wifes/story?id=125126955,,1756587199.0,0.97,2899,0,,inagartenofeden,110,False,0,False,text
news,1n47xji,"Core inflation rose to 2.9% in July, highest since February",4826,https://reddit.com/r/news/comments/1n47xji/core_inflation_rose_to_29_in_july_highest_since/,https://www.nbcnews.com/business/economy/core-inflation-rose-29-july-highest-february-rcna227988,,1756576220.0,0.98,4826,0,,AudibleNod,232,False,0,False,text
news,1n4gc0o,Montana man who evaded authorities for a week after bar shooting faces four counts of murder,1334,https://reddit.com/r/news/comments/1n4gc0o/montana_man_who_evaded_authorities_for_a_week/,https://apnews.com/article/anaconda-montana-bar-shooting-suspect-court-10bdf45734c40b54992295b47992523d,,1756598261.0,0.98,1334,0,,yesmaybeyes,62,False,0,False,text
news,1n491ik,Prime minister of Yemen's Houthi government killed in Israeli strike,2286,https://reddit.com/r/news/comments/1n491ik/prime_minister_of_yemens_houthi_government_killed/,https://www.reuters.com/world/middle-east/prime-minister-yemens-houthi-government-killed-israeli-strike-2025-08-30/,,1756578968.0,0.96,2286,0,Soft paywall,TheFire52,186,False,0,False,text
news,1n41i3p,Former Ukrainian parliament speaker Andriy Parubiy murdered in Lviv,2960,https://reddit.com/r/news/comments/1n41i3p/former_ukrainian_parliament_speaker_andriy/,https://www.abc.net.au/news/2025-08-30/former-ukraine-speaker-andriy-parubiy-killed-in-lviv/105716614,,1756560092.0,0.97,2960,0,,CupidStunt13,144,False,0,False,text
news,1n3mz3h,"Trump’s global tariffs are unlawful, appeals court says",21650,https://reddit.com/r/news/comments/1n3mz3h/trumps_global_tariffs_are_unlawful_appeals_court/,https://abcnews.go.com/US/trumps-global-tariffs-unlawful-appeals-court/story?id=125110624,,1756511141.0,0.97,21650,0,,CupidStunt13,617,False,0,False,text
news,1n3mgu2,30 Children Rushed to ER and School Evacuated Due to Mystery Illness,9401,https://reddit.com/r/news/comments/1n3mgu2/30_children_rushed_to_er_and_school_evacuated_due/,https://www.news5cleveland.com/news/local-news/around-30-students-hospitalized-school-evacuated-after-students-report-feeling-ill,,1756509762.0,0.98,9401,0,,Fearless-Chipmunk-38,490,False,0,False,text
news,1n3mkqu,US blocks Palestinian leader Mahmoud Abbas from attending UN meeting in New York,7628,https://reddit.com/r/news/comments/1n3mkqu/us_blocks_palestinian_leader_mahmoud_abbas_from/,https://www.bbc.com/news/articles/cjdym32z9v7o,,1756510054.0,0.96,7628,0,,upsanddownes,354,False,0,False,text
news,1n3dmol,Detainees report alleged uprising at ‘Alligator Alcatraz’: ‘A lot of people have bled’,32351,https://reddit.com/r/news/comments/1n3dmol/detainees_report_alleged_uprising_at_alligator/,https://www.theguardian.com/us-news/2025/aug/29/alligator-alcatraz-uprising-florida-immigration,,1756488389.0,0.96,32351,0,,Ok_Employer7837,801,False,0,False,text
news,1n3s97e,"Epstein's estate set to provide 'birthday book' to Congress with subpoenaed docs, House Democrat says",1591,https://reddit.com/r/news/comments/1n3s97e/epsteins_estate_set_to_provide_birthday_book_to/,https://www.nbcnews.com/politics/congress/jeffrey-epstein-birthday-book-donald-trump-congress-subpoena-rcna228146,,1756527232.0,0.99,1591,0,,Shamiska,17,False,0,False,text
news,1n3f2o7,New Trump rule to ban VA abortions for veterans even in cases of rape and incest,10886,https://reddit.com/r/news/comments/1n3f2o7/new_trump_rule_to_ban_va_abortions_for_veterans/,https://www.theguardian.com/us-news/2025/aug/29/trump-veterans-affairs-abortion-ban?CMP=Share_iOSApp_Other,,1756491652.0,0.98,10886,0,,dilbodog,344,False,0,False,text
news,1n3vlnz,3 Scottish brothers set a world record for fastest Pacific row,760,https://reddit.com/r/news/comments/1n3vlnz/3_scottish_brothers_set_a_world_record_for/,https://apnews.com/article/australia-scottish-rowers-world-record-pacific-ef35e2e747770ded0c8d2e54a2d10e90,,1756539240.0,0.95,760,0,,nilnz,44,False,0,False,text
news,1n3h1yn,NEW DETAILS: Wilmington Police hold press conference about man accused of drugging teens’ ice cream,6055,https://reddit.com/r/news/comments/1n3h1yn/new_details_wilmington_police_hold_press/,https://www.wect.com/2025/08/29/watch-live-wilmington-police-hold-press-conference-about-man-who-allegedly-drugged-grandkids-ice-cream/,,1756496284.0,0.98,6055,0,,CarniVulcan,341,False,0,False,text
news,1n3lev9,"US withdraws from key UN human rights report, draws criticism from rights advocates",3067,https://reddit.com/r/news/comments/1n3lev9/us_withdraws_from_key_un_human_rights_report/,https://www.reuters.com/world/europe/us-withdraws-key-un-human-rights-report-draws-criticism-rights-advocates-2025-08-28/,,1756507009.0,0.97,3067,0,Soft paywall,anonymousredittuser,69,False,0,False,text
news,1n3j7a4,Spirit Airlines files for Chapter 11 bankruptcy protection for the second time in a year,3143,https://reddit.com/r/news/comments/1n3j7a4/spirit_airlines_files_for_chapter_11_bankruptcy/,https://www.cnbc.com/2025/08/29/spirit-airlines-chapter-11-bankruptcy.html,,1756501431.0,0.98,3143,0,,Panaka,182,False,0,False,text
news,1n35gc8,Trump cancels Kamala Harris’ Secret Service detail that was extended by undisclosed Biden order,32660,https://reddit.com/r/news/comments/1n35gc8/trump_cancels_kamala_harris_secret_service_detail/,https://www.cnn.com/2025/08/29/politics/kamala-harris-secret-service-canceled-trump-biden,,1756468742.0,0.94,32660,0,,guesthost1999,1588,False,0,False,text
news,1n3eoj6,FBI director Kash Patel's girlfriend sues ex-agent for defamation over Israeli spy claim,4111,https://reddit.com/r/news/comments/1n3eoj6/fbi_director_kash_patels_girlfriend_sues_exagent/,https://www.cnbc.com/2025/08/29/kash-patel-girlfriend-fbi-defamation-lawsuit.html,,1756490757.0,0.97,4111,0,,NewSlinger,189,False,0,False,text
news,1n35zm5,"Exclusive: Military feared mistakes in LA deployment could have 'far-reaching' implications, records show",7370,https://reddit.com/r/news/comments/1n35zm5/exclusive_military_feared_mistakes_in_la/,https://www.reuters.com/world/us/military-feared-mistakes-la-deployment-could-have-far-reaching-implications-2025-08-29/,,1756470263.0,0.98,7370,0,Soft paywall,bobsyourfuncle,225,False,0,False,text
news,1n399qq,NYC doctor who sexually abused patients in hospital gets 24-year prison sentence,3977,https://reddit.com/r/news/comments/1n399qq/nyc_doctor_who_sexually_abused_patients_in/,https://abcnews.go.com/US/wireStory/new-york-city-doctor-sexually-abused-patients-hospital-125094756,,1756478466.0,0.99,3977,0,,NewSlinger,113,False,0,False,text
news,1n37t2s,New Jersey's massive American Dream mall sued for selling clothes on a Sunday,3958,https://reddit.com/r/news/comments/1n37t2s/new_jerseys_massive_american_dream_mall_sued_for/,https://apnews.com/article/american-dream-mall-sundays-blue-laws-b3b5db26c5b1bf0a69480feb0b2730e1,,1756474977.0,0.96,3958,0,,Autre31415,595,False,0,False,text
news,1n3k16i,Missouri’s Republican governor orders redraw of US House districts as redistricting fight expands,877,https://reddit.com/r/news/comments/1n3k16i/missouris_republican_governor_orders_redraw_of_us/,https://apnews.com/article/texas-governor-redistricting-trump-33bfdc8790cdf8201d80c8c89258df3d?utm_source=onesignal&utm_medium=push&utm_campaign=2025-08-29-Breaking+News,,1756503492.0,0.98,877,0,,C0C0Barbet,76,False,0,False,text
news,1n3dllt,Baltimore scores big win with $62 million verdict against Maryland ghost gun retailer,1656,https://reddit.com/r/news/comments/1n3dllt/baltimore_scores_big_win_with_62_million_verdict/,https://www.cbsnews.com/baltimore/news/baltimore-city-62-million-hanover-armory-maryland-ghost-gun-retailer/,,1756488324.0,0.92,1656,0,,dooloo,104,False,0,False,text
news,1n3ei02,CVS and Walgreens Clamp Down on Covid Vaccines in Many States (Gift Article),1424,https://reddit.com/r/news/comments/1n3ei02/cvs_and_walgreens_clamp_down_on_covid_vaccines_in/,https://www.nytimes.com/2025/08/28/well/cvs-pharmacy-covid-vaccine-16-states.html?unlocked_article_code=1.h08.l6rf.1g0Xlsi77EcI&smid=em-share,,1756490347.0,0.96,1424,0,,koi-lotus-water-pond,205,False,0,False,text
news,1n36q6b,Federal judge says Kari Lake can't fire Voice of America director,3615,https://reddit.com/r/news/comments/1n36q6b/federal_judge_says_kari_lake_cant_fire_voice_of/,https://www.npr.org/2025/08/28/nx-s1-5521328/judge-kari-lake-voice-of-america-firing-judge-ruling,,1756472245.0,0.98,3615,0,,MeringueSuccessful33,58,False,0,False,text
news,1n2w13s,"Alabama town’s first Black mayor, who had been locked out of office, wins election",31919,https://reddit.com/r/news/comments/1n2w13s/alabama_towns_first_black_mayor_who_had_been/,https://apnews.com/article/alabama-newbern-first-black-mayor-4ee90489413deb40a8d302fc9457905b,,1756435846.0,0.97,31919,0,,AudibleNod,386,False,0,False,text
news,1n35eec,South Korea's ex-first lady charged with bribery,870,https://reddit.com/r/news/comments/1n35eec/south_koreas_exfirst_lady_charged_with_bribery/,https://www.dw.com/en/south-koreas-ex-first-lady-kim-charged-with-bribery/a-73802792,,1756468581.0,0.97,870,0,,CupidStunt13,34,False,0,False,text
news,1n2nrn6,"Jan. 6 rioter Ashli Babbitt offered full military funeral, Air Force confirms",23731,https://reddit.com/r/news/comments/1n2nrn6/jan_6_rioter_ashli_babbitt_offered_full_military/,https://www.nbcnews.com/news/us-news/jan-6-rioter-ashli-babbitt-offered-full-military-funeral-air-force-con-rcna227815?utm_source=firefox-newtab-en-us,,1756413975.0,0.85,23731,0,,CupidStunt13,3148,False,0,False,text
news,1n2t87f,Judge rejects Saudi Arabia’s bid to dismiss claims it supported 9/11 hijackers,5346,https://reddit.com/r/news/comments/1n2t87f/judge_rejects_saudi_arabias_bid_to_dismiss_claims/,https://apnews.com/article/911-attacks-lawsuits-saudi-arabia-51f3692499ade7b1e320bc54b8d218eb,,1756427901.0,0.98,5346,0,,NewSlinger,398,False,0,False,text
news,1n2qnqm,Feds charge fired DOJ employee with misdemeanor for 'Subway' sandwich throw in D.C.,4394,https://reddit.com/r/news/comments/1n2qnqm/feds_charge_fired_doj_employee_with_misdemeanor/,https://www.cnbc.com/2025/08/28/doj-misdemeanor-subway-sandwich-dc-assault.html?taid=68b0db61c48d640001e93056&utm_campaign=trueanthem&utm_content=main&utm_medium=social&utm_source=twitter,,1756421023.0,0.97,4394,0,,Regular_Eggplant_248,397,False,0,False,text
news,1n2ecv6,"Closure of Florida's 'Alligator Alcatraz' immigration detention center can proceed, judge says",23352,https://reddit.com/r/news/comments/1n2ecv6/closure_of_floridas_alligator_alcatraz/,https://apnews.com/article/florida-immigration-ice-alligator-alcatraz-445e7cc7f6163d6a4749d452f2d57630,,1756392662.0,0.97,23352,0,,MeringueSuccessful33,435,False,0,False,text
news,1n2g7z7,Japanese officials apologize at grave of wrongfully detained man denied timely cancer treatment,7104,https://reddit.com/r/news/comments/1n2g7z7/japanese_officials_apologize_at_grave_of/,https://www.ctvnews.ca/world/article/japanese-officials-apologize-at-grave-of-wrongfully-detained-man-denied-timely-cancer-treatment/,,1756396812.0,0.98,7104,0,,AudibleNod,164,False,0,False,text
news,1n2bqz5,"Church leaders arrested in multi-state money laundering, forced labor investigation",10651,https://reddit.com/r/news/comments/1n2bqz5/church_leaders_arrested_in_multistate_money/,https://www.fox13news.com/news/fbi-investigation-underway-church-owned-mansion-avila-neighborhood,,1756386452.0,0.99,10651,0,,MeringueSuccessful33,255,False,0,False,text
news,1n2ten2,New trial ordered for 3 Memphis ex-officers in connection with the beating death of Tyre Nichols,1007,https://reddit.com/r/news/comments/1n2ten2/new_trial_ordered_for_3_memphis_exofficers_in/,https://apnews.com/article/tyre-nichols-memphis-officers-new-trial-bcc6ab20519bd780f09efa5d650848d1,,1756428374.0,0.96,1007,0,,CupidStunt13,28,False,0,False,text
news,1n28q32,25 countries suspend postal services to U.S. over tariffs: UN,18138,https://reddit.com/r/news/comments/1n28q32/25_countries_suspend_postal_services_to_us_over/,https://www.ctvnews.ca/world/article/25-countries-suspend-postal-services-to-us-over-tariffs-un/,,1756377409.0,0.98,18138,0,,PeterDTown,874,False,0,False,text
news,1n2adqh,CDC dramatically scales back program that tracks food poisoning infections,8602,https://reddit.com/r/news/comments/1n2adqh/cdc_dramatically_scales_back_program_that_tracks/,https://apnews.com/article/cdc-foodnet-surveillance-a6a8270540de89797e3b50b3eb2a4f11,,1756382667.0,0.98,8602,0,,Ollyfer,416,False,0,False,text
news,1n2l2ng,Fort Bliss facility poised to become nation's largest migrant detention center,1915,https://reddit.com/r/news/comments/1n2l2ng/fort_bliss_facility_poised_to_become_nations/,https://kfoxtv.com/news/local/fort-bliss-facility-poised-to-become-nations-largest-migrant-detention-center,,1756407724.0,0.95,1915,0,,Efficient-Ruin-4713,153,False,0,False,text
news,1n2kfun,Enormous 'Wet Wipe Island' being removed from River Thames in historic clean-up,1616,https://reddit.com/r/news/comments/1n2kfun/enormous_wet_wipe_island_being_removed_from_river/,https://www.cbc.ca/radio/asithappens/enormous-wet-wipe-island-being-removed-from-river-thames-in-historic-clean-up-1.7619268,,1756406279.0,0.98,1616,0,,AudibleNod,145,False,0,False,text
news,1n2qtjy,"Radio issues force Newark flights to halt, adding to string of airport problems",527,https://reddit.com/r/news/comments/1n2qtjy/radio_issues_force_newark_flights_to_halt_adding/,https://abcnews.go.com/US/radio-issues-force-newark-flights-halt-adding-string/story?id=125067434,,1756421440.0,0.96,527,0,,Warcraft_Fan,34,False,0,False,text
news,1n2dwn3,Second woman accuses ICC chief prosecutor Karim Khan of sexual misconduct,1647,https://reddit.com/r/news/comments/1n2dwn3/second_woman_accuses_icc_chief_prosecutor_karim/,https://www.theguardian.com/law/2025/aug/28/second-woman-accuses-icc-chief-prosecutor-karim-khan-of-sexual-misconduct,,1756391664.0,0.92,1647,0,,CupidStunt13,77,False,0,False,text
news,1n297j3,Argentina's Milei pelted with stones while campaigning amid corruption scandal,2486,https://reddit.com/r/news/comments/1n297j3/argentinas_milei_pelted_with_stones_while/,https://www.france24.com/en/americas/20250827-argentina-milei-campaign-corruption-protest,,1756379062.0,0.98,2486,0,,TheHeatIsHeated,137,False,0,False,text
news,1n1yaro,"CDC director Susan Monarez ousted for refusing ‘to rubber-stamp unscientific’ orders, say lawyers",51169,https://reddit.com/r/news/comments/1n1yaro/cdc_director_susan_monarez_ousted_for_refusing_to/,https://www.theguardian.com/us-news/2025/aug/27/cdc-director-susan-monarez-ousted,,1756341862.0,0.94,51169,0,,NewSlinger,916,False,0,False,text
news,1n28xcl,Federal officials urge medical schools to increase their nutrition education courses,2192,https://reddit.com/r/news/comments/1n28xcl/federal_officials_urge_medical_schools_to/,https://abcnews.go.com/Health/federal-officials-urge-medical-schools-increase-nutrition-education/story?id=125027925,,1756378118.0,0.95,2192,0,,FK-DJT,534,False,0,False,text
news,1n2ci3m,Gun used in Emmett Till’s lynching is displayed in a museum 70 years after his murder,1118,https://reddit.com/r/news/comments/1n2ci3m/gun_used_in_emmett_tills_lynching_is_displayed_in/,https://apnews.com/article/emmett-till-lynching-gun-museum-civil-rights-75e381b7a0d46067fbc14778606e43c2,,1756388365.0,0.94,1118,0,,AudibleNod,70,False,0,False,text
news,1n21tgi,Federal agents arrest firefighters working on WA wildfire,7770,https://reddit.com/r/news/comments/1n21tgi/federal_agents_arrest_firefighters_working_on_wa/,https://www.spokesman.com/stories/2025/aug/27/federal-agents-arrest-firefighters-working-on-wa-w/,,1756352039.0,0.97,7770,0,,Key_Solid_1696,350,False,0,False,text
news,1n2a3e5,Rwanda says 7 deportees arrived from the US in August under agreement with Washington,1392,https://reddit.com/r/news/comments/1n2a3e5/rwanda_says_7_deportees_arrived_from_the_us_in/,https://apnews.com/article/rwanda-united-states-deportation-agreement-765447056882822250bf5695470a1ea7,,1756381830.0,0.96,1392,0,,MeringueSuccessful33,102,False,0,False,text
news,1n29x01,'Jaw-droppingly weird' dinosaur from Morocco was studded with spikes,864,https://reddit.com/r/news/comments/1n29x01/jawdroppingly_weird_dinosaur_from_morocco_was/,https://www.reuters.com/science/jaw-droppingly-weird-dinosaur-morocco-was-studded-with-spikes-2025-08-27/,,1756381278.0,0.95,864,0,Soft paywall,zubbs99,92,False,0,False,text
news,1n2736r,Russia hits British Council and EU delegation offices in overnight airstrikes on Kyiv,900,https://reddit.com/r/news/comments/1n2736r/russia_hits_british_council_and_eu_delegation/,https://www.theguardian.com/world/live/2025/aug/28/ukraine-kyiv-strike-russia-europe-zelenskyy-putin-updates-live-news-latest,,1756371363.0,0.95,900,0,,a_wild_redditor,79,False,0,False,text
news,1n2a0fo,"Missing New Orleans boy killed in alligator attack, police say",503,https://reddit.com/r/news/comments/1n2a0fo/missing_new_orleans_boy_killed_in_alligator/,https://www.cbsnews.com/news/missing-new-orleans-boy-bryan-vasquez-drowned-blunt-trauma-alligator-attack/,,1756381574.0,0.95,503,0,,free_birdiee,25,False,0,False,text
news,1n1zh4h,New C.D.C. Director Resists Ouster as Other Officials Resign,3245,https://reddit.com/r/news/comments/1n1zh4h/new_cdc_director_resists_ouster_as_other/,https://www.nytimes.com/2025/08/27/health/cdc-monarez-kennedy-vaccines.html?unlocked_article_code=1.hk8.kJ5Y.hO5hW5d6DMRa&smid=nytcore-ios-share&referringSource=articleShare,,1756345149.0,0.98,3245,0,,Dont-_-Panic,115,False,0,False,text
news,1n1mho4,"Top Florida official says ‘Alligator Alcatraz’ will likely be empty within days, email shows",10934,https://reddit.com/r/news/comments/1n1mho4/top_florida_official_says_alligator_alcatraz_will/,https://apnews.com/article/florida-immigration-detention-center-desantis-alligator-alcatraz-f36fd04c18635eb7938a9ec26a31e92e,,1756313680.0,0.98,10934,0,,NewSlinger,367,False,0,False,text
news,1n1iiyo,Minnesota governor says a shooting has occurred at a Minneapolis school,16672,https://reddit.com/r/news/comments/1n1iiyo/minnesota_governor_says_a_shooting_has_occurred/,https://apnews.com/article/minneapolis-school-shooting-annunciation-0fb27d2c911fe63a9f04791b444f298f,,1756304785.0,0.97,16672,0,"Update: 2 dead, 12 injured",boxofstuff,2157,False,0,False,text
news,1n1p32b,FDA approves new Covid shots with limits on who can get them under RFK Jr.,4999,https://reddit.com/r/news/comments/1n1p32b/fda_approves_new_covid_shots_with_limits_on_who/,https://www.cnbc.com/2025/08/27/fda-covid-vaccine-authorization--rfk.html,,1756319431.0,0.96,4999,0,,RdRaiderATX84,623,False,0,False,text
news,1n1kim2,National Guard members activated for DC federal takeover seen picking-up trash,9134,https://reddit.com/r/news/comments/1n1kim2/national_guard_members_activated_for_dc_federal/,https://www.fox5dc.com/news/national-guard-members-activated-dc-federal-takeover-seen-picking-up-trash.amp,,1756309295.0,0.97,9134,0,,rajapaws,607,False,0,False,text
news,1n1qwje,Trump imposes 50 percent tariff on India as punishment for buying Russian oil,3094,https://reddit.com/r/news/comments/1n1qwje/trump_imposes_50_percent_tariff_on_india_as/,https://www.theguardian.com/us-news/2025/aug/27/trump-tariff-india-russian-oil-purchase,,1756323562.0,0.95,3094,0,,monkeykiller14,432,False,0,False,text
news,1n1imd1,Judge blocks administration from deporting Abrego Garcia until at least October,7782,https://reddit.com/r/news/comments/1n1imd1/judge_blocks_administration_from_deporting_abrego/,https://abcnews.go.com/US/judge-blocks-administration-deporting-kilmar-abrego-garcia-october/story?id=125024099,,1756305005.0,0.98,7782,0,,NewSlinger,158,False,0,False,text
news,1n1isli,Beverly Hills Unified School District board members vote to fly Israeli flags inside schools,7206,https://reddit.com/r/news/comments/1n1isli/beverly_hills_unified_school_district_board/,https://www.cbsnews.com/losangeles/news/beverly-hills-unified-school-district-fly-israeli-flags-antisemitism/,,1756305406.0,0.89,7206,0,,mixmasterADD,1461,False,0,False,text
news,1n1gwwi,Trump extends control over Washington by taking management of Union Station away from Amtrak,8547,https://reddit.com/r/news/comments/1n1gwwi/trump_extends_control_over_washington_by_taking/,https://apnews.com/article/trump-duffy-union-station-amtrak-management-8c1f5d00ab7591f3f021cf4a9ee8d8e2?utm_source=onesignal&utm_medium=push&utm_campaign=2025-08-27-Breaking+News,,1756300943.0,0.97,8547,0,,MrPvssyPantsMan,726,False,0,False,text
news,1n1s9k0,"Painting looted by Nazis has vanished again, say Argentine police",1972,https://reddit.com/r/news/comments/1n1s9k0/painting_looted_by_nazis_has_vanished_again_say/,https://www.bbc.com/news/articles/cn84mld1gr9o,,1756326681.0,0.96,1972,0,,Ok_Employer7837,99,False,0,False,text
news,1n1s6ep,New Orleans archbishop accused of personally hiding child abuse in lawsuit,1527,https://reddit.com/r/news/comments/1n1s6ep/new_orleans_archbishop_accused_of_personally/,https://www.theguardian.com/us-news/2025/aug/27/new-orleans-archbishop-child-sex-abuse-lawsuit,,1756326476.0,0.97,1527,0,,Face2FaceRecs,59,False,0,False,text
news,1n1pihg,4chan launches legal action against Ofcom in US,1800,https://reddit.com/r/news/comments/1n1pihg/4chan_launches_legal_action_against_ofcom_in_us/,https://www.bbc.com/news/articles/clyjq40vjl7o,,1756320378.0,0.94,1800,0,,BigDaddyBain,308,False,0,False,text
news,1n1l74z,Woman arrested by ICE remains in Stanford Hospital as advocates rally in support,1956,https://reddit.com/r/news/comments/1n1l74z/woman_arrested_by_ice_remains_in_stanford/,https://www.paloaltoonline.com/health/2025/08/26/woman-arrested-by-ice-remains-in-stanford-hospital-as-advocates-rally-in-support/,,1756310828.0,0.96,1956,0,,Myspace-Famous,29,False,0,False,text
news,1n1ie6h,FEMA workers put on leave after signing letter warning of Trump’s overhaul of the agency | CNN Politics,1956,https://reddit.com/r/news/comments/1n1ie6h/fema_workers_put_on_leave_after_signing_letter/,https://www.cnn.com/2025/08/26/politics/fema-workers-administrative-leave-katrina-declaration-trump,,1756304486.0,0.97,1956,0,,Proud-Judgment5115,40,False,0,False,text
news,1n1fabv,"Cyberattack shuts down Nevada state offices and websites, governor's office says",1724,https://reddit.com/r/news/comments/1n1fabv/cyberattack_shuts_down_nevada_state_offices_and/,https://apnews.com/article/nevada-cyberattack-state-offices-close-websites-down-d862412549dcc0d1f84f5e0fed59d47d,,1756296657.0,0.97,1724,0,,MeringueSuccessful33,60,False,0,False,text
news,1n1kibu,"Man who faked death, fled US gets 89 days in jail for the 89 days he was missing",882,https://reddit.com/r/news/comments/1n1kibu/man_who_faked_death_fled_us_gets_89_days_in_jail/,https://abcnews.go.com/US/man-faked-death-fled-us-gets-89-days/story?id=124986360,,1756309279.0,0.95,882,0,,AudibleNod,51,False,0,False,text
news,1n112qh,Cracker Barrel to return to its old logo after backlash,20396,https://reddit.com/r/news/comments/1n112qh/cracker_barrel_to_return_to_its_old_logo_after/,https://www.cbsnews.com/news/cracker-barrel-to-return-old-logo-after-backlash/,,1756250171.0,0.9,20396,0,,NewSlinger,3142,False,0,False,text
news,1n0zv0x,"Minnesota woman charged for using racial slur against Black child as her fundraising tops $800,000",19713,https://reddit.com/r/news/comments/1n0zv0x/minnesota_woman_charged_for_using_racial_slur/,https://apnews.com/article/woman-racist-slur-video-black-child-minnesota-76d527799d0c22bd4fb0c715c69ecf39,,1756247064.0,0.92,19713,0,,NewSlinger,1938,False,0,False,text
news,1n0zyrh,Fort Hood officials chose not to warn public as predator attacked female soldiers in their barracks for 18 months,14411,https://reddit.com/r/news/comments/1n0zyrh/fort_hood_officials_chose_not_to_warn_public_as/,https://www.stripes.com/branches/army/2025-08-26/fort-hood-predator-barracks-18887308.html,,1756247326.0,0.98,14411,0,Soft paywall,Kinmuan,338,False,0,False,text
news,1n142op,DOGE put Social Security numbers and other data on a risky serve whistleblower alleges,4927,https://reddit.com/r/news/comments/1n142op/doge_put_social_security_numbers_and_other_data/,https://www.nbcnews.com/news/rcna227259,,1756258398.0,0.97,4927,0,,proboscisjoe,119,False,0,False,text
news,1n1gs2t,Mum's anger after Leeds funeral director keeps baby's body at home,276,https://reddit.com/r/news/comments/1n1gs2t/mums_anger_after_leeds_funeral_director_keeps/,https://www.bbc.co.uk/news/articles/c4gjr0ylenzo,,1756300605.0,0.94,276,0,,Peterd1900,31,False,0,False,text
news,1n1aaq4,Mitch Brown: Former West Coast Eagle becomes AFL’s first-ever openly bisexual man,471,https://reddit.com/r/news/comments/1n1aaq4/mitch_brown_former_west_coast_eagle_becomes_afls/,https://thewest.com.au/sport/west-coast-eagles/mitch-brown-former-west-coast-eagle-becomes-afls-first-ever-openly-bisexual-man-c-19819834,,1756278804.0,0.81,471,0,Australia,Stonp,45,False,0,False,text
news,1n0x0nv,Artwork looted by Nazis 80 years ago spotted in estate agent ad,3329,https://reddit.com/r/news/comments/1n0x0nv/artwork_looted_by_nazis_80_years_ago_spotted_in/,https://www.bbc.com/news/articles/cq68dze2l71o.amp,,1756240302.0,0.98,3329,0,Argentina,AudibleNod,84,False,0,False,text
news,1n0w2aj,"States must ax transgender references from sex ed or risk losing funds, Trump admin says",3555,https://reddit.com/r/news/comments/1n0w2aj/states_must_ax_transgender_references_from_sex_ed/,https://www.nbcnews.com/nbc-out/out-politics-and-policy/states-must-ax-transgender-references-sex-ed-risk-losing-funds-trump-a-rcna227257,,1756238167.0,0.95,3555,0,,CupidStunt13,473,False,0,False,text
news,1n0jax4,Judge rules Utah’s congressional map must be redrawn for the 2026 elections,17478,https://reddit.com/r/news/comments/1n0jax4/judge_rules_utahs_congressional_map_must_be/,https://apnews.com/article/utah-redistricting-congressional-map-gerrymandering-a6722505b8e76eda5c73fc346eadd9aa,,1756207893.0,0.97,17478,0,,AudibleNod,607,False,0,False,text
