subreddit,post_id,post_title,post_score,post_url,post_content_url,post_text,timestamp,post_upvote_ratio,post_ups,post_total_awards_received,post_link_flair_text,post_author,post_num_comments,has_images,num_images,is_gallery,content_type
strength_training,1nfot63,"/r/strength_training Weekly Discussion Thread -- Post your simple questions or off topic comments here! -- September 13, 2025",0,https://reddit.com/r/strength_training/comments/1nfot63/rstrength_training_weekly_discussion_thread_post/,https://www.reddit.com/r/strength_training/comments/1nfot63/rstrength_training_weekly_discussion_thread_post/,"***Welcome to the Weekly Discussion Thread!***

***These threads are \*almost\* anything goes***.

You should post here for:

* Simple questions
* General lifting discussion
* How your programming/training is going
* Off topic/Community conversation

# [Please Read the Fitness Wiki!](https://thefitness.wiki)",1757739642.0,0.5,0,0,Weekly Thread,AutoModerator,13,False,0,False,text
strength_training,1nlpbkm,"/r/strength_training Weekly Discussion Thread -- Post your simple questions or off topic comments here! -- September 20, 2025",1,https://reddit.com/r/strength_training/comments/1nlpbkm/rstrength_training_weekly_discussion_thread_post/,https://www.reddit.com/r/strength_training/comments/1nlpbkm/rstrength_training_weekly_discussion_thread_post/,"***Welcome to the Weekly Discussion Thread!***

***These threads are \*almost\* anything goes***.

You should post here for:

* Simple questions
* General lifting discussion
* How your programming/training is going
* Off topic/Community conversation

# [Please Read the Fitness Wiki!](https://thefitness.wiki)",1758344441.0,0.67,1,0,Weekly Thread,AutoModerator,5,False,0,False,text
strength_training,1npiv12,Bench is still good. 210kg/463lbs,218,https://reddit.com/r/strength_training/comments/1npiv12/bench_is_still_good_210kg463lbs/,https://v.redd.it/bn6x2vb1h5rf1,,1758735986.0,0.99,218,0,Lift,louis7972,32,False,0,False,text
strength_training,1npf37d,317 bench @ 165 bodyweight age 51..(bar 30),109,https://reddit.com/r/strength_training/comments/1npf37d/317_bench_165_bodyweight_age_51bar_30/,https://v.redd.it/mugokoumr4rf1,"Hit the right hook on the way up and it zapped energy from me or I'd go for a heavier one. Next time!

This is my first 3 plate on a competition width bench. Prior PR was on the 14.5 in wide fat pad so those results are skewed. ",1758727440.0,0.98,109,0,PR/PB,Open-Year2903,7,False,0,False,text
strength_training,1npkfpn,How’s the form on this dead?,36,https://reddit.com/r/strength_training/comments/1npkfpn/hows_the_form_on_this_dead/,https://v.redd.it/pjt3ua4kr5rf1,,1758739569.0,0.87,36,0,Form Check,IsaacFandunks,12,False,0,False,text
strength_training,1nppmob,50lb kettle bell handle press? I’m sure there’s a better name,16,https://reddit.com/r/strength_training/comments/1nppmob/50lb_kettle_bell_handle_press_im_sure_theres_a/,https://v.redd.it/6nw64lr3s6rf1,,1758751813.0,0.94,16,0,Lift,kabal22234,6,False,0,False,text
strength_training,1npga92,1049 lb SBD @ bodyweight 165 age 51 (all this week),40,https://reddit.com/r/strength_training/comments/1npga92/1049_lb_sbd_bodyweight_165_age_51_all_this_week/,https://v.redd.it/ztj3gvmlz4rf1,"1100 is the goal. At my age and bodyweight that's elite territory.  Need legs to catch up with bench. 

My bench is so strong it's almost my squat numbers, my squat is so weak it's almost my bench numbers 🙃",1758730122.0,1.0,40,0,Lift,Open-Year2903,15,False,0,False,text
strength_training,1npj5ma,440lb sandbag front carry for 147ft @ 196lb bodyweight,23,https://reddit.com/r/strength_training/comments/1npj5ma/440lb_sandbag_front_carry_for_147ft_196lb/,https://v.redd.it/02e34db1j5rf1,"Strength training , no sleeves or wraps. ",1758736666.0,0.97,23,0,Lift,Liambroon,11,False,0,False,text
strength_training,1npapcg,300# on the squishy foot,32,https://reddit.com/r/strength_training/comments/1npapcg/300_on_the_squishy_foot/,https://v.redd.it/vnf88e5jv3rf1,,1758716647.0,0.9,32,0,Lift,username_taken1989,7,False,0,False,text
strength_training,1nprte6,Squat 285lbsx5,4,https://reddit.com/r/strength_training/comments/1nprte6/squat_285lbsx5/,https://v.redd.it/v5pmdplc97rf1,"I finally got shoes about 10 days ago, before that I was stuck doing half squats. Took me a bit to get used to them but now I am back up to my previous 5x5 attempt and smashed it! Looking forward to 295lbs on Friday.",1758757628.0,1.0,4,0,PR/PB,Swordthatdefiesdeath,1,False,0,False,text
strength_training,1npq20p,Making progress on weighted dips! 90lbs,3,https://reddit.com/r/strength_training/comments/1npq20p/making_progress_on_weighted_dips_90lbs/,https://v.redd.it/23g907fav6rf1,"Been working on increasing the weight on these dips, made it to 90lbs. 
Any advice is welcomed 💪🏽",1758752886.0,0.81,3,0,Form Check,Willing_Week_1294,1,False,0,False,text
strength_training,1nppnyj,Bench press,4,https://reddit.com/r/strength_training/comments/1nppnyj/bench_press/,https://v.redd.it/d7icr9jcs6rf1,,1758751902.0,1.0,4,0,Lift,kabal22234,1,False,0,False,text
strength_training,1nppnc4,Heavy curls,3,https://reddit.com/r/strength_training/comments/1nppnc4/heavy_curls/,https://v.redd.it/t8koxh08s6rf1,,1758751859.0,0.81,3,0,Lift,kabal22234,1,False,0,False,text
strength_training,1npcgcy,375 lbs x 2 deadlift at 60kg BW. Deloading and doing cluster sets for a couple of weeks to work on improving my first rep - how does it compare to my previous post?,18,https://reddit.com/r/strength_training/comments/1npcgcy/375_lbs_x_2_deadlift_at_60kg_bw_deloading_and/,https://v.redd.it/02wcwds494rf1,,1758721271.0,0.95,18,0,Form Check,___J,5,False,0,False,text
strength_training,1npkwj2,Squat check please,5,https://reddit.com/r/strength_training/comments/1npkwj2/squat_check_please/,https://v.redd.it/jyv0gygnu5rf1,"2nd half of noob routine, starting to feel heavy again. I'm somewhat using a lowbar position.
I cant get any lower than this without buttwink , even the tiny bit I have here has my lower back aching a little. I might try highbar again later, cant remember why I gave that up..

But for the most part, is good?
Thanks ",1758740598.0,1.0,5,0,Form Check,smegtasticday,6,False,0,False,text
strength_training,1nok5dm,They can’t all be zingers,662,https://reddit.com/r/strength_training/comments/1nok5dm/they_cant_all_be_zingers/,https://v.redd.it/0njtyyp9lxqf1,,1758640560.0,0.99,662,0,Lift,louis7972,64,False,0,False,text
strength_training,1npio87,Dumbbell RDLs (Capped out at 125s),3,https://reddit.com/r/strength_training/comments/1npio87/dumbbell_rdls_capped_out_at_125s/,https://v.redd.it/fzp1n58qf5rf1,,1758735548.0,0.67,3,0,Lift,thebodybuildingvegan,2,False,0,False,text
strength_training,1nprzqz,13 Clean pullups at 220lbs bodyweight,1,https://reddit.com/r/strength_training/comments/1nprzqz/13_clean_pullups_at_220lbs_bodyweight/,https://v.redd.it/bk5ihjqta7rf1,Finally getting to where i want to be,1758758119.0,1.0,1,0,PR/PB,Sea_Yam904,1,False,0,False,text
strength_training,1novfw2,Should’ve left the last two reps,71,https://reddit.com/r/strength_training/comments/1novfw2/shouldve_left_the_last_two_reps/,https://v.redd.it/f0g2530lpzqf1,,1758666472.0,0.94,71,0,PR/PB,anthonysbeard,13,False,0,False,text
strength_training,1npbwkl,Smith seated shoulder press PB,4,https://reddit.com/r/strength_training/comments/1npbwkl/smith_seated_shoulder_press_pb/,https://v.redd.it/ybwtnlv454rf1,"I’ve been using this smith machine as an accessory exercise for reps between 1 - 10 and getting progress while my bench climbs as well so I’ll keep doing it, I know it’s not the same as a free weight seated barbell press but I’m loving that it doesn’t hurt or niggle my joints and I just get to press hard and this was a PB for 1 and looked easy on Video but over the last few weeks a little more was too much to not complete so this today was a PB 

I counted the bar as 10kgs for the last 6 months knowing it wasn’t 20kgs and got some scales under it today and it’s 5kgs of bar weight, even with that it’s not bad weight to press in my progression and still quite a bit above my standing press until I solidify the gains with a standing barbell press 

See if you can tell me the weight of it and why I’m happy 😊 ",1758719875.0,1.0,4,0,PR/PB,Healthy-Mirror4199,2,False,0,False,text
strength_training,1now5zd,I'm grateful weightlifting has given me some more joy these days,55,https://reddit.com/r/strength_training/comments/1now5zd/im_grateful_weightlifting_has_given_me_some_more/,https://v.redd.it/ci9p6zwtvzqf1,,1758668351.0,0.97,55,0,Lift,barbellsandbriefs,11,False,0,False,text
strength_training,1nop3ad,545lbs 2 months post injury,113,https://reddit.com/r/strength_training/comments/1nop3ad/545lbs_2_months_post_injury/,https://v.redd.it/s3kjse90iyqf1,Not too bad two months post gluteus medius strain,1758651672.0,0.98,113,0,Lift,zamo0273,13,False,0,False,text
strength_training,1npog8j,Blasting angles to beef up my grip game,0,https://reddit.com/r/strength_training/comments/1npog8j/blasting_angles_to_beef_up_my_grip_game/,https://v.redd.it/jg6que8ij6rf1,,1758748926.0,0.4,0,0,Lift,Fat_Foot,8,False,0,False,text
strength_training,1no277m,Deadlift 245 Body 147 Age 72,2282,https://reddit.com/r/strength_training/comments/1no277m/deadlift_245_body_147_age_72/,https://v.redd.it/oi9eehnaysqf1,Competition prep to build peak strength for breaking my 253 world record (255 goal) ,1758584400.0,0.99,2282,0,Lift,DebraStefanFitness,118,False,0,False,text
strength_training,1noq6u8,225kgx1 got calibrated plates for the gym,32,https://reddit.com/r/strength_training/comments/1noq6u8/225kgx1_got_calibrated_plates_for_the_gym/,https://v.redd.it/0c8y4abopyqf1,"Testing how lower back and hip feel with a moderate single. Technique work w squat bar, as I'm going from basically never using it to using it every primary squat day. 

Finally feeling close to 100% should be able to have a good push this off season. ",1758654146.0,0.98,32,0,Lift,Intelligent-Agent294,11,False,0,False,text
strength_training,1noqhzg,"Newbie here. 285lbs x 3, last set in the workout.",17,https://reddit.com/r/strength_training/comments/1noqhzg/newbie_here_285lbs_x_3_last_set_in_the_workout/,https://v.redd.it/v1paup9kryqf1,In 2019 I tweaked my back during deadlift and stopped lifting all together. Trying to get back into it and not repeat that.,1758654854.0,1.0,17,0,Form Check,Bulevine,6,False,0,False,text
strength_training,1noc7wc,360lb/310lb/250lb stone dropset @196lb bw,41,https://reddit.com/r/strength_training/comments/1noc7wc/360lb310lb250lb_stone_dropset_196lb_bw/,https://v.redd.it/g16fj60vovqf1,Strength training in my garage. ,1758617552.0,0.98,41,0,Lift,Liambroon,15,False,0,False,text
strength_training,1nov8yn,Hey I’m back with 110s,3,https://reddit.com/r/strength_training/comments/1nov8yn/hey_im_back_with_110s/,https://v.redd.it/gkkwvkznozqf1,"I can admit the last two reps were sketchy. My left inner thigh is kinda strained from overdoing the adductor machine. Next time I’ll leave a rep in the tank when I notice slight form break.

 I think I wrapped my knees better than last time. 

Im not trying to hear anything about my gear-assisted reps (belt, shoes, wraps, straps or durag) and how your raw strength is superior to mines lol ",1758665980.0,0.72,3,0,PR/PB,anthonysbeard,2,False,0,False,text
strength_training,1nny5ue,My one upper day a week lol,271,https://reddit.com/r/strength_training/comments/1nny5ue/my_one_upper_day_a_week_lol/,https://v.redd.it/xiz5jpbn3sqf1,"NPC bikini 6.5 weeks out from show day 1
",1758574116.0,0.98,271,0,Lift,bodybuildr99,23,False,0,False,text
strength_training,1nnv88y,You're only as fragile as you allow yourself to be.,295,https://reddit.com/r/strength_training/comments/1nnv88y/youre_only_as_fragile_as_you_allow_yourself_to_be/,https://v.redd.it/p2r1fn2ojrqf1,Don't be a glassback. Become a steelspine.,1758567417.0,0.75,295,0,PR/PB,Spine_day,207,False,0,False,text
strength_training,1nns108,275 lbs x 6,358,https://reddit.com/r/strength_training/comments/1nns108/275_lbs_x_6/,https://v.redd.it/ev69qxfoyqqf1,Nice lil rep PR to start the week 😊,1758560317.0,0.99,358,0,PR/PB,BreakfastScared264,30,False,0,False,text
strength_training,1no8p4m,"Deadlift 315x5, looking safe?",36,https://reddit.com/r/strength_training/comments/1no8p4m/deadlift_315x5_looking_safe/,https://v.redd.it/vtlruk6ekuqf1,Sorry for debuting my black metal scream on this subreddit. How does my form look? I cant afford a coach and am interested in adding some decent weight over the next three months.,1758603960.0,0.94,36,0,Form Check,Swordthatdefiesdeath,32,False,0,False,text
strength_training,1np235p,235 at the home gym,0,https://reddit.com/r/strength_training/comments/1np235p/235_at_the_home_gym/,https://v.redd.it/vyyn0b5ba1rf1,Been working hard the last 8 weeks and starting a program based off maxes for the next 8. Then a nice lil cut for a cruise in January! How’s the form?,1758685322.0,0.41,0,0,PR/PB,InkFiend341986,5,False,0,False,text
strength_training,1no0uaf,685lbs in wraps and 595lbs in sleeves at 226lbs BW. My first heavy squat in a WHILE,42,https://reddit.com/r/strength_training/comments/1no0uaf/685lbs_in_wraps_and_595lbs_in_sleeves_at_226lbs/,https://v.redd.it/871aogddnsqf1,55lbs Texas squat bar,1758580725.0,0.96,42,0,Lift,RicardoCanfieldez,7,False,0,False,text
strength_training,1nnrh77,315x3 (first time benching 315 incline),108,https://reddit.com/r/strength_training/comments/1nnrh77/315x3_first_time_benching_315_incline/,https://v.redd.it/4t818p41vqqf1,Never went too heavy on incline. Taking it easy on flat bench so spamming vertical and incline pressing. ,1758559086.0,1.0,108,0,PR/PB,Intelligent-Agent294,14,False,0,False,text
strength_training,1nnkdab,535lbs for 3 at 193lbs body weight,253,https://reddit.com/r/strength_training/comments/1nnkdab/535lbs_for_3_at_193lbs_body_weight/,https://v.redd.it/447pzdizfpqf1,"New 3 rep PR. Followed by 4 sets of 3 with 465lbs, hip thrusts, barbell rows, and belt squat ",1758541978.0,1.0,253,0,PR/PB,Patton370,18,False,0,False,text
strength_training,1nnws8j,New deadlift PR #480,54,https://reddit.com/r/strength_training/comments/1nnws8j/new_deadlift_pr_480/,https://v.redd.it/jkxgdskfurqf1,46yo M 174lbs and 4.5 years post lumbar fusion I hit a new PR. Never thought I’d get here.. 20lbs to go and I’ll have hit my ultimate 500 goal!,1758570991.0,0.97,54,0,PR/PB,Psychological_Fee548,10,False,0,False,text
strength_training,1no0y8o,Back squat 315x12,22,https://reddit.com/r/strength_training/comments/1no0y8o/back_squat_315x12/,https://v.redd.it/0cunf3y6osqf1,"On my fourth month of a Wendler 531 program. Last set for today. 
Set 1 - 245x5
Set 2 - 275x5
Set 3 - 315x12",1758581013.0,0.94,22,0,Lift,richprice220,2,False,0,False,text
strength_training,1nnhhre,Came back a week later and hit it: 210kg / 463lb bench press @98kg BW,143,https://reddit.com/r/strength_training/comments/1nnhhre/came_back_a_week_later_and_hit_it_210kg_463lb/,https://v.redd.it/js605yefmoqf1,,1758531990.0,1.0,143,0,PR/PB,Jamesbaldwin2001,10,False,0,False,text
strength_training,1nnso2v,"Squats from 100kg to 170kg, failed 180kg attempt",27,https://reddit.com/r/strength_training/comments/1nnso2v/squats_from_100kg_to_170kg_failed_180kg_attempt/,https://v.redd.it/5vcbf4hx2rqf1,,1758561749.0,0.97,27,0,Lift,hawthornvisual,8,False,0,False,text
strength_training,1nnsltb,BTN press 70kg x 5,12,https://reddit.com/r/strength_training/comments/1nnsltb/btn_press_70kg_x_5/,https://v.redd.it/8zqeageg2rqf1,,1758561608.0,0.94,12,0,PR/PB,hawthornvisual,2,False,0,False,text
strength_training,1nnqudr,43 y/o - Squat 20 to 240,13,https://reddit.com/r/strength_training/comments/1nnqudr/43_yo_squat_20_to_240/,https://v.redd.it/sul78jgvqqqf1,,1758557690.0,0.93,13,0,Form Check,Pankrates-,3,False,0,False,text
strength_training,1nnfhe5,One Arm Pull Up +2.5kg,31,https://reddit.com/r/strength_training/comments/1nnfhe5/one_arm_pull_up_25kg/,https://v.redd.it/vnjumeecwnqf1,,1758524030.0,0.98,31,0,Lift,Gdelosreyes_,1,False,0,False,text
strength_training,1nmyjcn,195kg/430lbs 3 rep max Raw Beltless Deadlift,302,https://reddit.com/r/strength_training/comments/1nmyjcn/195kg430lbs_3_rep_max_raw_beltless_deadlift/,https://v.redd.it/es19hm7o2kqf1,,1758476917.0,0.97,302,0,PR/PB,jjmuti,61,False,0,False,text
strength_training,1nn1h9p,"35, 5'11 180lbs. How is my form? What should I fix?",86,https://reddit.com/r/strength_training/comments/1nn1h9p/35_511_180lbs_how_is_my_form_what_should_i_fix/,https://v.redd.it/w3y84b6imkqf1,,1758483580.0,0.95,86,0,Form Check,luxurymuck5,24,False,0,False,text
strength_training,1nn0gu1,100lbs PR for one of my female clients,35,https://reddit.com/r/strength_training/comments/1nn0gu1/100lbs_pr_for_one_of_my_female_clients/,https://v.redd.it/1rpual5nfkqf1,,1758481283.0,0.93,35,0,PR/PB,Nkklllll,13,False,0,False,text
strength_training,1nmewt2,Age 72 Bench PR 130 @147,914,https://reddit.com/r/strength_training/comments/1nmewt2/age_72_bench_pr_130_147/,https://v.redd.it/4cdiw2os4fqf1,Big breakthrough for my bench! I attribute it to the heavy static holds and the use of micro plates for small increases that add up. ,1758417097.0,0.99,914,0,Lift,DebraStefanFitness,80,False,0,False,text
strength_training,1nme6od,13 Year Old Deadlift 345x4,491,https://reddit.com/r/strength_training/comments/1nme6od/13_year_old_deadlift_345x4/,https://v.redd.it/z6p12xs7yeqf1,Kiddo wanted to do deadlifts after practice today. Would appreciate a form check.  Much obliged.,1758414874.0,0.94,491,0,Form Check,captquin,93,False,0,False,text
strength_training,1nn5ff4,Any tips on my form here?,9,https://reddit.com/r/strength_training/comments/1nn5ff4/any_tips_on_my_form_here/,https://v.redd.it/8nlvp18zelqf1,Posted previously and was told to lose my sneakers so I have been squatting barefoot with more success.,1758493153.0,1.0,9,0,Form Check,LegomoreYT,9,False,0,False,text
strength_training,1nm211z,3 chin ups with 25 lbs,1223,https://reddit.com/r/strength_training/comments/1nm211z/3_chin_ups_with_25_lbs/,https://v.redd.it/hbaumo1yecqf1,I know I was swinging a bit but I’m okay with that it was my second set of 3 😎,1758384180.0,0.98,1223,0,PR/PB,Caitiegn,72,False,0,False,text
strength_training,1nmjwsu,Maximal effort,35,https://reddit.com/r/strength_training/comments/1nmjwsu/maximal_effort/,https://v.redd.it/j55ue64ahgqf1,Paused sumos 5x3. I think 600 might be close 🙂,1758433396.0,1.0,35,0,Lift,SnooDogs559,2,False,0,False,text
strength_training,1nmjyz3,Paused bench PB,8,https://reddit.com/r/strength_training/comments/1nmjyz3/paused_bench_pb/,https://v.redd.it/ybql2jbvhgqf1,I felt good today and it was time to attempt and it went up well enough to try more next time :) it’s a plus 2.5kg paused PB maybe a little double dip but it’s not in a comp so I’ll take it ,1758433617.0,0.91,8,0,PR/PB,Healthy-Mirror4199,1,False,0,False,text
strength_training,1nm8yti,315 paused deadlift,51,https://reddit.com/r/strength_training/comments/1nm8yti/315_paused_deadlift/,https://v.redd.it/t00gsngbsdqf1,Honestly surprised myself with how easy this moved. First time using a powerlifting bar with cheese grater knurling and it hurts so good,1758400792.0,0.97,51,0,Lift,nonoffensivenavyname,2,False,0,False,text
strength_training,1nmbr0s,"Bought fat gripz a while ago on impulse, finally found a use for them",31,https://reddit.com/r/strength_training/comments/1nmbr0s/bought_fat_gripz_a_while_ago_on_impulse_finally/,https://v.redd.it/sgw2ok3pdeqf1,"These make plate holds a lot better for me, used to keep dislocating my pinkie without the grip on the plate. Not much past that, just tried to find a purpose for my bad financial decisions.",1758407990.0,0.88,31,0,Lift,nonoffensivenavyname,6,False,0,False,text
strength_training,1nm7168,362lbs (164kg) atlas stone to shoulder + warmups.,55,https://reddit.com/r/strength_training/comments/1nm7168/362lbs_164kg_atlas_stone_to_shoulder_warmups/,https://v.redd.it/fww9rgm8edqf1,"104kg sandstone bag to shoulder, 1-motion. 116kg paused sandbag 1-motion to shoulder. 130kg @atlasendurance_ tackyless paused 1-motion to shoulder. 140kg tackyless atlas to shoulder. 164kg oversized atlas to shoulder, small amount grade-1 tacky used. Training for the 180kg atlas to shoulder going fairly well.",1758396069.0,1.0,55,0,Lift,crawfordov24,8,False,0,False,text
strength_training,1nm2ong,225 x 6 Jefferson curl,43,https://reddit.com/r/strength_training/comments/1nm2ong/225_x_6_jefferson_curl/,https://v.redd.it/0u5byctajcqf1,,1758385741.0,0.91,43,0,Lift,Spine_day,8,False,0,False,text
strength_training,1nlw3xo,Paused Bench,51,https://reddit.com/r/strength_training/comments/1nlw3xo/paused_bench/,https://v.redd.it/2glte60h5bqf1,,1758368915.0,0.65,51,0,Lift,hawthornvisual,92,False,0,False,text
strength_training,1nlz7d1,308 lbs. How's the form?Will appreciate some insights from experience lifter.,29,https://reddit.com/r/strength_training/comments/1nlz7d1/308_lbs_hows_the_formwill_appreciate_some/,https://v.redd.it/bgc55iwqubqf1,,1758377457.0,0.85,29,0,PR/PB,chatlover93,51,False,0,False,text
strength_training,1nlrtm0,Zombie Skwots 130kg x 3,34,https://reddit.com/r/strength_training/comments/1nlrtm0/zombie_skwots_130kg_x_3/,https://v.redd.it/qzxcqhd0v9qf1,,1758353298.0,0.93,34,0,Lift,Key_Contribution_435,5,False,0,False,text
strength_training,1nlfwnb,"Another day, another deadlift. 500lb ×4. 555lb ×1.",198,https://reddit.com/r/strength_training/comments/1nlfwnb/another_day_another_deadlift_500lb_4_555lb_1/,https://v.redd.it/kooj1ck4v6qf1,"PR for reps of 500.

Ties all time single of 555, which was not done after a 500x4 set, so this one is more better.",1758317015.0,0.99,198,0,PR/PB,Red_Swingline_,17,False,0,False,text
strength_training,1nlr3qb,180kg 3x3 PR at 74kg,34,https://reddit.com/r/strength_training/comments/1nlr3qb/180kg_3x3_pr_at_74kg/,https://v.redd.it/w5pchw0an9qf1,Coached by Tom Martin,1758350662.0,0.98,34,0,PR/PB,TheInspectaa,1,False,0,False,text
strength_training,1nm122u,150 kg / 330 lb deadlift PR. Hips too high or just right?,6,https://reddit.com/r/strength_training/comments/1nm122u/150_kg_330_lb_deadlift_pr_hips_too_high_or_just/,https://v.redd.it/xac78r668cqf1,73 kg / 162 lb BW ,1758381903.0,1.0,6,0,PR/PB,Erkliks,3,False,0,False,text
strength_training,1nlhx0b,"I hit the same 100kg from last week, but this time I got two more reps.",101,https://reddit.com/r/strength_training/comments/1nlhx0b/i_hit_the_same_100kg_from_last_week_but_this_time/,https://v.redd.it/jpmh9qy0a7qf1,"I'm back! Since I stopped benching in April 2205, marking the end of the Bilbo progression that began in 2024, I've had a few workouts to get back into the rhythm. Today, I found the 100kg from last week was still on the bar, so I decided to train with it again. This time, I hit **42 reps**, 2 repos more than last week. This officially kicks off my new Bilbo progression for 2025.",1758322218.0,0.93,101,0,Lift,Trainnghard,27,False,0,False,text
strength_training,1nlhxbl,Push press,100,https://reddit.com/r/strength_training/comments/1nlhxbl/push_press/,https://v.redd.it/kb3w4zpra7qf1,,1758322241.0,0.95,100,0,Lift,kabal22234,59,False,0,False,text
strength_training,1nm3ee7,deadlift forn,3,https://reddit.com/r/strength_training/comments/1nm3ee7/deadlift_forn/,https://v.redd.it/zmt31414ocqf1,doing it for the first time and onky feel it in lower back,1758387429.0,1.0,3,0,Form Check,FreakCree,1,False,0,False,text
strength_training,1nlgfqu,Comp deadlift | 352 lbs x 2,89,https://reddit.com/r/strength_training/comments/1nlgfqu/comp_deadlift_352_lbs_x_2/,https://v.redd.it/lc0hfxl8z6qf1,Been a min since I hit this weight for a double!,1758318365.0,0.99,89,0,Lift,BreakfastScared264,13,False,0,False,text
strength_training,1nlibhu,405lbs x 5 front squats at 226lbs BW,69,https://reddit.com/r/strength_training/comments/1nlibhu/405lbs_x_5_front_squats_at_226lbs_bw/,https://v.redd.it/z6o9jpytd7qf1,This is the starting point I needed for my front squats. Fatigue is still high from Friday and Saturday. ,1758323276.0,1.0,69,0,Lift,RicardoCanfieldez,2,False,0,False,text
strength_training,1nl37t5,Last set of 5x5x235,332,https://reddit.com/r/strength_training/comments/1nl37t5/last_set_of_5x5x235/,https://v.redd.it/m3xfbmenf4qf1,"Running the Russian squat program adapted to 2x per week instead of 3x, still pretty brutal 💀",1758287562.0,1.0,332,0,Lift,PettyCrocker,30,False,0,False,text
strength_training,1nlh3dt,Well this one was a damn grind.,50,https://reddit.com/r/strength_training/comments/1nlh3dt/well_this_one_was_a_damn_grind/,https://v.redd.it/t2lx8nx647qf1,,1758320055.0,0.96,50,0,PR/PB,Saleenpride86,31,False,0,False,text
strength_training,1nljll4,One handed 225lb Deadlift attempts,33,https://reddit.com/r/strength_training/comments/1nljll4/one_handed_225lb_deadlift_attempts/,https://v.redd.it/1k8veseyn7qf1,"First time trying 1 handed deadlifts, no straps of course. ",1758326681.0,0.92,33,0,Lift,Saleenpride86,9,False,0,False,text
strength_training,1nl08s8,615lbs × 8 reps - Hexbar Deadlift,351,https://reddit.com/r/strength_training/comments/1nl08s8/615lbs_8_reps_hexbar_deadlift/,https://v.redd.it/qiyqmibup3qf1,The black plate that's 2nd to last is a 15lb plate for anyone wondering. ,1758278903.0,0.99,351,0,PR/PB,Infinitewk98,35,False,0,False,text
strength_training,1nl9w2k,"550 x 3, 600 x 2, 800x1 fast enough for 1st place",87,https://reddit.com/r/strength_training/comments/1nl9w2k/550_x_3_600_x_2_800x1_fast_enough_for_1st_place/,https://v.redd.it/exkiflwcp5qf1,"Rules:

Touch and go allowed, dropping allowed, weight was the same for everyone, fastest time to finish wins, if you don't finish then split times taken after 1st and 2nd bar",1758302981.0,0.98,87,0,Lift,Frodozer,25,False,0,False,text
strength_training,1nldxu5,First pull with Ohio Deadlift Bar. 495lbs,43,https://reddit.com/r/strength_training/comments/1nldxu5/first_pull_with_ohio_deadlift_bar_495lbs/,https://v.redd.it/pues52i3h6qf1,Big fan of pulling with a deadlift bar. I usually pull on a stiff power bar so it’s really night and day coming off the floor. I will say it took some getting used to the decent because it whips on the way down and throws you off a bit. I’m still going to train most of my blocks on the stiff bar and save this bar for heavy work. ,1758312274.0,0.97,43,0,Lift,New_Neighborhood3987,7,False,0,False,text
strength_training,1nlleu8,Bench PR: 295lb,10,https://reddit.com/r/strength_training/comments/1nlleu8/bench_pr_295lb/,https://v.redd.it/muce052s38qf1,Bench felt great after hitting heavy dips so I decided to try a PR.  Previous best was 280,1758331999.0,1.0,10,0,PR/PB,Drpainda,1,False,0,False,text
strength_training,1nlf8av,"100kg snatch, 125kg hang clean",21,https://reddit.com/r/strength_training/comments/1nlf8av/100kg_snatch_125kg_hang_clean/,https://v.redd.it/298d8xh6q6qf1,,1758315357.0,0.96,21,0,Lift,Nkklllll,1,False,0,False,text
strength_training,1nl7qny,Deep hspu vs 60lbs weighted pull-ups,39,https://reddit.com/r/strength_training/comments/1nl7qny/deep_hspu_vs_60lbs_weighted_pullups/,https://v.redd.it/qlv2k9k1b5qf1,,1758298119.0,0.94,39,0,Lift,ScorpscorpioX,4,False,0,False,text
strength_training,1nlhnfg,300 x 3 Incline bench PR,7,https://reddit.com/r/strength_training/comments/1nlhnfg/300_x_3_incline_bench_pr/,https://v.redd.it/fiuz8gq087qf1,,1758321525.0,1.0,7,0,PR/PB,JustRelax,1,False,0,False,text
strength_training,1nl2rlv,315lbs eccentric/ paused squats,31,https://reddit.com/r/strength_training/comments/1nl2rlv/315lbs_eccentric_paused_squats/,https://v.redd.it/01uyldv8c4qf1,,1758286419.0,0.95,31,0,Lift,BrothaManBen,4,False,0,False,text
strength_training,1nkeqff,Just hit 225 on bench! Took me nearly two years but I finally got it!,1092,https://reddit.com/r/strength_training/comments/1nkeqff/just_hit_225_on_bench_took_me_nearly_two_years/,https://v.redd.it/0jskgqa1lypf1,,1758216741.0,0.99,1092,0,PR/PB,AliveAd8736,116,False,0,False,text
strength_training,1nl4pqt,My annual Gymcome can't keep up with the current Gymflation,22,https://reddit.com/r/strength_training/comments/1nl4pqt/my_annual_gymcome_cant_keep_up_with_the_current/,https://v.redd.it/a9351stiq4qf1,Might have to pick up some OT and start Benching 3x a week. ,1758291223.0,0.75,22,0,Lift,adriansia117,13,False,0,False,text
strength_training,1nkn8um,Weighted Dips,302,https://reddit.com/r/strength_training/comments/1nkn8um/weighted_dips/,https://v.redd.it/0yxj7z8880qf1,"Was doing 10lbs for a while, pushed it to 15 today.",1758236651.0,0.94,302,0,Lift,technofever89,32,False,0,False,text
strength_training,1nkiogl,308 lbs x 2,408,https://reddit.com/r/strength_training/comments/1nkiogl/308_lbs_x_2/,https://v.redd.it/0hmo88lkbzpf1,Really happy with how this moved (rep PR). It was programmed at RPE 7.5.,1758225657.0,0.99,408,0,PR/PB,BreakfastScared264,43,False,0,False,text
strength_training,1nla4zt,120kg squat @70kg,6,https://reddit.com/r/strength_training/comments/1nla4zt/120kg_squat_70kg/,https://v.redd.it/yx2ter54r5qf1,"First time doing 120kg and it felt easier than the 105kg afterwards. Well happy with how it felt and definitely came up way easier than expected.

3 plates is getting closer!",1758303533.0,0.88,6,0,PR/PB,-FishPants,3,False,0,False,text
strength_training,1nkqyra,"Bench PR! 300lbs @ 220, Touch n Go",56,https://reddit.com/r/strength_training/comments/1nkqyra/bench_pr_300lbs_220_touch_n_go/,https://v.redd.it/rnze7p0331qf1,"It’s been a while since I tested my max bench, which was 245lbs about six months ago. Since then I’ve just been doing 3x5 twice a week, one day TnG one day paused, increasing by five pounds per session. Finally clawed my way up to 260x5 and figured, let’s put some new weight on the bar!

I put 275 on and it flew. 285 also flew. Lord knows I couldn’t load up 295 and be too tired to break 300, so here we are! You can’t really see in this video but I think my arse stayed on the bench. Maybe I wouldn’t count this because of the pretty obvious bounce off my chest, but it’s nice knowing I can get that weight up somehow.

315 incoming, but for now I gotta keep up the progressive overload. This one was a grind. Any advice on increasing my bench is appreciated!",1758247016.0,1.0,56,0,PR/PB,Recent-Beach-1885,7,False,0,False,text
strength_training,1nkhm3n,"375 BTN Jerks, good for 1st place",116,https://reddit.com/r/strength_training/comments/1nkhm3n/375_btn_jerks_good_for_1st_place/,https://v.redd.it/oa5zrt1c4zpf1,"Allowed as many attempts within 30 seconds, I needed two attempts for all of my weights lol",1758223231.0,0.99,116,0,Lift,Frodozer,10,False,0,False,text
strength_training,1nkeyml,225 x 2 Overhead Press PR,137,https://reddit.com/r/strength_training/comments/1nkeyml/225_x_2_overhead_press_pr/,https://v.redd.it/p0996p53mypf1,,1758217257.0,1.0,137,0,PR/PB,JustRelax,17,False,0,False,text
strength_training,1njvgci,530lb squat @ 185,1148,https://reddit.com/r/strength_training/comments/1njvgci/530lb_squat_185/,https://v.redd.it/vwzfq2vfutpf1,Bar is 35lbs ,1758159380.0,0.99,1148,0,PR/PB,Shiba905,116,False,0,False,text
strength_training,1nkoso7,190/419 1x4.. 200/441 1x4.. 220/485 1x4.. it’s so nice to be back,10,https://reddit.com/r/strength_training/comments/1nkoso7/190419_1x4_200441_1x4_220485_1x4_its_so_nice_to/,https://v.redd.it/yqgg0j1wk0qf1,,1758240900.0,1.0,10,0,Lift,AndrewG0804,1,False,0,False,text
strength_training,1nkgosb,230x5 Bench Press Rep PR,23,https://reddit.com/r/strength_training/comments/1nkgosb/230x5_bench_press_rep_pr/,https://v.redd.it/1ulihsm0yypf1,Technique advice welcome. Felt good like I could have added another 5 lbs. ,1758221103.0,1.0,23,0,Form Check,bmhorn81,1,False,0,False,text
strength_training,1nk8qdg,"325lbs for 11, Beltless Good mornings",45,https://reddit.com/r/strength_training/comments/1nk8qdg/325lbs_for_11_beltless_good_mornings/,https://v.redd.it/8nd03mxmgxpf1,"Changed to the “high bar” setting on my transformer bar, instead of the “low bar” setting. It makes the lift much harder for me ",1758203147.0,0.95,45,0,Lift,Patton370,20,False,0,False,text
strength_training,1njq6p4,300 keg x 8 reps (1st rep not in video) 1st place on event at nationals,251,https://reddit.com/r/strength_training/comments/1njq6p4/300_keg_x_8_reps_1st_rep_not_in_video_1st_place/,https://v.redd.it/7fp4s4vqospf1,"I took 2nd overall, missing 1st place by 2.5 points. Finally finding the mental space to play some video back.",1758145337.0,0.99,251,0,Lift,Frodozer,32,False,0,False,text
strength_training,1nk7g77,Bench press 170kg x 3 paused PB,12,https://reddit.com/r/strength_training/comments/1nk7g77/bench_press_170kg_x_3_paused_pb/,https://v.redd.it/f9767e227xpf1,Started dedicated powerlifting training 2 weeks ago from a 10 month gap of training similar movements for a break with high intensity still and got a PB :) it’s a +1 rep PB ,1758199932.0,0.94,12,0,PR/PB,Healthy-Mirror4199,1,False,0,False,text
strength_training,1njlmys,275kg / 605lb squat. ~253lbs bodyweight,305,https://reddit.com/r/strength_training/comments/1njlmys/275kg_605lb_squat_253lbs_bodyweight/,https://v.redd.it/ngrav4r3trpf1,,1758134703.0,1.0,305,0,Lift,louis7972,24,False,0,False,text
strength_training,1njixle,I definitely won’t be able to sit correctly in private or public bathrooms after this (105 lbs Bulgarian split squats),319,https://reddit.com/r/strength_training/comments/1njixle/i_definitely_wont_be_able_to_sit_correctly_in/,https://v.redd.it/3lg2zhrhbrpf1,,1758128779.0,0.95,319,0,Lift,thebodybuildingvegan,55,False,0,False,text
strength_training,1nk34e8,175kg/386lbs Pb,17,https://reddit.com/r/strength_training/comments/1nk34e8/175kg386lbs_pb/,https://v.redd.it/1mt3es2n0wpf1,Bit of a weird bar path but I'll take a 7.5kg/16.5lbs PB ,1758185676.0,0.95,17,0,PR/PB,Loud-Audience9389,3,False,0,False,text
strength_training,1njmbfu,I only feel comfortable naturally squattting in this wide stance with toes outward,142,https://reddit.com/r/strength_training/comments/1njmbfu/i_only_feel_comfortable_naturally_squattting_in/,https://v.redd.it/tfyuea5nxrpf1,"FIRST OFF BEFORE PEOPLE GIVE ME CRAP, YES I GOT RID OF THE PAD AND REST THE BAR ON MY TRAPS NOW LOL! this vid was from few months ago.

I've tried so many different stances for my squats over the last few years, including heel elevated, etc, but nothing feels right besides this wider stance with my feet outward.

Whatever I'm doing works because my legs have grown like crazy, but I just want an opinion from other people who are really into squats if this stance is okay long term? It really does feel like the only natural way I'm comfortable.

The more narrow i am, the more restricted I feel without my heels being elevated. I like to get as deep as possible with my squats and really push to failure. ",1758136224.0,0.93,142,0,Form Check,dannyboooii,106,False,0,False,text
strength_training,1njozgk,160kg / 352lb bench double.,43,https://reddit.com/r/strength_training/comments/1njozgk/160kg_352lb_bench_double/,https://v.redd.it/fzqhzvn3gspf1,"Final week of the candito 6 week program.

 Previous pb was a 160kg single with elbow sleeves on so not too unhappy with this. was hoping for 3, but definately didnt have that today.

Bw 115kg, will work on that one day.

Any form critique is welcome.",1758142437.0,0.94,43,0,PR/PB,improbablywrong-,11,False,0,False,text
strength_training,1njq2tc,Just wanted a quick form check.,19,https://reddit.com/r/strength_training/comments/1njq2tc/just_wanted_a_quick_form_check/,https://v.redd.it/aj89dt5rnspf1,Thanks guys for your help. ,1758145070.0,0.83,19,0,Form Check,undeadWileCoyote_MEP,31,False,0,False,text
strength_training,1njhw50,How to translate leg strength to squat better,41,https://reddit.com/r/strength_training/comments/1njhw50/how_to_translate_leg_strength_to_squat_better/,https://v.redd.it/l2w4zrrn4rpf1,"I recently squatted 170kg, i think i will probably squat 180kg in the next few weeks, but i can leg press significantly more, at least twice as much. 350kg for an easy double as example. is there a way to more efficiently translate my leg strength to squat strength? or is this the expected difference between squat and leg press?",1758126480.0,0.72,41,0,Form Check,hawthornvisual,59,False,0,False,text
strength_training,1niw2ae,I love Squats cause I suck at them,807,https://reddit.com/r/strength_training/comments/1niw2ae/i_love_squats_cause_i_suck_at_them/,https://v.redd.it/7r7qogobtlpf1,Used to hate them cause I sucked at them.,1758062179.0,0.94,807,0,Lift,adriansia117,157,False,0,False,text
strength_training,1njawie,Wide grip bench 230lbs for 14,63,https://reddit.com/r/strength_training/comments/1njawie/wide_grip_bench_230lbs_for_14/,https://v.redd.it/gnr5n8ynqppf1,"I never post bench, so here’s a fun set I did at the end of my workout yesterday. I’d always done 6 sets of bench prior to this ",1758109664.0,0.98,63,0,Lift,Patton370,19,False,0,False,text
strength_training,1njtx35,Deadlitf whith 170 kg,5,https://reddit.com/r/strength_training/comments/1njtx35/deadlitf_whith_170_kg/,https://v.redd.it/01uojatjhtpf1,It is not entirely strict but there is,1758155059.0,0.78,5,0,Lift,Dylanhard77,5,False,0,False,text
strength_training,1njlkkw,295 x 6 on Bench Press,14,https://reddit.com/r/strength_training/comments/1njlkkw/295_x_6_on_bench_press/,https://v.redd.it/z6qg07fmsrpf1,,1758134550.0,0.95,14,0,Lift,TYSON_KCV,1,False,0,False,text
strength_training,1njgba7,6” Deficit Dead,16,https://reddit.com/r/strength_training/comments/1njgba7/6_deficit_dead/,https://v.redd.it/6ue7nc56uqpf1,Did some 6” deficit lift since I’m weakest off the floor. Any tips for form or a program recommendation to get past a plateau? ,1758123006.0,0.83,16,0,Form Check,wumbopower,20,False,0,False,text
strength_training,1njht2k,"Did this at the end of back and tris day , i think i can get 5 when I'm rested",8,https://reddit.com/r/strength_training/comments/1njht2k/did_this_at_the_end_of_back_and_tris_day_i_think/,https://v.redd.it/rkv9qdg34rpf1,,1758126290.0,0.75,8,0,Lift,LTaiga,8,False,0,False,text
strength_training,1niw9f1,10lbs Weighted Pull-ups,169,https://reddit.com/r/strength_training/comments/1niw9f1/10lbs_weighted_pullups/,https://v.redd.it/8zwdm9auulpf1,"A couple weeks ago I posted my first weighted pull-ups. Here’s an update: I’m still at 3×4 with 10lbs, but my form has improved significantly.",1758062682.0,0.98,169,0,Lift,technofever89,11,False,0,False,text
strength_training,1njgu1w,Help me to improve. My left knee is moving inside,7,https://reddit.com/r/strength_training/comments/1njgu1w/help_me_to_improve_my_left_knee_is_moving_inside/,https://v.redd.it/kgfrmxffcnpf1,,1758124176.0,1.0,7,0,Form Check,zzzekid,15,False,0,False,text
strength_training,1niz9kl,Squat 545x3,108,https://reddit.com/r/strength_training/comments/1niz9kl/squat_545x3/,https://v.redd.it/hhh15hurimpf1,,1758070689.0,0.99,108,0,Lift,JonnySidequest,6,False,0,False,text
strength_training,1nj4gwx,Handstand Push Ups + 10kg (not full ROM),20,https://reddit.com/r/strength_training/comments/1nj4gwx/handstand_push_ups_10kg_not_full_rom/,https://v.redd.it/ddg5dxkmsnpf1,,1758086329.0,0.96,20,0,PR/PB,Gdelosreyes_,5,False,0,False,text
strength_training,1nj17zw,160kg for ‘decent’ reps,35,https://reddit.com/r/strength_training/comments/1nj17zw/160kg_for_decent_reps/,https://v.redd.it/7bfn6a34zmpf1,"Amazing to think that this was my 3-rep ceiling a month ago, now I can do it for reps at around RPE 7. At this rate, I think I might be able to do a triple with my old 1RM of 170kg in 2 weeks time. Really loving the progress on all 3 lifts. 

Technically, this is a PB, but I’m just tagging it as “Lift” since it looked not-like-a-PB. 

Cheers!",1758076197.0,0.97,35,0,Lift,the-tall-samson,11,False,0,False,text
strength_training,1nizuzo,Snatch session,40,https://reddit.com/r/strength_training/comments/1nizuzo/snatch_session/,https://v.redd.it/7hptlxvlnmpf1,Snatch session from 20 to 100kg at @85kg,1758072344.0,0.98,40,0,Form Check,CapitalBat5188,12,False,0,False,text
strength_training,1ni76tl,Squat 205 Body 148 Age 72,1771,https://reddit.com/r/strength_training/comments/1ni76tl/squat_205_body_148_age_72/,https://v.redd.it/0ukscrue8gpf1,Three weeks out from Olympia IPL with a goal of breaking my 198 WR with 205. At my age and body weight this is a big strength gain. ,1757994577.0,0.99,1771,0,PR/PB,DebraStefanFitness,94,False,0,False,text
strength_training,1niwtza,215lbs x5 💪,46,https://reddit.com/r/strength_training/comments/1niwtza/215lbs_x5/,https://v.redd.it/ken5jyg9zlpf1,"Reps PR on bench a few days ago. End of the first block of my strength program. 

My heaviest single was 225lbs 6 months ago or so. But I wasn't even training bench/strength then. Really looking forward to more heavy work on bench a month from now! ",1758064129.0,1.0,46,0,PR/PB,HDawsome,5,False,0,False,text
strength_training,1niyw1y,Finally hit a 500lb trap bar deadlift!,29,https://reddit.com/r/strength_training/comments/1niyw1y/finally_hit_a_500lb_trap_bar_deadlift/,https://v.redd.it/jac1g20efmpf1,It's been a personal goal of mine to hit a 500lb TBDL for a few months - was feeling pretty good after my 435lb AMRAP tonight so decided to see if I could hit it and was pleasantly surprised!! This is at 225lb BW. (Please ignore the cringe ass audio lmao),1758069642.0,0.94,29,0,PR/PB,AlkalineLemon,9,False,0,False,text
strength_training,1njl250,Deadlift - 85 kg,1,https://reddit.com/r/strength_training/comments/1njl250/deadlift_85_kg/,https://v.redd.it/tzh0xdi6prpf1,,1758133400.0,0.67,1,0,Form Check,Wrong_Acanthaceae599,3,False,0,False,text
strength_training,1nj5knj,Is my deadlift form okay? My back rounds a little in the last few reps,9,https://reddit.com/r/strength_training/comments/1nj5knj/is_my_deadlift_form_okay_my_back_rounds_a_little/,https://v.redd.it/u0gzr1lp4opf1,,1758090212.0,0.92,9,0,Form Check,Rsenel,11,False,0,False,text
strength_training,1niyuhp,500lb x2x3 & 1.75,24,https://reddit.com/r/strength_training/comments/1niyuhp/500lb_x2x3_175/,https://v.redd.it/vvl5kqmbfmpf1,"PR for:

- Reps of 500lb in a set

- Total reps of 500lb in a session

Followed with 405x5 & 3.",1758069528.0,0.95,24,0,PR/PB,Red_Swingline_,1,False,0,False,text
strength_training,1niujiv,Comp bench | 154 lbs x 4,32,https://reddit.com/r/strength_training/comments/1niujiv/comp_bench_154_lbs_x_4/,https://v.redd.it/0so3hxjiilpf1,"Getting more confident with benching this weight :) Just two months ago, I couldn’t get it up for a 4th rep, now it’s part of my week 1 programming.

*I’m a powerlifter, so keep the “loSE thE aRcH” comments to yourself. Thanks 😁",1758058504.0,0.94,32,0,Lift,BreakfastScared264,7,False,0,False,text
strength_training,1nig8p1,BTN Push Press 315lbs(PR),111,https://reddit.com/r/strength_training/comments/1nig8p1/btn_push_press_315lbspr/,https://v.redd.it/g0kkkxj6uipf1,"“For the first time, men whispered of hope, even of victory. But I am certain, this was only the beginning.”
-captain of the imperial guard ",1758026153.0,0.95,111,0,PR/PB,Ok-Buy8726,16,False,0,False,text
strength_training,1nj3hpw,DL Form check,5,https://reddit.com/r/strength_training/comments/1nj3hpw/dl_form_check/,https://v.redd.it/z0jfivfjjnpf1,"In the vid I do 230kg, did 250kg afterwards. 

I feel like I’m extremely erector dominant and don’t use too much of my legs, but not that it’s inherently wrong, think it just has to do with my leverages as I’m 6’5 / 195 cm with long femurs. Thoughts?",1758083053.0,0.73,5,0,Form Check,AlphaOmega0763,12,False,0,False,text
strength_training,1nilesr,310lb sandbag to shoulder @ 196lb bodyweight,44,https://reddit.com/r/strength_training/comments/1nilesr/310lb_sandbag_to_shoulder_196lb_bodyweight/,https://v.redd.it/rzee67p5ujpf1,Taking the new husafell sandbag for a spin ,1758038201.0,0.96,44,0,Lift,Liambroon,1,False,0,False,text
strength_training,1nix8g4,45kg/99lbs double finger lift with half inch/12.7mm crimp handle,2,https://reddit.com/r/strength_training/comments/1nix8g4/45kg99lbs_double_finger_lift_with_half_inch127mm/,https://v.redd.it/037jvbec2mpf1,,1758065167.0,0.6,2,0,Lift,Fat_Foot,4,False,0,False,text
strength_training,1nhwlgm,It feels SO damn good being able to rep out a 1 plate OHP,438,https://reddit.com/r/strength_training/comments/1nhwlgm/it_feels_so_damn_good_being_able_to_rep_out_a_1/,https://v.redd.it/sle3yu2txdpf1,Just uhhh … don’t ask about my weight 😳,1757966839.0,0.96,438,0,PR/PB,I_love_arguing,70,False,0,False,text
strength_training,1niauke,Rows are improving - 100kg for 8,33,https://reddit.com/r/strength_training/comments/1niauke/rows_are_improving_100kg_for_8/,https://v.redd.it/dl484xxoahpf1,,1758007439.0,0.95,33,0,Lift,Ballbag94,2,False,0,False,text
strength_training,1ni515s,13 Year Old Getting 225,87,https://reddit.com/r/strength_training/comments/1ni515s/13_year_old_getting_225/,https://v.redd.it/2i49bgfepfpf1,Kiddo got 225 the other day at the end of his workout. Not chasing PR’s during the football season but he was pumped nonetheless ,1757988180.0,0.88,87,0,PR/PB,captquin,28,False,0,False,text
strength_training,1ni4t9c,"Kid told me my thighs were ""really small"" yesterday so here I am...",87,https://reddit.com/r/strength_training/comments/1ni4t9c/kid_told_me_my_thighs_were_really_small_yesterday/,https://v.redd.it/6zmhxu2knfpf1,Good thing we don't train for aesthetics right? 🥲,1757987592.0,0.95,87,0,Lift,barbellsandbriefs,34,False,0,False,text
strength_training,1nifz1v,BTN Push Press 315lbs (PR),12,https://reddit.com/r/strength_training/comments/1nifz1v/btn_push_press_315lbs_pr/,https://v.redd.it/h0fmt266sipf1,"“For the first time, men whispered of hope, even of victory. But I am certain, this was only the beginning.”
-captain of the imperial guard ",1758025439.0,0.87,12,0,PR/PB,Ok-Buy8726,1,False,0,False,text
strength_training,1ni8g91,jefferson curls make my back feel really nice. 3x135lb,25,https://reddit.com/r/strength_training/comments/1ni8g91/jefferson_curls_make_my_back_feel_really_nice/,https://v.redd.it/ggws89tgkgpf1,,1757998707.0,0.87,25,0,PR/PB,somekindofcadwalader,5,False,0,False,text
strength_training,1nipc5y,200 by 7 back off set,1,https://reddit.com/r/strength_training/comments/1nipc5y/200_by_7_back_off_set/,https://v.redd.it/jb84a1nlikpf1,,1758046803.0,1.0,1,0,Form Check,Meg0vore12,1,False,0,False,text
strength_training,1nhsxjb,410 x 1 Bench @ 203 bw / 19 years old / 6 ' 3,81,https://reddit.com/r/strength_training/comments/1nhsxjb/410_x_1_bench_203_bw_19_years_old_6_3/,https://v.redd.it/hw80zrrv9dpf1,,1757958814.0,0.86,81,0,PR/PB,painstarhappener,25,False,0,False,text
strength_training,1nihzpx,Update: took some advice,2,https://reddit.com/r/strength_training/comments/1nihzpx/update_took_some_advice/,https://v.redd.it/i3r4jzgzfgpf1,,1758030474.0,1.0,2,0,Form Check,thejizz716,1,False,0,False,text
strength_training,1ni238j,110x7 Db shoulder press,24,https://reddit.com/r/strength_training/comments/1ni238j/110x7_db_shoulder_press/,https://v.redd.it/nx4kqstc1fpf1,Couple reps were a lil shallow ,1757980090.0,0.96,24,0,PR/PB,Herculean_Son,4,False,0,False,text
strength_training,1ni0s30,Weighted dips 100x3,22,https://reddit.com/r/strength_training/comments/1ni0s30/weighted_dips_100x3/,https://v.redd.it/relp94n8repf1,"Last time I posted some people said I wasn’t getting low enough. How’s the ROM looking here? 

(I know it looks like 90 lbs but there’s a 10 on the right side the camera can’t see)",1757976688.0,1.0,22,0,Form Check,ngourgouris,1,False,0,False,text
strength_training,1nhy9fs,120kg bench press PR (I squat 120kg & deadlift 180kg). Can I feasibly join 1000lb club this year?,26,https://reddit.com/r/strength_training/comments/1nhy9fs/120kg_bench_press_pr_i_squat_120kg_deadlift_180kg/,https://v.redd.it/c2vhrvoz8epf1,"No flair for discussion, and this is a PR. I just hit it today!! ",1757970547.0,0.72,26,0,PR/PB,louisciffa,133,False,0,False,text
strength_training,1nhun0k,Squat day. 525lbs PR. First time in squat shoes.,37,https://reddit.com/r/strength_training/comments/1nhun0k/squat_day_525lbs_pr_first_time_in_squat_shoes/,https://v.redd.it/p5ry0lnxkdpf1,Max effort week for 5-3-1. Hit 465lbs for 5 and felt incredibly strong. Went for a 525lbs PR and smashed it. I had been putting off the TYR L2s for a while but I had a discount code and bit the bullet. Love em. They add so much stability my legs feel like concrete pillars. ,1757962552.0,1.0,37,0,PR/PB,New_Neighborhood3987,10,False,0,False,text
strength_training,1nhkz70,140kg beltless PR,90,https://reddit.com/r/strength_training/comments/1nhkz70/140kg_beltless_pr/,https://v.redd.it/t366u6h5sbpf1,,1757940674.0,0.91,90,0,PR/PB,hawthornvisual,36,False,0,False,text
strength_training,1nhywz3,Decent week,11,https://reddit.com/r/strength_training/comments/1nhywz3/decent_week/,https://v.redd.it/mc4iw7zedepf1,The peak is peaking! Feeling good for the final stretch of this prep. ,1757972187.0,0.93,11,0,Lift,Immeatheadroblowe_,1,False,0,False,text
strength_training,1nhby1o,297kg Deadlift at 46,272,https://reddit.com/r/strength_training/comments/1nhby1o/297kg_deadlift_at_46/,https://v.redd.it/egwfqdc569pf1,245lb bw.  Had just recently added back in deads a few weeks prior.,1757909052.0,0.98,272,0,PR/PB,Thick_Development365,31,False,0,False,text
strength_training,1nhsmt2,180 pounds for 6 reps,15,https://reddit.com/r/strength_training/comments/1nhsmt2/180_pounds_for_6_reps/,https://v.redd.it/dbwfhii48dpf1,,1757958144.0,0.9,15,0,Lift,Routine_Current3412,2,False,0,False,text
strength_training,1nhhp4w,210kg / 463lbs Bench Press Attempt @99KG BW,51,https://reddit.com/r/strength_training/comments/1nhhp4w/210kg_463lbs_bench_press_attempt_99kg_bw/,https://v.redd.it/50rist5txapf1,,1757930468.0,0.99,51,0,Lift,Jamesbaldwin2001,7,False,0,False,text
strength_training,1nhtiu9,Long pause Bench 3x6@265lbs,10,https://reddit.com/r/strength_training/comments/1nhtiu9/long_pause_bench_3x6265lbs/,https://v.redd.it/4gf138dwddpf1,"Bench press for a long pause at 265lbs had 3x6 and it was a rough one for me. Adding more volume into the training. 
Any advice is welcomed to Improve this long pause hahaha! ",1757960090.0,1.0,10,0,Form Check,Willing_Week_1294,1,False,0,False,text
strength_training,1nhkawc,43y/o natty. Squats singles from 20 to 240,26,https://reddit.com/r/strength_training/comments/1nhkawc/43yo_natty_squats_singles_from_20_to_240/,https://v.redd.it/xpkgt35ombpf1,This is from yesterday. Day 4 of my 6 day per week squat program. ,1757938861.0,0.93,26,0,Lift,Pankrates-,5,False,0,False,text
strength_training,1ngt19h,2 year bench progress as a 39 year old natural. 315 fail to 375.,819,https://reddit.com/r/strength_training/comments/1ngt19h/2_year_bench_progress_as_a_39_year_old_natural/,https://v.redd.it/u9po38zy65pf1,,1757860904.0,0.99,819,0,PR/PB,FociST,49,False,0,False,text
strength_training,1ngwtr0,510 deadlift at a bit under 190 and 43 yo.,350,https://reddit.com/r/strength_training/comments/1ngwtr0/510_deadlift_at_a_bit_under_190_and_43_yo/,https://v.redd.it/ortz9v7ex5pf1,Powerlifting meet in late November. Hoping to add 20-30 pounds. We shall see. This was pretty darn close to a true max. All words of wisdom welcome. ,1757869788.0,0.99,350,0,PR/PB,playitbird,52,False,0,False,text
strength_training,1nhjfs9,Deadlift for check,10,https://reddit.com/r/strength_training/comments/1nhjfs9/deadlift_for_check/,https://v.redd.it/ruog93j7fbpf1,"I think I've gone too far the other way and it's too ""squatty"" now. 


Yes I'm using straps but I'm not worried about grip and I have pulled 190kg double over hand in the last few months 

Still not feeling it in the hamstring and not sure how to fix it, I just can't feel it. ",1757936340.0,0.92,10,0,Form Check,Loud-Audience9389,17,False,0,False,text
strength_training,1nh66s1,Incline db press 120sx5,79,https://reddit.com/r/strength_training/comments/1nh66s1/incline_db_press_120sx5/,https://v.redd.it/3e7nm9ads7pf1,Strength feeling good af on this body recomp! ,1757892312.0,1.0,79,0,Lift,SnooDogs559,5,False,0,False,text
strength_training,1nhj8l9,105kg x 7,5,https://reddit.com/r/strength_training/comments/1nhj8l9/105kg_x_7/,https://v.redd.it/o1q1rza8dbpf1,"little rep pr, elbows still feeling slightly rough but that's never stopped me before",1757935702.0,1.0,5,0,Form Check,hawthornvisual,1,False,0,False,text
strength_training,1nhl45a,"60kg x 5, 70kg x 3",4,https://reddit.com/r/strength_training/comments/1nhl45a/60kg_x_5_70kg_x_3/,https://v.redd.it/gehv5l17tbpf1,,1757941030.0,0.83,4,0,Lift,hawthornvisual,3,False,0,False,text
strength_training,1ngw4db,180kg/397lbs ATG Squat Double & 190kg/419lbs Raw Beltless Deadlift x 5,123,https://reddit.com/r/strength_training/comments/1ngw4db/180kg397lbs_atg_squat_double_190kg419lbs_raw/,https://v.redd.it/1jxh9rq9s5pf1,,1757868179.0,1.0,123,0,PR/PB,jjmuti,2,False,0,False,text
strength_training,1ngv6km,325lbs keg over 50” bar. I was so close to that 5th rep.,107,https://reddit.com/r/strength_training/comments/1ngv6km/325lbs_keg_over_50_bar_i_was_so_close_to_that_5th/,https://v.redd.it/b7s8qq82m5pf1,Putting the u105 men in front of this banner was hilarious 😂 ,1757866016.0,0.97,107,0,PR/PB,RicardoCanfieldez,20,False,0,False,text
strength_training,1nhahok,"So close to my first 1 Arm Pull-up. Does the form need work to be considered a rep, other than higher chin. Any general advice appreciated",14,https://reddit.com/r/strength_training/comments/1nhahok/so_close_to_my_first_1_arm_pullup_does_the_form/,https://v.redd.it/sd9hzxqws8pf1, L,1757904603.0,1.0,14,0,Form Check,sam_magil,11,False,0,False,text
strength_training,1ngypt5,Shouldering the weight of family and responsibility (pun intended),64,https://reddit.com/r/strength_training/comments/1ngypt5/shouldering_the_weight_of_family_and/,https://v.redd.it/hkca4owda6pf1,"Just kidding. My wife is the breadwinner, and the responsible one.",1757874169.0,0.97,64,0,Lift,adriansia117,7,False,0,False,text
strength_training,1nh9bk0,Love Sub-Maximal prs - Best training day of my life,14,https://reddit.com/r/strength_training/comments/1nh9bk0/love_submaximal_prs_best_training_day_of_my_life/,https://v.redd.it/eldym5mti8pf1,Set of 455x3 on squat before this,1757901208.0,1.0,14,0,PR/PB,Casual_MetalFan,2,False,0,False,text
strength_training,1ngfit9,Squats 405,164,https://reddit.com/r/strength_training/comments/1ngfit9/squats_405/,https://v.redd.it/17wzud65j1pf1,,1757816615.0,0.99,164,0,Lift,busymom0,13,False,0,False,text
strength_training,1ngioz1,"90kg bench, finally",75,https://reddit.com/r/strength_training/comments/1ngioz1/90kg_bench_finally/,https://v.redd.it/temyuivde2pf1,"After refining my technique and setup for the longest time, I finally found a way to do it efficiently.

I know 90kg benchpress is peanuts to the monsters here, but this meant a huge deal because I have been stuck on 85kg for 3+ years because I couldn’t fix my technique. Now, I will build on from this and finally aim for 100kg, moving me to 3 digits on all lifts.

Cheers!",1757827076.0,1.0,75,0,PR/PB,the-tall-samson,13,False,0,False,text
strength_training,1ngwucr,New PR and new goal set!,7,https://reddit.com/r/strength_training/comments/1ngwucr/new_pr_and_new_goal_set/,https://v.redd.it/q4baf3w8dxof1,,1757869827.0,0.9,7,0,PR/PB,Moretti282,1,False,0,False,text
strength_training,1ngeug6,"I don’t train these, is there a ratio of what I should be able to do?",134,https://reddit.com/r/strength_training/comments/1ngeug6/i_dont_train_these_is_there_a_ratio_of_what_i/,https://v.redd.it/0ugmqfc4d1pf1,"For reference, I can do a similar amount of reps for 225 bench as I can do for these 135 standing OHP. Is there a ratio of what I should be aiming for in comparison to flat or incline bench? Or in relation to sitting OHP? Just curious. First time really doing standing OHP",1757814556.0,0.85,134,0,Lift,Saleenpride86,228,False,0,False,text
strength_training,1ng7drl,My final heavy bench. 600 lbs.,202,https://reddit.com/r/strength_training/comments/1ng7drl/my_final_heavy_bench_600_lbs/,https://v.redd.it/jbij9314ozof1,Bad news from my Orthopedic. Need to change my training. ,1757794032.0,0.97,202,0,Lift,Oldmanstrength61,17,False,0,False,text
strength_training,1ngfwqn,Took first in deadlift with 380 for 20,51,https://reddit.com/r/strength_training/comments/1ngfwqn/took_first_in_deadlift_with_380_for_20/,https://v.redd.it/99y342dym1pf1,,1757817849.0,0.96,51,0,PR/PB,Shadow_Phoenix951,14,False,0,False,text
strength_training,1nfjv12,Picking up 902LBS (409KG) Without Waking the Neighbors,2711,https://reddit.com/r/strength_training/comments/1nfjv12/picking_up_902lbs_409kg_without_waking_the/,https://v.redd.it/xack33adwtof1,"4 bumpers + 1 steel coated 45 (inside) on each side + a little less than 200LBS of steels/sand weights on each side with about 15LBS in ratchet straps. 

Bodyweight was 163LBS at the time of the pull which would make this a 5.5X bodyweight sumo deadlift.",1757724174.0,0.91,2711,0,Lift,SprayedBlade,251,False,0,False,text
strength_training,1ng1zpq,There is nothing like hitting a life time PR in competition. 355lbs block press event PR at strongman corp nationals. The u105 class is full STACKED with monsters.,106,https://reddit.com/r/strength_training/comments/1ng1zpq/there_is_nothing_like_hitting_a_life_time_pr_in/,https://v.redd.it/fo35n46ulyof1,,1757781173.0,0.98,106,0,PR/PB,RicardoCanfieldez,3,False,0,False,text
strength_training,1ngpb61,"50kg/110lbs 2"" spinning handle thumbless static hold for about 36 seconds",2,https://reddit.com/r/strength_training/comments/1ngpb61/50kg110lbs_2_spinning_handle_thumbless_static/,https://v.redd.it/x1t5efvoc4pf1,,1757850725.0,0.57,2,0,PR/PB,Fat_Foot,3,False,0,False,text
strength_training,1nftrcy,60kg BTN strict press,233,https://reddit.com/r/strength_training/comments/1nftrcy/60kg_btn_strict_press/,https://v.redd.it/oozhbgr0pwof1,"my left elbow has been bothering me lately so overhead pressing has been uncomfortable, but pressing from behind the neck has taken some of the pressure off and allows me to continue developing my shoulders while my elbow is healing.",1757758025.0,0.88,233,0,Lift,hawthornvisual,89,False,0,False,text
strength_training,1nfxohu,Zercher squat 315lbs,75,https://reddit.com/r/strength_training/comments/1nfxohu/zercher_squat_315lbs/,https://v.redd.it/5dnudplaqxof1,,1757770545.0,0.98,75,0,PR/PB,ratufa_indica,6,False,0,False,text
strength_training,1ng2sgh,Rep pb,24,https://reddit.com/r/strength_training/comments/1ng2sgh/rep_pb/,https://v.redd.it/mbqef0dlryof1,,1757783090.0,0.89,24,0,PR/PB,Ricklazell,1,False,0,False,text
strength_training,1nfra9s,"1 day 4 PRs. 74/80kg pull up, SA press, 165kg squat, 25kg muscle up.",41,https://reddit.com/r/strength_training/comments/1nfra9s/1_day_4_prs_7480kg_pull_up_sa_press_165kg_squat/,https://v.redd.it/zvx39r3unvof1,"73 kg bw.

80 kg is just chin touch but still best I've done at that weight.


Last day before holiday so just sending it.",1757748481.0,0.99,41,0,PR/PB,Unfair-Squirrel-9365,3,False,0,False,text
strength_training,1ng0m1b,Walk of Strength Tobi Style 🏛,9,https://reddit.com/r/strength_training/comments/1ng0m1b/walk_of_strength_tobi_style/,https://v.redd.it/3j148fn4cyof1,,1757777893.0,0.84,9,0,Lift,Altruistic-Shape-407,1,False,0,False,text
strength_training,1nfhicw,Deadlifts again. 500lb for 3x2 this time,143,https://reddit.com/r/strength_training/comments/1nfhicw/deadlifts_again_500lb_for_3x2_this_time/,https://v.redd.it/2ee0f5fuctof1,,1757717640.0,0.99,143,0,Lift,Red_Swingline_,10,False,0,False,text
strength_training,1nft74s,How's the form guys?? Any suggestions,9,https://reddit.com/r/strength_training/comments/1nft74s/hows_the_form_guys_any_suggestions/,https://v.redd.it/pbrxy14liwof1,"120kg 2 sets of 4 reps at RPE 8
I filmed it from 2 angles 

(Ig I need to work on the setup)",1757755863.0,0.92,9,0,Form Check,Everything-Sucks-045,6,False,0,False,text
strength_training,1nfhf2p,Pull ups. BW + 90lb and 140lb at 52 yo,59,https://reddit.com/r/strength_training/comments/1nfhf2p/pull_ups_bw_90lb_and_140lb_at_52_yo/,https://v.redd.it/jl7w0w08ctof1,"5 pull ups at body weight + 90lbs followed up with 1 pull up (with a hold) at body weight + 140 lbs.

Not too shabby for a 52 yo:)",1757717398.0,0.96,59,0,Lift,JustTiredAsUsual,18,False,0,False,text
strength_training,1nfjrei,Apparently the others weren’t “good enough”,24,https://reddit.com/r/strength_training/comments/1nfjrei/apparently_the_others_werent_good_enough/,https://v.redd.it/r4nao3fgvtof1,"I was told that my previous entry wasn’t good enough (I believe the statement was “all show and no go”). So I decided to post a second video and seek some feedback. 

A dozen pull ups in an L-sit. 

Full up, full down.

And I did them slowly so the form could be checked (and to help that special someone count more easily… gotta make sure I get credit for the full dozen).😏",1757723881.0,0.94,24,0,Form Check,JustTiredAsUsual,5,False,0,False,text
strength_training,1nfjqa4,Paused Heavy Doubles & Triples? 405X2,24,https://reddit.com/r/strength_training/comments/1nfjqa4/paused_heavy_doubles_triples_405x2/,https://v.redd.it/1yixs5t9vtof1,They have exploded my conventional in the last month.,1757723791.0,0.8,24,0,Lift,SprayedBlade,9,False,0,False,text
strength_training,1nfdsq2,315x3 Pause Bench Pr,43,https://reddit.com/r/strength_training/comments/1nfdsq2/315x3_pause_bench_pr/,https://v.redd.it/rkr2zx34msof1,With my friends being literally the best supporters ever ,1757708606.0,0.98,43,0,PR/PB,Herculean_Son,3,False,0,False,text
strength_training,1nf0bo9,Weighted pull-ups 65kg for 3.5 reps,219,https://reddit.com/r/strength_training/comments/1nf0bo9/weighted_pullups_65kg_for_35_reps/,https://v.redd.it/y57i7t22vpof1,Goal is to hopefully get to 100kg additional weight eventually. Bodyweight somewhere around 83-86kg at the moment.,1757675452.0,0.99,219,0,Lift,crimpinainteazy,23,False,0,False,text
strength_training,1nffu9t,Deadlift form check,26,https://reddit.com/r/strength_training/comments/1nffu9t/deadlift_form_check/,https://v.redd.it/yrs0zybi0tof1,"325x4 
",1757713447.0,0.86,26,0,Form Check,BowlSignificant7305,18,False,0,False,text
strength_training,1ng9xun,Crucifix with the 35s (lbs),0,https://reddit.com/r/strength_training/comments/1ng9xun/crucifix_with_the_35s_lbs/,https://v.redd.it/2gln7ssq70pf1,,1757800653.0,0.37,0,0,Lift,DickFromRichard,17,False,0,False,text
strength_training,1nfj9da,Bench press 3 reps @ 155kg/340lb,6,https://reddit.com/r/strength_training/comments/1nfj9da/bench_press_3_reps_155kg340lb/,https://v.redd.it/wiakozq3rtof1,"Bw about 115kg. Hoping for a 170 single for christmas. Happy with these today 145x3 - 150x3 - 155x3 only recorded the last set.

Any tips or critique welcome.",1757722448.0,1.0,6,0,PR/PB,improbablywrong-,5,False,0,False,text
strength_training,1ng0n47,Tobit Method,0,https://reddit.com/r/strength_training/comments/1ng0n47/tobit_method/,https://v.redd.it/gqi8ebgccyof1,,1757777969.0,0.38,0,0,Lift,Altruistic-Shape-407,1,False,0,False,text
strength_training,1nell8s,160kg x 10 reps back squats at 77.3kg. 1 min 4s set 🙏,527,https://reddit.com/r/strength_training/comments/1nell8s/160kg_x_10_reps_back_squats_at_773kg_1_min_4s_set/,https://v.redd.it/373qpwpxvlof1,,1757627191.0,0.99,527,0,PR/PB,thebabushs,68,False,0,False,text
strength_training,1nf3zy4,Squat form check,16,https://reddit.com/r/strength_training/comments/1nf3zy4/squat_form_check/,https://v.redd.it/jsf8veakpqof1,Any feedback on high bar squat form? Thanks!,1757685551.0,1.0,16,0,Form Check,omkarnageshkar,4,False,0,False,text
strength_training,1nepgf7,185/408 1x4.. 195/430 1x4.. 210/463 1x4..,90,https://reddit.com/r/strength_training/comments/1nepgf7/185408_1x4_195430_1x4_210463_1x4/,https://v.redd.it/1qobkgairmof1,"I had my 6th, 7th, & 8th brain surgeries (fuck you epilepsy) I was out of the gym for 7/8 months, it’s so nice to be back!",1757637782.0,0.99,90,0,Lift,AndrewG0804,7,False,0,False,text
strength_training,1negax7,Weighted dips 55lbs,126,https://reddit.com/r/strength_training/comments/1negax7/weighted_dips_55lbs/,https://v.redd.it/wbee8ed1vkof1,Love some weighted dips any advice on progressing on weighted dips? ,1757614752.0,0.98,126,0,Form Check,Willing_Week_1294,24,False,0,False,text
strength_training,1neoudp,110x7 Split squat pr,18,https://reddit.com/r/strength_training/comments/1neoudp/110x7_split_squat_pr/,https://v.redd.it/kciug1k0mmof1,,1757635998.0,1.0,18,0,PR/PB,Herculean_Son,1,False,0,False,text
strength_training,1ndwbru,320lb farmers carry,234,https://reddit.com/r/strength_training/comments/1ndwbru/320lb_farmers_carry/,https://v.redd.it/spxt2sluwfof1,,1757554831.0,0.98,234,0,Lift,kabal22234,9,False,0,False,text
strength_training,1ned4ok,"150kg x 3, 157.5kg x 3, 165kg x 3",11,https://reddit.com/r/strength_training/comments/1ned4ok/150kg_x_3_1575kg_x_3_165kg_x_3/,https://v.redd.it/0xzj6ihk9kof1,"Some heavy triples as joker sets following 531 (week 2 cycle 13)

",1757607551.0,1.0,11,0,Form Check,Loud-Audience9389,1,False,0,False,text
strength_training,1ndvw0a,Squat 515x5,131,https://reddit.com/r/strength_training/comments/1ndvw0a/squat_515x5/,https://v.redd.it/ayb7t3eusfof1,Solid squat session! Back on week one with 515x5. Felt quick but I wasn’t as hydrated as I should’ve been. Oh well. Road to 600 continues. 💪,1757553540.0,0.98,131,0,Lift,JonnySidequest,37,False,0,False,text
strength_training,1ndzixq,575 lbs x 2 deadlift pr attempt,73,https://reddit.com/r/strength_training/comments/1ndzixq/575_lbs_x_2_deadlift_pr_attempt/,https://v.redd.it/o4s8wfolqgof1,"270kg/595 lbs x 2 attempt deadlift 

I love sets like these because it exposes what I have to work on but I have the strength to rep near 600 lbs

It's 2.5kg lower than my current max too and more than what I failed to do at last year provincials 

Also when I threw my salts I realized the bracelet I was wearing went flying 😂


Any tips welcomed ",1757564839.0,0.93,73,0,PR/PB,Shinigami347,14,False,0,False,text
strength_training,1ne403v,Pull up +50kg x2 chest. +70x2 long deadhang. +70x1 locked pause.,17,https://reddit.com/r/strength_training/comments/1ne403v/pull_up_50kg_x2_chest_70x2_long_deadhang_70x1/,https://v.redd.it/o8vybd8z4iof1,"Bodyweight 72kg. Last prep for a heavy pull single next session, maybe a PR.


Also attempted +25kg muscle up this session but just missed it. Need to work on weighted technique.

",1757581935.0,0.92,17,0,Lift,Unfair-Squirrel-9365,5,False,0,False,text
strength_training,1ndfnwx,A smooth 580 lbs 1 week from 64. Retired?🤷🏻‍♂️,292,https://reddit.com/r/strength_training/comments/1ndfnwx/a_smooth_580_lbs_1_week_from_64_retired/,https://v.redd.it/fubxhugekcof1,I walked away from the platform with 6 All-Time World records and being top 3 in equipped benchers worldwide for ages 60-69 at 198. ,1757514332.0,0.96,292,0,Lift,Oldmanstrength61,46,False,0,False,text
strength_training,1ndsed5,My new deadlift PR 455lbs,47,https://reddit.com/r/strength_training/comments/1ndsed5/my_new_deadlift_pr_455lbs/,https://v.redd.it/syxu42urzeof1,"I'm hoping to get 500 by the end of the year 🤞 30 years old and 202lbs 5'8"" ",1757543702.0,0.97,47,0,PR/PB,Monroe94,5,False,0,False,text
strength_training,1ndvqec,Smolov takes you to a dark place 🤣 10th set of 190kg triples had me going ape,18,https://reddit.com/r/strength_training/comments/1ndvqec/smolov_takes_you_to_a_dark_place_10th_set_of/,https://v.redd.it/ltxwwcrlrfof1,"New Nike Romaleos arrived yesterday, just in time for this brutal workout",1757553093.0,0.95,18,0,Lift,VanHelsingBerserk,4,False,0,False,text
strength_training,1ndcsgj,Deadlift. 500lb. 6x1.,163,https://reddit.com/r/strength_training/comments/1ndcsgj/deadlift_500lb_6x1/,https://v.redd.it/n86f3n73zbof1,Most times I've hit 500lb in a single session.,1757507190.0,0.98,163,0,PR/PB,Red_Swingline_,9,False,0,False,text
strength_training,1ndnw7i,Proof that the 225lbs (100kg) bar is extremely psychologic (107kg PR),17,https://reddit.com/r/strength_training/comments/1ndnw7i/proof_that_the_225lbs_100kg_bar_is_extremely/,https://v.redd.it/keunh6in2eof1,"I hit a clean 225 rep for the first time a month ago after being stuck at it since literally January , a month later I'm hitting 240~lbs (107kg) going for 245lbs (110kg) by October.
Fully Natty , didn't change anything in my routine.",1757532570.0,0.81,17,0,Lift,LTaiga,12,False,0,False,text
strength_training,1ndey9z,Squat 200＊3,41,https://reddit.com/r/strength_training/comments/1ndey9z/squat_2003/,https://v.redd.it/1zuvfcbkfcof1,"So I have never went for doubles or triples above 190kg, it’s always been singles, once or twice felt like maybe could do a double of 200kg but no action. Then I saw a video of Olivia Reeves squatting, she went for a new PR 220kg after a triple of 200kg and succeeded. It hit me, I should try that too, I tried 220kg a couple of times, should be able to get a triple of 200kg done. Did it yesterday, not sure but felt like had 1 more rep in me, maybe next time 🤞🏽",1757512701.0,0.95,41,0,Lift,cdyesno,2,False,0,False,text
strength_training,1nd26vz,611x4 all time deadlift pr,340,https://reddit.com/r/strength_training/comments/1nd26vz/611x4_all_time_deadlift_pr/,https://v.redd.it/o46ymi22y8of1,"Stiff bar and calibrated pl8s set up. Bit more baby powder and I think i'll have another 5kg in the tank, at most lol.",1757470576.0,1.0,340,0,PR/PB,grandmasterLuo,22,False,0,False,text
strength_training,1ndp3b2,345lbs (70% of 1RM). Are my hips too high ?,9,https://reddit.com/r/strength_training/comments/1ndp3b2/345lbs_70_of_1rm_are_my_hips_too_high/,https://v.redd.it/govbo2d2beof1,345lbs (70% of 1RM). Are my hips too high ?,1757535421.0,0.85,9,0,Form Check,New_Syrup4663,20,False,0,False,text
strength_training,1ndzqp8,Deep enough squat?,3,https://reddit.com/r/strength_training/comments/1ndzqp8/deep_enough_squat/,https://v.redd.it/fix2nsggsgof1,,1757565595.0,0.56,3,0,Form Check,thejizz716,21,False,0,False,text
strength_training,1nd1b8u,500lb at 190lbs,272,https://reddit.com/r/strength_training/comments/1nd1b8u/500lb_at_190lbs/,https://v.redd.it/xjdlxc4du6of1,,1757468063.0,0.97,272,0,Lift,kabal22234,19,False,0,False,text
strength_training,1nd7cri,220kg,24,https://reddit.com/r/strength_training/comments/1nd7cri/220kg/,https://v.redd.it/f9gq3u1ndaof1,,1757487839.0,0.91,24,0,Lift,liting_addict04,4,False,0,False,text
strength_training,1ncylbj,6 weeks out,74,https://reddit.com/r/strength_training/comments/1ncylbj/6_weeks_out/,https://v.redd.it/ut2wxm7548of1,Didn’t record my top set at 680 for deads 😂😭 but it moved well and fast! Exactly what we want headed into the final part of this prep. ,1757460534.0,0.98,74,0,Lift,Immeatheadroblowe_,1,False,0,False,text
strength_training,1nd0qut,One of my top Accomplishments,30,https://reddit.com/r/strength_training/comments/1nd0qut/one_of_my_top_accomplishments/,https://v.redd.it/tmt48fm3m8of1,Top 3 equipped benchers in the world age 60-69 198 lbs. ,1757466469.0,0.92,30,0,Lift,Oldmanstrength61,7,False,0,False,text
strength_training,1ncrzxy,245x6 Strict Row PR,79,https://reddit.com/r/strength_training/comments/1ncrzxy/245x6_strict_row_pr/,https://v.redd.it/6r4e7ca8u6of1,,1757444989.0,0.96,79,0,PR/PB,Herculean_Son,4,False,0,False,text
strength_training,1ncu3m6,Consistently stronger with a narrow grip bench,54,https://reddit.com/r/strength_training/comments/1ncu3m6/consistently_stronger_with_a_narrow_grip_bench/,https://v.redd.it/v9nwjkhn77of1,"Even after many months of training with my pinky finger on the ring, I remain stronger when I grip just outside the smooth part of the bar. Even with a 6ft4 wingspan.
In this video I benched 95kg with relative ease. Yet today, with a wider grip, I immediately lost it at the bottom. 

My goal is lifting as much weight as possible. Should I just switch over to a more narrow grip bench?

It just feels more natural to me, but I keep reading about how long term the pecs should be stronger than the triceps … but it just doesn’t seem to be the case for me.

Thoughts?",1757449588.0,0.91,54,0,Lift,I_love_arguing,28,False,0,False,text
strength_training,1nd7vq7,Form check/tips on the bad parts? 225lbs x 10,4,https://reddit.com/r/strength_training/comments/1nd7vq7/form_checktips_on_the_bad_parts_225lbs_x_10/,https://v.redd.it/pxtninitjaof1,"I noticed I definitely do have butt wink, but I also noticed I twist slightly to the left going up.
Other stats:
224.8lbs bw this morning, 6’1.",1757489947.0,0.84,4,0,Form Check,LegomoreYT,10,False,0,False,text
strength_training,1ncr0pf,New gym new PR,27,https://reddit.com/r/strength_training/comments/1ncr0pf/new_gym_new_pr/,https://v.redd.it/r60ta33xn6of1,"Been progressing a lot on sumos, just surpassed my conventional PR! 565 LFG!",1757442861.0,0.97,27,0,PR/PB,SnooDogs559,6,False,0,False,text
strength_training,1ncr5as,380 for the first time yesterday,29,https://reddit.com/r/strength_training/comments/1ncr5as/380_for_the_first_time_yesterday/,https://v.redd.it/d0ykw0dqo6of1,,1757443141.0,0.97,29,0,PR/PB,[deleted],1,False,0,False,text
strength_training,1nc8ihz,"Deadlift has come a long way, too!",419,https://reddit.com/r/strength_training/comments/1nc8ihz/deadlift_has_come_a_long_way_too/,https://v.redd.it/eknm4g8772of1,Felt like it took an eternity to get into the 300lb club and now I’ve finally got a smooth pull 🏄‍♀️ ,1757388811.0,0.98,419,0,Lift,habibi_hanini,30,False,0,False,text
strength_training,1ncfbp1,Squat 350lbx3 41m,110,https://reddit.com/r/strength_training/comments/1ncfbp1/squat_350lbx3_41m/,https://v.redd.it/88r71cks94of1,,1757414083.0,0.99,110,0,Form Check,[deleted],6,False,0,False,text
strength_training,1ncpazc,So close…59s Rope Dead Hang @255lbs,27,https://reddit.com/r/strength_training/comments/1ncpazc/so_close59s_rope_dead_hang_255lbs/,https://v.redd.it/3a950fpmc6of1,My new favorite grip trainer. I can hold a bar hang for 2min+ any day but the rope is a different monster. I’ll get 1minute next week ,1757439090.0,0.92,27,0,PR/PB,New_Neighborhood3987,7,False,0,False,text
strength_training,1ncwm9a,Some of today's workout,9,https://reddit.com/r/strength_training/comments/1ncwm9a/some_of_todays_workout/,https://v.redd.it/nsn59cikp7of1,Not the heaviest weight but we're trying,1757455527.0,1.0,9,0,Lift,barbellsandbriefs,4,False,0,False,text
strength_training,1ncof0d,Bulk is going well.,21,https://reddit.com/r/strength_training/comments/1ncof0d/bulk_is_going_well/,https://v.redd.it/v3ytputt66of1,Personal best felt easy! ,1757437112.0,0.96,21,0,PR/PB,edromo1,2,False,0,False,text
strength_training,1ncrm5w,Deadlift session.,13,https://reddit.com/r/strength_training/comments/1ncrm5w/deadlift_session/,https://v.redd.it/0jfzb9tqr6of1,"I got absolutely slated on another sub so thought I'd come here for more 😂

This is 172.5kg x 7 tng, 180kg x 3, 190kg x 3, 200kg x F. 

I bounced the reps when I really shouldn't but old habits die hard and I'm working on it.

190kg x 3 was pretty much all back and I will be working on leg drive. 


I look forward to the roast 😂",1757444162.0,0.78,13,0,Form Check,Loud-Audience9389,27,False,0,False,text
strength_training,1nbz0t7,Hafthor's 300kg deadlift [2009],691,https://reddit.com/r/strength_training/comments/1nbz0t7/hafthors_300kg_deadlift_2009/,https://v.redd.it/f7iip6h540of1,,1757363597.0,0.96,691,0,Form Check,busymom0,140,False,0,False,text
strength_training,1nc0og0,Finally 385. I can smell the 4 plates (bw: 245),301,https://reddit.com/r/strength_training/comments/1nc0og0/finally_385_i_can_smell_the_4_plates_bw_245/,https://v.redd.it/evpvb9tmf0of1,"Any tip, form check,  advice,  questions or commentaries are welcome ",1757367463.0,1.0,301,0,PR/PB,koshop,12,False,0,False,text
strength_training,1nc6dry,131kg bench,77,https://reddit.com/r/strength_training/comments/1nc6dry/131kg_bench/,https://v.redd.it/tzt5492eo1of1,Not counting it a PR (should be +1kg) because bro didn’t make sure to not touch (he said he didn’t but anyways) the bar. Felt good to know it’s there tho,1757382488.0,0.94,77,0,Lift,mariososterneto,32,False,0,False,text
strength_training,1nc2z5n,Pin squat 465,38,https://reddit.com/r/strength_training/comments/1nc2z5n/pin_squat_465/,https://v.redd.it/i055w43tw0of1,,1757373219.0,0.94,38,0,Lift,cslayton89,7,False,0,False,text
strength_training,1nc11za,225x15 Larsen Press,31,https://reddit.com/r/strength_training/comments/1nc11za/225x15_larsen_press/,https://v.redd.it/u0rrmngdi0of1,,1757368376.0,1.0,31,0,PR/PB,Herculean_Son,5,False,0,False,text
strength_training,1nc447c,Larsen press PR. 325x5,19,https://reddit.com/r/strength_training/comments/1nc447c/larsen_press_pr_325x5/,https://v.redd.it/enqqpt3i51of1,,1757376192.0,1.0,19,0,PR/PB,Perma-Bulk,1,False,0,False,text
strength_training,1nbvvj9,Third attempt squat and deadlift from meet #2,48,https://reddit.com/r/strength_training/comments/1nbvvj9/third_attempt_squat_and_deadlift_from_meet_2/,https://v.redd.it/wmwf26b2jznf1,"197.5kg and 232.5kg @ 106kg body weight. Attempts ended up being just a little conservative.

Failed 120kg bench so we’re still in the >2:1 deadlift to bench ratio club",1757356480.0,0.96,48,0,PR/PB,the_bgm2,6,False,0,False,text
strength_training,1nc2t5t,130kg Bench 1RM,17,https://reddit.com/r/strength_training/comments/1nc2t5t/130kg_bench_1rm/,https://v.redd.it/9m2yuh8pglnf1,,1757372774.0,1.0,17,0,PR/PB,HelpingTheLittleGuy,6,False,0,False,text
strength_training,1nbzxrw,105 x 19.5 (or 20) if you count the first,17,https://reddit.com/r/strength_training/comments/1nbzxrw/105_x_195_or_20_if_you_count_the_first/,https://v.redd.it/zax5kxuda0of1,"DUNGEON WORKOUT , LIGHT WEIGHT ",1757365699.0,0.87,17,0,PR/PB,Herculean_Son,6,False,0,False,text
strength_training,1nc5h4s,Squat form check,6,https://reddit.com/r/strength_training/comments/1nc5h4s/squat_form_check/,https://v.redd.it/ceihgtirg1of1,290x4 PR,1757379920.0,0.69,6,0,Form Check,BowlSignificant7305,26,False,0,False,text
strength_training,1nbzxg2,300kg Zercher Hold,13,https://reddit.com/r/strength_training/comments/1nbzxg2/300kg_zercher_hold/,https://v.redd.it/etb411xea0of1,"BW: 75kg/165lb
4x Bodyweight",1757365678.0,0.76,13,0,Lift,assama95,7,False,0,False,text
strength_training,1nbrnjr,380lb drop set PR!,19,https://reddit.com/r/strength_training/comments/1nbrnjr/380lb_drop_set_pr/,https://v.redd.it/d5o613k8rynf1,Arsenal machine cheat press is a great machine!! ,1757347214.0,0.79,19,0,PR/PB,Willing_Week_1294,7,False,0,False,text
strength_training,1nb70ih,615x3 495 3x7,163,https://reddit.com/r/strength_training/comments/1nb70ih/615x3_495_3x7/,https://v.redd.it/p8k6b96zktnf1,"Week 3 next week anticipated triple at 685

Squat triple at 610 and bench at 410",1757284493.0,0.99,163,0,Lift,Intelligent-Agent294,19,False,0,False,text
strength_training,1nayggv,280lbs sandbag to shoulder,360,https://reddit.com/r/strength_training/comments/1nayggv/280lbs_sandbag_to_shoulder/,https://v.redd.it/a8cfoy1wwrnf1,,1757264273.0,0.98,360,0,PR/PB,ratufa_indica,23,False,0,False,text
strength_training,1nck2tt,My hot opinion is that this is how you should be doing rows,0,https://reddit.com/r/strength_training/comments/1nck2tt/my_hot_opinion_is_that_this_is_how_you_should_be/,https://v.redd.it/f6big421d5of1,,1757427260.0,0.19,0,0,Lift,b421,10,False,0,False,text
strength_training,1nb9h33,380 lbs x 3 (need to work on pause ),54,https://reddit.com/r/strength_training/comments/1nb9h33/380_lbs_x_3_need_to_work_on_pause/,https://v.redd.it/z8slky1t4unf1,,1757291158.0,1.0,54,0,Lift,torslundahelm,4,False,0,False,text
strength_training,1nb427y,465lbs Raw Squat for 5x5 Sleeveless Belt Only,78,https://reddit.com/r/strength_training/comments/1nb427y/465lbs_raw_squat_for_5x5_sleeveless_belt_only/,https://v.redd.it/opirzfgizsnf1,,1757277263.0,0.95,78,0,PR/PB,Altruistic-Shape-407,15,False,0,False,text
strength_training,1nbazxg,315x5 zercher squat.,23,https://reddit.com/r/strength_training/comments/1nbazxg/315x5_zercher_squat/,https://v.redd.it/vn230rs0iunf1, I know my form is awful this is my second session trying them out. Hoping to get better later down the line since it’s hard to breathe during the set.,1757295601.0,0.88,23,0,Lift,nonoffensivenavyname,12,False,0,False,text
strength_training,1na6bdk,Hafthor Bjornsson's NEW DEADLIFT WORLD RECORD 510kg,3595,https://reddit.com/r/strength_training/comments/1na6bdk/hafthor_bjornssons_new_deadlift_world_record_510kg/,https://v.redd.it/xmuqrqsm3lnf1,,1757181832.0,0.98,3595,0,PR/PB,busymom0,410,False,0,False,text
strength_training,1nac76m,Deadlift - 505 pounds | Finally cracked the barrier,382,https://reddit.com/r/strength_training/comments/1nac76m/deadlift_505_pounds_finally_cracked_the_barrier/,https://v.redd.it/p32auvpsamnf1,"Hadn't surpassed 500 pounds since August of last year. Tried a few times, but wasn't happy with any of the attempts. I got a good lockout on this one, so I'm happy =)",1757196320.0,0.99,382,0,Lift,mrauls,37,False,0,False,text
strength_training,1naj892,Pull ups - 255 lbs bw,98,https://reddit.com/r/strength_training/comments/1naj892/pull_ups_255_lbs_bw/,https://v.redd.it/294ki7loznnf1,,1757216906.0,0.99,98,0,Lift,Substantial-Acadia-1,10,False,0,False,text
strength_training,1nbphz3,Grip and forearm training,0,https://reddit.com/r/strength_training/comments/1nbphz3/grip_and_forearm_training/,https://v.redd.it/enzobxs0dynf1,,1757342344.0,0.33,0,0,Lift,Fat_Foot,13,False,0,False,text
strength_training,1narlnp,Butt-related issues with bench progression.,12,https://reddit.com/r/strength_training/comments/1narlnp/buttrelated_issues_with_bench_progression/,https://v.redd.it/cd9wc2t0iqnf1,"I successfully lifted 120 kg (265 lb) back in April without any “butt-lifts” or bouncing. 
Since then I’ve been able to repeat it at will, and have gotten stronger in higher volume, lower weight sets, like 110kg x4, 100kg x7 and so.  

Today I attempted 122.5 kg (270 lb) for the first ever. Did it twice, but both times I couldn’t keep my god damn arse on the bench. It didn’t even feel thaaaat heavy, but my ass just wouldn’t stay still. I know lifting you butt technically counts as cheating, since it creates more of an decline situation, but I doubt the small lift makes it that significantly less challenging. It seems more like a stability issue. 

Any advice? I really want to hit 125kg (275 lbs) before the end of the year lol. ",1757247181.0,0.8,12,0,Form Check,A_Random_Dane,7,False,0,False,text
strength_training,1nadoka,425 Pound Zercher Deadlift,114,https://reddit.com/r/strength_training/comments/1nadoka/425_pound_zercher_deadlift/,https://v.redd.it/1lpu6s0cmmnf1,,1757200273.0,0.96,114,0,Lift,YodyCork,23,False,0,False,text
strength_training,1na9km2,Bikini competitor upper body day,152,https://reddit.com/r/strength_training/comments/1na9km2/bikini_competitor_upper_body_day/,https://v.redd.it/isbkh8wwqlnf1,I have one working set of four movements. Lmao ,1757189637.0,0.95,152,0,Lift,bodybuildr99,7,False,0,False,text
strength_training,1narbv5,"*repost* better angle. Is this considered "" mid-bar""? Anything else I can improve on my squat besides knees more forward?",6,https://reddit.com/r/strength_training/comments/1narbv5/repost_better_angle_is_this_considered_midbar/,https://v.redd.it/g0bn9xg7fqnf1,"I believe this is a better view for a form check. I keep thinking this is high bar but isn't this more ""mid bar""? Anything I can improve on? Thanks. ",1757246372.0,0.88,6,0,Form Check,codeman25000,1,False,0,False,text
strength_training,1na86s5,190kg/419lbs x 4 Beltless Raw Deadlift,100,https://reddit.com/r/strength_training/comments/1na86s5/190kg419lbs_x_4_beltless_raw_deadlift/,https://v.redd.it/jilmn0usglnf1,"Beat my 3rm easily despite squatting heavy first and doing a deadlift pyramid of 170x4, 180x4, 190x4.",1757186293.0,0.98,100,0,PR/PB,jjmuti,11,False,0,False,text
strength_training,1nafvqo,"Bodyweight 165, age 51. Tied PR, hit the hook too",19,https://reddit.com/r/strength_training/comments/1nafvqo/bodyweight_165_age_51_tied_pr_hit_the_hook_too/,https://v.redd.it/sg9rabr55nnf1,I'll get 9 next time. I hit that hook,1757206523.0,0.86,19,0,PR/PB,Open-Year2903,1,False,0,False,text
strength_training,1na6xzm,Stone/sandbag lifter tries to climb a hangboard ladder 🪨,42,https://reddit.com/r/strength_training/comments/1na6xzm/stonesandbag_lifter_tries_to_climb_a_hangboard/,https://v.redd.it/ggacpy058lnf1,,1757183316.0,0.94,42,0,Lift,Liambroon,8,False,0,False,text
strength_training,1na7uli,Hafthor's 510kg deadlift was pretty cool but check this out,34,https://reddit.com/r/strength_training/comments/1na7uli/hafthors_510kg_deadlift_was_pretty_cool_but_check/,https://v.redd.it/5e2hyyiielnf1,,1757185461.0,0.6,34,0,PR/PB,Fat_Foot,37,False,0,False,text
strength_training,1naelgm,Sumo deadlift,10,https://reddit.com/r/strength_training/comments/1naelgm/sumo_deadlift/,https://v.redd.it/3wnclt16umnf1,"I’ve spent 2 months trying to get my form back to how it was in this first clip. Felt great looked great. Now the second clip is yesterday and as you can see, it looks like crap (felt like it too). 

Now I know many people might say it’s due to my hips being too low or back angle is different or knees too far forward / collapsing in (all I’ve tried to fix), but I’m wondering if anyone else sees it like I do. 

It all starts at the feet. What I’m thinking, after watching the videos 100 times over, is that in the first video I was starting further back. I was almost on my heels which let me get my hips in a better position and prevented my knees from coming too far forward. As well as wedge in much better.

Let me know what you guys think. Obviously can’t know for sure until I try it out.",1757202840.0,0.69,10,0,Form Check,Professional-War302,6,False,0,False,text
strength_training,1na6pqu,362lbs (164kg) atlas stone to shoulder x2.,24,https://reddit.com/r/strength_training/comments/1na6pqu/362lbs_164kg_atlas_stone_to_shoulder_x2/,https://v.redd.it/9yo219si6lnf1,First time using tacky this year and it’s still crazy how much of a cheatcode it is! The road to 400lbs atlas stone to shoulder; should be there soon! ,1757182774.0,0.97,24,0,Lift,crawfordov24,4,False,0,False,text
strength_training,1nacdec,Volume PR. BW: 179. Pause bench: 280x1 (95% 1RM) 245x3 10x5 225 (50 reps) superset each with 10 pull ups (10x10),5,https://reddit.com/r/strength_training/comments/1nacdec/volume_pr_bw_179_pause_bench_280x1_95_1rm_245x3/,https://v.redd.it/2wpbjk9vbmnf1,,1757196770.0,0.78,5,0,Lift,trollmagearcane,3,False,0,False,text
strength_training,1natit8,How to position my flat feet when squatting?,0,https://reddit.com/r/strength_training/comments/1natit8/how_to_position_my_flat_feet_when_squatting/,https://v.redd.it/asfamn2fxqnf1,"Video starts with my natural ""flat"" foot stance. At around 8 seconds I try to create an arch. Whenever I try to actively create an arch, my ankle mobility feels jammed and like I'm blocked from going past a certain point whereas with my natural ""flat"" feet my ankles seem to have slightly more ROM. As an additional note: on my left side, I've noticed recently also seem to have less hip internal rotation and my left knee points outwards more while my right knee points more straight in front of me.  (I realize my right foot is pointed out more in this video. I was just trying to internally rotate my left knee to point more forward to see how it felt) 

Question is, should I be squatting with my normal/natural feeling flat footed stance or should I actively be trying to create that arch whenever I'm front/back squatting?

Two other clips from a side view angle: [https://imgur.com/a/EZO5fuZ](https://imgur.com/a/EZO5fuZ)",1757252558.0,0.38,0,0,Form Check,atstowers,9,False,0,False,text
strength_training,1n9v66g,200kg x5 @u83kg (1 wk out),39,https://reddit.com/r/strength_training/comments/1n9v66g/200kg_x5_u83kg_1_wk_out/,https://v.redd.it/fjtonqf1jinf1,"81.1kg bodyweight,. Nationals inv incoming 🫡",1757150654.0,1.0,39,0,PR/PB,TheInspectaa,1,False,0,False,text
strength_training,1n9ifg9,Squat has come a long way,302,https://reddit.com/r/strength_training/comments/1n9ifg9/squat_has_come_a_long_way/,https://v.redd.it/x0ddmnbf5fnf1,A year ago I was struggling to get to depth and two plate squats felt a million miles away. Now I’m doing 250 singles! Just feeling happy about my progress ,1757109754.0,0.96,302,0,Lift,habibi_hanini,32,False,0,False,text
strength_training,1n9r87g,Lift Heavy Circle,55,https://reddit.com/r/strength_training/comments/1n9r87g/lift_heavy_circle/,https://v.redd.it/s1frff3yahnf1,215 BW/565# for a heavy single. Goal is 600 by the end of the year. ,1757135825.0,0.97,55,0,PR/PB,eXoduss151,10,False,0,False,text
strength_training,1n9o0iz,Weighted Chin-Ups +106lbs / 48kgs,90,https://reddit.com/r/strength_training/comments/1n9o0iz/weighted_chinups_106lbs_48kgs/,https://v.redd.it/1uampbnufgnf1,,1757125434.0,0.99,90,0,Lift,Prior-Pie-1407,8,False,0,False,text
strength_training,1n9excs,I seen a girl use 90s 😣,300,https://reddit.com/r/strength_training/comments/1n9excs/i_seen_a_girl_use_90s/,https://v.redd.it/di3ums9cgenf1,,1757101325.0,0.84,300,0,Form Check,anthonysbeard,149,False,0,False,text
strength_training,1n9aerd,Lifetime PR 150s for 11 reps,457,https://reddit.com/r/strength_training/comments/1n9aerd/lifetime_pr_150s_for_11_reps/,https://v.redd.it/d2d69nbaldnf1,,1757090878.0,0.96,457,0,PR/PB,thebodybuildingvegan,56,False,0,False,text
strength_training,1n9z7fz,100kg x 7 Squat (last set of 3),6,https://reddit.com/r/strength_training/comments/1n9z7fz/100kg_x_7_squat_last_set_of_3/,https://v.redd.it/l6ken9ojnjnf1,"I get a lower back pump everytime I squat. I’m worried im doing a lowbar squat when the positions high bar and I have a pretty forward torso tilt which I havent managed to fix yet. 

(Don’t mind me barefoot it floods alot in my country and my socks kept getting wet)",1757164316.0,0.8,6,0,Form Check,sksjjsns,3,False,0,False,text
strength_training,1n9ink1,Atlas stone to shoulder - 250lbs x 2,56,https://reddit.com/r/strength_training/comments/1n9ink1/atlas_stone_to_shoulder_250lbs_x_2/,https://v.redd.it/pk9d1ok37fnf1,I didn’t plan on touching 250 today but the 220x3 I did right before this felt easier than normal so I had to send it,1757110318.0,0.96,56,0,PR/PB,ratufa_indica,14,False,0,False,text
strength_training,1n98qzb,Weighted Pullups PR - 300lbs total weight,188,https://reddit.com/r/strength_training/comments/1n98qzb/weighted_pullups_pr_300lbs_total_weight/,https://v.redd.it/tcnwk1y79dnf1,"I know this isn’t very impressive compared to other strong posters in here, but I hit a big pullup PR and milestone - 300lbs total weight! 80lbs hanging from the waist and I woke up weighing 223lbs this morning.",1757087070.0,0.98,188,0,PR/PB,SmallnWeak,28,False,0,False,text
strength_training,1n9kwtu,465lb deadlift PR. 44m.,26,https://reddit.com/r/strength_training/comments/1n9kwtu/465lb_deadlift_pr_44m/,https://v.redd.it/2ywpxddvofnf1,Aiming for 5 plates by the end of the year. ,1757116299.0,1.0,26,0,PR/PB,bmhorn81,1,False,0,False,text
strength_training,1n8t5w3,Bench PR 135 - Can I be proud of this?,1240,https://reddit.com/r/strength_training/comments/1n8t5w3/bench_pr_135_can_i_be_proud_of_this/,https://v.redd.it/jqzbfh0e99nf1,"Hi! I’ve been working on my goal of 1 rep x 135 on my bench press. I was able to push it a couple weeks ago (woohoo!) but a guy recently told me that it doesn’t count because of my leg drive. I thought because I’m not a powerlifter that it doesn’t  really matter too much, but now I’m questioning if it’s embarrassing to show this to people because my form is so utterly wrong. So my question is: is this form bad/cringe to show to others, or can I get away with celebrating this new PR?  Thanks! ",1757038457.0,0.96,1240,0,PR/PB,karacat18,264,False,0,False,text
strength_training,1n90tzl,310 kg (~683 lbs) Deadlift PR,162,https://reddit.com/r/strength_training/comments/1n90tzl/310_kg_683_lbs_deadlift_pr/,https://v.redd.it/mw6zcv0kgbnf1,"Thanks to this PR, I finally managed to reach my goal which was training total 800 kg, Now I'm signing up for my first powerlifting competition to confirm this result. I gave myself about 3 months because now I need to do it without straps.",1757065430.0,1.0,162,0,PR/PB,RutabagaEmotional655,16,False,0,False,text
strength_training,1n9l2uq,140kg Rubish Rows for 8 reps,10,https://reddit.com/r/strength_training/comments/1n9l2uq/140kg_rubish_rows_for_8_reps/,https://v.redd.it/80jyllkxpfnf1,Now this is a row,1757116792.0,0.81,10,0,Lift,VanHelsingBerserk,1,False,0,False,text
strength_training,1n993wt,Deadlift 180kg,19,https://reddit.com/r/strength_training/comments/1n993wt/deadlift_180kg/,https://v.redd.it/foio81qecdnf1,,1757087899.0,0.74,19,0,Form Check,hawthornvisual,14,False,0,False,text
strength_training,1n9qy71,"/r/strength_training Weekly Discussion Thread -- Post your simple questions or off topic comments here! -- September 06, 2025",1,https://reddit.com/r/strength_training/comments/1n9qy71/rstrength_training_weekly_discussion_thread_post/,https://www.reddit.com/r/strength_training/comments/1n9qy71/rstrength_training_weekly_discussion_thread_post/,"***Welcome to the Weekly Discussion Thread!***

***These threads are \*almost\* anything goes***.

You should post here for:

* Simple questions
* General lifting discussion
* How your programming/training is going
* Off topic/Community conversation

# [Please Read the Fitness Wiki!](https://thefitness.wiki)",1757134868.0,1.0,1,0,Weekly Thread,AutoModerator,14,False,0,False,text
strength_training,1n8k1y6,292 lbs x 4,245,https://reddit.com/r/strength_training/comments/1n8k1y6/292_lbs_x_4/,https://v.redd.it/q76tglwhb7nf1,So happy with how this set moved! Been working on optimizing my squat tech and it’s paying off. This was programmed at RPE 7.5–felt more like a 7 because of my increased confidence with squats 😊,1757014952.0,0.98,245,0,Lift,BreakfastScared264,34,False,0,False,text
strength_training,1n8kuth,353lbs Zercher Deadlift (34lbs PR),177,https://reddit.com/r/strength_training/comments/1n8kuth/353lbs_zercher_deadlift_34lbs_pr/,https://v.redd.it/k4truzj1h7nf1,Goal is to go for 405lbs by this time next year. Sorry for all those that broke their backs or pulled a disc watching this. You should get that checked out. ,1757016808.0,0.88,177,0,PR/PB,Six8Sequoia,95,False,0,False,text
strength_training,1n8nubd,Deadlift mini medley before I deload before nationals 585lbs x 3 and 700lbs x 1 silver dollar,51,https://reddit.com/r/strength_training/comments/1n8nubd/deadlift_mini_medley_before_i_deload_before/,https://v.redd.it/6bht8m4728nf1,"I’ve squeezed as much as I possibly could into this tiny peak without getting injured, even though I was really riding the line. Fatigue is really high, but this will be my last heavy deadlift set up until competition so I’ll take a much needed deload. Now the main goal is keeping as confident as possible while my mind collapses upon itself like a dying star waiting for nationals. I’m excited I am terrified and I’m ready to leave it all on the platform",1757023926.0,0.99,51,0,PR/PB,RicardoCanfieldez,3,False,0,False,text
strength_training,1n87hjd,300kg (662lb) Squat PR,361,https://reddit.com/r/strength_training/comments/1n87hjd/300kg_662lb_squat_pr/,https://v.redd.it/673gehzmu4nf1,"First meet in 5 years. Crushed PRs on all three lifts, but I’m most proud of my squat.",1756985093.0,0.99,361,0,PR/PB,funnybones14,26,False,0,False,text
strength_training,1n8lazb,Re-load!,33,https://reddit.com/r/strength_training/comments/1n8lazb/reload/,https://v.redd.it/y75y6ujxj7nf1,Getting ready for the fun stuff! Final part of the peak is around the corner! ,1757017846.0,0.94,33,0,Lift,Immeatheadroblowe_,13,False,0,False,text
strength_training,1n7kwg4,Dumbbell Benching as a victim weight,433,https://reddit.com/r/strength_training/comments/1n7kwg4/dumbbell_benching_as_a_victim_weight/,https://v.redd.it/cj4i9ocugzmf1,My anxiety level always shoots up when I load the dumbbells on my lap. The trust fall onto the bench doesn't help either.,1756919889.0,0.93,433,0,Lift,adriansia117,144,False,0,False,text
strength_training,1n7s0ju,405 for a dub. BW 225,150,https://reddit.com/r/strength_training/comments/1n7s0ju/405_for_a_dub_bw_225/,https://v.redd.it/lj9pim6ss0nf1,,1756936005.0,0.96,150,0,Lift,optimusfiner,23,False,0,False,text
strength_training,1n7uos5,185lbs x 8. Did I go deep enough?,98,https://reddit.com/r/strength_training/comments/1n7uos5/185lbs_x_8_did_i_go_deep_enough/,https://v.redd.it/yj1dwv3rc1nf1,,1756942727.0,0.96,98,0,Form Check,Six8Sequoia,38,False,0,False,text
strength_training,1n7xo86,230kg squat PR,30,https://reddit.com/r/strength_training/comments/1n7xo86/230kg_squat_pr/,https://v.redd.it/wr6mi4tg12nf1,,1756951056.0,0.94,30,0,PR/PB,VanHelsingBerserk,1,False,0,False,text
strength_training,1n7wk41,240kg conventional deadlift pr with some hitching,18,https://reddit.com/r/strength_training/comments/1n7wk41/240kg_conventional_deadlift_pr_with_some_hitching/,https://v.redd.it/lf93ktupr1nf1,Looks like my lockout still needs some work 😅 ,1756947880.0,0.95,18,0,PR/PB,VanHelsingBerserk,2,False,0,False,text
strength_training,1n7qd03,98kg/220ish lb push press.,40,https://reddit.com/r/strength_training/comments/1n7qd03/98kg220ish_lb_push_press/,https://v.redd.it/5n5rexi1h0nf1,"Actually recovering from injury so reracking is an issue. 
First push press in a few months. 

Not bad for 40 but really need to get the weight up as I am pretty tall.  ",1756932115.0,0.95,40,0,Lift,Kiwibacon1986,3,False,0,False,text
strength_training,1n7en5b,Can now consistently do 20 (sloppy) pull ups @ 95kg bodyweight.,121,https://reddit.com/r/strength_training/comments/1n7en5b/can_now_consistently_do_20_sloppy_pull_ups_95kg/,https://v.redd.it/81m4cubgaymf1,Doing 100 pull ups every other day took me from 14 to 20 reps in 30 days. Next goal is to clean it up & get 20 perfect reps; full ROM with zero kipping. Let’s go. ,1756905652.0,0.99,121,0,Lift,louisciffa,16,False,0,False,text
strength_training,1n77l2k,28m 505 at 170 lbs pr progress,390,https://reddit.com/r/strength_training/comments/1n77l2k/28m_505_at_170_lbs_pr_progress/,https://v.redd.it/elceel6vawmf1," sorry about the onscreen text and music i posted these to another app first and lost the original footage 🥲 smelling is supposed to be smiling i was excited lol

July 6th I touched 505 for the first time at 170bw after putting on 7lbs

July 12th touched 515lbs for the first time @172bw

Then aug 19th I touched 525 lbs for the first time @ 183 lbs


I posted the 505 as it was most cathartic since I was hard stuck 495 before the cut",1756881562.0,0.96,390,0,PR/PB,Diligent-Pie4919,57,False,0,False,text
strength_training,1n7vu81,Squat PB 150kg x1,14,https://reddit.com/r/strength_training/comments/1n7vu81/squat_pb_150kg_x1/,https://v.redd.it/jfeb14d2m1nf1,"I posted a few weeks ago. Since then I have tried squatting on wedges and enjoy it more. It feels more natural. I've also tried bracing better and holding the bar a touch lower. Looking for feedback since I feel like my legs have more power but my form puts me near failure at this weight.

https://www.reddit.com/r/strength_training/s/gEOJThbf1z",1756945865.0,1.0,14,0,Form Check,eobak1,1,False,0,False,text
strength_training,1n7cou1,OHP 90kg x 2,49,https://reddit.com/r/strength_training/comments/1n7cou1/ohp_90kg_x_2/,https://v.redd.it/7m37abdmuxmf1,my elbow feels awful today so i have quite a bit of hope for what i'll be able to do when it calms down ,1756900345.0,0.96,49,0,PR/PB,hawthornvisual,5,False,0,False,text
strength_training,1n7ex3z,Bench press PR!,28,https://reddit.com/r/strength_training/comments/1n7ex3z/bench_press_pr/,https://v.redd.it/ejf84ahkcymf1,3x12 reps at 245lbs was on the docket today and we got it done!! 💪🏽💪🏽💪🏽,1756906343.0,0.93,28,0,PR/PB,Willing_Week_1294,6,False,0,False,text
strength_training,1n7d03l,135 kg Bench Press last set 5x3,25,https://reddit.com/r/strength_training/comments/1n7d03l/135_kg_bench_press_last_set_5x3/,https://v.redd.it/uqzjg7zexxmf1,"I'm benching on a different bench than i'm used to, it's much wider and somehow i don't feel my upper back tension like i used to, am i doing something wrong?  Or is it normal due wider bench",1756901251.0,0.97,25,0,Form Check,grjonapungsi,4,False,0,False,text
strength_training,1n70zxx,270kg/595lbs Squat Double PR,162,https://reddit.com/r/strength_training/comments/1n70zxx/270kg595lbs_squat_double_pr/,https://v.redd.it/pu4uj653lumf1,I can’t quit lifting until I hit 660,1756860866.0,0.98,162,0,PR/PB,Cinurem,12,False,0,False,text
strength_training,1n6zxvh,315lbs for a 2 rep PR front squat at 155lbs bodyweight.,97,https://reddit.com/r/strength_training/comments/1n6zxvh/315lbs_for_a_2_rep_pr_front_squat_at_155lbs/,https://v.redd.it/ixhl0p1lcumf1,Hoping to hit this for 3 by December.,1756857939.0,0.92,97,0,PR/PB,Longjumping_Tackle38,15,False,0,False,text
strength_training,1n7491g,185kg/408lb squat triple,44,https://reddit.com/r/strength_training/comments/1n7491g/185kg408lb_squat_triple/,https://v.redd.it/akunz94vcvmf1,"Chip pr + also lower rpe, not a 10",1756870125.0,0.98,44,0,PR/PB,EAVBERBWF,3,False,0,False,text
strength_training,1n6jz71,"140kg back squat x 17 reps, 1min 20seconds set. Sorry",494,https://reddit.com/r/strength_training/comments/1n6jz71/140kg_back_squat_x_17_reps_1min_20seconds_set/,https://v.redd.it/q30xo3kgarmf1,Last rep moved quicker than expected heart rate went up to 180 so I stopped haha,1756820912.0,0.99,494,0,PR/PB,thebabushs,76,False,0,False,text
strength_training,1n6y8jv,447lbs 1 x 3. (98% of 1RM),77,https://reddit.com/r/strength_training/comments/1n6y8jv/447lbs_1_x_3_98_of_1rm/,https://v.redd.it/onlqfgjjztmf1,,1756853534.0,0.98,77,0,Lift,Six8Sequoia,28,False,0,False,text
strength_training,1n7d3t4,Deadlift 160kg x 4 - How does the form seem?,5,https://reddit.com/r/strength_training/comments/1n7d3t4/deadlift_160kg_x_4_how_does_the_form_seem/,https://v.redd.it/oiouvdmxxxmf1,"Hey guys, to me it always looks like tailbone area is roudned, idk if this is acceptable? Also bar kept hitting my kneecaps on the way down which im guessing is not ideal. First time deadlifting in over 4 months, want to get back into it.",1756901544.0,0.86,5,0,Form Check,snort_eccies,5,False,0,False,text
strength_training,1n6yr42,335 BtN push press at 227lbs bodyweight. I’m gonna give 355 a shot at nationals in 10 days,46,https://reddit.com/r/strength_training/comments/1n6yr42/335_btn_push_press_at_227lbs_bodyweight_im_gonna/,https://v.redd.it/0cvbvlaf3umf1,,1756854837.0,0.93,46,0,PR/PB,RicardoCanfieldez,4,False,0,False,text
strength_training,1n6ytdi,Clean session,32,https://reddit.com/r/strength_training/comments/1n6ytdi/clean_session/,https://v.redd.it/5x55ppns3umf1,"Clean session 40, 60, 80, 100, 120, 130 and 140kg at @85kg",1756854997.0,0.95,32,0,Form Check,CapitalBat5188,7,False,0,False,text
strength_training,1n6zfca,Gotta have fun with it sometimss,21,https://reddit.com/r/strength_training/comments/1n6zfca/gotta_have_fun_with_it_sometimss/,https://v.redd.it/bmqhy7bk8umf1,"Warning: groovy tunes will make you want to sing along during your training session

I cannot recall what I was listening to 😅",1756856574.0,0.9,21,0,Lift,barbellsandbriefs,1,False,0,False,text
strength_training,1n6umy8,200kg/440lb zercher  ( 2.22x bodyweight),33,https://reddit.com/r/strength_training/comments/1n6umy8/200kg440lb_zercher_222x_bodyweight/,https://v.redd.it/r9cuz20z9tmf1,,1756844934.0,0.79,33,0,Lift,Liambroon,23,False,0,False,text
strength_training,1n6it2w,Rebuilding my Deadliftift - on my cut. Road to 3x bw deadlift),62,https://reddit.com/r/strength_training/comments/1n6it2w/rebuilding_my_deadliftift_on_my_cut_road_to_3x_bw/,https://v.redd.it/uvfibrvu1rmf1,"Everything feels heavy since cutting down my calories to aim below 2,000. Im doing 535 next week lol.",1756818015.0,0.67,62,0,Lift,TheShoeGame,32,False,0,False,text
strength_training,1n64b0o,110x12.5 (literally) db incline,201,https://reddit.com/r/strength_training/comments/1n64b0o/110x125_literally_db_incline/,https://v.redd.it/oagdlenq2nmf1,Ahhhhh,1756769870.0,0.96,201,0,PR/PB,Herculean_Son,46,False,0,False,text
strength_training,1n617c0,The only labor I’m doing today,198,https://reddit.com/r/strength_training/comments/1n617c0/the_only_labor_im_doing_today/,https://v.redd.it/r33ucc8remmf1,Trap bar deadlifts - 320 lbs x 7 (top set),1756761806.0,0.96,198,0,Lift,BreakfastScared264,31,False,0,False,text
strength_training,1n6837g,Barbell RDLs | 275 lbs x 10,62,https://reddit.com/r/strength_training/comments/1n6837g/barbell_rdls_275_lbs_x_10/,https://v.redd.it/5vqvrnbo8nmf1,,1756780797.0,0.96,62,0,Lift,BreakfastScared264,5,False,0,False,text
strength_training,1n5yehm,"140, 147, 154kg back squat pr",136,https://reddit.com/r/strength_training/comments/1n5yehm/140_147_154kg_back_squat_pr/,https://v.redd.it/w6zf6jbbvlmf1,,1756755259.0,0.99,136,0,PR/PB,Micromashington,10,False,0,False,text
strength_training,1n61c09,405lb/184kg x 10 squat,56,https://reddit.com/r/strength_training/comments/1n61c09/405lb184kg_x_10_squat/,https://v.redd.it/dvcag28efmmf1,"Finally hit my long time goal of 405x10 on squats. I will say- this set definitely fatigued me. It was very close to real failure and I’m not sure I had even one more rep in the tank.

Onwards and upwards!",1756762129.0,1.0,56,0,PR/PB,jamlx,6,False,0,False,text
strength_training,1n5ytup,Unpopular Opinion; miscounting reps is worse than failing,63,https://reddit.com/r/strength_training/comments/1n5ytup/unpopular_opinion_miscounting_reps_is_worse_than/,https://v.redd.it/64is2g9aylmf1,"Thought I hit 8.

I squat Low Bar, so my quads have been pretty underdeveloped. Been hitting hacks/pendulums as accessories. ",1756756256.0,0.68,63,0,Lift,adriansia117,49,False,0,False,text
strength_training,1n5ptki,Finally Fixed My Squat (170kg),85,https://reddit.com/r/strength_training/comments/1n5ptki/finally_fixed_my_squat_170kg/,https://v.redd.it/4z5et571akmf1,,1756736042.0,0.96,85,0,PR/PB,hawthornvisual,22,False,0,False,text
strength_training,1n5wo44,"just started using heels, how’s the form looking?",10,https://reddit.com/r/strength_training/comments/1n5wo44/just_started_using_heels_hows_the_form_looking/,https://v.redd.it/60lig2bujlmf1,170kg triple @ 90kg bw,1756751398.0,0.78,10,0,Form Check,Zealousideal_Ball_73,9,False,0,False,text
strength_training,1n57o12,10lbs Weighted Pull-ups,301,https://reddit.com/r/strength_training/comments/1n57o12/10lbs_weighted_pullups/,https://v.redd.it/jk2hx6umifmf1,Practicing weighted pull-ups. Currently at 3x4 with 10 lbs but struggling to get that last one up. I’m coming for you 25 lbs!! 💪,1756678366.0,0.99,301,0,Lift,technofever89,8,False,0,False,text
strength_training,1n5d4pm,315 Bench pr,86,https://reddit.com/r/strength_training/comments/1n5d4pm/315_bench_pr/,https://v.redd.it/oyjket7utgmf1,Feels good man,1756694235.0,0.97,86,0,PR/PB,nasaonepiece,9,False,0,False,text
strength_training,1n5vqgv,Which way Is the best to initiate my squat? (Hips and knees or knees forward?) Particularly am I going about the wrong way on pushing my knees forward? Also my wrists are bent too far back.,4,https://reddit.com/r/strength_training/comments/1n5vqgv/which_way_is_the_best_to_initiate_my_squat_hips/,https://v.redd.it/oxfvixckdlmf1,Hi there should be two videos if not I'll post it in the comments. I wanted to ask should I break at the hips and knees at the same like I'm sitting back in a chair or do I need to think knees forward and spread the floor on the way down? I was told to stay in my quads. Thanks ,1756749342.0,0.76,4,0,Form Check,codeman25000,5,False,0,False,text
strength_training,1n54ql4,One of my clients pulled 210kg on a trap bar,197,https://reddit.com/r/strength_training/comments/1n54ql4/one_of_my_clients_pulled_210kg_on_a_trap_bar/,https://v.redd.it/i9j2fgdewemf1,"Bar is 30kg.

Most he’d pulled before this was 191kg.",1756671053.0,0.93,197,0,PR/PB,Nkklllll,42,False,0,False,text
strength_training,1n4v8g7,17 Muscle Ups. New PR!,434,https://reddit.com/r/strength_training/comments/1n4v8g7/17_muscle_ups_new_pr/,https://v.redd.it/6maroz021dmf1,,1756648238.0,0.99,434,0,PR/PB,DontMindMe2504,42,False,0,False,text
strength_training,1n58oie,475x5,44,https://reddit.com/r/strength_training/comments/1n58oie/475x5/,https://v.redd.it/3zrydtxsqfmf1,hoping to hit 560 before I turn 18 in November (current pr is 540),1756681096.0,0.93,44,0,PR/PB,Casual_MetalFan,4,False,0,False,text
strength_training,1n5bii5,Weighted Dip Pr,28,https://reddit.com/r/strength_training/comments/1n5bii5/weighted_dip_pr/,https://v.redd.it/rt4wmi29fgmf1,"+135lb / +61kg weighted dip at a bodyweight of 143lb / 65kg

Absolutely hyped that I managed to dip 3 wheels!! 

195% bodyweight. I’m coming close to being able to dip 2x my bodyweight. Outdid myself here.",1756689322.0,0.97,28,0,PR/PB,Professional-War302,3,False,0,False,text
strength_training,1n4u25k,1kg from IPF world record - 6 weeks out,188,https://reddit.com/r/strength_training/comments/1n4u25k/1kg_from_ipf_world_record_6_weeks_out/,https://v.redd.it/uc54jwzxrcmf1,,1756645168.0,0.98,188,0,PR/PB,Lift4fun,10,False,0,False,text
strength_training,1n4m9nr,"10.2"" Deficit Zercher deadlift w/315lbs",391,https://reddit.com/r/strength_training/comments/1n4m9nr/102_deficit_zercher_deadlift_w315lbs/,https://v.redd.it/oyxp4x14gamf1,,1756617017.0,0.75,391,0,PR/PB,Spine_day,172,False,0,False,text
strength_training,1n59jh0,Squat Form,9,https://reddit.com/r/strength_training/comments/1n59jh0/squat_form/,https://v.redd.it/j1b4ik3xxfmf1,"I’ve hypermobile, so squat is weird for me due to instability and excessive flexibility. Right now I’m working on glute medius strength to help with knee cave.

Couple things I have questions about: 

One, my hips are super retroverted, so my hips go very wide naturally when squatting especially on the way down and at the bottom. I do not think about pushing my knees out either, the hips just go that way.

Two, my knees also track outside of my toes naturally to keep my feet flat, due to my excessive ankle mobility.

Due to these factors I’m not sure what toe angle I’m supposed to use. If I go based on hips only, my toe angle is like past 45° out to the side and then I’m on the insides of my feet at the bottom. But then there’s my ankles which could make my toes point out less as long as my feet stay flat. Squat never feels right when there’s weight on my back.

Let me know what you guys think. Recommendations so far haven’t been successful it’s just weird to get it right with my overly mobile and unstable joints. 
",1756683496.0,0.91,9,0,Form Check,Professional-War302,6,False,0,False,text
strength_training,1n4tb40,555 for 120ft for 3 rounds (30 seconds each),33,https://reddit.com/r/strength_training/comments/1n4tb40/555_for_120ft_for_3_rounds_30_seconds_each/,https://v.redd.it/dazzfbxflcmf1,Get to push this for 60 seconds soon in Vegas!,1756642972.0,1.0,33,0,Lift,Frodozer,7,False,0,False,text
strength_training,1n4l484,125s dumbbell bench,110,https://reddit.com/r/strength_training/comments/1n4l484/125s_dumbbell_bench/,https://v.redd.it/hjms25th4amf1,,1756613066.0,1.0,110,0,Lift,optimusfiner,3,False,0,False,text
strength_training,1n4xo56,"55kg/121lbs 2""/50mm spinning handle thumbless static hold for about 25 seconds",12,https://reddit.com/r/strength_training/comments/1n4xo56/55kg121lbs_250mm_spinning_handle_thumbless_static/,https://v.redd.it/l4a7eh4nidmf1,,1756654143.0,0.77,12,0,PR/PB,Fat_Foot,3,False,0,False,text
strength_training,1n50a7t,Behing the back hold 255lb for 40s (115kg),7,https://reddit.com/r/strength_training/comments/1n50a7t/behing_the_back_hold_255lb_for_40s_115kg/,https://v.redd.it/qhe51ii21emf1,,1756660430.0,0.64,7,0,Lift,DickFromRichard,8,False,0,False,text
strength_training,1n4fkvo,Deadlifting 212.4kg/468lbs x 4 at 94kgs,173,https://reddit.com/r/strength_training/comments/1n4fkvo/deadlifting_2124kg468lbs_x_4_at_94kgs/,https://v.redd.it/8nqfr05op8mf1,,1756596040.0,0.98,173,0,Lift,MajesticalOtter,17,False,0,False,text
strength_training,1n4z5gl,"Beginner Snatch, Am I on the Right Track?",6,https://reddit.com/r/strength_training/comments/1n4z5gl/beginner_snatch_am_i_on_the_right_track/,https://v.redd.it/rcjaest3tdmf1,"Hey everyone,
I’m in my third week of learning the snatch and I’ve been practicing about once a week. So far, I’ve been learning mainly from YouTube and Instagram videos.

Could you please take a look at my form? I’d really appreciate feedback from experienced lifters on whether I’m on the right track or if I should make any adjustments.",1756657713.0,0.81,6,0,Form Check,Personal-Self-3115,5,False,0,False,text
strength_training,1n4v7kr,Depth 225 @ 154 bw,4,https://reddit.com/r/strength_training/comments/1n4v7kr/depth_225_154_bw/,https://v.redd.it/lu8nfqbcxcmf1,,1756648174.0,1.0,4,0,Lift,BrooklynRed211,3,False,0,False,text
strength_training,1n4ptel,Squat Musgrove & then Carnage,5,https://reddit.com/r/strength_training/comments/1n4ptel/squat_musgrove_then_carnage/,https://v.redd.it/tme8honzjbmf1,,1756630377.0,0.67,5,0,Lift,TheInspectaa,7,False,0,False,text
strength_training,1n42p9z,Hitting the depth! - Long Femur Edition #2,149,https://reddit.com/r/strength_training/comments/1n42p9z/hitting_the_depth_long_femur_edition_2/,https://v.redd.it/1dnkpqdk06mf1,,1756563326.0,0.92,149,0,Lift,Guywithaguitaar,32,False,0,False,text
strength_training,1n3qdmx,455lbs x3 Deadlift at 155lbs bodyweight,588,https://reddit.com/r/strength_training/comments/1n3qdmx/455lbs_x3_deadlift_at_155lbs_bodyweight/,https://v.redd.it/ost0rhj7j2mf1,Going to attempt 495 for 1 in December.,1756521166.0,0.96,588,0,Lift,Longjumping_Tackle38,67,False,0,False,text
strength_training,1n452p3,Paused SSB Squats - Is my lean too excessive?,17,https://reddit.com/r/strength_training/comments/1n452p3/paused_ssb_squats_is_my_lean_too_excessive/,https://v.redd.it/zc96s410i6mf1,,1756569198.0,0.96,17,0,Form Check,TheWordlyVine,18,False,0,False,text
strength_training,1n3rj74,415 Pound Zercher Deadlift,144,https://reddit.com/r/strength_training/comments/1n3rj74/415_pound_zercher_deadlift/,https://v.redd.it/0959oie1u2mf1,,1756524865.0,0.95,144,0,Lift,YodyCork,37,False,0,False,text
strength_training,1n3hfo7,315 x 8 Bench @ 203 bw / 19 years old,364,https://reddit.com/r/strength_training/comments/1n3hfo7/315_x_8_bench_203_bw_19_years_old/,https://v.redd.it/qofke00bj0mf1,,1756497171.0,0.83,364,0,Lift,painstarhappener,132,False,0,False,text
strength_training,1n3f6ub,330 lbs x 4 | comp deadlifts,250,https://reddit.com/r/strength_training/comments/1n3f6ub/330_lbs_x_4_comp_deadlifts/,https://v.redd.it/j9t22tna40mf1,"Hoping y’all can enjoy this lift or simply keep scrolling (referring to some of the negative comments on my previous post). 

Made some adjustments to my form based on my ✨COACH’S✨ guidance and hit a rep PR on deads today 😊",1756491925.0,0.97,250,0,Lift,BreakfastScared264,33,False,0,False,text
strength_training,1n40pjj,Squat form check on PR 245lbx4 @ 187lb,7,https://reddit.com/r/strength_training/comments/1n40pjj/squat_form_check_on_pr_245lbx4_187lb/,https://v.redd.it/86718d89k5mf1,"Honestly, I haven't posted a check in forever, but was pumped by hitting 245 for 4 today. Then saw all y'alls recent videos and was like 😬😬 lol y'all strong af. But I'll umm use the excuse of different goals 😂

I'm 38, focus mainly on staying in shape for recreational sports like basketball and general health, and have been on a cut for 2 months trying to drop from 200->185lbs. Almost there. But still been increasing weight on the squat and deadlift slowly but surely running different 531 templates. Mostly 5x5 FSL for leader and original 531 for anchor.

Also, I know the video should be a little behind, but working with what I've got 🤷‍♂️

Anyway, thanks for checking it out!",1756557857.0,0.9,7,0,Form Check,propagandaBonanza,4,False,0,False,text
strength_training,1n3pf5b,"PR match on Good mornings for 405x3, additional 365x3",43,https://reddit.com/r/strength_training/comments/1n3pf5b/pr_match_on_good_mornings_for_405x3_additional/,https://v.redd.it/jt8kbfela2mf1,,1756518260.0,0.9,43,0,Lift,your_oniichan,14,False,0,False,text
strength_training,1n2s6wp,Never passed out before. 640 PR,3513,https://reddit.com/r/strength_training/comments/1n2s6wp/never_passed_out_before_640_pr/,https://v.redd.it/lzufl4lclulf1,,1756425057.0,0.99,3513,0,PR/PB,mentally_ill_cheezit,167,False,0,False,text
strength_training,1n3c9tm,New Deadlift PB (435Ibs/135BW),89,https://reddit.com/r/strength_training/comments/1n3c9tm/new_deadlift_pb_435ibs135bw/,https://v.redd.it/iicfub6mkzlf1,20Ibs up from previous PB of 415,1756485311.0,0.99,89,0,PR/PB,WomboCombo-Ty,17,False,0,False,text
strength_training,1n3iz5t,160kg sandbag at 90kg bodyweight.,32,https://reddit.com/r/strength_training/comments/1n3iz5t/160kg_sandbag_at_90kg_bodyweight/,https://v.redd.it/p7kjsfpwu0mf1,,1756500881.0,0.97,32,0,Lift,Liambroon,1,False,0,False,text
strength_training,1n3ib1h,Chest Day,23,https://reddit.com/r/strength_training/comments/1n3ib1h/chest_day/,https://v.redd.it/0grim953q0mf1,Failed my top set on bench again today but I feel decent about it because I’m reworking form currently and I think I’m making progress. Dropped back down to 315 for two doubles then a single. ,1756499251.0,1.0,23,0,Lift,JonnySidequest,5,False,0,False,text
strength_training,1n3isks,160kg deadlift double overhand,14,https://reddit.com/r/strength_training/comments/1n3isks/160kg_deadlift_double_overhand/,https://v.redd.it/sik9l3fkt0mf1,"i almost got 170kg as well but it started to slip out of my hands near lockout, still quite pleased",1756500433.0,0.82,14,0,Lift,hawthornvisual,4,False,0,False,text
strength_training,1n3bgpb,"New deadlift PR, 170kg at 72kg bw",31,https://reddit.com/r/strength_training/comments/1n3bgpb/new_deadlift_pr_170kg_at_72kg_bw/,https://v.redd.it/u6ny8ie3fzlf1,"Almost fainted, almost pissed myself, but damn the feeling when I locked out the lift was amazing. All in all, 10/10 would do it again.
Deadlift PR's are addicting as fuck and I aim to lockout 225 one day.

Feel free to come with pointers.

Versagripps, smellingsalt, borrowed belt from another gym goer since it's possible to set it tighter then the one the gym has.",1756483454.0,0.97,31,0,PR/PB,Jimoivez,5,False,0,False,text
strength_training,1n2zstc,210 kg (~462 lbs) Bench Press PR,160,https://reddit.com/r/strength_training/comments/1n2zstc/210_kg_462_lbs_bench_press_pr/,https://v.redd.it/b72jsflyhwlf1,"It was the first time someone slapped me before a lift and I must say it didn't help at all 😅  
My back just itched after I finished",1756448330.0,0.98,160,0,PR/PB,RutabagaEmotional655,31,False,0,False,text
strength_training,1n3t3cm,"/r/strength_training Weekly Discussion Thread -- Post your simple questions or off topic comments here! -- August 30, 2025",2,https://reddit.com/r/strength_training/comments/1n3t3cm/rstrength_training_weekly_discussion_thread_post/,https://www.reddit.com/r/strength_training/comments/1n3t3cm/rstrength_training_weekly_discussion_thread_post/,"***Welcome to the Weekly Discussion Thread!***

***These threads are \*almost\* anything goes***.

You should post here for:

* Simple questions
* General lifting discussion
* How your programming/training is going
* Off topic/Community conversation

# [Please Read the Fitness Wiki!](https://thefitness.wiki)",1756530093.0,1.0,2,0,Weekly Thread,AutoModerator,29,False,0,False,text
strength_training,1n3lg9s,DL Form Check,6,https://reddit.com/r/strength_training/comments/1n3lg9s/dl_form_check/,https://v.redd.it/3taagysfd1mf1,"Had some time off, trying to get back into things. DL max is currently at 415 x1 on a good day. I feel like there's a lot of missed potential here and want to focus on improving my form. This set is 275 x3, RPE probably 6 or 7. I also have a more frontal view, not sure how to add that tho haha. Thank you for the help!",1756507109.0,1.0,6,0,Form Check,GSPDanjaZone,7,False,0,False,text
strength_training,1n2t4dh,Squat - 325 pounds | Was a grind..,194,https://reddit.com/r/strength_training/comments/1n2t4dh/squat_325_pounds_was_a_grind/,https://v.redd.it/2t3p94b1tulf1,,1756427610.0,0.99,194,0,Lift,mrauls,21,False,0,False,text
strength_training,1n2nd1n,Comp squats | 275 lbs x 4,352,https://reddit.com/r/strength_training/comments/1n2nd1n/comp_squats_275_lbs_x_4/,https://v.redd.it/npyg9wfkltlf1,Addicted to progress 😊. Rep PR!,1756413005.0,0.92,352,0,Lift,BreakfastScared264,69,False,0,False,text
strength_training,1n3deup,Two weeks into strength program,7,https://reddit.com/r/strength_training/comments/1n3deup/two_weeks_into_strength_program/,https://v.redd.it/avxt6i2cszlf1,"Only two weeks into my first strength specific block of training. Started lifting just over a year ago.

Have deadlifted a bit before, but never focused on it in a structured way. Looking for suggestions or anything those with more experienced eyeballs might see. This was my 5th and final set of 315lbs for the day. Second and third rep felt significantly easier than the first off of the floor. ",1756487901.0,0.9,7,0,Form Check,HDawsome,10,False,0,False,text
strength_training,1n3cnpb,"245x12 on shaky 🫨 barbell, ties PR",3,https://reddit.com/r/strength_training/comments/1n3cnpb/245x12_on_shaky_barbell_ties_pr/,https://v.redd.it/uhkndttanzlf1,"By using 45,35,25,10 I made the weight wider than I had to on purpose. 

25kg,55,5,2.5 would have been half as thick a stack and easier to bench. 

With this barbell the wider the weight the more it oscillates and harder it is to string reps together. 

Even with that I'm tying a PR which is a small victory. 

Next cycle 245 thin plates and see if another rep is there.  Alternating seems to be a form of progression. 

BILBO cycle 5 

Bar is only 10 lbs 
Bandbell rhinoflex hd bar.",1756486208.0,0.64,3,0,PR/PB,Open-Year2903,0,False,0,False,text
strength_training,1n2tzu5,320 LBS. Bench / 220 LBS. Bodyweight,50,https://reddit.com/r/strength_training/comments/1n2tzu5/320_lbs_bench_220_lbs_bodyweight/,https://v.redd.it/br9cxss70vlf1,100 LBS. over my bodyweight ,1756430018.0,0.96,50,0,PR/PB,scream77541,2,False,0,False,text
strength_training,1n2wx43,Beltless Squat 1rm 385lbs/175kg,25,https://reddit.com/r/strength_training/comments/1n2wx43/beltless_squat_1rm_385lbs175kg/,https://v.redd.it/0k2ho6kapvlf1,Any advice or suggestion is welcomed,1756438476.0,0.95,25,0,PR/PB,fcl3042,2,False,0,False,text
strength_training,1n2kzxc,535x3 new PR at 51 yrs.,105,https://reddit.com/r/strength_training/comments/1n2kzxc/535x3_new_pr_at_51_yrs/,https://v.redd.it/zdp0mbge5tlf1,,1756407558.0,0.98,105,0,PR/PB,vinsite,19,False,0,False,text
strength_training,1n2m6mc,+100kg dip has fallen.  73kg bw,81,https://reddit.com/r/strength_training/comments/1n2m6mc/100kg_dip_has_fallen_73kg_bw/,https://v.redd.it/hry1q91xctlf1,"Dip keeps going up, need to find a gym with calibrated plates soon.


Tried 105kg after but got stuck midway, I just slapped the 5kg on the side so it wasn't balanced and weights turned a bit.",1756410289.0,0.95,81,0,PR/PB,Unfair-Squirrel-9365,15,False,0,False,text
strength_training,1n2tpki,CJ and Clean session,25,https://reddit.com/r/strength_training/comments/1n2tpki/cj_and_clean_session/,https://v.redd.it/ayjh76mrxulf1,20 to 130kg CJ and 134kg Clean at @86kg,1756429210.0,1.0,25,0,Form Check,CapitalBat5188,3,False,0,False,text
strength_training,1n2tz5w,450 LBS. Deadlift / 220 LBS. Bodyweight,22,https://reddit.com/r/strength_training/comments/1n2tz5w/450_lbs_deadlift_220_lbs_bodyweight/,https://v.redd.it/l4opwpx10vlf1,more than double my bodyweight,1756429963.0,0.82,22,0,PR/PB,scream77541,10,False,0,False,text
strength_training,1n29ly5,5 x 3 100kg (225lbs) bench. Last set. Power fatties unite!,218,https://reddit.com/r/strength_training/comments/1n29ly5/5_x_3_100kg_225lbs_bench_last_set_power_fatties/,https://v.redd.it/tlwr66dewqlf1,,1756380332.0,0.84,218,0,Lift,TheDadBodGodv2,116,False,0,False,text
strength_training,1n2n3li,Felt strong today,28,https://reddit.com/r/strength_training/comments/1n2n3li/felt_strong_today/,https://v.redd.it/eii0986ujtlf1,"Not done anything over 100kg push press since I had a 1 rep max last August (120kg) 

I think I can push myself to get 5 reps with 110kg then try a 1 rep max with 130kg. ",1756412402.0,0.77,28,0,Lift,Ricklazell,3,False,0,False,text
strength_training,1n2kfgw,170 @ 171BW,32,https://reddit.com/r/strength_training/comments/1n2kfgw/170_171bw/,https://v.redd.it/my5n7avj1tlf1,I’m returning to StrongLifts5x5 after a 10+ year hiatus from lifting. I started from the beginning of the program on 5/30 with a handful of days off over the last couple of months. I reached my first progression failure in the set following this one. Looking for feedback on my form.,1756406254.0,0.9,32,0,Form Check,SeacoastSailing,6,False,0,False,text
strength_training,1n2hnkq,How’s my form?,30,https://reddit.com/r/strength_training/comments/1n2hnkq/hows_my_form/,https://v.redd.it/lyglrzn2jslf1,"This was my first time deadlifting ever. I decided to start at 140 so I could learn without throwing my back out. Any advice? I’d like to go heavier, while still keeping my lumbar vertebrae where they are right now…💀",1756400047.0,0.84,30,0,Form Check,Over_Examination1713,44,False,0,False,text
strength_training,1n3bggp,"Officially verified: All time highest Piper squat in USAWA, 315lb/143kg",0,https://reddit.com/r/strength_training/comments/1n3bggp/officially_verified_all_time_highest_piper_squat/,https://v.redd.it/l3de99mzezlf1,,1756483443.0,0.49,0,0,Lift,DickFromRichard,115,False,0,False,text
strength_training,1n280a4,"2 weeks out from comp, staying away from real heavy lifts right now; here's 425x5",49,https://reddit.com/r/strength_training/comments/1n280a4/2_weeks_out_from_comp_staying_away_from_real/,https://v.redd.it/vt3iern5gqlf1,,1756374844.0,0.98,49,0,Lift,Shadow_Phoenix951,11,False,0,False,text
strength_training,1n28i2w,Squat 565x2,27,https://reddit.com/r/strength_training/comments/1n28i2w/squat_565x2/,https://v.redd.it/ank85pkglqlf1,"Big squat day. Lower back was feeling tweaky but had to fuckin send it. Misgrooved my second rep and lost my brace but still got it up. Hell yeah, brother.",1756376629.0,0.97,27,0,Lift,JonnySidequest,10,False,0,False,text
strength_training,1n22xsg,Standing OHP 155lb for one,71,https://reddit.com/r/strength_training/comments/1n22xsg/standing_ohp_155lb_for_one/,https://v.redd.it/t8j9eal2volf1,Just recently touched 135x3 and decided to add plates till I failed. I failed at 165 but I feel good about this lift at 155x1. Been focusing on being more on the strict side and minimizing momentum into the next rep. Any pointers here?,1756355647.0,0.96,71,0,Form Check,hushed-shush,7,False,0,False,text
strength_training,1n2klcr,162.5kg(358lbs) x 1,5,https://reddit.com/r/strength_training/comments/1n2klcr/1625kg358lbs_x_1/,https://v.redd.it/lmin80rn2tlf1,"Definitely got stuck in the middle section a little but managed to grind it out. 

Any tips on the road to 200kg? ",1756406630.0,0.86,5,0,Form Check,Loud-Audience9389,1,False,0,False,text
strength_training,1n1nnak,New deadlift PR! 🥳 (260 at 120 bw),312,https://reddit.com/r/strength_training/comments/1n1nnak/new_deadlift_pr_260_at_120_bw/,https://v.redd.it/vofsig0wlllf1,"Do PRs happen for everyone else on the days you don’t intend to try them? 😂 that’s the only way I PR anymore. 

33, 5’1”, 120lbs",1756316247.0,0.99,312,0,PR/PB,Fit_Momma24,32,False,0,False,text
strength_training,1n260ga,192.5kg/423.5lbs x5 paused RDL.,20,https://reddit.com/r/strength_training/comments/1n260ga/1925kg4235lbs_x5_paused_rdl/,https://v.redd.it/5ex9xfyqymlf1,,1756367047.0,0.96,20,0,Lift,peterinnit,1,False,0,False,text
strength_training,1n29nh7,Lowbar squat 5 x 3 @ 140kg (315lbs). Last set.,9,https://reddit.com/r/strength_training/comments/1n29nh7/lowbar_squat_5_x_3_140kg_315lbs_last_set/,https://v.redd.it/75onoskswqlf1,Lifting shoes had a blow out. Had to use plates.,1756380465.0,0.91,9,0,Lift,TheDadBodGodv2,1,False,0,False,text
strength_training,1n26vy8,Squat 160KG (352LB) x 2,9,https://reddit.com/r/strength_training/comments/1n26vy8/squat_160kg_352lb_x_2/,https://v.redd.it/tmq1t5bd3qlf1,"Long time lurker, first time poster here. Currently testing the waters with my squat. I want to bring my butt down lower but I get something called buttwink. And it feels like the load of the weight then shifts to my groin region instead of over my feet. 

Just wondering if this is passable or I should lower the weight and get comfortable with my buttwink.",1756370550.0,0.92,9,0,Form Check,ezybreezy300,0,False,0,False,text
strength_training,1n1sq21,"485 lbs / 220 kg x 4 @ 183 lbs /  83 kg, any pointers?",83,https://reddit.com/r/strength_training/comments/1n1sq21/485_lbs_220_kg_x_4_183_lbs_83_kg_any_pointers/,https://v.redd.it/ju1tf1n3kmlf1,"Filmed my first set today of a 4x4 at this weight. Probably had a couple more reps in me the first set but had to grind the last rep of the fourth set so I'm glad I didn't push too hard early. Going for 550 lbs / 250 kg pr soon, previous pr is 530 lbs / 240 kg. Do you think I got it? What do you think I can improve on to ensure that I do?",1756327785.0,0.97,83,0,Form Check,raxo101,26,False,0,False,text
strength_training,1n1uk0m,Beltless Pause Squat PR 140kg/307lbs 43yo,49,https://reddit.com/r/strength_training/comments/1n1uk0m/beltless_pause_squat_pr_140kg307lbs_43yo/,https://v.redd.it/n9hpg2iuwmlf1,"I should have paused for another second or so, but I'll take it!",1756332052.0,0.98,49,0,PR/PB,ih8hippies,5,False,0,False,text
strength_training,1n2ytjq,"My 340 bench at 175lb bodyweight suicide grip (+335,325,315 pause)",0,https://reddit.com/r/strength_training/comments/1n2ytjq/my_340_bench_at_175lb_bodyweight_suicide_grip/,https://v.redd.it/tqalks1s7wlf1,In the zone and vibing to anime.,1756444752.0,0.38,0,0,Lift,TheShoeGame,5,False,0,False,text
strength_training,1n1nmjn,Bar speeeeed!!!,53,https://reddit.com/r/strength_training/comments/1n1nmjn/bar_speeeeed/,https://v.redd.it/uakv6fbslllf1,"Weights starting to move quicker!
3x6 @ 190kg (419#)

b.w. down to 175# ... 40 y.o 😬 (Happy birthday to me!)",1756316203.0,0.99,53,0,Lift,insightutoring,4,False,0,False,text
strength_training,1n1kpkt,135lbs (Each Side) x 8 Seated Shoulder Press,69,https://reddit.com/r/strength_training/comments/1n1kpkt/135lbs_each_side_x_8_seated_shoulder_press/,https://v.redd.it/56h5y2qk2llf1,I was feeling weak for a couple of days but slowly getting back to normal. ,1756309743.0,0.97,69,0,Lift,TYSON_KCV,5,False,0,False,text
strength_training,1n1uij0,335lbs x 3 rep PR in less than 60 seconds. Sitting at 228lbs BW,20,https://reddit.com/r/strength_training/comments/1n1uij0/335lbs_x_3_rep_pr_in_less_than_60_seconds_sitting/,https://v.redd.it/4w2uw8ymwmlf1,,1756331958.0,0.96,20,0,PR/PB,RicardoCanfieldez,1,False,0,False,text
strength_training,1n1heoe,ATG Front Squats (Featuring: My Long Femurs),53,https://reddit.com/r/strength_training/comments/1n1heoe/atg_front_squats_featuring_my_long_femurs/,https://v.redd.it/q62fwjywfklf1,,1756302151.0,0.92,53,0,Lift,Guywithaguitaar,15,False,0,False,text
strength_training,1n1sjfz,Strengthening my air quote fingers,9,https://reddit.com/r/strength_training/comments/1n1sjfz/strengthening_my_air_quote_fingers/,https://v.redd.it/htc7c6jwimlf1,,1756327344.0,0.61,9,0,Lift,Fat_Foot,10,False,0,False,text
strength_training,1n1keds,messy 110kg incline,13,https://reddit.com/r/strength_training/comments/1n1keds/messy_110kg_incline/,https://v.redd.it/3q0em1id0llf1,,1756309027.0,0.61,13,0,PR/PB,hawthornvisual,5,False,0,False,text
strength_training,1n1nbo5,Stricter Rows,7,https://reddit.com/r/strength_training/comments/1n1nbo5/stricter_rows/,https://v.redd.it/mcvcl0bqjllf1,"some people had quite a lot to say the last time i posted rows, here's hoping the spine brigade lets me live this time ",1756315525.0,0.58,7,0,Lift,hawthornvisual,15,False,0,False,text
strength_training,1n0syvb,I competed!! 90kg mens open,321,https://reddit.com/r/strength_training/comments/1n0syvb/i_competed_90kg_mens_open/,https://v.redd.it/s4ixddrmkelf1,"I did a powerlifting meet!!

Hit 202.5kg on the squat, 127.5kg on bench and 242.5kg on the deadlift.

I only had 1 miss on the day which was 132.5 on my 3rd bench attempt. The squat was pretty conservative,~1lb pr, but the deadlift was a 5kg PR.

All were meet PRs technically? Either way I’m super hooked. I’ve got some rotator cuff damage to address before I can keep pushing bench so it’s leg month for now.

Thanks all happy lifting",1756231072.0,0.99,321,0,Lift,Saibals,22,False,0,False,text
strength_training,1n0z6li,deadliftCritique?,75,https://reddit.com/r/strength_training/comments/1n0z6li/deadliftcritique/,https://v.redd.it/xida2sq6rflf1,"Dead’s have always been my weakest lift, sorry if angle sucks i’m trying not to record others, but is there specific improvements that I can work on?",1756245396.0,0.85,75,0,Form Check,KingCris1300,70,False,0,False,text
strength_training,1n0y4ka,Happy with my Bench progression,44,https://reddit.com/r/strength_training/comments/1n0y4ka/happy_with_my_bench_progression/,https://v.redd.it/8zeeirtojflf1,"I rememeber when I said I wanted to make **two plates** an anyday lift.

I remember when I said I wanted to rep it out **spotless**. 

I remember when I was scared to **pause** them.

I remember when **225lbs** was immovable.

Most of my 2 plate goals have been met.

Now moving onto heavier things!",1756242876.0,0.94,44,0,PR/PB,adriansia117,6,False,0,False,text
strength_training,1n0jyyn,Deadlifts 520lbs for 4,210,https://reddit.com/r/strength_training/comments/1n0jyyn/deadlifts_520lbs_for_4/,https://v.redd.it/kkqluqvntclf1,"New 4 rep max, followed by 4 sets of 3 with 465lbs, then rows, then belt squats, then hip thrusts ",1756209890.0,0.98,210,0,PR/PB,Patton370,53,False,0,False,text
strength_training,1n0q3p1,2 x 395 lbs deadlift at 135 lbs BW. Been trying to work on improving my first rep (my 2nd rep always feels better),98,https://reddit.com/r/strength_training/comments/1n0q3p1/2_x_395_lbs_deadlift_at_135_lbs_bw_been_trying_to/,https://v.redd.it/mayy56et1elf1,,1756224737.0,0.98,98,0,Lift,___J,34,False,0,False,text
strength_training,1n0zi39,315 stiffies on a brick,32,https://reddit.com/r/strength_training/comments/1n0zi39/315_stiffies_on_a_brick/,https://v.redd.it/gztml17ftflf1,Wobbly bricks are good for hypertophy right?,1756246166.0,0.67,32,0,PR/PB,unknownmouse01,45,False,0,False,text
strength_training,1n11j5p,Need advice for Deadlift,24,https://reddit.com/r/strength_training/comments/1n11j5p/need_advice_for_deadlift/,https://v.redd.it/57txlq619glf1,"Felt a few pops on my lower right hip and I couldn’t walk properly for a day. I think it’s because of my form where my lower back tends to arch as I start my lift.

Any advice to improve my form?",1756251380.0,0.96,24,0,Form Check,seongjin12,29,False,0,False,text
strength_training,1n0ynpf,De-load,26,https://reddit.com/r/strength_training/comments/1n0ynpf/deload/,https://v.redd.it/zatu8no1nflf1,Nice little de-load a little over 6 weeks out. ,1756244145.0,1.0,26,0,Lift,Immeatheadroblowe_,1,False,0,False,text
strength_training,1n0qgkl,90kg x 3 Squat - Send help,26,https://reddit.com/r/strength_training/comments/1n0qgkl/90kg_x_3_squat_send_help/,https://v.redd.it/l06km0da3elf1,"I've posted this video in formcheck twice and gotten nothing. I don't think my lifts really fit in with the wild shit you guys are doing in this sub but would really appreciate any formcheck I can get. Any idea on what to look at more would be great. Not sure if it's my form thats holding me back now or just need more muscle

I love squats, but unfortunately I feel like I suck at them. I was stuck at like 60kgx5 for a while but worked on bracing and now I'm at 90kg x 3. I think something is still catastrophically wrong, but I have no idea what.

I can post another video from another angle if that helps. Hard to tell what would be helpful to see as I have no idea where these are falling apart",1756225545.0,0.9,26,0,Form Check,Acro-LovingMotoRacer,31,False,0,False,text
strength_training,1n05vec,"150s Dumbbell Press, 174 BW",592,https://reddit.com/r/strength_training/comments/1n05vec/150s_dumbbell_press_174_bw/,https://v.redd.it/4ezyt1r809lf1,,1756163697.0,0.96,592,0,Lift,WhiteLime,118,False,0,False,text
strength_training,1n07thl,Deadlifted 600lbs PR!!,168,https://reddit.com/r/strength_training/comments/1n07thl/deadlifted_600lbs_pr/,https://v.redd.it/byclflisf9lf1,"600lbs has been secured!!
Competed on Sunday and got this all time PR!! ",1756168902.0,0.99,168,0,PR/PB,Willing_Week_1294,22,False,0,False,text
strength_training,1n05v68,380 x 2 (Old PR was 375 x 1),94,https://reddit.com/r/strength_training/comments/1n05v68/380_x_2_old_pr_was_375_x_1/,https://v.redd.it/q8o7m8y609lf1,,1756163681.0,0.97,94,0,PR/PB,Frodozer,11,False,0,False,text
strength_training,1n094jd,143kg/315 lb squat double,59,https://reddit.com/r/strength_training/comments/1n094jd/143kg315_lb_squat_double/,https://v.redd.it/k17ny3bdq9lf1,,1756172468.0,0.98,59,0,Lift,Micromashington,6,False,0,False,text
strength_training,1mzsud8,430x8 @209 51yrs,305,https://reddit.com/r/strength_training/comments/1mzsud8/430x8_209_51yrs/,https://v.redd.it/rjk80195k6lf1,,1756134048.0,0.99,305,0,Lift,vinsite,34,False,0,False,text
strength_training,1n037l3,Hit a new PR 3 weeks from 64.,36,https://reddit.com/r/strength_training/comments/1n037l3/hit_a_new_pr_3_weeks_from_64/,https://v.redd.it/cbb0lo1wg8lf1,Changed up to a new supplement from Muscle Tech and my bench is up another 10 lbs in the last week. ,1756157172.0,0.92,36,0,PR/PB,Oldmanstrength61,3,False,0,False,text
strength_training,1n066ig,295lbs behind the neck push press at 228lbs BW,19,https://reddit.com/r/strength_training/comments/1n066ig/295lbs_behind_the_neck_push_press_at_228lbs_bw/,https://v.redd.it/zxkkro4o29lf1,,1756164523.0,0.91,19,0,PR/PB,RicardoCanfieldez,5,False,0,False,text
strength_training,1mzw9z4,My lifetime pr Jefferson deadlift 545 x2 at 175lb,48,https://reddit.com/r/strength_training/comments/1mzw9z4/my_lifetime_pr_jefferson_deadlift_545_x2_at_175lb/,https://v.redd.it/1uan26i567lf1,"Itching to grind back and do these again. Might have to start a block and train again when I get down 175 again.

Thekoreanhulk and cookingforgains_ In the background at alphalete Alphaland gym.


And yes those are nike air yeezy 1 in the gym.",1756141560.0,0.61,48,0,Lift,TheShoeGame,59,False,0,False,text
strength_training,1n05ps4,"High Bar Back Squats, 140kg - 160kg",13,https://reddit.com/r/strength_training/comments/1n05ps4/high_bar_back_squats_140kg_160kg/,https://v.redd.it/qjxzjn5zy8lf1,"this is probably 95% of what i can tolerate currently, if it's not obvious being held back by the tipping forward. i have heard a variety of different reasons why it happens, faulty bracing, not keeping your upper back stiff enough, not enough ankle mobility. i can imagine any of those making sense, but i'm having a difficult time diagnosing it on my own.",1756163294.0,0.94,13,0,Form Check,hawthornvisual,1,False,0,False,text
strength_training,1mzmq4v,95kg bench PB,90,https://reddit.com/r/strength_training/comments/1mzmq4v/95kg_bench_pb/,https://v.redd.it/7sl9v26m65lf1,"Last week I could lift 90, this week hit 90kg x2 and 95x1",1756117404.0,1.0,90,0,PR/PB,eobak1,7,False,0,False,text
strength_training,1mzsinv,330lb suitcase deadlift @ 196lb bodyweight,26,https://reddit.com/r/strength_training/comments/1mzsinv/330lb_suitcase_deadlift_196lb_bodyweight/,https://v.redd.it/felh77uyh6lf1,,1756133317.0,0.8,26,0,Lift,Liambroon,7,False,0,False,text
strength_training,1mzw1dc,"Pivot Point Protocol - Squat Week 7 Day 1: Set 2/3 of 3x 147.5 kg Squat - Did 1x 147.5 kg before this, failed the 2nd rep sleeveless, so I put on sleeves and they flew up",10,https://reddit.com/r/strength_training/comments/1mzw1dc/pivot_point_protocol_squat_week_7_day_1_set_23_of/,https://v.redd.it/hipukepy47lf1,,1756141062.0,1.0,10,0,Lift,mothh9,1,False,0,False,text
strength_training,1mz0qey,(67 years old) 117.5kg squat at 63kg - IPF world record is 121,644,https://reddit.com/r/strength_training/comments/1mz0qey/67_years_old_1175kg_squat_at_63kg_ipf_world/,https://v.redd.it/b97xhmhmyzkf1,,1756054168.0,0.99,644,0,PR/PB,Lift4fun,42,False,0,False,text
strength_training,1mzv62b,Bench Press 120kg,5,https://reddit.com/r/strength_training/comments/1mzv62b/bench_press_120kg/,https://v.redd.it/m93h11s8z6lf1,"haven't been in the gym much over the past month, trying to get back in the groove ",1756139137.0,0.61,5,0,Form Check,hawthornvisual,1,False,0,False,text
strength_training,1mzw4nv,Pivot Point Protocol - Squat Week 7 Day 1: Set 2/2 of 2x 132.5 kg 2c Paused Squat,4,https://reddit.com/r/strength_training/comments/1mzw4nv/pivot_point_protocol_squat_week_7_day_1_set_22_of/,https://v.redd.it/c17x6bqj57lf1,,1756141250.0,1.0,4,0,Lift,mothh9,1,False,0,False,text
strength_training,1mz698b,New PR: 6 One Arm Pull Ups with left arm,140,https://reddit.com/r/strength_training/comments/1mz698b/new_pr_6_one_arm_pull_ups_with_left_arm/,https://v.redd.it/n5n4l6kqz0lf1,,1756066663.0,0.99,140,0,PR/PB,DontMindMe2504,10,False,0,False,text
strength_training,1myx579,315x5 @ 183lbs,182,https://reddit.com/r/strength_training/comments/1myx579/315x5_183lbs/,https://v.redd.it/47piz8s9azkf1,Felt super smooth today. ,1756045978.0,0.99,182,0,Lift,JanMichaelVincent7,15,False,0,False,text
strength_training,1myybip,Finally got 20 consecutive pull ups (95kg BW) - would you count this?,89,https://reddit.com/r/strength_training/comments/1myybip/finally_got_20_consecutive_pull_ups_95kg_bw_would/,https://v.redd.it/44g4fvd6izkf1,"Past 30 days I’ve been doing (at least) 100 pull ups every other day. I starter with a rep max of 14, and having completed my 1500/1500th pull up yesterday, tested today and got 20. 

I will come back and clean it up with more ROM, but I’m happy nonetheless. 

In this time I’ve also got my seated dumbbell OHP to 38kg per hand. Interested how my new pulling strength carries over to deadlifting. Maybe 200kg is near (180kg current PR). 

Woo  ",1756048699.0,0.99,89,0,PR/PB,louisciffa,27,False,0,False,text
strength_training,1myy5ji,Zercher rack pull 190kg(418lb),35,https://reddit.com/r/strength_training/comments/1myy5ji/zercher_rack_pull_190kg418lb/,https://v.redd.it/0i1dylf8hzkf1,Bodyweight 70kg (154lb),1756048324.0,0.91,35,0,Lift,Guywithaguitaar,11,False,0,False,text
strength_training,1mz2coo,Form check 180kg lowbar x 3,9,https://reddit.com/r/strength_training/comments/1mz2coo/form_check_180kg_lowbar_x_3/,https://v.redd.it/fjdaef4e90lf1,"Felt tired today. Did a top set at 180kg - form looks somewhat sloppy, notice the bar shifting way ahead of my midcenter",1756057790.0,0.92,9,0,Form Check,AlphaOmega0763,6,False,0,False,text
strength_training,1myawk3,W1D4 | 314 lbs x 4,465,https://reddit.com/r/strength_training/comments/1myawk3/w1d4_314_lbs_x_4/,https://v.redd.it/4gxty4vintkf1,"Nothing special, just liked how this set moved 😊",1755978007.0,0.97,465,0,Lift,BreakfastScared264,39,False,0,False,text
strength_training,1myn1m2,150kg squat PB,72,https://reddit.com/r/strength_training/comments/1myn1m2/150kg_squat_pb/,https://v.redd.it/2tty38zoiwkf1,"Hooray, 2025 squat goal achieved.

Almost did an oopsie at the top by shifting the weight mostly on my heels, glad I recovered else it would’ve been a disaster.

Wanted to push 155/160kg, but my wife (being my voice of reason) told me to just proceed with my backdowns. Perhaps next time.

Ok, now to focus on mastering technique for squat and deadlift. I have yet to hit my 2025 bench goal of 90kg. Cheers!",1756012492.0,0.98,72,0,PR/PB,the-tall-samson,8,False,0,False,text
strength_training,1myf7e3,585lbs for a great single in sleeves at 228lbs BW,222,https://reddit.com/r/strength_training/comments/1myf7e3/585lbs_for_a_great_single_in_sleeves_at_228lbs_bw/,https://v.redd.it/nfpta6nmjukf1,It’s been a WHILE since I hit a back squat. I have been sticking to front squats and nothing over 430ish. Today I blasted 585lbs in sleeves with great depth. I needed to give my hips and left leg a rest from some tendon irritation from running. Although I am capable of much more this made me very happy,1755988592.0,1.0,222,0,Lift,RicardoCanfieldez,12,False,0,False,text
strength_training,1myfi3e,575 deadlift PR,125,https://reddit.com/r/strength_training/comments/1myfi3e/575_deadlift_pr/,https://v.redd.it/kil1wkawlukf1,"me and the homeboy fucked up the calculation and so I pulled 575 instead of 585 , as the app assumed we used powerlifting collars ",1755989356.0,0.96,125,0,PR/PB,Herculean_Son,18,False,0,False,text
strength_training,1mya8qs,Squatted 405,107,https://reddit.com/r/strength_training/comments/1mya8qs/squatted_405/,https://v.redd.it/mwndn9l1jtkf1,,1755976396.0,0.97,107,0,Lift,busymom0,9,False,0,False,text
strength_training,1my3168,New Squat PR 250lbs (43yo F),226,https://reddit.com/r/strength_training/comments/1my3168/new_squat_pr_250lbs_43yo_f/,https://v.redd.it/f2qn2vde5skf1,Sprained my LCL last Nov. 250lbs was my goal to hit by the end of the year. Hit it in Aug.,1755959591.0,0.95,226,0,PR/PB,BarbellaDeVille,20,False,0,False,text
strength_training,1my2srv,Deadlifts post injury (165.5kgs • 365lbs @ 60kgs • 132lbs(,112,https://reddit.com/r/strength_training/comments/1my2srv/deadlifts_post_injury_1655kgs_365lbs_60kgs_132lbs/,https://v.redd.it/3pu2rgtl3skf1,"Kudos to the people that bounce back from injury. I was pretty bummed the first 4 weeks. I was so close to reaching my goal, then my ego got the best of me. 🤡 

Nothing crazy, just trying to get back to my standard strength. 

There's still a slight shift in my left hip during the concentric phase. Other than that, I'm relatively happy with how these are moving after my back tweak a few weeks ago. Still not there, but we putting in work. 

**200kgs** I'm still coming for you! ",1755959006.0,0.96,112,0,Lift,adriansia117,14,False,0,False,text
strength_training,1myh5vz,Squats 160kg x 13,11,https://reddit.com/r/strength_training/comments/1myh5vz/squats_160kg_x_13/,https://v.redd.it/5tq0xmrhyukf1,"Feel like I could've got 15-20 but thought I better have some restraint 😅 

Also could some knowledgeable people just confirm I've got my technique dialed in? Nothing glaringly wrong that you'd recommend I adjust?

Thanks!",1755993871.0,0.93,11,0,Form Check,VanHelsingBerserk,2,False,0,False,text
strength_training,1my6l0d,Advice on my form,35,https://reddit.com/r/strength_training/comments/1my6l0d/advice_on_my_form/,https://v.redd.it/51lt2ijbuskf1,27M 5’8” sitting at 170lbs nearing the end of my cut. How can I improve my form on my deadlift. 405 ,1755967974.0,0.83,35,0,Form Check,LongStrokesBoi,91,False,0,False,text
strength_training,1my75bx,"200x5, working on endurance",24,https://reddit.com/r/strength_training/comments/1my75bx/200x5_working_on_endurance/,https://v.redd.it/tt9daif2yskf1,"Have been in a rut the past couple months — stuck or maybe even feeling weaker. Yesterday was the first time I hit 200x5 for 2 sets on squat, so celebrating this little win! (Squat bar is 55lbs)

33, 5’1”, 120lbs ",1755969283.0,0.95,24,0,Lift,Fit_Momma24,12,False,0,False,text
strength_training,1my94ub,250lb keg x8 reps in 50 seconds,11,https://reddit.com/r/strength_training/comments/1my94ub/250lb_keg_x8_reps_in_50_seconds/,https://v.redd.it/7bu4uuzobtkf1,,1755973822.0,0.87,11,0,Lift,Frodozer,3,False,0,False,text
strength_training,1my6vmq,Another workout where I skip legs.,9,https://reddit.com/r/strength_training/comments/1my6vmq/another_workout_where_i_skip_legs/,https://v.redd.it/re1td9qnvskf1,,1755968661.0,0.7,9,0,Lift,Six8Sequoia,6,False,0,False,text
strength_training,1mxnjmg,Max lift on sumo 550 lbs,150,https://reddit.com/r/strength_training/comments/1mxnjmg/max_lift_on_sumo_550_lbs/,https://v.redd.it/97jcpt4d1okf1,Decided to max out today on sumo and got pretty close to my conventional max of 560lbs. Think I’ve been locking in on form pretty nicely cause 500 lbs felt heavy af a week or so ago 😅 feel comfortable with it for the most part now so only up from here!,1755909806.0,0.97,150,0,PR/PB,SnooDogs559,19,False,0,False,text
strength_training,1mx49xc,(F 67 years old) 65kg bench press at 63kg bodyweight,782,https://reddit.com/r/strength_training/comments/1mx49xc/f_67_years_old_65kg_bench_press_at_63kg_bodyweight/,https://v.redd.it/b1jm2orv6kkf1,,1755863243.0,0.99,782,0,PR/PB,Lift4fun,37,False,0,False,text
strength_training,1mxh5ap,370 touch n go bench pr !,92,https://reddit.com/r/strength_training/comments/1mxh5ap/370_touch_n_go_bench_pr/,https://v.redd.it/cp1y1eiepmkf1,,1755893685.0,0.99,92,0,PR/PB,Herculean_Son,7,False,0,False,text
strength_training,1mx99gp,510lbs for 10 on good mornings,108,https://reddit.com/r/strength_training/comments/1mx99gp/510lbs_for_10_on_good_mornings/,https://v.redd.it/izeqgvww7lkf1,"Same set, two different views ",1755875734.0,0.9,108,0,Form Check,Patton370,27,False,0,False,text
strength_training,1mxhk0e,75kg/165lbs - 12 reps axel press,31,https://reddit.com/r/strength_training/comments/1mxhk0e/75kg165lbs_12_reps_axel_press/,https://v.redd.it/mcq22su6smkf1,,1755894634.0,0.94,31,0,Lift,Flat_Development6659,3,False,0,False,text
strength_training,1mxb0af,105kg Push Press,41,https://reddit.com/r/strength_training/comments/1mxb0af/105kg_push_press/,https://v.redd.it/2ftsqzbqjlkf1,i think i could have pushed more but i wasn't feeling 100% so didn't want to risk it. maybe 110kg if everything lined up perfectly ,1755879673.0,0.77,41,0,PR/PB,hawthornvisual,11,False,0,False,text
strength_training,1mya54n,250lb stone - seal rows,0,https://reddit.com/r/strength_training/comments/1mya54n/250lb_stone_seal_rows/,https://v.redd.it/lgaznqfnitkf1,,1755976161.0,0.43,0,0,Lift,Liambroon,9,False,0,False,text
strength_training,1mx98cw,160kg bench @ 80kg bodyweight - PB,31,https://reddit.com/r/strength_training/comments/1mx98cw/160kg_bench_80kg_bodyweight_pb/,https://v.redd.it/c5f53aqr7lkf1,,1755875664.0,0.98,31,0,PR/PB,Apprehensive_Pin4196,2,False,0,False,text
strength_training,1mwna49,Bench: 5 x 335lbs @195ish lbs,362,https://reddit.com/r/strength_training/comments/1mwna49/bench_5_x_335lbs_195ish_lbs/,https://v.redd.it/v0uiu6xutfkf1,,1755810427.0,0.99,362,0,Lift,not_advice,32,False,0,False,text
strength_training,1mxjpt4,Lat not engaging/muscle imbalance,3,https://reddit.com/r/strength_training/comments/1mxjpt4/lat_not_engagingmuscle_imbalance/,https://v.redd.it/n4zshksf7nkf1,,1755899831.0,0.8,3,0,Form Check,NinerGolf,6,False,0,False,text
strength_training,1mx11fm,355 highbar paused single,27,https://reddit.com/r/strength_training/comments/1mx11fm/355_highbar_paused_single/,https://v.redd.it/icilhml39jkf1,"First paused squat in a while, lost position 3/4 the way up. Kinda easy, kinda bad. ",1755851896.0,0.93,27,0,Lift,Sea_Afternoon_6753,3,False,0,False,text
strength_training,1mx5xc3,Yates row,10,https://reddit.com/r/strength_training/comments/1mx5xc3/yates_row/,https://v.redd.it/vlfrk4cakkkf1,"Here is clip of pull day today..
I’m attempting to switch from standard bent over rows to Yates row.

How does it look?
Connection feels good but more so in the rear delts than the traps. Lats are also felling it but not as good as the standard row in comparison.

Angle seem right?
Watched form vids and a few of Dorian’s vids on it too. The only thing I avoid is the underhand grip.
",1755867765.0,0.92,10,0,Lift,Working_Jellyfish978,1,False,0,False,text
strength_training,1mwlfv7,Starting to get back into strict press. 225,221,https://reddit.com/r/strength_training/comments/1mwlfv7/starting_to_get_back_into_strict_press_225/,https://v.redd.it/1y47n8zbhfkf1,,1755806214.0,1.0,221,0,Lift,optimusfiner,19,False,0,False,text
strength_training,1mwaigr,Deadlift 264 lbs / 120 kg x3,648,https://reddit.com/r/strength_training/comments/1mwaigr/deadlift_264_lbs_120_kg_x3/,https://v.redd.it/6bvtfwqogdkf1,,1755781810.0,0.98,648,0,Lift,KumaMori11,62,False,0,False,text
strength_training,1mwwvua,315 feeling smooth,33,https://reddit.com/r/strength_training/comments/1mwwvua/315_feeling_smooth/,https://v.redd.it/ajtbywpwzhkf1,,1755836691.0,0.98,33,0,Lift,Spinosaurus_N37,1,False,0,False,text
strength_training,1mwtrl4,335 Conventional,44,https://reddit.com/r/strength_training/comments/1mwtrl4/335_conventional/,https://v.redd.it/v7tgkuu28hkf1,335lbs for an easy 5 at 140lb bodyweight. Need to pause longer next time though. Best my deadlift has felt in months. Went back to my old form and don’t have pain in my erectors anymore. Plus it feels natural. What do you guys think the rpe is here?,1755827326.0,0.96,44,0,Lift,Professional-War302,13,False,0,False,text
strength_training,1mwl4ne,Deadlift 455lb @175bw,58,https://reddit.com/r/strength_training/comments/1mwl4ne/deadlift_455lb_175bw/,https://v.redd.it/w5v7bw74ffkf1,Been trying a more froggy stance recently,1755805500.0,1.0,58,0,Lift,KikiDelivers,6,False,0,False,text
strength_training,1mwle4q,Haven’t benched in a month. 365lbs  @228lbs bw,49,https://reddit.com/r/strength_training/comments/1mwle4q/havent_benched_in_a_month_365lbs_228lbs_bw/,https://v.redd.it/srk0mxqzgfkf1,,1755806107.0,0.89,49,0,Lift,zamo0273,20,False,0,False,text
strength_training,1mx9lr3,Is this front squat depth parallel?,1,https://reddit.com/r/strength_training/comments/1mx9lr3/is_this_front_squat_depth_parallel/,https://imgur.com/a/DXqWtm7,,1755876505.0,0.6,1,0,Form Check,se898,4,False,0,False,text
strength_training,1mxmo0r,516KG (1137LBS) Hex Deadlift - 4” Blocks,0,https://reddit.com/r/strength_training/comments/1mxmo0r/516kg_1137lbs_hex_deadlift_4_blocks/,https://v.redd.it/u67t589ytnkf1,,1755907358.0,0.45,0,0,Lift,SprayedBlade,15,False,0,False,text
strength_training,1mwdpio,100kg - 108kg - 122kg - 133kg - 142kg Natural stone to shoulder.,61,https://reddit.com/r/strength_training/comments/1mwdpio/100kg_108kg_122kg_133kg_142kg_natural_stone_to/,https://v.redd.it/u9fw9lla2ekf1,,1755789124.0,0.98,61,0,Lift,crawfordov24,10,False,0,False,text
strength_training,1mwndvu,Hit a new PR with the Rhino flex bar 3 weeks from 64.,19,https://reddit.com/r/strength_training/comments/1mwndvu/hit_a_new_pr_with_the_rhino_flex_bar_3_weeks_from/,https://v.redd.it/a4pzlahkufkf1,"Lots of flex in this bar, recruiting a lot of muscles fibers around the rotator. ",1755810666.0,1.0,19,0,PR/PB,Oldmanstrength61,7,False,0,False,text
strength_training,1mwc5i4,100kg x 3,21,https://reddit.com/r/strength_training/comments/1mwc5i4/100kg_x_3/,https://v.redd.it/mawpqcxgsdkf1,Would love to hear your thoughts on things i can improve on!,1755785751.0,0.93,21,0,Form Check,carlitooocool,2,False,0,False,text
strength_training,1mvu6kq,Barbell RDLs | 265 lbs x 10 (3),224,https://reddit.com/r/strength_training/comments/1mvu6kq/barbell_rdls_265_lbs_x_10_3/,https://v.redd.it/g96b5hjp89kf1,Welcome to my offseason 🥳 so glad my coach programmed these. Hamstring curls were not fun.,1755730681.0,0.99,224,0,Lift,BreakfastScared264,24,False,0,False,text
strength_training,1mvl2zr,555 Pound Deadlift for 3 Beltless,434,https://reddit.com/r/strength_training/comments/1mvl2zr/555_pound_deadlift_for_3_beltless/,https://v.redd.it/1csmxzw8k7kf1,,1755710357.0,0.98,434,0,Lift,YodyCork,40,False,0,False,text
strength_training,1mw0d21,+50kg/110lbs Weighted Chinup PR,63,https://reddit.com/r/strength_training/comments/1mw0d21/50kg110lbs_weighted_chinup_pr/,https://v.redd.it/9k338w0mnakf1,Hit this PR today!,1755747791.0,0.98,63,0,Lift,AfraidOfBacksquats,6,False,0,False,text
strength_training,1mw5dai,105kg RDL x 5,25,https://reddit.com/r/strength_training/comments/1mw5dai/105kg_rdl_x_5/,https://v.redd.it/r73b81h24ckf1,Really enjoying this lift a lot more. Doing all my lifts barefoot feels particularly good especially for RDL. BW moving up about 83-84 rn. ,1755765454.0,1.0,25,0,Lift,Cobalenko,9,False,0,False,text
strength_training,1mvpqiy,NEW P.R. - 345 Bench. Does this count as a rep since my butt came off the bench?,55,https://reddit.com/r/strength_training/comments/1mvpqiy/new_pr_345_bench_does_this_count_as_a_rep_since/,https://v.redd.it/ilc5l8b3e8kf1,,1755720389.0,0.74,55,0,Form Check,Soggy-Effort365,76,False,0,False,text
strength_training,1mvlnqt,Squat PR 575 (Road to 600),61,https://reddit.com/r/strength_training/comments/1mvlnqt/squat_pr_575_road_to_600/,https://v.redd.it/cw8c3e54m7kf1,,1755711582.0,0.97,61,0,PR/PB,JonnySidequest,16,False,0,False,text
strength_training,1mvaabq,"Good mornings, 110kg.",202,https://reddit.com/r/strength_training/comments/1mvaabq/good_mornings_110kg/,https://v.redd.it/qu5fafqehcjf1,,1755683072.0,0.94,202,0,Lift,marousha_n,52,False,0,False,text
strength_training,1mvgtn0,Tough week of work,74,https://reddit.com/r/strength_training/comments/1mvgtn0/tough_week_of_work/,https://v.redd.it/c5elscrws6kf1,Only miss was my top set of deads at 320/705 - just didn’t have it that day but the weight felt great. About 7 weeks out and now that we can manage fatigue 7+ will get pulled. ,1755701161.0,0.98,74,0,Lift,Immeatheadroblowe_,9,False,0,False,text
strength_training,1mv8x65,Road to 500: 390 deload,175,https://reddit.com/r/strength_training/comments/1mv8x65/road_to_500_390_deload/,https://v.redd.it/bim6btvvv4kf1,"I thought these were paused lol.

Should probably put sleeves on.",1755677953.0,0.97,175,0,Lift,Imposter_Syndrome345,34,False,0,False,text
strength_training,1mvwn6h,Front squat session,9,https://reddit.com/r/strength_training/comments/1mvwn6h/front_squat_session/,https://v.redd.it/g500bgxzr9kf1,"Front squat session from 20 to 120kg at @85kg

What do you think?",1755737173.0,1.0,9,0,Form Check,CapitalBat5188,4,False,0,False,text
strength_training,1mvjjii,275 ZDL,29,https://reddit.com/r/strength_training/comments/1mvjjii/275_zdl/,https://v.redd.it/cuctcubga7kf1,Here come the reddit chiropractors saying I shouldn't be doing this 😂,1755707047.0,0.8,29,0,PR/PB,unknownmouse01,6,False,0,False,text
strength_training,1mvo6so,+17.5kg PR,16,https://reddit.com/r/strength_training/comments/1mvo6so/175kg_pr/,https://v.redd.it/ufdegs2148kf1,"First session back after getting my nose fixed, thought I’d work up to about 140kg. Ended up doing 180kg for an easy single. Felt really easy so I thought we might as well pick up the 200kg we missed a couple weeks ago. That was easy too so we got 210 for a laugh. +17.5kg PR after 2 weeks of doing nothing. Kinda stupid but ya know, PR. 😂",1755717010.0,0.86,16,0,PR/PB,RegularStrength89,8,False,0,False,text
strength_training,1muxcvf,Standing DB Press PR: 100s for 6. 174 BW,332,https://reddit.com/r/strength_training/comments/1muxcvf/standing_db_press_pr_100s_for_6_174_bw/,https://v.redd.it/s1scwh2gz1kf1,,1755642822.0,0.97,332,0,PR/PB,WhiteLime,47,False,0,False,text
strength_training,1muok4g,405lbs Back Squat at 155lbs bodyweight,796,https://reddit.com/r/strength_training/comments/1muok4g/405lbs_back_squat_at_155lbs_bodyweight/,https://v.redd.it/mi49dggzd0kf1,Not as clean as I’d like it to be but I’m still super proud of myself.,1755623527.0,0.86,796,0,Lift,Longjumping_Tackle38,240,False,0,False,text
strength_training,1mvkngi,Close Grip Bench 100kg x 6,8,https://reddit.com/r/strength_training/comments/1mvkngi/close_grip_bench_100kg_x_6/,https://v.redd.it/fvrodhmih7kf1,,1755709443.0,0.79,8,0,Form Check,hawthornvisual,1,False,0,False,text
strength_training,1mvkxso,Just for Fun - 1091LBS (495KG) Hex Bar 6” Block Pull - 6.8X Bodyweight @161,5,https://reddit.com/r/strength_training/comments/1mvkxso/just_for_fun_1091lbs_495kg_hex_bar_6_block_pull/,https://v.redd.it/me1wkvryi7kf1,,1755710056.0,0.57,5,0,Lift,SprayedBlade,8,False,0,False,text
strength_training,1mv1vjw,"(6'8"" - 240lbs) - Pull-Ups",65,https://reddit.com/r/strength_training/comments/1mv1vjw/68_240lbs_pullups/,https://v.redd.it/gkakmyxjy2kf1,"If you dont use it, you will lose it. ",1755654617.0,0.93,65,0,Form Check,Six8Sequoia,13,False,0,False,text
strength_training,1mv3agk,Push and Pull Calisthenics training on the straight bar,21,https://reddit.com/r/strength_training/comments/1mv3agk/push_and_pull_calisthenics_training_on_the/,https://v.redd.it/tougbbmja3kf1,,1755658658.0,1.0,21,0,Lift,dacquirifit,3,False,0,False,text
strength_training,1muu12q,130kg x 10 bench,61,https://reddit.com/r/strength_training/comments/1muu12q/130kg_x_10_bench/,https://v.redd.it/rh9cro0yc1kf1,"Have only introduced the belt to benching the last month or so, still not convinced it helps a lot but i'm giving it a go. Happy to take any tips or critique. Bw about 115.",1755635254.0,0.98,61,0,Lift,improbablywrong-,8,False,0,False,text
strength_training,1muqyzr,Back at it again. Paused sumos 405x5.,49,https://reddit.com/r/strength_training/comments/1muqyzr/back_at_it_again_paused_sumos_405x5/,https://v.redd.it/22bz6p8et0kf1,"I’ve done paused for other lifts but never deadlifts. Def helped maintain my form and strength at the bottom. Tweaked my setup a bit too but these felt hella better overall. Any other advice is welcome, tryna progress w/ this new deadlifting form 💪🥹",1755628671.0,0.96,49,0,Form Check,SnooDogs559,12,False,0,False,text
strength_training,1muigql,High Incline _______ Press (77kgs • 170lbs @ 60kgs • 132lbs),107,https://reddit.com/r/strength_training/comments/1muigql/high_incline_press_77kgs_170lbs_60kgs_132lbs/,https://v.redd.it/n2s3k6p8azjf1,"Just to avoid controversy, fill in the blank to your liking. ",1755610138.0,0.93,107,0,Lift,adriansia117,15,False,0,False,text
strength_training,1mvkkho,"Barbell Rows, 140kg x 3 (maybe 2.9)",0,https://reddit.com/r/strength_training/comments/1mvkkho/barbell_rows_140kg_x_3_maybe_29/,https://v.redd.it/qnj3p5f1h7kf1,"i hope to get this stricter in the future but two reps to the belly button and one an inch away, feels pretty good.",1755709269.0,0.48,0,0,PR/PB,hawthornvisual,25,False,0,False,text
strength_training,1mv25tg,"In contrast with my yoke, my press isn't quite where I was hoping, but shouldn't zero the event at least",8,https://reddit.com/r/strength_training/comments/1mv25tg/in_contrast_with_my_yoke_my_press_isnt_quite/,https://v.redd.it/97473htt03kf1,,1755655415.0,1.0,8,0,PR/PB,Shadow_Phoenix951,1,False,0,False,text
strength_training,1mufp7v,180kg stone over 1.3m,49,https://reddit.com/r/strength_training/comments/1mufp7v/180kg_stone_over_13m/,https://v.redd.it/ee3excrcoyjf1,"My 3rd attempt stone at ""Log, Deadlift, Stone"" competition in the Gold Coast last year. Coming out with a 657.5kg total and the 🥇",1755602762.0,0.98,49,0,Lift,skwattydubb,1,False,0,False,text
strength_training,1mufjnp,Giving 3 plates a ride on a Rhino Flex bar at 63.,26,https://reddit.com/r/strength_training/comments/1mufjnp/giving_3_plates_a_ride_on_a_rhino_flex_bar_at_63/,https://v.redd.it/yk55rbfnmyjf1,Strength training has come a long way. Strengthening the Stabilizers with oscillating and flex bars will make you stronger as they recruit and stimulate more muscle fibers than a steel bar. ,1755602295.0,0.93,26,0,Lift,Oldmanstrength61,5,False,0,False,text
strength_training,1mud2zu,Volume PR: 172.5kg / 380lbs for a triple.,40,https://reddit.com/r/strength_training/comments/1mud2zu/volume_pr_1725kg_380lbs_for_a_triple/,https://v.redd.it/sdi4dn1cxxjf1,Hoping to hit 200kg / 440lbs for a single later this year. ,1755593686.0,1.0,40,0,PR/PB,Chris_Webber,6,False,0,False,text
strength_training,1mu6a55,388lb natural stone @ 196lb bodyweight,100,https://reddit.com/r/strength_training/comments/1mu6a55/388lb_natural_stone_196lb_bodyweight/,https://v.redd.it/70dim6301wjf1,,1755570696.0,0.96,100,0,Lift,Liambroon,39,False,0,False,text
strength_training,1mugmuc,"122.5kgs, Front Squat 5RM",12,https://reddit.com/r/strength_training/comments/1mugmuc/1225kgs_front_squat_5rm/,https://v.redd.it/oi9vjsq8wyjf1,,1755605483.0,1.0,12,0,PR/PB,chandra_1_ashish,1,False,0,False,text
strength_training,1mtqypd,225x6 rep PR,360,https://reddit.com/r/strength_training/comments/1mtqypd/225x6_rep_pr/,https://v.redd.it/8buhgplq1tjf1,OHP moving well,1755534620.0,0.98,360,0,PR/PB,CommonSuspicious536,63,False,0,False,text
strength_training,1muwim5,Squat Form Check,0,https://reddit.com/r/strength_training/comments/1muwim5/squat_form_check/,https://v.redd.it/ckw5udskt1kf1,"First video is wide stance wide toe angle last month. Second is recent close stance straighter feet

I posted a form check a month ago saying the wide stance was feeling really comfortable. Since there was knee cave others advised me to try a narrow stance and reduce the foot angle since my knees were just caving to where my legs are strongest. I tried it out but it seems that my knees just cave even more and it makes my squat look even weirder. Plus I missed 3-4 reps I would’ve gotten if I were using the wider stance. The knee cave causes 0 discomfort.

I’m thinking I should just do the wide stance and narrow my foot angle so it matches my femur angle and then just work on reducing the knee cave by strengthening my glutes. I have many more vids if you want to dm. What do you all think? ",1755640840.0,0.47,0,0,Form Check,Professional-War302,17,False,0,False,text
strength_training,1mtlegx,First Full Powerlifting Meet Recap,398,https://reddit.com/r/strength_training/comments/1mtlegx/first_full_powerlifting_meet_recap/,https://v.redd.it/ac0v1v9k0sjf1,"Competed over the weekend at the Florida State Championship meet! The goal was a 1,200lb total and was able to hit 1,224! 

This was my first full meet and was super pumped! I was in the 100k (220) Masters (I’m 42) group. I weighed in at 96k (211lbs). 

My best lifts were:

Squat - 396lbs
Bench - 296lbs
Deadlift - 542lbs

The event was ran super tight and everyone was so helpful and kind. Highly recommend this meet if you’re in FL! ",1755522117.0,0.99,398,0,Lift,mobilemike01,30,False,0,False,text
strength_training,1mu5ik4,200kg beltless Pause Squat @RPE ~8,13,https://reddit.com/r/strength_training/comments/1mu5ik4/200kg_beltless_pause_squat_rpe_8/,https://v.redd.it/vkaz92aiuvjf1,,1755568627.0,0.93,13,0,Lift,VanHelsingBerserk,1,False,0,False,text
strength_training,1mtuqge,10x170kg/375lb ~5RPEdouble overhand beltless DL PR! Long DL sets just hit different,40,https://reddit.com/r/strength_training/comments/1mtuqge/10x170kg375lb_5rpedouble_overhand_beltless_dl_pr/,https://v.redd.it/6o7x21qxptjf1,"Been enjoying longer DL sets once again (I mainly bench)! Last year I experimented with just hitting one AMRAP every other week and that felt pretty great until it just didnt lol, I lasted 6 weeks felt pretty toast after that. Went from not pulling in ~6 months to 17x140kg -> 12x180kg -> 10x200kg. Then, earlier this summer I did a short period of double overhand axle DLs and motivated by it decided to continue pulling more regularly. This time instead of amraps going with 10s felt more fun and why not mix it up by hitting some grip work at the same time & without belt, right? Currently doing two ascending 10s each week after secondary bench, planning on doing this as long the grip doesnt become an issue and after that its time for one all out session with straps or mixed grip!",1755542758.0,1.0,40,0,PR/PB,JaggedEunuch,4,False,0,False,text
strength_training,1mtmhfs,6 Plate +5lbs Conventional Deadlift for 6 reps,50,https://reddit.com/r/strength_training/comments/1mtmhfs/6_plate_5lbs_conventional_deadlift_for_6_reps/,https://v.redd.it/r5sjbnma8sjf1,I brought out the fight on this one ,1755524721.0,0.98,50,0,Lift,Altruistic-Shape-407,3,False,0,False,text
strength_training,1mti3u0,Amazing stimulation to the Stabilizers,53,https://reddit.com/r/strength_training/comments/1mti3u0/amazing_stimulation_to_the_stabilizers/,https://v.redd.it/e0qbc0vf7rjf1,Bandbell products and this setup with kettlebells will put so much blood flow and recruitment into the stabilizers helping you get stronger and healthier when benching. Try it. ,1755512400.0,0.64,53,0,Lift,Oldmanstrength61,96,False,0,False,text
strength_training,1muogvz,Leg Press - Struggling with depth due to Belly and Thigh obstruction,0,https://reddit.com/r/strength_training/comments/1muogvz/leg_press_struggling_with_depth_due_to_belly_and/,https://v.redd.it/rxzs0d58d0kf1,"Hi all,  
Whilst I'm pushing a nice weight on the leg press, I am a little worried I'm possibly cheating myself in the depth department. Reviewing the video it doesn't look hugely deep, but I physically can't get much deeper due to a 29"" thigh and 44"" waist, is there anything i'm obviously doing wrong/should change? (of course, my weight!)

Note: This is after discovering 1RM on deadlifts for first time (that was 165kg)",1755623341.0,0.36,0,0,Form Check,MyDeicide,54,False,0,False,text
strength_training,1mt6ijp,622 missed 661,131,https://reddit.com/r/strength_training/comments/1mt6ijp/622_missed_661/,https://v.redd.it/pl55q74a3ojf1,"Pushed prep a little too hard showed up today still beat up; very good learning experience. 

Self coached prep, messed up peak strength a little still happy with today. 

1697 total 770kg 5/9 282.5 / 192.5 / 295

Missed 300kg squat , 200kg bench and 322.5kg dead. 

Was so worried about squat depth seems like I was one of the few today in my flight that didn't miss for depth. If I was more conservative 1750+ woulda been easy. ",1755474618.0,0.99,131,0,PR/PB,Intelligent-Agent294,17,False,0,False,text
strength_training,1mudel2,Very deep deficit push-ups,0,https://reddit.com/r/strength_training/comments/1mudel2/very_deep_deficit_pushups/,https://v.redd.it/jve1dfsx0yjf1,"I do them for hypertrophy. People tell me I will get injured in my shoulders doing them like this. But I warm-up thoroughly and I have been progressing my depth slowly. Also, I feel completely fine and have been doing them for two years. ",1755594924.0,0.43,0,0,Form Check,EdGames8,15,False,0,False,text
strength_training,1msqix5,"280KG , 18yo 89KG bw",440,https://reddit.com/r/strength_training/comments/1msqix5/280kg_18yo_89kg_bw/,https://v.redd.it/smjhbcjzwkjf1,,1755436216.0,0.98,440,0,Lift,SkyeIsTyping,31,False,0,False,text
strength_training,1mta6wf,Finally hit the dreaded 3-plate weighted dip,17,https://reddit.com/r/strength_training/comments/1mta6wf/finally_hit_the_dreaded_3plate_weighted_dip/,https://v.redd.it/a2x6anw7yojf1,Second attempt after I failed the first. Had to give it another go. Previous PB was 125. Body weight ~ 185.,1755485015.0,0.69,17,0,PR/PB,ngourgouris,13,False,0,False,text
strength_training,1msvas9,Front Squat: And I thought Back Squats were intimidating... 102kgs • 225lbs @ 60kgs • 132lbs,87,https://reddit.com/r/strength_training/comments/1msvas9/front_squat_and_i_thought_back_squats_were/,https://v.redd.it/awhnzntnvljf1,"I've been trying to attack my quads a little more, since my Back Squats have been stagnant. Never loaded 2 plates before... Definitely a humbling experience. I'll clean it up next time. ",1755447831.0,0.95,87,0,PR/PB,adriansia117,16,False,0,False,text
strength_training,1mt4juu,"trying ring pull ups, 110kg",18,https://reddit.com/r/strength_training/comments/1mt4juu/trying_ring_pull_ups_110kg/,https://v.redd.it/spglcsoxnnjf1,"these felt pretty comfortable, the free rotation makes the pull feel good through the whole motion ",1755469453.0,0.9,18,0,Form Check,hawthornvisual,8,False,0,False,text
strength_training,1msvoo0,First OHP in 8 months. 250 for a single @205,42,https://reddit.com/r/strength_training/comments/1msvoo0/first_ohp_in_8_months_250_for_a_single_205/,https://v.redd.it/u4zla8icyljf1,"Got 265 and failed 275 after… not thrilled but I’ll get back one day

",1755448736.0,0.95,42,0,Lift,cmholde2,7,False,0,False,text
strength_training,1msvpcn,Failed 10 rep attempt. 335 bench press,25,https://reddit.com/r/strength_training/comments/1msvpcn/failed_10_rep_attempt_335_bench_press/,https://v.redd.it/t3lchsshyljf1,,1755448779.0,0.93,25,0,Lift,optimusfiner,2,False,0,False,text
strength_training,1msvvor,275lbs for 10 reps on Bench!,16,https://reddit.com/r/strength_training/comments/1msvvor/275lbs_for_10_reps_on_bench/,https://v.redd.it/b0lv005pzljf1,,1755449191.0,1.0,16,0,Lift,TYSON_KCV,1,False,0,False,text
strength_training,1msh07v,595lbs PR!!,101,https://reddit.com/r/strength_training/comments/1msh07v/595lbs_pr/,https://v.redd.it/obgswi3l7ijf1,On the road to 600lbs and that will be achieved next Sunday!! ,1755403420.0,0.98,101,0,PR/PB,Willing_Week_1294,14,False,0,False,text
strength_training,1mssbgt,Finger strength training with 25kg/55lbs and a half inch/12.7mm crimp handle,14,https://reddit.com/r/strength_training/comments/1mssbgt/finger_strength_training_with_25kg55lbs_and_a/,https://v.redd.it/0st2gqdsaljf1,,1755440815.0,0.68,14,0,Lift,Fat_Foot,8,False,0,False,text
strength_training,1ms3ymf,I’ll never be able to squat heavy but I can do this 495x8 (first rep cut),227,https://reddit.com/r/strength_training/comments/1ms3ymf/ill_never_be_able_to_squat_heavy_but_i_can_do/,https://v.redd.it/9jlwy7b5gfjf1,,1755369967.0,0.95,227,0,Lift,man_of-feel,48,False,0,False,text
strength_training,1mrw5jo,175kg/386lbs x 3 rep max squat,225,https://reddit.com/r/strength_training/comments/1mrw5jo/175kg386lbs_x_3_rep_max_squat/,https://v.redd.it/a0jkbr7l1ejf1,,1755352983.0,1.0,225,0,PR/PB,jjmuti,34,False,0,False,text
strength_training,1msaev5,Walking with 605lb Deadlift for reps Causally,44,https://reddit.com/r/strength_training/comments/1msaev5/walking_with_605lb_deadlift_for_reps_causally/,https://v.redd.it/80w0bdljngjf1,,1755384566.0,0.85,44,0,Lift,Altruistic-Shape-407,5,False,0,False,text
strength_training,1msbktx,How to stop swinging on pull ups?,31,https://reddit.com/r/strength_training/comments/1msbktx/how_to_stop_swinging_on_pull_ups/,https://v.redd.it/b6apxtxyvgjf1,,1755387438.0,0.9,31,0,Form Check,BowlSignificant7305,37,False,0,False,text
strength_training,1msafoj,170lbs 3” monster circus dumbbell PR and a 150lbs rep PR.,27,https://reddit.com/r/strength_training/comments/1msafoj/170lbs_3_monster_circus_dumbbell_pr_and_a_150lbs/,https://v.redd.it/is5ehcwnngjf1,My left side has balance issues and those were failed reps but last week I could only hit one on each side so this is a great improvement. 228lbs bodyweight,1755384620.0,0.86,27,0,PR/PB,RicardoCanfieldez,1,False,0,False,text
strength_training,1ms8knh,Squat session,34,https://reddit.com/r/strength_training/comments/1ms8knh/squat_session/,https://v.redd.it/vokf7hahagjf1,"Squat session: 20, 60, 80, 100, 140, 160 and 180kg at @85kg

What do you think?",1755380240.0,0.99,34,0,Form Check,CapitalBat5188,9,False,0,False,text
strength_training,1mrxfwy,Birthday deadlifts - 240kg/530lbs,62,https://reddit.com/r/strength_training/comments/1mrxfwy/birthday_deadlifts_240kg530lbs/,https://v.redd.it/8afiy319aejf1,"Turned 31 today, I've clearly lost a lot of strength during this cut and aren't used to pulling for low reps at the moment but it's a birthday tradition for me to do a heavy deadlift so figured I had to lol",1755355881.0,0.78,62,0,Lift,Flat_Development6659,43,False,0,False,text
strength_training,1ms3mgs,Good 425 PR?,20,https://reddit.com/r/strength_training/comments/1ms3mgs/good_425_pr/,https://v.redd.it/3c99v13zdfjf1,"Kept failing to record my 415 PR, hit it today pretty easy so decided to try 425, opinions on if it’s a good lift or too much kipping at the top? Ps yes a little back rounding, I’m much more strict when repping.",1755369241.0,0.92,20,0,PR/PB,Glum-Name699,10,False,0,False,text
strength_training,1ms9hhj,First time trying Jefferson Curls,7,https://reddit.com/r/strength_training/comments/1ms9hhj/first_time_trying_jefferson_curls/,https://v.redd.it/qge62mwxggjf1,,1755382349.0,0.67,7,0,Form Check,DylanDaBacon,18,False,0,False,text
strength_training,1ms2en4,Highbar Squat PR. 175kg x8. started this block at 150kg x8. RPE 10 for sure! Deload time for sure!,14,https://reddit.com/r/strength_training/comments/1ms2en4/highbar_squat_pr_175kg_x8_started_this_block_at/,https://v.redd.it/9h45ek1o3fjf1,,1755366624.0,1.0,14,0,PR/PB,peterinnit,1,False,0,False,text
strength_training,1mrlc2u,Up to 525 on Yoke. Pretty confident in 550 in 4 weeks,40,https://reddit.com/r/strength_training/comments/1mrlc2u/up_to_525_on_yoke_pretty_confident_in_550_in_4/,https://v.redd.it/ljzjrsb3dbjf1,,1755320513.0,1.0,40,0,PR/PB,Shadow_Phoenix951,1,False,0,False,text
strength_training,1mrhkpe,545x2 deadlift Pr,57,https://reddit.com/r/strength_training/comments/1mrhkpe/545x2_deadlift_pr/,https://v.redd.it/ft8vde3tgajf1,"One week out . Old Pr is 560 (last year ) . Had room for a third but sticking to the coaching side and doing exactly what’s programmed .

Attempting 585 in 10 days 

",1755309745.0,0.93,57,0,PR/PB,Herculean_Son,15,False,0,False,text
strength_training,1mrheq0,405x2 front squat,56,https://reddit.com/r/strength_training/comments/1mrheq0/405x2_front_squat/,https://v.redd.it/rg4v7o0pfajf1,"got a lil excited at the end, I didnt think id be able to get one much less 2",1755309291.0,0.98,56,0,PR/PB,Big_Advertising1632,3,False,0,False,text
strength_training,1mr02rn,🚨PR DAY🚨 385lbs Deadlift | 275lbs Squat | 195lbs Bench Press. 180lbs body weight,414,https://reddit.com/r/strength_training/comments/1mr02rn/pr_day_385lbs_deadlift_275lbs_squat_195lbs_bench/,https://v.redd.it/dsog2otw47jf1,"5 Months in the gym after being inconsistent last year, fell off but came back stronger. 850lbs total, 150lbs more for the 1,000 club ",1755269471.0,0.92,414,0,PR/PB,SmokeTHRAXX,64,False,0,False,text
strength_training,1mr7bum,575LB Deadlift for 10 reps: How Bad Do You Want It?,174,https://reddit.com/r/strength_training/comments/1mr7bum/575lb_deadlift_for_10_reps_how_bad_do_you_want_it/,https://v.redd.it/cygbq1zqf8jf1,,1755285155.0,0.93,174,0,Lift,Altruistic-Shape-407,38,False,0,False,text
strength_training,1mre9zf,+155 Pound Weighted Pull-ups For 3,65,https://reddit.com/r/strength_training/comments/1mre9zf/155_pound_weighted_pullups_for_3/,https://v.redd.it/r78w9rtwq9jf1,220 Pounds Bodyweight,1755301055.0,0.98,65,0,Lift,YodyCork,8,False,0,False,text
strength_training,1mr8zae,New rep PB for me 275lbx20,52,https://reddit.com/r/strength_training/comments/1mr8zae/new_rep_pb_for_me_275lbx20/,https://v.redd.it/6mscxhshq8jf1,"one of 531s variations for supplemental lifts are these widowmaker sets with 70%x20. this is the most weight i've done on these! it was pretty tough! way harder than 5x10 with this weight, though most of it comes from feeling like not having enough air and the blood pressure headache. but we got through it!",1755288863.0,0.93,52,0,PR/PB,NeoBokononist,21,False,0,False,text
strength_training,1mqx8ki,🚨PR ALERT🚨 345lb Deadlift!,189,https://reddit.com/r/strength_training/comments/1mqx8ki/pr_alert_345lb_deadlift/,https://v.redd.it/68yu4ex3m6jf1,,1755263016.0,0.96,189,0,PR/PB,jarredvanstone,39,False,0,False,text
strength_training,1mrbyjq,B stance RDL 315lbs x5,30,https://reddit.com/r/strength_training/comments/1mrbyjq/b_stance_rdl_315lbs_x5/,https://v.redd.it/hizksw6va9jf1,,1755295554.0,0.91,30,0,Lift,Senetrix666,19,False,0,False,text
strength_training,1mrht0p,Sumo advice,12,https://reddit.com/r/strength_training/comments/1mrht0p/sumo_advice/,https://v.redd.it/ktfqx8gyiajf1,Any tweaks I can make? Feels like I’m very slow off the ground. Always did comventional DL bc sumo felt very awkward imo… buuut feels better w/ my lower back now and I still like deadlifting some heavy shit. ,1755310380.0,1.0,12,0,Form Check,SnooDogs559,9,False,0,False,text
strength_training,1mr9ko4,Zercher Deadlifts for Reps today. Everything felt smooth.,24,https://reddit.com/r/strength_training/comments/1mr9ko4/zercher_deadlifts_for_reps_today_everything_felt/,https://v.redd.it/rczzfe8xu8jf1,,1755290193.0,0.84,24,0,Lift,Six8Sequoia,1,False,0,False,text
strength_training,1mrh98c,170kg x 3 squat,10,https://reddit.com/r/strength_training/comments/1mrh98c/170kg_x_3_squat/,https://v.redd.it/u2b8avaheajf1,80kg BW ,1755308879.0,0.92,10,0,PR/PB,KiwiPelado,4,False,0,False,text
strength_training,1mr3bci,First 4 plate good morning,38,https://reddit.com/r/strength_training/comments/1mr3bci/first_4_plate_good_morning/,https://v.redd.it/mavzm6fzp7jf1,485lbs for 10. The goal is 500lbs for 10-12 next week (after squats) ,1755276463.0,0.88,38,0,PR/PB,Patton370,9,False,0,False,text
strength_training,1mqy5p1,"7.5"" Deficit Anti Glassback 100kg(220lb)X5",61,https://reddit.com/r/strength_training/comments/1mqy5p1/75_deficit_anti_glassback_100kg220lbx5/,https://v.redd.it/1jbyhuvjs6jf1,Bodyweight:70kg(154lb),1755265217.0,0.79,61,0,Lift,Guywithaguitaar,32,False,0,False,text
