subreddit,post_id,image_index,image_url,image_source,image_type,media_id,comment_id,caption
ThriftStoreHauls,1nphvrb,0,https://i.redd.it/7g6zpppba5rf1.jpeg,post_url,direct_link,,,a painting of a man sitting on a couch
ThriftStoreHauls,1npnfgh,0,https://i.redd.it/dy1uk8u9c6rf1.jpeg,post_url,direct_link,,,a woman in a black and gold dress standing in front of a stove
ThriftStoreHauls,1npozmd,0,https://i.redd.it/5g7mbg4cn6rf1.jpg?width=3000&format=pjpg&auto=webp&s=8d0758778bb5b02737a24a95b054e36df876ab34,gallery,reddit_gallery,5g7mbg4cn6rf1,,a person holding up a glass with a bottle inside
ThriftStoreHauls,1npozmd,1,https://i.redd.it/mdddogzcn6rf1.jpg?width=3000&format=pjpg&auto=webp&s=8fdb06985c6aa03aa32009b18ffb5ee1687f4745,gallery,reddit_gallery,mdddogzcn6rf1,,a person holding a glass of water with the words storm glue on it
ThriftStoreHauls,1npqdip,0,https://i.redd.it/vydu6d7sx6rf1.jpeg,post_url,direct_link,,,four blue glass cups with gold stars and suns
ThriftStoreHauls,1npj0sb,0,https://i.redd.it/0vi4jdo4i5rf1.jpg?width=3000&format=pjpg&auto=webp&s=2ab80747906c93860bfbc3000a5ad2b746f2185c,gallery,reddit_gallery,0vi4jdo4i5rf1,,a large red and white polka dot pillow on top of a stove
ThriftStoreHauls,1npj0sb,1,https://i.redd.it/r692aot3i5rf1.jpg?width=3000&format=pjpg&auto=webp&s=e7444934653e7da0d2452b6d8585053d22271ea3,gallery,reddit_gallery,r692aot3i5rf1,,a man with a beard wearing a mushroom hat
ThriftStoreHauls,1npj0sb,2,https://i.redd.it/245ms624i5rf1.jpg?width=3000&format=pjpg&auto=webp&s=007118333d1ee53f71acbd8e5ad8e42239665867,gallery,reddit_gallery,245ms624i5rf1,,a box of lego friends on a stove
ThriftStoreHauls,1npj0sb,3,https://i.redd.it/yv5fd7d4i5rf1.jpg?width=3000&format=pjpg&auto=webp&s=aee2ab60b929b935f01117b403b9635560fc2db0,gallery,reddit_gallery,yv5fd7d4i5rf1,,a close up of a lego set with a sticker on it
ThriftStoreHauls,1nprnre,0,https://i.redd.it/i9yfprf387rf1.png,post_url,direct_link,,,a stuffed frog sitting on a chair with a green hat
ThriftStoreHauls,1np59rt,0,https://i.redd.it/mi8iaqjr72rf1.jpg?width=3024&format=pjpg&auto=webp&s=48c70c4836877a449439083e1a28e03a9565b7c5,gallery,reddit_gallery,mi8iaqjr72rf1,,a framed painting of a cherry blossom on a shelf
ThriftStoreHauls,1np59rt,1,https://i.redd.it/vnkc0pjr72rf1.jpg?width=5712&format=pjpg&auto=webp&s=1671917230f0ab23daeb8d1c0ad934cbfec20ed4,gallery,reddit_gallery,vnkc0pjr72rf1,,new york giants bar stools
ThriftStoreHauls,1np59rt,2,https://i.redd.it/n8fmvujr72rf1.jpg?width=3024&format=pjpg&auto=webp&s=6e88fbbae78ddd906d53a0dfdbfb6630849a0fd9,gallery,reddit_gallery,n8fmvujr72rf1,,a framed picture of a cat and a tiger
ThriftStoreHauls,1np59rt,3,https://i.redd.it/6hc7bpjr72rf1.jpg?width=3024&format=pjpg&auto=webp&s=1687e114a1d079d79afe8007dd6560e00297b89d,gallery,reddit_gallery,6hc7bpjr72rf1,,a person holding a clock with a picture of a woman
ThriftStoreHauls,1np59rt,4,https://i.redd.it/pq0g3ujr72rf1.jpg?width=3024&format=pjpg&auto=webp&s=672427545420ebdd9acc8d34f19ce25cca16d8ce,gallery,reddit_gallery,pq0g3ujr72rf1,,oswald the lucky rabbit poster
ThriftStoreHauls,1np59rt,5,https://i.redd.it/lc652pjr72rf1.jpg?width=3024&format=pjpg&auto=webp&s=02efd3283b284f15cd12c0ae5b5dd7daacd3424b,gallery,reddit_gallery,lc652pjr72rf1,,"a person holding a book with the title, we the cornfats"
ThriftStoreHauls,1np59rt,6,https://i.redd.it/2nlxvqjr72rf1.jpg?width=4284&format=pjpg&auto=webp&s=e94818a53154ae5e0ced24ac210d98405a1545a4,gallery,reddit_gallery,2nlxvqjr72rf1,,a record album with a picture of a man on it
ThriftStoreHauls,1np59rt,7,https://i.redd.it/dlw31wjr72rf1.jpg?width=4284&format=pjpg&auto=webp&s=a76b285a7be74f1ff4004020accdd9ebeb8a1004,gallery,reddit_gallery,dlw31wjr72rf1,,a man is looking at a display of art and other items
ThriftStoreHauls,1np59rt,8,https://i.redd.it/p0e8cpjr72rf1.jpg?width=3024&format=pjpg&auto=webp&s=15a66ad5a07cf201529b96fcfb27bb0b5d270765,gallery,reddit_gallery,p0e8cpjr72rf1,,a record store sign is being held up by a person
ThriftStoreHauls,1np59rt,9,https://i.redd.it/9o7n9vjr72rf1.jpg?width=4284&format=pjpg&auto=webp&s=63d60775b270ac0bda7fef7913025b327f095421,gallery,reddit_gallery,9o7n9vjr72rf1,,a store shelf with a box of life - brite toys
ThriftStoreHauls,1npedib,0,https://i.redd.it/dyoeb6ewm4rf1.png,post_url,direct_link,,,a silver pin with a koala on it
ThriftStoreHauls,1npg61p,0,https://i.redd.it/o5cafknuy4rf1.jpeg,post_url,direct_link,,,a lamp with a pink flower on it
ThriftStoreHauls,1npkpdn,0,https://i.redd.it/aqj9iljft5rf1.jpg?width=3000&format=pjpg&auto=webp&s=4af17d6581df806e7fca26ab31794064d2497504,gallery,reddit_gallery,aqj9iljft5rf1,,a pair of pants hanging on a door
ThriftStoreHauls,1npkpdn,1,https://i.redd.it/piqc50sgt5rf1.jpg?width=3000&format=pjpg&auto=webp&s=f88c50f494c9914e8621f32367ba9253cc692499,gallery,reddit_gallery,piqc50sgt5rf1,,a brown jacket with two buttons on the front
,1npkpdn,0,https://preview.redd.it/tqqc79qau5rf1.jpeg?width=1075&format=pjpg&auto=webp&s=a3fbf54f348afb0b90b7662690098bb17f3f5fa1,comment_text,embedded_link,,nfzwkz8,a brown jacket hanging on a door
ThriftStoreHauls,1npm24p,0,https://i.redd.it/tigi8syh16rf1.jpg?width=3000&format=pjpg&auto=webp&s=02c1b4829bc8e5659487d2b9602e2149e03b23f9,gallery,reddit_gallery,tigi8syh16rf1,,burberry london black check jacket
ThriftStoreHauls,1npm24p,1,https://i.redd.it/xpr8pxyh16rf1.jpg?width=3000&format=pjpg&auto=webp&s=50e74e4b1f8ddbc32133c5229be56548c3b1d900,gallery,reddit_gallery,xpr8pxyh16rf1,,a close up of a zipper on a black jacket
ThriftStoreHauls,1npm24p,2,https://i.redd.it/6fqmt0zh16rf1.jpg?width=3000&format=pjpg&auto=webp&s=0f10d83b0f0cf768b4fd8158b4eda49451ef00d2,gallery,reddit_gallery,6fqmt0zh16rf1,,a black rain jacket laying on a table
ThriftStoreHauls,1npanam,0,https://i.redd.it/56s96g52v3rf1.png?width=1080&format=png&auto=webp&s=588d65c2b1f4ba8f13e1fb51eb2298b771925645,gallery,reddit_gallery,56s96g52v3rf1,,a painting of a bearded man with a pipe on the wall
ThriftStoreHauls,1npanam,1,https://i.redd.it/cfde0ht1v3rf1.jpg?width=2252&format=pjpg&auto=webp&s=b9a1dcbe70981bd9a49c50d7740c8ccecd1027d2,gallery,reddit_gallery,cfde0ht1v3rf1,,a painting of a bearded man with a pipe
ThriftStoreHauls,1npt8y5,0,https://i.redd.it/v3rgndchl7rf1.jpg?width=3024&format=pjpg&auto=webp&s=33aa2a4335682183ac5e14e99bd52b0021b8f753,gallery,reddit_gallery,v3rgndchl7rf1,,"a living room with a couch, coffee table and lamp"
ThriftStoreHauls,1npt8y5,1,https://i.redd.it/a6m4bdchl7rf1.jpg?width=3024&format=pjpg&auto=webp&s=b39147e06dcda965ecee1542ee910ba002b3798a,gallery,reddit_gallery,a6m4bdchl7rf1,,"a living room with a couch, coffee table and a window"
ThriftStoreHauls,1npt8y5,2,https://i.redd.it/pggyfbchl7rf1.jpg?width=3024&format=pjpg&auto=webp&s=de5383e72c37fc3f2458d749026dfdfc92f124b6,gallery,reddit_gallery,pggyfbchl7rf1,,a living room with a couch and a kitchen
ThriftStoreHauls,1npk211,0,https://i.redd.it/gacxgg54p5rf1.jpeg,post_url,direct_link,,,hunter boots - black - size 8
ThriftStoreHauls,1npl9mn,0,https://i.redd.it/72a4btz8x5rf1.jpeg,post_url,direct_link,,,a display case with a ceramic face on it
ThriftStoreHauls,1noytcs,0,https://i.redd.it/c0vgywsoh0rf1.jpeg,post_url,direct_link,,,a green backpack sitting on a wooden table
ThriftStoreHauls,1npn9y4,0,https://i.redd.it/4ua8aqt6b6rf1.jpg?width=3072&format=pjpg&auto=webp&s=0a5fbd872acb38325c791b9c78082fcddfc035ad,gallery,reddit_gallery,4ua8aqt6b6rf1,,a blue bowl with a white design on it
ThriftStoreHauls,1npn9y4,1,https://i.redd.it/8w03wvx6b6rf1.jpg?width=2694&format=pjpg&auto=webp&s=f778dfcb218c7be0f84c3f4ac556b5422aaa2f29,gallery,reddit_gallery,8w03wvx6b6rf1,,a bowl and plate with flowers on them
ThriftStoreHauls,1npskbl,0,https://i.redd.it/qdqr692nf7rf1.jpeg,post_url,direct_link,,,a box with four pens and a pen holder
ThriftStoreHauls,1nps2mu,0,https://i.redd.it/9ty0dhekb7rf1.jpeg,post_url,direct_link,,,a snowman figurine with a hat and scarf
ThriftStoreHauls,1nphwsa,0,https://i.redd.it/89i4pgzia5rf1.jpg?width=2526&format=pjpg&auto=webp&s=48f9462d16073b7b7eff678c6989ea8384ba0cba,gallery,reddit_gallery,89i4pgzia5rf1,,a shelf with a green bus on it
ThriftStoreHauls,1nphwsa,1,https://i.redd.it/n1fzwizia5rf1.jpg?width=3638&format=pjpg&auto=webp&s=e0d237a6227ab55d774d1b631364e4af0f59f87d,gallery,reddit_gallery,n1fzwizia5rf1,,a green bus is sitting on a shelf
ThriftStoreHauls,1nphwsa,2,https://i.redd.it/8lvcvlzia5rf1.jpg?width=4032&format=pjpg&auto=webp&s=fd134ece60e4aa0f0eec4fa0409762bcd31a622f,gallery,reddit_gallery,8lvcvlzia5rf1,,a person is touching a clock
ThriftStoreHauls,1np0iqv,0,https://i.redd.it/2cb4gz19w0rf1.jpeg,post_url,direct_link,,,a black leather belt with a metal buckle on the floor
ThriftStoreHauls,1npo288,0,https://i.redd.it/c6zd1sopg6rf1.jpg?width=3024&format=pjpg&auto=webp&s=da7679d1eadf40ff3fa44643c9b1c8c10b182893,gallery,reddit_gallery,c6zd1sopg6rf1,,a blue mirror on a white fur rug
ThriftStoreHauls,1npo288,1,https://i.redd.it/ezuotuopg6rf1.jpg?width=3024&format=pjpg&auto=webp&s=e616a3c864d5af0b3e284905e3268b245af760c3,gallery,reddit_gallery,ezuotuopg6rf1,,a blue and white porcelain plate with a statue on it
ThriftStoreHauls,1nox8hz,0,https://i.redd.it/okdjhuoh40rf1.jpeg,post_url,direct_link,,,a rack of clothes in a store with a rack of clothes
ThriftStoreHauls,1normx9,0,https://i.redd.it/tru9svyjzyqf1.png?width=1080&format=png&auto=webp&s=133fbf8f35fe97dc418e2a9b485c10f846c98ddc,gallery,reddit_gallery,tru9svyjzyqf1,,a denim jacket hanging on a clothes line
ThriftStoreHauls,1normx9,1,https://i.redd.it/0rdxp62kzyqf1.jpg?width=2992&format=pjpg&auto=webp&s=3767df4e5c293d9c4553777ed71c5d002fb64c88,gallery,reddit_gallery,0rdxp62kzyqf1,,a coupon for arbys is shown on a red background
ThriftStoreHauls,1normx9,2,https://i.redd.it/jubt24ujzyqf1.jpg?width=2992&format=pjpg&auto=webp&s=1d6d056afa67ad3b9cbb00237fa2f07e3d44a6d9,gallery,reddit_gallery,jubt24ujzyqf1,,a coupon for a restaurant is shown on a table
ThriftStoreHauls,1npmj0u,0,https://i.redd.it/4pkmyw3z56rf1.jpeg,post_url,direct_link,,,a halloween figurine of a witch holding a pumpkin
ThriftStoreHauls,1npprl0,0,https://i.redd.it/rggqa7k4t6rf1.jpeg,post_url,direct_link,,,a gold hair dryer is being held by someone
ThriftStoreHauls,1npp9sc,0,https://i.redd.it/i4hfg2igp6rf1.jpeg,post_url,direct_link,,,a group of t - shirts with the words cbgb and ompu on them
ThriftStoreHauls,1npg9si,0,https://i.redd.it/tg9t0ppiz4rf1.jpg?width=3024&format=pjpg&auto=webp&s=5cd1a6b0603b921a1b2e40371186e173933a9b76,gallery,reddit_gallery,tg9t0ppiz4rf1,,"a person holding a book titled ""de cuisine internet"""
ThriftStoreHauls,1npg9si,1,https://i.redd.it/xb7z9npiz4rf1.jpg?width=3024&format=pjpg&auto=webp&s=fd2677b08929e24cc05da0af39b01e4c74aec4ed,gallery,reddit_gallery,xb7z9npiz4rf1,,a person holding a book with the words in french
ThriftStoreHauls,1npev76,0,https://i.redd.it/4p0y5ug4q4rf1.jpg?width=3024&format=pjpg&auto=webp&s=60511e035252fe4a7f8c563973b4fdc6c015d596,gallery,reddit_gallery,4p0y5ug4q4rf1,,a person holding a pan in a store
ThriftStoreHauls,1npev76,1,https://i.redd.it/wjaybtg4q4rf1.jpg?width=3024&format=pjpg&auto=webp&s=d1d2e2014c80fac8e2cc6322b57652c4ce804b78,gallery,reddit_gallery,wjaybtg4q4rf1,,a person holding a pan with a black handle
ThriftStoreHauls,1nockwj,0,https://i.redd.it/a6jdcgh4tvqf1.jpg?width=4284&format=pjpg&auto=webp&s=4df3f87514f9067586991c4a8022962fbb1d5cdf,gallery,reddit_gallery,a6jdcgh4tvqf1,,a label on a jacket that says harris tweed
ThriftStoreHauls,1nockwj,1,https://i.redd.it/pt70zeh4tvqf1.jpg?width=4284&format=pjpg&auto=webp&s=d74298ea77a1865537a265bd0eb7e6ac0573ed6b,gallery,reddit_gallery,pt70zeh4tvqf1,,a close up of a backpack with a scarf
ThriftStoreHauls,1nockwj,2,https://i.redd.it/oqadlaf4tvqf1.jpg?width=4284&format=pjpg&auto=webp&s=ee96d69a185624a192e7ce33a8d4d95c54ef5493,gallery,reddit_gallery,oqadlaf4tvqf1,,a backpack with a checkered pattern hanging on a wall
ThriftStoreHauls,1nockwj,3,https://i.redd.it/07kr5ih4tvqf1.jpg?width=4284&format=pjpg&auto=webp&s=4458f838e060e6e3229508dcbe6733254ea0a388,gallery,reddit_gallery,07kr5ih4tvqf1,,a backpack with a checkered pattern hanging on a wall
ThriftStoreHauls,1nockwj,4,https://i.redd.it/m2sapef4tvqf1.jpg?width=4284&format=pjpg&auto=webp&s=5c080bd7f357a21949104cae9cb42e5d0f1f304b,gallery,reddit_gallery,m2sapef4tvqf1,,a close up of a scarf with a label on it
ThriftStoreHauls,1novk2d,0,https://i.redd.it/rgwjzo28rzqf1.jpeg,post_url,direct_link,,,a person holding a white and black rice cooker
,1novk2d,0,https://preview.redd.it/hkpg44jt00rf1.jpeg?width=1178&format=pjpg&auto=webp&s=dcca39807d4d07c3e91d5efbf7687fbc4534b71f,comment_text,embedded_link,,nfuvmtd,"a little boy in a red shirt and pants with the words, fuck you happy for you give it to me"
ThriftStoreHauls,1npajvr,0,https://i.redd.it/p2otsqz9u3rf1.jpeg,post_url,direct_link,,,a leopard print office chair with wheels
ThriftStoreHauls,1npo6iv,0,https://i.redd.it/7mn6mplih6rf1.jpeg,post_url,direct_link,,,a painting of a woman holding a dog is on display
ThriftStoreHauls,1npqs3d,0,https://i.redd.it/3wtxvd4017rf1.jpeg,post_url,direct_link,,,the sims 4 and sims 4 seasons
ThriftStoreHauls,1npovxj,0,https://i.redd.it/k8m5p6yom6rf1.jpg?width=4284&format=pjpg&auto=webp&s=b9035c37352a9fc56d29597979425af618ed478f,gallery,reddit_gallery,k8m5p6yom6rf1,,a white bowl on a counter
ThriftStoreHauls,1npovxj,1,https://i.redd.it/dp89d0yom6rf1.jpg?width=3024&format=pjpg&auto=webp&s=c086bb0209a61ad2e7fb7ca59147daa3f1fde6fb,gallery,reddit_gallery,dp89d0yom6rf1,,a close up of a silver object with the word pyrex on it
ThriftStoreHauls,1npovxj,2,https://i.redd.it/31d8q0yom6rf1.jpg?width=3024&format=pjpg&auto=webp&s=b442e41c6e853376cba3e63dcbc33f4eb0450595,gallery,reddit_gallery,31d8q0yom6rf1,,a green bowl with flowers on it
ThriftStoreHauls,1np4i2j,0,https://i.redd.it/r8wwiviiy1rf1.jpg?width=864&format=pjpg&auto=webp&s=86a3fa40aca51852e1d541fed84480d0005acf65,gallery,reddit_gallery,r8wwiviiy1rf1,,a woman in a pink top and skirt standing in front of a tent
ThriftStoreHauls,1np4i2j,1,https://i.redd.it/j5eaj7ney1rf1.jpg?width=3951&format=pjpg&auto=webp&s=0d3141c795c8945b81ffdafb744c323fbbc69eb5,gallery,reddit_gallery,j5eaj7ney1rf1,,a collage of pictures of women wearing different outfits
ThriftStoreHauls,1np4i2j,2,https://i.redd.it/77yubfiiy1rf1.jpg?width=687&format=pjpg&auto=webp&s=68656de5d9ce7fbc67fb3dfa668acaa9008cf696,gallery,reddit_gallery,77yubfiiy1rf1,,a woman in a red dress posing for a picture
ThriftStoreHauls,1np4i2j,3,https://i.redd.it/sy7rmwiiy1rf1.jpg?width=564&format=pjpg&auto=webp&s=69351f7b8de0a61f3717a175dcc67719b23b24dd,gallery,reddit_gallery,sy7rmwiiy1rf1,,a woman in white pants and a colorful top standing on stairs
ThriftStoreHauls,1np4i2j,4,https://i.redd.it/yy5bnliiy1rf1.jpg?width=716&format=pjpg&auto=webp&s=1a99e705c1e7eedfc072aca2bcd9179a588001b2,gallery,reddit_gallery,yy5bnliiy1rf1,,a woman in a black skirt and jacket posing for a picture
ThriftStoreHauls,1np4i2j,5,https://i.redd.it/d6ak8xiiy1rf1.jpg?width=839&format=pjpg&auto=webp&s=56c5160304b1e3be7d7faa30100d01b8645195dd,gallery,reddit_gallery,d6ak8xiiy1rf1,,a woman in a short skirt and a top holding a drink
ThriftStoreHauls,1np4i2j,6,https://i.redd.it/dp5279iiy1rf1.jpg?width=473&format=pjpg&auto=webp&s=35e40687608922145e2cdd258d348190f3d5f5e7,gallery,reddit_gallery,dp5279iiy1rf1,,a woman in a denim skirt and top
ThriftStoreHauls,1np4i2j,7,https://i.redd.it/r5h4qiiiy1rf1.jpg?width=894&format=pjpg&auto=webp&s=c3a774ef2fadea9c2aa14a0e7f0039a40c00167b,gallery,reddit_gallery,r5h4qiiiy1rf1,,a woman in a white dress holding a glass of wine
ThriftStoreHauls,1np4i2j,8,https://i.redd.it/o6engfiiy1rf1.jpg?width=931&format=pjpg&auto=webp&s=ce50e5e6369b4a4e426ec147777702d3834c86c0,gallery,reddit_gallery,o6engfiiy1rf1,,a woman in a beige top and skirt walking on the street
ThriftStoreHauls,1npew6u,0,https://i.redd.it/dmoownyaq4rf1.jpeg,post_url,direct_link,,,a person holding a hand held electric mixer
ThriftStoreHauls,1np236j,0,https://i.redd.it/kghrc4gea1rf1.jpg?width=3024&format=pjpg&auto=webp&s=fc659ab42d7327a7a24fdfa0069d5a14040f2b33,gallery,reddit_gallery,kghrc4gea1rf1,,a chair sitting on a wooden deck at night
ThriftStoreHauls,1np236j,1,https://i.redd.it/dzkvtwfea1rf1.jpg?width=1170&format=pjpg&auto=webp&s=779e4f03e06b501e829904fc43492d0e17c9d410,gallery,reddit_gallery,dzkvtwfea1rf1,,a chair with a sign that says goodform early general fireproofing chair
ThriftStoreHauls,1nph758,0,https://i.redd.it/fqas995r55rf1.jpeg,post_url,direct_link,,,a wooden plaque with a picture of a monkey on it
ThriftStoreHauls,1noyso5,0,https://i.redd.it/u45jl80jh0rf1.jpg?width=3024&format=pjpg&auto=webp&s=83082a3eb07ea69e79d1cb021fc1b96b1f9e5a9f,gallery,reddit_gallery,u45jl80jh0rf1,,a pair of black shoes with a flower on the heel
ThriftStoreHauls,1noyso5,1,https://i.redd.it/anlv980jh0rf1.jpg?width=3024&format=pjpg&auto=webp&s=0f10c85af6f090a8825fac7547c84bd82886f256,gallery,reddit_gallery,anlv980jh0rf1,,chanel black sandals
ThriftStoreHauls,1noyso5,2,https://i.redd.it/l9ptz70jh0rf1.jpg?width=3024&format=pjpg&auto=webp&s=0f4e01f1e1a45967d49f749d6b46e49f9be84c78,gallery,reddit_gallery,l9ptz70jh0rf1,,a person holding up a black shoe with a flower on it
ThriftStoreHauls,1npruxs,0,https://i.redd.it/z7vpy1ar97rf1.jpg?width=1290&format=pjpg&auto=webp&s=3fe8c1cb1d76ac75603a6de5efcf7a20c6328542,gallery,reddit_gallery,z7vpy1ar97rf1,,"london fog coat, plus size, plus size coats, plus size coats, plus size coats, plus size coats, plus size coats, plus size"
ThriftStoreHauls,1npruxs,1,https://i.redd.it/m92eioar97rf1.jpg?width=4284&format=pjpg&auto=webp&s=8e0bd7dd07fc44751a710984a725838c5efde4bb,gallery,reddit_gallery,m92eioar97rf1,,a black jacket with an orange lining
ThriftStoreHauls,1npruxs,2,https://i.redd.it/qvxwrtar97rf1.jpg?width=4284&format=pjpg&auto=webp&s=ebb2e896a9af893a6ef4e3652d287efe7003b60e,gallery,reddit_gallery,qvxwrtar97rf1,,a black puffy coat with a hood on it
ThriftStoreHauls,1npruxs,3,https://i.redd.it/7xek02ar97rf1.jpg?width=1290&format=pjpg&auto=webp&s=26c507afe4890da2ca6418046ddfffdd72ed735e,gallery,reddit_gallery,7xek02ar97rf1,,a woman is wearing a black coat and a hoodie
ThriftStoreHauls,1np409k,0,https://i.redd.it/bpix84rut1rf1.jpeg,post_url,direct_link,,,a group of figurines of children and adults
,1np409k,0,https://preview.redd.it/zgimsp38u1rf1.jpeg?width=806&format=pjpg&auto=webp&s=94f03a082b2459bc774ed98a11bf45d81ddd736f,comment_text,embedded_link,,nfwfgtf,two figurines of children with one with a face and one with a smile
,1np409k,0,https://preview.redd.it/u9z4h83i82rf1.jpeg?width=1080&format=pjpg&auto=webp&s=8e4b623c7d7af007ed35b7bc259e4b9b9c4e37ce,comment_text,embedded_link,,nfwo2mo,two sesame street toys are on display in a store
ThriftStoreHauls,1np23je,0,https://i.redd.it/v3tcf3oha1rf1.jpg?width=3024&format=pjpg&auto=webp&s=a5db395aea8c0d13055145ddfb03a28ee9f888af,gallery,reddit_gallery,v3tcf3oha1rf1,,mr robot box set
ThriftStoreHauls,1np23je,1,https://i.redd.it/eb02d4oha1rf1.jpg?width=3024&format=pjpg&auto=webp&s=a03574dc3987b22c8eee5dcc4702746153dcd5ff,gallery,reddit_gallery,eb02d4oha1rf1,,a box with a book and a book on it
ThriftStoreHauls,1np23je,2,https://i.redd.it/jqpoz2oha1rf1.jpg?width=4032&format=pjpg&auto=webp&s=15cda0064da3a041ab700625565eb064eee230c5,gallery,reddit_gallery,jqpoz2oha1rf1,,"four dvd cases with the words ""mr t"" on them"
ThriftStoreHauls,1np5p4t,0,https://i.redd.it/3b4pcxnjc2rf1.jpeg,post_url,direct_link,,,a happy ending book with a picture of a man and a woman
ThriftStoreHauls,1npozhw,0,https://i.redd.it/k0bkdu6en6rf1.jpg?width=2668&format=pjpg&auto=webp&s=04055adcbcd3edca0ec151070a51a525846e2fca,gallery,reddit_gallery,k0bkdu6en6rf1,,a christmas tree is on a shelf in a store
ThriftStoreHauls,1npozhw,1,https://i.redd.it/anx53blen6rf1.jpg?width=2616&format=pjpg&auto=webp&s=e2d8294467e0d8a26677de7e62004ad304d4437f,gallery,reddit_gallery,anx53blen6rf1,,thank you for my underpants
ThriftStoreHauls,1npozhw,2,https://i.redd.it/7c6bxrben6rf1.jpg?width=2816&format=pjpg&auto=webp&s=1815ff9364ee079d14443640a1ce7aab08d4dcf1,gallery,reddit_gallery,7c6bxrben6rf1,,a glass bottle with a bird shape on it
ThriftStoreHauls,1nopyh0,0,https://i.redd.it/3l0h727unyqf1.jpg?width=3024&format=pjpg&auto=webp&s=3513e9a95c4712dcc2fc70cb6d2f3995341c12bf,gallery,reddit_gallery,3l0h727unyqf1,,a person holding a pink purse with a mirror inside
ThriftStoreHauls,1nopyh0,1,https://i.redd.it/5et1u17unyqf1.jpg?width=3024&format=pjpg&auto=webp&s=8e091ad08d0100798c5cdee8b17fbd48870f5c82,gallery,reddit_gallery,5et1u17unyqf1,,a pair of earrings with a floral design on them
ThriftStoreHauls,1nopyh0,2,https://i.redd.it/imk4j17unyqf1.jpg?width=1538&format=pjpg&auto=webp&s=dc0016c868c02c0da7c8499aed9837aa0ce887c8,gallery,reddit_gallery,imk4j17unyqf1,,a woman holding a brown leather bag
ThriftStoreHauls,1nopyh0,3,https://i.redd.it/32cmr27unyqf1.jpg?width=3024&format=pjpg&auto=webp&s=6346fba4f0f3a161849eb01c771245385320de4e,gallery,reddit_gallery,32cmr27unyqf1,,a pink beaded handbag in a car
ThriftStoreHauls,1nopyh0,4,https://i.redd.it/72cdl17unyqf1.jpg?width=1798&format=pjpg&auto=webp&s=3c2fb001fc29f6943302740a98d4524d10a538ad,gallery,reddit_gallery,72cdl17unyqf1,,a woman holding a brown leather bag
ThriftStoreHauls,1nptjid,0,https://i.redd.it/dq8aw2ejn7rf1.jpg?width=2160&format=pjpg&auto=webp&s=53886f6232aceaa89e11bd3f22e04ac9e3977741,gallery,reddit_gallery,dq8aw2ejn7rf1,,a blue sports bra top with holes on it
ThriftStoreHauls,1nptjid,1,https://i.redd.it/f0e8ndbyn7rf1.jpg?width=2160&format=pjpg&auto=webp&s=54783f693deea4076b56f8d6b145ad91d8d44b6e,gallery,reddit_gallery,f0e8ndbyn7rf1,,a yellow and black plaid pants with a zipper
ThriftStoreHauls,1np0ywu,0,https://i.redd.it/gllcc5d801rf1.jpeg,post_url,direct_link,,,a framed picture of a city on a wall
ThriftStoreHauls,1nosy4a,0,https://i.redd.it/6334v1448zqf1.jpg?width=4080&format=pjpg&auto=webp&s=5c113cd8ed241980addf4bee87a1314868b70cd9,gallery,reddit_gallery,6334v1448zqf1,,a sewing machine on a table
ThriftStoreHauls,1nosy4a,1,https://i.redd.it/my3jnq348zqf1.jpg?width=4080&format=pjpg&auto=webp&s=f522fe27ec7956830f15913a60d60b6c1f88e0b9,gallery,reddit_gallery,my3jnq348zqf1,,a sewing machine sitting on a table in a living room
ThriftStoreHauls,1nosy4a,2,https://i.redd.it/1509ky348zqf1.jpg?width=4080&format=pjpg&auto=webp&s=62eb8cf3afe2fffc1ac9c2ecfdf916bef7852970,gallery,reddit_gallery,1509ky348zqf1,,a table with drawers on it in a room
ThriftStoreHauls,1nosy4a,3,https://i.redd.it/w2pm70448zqf1.jpg?width=3072&format=pjpg&auto=webp&s=41be47283f1f6b0371e6104f4bb8f1c52b4eba56,gallery,reddit_gallery,w2pm70448zqf1,,a sewing machine sitting on a table
ThriftStoreHauls,1nosy4a,4,https://i.redd.it/vrt30r348zqf1.jpg?width=4080&format=pjpg&auto=webp&s=acf7447119f65927011d5d4da9d6b2e360d2e9fa,gallery,reddit_gallery,vrt30r348zqf1,,a black and gold sewing machine sitting on a table
ThriftStoreHauls,1nozyd4,0,https://i.redd.it/31p4dsb0r0rf1.jpg?width=2250&format=pjpg&auto=webp&s=3028c13379c485e8f10e5e8951068806339dee29,gallery,reddit_gallery,31p4dsb0r0rf1,,a black bag with a handle on the floor
ThriftStoreHauls,1nozyd4,1,https://i.redd.it/kvvzksb0r0rf1.jpg?width=2250&format=pjpg&auto=webp&s=d87fdde6c08d1b264128c798c3a1ea525d8b556d,gallery,reddit_gallery,kvvzksb0r0rf1,,a vacuum cleaner sitting on the floor next to a painting
ThriftStoreHauls,1noua8a,0,https://i.redd.it/r2bs1n0vhzqf1.jpeg,post_url,direct_link,,,a figurine of a woman and man sitting on a bench
ThriftStoreHauls,1nos88x,0,https://i.redd.it/1f3e49ui3zqf1.jpg?width=2992&format=pjpg&auto=webp&s=e440c565a449c1376545865418d456530fcf199e,gallery,reddit_gallery,1f3e49ui3zqf1,,a glass bottle with a white base on a table
ThriftStoreHauls,1nos88x,1,https://i.redd.it/kn71ytoi3zqf1.jpg?width=2992&format=pjpg&auto=webp&s=3f989597d0d0bf5587cff082bf1a5e3e92242028,gallery,reddit_gallery,kn71ytoi3zqf1,,a white vase with a hand holding it up
,1nos88x,0,https://preview.redd.it/k4o2jd2xm0rf1.jpeg?width=2992&format=pjpg&auto=webp&s=624c0bd147b080be1cbe6c14b1e81f0c186906e1,comment_text,embedded_link,,nfvgsba,a clock on a mantle
ThriftStoreHauls,1np2on9,0,https://i.redd.it/b6q4ihs5g1rf1.jpeg,post_url,direct_link,,,a man and woman are posing for a photo in front of a framed picture
ThriftStoreHauls,1no9nfv,0,https://i.redd.it/dlhch13nuuqf1.jpg?width=4284&format=pjpg&auto=webp&s=a6a4a5948237224303eba8a53ae5cacda4d2875d,gallery,reddit_gallery,dlhch13nuuqf1,,a framed picture of a family with a sign on it
ThriftStoreHauls,1no9nfv,1,https://i.redd.it/j4ijn03nuuqf1.jpg?width=4284&format=pjpg&auto=webp&s=58c19796814f3cf51f9ac2e8f1d8b36be4321e43,gallery,reddit_gallery,j4ijn03nuuqf1,,a framed picture of a sunburst with a plaque on it
ThriftStoreHauls,1np98ct,0,https://i.redd.it/ulqlrjqth3rf1.jpg?width=4284&format=pjpg&auto=webp&s=3566dd7b7ef0deb1fd24d3954577ee43b72ea9e7,gallery,reddit_gallery,ulqlrjqth3rf1,,a man's orange polo shirt hanging on a hanger
ThriftStoreHauls,1np98ct,1,https://i.redd.it/jzar9uqth3rf1.jpg?width=4284&format=pjpg&auto=webp&s=31c8d52aed27cda054340b40570f43c8d3ac01fa,gallery,reddit_gallery,jzar9uqth3rf1,,a black t - shirt hanging on a hanger
ThriftStoreHauls,1np98ct,2,https://i.redd.it/0umqf5qth3rf1.jpg?width=3024&format=pjpg&auto=webp&s=f15907843c0a278e64d66edafc7eeca477755764,gallery,reddit_gallery,0umqf5qth3rf1,,"two shirts, one blue and one brown"
ThriftStoreHauls,1np98ct,3,https://i.redd.it/td8hjhqth3rf1.jpg?width=4284&format=pjpg&auto=webp&s=b1dee09f899ac91a2e73a4468361685c8c6c37b2,gallery,reddit_gallery,td8hjhqth3rf1,,a man's yellow polo shirt hanging on a hanger
ThriftStoreHauls,1np98ct,4,https://i.redd.it/29hdo7qth3rf1.jpg?width=3024&format=pjpg&auto=webp&s=f570ee6b964b1d2999c273be06a6844b9bf0bde6,gallery,reddit_gallery,29hdo7qth3rf1,,a rack of shirts in a clothing store
ThriftStoreHauls,1noubbs,0,https://i.redd.it/86gz16f2izqf1.jpg?width=4032&format=pjpg&auto=webp&s=4f2fae0cc609793360ff09960f40c5a6e9ac4315,gallery,reddit_gallery,86gz16f2izqf1,,a small coffee table with a wooden top
ThriftStoreHauls,1noubbs,1,https://i.redd.it/hka5g7f2izqf1.jpg?width=3024&format=pjpg&auto=webp&s=ae7505e502228678bc782372204a665f2316ad68,gallery,reddit_gallery,hka5g7f2izqf1,,a small table with two drawers on top of it
ThriftStoreHauls,1notap4,0,https://i.redd.it/pji08osbazqf1.jpeg,post_url,direct_link,,,three bottles of beer with a lighted sign
ThriftStoreHauls,1no370j,0,https://i.redd.it/42ftzc6k6tqf1.jpg?width=3024&format=pjpg&auto=webp&s=91d5da5609120d1aeb513096f1d10156e0b71b1d,gallery,reddit_gallery,42ftzc6k6tqf1,,a white knitted blanket on the ground
ThriftStoreHauls,1no370j,1,https://i.redd.it/u5vh3e6k6tqf1.jpg?width=3024&format=pjpg&auto=webp&s=6b5d22997daf1a3480e5f93c52e0121382738ff7,gallery,reddit_gallery,u5vh3e6k6tqf1,,a white blanket on a couch in a store
ThriftStoreHauls,1no370j,2,https://i.redd.it/jgws3c6k6tqf1.jpg?width=3024&format=pjpg&auto=webp&s=e321e59da4578815ec7d201b83ed7421ac93f1ea,gallery,reddit_gallery,jgws3c6k6tqf1,,a white knitted blanket on a blanket on the ground
ThriftStoreHauls,1notf6v,0,https://i.redd.it/0s0oka4rbzqf1.jpeg,post_url,direct_link,,,a brown jacket hanging on a hanger
ThriftStoreHauls,1noxznj,0,https://i.redd.it/uced1l2qa0rf1.jpg?width=4032&format=pjpg&auto=webp&s=ffdebdccef5f776a409d764a263256407efa8eb4,gallery,reddit_gallery,uced1l2qa0rf1,,betty boop the complete collection
ThriftStoreHauls,1noxznj,1,https://i.redd.it/t677al2qa0rf1.jpg?width=5712&format=pjpg&auto=webp&s=5706e2e3c213fdc5e790dd607e24a877bc55aa81,gallery,reddit_gallery,t677al2qa0rf1,,a stack of books on a colorful rug
ThriftStoreHauls,1noxznj,2,https://i.redd.it/v5n3n72qa0rf1.jpg?width=2874&format=pjpg&auto=webp&s=a8a0f919c7f1e8350d23e46a1bf492ba244a0543,gallery,reddit_gallery,v5n3n72qa0rf1,,a qr code on a box of cigarettes
ThriftStoreHauls,1noxznj,3,https://i.redd.it/1lsw6e2qa0rf1.jpg?width=4032&format=pjpg&auto=webp&s=8068acf84c89919fad350245d7f2173a8c089405,gallery,reddit_gallery,1lsw6e2qa0rf1,,betty boop xbox controller
ThriftStoreHauls,1noxznj,4,https://i.redd.it/s4pfwk2qa0rf1.jpg?width=5712&format=pjpg&auto=webp&s=c637563a5ddbcc726d17128d349349abb57bb6a4,gallery,reddit_gallery,s4pfwk2qa0rf1,,betty boop vintage cards
ThriftStoreHauls,1no418n,0,https://i.redd.it/9vpm0jdqdtqf1.jpeg,post_url,direct_link,,,a green stone bowl sitting on top of a table
,1no418n,0,https://preview.redd.it/f8rts2spnyqf1.jpeg?width=2730&format=pjpg&auto=webp&s=ebc91070d13161b4b256316abac06548ac3c6aac,comment_text,embedded_link,,nftdmaf,a series of photos showing different types of green stone
ThriftStoreHauls,1noya6w,0,https://i.redd.it/jcc1ioe9d0rf1.jpg?width=3024&format=pjpg&auto=webp&s=d1b4e12689cd5059429484af71d2baf402fdc61d,gallery,reddit_gallery,jcc1ioe9d0rf1,,a table with three glasses and a plate
ThriftStoreHauls,1noya6w,1,https://i.redd.it/06nlgne9d0rf1.jpg?width=3024&format=pjpg&auto=webp&s=6b052a5104ca46b624633258f2058a751e0a2a0f,gallery,reddit_gallery,06nlgne9d0rf1,,a close up of a plate with the name elsie brennan on it
ThriftStoreHauls,1nourh3,0,https://i.redd.it/rq0512salzqf1.jpeg,post_url,direct_link,,,a toy monkey holding a cigarette and a lighter
ThriftStoreHauls,1npra9y,0,https://i.redd.it/ze8jz1c157rf1.jpeg,post_url,direct_link,,,a pink sweatpants with an orange circle on it
ThriftStoreHauls,1now2p9,0,https://i.redd.it/8nrtyso7vzqf1.jpg?width=3024&format=pjpg&auto=webp&s=26c2036c4117056edb632da4754906ba1ee86f09,gallery,reddit_gallery,8nrtyso7vzqf1,,a white freezer with a bar code on it
ThriftStoreHauls,1now2p9,1,https://i.redd.it/pbypefo7vzqf1.jpg?width=3024&format=pjpg&auto=webp&s=612b3e90b72520886780853a5b5ef60986e89a32,gallery,reddit_gallery,pbypefo7vzqf1,,a white oven with a rack on top of it
ThriftStoreHauls,1now2p9,2,https://i.redd.it/h07c7eo7vzqf1.jpg?width=3024&format=pjpg&auto=webp&s=6bfccffebffb61bf8f123878a40c74409f0e6882,gallery,reddit_gallery,h07c7eo7vzqf1,,a white microwave oven sitting on the floor
ThriftStoreHauls,1nojxlk,0,https://i.redd.it/jym7hwxpjxqf1.jpg?width=2048&format=pjpg&auto=webp&s=ef95af7d2cd1b760edb8dd607afa231369bab158,gallery,reddit_gallery,jym7hwxpjxqf1,,an old certificate with a picture of a mermaid on it
ThriftStoreHauls,1nojxlk,1,https://i.redd.it/7s76u65pjxqf1.jpg?width=4032&format=pjpg&auto=webp&s=10b5f280ce5a5ae447feb60636a3d0dd2bb637d9,gallery,reddit_gallery,7s76u65pjxqf1,,a framed certificate with a picture of a woman and a man
,1nojxlk,0,https://preview.redd.it/9roft0mykyqf1.jpeg?width=1600&format=pjpg&auto=webp&s=60fad47927114a503b8499c261ae8d8f2b2d4435,comment_text,embedded_link,,nft9tsg,a black and white image of a white board with numbers
ThriftStoreHauls,1novedl,0,https://i.redd.it/eyecqjrzpzqf1.jpg?width=4284&format=pjpg&auto=webp&s=582c054ac167c82d91ffbdb643473ee5ffa533f5,gallery,reddit_gallery,eyecqjrzpzqf1,,a shirt with mickey mouse and friends on it
ThriftStoreHauls,1novedl,1,https://i.redd.it/02z5enrzpzqf1.jpg?width=4284&format=pjpg&auto=webp&s=20a057aac69abba0fc923dbabb5571f61b590ca6,gallery,reddit_gallery,02z5enrzpzqf1,,a white shirt with mickey mouse and donald duck embroidered on it
ThriftStoreHauls,1novedl,2,https://i.redd.it/paxwulrzpzqf1.jpg?width=4284&format=pjpg&auto=webp&s=b83d238c2c945b548dbe7316882370bc41afdeab,gallery,reddit_gallery,paxwulrzpzqf1,,a white shirt with mickey mouse and donald duck on it
ThriftStoreHauls,1novedl,3,https://i.redd.it/65tumpqzpzqf1.jpg?width=3024&format=pjpg&auto=webp&s=518bb67c554c45f2305592acc4ba044de7a2a5b5,gallery,reddit_gallery,65tumpqzpzqf1,,the disney store disney mouse shirt
ThriftStoreHauls,1no3pcq,0,https://i.redd.it/jzh2yeexatqf1.jpeg,post_url,direct_link,,,a jacket with the words mac and cheese on it
ThriftStoreHauls,1no59h0,0,https://i.redd.it/ze5mga87otqf1.jpg?width=3000&format=pjpg&auto=webp&s=a60ce38b43339dd28c7789d44e7cecb2e21ff52a,gallery,reddit_gallery,ze5mga87otqf1,,a t - shirt with a chicken on it that says chicks love the cooch
ThriftStoreHauls,1no59h0,1,https://i.redd.it/jh4i1a67otqf1.jpg?width=3000&format=pjpg&auto=webp&s=a10dc85a41af32c98613f5900f553b74322f337f,gallery,reddit_gallery,jh4i1a67otqf1,,a t - shirt with an older woman eating popsicles
ThriftStoreHauls,1no59h0,2,https://i.redd.it/1ra8c6g7otqf1.jpg?width=3000&format=pjpg&auto=webp&s=76998c08ebe2c136ca6436e6a1eee3c7d966168a,gallery,reddit_gallery,1ra8c6g7otqf1,,a shirt that says real men eat ass
ThriftStoreHauls,1no59h0,3,https://i.redd.it/8lifxk07otqf1.jpg?width=3000&format=pjpg&auto=webp&s=229b4376540010da5f44eaf998bd3f60174934f8,gallery,reddit_gallery,8lifxk07otqf1,,a shirt with the words chamyla survivor on it
,1no59h0,0,https://preview.redd.it/gxjkj26811rf1.jpeg?width=353&format=pjpg&auto=webp&s=cf815d7b003cdb9280fe60e2ebc76680da2e5b6a,comment_text,embedded_link,,nfvtwq4,an older woman with a popsicle in her mouth and the words all these flavors and you choose to be salty
ThriftStoreHauls,1np591r,0,https://i.redd.it/f7hszsfj72rf1.jpg?width=4126&format=pjpg&auto=webp&s=9b471e476a234f0408548e72ec57609390a2deda,gallery,reddit_gallery,f7hszsfj72rf1,,a framed picture of a man on horseback is hanging on the wall
ThriftStoreHauls,1np591r,1,https://i.redd.it/l07fe8gj72rf1.jpg?width=4284&format=pjpg&auto=webp&s=41a8cc536a40c707b6baa413fcff7eb314bda2a1,gallery,reddit_gallery,l07fe8gj72rf1,,a t - shirt with the logo of a fishing company
ThriftStoreHauls,1np591r,2,https://i.redd.it/7ls8cvfj72rf1.jpg?width=3024&format=pjpg&auto=webp&s=5b36b974f9d8adac13b19f3363442cce504b7071,gallery,reddit_gallery,7ls8cvfj72rf1,,a football figurine on top of a football
ThriftStoreHauls,1np591r,3,https://i.redd.it/bqp6eqfj72rf1.jpg?width=3024&format=pjpg&auto=webp&s=1603aecb23403c581c894590aefd20fa93551328,gallery,reddit_gallery,bqp6eqfj72rf1,,a person holding a rock with a scorpion on it
ThriftStoreHauls,1np591r,4,https://i.redd.it/jbv1m4gj72rf1.jpg?width=4284&format=pjpg&auto=webp&s=acd2e095726a5872d93f7813664cce9df412bcb1,gallery,reddit_gallery,jbv1m4gj72rf1,,"a desk with a clock, a phone, and other items"
ThriftStoreHauls,1np591r,5,https://i.redd.it/1g51d6gj72rf1.jpg?width=4284&format=pjpg&auto=webp&s=5219807e0cccb35f856af6e9dfb8afb1099e6aca,gallery,reddit_gallery,1g51d6gj72rf1,,a bed with a bunch of stuff on it
ThriftStoreHauls,1noyir6,0,https://i.redd.it/c1y3yrq8f0rf1.png,post_url,direct_link,,,a person holding a hot wheels daytona 500 car
ThriftStoreHauls,1nove0a,0,https://i.redd.it/7bkd9otxpzqf1.jpg?width=3024&format=pjpg&auto=webp&s=ba89f8cf045afdcac196219fe1b4fb5bac7d9f2c,gallery,reddit_gallery,7bkd9otxpzqf1,,a close up of a doll's face with red lipstick
ThriftStoreHauls,1nove0a,1,https://i.redd.it/jpw2notxpzqf1.jpg?width=3024&format=pjpg&auto=webp&s=f11bf9d38963715c081ff10a5815d310d67f8949,gallery,reddit_gallery,jpw2notxpzqf1,,a doll in a car seat with a white dress and hat
ThriftStoreHauls,1nove0a,2,https://i.redd.it/o1507htxpzqf1.jpg?width=2320&format=pjpg&auto=webp&s=2da9242ed0dde79384f451537160fe8bc849451b,gallery,reddit_gallery,o1507htxpzqf1,,a woman holding a doll in her lap
ThriftStoreHauls,1no0o71,0,https://i.redd.it/pau8qdv1msqf1.jpeg,post_url,direct_link,,,a glass pitcher with oranges painted on it
ThriftStoreHauls,1nox1ki,0,https://i.redd.it/7ngbyqhp20rf1.jpg?width=3024&format=pjpg&auto=webp&s=be0a560a7ee06a322b54eec94a262a694466611a,gallery,reddit_gallery,7ngbyqhp20rf1,,a teddy bear holding a flower
ThriftStoreHauls,1nox1ki,1,https://i.redd.it/u3w8aohp20rf1.jpg?width=3024&format=pjpg&auto=webp&s=6a212d79c11d8a2bf0a3e10d013c5270df1532bc,gallery,reddit_gallery,u3w8aohp20rf1,,a collection of postcards with different labels
ThriftStoreHauls,1nox1ki,2,https://i.redd.it/w2czplhp20rf1.jpg?width=3024&format=pjpg&auto=webp&s=5f14c05cee01ba0ebc8df48dc9cdfcbfda20c418,gallery,reddit_gallery,w2czplhp20rf1,,a group of halloween cards with a witch and a witch hat
ThriftStoreHauls,1nox1ki,3,https://i.redd.it/5v68wqhp20rf1.jpg?width=3024&format=pjpg&auto=webp&s=ad21821cbd1160e6a10684be6b75865235f9096a,gallery,reddit_gallery,5v68wqhp20rf1,,a collection of halloween cards with different designs
ThriftStoreHauls,1nox1ki,4,https://i.redd.it/gx3n6ohp20rf1.jpg?width=3024&format=pjpg&auto=webp&s=2951636993e1d638ff813ae777d71e6f4489be6e,gallery,reddit_gallery,gx3n6ohp20rf1,,a group of halloween themed paintings on display
ThriftStoreHauls,1nox1ki,5,https://i.redd.it/bhllrphp20rf1.jpg?width=3024&format=pjpg&auto=webp&s=adccbe9249cc01b88e461e7c19845903877818dd,gallery,reddit_gallery,bhllrphp20rf1,,a teddy bear sitting on a white background
ThriftStoreHauls,1nox1ki,6,https://i.redd.it/rnmepnhp20rf1.jpg?width=3024&format=pjpg&auto=webp&s=2619b794f88eb5624c463dd2376d5193963a65aa,gallery,reddit_gallery,rnmepnhp20rf1,,a black and white card with a witch and a pot
ThriftStoreHauls,1nox1ki,7,https://i.redd.it/kxie8lhp20rf1.jpg?width=3024&format=pjpg&auto=webp&s=8818bc0ed8e9b3d877e7f4e0646b3f9097393509,gallery,reddit_gallery,kxie8lhp20rf1,,a red card with a snowman on it
ThriftStoreHauls,1nox1ki,8,https://i.redd.it/h4o9zmhp20rf1.jpg?width=3024&format=pjpg&auto=webp&s=4d1191bd86549c3c9cabcf95e95afdcc22cdaa40,gallery,reddit_gallery,h4o9zmhp20rf1,,a group of cards with halloween designs on them
ThriftStoreHauls,1nox1ki,9,https://i.redd.it/tuzfnthp20rf1.jpg?width=4032&format=pjpg&auto=webp&s=5ea2eafa15e2924c3e405893be6fc3d22e025a23,gallery,reddit_gallery,tuzfnthp20rf1,,a card with a witch on a broom and a witch hat
ThriftStoreHauls,1nohz2q,0,https://i.redd.it/4n31v5b56xqf1.jpeg,post_url,direct_link,,,a pile of colorful shirts and a pair of pants
ThriftStoreHauls,1noxexr,0,https://i.redd.it/9hd8a44x50rf1.jpeg,post_url,direct_link,,,a pair of brown high heeled shoes with gold accents
ThriftStoreHauls,1no0yv4,0,https://i.imgur.com/UdKuinf.jpeg,post_url,direct_link,,,a shirt that says spread those i'm about to
,1no0yv4,0,https://preview.redd.it/ml0d4eakotqf1.jpeg?width=640&format=pjpg&auto=webp&s=2d4f2e7a24f54f1418928c0f6383de472fdf9f0d,comment_text,embedded_link,,nfpa84z,a close up of a doll with blue eyes
,1no0yv4,0,https://i.redd.it/18lxz7y3ytqf1.gif,comment_text,embedded_link,,nfpi2px,a close up of a barbie doll with big eyes
ThriftStoreHauls,1nos5zs,0,https://i.redd.it/mh2dyjh33zqf1.jpeg,post_url,direct_link,,,a framed watercolor painting of a boat on a lake
ThriftStoreHauls,1nonhk5,0,https://i.redd.it/zjholcpc7yqf1.jpg?width=4284&format=pjpg&auto=webp&s=d8999b554c833f6c9fd0d7bdb2e96c1907411649,gallery,reddit_gallery,zjholcpc7yqf1,,pokemon the first movie dvd box
ThriftStoreHauls,1nonhk5,1,https://i.redd.it/kbcs54pc7yqf1.jpg?width=3024&format=pjpg&auto=webp&s=8594203202c86ef5c45db0a2dd463892435f1fe2,gallery,reddit_gallery,kbcs54pc7yqf1,,a box of virtual reality
ThriftStoreHauls,1nonhk5,2,https://i.redd.it/us1qq4pc7yqf1.jpg?width=3024&format=pjpg&auto=webp&s=9426f40cbccd79ca6930265266b74ce4a3001ea8,gallery,reddit_gallery,us1qq4pc7yqf1,,a book with a cover on top of a stack of dvds
ThriftStoreHauls,1nonhk5,3,https://i.redd.it/l4crz5pc7yqf1.jpg?width=3024&format=pjpg&auto=webp&s=d1b5ec05da59edded026495767abcd80a659073c,gallery,reddit_gallery,l4crz5pc7yqf1,,the dangerous book for boys by hal laguardian
ThriftStoreHauls,1nonhk5,4,https://i.redd.it/bjtya4pc7yqf1.jpg?width=3024&format=pjpg&auto=webp&s=1006e82f3c6e7cc9219ab6d2b7513609ffa4b798,gallery,reddit_gallery,bjtya4pc7yqf1,,james and the giant peach
ThriftStoreHauls,1nonhk5,5,https://i.redd.it/a9wjmdpc7yqf1.jpg?width=4284&format=pjpg&auto=webp&s=918a40cd02b3f793f8a751d3dde8aa5f054dacb3,gallery,reddit_gallery,a9wjmdpc7yqf1,,pokemon island of the giant pokémon
ThriftStoreHauls,1nonhk5,6,https://i.redd.it/s7a7v4pc7yqf1.jpg?width=3024&format=pjpg&auto=webp&s=b102cf49898a5aeeac2505221239568b9c085066,gallery,reddit_gallery,s7a7v4pc7yqf1,,a little magic book by jane aiken
ThriftStoreHauls,1nolw2x,0,https://i.redd.it/zozeo4tywxqf1.jpg?width=4000&format=pjpg&auto=webp&s=67e94d31264f066187fe60481a09e9275f6fb75c,gallery,reddit_gallery,zozeo4tywxqf1,,a box of pens with purple and white writing
ThriftStoreHauls,1nolw2x,1,https://i.redd.it/sap54fqywxqf1.jpg?width=4000&format=pjpg&auto=webp&s=a695962a38dd83f2bea862c808db5b53802e9eeb,gallery,reddit_gallery,sap54fqywxqf1,,a box of five pens with a purple box
ThriftStoreHauls,1nop3h5,0,https://i.redd.it/j3ehk7ddiyqf1.jpg?width=3000&format=pjpg&auto=webp&s=e7f4f685062e2c10b57331580ca8829d99636dff,gallery,reddit_gallery,j3ehk7ddiyqf1,,a suit jacket with a tie on it
ThriftStoreHauls,1nop3h5,1,https://i.redd.it/1gfzg77diyqf1.jpg?width=3000&format=pjpg&auto=webp&s=70cd9fbaef1f8af6d793fd62e012f3f49f9c84f3,gallery,reddit_gallery,1gfzg77diyqf1,,a suit jacket laying on top of a bed
ThriftStoreHauls,1nogyql,0,https://i.redd.it/gj9k5dyrywqf1.jpg?width=4284&format=pjpg&auto=webp&s=1ffce55303174e7dd339ced3306840e556ae9220,gallery,reddit_gallery,gj9k5dyrywqf1,,a slot machine sitting in a room with a motorcycle
ThriftStoreHauls,1nogyql,1,https://i.redd.it/dxtfiyxrywqf1.jpg?width=3024&format=pjpg&auto=webp&s=f085ebe2f74ccb783bac01e8f4961dc9f88b448c,gallery,reddit_gallery,dxtfiyxrywqf1,,a close up of the rear bumper of a car
ThriftStoreHauls,1nofmpl,0,https://i.redd.it/f8hxql82owqf1.jpg?width=4000&format=pjpg&auto=webp&s=19288355b5d10a9d02fb8697bf97d6976fe1292f,gallery,reddit_gallery,f8hxql82owqf1,,a duck shaped tray on a bed
ThriftStoreHauls,1nofmpl,1,https://i.redd.it/q0o3fyy1owqf1.jpg?width=4000&format=pjpg&auto=webp&s=5147426103793fa10670ef10f067506a224be90b,gallery,reddit_gallery,q0o3fyy1owqf1,,a duck shaped tray on a bed
ThriftStoreHauls,1nnxl4n,0,https://i.redd.it/uekq3wgtzrqf1.jpeg,post_url,direct_link,,,a vase with a bird design on it
ThriftStoreHauls,1nnsvik,0,https://i.redd.it/868062bc4rqf1.jpeg,post_url,direct_link,,,a wicker cat house sitting on a wooden floor
ThriftStoreHauls,1no0aso,0,https://i.redd.it/hllavjt5jsqf1.jpeg,post_url,direct_link,,,two binoculars sitting on top of a pillow
ThriftStoreHauls,1no31a2,0,https://i.redd.it/vepoch585tqf1.jpg?width=2263&format=pjpg&auto=webp&s=1d25b452c12b10686d12798c74a8a73eab02f94f,gallery,reddit_gallery,vepoch585tqf1,,a woman in a dress taking a selfie in front of a mirror
ThriftStoreHauls,1no31a2,1,https://i.redd.it/zwu3nm585tqf1.jpg?width=3024&format=pjpg&auto=webp&s=ea0fa7c109bb776ed26ed4313c28bb543dbeeba7,gallery,reddit_gallery,zwu3nm585tqf1,,a dress that is hanging on a clothes rack
ThriftStoreHauls,1no31a2,2,https://i.redd.it/a2jalm585tqf1.jpg?width=3024&format=pjpg&auto=webp&s=b9a11564306b814c656d054801c147d7091d5d7b,gallery,reddit_gallery,a2jalm585tqf1,,a black dress with lace on it
ThriftStoreHauls,1no31a2,3,https://i.redd.it/qa3spn585tqf1.jpg?width=3024&format=pjpg&auto=webp&s=2161c23bfda0a08529303551813b1ae3664648a1,gallery,reddit_gallery,qa3spn585tqf1,,a black dress with green buttons on it
ThriftStoreHauls,1no4frp,0,https://i.redd.it/lup2cw65htqf1.jpeg,post_url,direct_link,,,"a collection of children's books, including some with the title captain underpants"
ThriftStoreHauls,1nnu3kk,0,https://i.redd.it/ee0ftaeccrqf1.jpeg,post_url,direct_link,,,a unicycle is sitting on the floor next to a couch
ThriftStoreHauls,1nod8di,0,https://i.redd.it/ylkcbiwn0wqf1.jpeg,post_url,direct_link,,,a table with many silver ornaments on it
ThriftStoreHauls,1nnznbz,0,https://i.redd.it/72lmkj8fesqf1.jpeg,post_url,direct_link,,,a piano in front of a window with a bench
ThriftStoreHauls,1nolasa,0,https://i.redd.it/cn9d81oxsxqf1.png,post_url,direct_link,,,a black plastic wheel with a blue sticker on it
ThriftStoreHauls,1no3br4,0,https://i.redd.it/o0jtbuuo7tqf1.jpg?width=2275&format=pjpg&auto=webp&s=b155f7b8a0875c947315a82e8a991ae3da13207a,gallery,reddit_gallery,o0jtbuuo7tqf1,,a man wearing a denim jacket with a print on it
ThriftStoreHauls,1no3br4,1,https://i.redd.it/6qnrakuo7tqf1.jpg?width=2316&format=pjpg&auto=webp&s=505c3d939924009d4da6ba5fbba6334e568138d4,gallery,reddit_gallery,6qnrakuo7tqf1,,a man wearing a sweater with trees on it
ThriftStoreHauls,1nna3qn,0,https://i.redd.it/f9brg2dxhmqf1.jpeg,post_url,direct_link,,,a t - shirt with a frog sitting at a table
,1nna3qn,0,https://preview.redd.it/j7kqquuq6nqf1.jpeg?width=1170&format=pjpg&auto=webp&s=05a63205a4084c6739cd4d6dca18065d8aeb5fbf,comment_text,embedded_link,,nfjn1b9,a t - shirt with a frog riding a bike and the words fuck the police
,1nna3qn,0,https://preview.redd.it/j4yvz36dmmqf1.jpeg?width=3024&format=pjpg&auto=webp&s=0ed72a8f65ad248e4a03d26067bc5b5eb41607f3,comment_text,embedded_link,,nfj6i1b,a green t - shirt with two frogs sitting at a table
ThriftStoreHauls,1nnpxv6,0,https://i.redd.it/mjaq28wvkqqf1.jpg?width=828&format=pjpg&auto=webp&s=4233e4c920122bd82ad6e87e042d67810ac6e7f8,gallery,reddit_gallery,mjaq28wvkqqf1,,a purple dress with a zipper on the front
ThriftStoreHauls,1nnpxv6,1,https://i.redd.it/ln12l8wvkqqf1.jpg?width=828&format=pjpg&auto=webp&s=fa20a22941df33cf208690a56cd2678e1adaa8af,gallery,reddit_gallery,ln12l8wvkqqf1,,a woman taking a selfie in a mirror wearing a purple dress
ThriftStoreHauls,1nntdjg,0,https://i.redd.it/fsw6wfum7rqf1.jpeg,post_url,direct_link,,,a table with a white table cloth and white dishes
ThriftStoreHauls,1no4gom,0,https://i.redd.it/3yusjembhtqf1.jpg?width=3456&format=pjpg&auto=webp&s=2313bcf2c5b6a90e00366cbff44560f0217bcc8f,gallery,reddit_gallery,3yusjembhtqf1,,a hand holding a lamp with a design on it
ThriftStoreHauls,1no4gom,1,https://i.redd.it/oz9uuj5chtqf1.jpg?width=3456&format=pjpg&auto=webp&s=ce8d69e06c8bd7cb73e2882ffc514dbdbde132d7,gallery,reddit_gallery,oz9uuj5chtqf1,,a person holding a small white ceramic candle holder
ThriftStoreHauls,1no4gom,2,https://i.redd.it/onnby3ybhtqf1.jpg?width=3456&format=pjpg&auto=webp&s=0b94ce5168083a26219aa779fab2a8f8a76427e7,gallery,reddit_gallery,onnby3ybhtqf1,,a hand holding a white vase with animals on it
ThriftStoreHauls,1no4gom,3,https://i.redd.it/ezsu75gchtqf1.jpg?width=3456&format=pjpg&auto=webp&s=0aa20d4399ea7758cb6b08eaab6e50e1bd0e313f,gallery,reddit_gallery,ezsu75gchtqf1,,a person holding a white object in their hand
,1no4gom,0,https://preview.redd.it/trufgtrqrvqf1.jpeg?width=4608&format=pjpg&auto=webp&s=37bb15a90378c7948c1e1b61bcb27727d2fd8a1a,comment_text,embedded_link,,nfqjk2o,a lamp with a carved design on it
ThriftStoreHauls,1noaikz,0,https://i.redd.it/sd1ag3u94vqf1.jpeg,post_url,direct_link,,,a shirt with the words kindness comes back around
ThriftStoreHauls,1nnp3so,0,https://i.redd.it/6n013e16fqqf1.jpeg,post_url,direct_link,,,a fanny pack with a tag and a bag
ThriftStoreHauls,1nn4q3v,0,https://i.redd.it/w56eorck9lqf1.jpg?width=3024&format=pjpg&auto=webp&s=0f51e22e836b6d17ca21300e5a26b379cec8f084,gallery,reddit_gallery,w56eorck9lqf1,,a white refrigerator sitting in front of a garage
ThriftStoreHauls,1nn4q3v,1,https://i.redd.it/7k7zz6ck9lqf1.jpg?width=1284&format=pjpg&auto=webp&s=1be0bc94522be44dfea07e09cfafbfa2ac3a9a6f,gallery,reddit_gallery,7k7zz6ck9lqf1,,a white refrigerator with its door open
ThriftStoreHauls,1nnls09,0,https://i.redd.it/zviq7syvrpqf1.jpeg,post_url,direct_link,,,are you callish? yes no
ThriftStoreHauls,1no4jw1,0,https://i.redd.it/l3mri4d3itqf1.jpg?width=4032&format=pjpg&auto=webp&s=5b09582188bae0e86a88b4a715557ec84330a06d,gallery,reddit_gallery,l3mri4d3itqf1,,a painting on a wooden table
ThriftStoreHauls,1no4jw1,1,https://i.redd.it/mmuy9yc3itqf1.jpg?width=4032&format=pjpg&auto=webp&s=3b069a7e0586a082b9573fbf36b0b807ce3a787d,gallery,reddit_gallery,mmuy9yc3itqf1,,a painting of a horse on a field
ThriftStoreHauls,1no4jw1,2,https://i.redd.it/e5tq5yc3itqf1.jpg?width=5712&format=pjpg&auto=webp&s=e32fb95d4f7070aff69ce6aaf99b3b6f75ecbc27,gallery,reddit_gallery,e5tq5yc3itqf1,,a painting of a river and farm in the country
ThriftStoreHauls,1nnu7y3,0,https://i.redd.it/vz8xqsl4drqf1.jpg?width=2076&format=pjpg&auto=webp&s=bc98ebe9755b6ba1ed7bcc0002cd52c4974c4a0f,gallery,reddit_gallery,vz8xqsl4drqf1,,a person holding a toy astronaut in front of a plant
ThriftStoreHauls,1nnu7y3,1,https://i.redd.it/vt1i17k4drqf1.jpg?width=4032&format=pjpg&auto=webp&s=20246608ca45906a99c818d3a8c39cf4d53ff8f7,gallery,reddit_gallery,vt1i17k4drqf1,,a ceiling fan with a colorful light shining on it
ThriftStoreHauls,1noquku,0,https://i.redd.it/egih3h06uyqf1.png,post_url,direct_link,,,a person holding up a framed picture of a group of people
ThriftStoreHauls,1no3sfe,0,https://i.redd.it/vb4m28cobtqf1.jpg?width=1169&format=pjpg&auto=webp&s=ec7289fc7170142dfa54646f5e90a33dae315720,gallery,reddit_gallery,vb4m28cobtqf1,,a hand holding a purse with flowers in the background
ThriftStoreHauls,1no3sfe,1,https://i.redd.it/ff8nn9cobtqf1.jpg?width=1170&format=pjpg&auto=webp&s=c539b4e1abf45bcf39c1c21cd0f92c80d98fb257,gallery,reddit_gallery,ff8nn9cobtqf1,,marc jacobs spring/summer 2016 collection
ThriftStoreHauls,1nn3lk8,0,https://i.redd.it/dqg4c36b1lqf1.jpg?width=3024&format=pjpg&auto=webp&s=55972b902f98220dd26ffa3c1a942b9ab852e68d,gallery,reddit_gallery,dqg4c36b1lqf1,,a skirt with colorful flowers and a gold buckle
ThriftStoreHauls,1nn3lk8,1,https://i.redd.it/igo1516b1lqf1.jpg?width=3024&format=pjpg&auto=webp&s=53133a07fcaee35aac51a998d8ce155b20da7a45,gallery,reddit_gallery,igo1516b1lqf1,,a tag on a colorful dress with a price tag
ThriftStoreHauls,1nn3lk8,2,https://i.redd.it/hpwkx56b1lqf1.jpg?width=3024&format=pjpg&auto=webp&s=3ca7a52a6936ae390815b491470b5f370d03ef4e,gallery,reddit_gallery,hpwkx56b1lqf1,,a gold bracelet with a tag on it
,1nn3lk8,0,https://preview.redd.it/jz81rasn3rqf1.jpeg?width=3024&format=pjpg&auto=webp&s=ba4ab921defe8055d80da0419e7ebd64f8018fa6,comment_text,embedded_link,,nfmshyz,a brown leather purse laying on a pink blanket
ThriftStoreHauls,1nnyv2x,0,https://i.redd.it/piotaq3n8sqf1.jpeg,post_url,direct_link,,,a woman in a floral dress and knee high boots
ThriftStoreHauls,1nnw4t8,0,https://i.redd.it/83rawxgzprqf1.jpg?width=3024&format=pjpg&auto=webp&s=d74be6d0a30a4db671f03f41fa3dfd8ae46d1bb4,gallery,reddit_gallery,83rawxgzprqf1,,a white shirt with the word yay on it
ThriftStoreHauls,1nnw4t8,1,https://i.redd.it/925foxgzprqf1.jpg?width=3024&format=pjpg&auto=webp&s=14016e7bc105528b6ce13da377395f1082d99687,gallery,reddit_gallery,925foxgzprqf1,,a shirt that says i'm going to be 30 happy birthday to me
ThriftStoreHauls,1nng36s,0,https://i.redd.it/vwvbce9o5oqf1.jpg?width=2475&format=pjpg&auto=webp&s=faac9c154594fecb9216113e8ef32702c28629cb,gallery,reddit_gallery,vwvbce9o5oqf1,,a black dog playing with a toy on a carpet
ThriftStoreHauls,1nng36s,1,https://i.redd.it/8w38wn9o5oqf1.jpg?width=3024&format=pjpg&auto=webp&s=39b0181bdac05876ef9559116176cd2ee331c25b,gallery,reddit_gallery,8w38wn9o5oqf1,,a black dog laying on a bed
ThriftStoreHauls,1nng36s,2,https://i.redd.it/wwsozq9o5oqf1.jpg?width=4032&format=pjpg&auto=webp&s=df9a8165813adbb935d69caba2ebfcb869be41d6,gallery,reddit_gallery,wwsozq9o5oqf1,,dog toys and other items on a table
ThriftStoreHauls,1nng36s,3,https://i.redd.it/omjd8r9o5oqf1.jpg?width=3024&format=pjpg&auto=webp&s=385df9213ce080b50d390057a3b7ae787d247080,gallery,reddit_gallery,omjd8r9o5oqf1,,a bag of toys in plastic wrap on a table
ThriftStoreHauls,1nn71e5,0,https://i.redd.it/6jccyfchqlqf1.jpg?width=1994&format=pjpg&auto=webp&s=69fe2efeb71cd477f0823afcbb3dc2c55b9f4d2c,gallery,reddit_gallery,6jccyfchqlqf1,,a black and white photo of a cityscape with a blue sky
ThriftStoreHauls,1nn71e5,1,https://i.redd.it/rlpdpfchqlqf1.jpg?width=1747&format=pjpg&auto=webp&s=98aa02b1b20e79767a57ee36d70413daef1d6634,gallery,reddit_gallery,rlpdpfchqlqf1,,two men riding motorcycles in the city at night
ThriftStoreHauls,1nn71e5,2,https://i.redd.it/akkm1u8gqlqf1.jpg?width=3235&format=pjpg&auto=webp&s=604671949798e69d2a984703b8cd948daa8eff07,gallery,reddit_gallery,akkm1u8gqlqf1,,a framed picture of two men on motorcycles
ThriftStoreHauls,1nn71e5,3,https://i.redd.it/m5fhgkchqlqf1.jpg?width=1994&format=pjpg&auto=webp&s=5b7d164e7a42ce3aabb283bc2d42fab061cac7e8,gallery,reddit_gallery,m5fhgkchqlqf1,,a black and white photo of people on a wall
ThriftStoreHauls,1nn71e5,4,https://i.redd.it/w4586c9gqlqf1.jpg?width=4624&format=pjpg&auto=webp&s=2fd28349c5c51c694cd163072023f25deb74c91e,gallery,reddit_gallery,w4586c9gqlqf1,,a close up of a cityscape with a building in the background
ThriftStoreHauls,1nn71e5,5,https://i.redd.it/xjc2389gqlqf1.jpg?width=4624&format=pjpg&auto=webp&s=546dee83370c5f20f1902c2fc6d8e691ed7142d0,gallery,reddit_gallery,xjc2389gqlqf1,,a painting of a city with buildings and a blue sky
ThriftStoreHauls,1nn71e5,6,https://i.redd.it/ayveigchqlqf1.jpg?width=1994&format=pjpg&auto=webp&s=cf91c98ec08aab781f7fd7a85eaa20eba2942a1c,gallery,reddit_gallery,ayveigchqlqf1,,a poster with a picture of a city skyline
ThriftStoreHauls,1nn71e5,7,https://i.redd.it/4u03289gqlqf1.jpg?width=4624&format=pjpg&auto=webp&s=4a9e1e6fac7d6a4080737e808a586b6b475c7565,gallery,reddit_gallery,4u03289gqlqf1,,a picture of a cityscape with a green background
ThriftStoreHauls,1nn71e5,8,https://i.redd.it/zjs83n9gqlqf1.jpg?width=4624&format=pjpg&auto=webp&s=0f6499576b43a8d8e6b6efcad280d02081da7af6,gallery,reddit_gallery,zjs83n9gqlqf1,,a drawing of two people riding motorcycles on a piece of paper
ThriftStoreHauls,1nn71e5,9,https://i.redd.it/m5dme39gqlqf1.jpg?width=4624&format=pjpg&auto=webp&s=2b81f349c80ccee236ccf55fdb0fbd3a1a47b4dd,gallery,reddit_gallery,m5dme39gqlqf1,,a painting of a motorcycle on a wall
ThriftStoreHauls,1nn71e5,10,https://i.redd.it/622uz99gqlqf1.jpg?width=4624&format=pjpg&auto=webp&s=471a8e57c5e40dfd41674fa01359c521af18632e,gallery,reddit_gallery,622uz99gqlqf1,,a close up of a piece of paper with a number on it
ThriftStoreHauls,1nn71e5,11,https://i.redd.it/i4uoaa9gqlqf1.jpg?width=3472&format=pjpg&auto=webp&s=06e8af2ed241ab694475a978df3f06e372f469a0,gallery,reddit_gallery,i4uoaa9gqlqf1,,a cartoon character riding a motorcycle
ThriftStoreHauls,1nn71e5,12,https://i.redd.it/67xy3fchqlqf1.jpg?width=1745&format=pjpg&auto=webp&s=1c7b8320b184b73ca96f87c5b0aa80af343852f0,gallery,reddit_gallery,67xy3fchqlqf1,,batman and the joker in the dark knight
ThriftStoreHauls,1nn71e5,13,https://i.redd.it/hmnric9gqlqf1.jpg?width=4624&format=pjpg&auto=webp&s=bca4a94fdd653925634bf80e02963e174609b6c3,gallery,reddit_gallery,hmnric9gqlqf1,,a motorcycle is shown on a piece of paper
ThriftStoreHauls,1nn71e5,14,https://i.redd.it/vkvesx8gqlqf1.jpg?width=4624&format=pjpg&auto=webp&s=39f59493473a04b0d16d46075245a7c5068539d1,gallery,reddit_gallery,vkvesx8gqlqf1,,a picture of two people on motorcycles in a city
ThriftStoreHauls,1nn71e5,15,https://i.redd.it/opo3jfchqlqf1.jpg?width=1749&format=pjpg&auto=webp&s=5e53d65c36ff993102c0a84d0a99da581afdcba2,gallery,reddit_gallery,opo3jfchqlqf1,,a scene from the anime movie 'ghost in the shell'
ThriftStoreHauls,1nn71e5,16,https://i.redd.it/ywy3hd9gqlqf1.jpg?width=4624&format=pjpg&auto=webp&s=473a88081e454181845979d1be15036b3086a6d8,gallery,reddit_gallery,ywy3hd9gqlqf1,,a painting of a city with a clock on it
ThriftStoreHauls,1nn71e5,17,https://i.redd.it/5vbztb9gqlqf1.jpg?width=3472&format=pjpg&auto=webp&s=f5c9dcae9cf4091aeb51975813245f942b8895f8,gallery,reddit_gallery,5vbztb9gqlqf1,,a framed picture of two motorcycles on a street
,1nn71e5,0,https://preview.redd.it/dzhcoviehoqf1.png?width=527&format=png&auto=webp&s=a20bbce4a11fb59e6f55ac22d5d576223f589048,comment_text,embedded_link,,nfkexfu,a baby in a red shirt and pants with the words congratulations
,1nn71e5,0,https://preview.redd.it/52ddjmp6vpqf1.jpeg?width=1170&format=pjpg&auto=webp&s=8fe288ca09e75e367c5fd510c77af4ad9b2f1d93,comment_text,embedded_link,,nflekmp,"a little boy with a smile on his face and the words, fuck you happy for you give it to me"
ThriftStoreHauls,1nnuvzt,0,https://i.redd.it/lax3dlrihrqf1.jpg?width=3468&format=pjpg&auto=webp&s=6519e38ba7b1f5eda40c6b09a44dbedcb917d7f7,gallery,reddit_gallery,lax3dlrihrqf1,,a silver plate with the coat of arms of the city of paris
ThriftStoreHauls,1nnuvzt,1,https://i.redd.it/csgfytjihrqf1.jpg?width=3468&format=pjpg&auto=webp&s=f7e93e63a4db1f788c6b46b91944998db75daeed,gallery,reddit_gallery,csgfytjihrqf1,,a silver plate with a coat of arms on it
ThriftStoreHauls,1nnu38w,0,https://i.redd.it/7vku8s6acrqf1.jpeg,post_url,direct_link,,,a person holding a small metal machine
ThriftStoreHauls,1nnw732,0,https://i.redd.it/sckm2e7fqrqf1.jpg?width=2700&format=pjpg&auto=webp&s=57e8b47f58198c2c5879559ba3da92ef1af24ea9,gallery,reddit_gallery,sckm2e7fqrqf1,,a tiger and a bird hanging on a wall
ThriftStoreHauls,1nnw732,1,https://i.redd.it/m6fbb26fqrqf1.jpg?width=2594&format=pjpg&auto=webp&s=627cb57c411ba26b6c8baf5387da89b14746d5a9,gallery,reddit_gallery,m6fbb26fqrqf1,,five mugs with different types of soup on them
ThriftStoreHauls,1nnw732,2,https://i.redd.it/kk6ykx5fqrqf1.jpg?width=1819&format=pjpg&auto=webp&s=8b35f07944c549977d2c73dfdde6ec9ab18d5796,gallery,reddit_gallery,kk6ykx5fqrqf1,,"a table with various items including a coffee maker, a coffee mug, a mug, a mug, a mug, a mug, a mug, a"
ThriftStoreHauls,1nnw732,3,https://i.redd.it/3lsmz26fqrqf1.jpg?width=2900&format=pjpg&auto=webp&s=daa1bf745b821dca30c9850eb8561a37acb66bd6,gallery,reddit_gallery,3lsmz26fqrqf1,,a stack of dvds on a wooden floor
ThriftStoreHauls,1nnw8vb,0,https://i.redd.it/75xpi9lrqrqf1.jpg?width=3024&format=pjpg&auto=webp&s=8baf8d739153b4caa83180c122d17e6e5cbd725f,gallery,reddit_gallery,75xpi9lrqrqf1,,a marble sculpture of a number six on a table
ThriftStoreHauls,1nnw8vb,1,https://i.redd.it/tw6ly4lrqrqf1.jpg?width=3024&format=pjpg&auto=webp&s=158cbfd9461e0911b5bdc3d49305be4fc4d4a393,gallery,reddit_gallery,tw6ly4lrqrqf1,,a marble sculpture on a table next to a lamp
ThriftStoreHauls,1nnw8vb,2,https://i.redd.it/8ythv6lrqrqf1.jpg?width=3024&format=pjpg&auto=webp&s=4c9d6352fba7d8c59be602d359f05b70efd05c56,gallery,reddit_gallery,8ythv6lrqrqf1,,a marble sculpture on a wooden table
ThriftStoreHauls,1nnw8vb,3,https://i.redd.it/689ak5lrqrqf1.jpg?width=3024&format=pjpg&auto=webp&s=67abcf428f97a7e1521a5a5fb4597bb7273e01c3,gallery,reddit_gallery,689ak5lrqrqf1,,a marble sculpture of a number six on a table
ThriftStoreHauls,1nnw8vb,4,https://i.redd.it/2b578elrqrqf1.jpg?width=3024&format=pjpg&auto=webp&s=bce04bc163bc01037796cd12f36de90417be5d33,gallery,reddit_gallery,2b578elrqrqf1,,a red box sitting on top of a desk
ThriftStoreHauls,1nn7hd4,0,https://i.redd.it/3v52g5mivlqf1.jpeg,post_url,direct_link,,,simplicity pattern star trek uniform
ThriftStoreHauls,1nns8vk,0,https://i.redd.it/45sdvii10rqf1.jpg?width=3024&format=pjpg&auto=webp&s=ea0614a2e6433362ecac9637677bea5736e1a7e0,gallery,reddit_gallery,45sdvii10rqf1,,a sweater with flowers on it hanging on a hanger
ThriftStoreHauls,1nns8vk,1,https://i.redd.it/9zqukoj10rqf1.jpg?width=4284&format=pjpg&auto=webp&s=7d2257ba927895dcbb42487341ff896d4a662993,gallery,reddit_gallery,9zqukoj10rqf1,,a blue shirt with embroidered flowers on it
ThriftStoreHauls,1nns8vk,2,https://i.redd.it/01izcyi10rqf1.jpg?width=3024&format=pjpg&auto=webp&s=42f18a0487e8ba62e8e261cf644e29ee95118308,gallery,reddit_gallery,01izcyi10rqf1,,a purple sweater with flowers on it
ThriftStoreHauls,1nns8vk,3,https://i.redd.it/5wqi72j10rqf1.jpg?width=4284&format=pjpg&auto=webp&s=b430f7ea0cd671c34d3debc5f90fb55b7bf1db55,gallery,reddit_gallery,5wqi72j10rqf1,,a red vest with hearts and hearts on it
ThriftStoreHauls,1nns8vk,4,https://i.redd.it/wuqvqui10rqf1.jpg?width=4284&format=pjpg&auto=webp&s=0b001a5378ee9759f1711a49da9589f089b46416,gallery,reddit_gallery,wuqvqui10rqf1,,a brown sweater with embroidered flowers on it
ThriftStoreHauls,1nns8vk,5,https://i.redd.it/lhxyhii10rqf1.jpg?width=4284&format=pjpg&auto=webp&s=4002ad8cda803bab1bd9a7835aad22ae3dbea50e,gallery,reddit_gallery,lhxyhii10rqf1,,a pink sweatshirt with butterflies on it
ThriftStoreHauls,1nns8vk,6,https://i.redd.it/4olwtii10rqf1.jpg?width=3024&format=pjpg&auto=webp&s=282bf6e06ad75d742b3cc00481fe93bded09628b,gallery,reddit_gallery,4olwtii10rqf1,,a red sweater with snowflakes on it
ThriftStoreHauls,1nns8vk,7,https://i.redd.it/14nzgni10rqf1.jpg?width=4284&format=pjpg&auto=webp&s=249ebec1469c74a2fc17897c626ec015ed6063a4,gallery,reddit_gallery,14nzgni10rqf1,,a vest with embroidered flowers on it
ThriftStoreHauls,1nnaz13,0,https://i.redd.it/mcdoo8zfpmqf1.jpeg,post_url,direct_link,,,a box of cat toys on display in a store
,1nnaz13,0,https://preview.redd.it/dsdvyi1gqqqf1.png?width=1080&format=png&auto=webp&s=b878ffe8d210b51539f4d7b5254442220298fd91,comment_text,embedded_link,,nfmdi3b,a cat laying on a rug with a toy
,1nnaz13,0,https://preview.redd.it/tzxia5gearqf1.jpeg?width=2556&format=pjpg&auto=webp&s=4ebda3b046d441960a5c6122c999ee56219068f5,comment_text,embedded_link,,nfn18sw,a man with a hat and a cat on his shoulder
,1nnaz13,0,https://preview.redd.it/4uzcvwii8qqf1.jpeg?width=1079&format=pjpg&auto=webp&s=3781766244cb418ec99260ff9fa12f6716657e32,comment_text,embedded_link,,nflspbn,a cat sitting on a toilet
ThriftStoreHauls,1nny4a8,0,https://i.redd.it/iisn4sue3sqf1.jpeg,post_url,direct_link,,,a black keyboard sitting on top of a wooden table
ThriftStoreHauls,1nnzq18,0,https://i.redd.it/t2g94pnyesqf1.jpeg,post_url,direct_link,,,a pink tent with a pink umbrella and a pink tent
ThriftStoreHauls,1nnbe6u,0,https://i.redd.it/3xjtzp09tmqf1.jpg?width=3024&format=pjpg&auto=webp&s=c915e7168f6c65dc9abb4b1f3290ef7cf7cf2cd8,gallery,reddit_gallery,3xjtzp09tmqf1,,a lamp with a statue of a woman in it
ThriftStoreHauls,1nnbe6u,1,https://i.redd.it/mw06wp09tmqf1.jpg?width=3024&format=pjpg&auto=webp&s=39f5883f7e1e1df2ac27204cb72c64a0dd528519,gallery,reddit_gallery,mw06wp09tmqf1,,a hanging lamp with a statue of a man and plants
ThriftStoreHauls,1nns4qj,0,https://i.redd.it/gihz76w5zqqf1.jpeg,post_url,direct_link,,,a book shelf with many books on it
ThriftStoreHauls,1nnrbdi,0,https://i.redd.it/2y34hqkytqqf1.jpg?width=3024&format=pjpg&auto=webp&s=639385cada5ce9deaed08c12cf0decc884ec1520,gallery,reddit_gallery,2y34hqkytqqf1,,a person holding a wine glass in front of a sink
ThriftStoreHauls,1nnrbdi,1,https://i.redd.it/5n1nfqkytqqf1.jpg?width=3024&format=pjpg&auto=webp&s=9d4a54562136819df9af0f7bbbaf7e66c035b72b,gallery,reddit_gallery,5n1nfqkytqqf1,,"a table with a purple cup, two wine glasses, and a towel"
ThriftStoreHauls,1nnrbdi,2,https://i.redd.it/2o8gcqkytqqf1.jpg?width=1080&format=pjpg&auto=webp&s=85acfc195cbcddf2c2de96dc3c43c21bb8736ac7,gallery,reddit_gallery,2o8gcqkytqqf1,,a person sitting in a car holding a dog figurine
ThriftStoreHauls,1nnrbdi,3,https://i.redd.it/culmfrkytqqf1.jpg?width=3024&format=pjpg&auto=webp&s=618cab183fb7a3fccd481b5201dcec63645b4b7e,gallery,reddit_gallery,culmfrkytqqf1,,two wall sconces with floral designs on them
ThriftStoreHauls,1nnrbdi,4,https://i.redd.it/g2gklqkytqqf1.jpg?width=3024&format=pjpg&auto=webp&s=456f103b6a14cd03328e85176ab159869884544e,gallery,reddit_gallery,g2gklqkytqqf1,,a person holding a horse figurine in front of a shelf
ThriftStoreHauls,1nnrbdi,5,https://i.redd.it/j8pesqkytqqf1.jpg?width=3024&format=pjpg&auto=webp&s=a272be3b9cc8cea5323f4f53a3174d59d12ad584,gallery,reddit_gallery,j8pesqkytqqf1,,a person holding a copper bowl in a store
ThriftStoreHauls,1nnrbdi,6,https://i.redd.it/jdyv1qkytqqf1.jpg?width=3024&format=pjpg&auto=webp&s=af5fc67838ee3e6dd2bd1081820e32acec5ef19d,gallery,reddit_gallery,jdyv1qkytqqf1,,a box of candles with different colors and sizes
ThriftStoreHauls,1nnrbdi,7,https://i.redd.it/8t14gskytqqf1.jpg?width=3024&format=pjpg&auto=webp&s=6177214113791e39bc1b54b83168ade50344a21e,gallery,reddit_gallery,8t14gskytqqf1,,a framed print of a city and landscape
ThriftStoreHauls,1nnrbdi,8,https://i.redd.it/7y4fdrkytqqf1.jpg?width=3024&format=pjpg&auto=webp&s=8bde8e25320b94d7fa8ccd174404707459e22cb4,gallery,reddit_gallery,7y4fdrkytqqf1,,a person holding a gold vase in front of a table
ThriftStoreHauls,1nnrbdi,9,https://i.redd.it/c18zxqkytqqf1.jpg?width=1080&format=pjpg&auto=webp&s=a6da1b76d9ab1d73795a60072cddde3b4863e363,gallery,reddit_gallery,c18zxqkytqqf1,,a person holding a framed picture and a wooden box
ThriftStoreHauls,1nnrbdi,10,https://i.redd.it/tpeb1zkytqqf1.jpg?width=3024&format=pjpg&auto=webp&s=2a52a6a962851a310e13f5f9c60b002501d33a6d,gallery,reddit_gallery,tpeb1zkytqqf1,,a yellow glass bowl sitting on top of a shelf
ThriftStoreHauls,1nnrbdi,11,https://i.redd.it/jki2jqkytqqf1.jpg?width=3024&format=pjpg&auto=webp&s=76bc2f0022fd48b52672512fc25c20817785ee97,gallery,reddit_gallery,jki2jqkytqqf1,,a person sitting in a car with two books on the dashboard
ThriftStoreHauls,1nnrbdi,12,https://i.redd.it/5si8jukytqqf1.jpg?width=3024&format=pjpg&auto=webp&s=829a5a6a96ad3c5aea31885578ea69b79b5431bd,gallery,reddit_gallery,5si8jukytqqf1,,the back of a car with two green chairs in it
ThriftStoreHauls,1nnrbdi,13,https://i.redd.it/75k2mvkytqqf1.jpg?width=3024&format=pjpg&auto=webp&s=8cafe057a5c61d58c76557cd83a7a44e4a515a3c,gallery,reddit_gallery,75k2mvkytqqf1,,a lamp and a box sitting on top of a car seat
ThriftStoreHauls,1nn9t81,0,https://i.redd.it/03bic9uefmqf1.jpg?width=3060&format=pjpg&auto=webp&s=1e48622e87817e14fdd29d10fe1acabafa2ed01c,gallery,reddit_gallery,03bic9uefmqf1,,a red polka dot dress with a tag on it
ThriftStoreHauls,1nn9t81,1,https://i.redd.it/bckzrcsefmqf1.jpg?width=3060&format=pjpg&auto=webp&s=aae9eb18cc38adbd982e0ecf87e41918d1a69fab,gallery,reddit_gallery,bckzrcsefmqf1,,a close up of a red polka dot dress
ThriftStoreHauls,1nn9t81,2,https://i.redd.it/35p2p4oefmqf1.png?width=1080&format=png&auto=webp&s=dd1f05b55206067302c33fb3de55e3ce9955dfdf,gallery,reddit_gallery,35p2p4oefmqf1,,a woman in an orange polka dot dress taking a selfie
ThriftStoreHauls,1nn9t81,3,https://i.redd.it/hxstxplefmqf1.png?width=1080&format=png&auto=webp&s=1d72160fd5d22b267839e0cf66a562c2b75c5e93,gallery,reddit_gallery,hxstxplefmqf1,,a woman in an orange polka dot dress taking a selfie
ThriftStoreHauls,1nn9t81,4,https://i.redd.it/9wp1fzpefmqf1.jpg?width=3060&format=pjpg&auto=webp&s=8a8bd1038e5e83aef56c8adc10d4d52e1809bc43,gallery,reddit_gallery,9wp1fzpefmqf1,,a close up of a red polka dot fabric
,1nn9t81,0,https://preview.redd.it/pdk3rauirmqf1.jpeg?width=750&format=pjpg&auto=webp&s=1b4e87407dd5a43c111e994deda1a497b3fc6f11,comment_text,embedded_link,,nfjb0k2,the office quote photographic print
ThriftStoreHauls,1nnufyy,0,https://i.redd.it/cetkbhckerqf1.jpg?width=993&format=pjpg&auto=webp&s=d81d0f0015ae2ce81e95c8fce333dae651a4d237,gallery,reddit_gallery,cetkbhckerqf1,,scanwatch 2 - screenshot
ThriftStoreHauls,1nnufyy,1,https://i.redd.it/e53ummdierqf1.jpg?width=4080&format=pjpg&auto=webp&s=e99f871ef2bd4fe66d92cd65c84de3ce48c6557e,gallery,reddit_gallery,e53ummdierqf1,,a watch and a cord on a bed
ThriftStoreHauls,1nnufyy,2,https://i.redd.it/9g69aq1kerqf1.jpg?width=1600&format=pjpg&auto=webp&s=e5fa9510800aa51ee93049665c1793c87ddd4cf0,gallery,reddit_gallery,9g69aq1kerqf1,,a person holding a smart watch with the time displayed
ThriftStoreHauls,1nnufyy,3,https://i.redd.it/uoqt2ejkerqf1.jpg?width=1080&format=pjpg&auto=webp&s=d27309b67f56080e8a85abf158e86bdbd3e32b89,gallery,reddit_gallery,uoqt2ejkerqf1,,a screenshot of the app showing the price of a watch
ThriftStoreHauls,1nnxrxq,0,https://i.redd.it/snm6jji21sqf1.jpeg,post_url,direct_link,,,four books sitting on a counter top
ThriftStoreHauls,1nnxtwf,0,https://i.redd.it/8b28idfg1sqf1.jpg?width=4080&format=pjpg&auto=webp&s=d129490430b5fe7d1e9cbf58fb5e5d122c1d69c0,gallery,reddit_gallery,8b28idfg1sqf1,,a painting of a colorful underwater scene
ThriftStoreHauls,1nnxtwf,1,https://i.redd.it/ydiqms3g1sqf1.jpg?width=3060&format=pjpg&auto=webp&s=adbcaa60e6486eef76e66725cd4867c19330a345,gallery,reddit_gallery,ydiqms3g1sqf1,,a certificate of authenticity is displayed on a white paper
ThriftStoreHauls,1nmzlk5,0,https://i.redd.it/arzp8dpv9kqf1.jpg?width=3955&format=pjpg&auto=webp&s=acc60ea9ee3ffd98806e4c68f3072152de5b407a,gallery,reddit_gallery,arzp8dpv9kqf1,,two pieces of carpet with tassels on them
ThriftStoreHauls,1nmzlk5,1,https://i.redd.it/s9z09viv9kqf1.png?width=1080&format=png&auto=webp&s=e1a29a0dcdcf09ab638378ff7b2ab86b8d325b8d,gallery,reddit_gallery,s9z09viv9kqf1,,a large orange box sitting on a table
ThriftStoreHauls,1nmzlk5,2,https://i.redd.it/dii4wfmv9kqf1.jpg?width=2252&format=pjpg&auto=webp&s=7496530c6f97190f4c0b55ff9d909b4ceff8d3bb,gallery,reddit_gallery,dii4wfmv9kqf1,,a framed picture of two people standing in front of a tree
,1nmzlk5,0,https://preview.redd.it/wpgyw4cu0lqf1.jpeg?width=3000&format=pjpg&auto=webp&s=07e39b9b9dded056b73d16237e122bdd7db2c2ad,comment_text,embedded_link,,nfhlxsa,a black and white painting on a piece of paper
ThriftStoreHauls,1nnvxzu,0,https://i.redd.it/vyeiqoomorqf1.jpg?width=6144&format=pjpg&auto=webp&s=ecd94d05927ff709a727a4ff80e59d0690d08e7c,gallery,reddit_gallery,vyeiqoomorqf1,,a black shirt with an eagle and american flag on it
ThriftStoreHauls,1nnvxzu,1,https://i.redd.it/7vzgnifnorqf1.jpg?width=6144&format=pjpg&auto=webp&s=f29baf6f7cc23217dcb90e97286ad13d8fd7a3a7,gallery,reddit_gallery,7vzgnifnorqf1,,a shirt with a bear face on it is hanging on a rack
ThriftStoreHauls,1nn3wq4,0,https://i.redd.it/vpsdj9vi3lqf1.jpeg,post_url,direct_link,,,a person holding a coffee mug with the word sexi on it
ThriftStoreHauls,1nn4h7l,0,https://i.redd.it/8na5xg1q7lqf1.jpeg,post_url,direct_link,,,a goat wearing a dress and holding a painting
ThriftStoreHauls,1nmugge,0,https://i.redd.it/25ld3heaajqf1.jpeg,post_url,direct_link,,,a blue sweater on a couch
ThriftStoreHauls,1nn4yvg,0,https://i.redd.it/etgj36kfblqf1.jpg?width=3024&format=pjpg&auto=webp&s=916f664dfa67b5536493fa6b62ae8c48e782f482,gallery,reddit_gallery,etgj36kfblqf1,,a gold tray with a label on it sitting on a marble counter
ThriftStoreHauls,1nn4yvg,1,https://i.redd.it/mp0sw4kfblqf1.jpg?width=3024&format=pjpg&auto=webp&s=f9374b5582b411310a7866da97d0639f92fa64c5,gallery,reddit_gallery,mp0sw4kfblqf1,,a black and gold tray with butterflies on it
ThriftStoreHauls,1nn4yvg,2,https://i.redd.it/jlbya1kfblqf1.jpg?width=3024&format=pjpg&auto=webp&s=a82563036945f1c6022e3ac577d11cb072c8b224,gallery,reddit_gallery,jlbya1kfblqf1,,a framed picture of butterflies with a gold frame
ThriftStoreHauls,1nmy3fb,0,https://i.redd.it/8pzkxcemzjqf1.jpeg,post_url,direct_link,,,a plate with a quote on it that says asson as the rush over
ThriftStoreHauls,1nnali1,0,https://i.redd.it/niwjhpo3mmqf1.jpg?width=3000&format=pjpg&auto=webp&s=1b5fff53c605ec670951f8d3a0d1a98e1406fb90,gallery,reddit_gallery,niwjhpo3mmqf1,,a red dvd sitting on top of a black table
ThriftStoreHauls,1nnali1,1,https://i.redd.it/l4sy3si3mmqf1.jpg?width=3000&format=pjpg&auto=webp&s=3adc7a023b3c29238f773b8c1202c28cb033677a,gallery,reddit_gallery,l4sy3si3mmqf1,,a person holding a dvd in a store
ThriftStoreHauls,1nmy6hv,0,https://i.redd.it/nrovkow60kqf1.jpg?width=4284&format=pjpg&auto=webp&s=06a6843255f8efa6b360aeb906d39cf457c98756,gallery,reddit_gallery,nrovkow60kqf1,,a sweatshirt with embroidered flowers on it
ThriftStoreHauls,1nmy6hv,1,https://i.redd.it/ih5pvrw60kqf1.jpg?width=4284&format=pjpg&auto=webp&s=0ff959a61d870496b25cffd0af2a7fa110e5e040,gallery,reddit_gallery,ih5pvrw60kqf1,,a sweater with a bear on it hanging on a door
ThriftStoreHauls,1nmy6hv,2,https://i.redd.it/g64sidx60kqf1.jpg?width=4284&format=pjpg&auto=webp&s=0c266350f4fcf41d2afed05ce100e7c84f2ee01a,gallery,reddit_gallery,g64sidx60kqf1,,a blue sweatshirt with a snowflake design on it
ThriftStoreHauls,1nmy6hv,3,https://i.redd.it/wcw47nw60kqf1.jpg?width=4284&format=pjpg&auto=webp&s=5ce4f208118da7e6042288121c1f286b1e192450,gallery,reddit_gallery,wcw47nw60kqf1,,a black shirt with sunflowers on it
ThriftStoreHauls,1nmy6hv,4,https://i.redd.it/4f9wbqw60kqf1.jpg?width=4284&format=pjpg&auto=webp&s=c3f87e1710b1c82f64699bc8668108a315b9d310,gallery,reddit_gallery,4f9wbqw60kqf1,,a blue top with a beach theme on it
ThriftStoreHauls,1nmy6hv,5,https://i.redd.it/p9xxjlx60kqf1.jpg?width=4284&format=pjpg&auto=webp&s=a39e63bf992fa666adb5ed7100920b8cab3fd911,gallery,reddit_gallery,p9xxjlx60kqf1,,a purple sweatshirt with floral embroidery on it
ThriftStoreHauls,1nmy6hv,6,https://i.redd.it/y3vrylw60kqf1.jpg?width=4284&format=pjpg&auto=webp&s=cb4b7966ee62a12e46d92aa60f31188952c6b280,gallery,reddit_gallery,y3vrylw60kqf1,,a sweater with santa faces on it
ThriftStoreHauls,1nmy6hv,7,https://i.redd.it/mb6ui0x60kqf1.jpg?width=4284&format=pjpg&auto=webp&s=8ce9da9a7ac868e12ec920a6d7296ade06a04162,gallery,reddit_gallery,mb6ui0x60kqf1,,a pink sweater with christmas trees and trees on it
ThriftStoreHauls,1nmy6hv,8,https://i.redd.it/1zymilw60kqf1.jpg?width=4284&format=pjpg&auto=webp&s=ff4b8ea6e1f5f4a1cbf3e20b851a3f114144ed7d,gallery,reddit_gallery,1zymilw60kqf1,,a denim shirt with flowers and hearts on it
,1nmy6hv,0,https://preview.redd.it/gx4nflz79kqf1.jpeg?width=3024&format=pjpg&auto=webp&s=1374bf816c7280250522605d61d3cc2420b52300,comment_text,embedded_link,,nfgnjro,a denim shirt with colorful embroidered designs on it
ThriftStoreHauls,1nnei6p,0,https://i.redd.it/oayxge81onqf1.jpg?width=4536&format=pjpg&auto=webp&s=7b206a9d042e0939cf441ef47cd3ccac9d342879,gallery,reddit_gallery,oayxge81onqf1,,a person holding up a pair of brown boots
ThriftStoreHauls,1nnei6p,1,https://i.redd.it/0vehuw71onqf1.jpg?width=3213&format=pjpg&auto=webp&s=b8dcff79ebe4b3cc9c92967065c6f796f77d35e5,gallery,reddit_gallery,0vehuw71onqf1,,a pair of jeans hanging on a metal rack
ThriftStoreHauls,1nnei6p,2,https://i.redd.it/6zlk8u71onqf1.jpg?width=4536&format=pjpg&auto=webp&s=e3d8e1d876f2add7945ddd4ac23bafc04da3dd12,gallery,reddit_gallery,6zlk8u71onqf1,,a blue and black plaid shirt hanging on a hanger
ThriftStoreHauls,1nnei6p,3,https://i.redd.it/k4qb7u71onqf1.jpg?width=4536&format=pjpg&auto=webp&s=b66e36d3c1d028fc1af53d93f7aa94b4be9fdb14,gallery,reddit_gallery,k4qb7u71onqf1,,a figurine of jesus on a cloud
ThriftStoreHauls,1nnei6p,4,https://i.redd.it/yl11ss71onqf1.jpg?width=4536&format=pjpg&auto=webp&s=45f0d197395267476a4e562e8181b3a7410fac1e,gallery,reddit_gallery,yl11ss71onqf1,,a pair of jeans hanging on a rack in a store
ThriftStoreHauls,1nnei6p,5,https://i.redd.it/csvn1t71onqf1.jpg?width=3213&format=pjpg&auto=webp&s=897b8699dd64d95b180d5f16a66154dcfd2d34f2,gallery,reddit_gallery,csvn1t71onqf1,,a pair of converse sneakers on a wooden table
ThriftStoreHauls,1nnei6p,6,https://i.redd.it/622yet71onqf1.jpg?width=3213&format=pjpg&auto=webp&s=ce68e0793e90959fac8b9a121c99c5b19b216049,gallery,reddit_gallery,622yet71onqf1,,a pair of black high top sneakers on a wooden table
ThriftStoreHauls,1nnei6p,7,https://i.redd.it/qef1va81onqf1.jpg?width=4536&format=pjpg&auto=webp&s=9804fc4f8c3f2250d99bae2b88801f3560b95ffb,gallery,reddit_gallery,qef1va81onqf1,,a black leather jacket with red and white patches on it
ThriftStoreHauls,1nnei6p,8,https://i.redd.it/g6ehut71onqf1.jpg?width=4536&format=pjpg&auto=webp&s=177d974175cfd5a48035dc158f685c91163e07e3,gallery,reddit_gallery,g6ehut71onqf1,,a figurine of a woman holding a sign that says the transfiguration
ThriftStoreHauls,1nnei6p,9,https://i.redd.it/jtbyit71onqf1.jpg?width=3213&format=pjpg&auto=webp&s=fb549e48a15b18712e0ec50f5e3ca188fd40fe54,gallery,reddit_gallery,jtbyit71onqf1,,a pair of jeans hanging on a rack with a sign on it
ThriftStoreHauls,1nnei6p,10,https://i.redd.it/q1esmu71onqf1.jpg?width=4536&format=pjpg&auto=webp&s=7f177cec28a3b92a18088d61424e8f06405f436a,gallery,reddit_gallery,q1esmu71onqf1,,a pair of shoes on a shelf next to a window
ThriftStoreHauls,1nnei6p,11,https://i.redd.it/s4ka1u71onqf1.jpg?width=3024&format=pjpg&auto=webp&s=8a3379825b19094a3ddd93b5fab93ccefd08b915,gallery,reddit_gallery,s4ka1u71onqf1,,a person holding a pair of nike air jordan shoes
ThriftStoreHauls,1nnei6p,12,https://i.redd.it/20z2mt71onqf1.jpg?width=4536&format=pjpg&auto=webp&s=3c1ca38ed796f7e1370e3ba78b1ada4e11476536,gallery,reddit_gallery,20z2mt71onqf1,,a blue and black plaid shirt with a label that reads choppers
ThriftStoreHauls,1nnei6p,13,https://i.redd.it/0fhb0581onqf1.jpg?width=4536&format=pjpg&auto=webp&s=a6e87ef87ed1bc41132d051de5a3e566599f1bc3,gallery,reddit_gallery,0fhb0581onqf1,,"a pair of sneakers with a red, blue and white stripe"
ThriftStoreHauls,1nnei6p,14,https://i.redd.it/rlmu9t71onqf1.jpg?width=4536&format=pjpg&auto=webp&s=5af2326c6d8000cc435af6d40e02a64a1b86eb28,gallery,reddit_gallery,rlmu9t71onqf1,,a coke label is on the back of a pair of jeans
ThriftStoreHauls,1nn6i1e,0,https://i.redd.it/dh2dqimfnlqf1.jpeg,post_url,direct_link,,,a framed picture of a vase with flowers and other items
ThriftStoreHauls,1nnnimh,0,https://i.redd.it/uqrycnlj4qqf1.jpg?width=4030&format=pjpg&auto=webp&s=a9c506935a35cf2dc355bc4f154521536913a200,gallery,reddit_gallery,uqrycnlj4qqf1,,a black board with a bunch of anime characters on it
ThriftStoreHauls,1nnnimh,1,https://i.redd.it/g8102olj4qqf1.jpg?width=1440&format=pjpg&auto=webp&s=8f2effd9d6b02b9b50c42e8daa26080ee0db8e25,gallery,reddit_gallery,g8102olj4qqf1,,a mouse pad with many anime characters on it
ThriftStoreHauls,1nnnimh,2,https://i.redd.it/7xt4snlj4qqf1.jpg?width=1440&format=pjpg&auto=webp&s=ad31104815ff5c28c76d86b730490c19565f57d3,gallery,reddit_gallery,7xt4snlj4qqf1,,a figure of a man and a woman with a sword
ThriftStoreHauls,1nnnimh,3,https://i.redd.it/yenpgplj4qqf1.jpg?width=2707&format=pjpg&auto=webp&s=2218ae292858145e704820e73e1256330624b27d,gallery,reddit_gallery,yenpgplj4qqf1,,a set of three figures that are made of plastic
ThriftStoreHauls,1nmp4gu,0,https://i.redd.it/xqwnbuat2iqf1.jpg?width=3468&format=pjpg&auto=webp&s=b3ad503ff72e86b06bd0f124c020db9477d02b2e,gallery,reddit_gallery,xqwnbuat2iqf1,,a silver metal figurine of a woman holding a sword
ThriftStoreHauls,1nmp4gu,1,https://i.redd.it/7aizs9ys2iqf1.jpg?width=2709&format=pjpg&auto=webp&s=4932fc2a97db5dd6eae9ad3359bbf29df80cd7c8,gallery,reddit_gallery,7aizs9ys2iqf1,,a person holding a silver spoon
ThriftStoreHauls,1nmp4gu,2,https://i.redd.it/edlby3es2iqf1.jpg?width=3112&format=pjpg&auto=webp&s=a4af52020f9f819f65b8c7562e1513bc17b05c69,gallery,reddit_gallery,edlby3es2iqf1,,a silver spoon with a lady on it
ThriftStoreHauls,1nncc7d,0,https://i.redd.it/pw4pukyz1nqf1.jpg?width=4284&format=pjpg&auto=webp&s=aeb1ef77210d06892ca9a7d4edd07dab13efdd5e,gallery,reddit_gallery,pw4pukyz1nqf1,,a mirror is sitting on the ground next to a dresser
ThriftStoreHauls,1nncc7d,1,https://i.redd.it/t8uzpkyz1nqf1.jpg?width=4284&format=pjpg&auto=webp&s=28ea16692c483ec4536802ec9c61cd73b667ca97,gallery,reddit_gallery,t8uzpkyz1nqf1,,a mirror on the ground next to a car
ThriftStoreHauls,1nmtrbc,0,https://i.redd.it/wrgujjke5jqf1.png?width=1080&format=png&auto=webp&s=c190924f1de7e8d2e00537d2ea3bbbf69d4a991c,gallery,reddit_gallery,wrgujjke5jqf1,,a quilt on a bed
ThriftStoreHauls,1nmtrbc,1,https://i.redd.it/q1qeqbje5jqf1.jpg?width=3000&format=pjpg&auto=webp&s=eca81a1ba5a30124e6fd034bf9e5032ee59a16ac,gallery,reddit_gallery,q1qeqbje5jqf1,,a black and white quilt with a black and white pattern
ThriftStoreHauls,1nmtrbc,2,https://i.redd.it/574j7ahe5jqf1.jpg?width=3000&format=pjpg&auto=webp&s=7698ca3a9e9c106bfffd36a301ff7fff3a4c09c0,gallery,reddit_gallery,574j7ahe5jqf1,,a black and white quilt with a pattern of shoes
ThriftStoreHauls,1nmtrbc,3,https://i.redd.it/kx7nflle5jqf1.jpg?width=3000&format=pjpg&auto=webp&s=5857f5caabb0f0ed9dcdf512885ef03152bb3cfc,gallery,reddit_gallery,kx7nflle5jqf1,,a black and white quilt with a star pattern
ThriftStoreHauls,1nn1ukg,0,https://i.redd.it/9dmdhgc5pkqf1.jpg?width=4284&format=pjpg&auto=webp&s=3f16a3249ad55d3041be79426cbfa11d3143b600,gallery,reddit_gallery,9dmdhgc5pkqf1,,a small tv sitting on a table next to a lamp
ThriftStoreHauls,1nn1ukg,1,https://i.redd.it/w1ob5ac5pkqf1.jpg?width=4032&format=pjpg&auto=webp&s=b66f6ec883909acb35e09f468e716314f19e6bfd,gallery,reddit_gallery,w1ob5ac5pkqf1,,a small silver and gold radio sitting on a glass table
ThriftStoreHauls,1nn1ukg,2,https://i.redd.it/hvmd9ac5pkqf1.jpg?width=3024&format=pjpg&auto=webp&s=39dbac150be17af2f986688a3b0972c2cdd68275,gallery,reddit_gallery,hvmd9ac5pkqf1,,an old television sitting on a glass table
ThriftStoreHauls,1nn403w,0,https://i.redd.it/0u3lf4q64lqf1.jpg?width=3024&format=pjpg&auto=webp&s=375f7a933a6abb5bec6af3562e78ba50e279073c,gallery,reddit_gallery,0u3lf4q64lqf1,,"a ring with a tag that says ""gift"" on it"
ThriftStoreHauls,1nn403w,1,https://i.redd.it/1argc7q64lqf1.jpg?width=3024&format=pjpg&auto=webp&s=9bb41676376dd9bd7b7353b6ee00aade6df1ae10,gallery,reddit_gallery,1argc7q64lqf1,,a person holding a diamond ring in their hand
ThriftStoreHauls,1nn403w,2,https://i.redd.it/x3qil1q64lqf1.jpg?width=3024&format=pjpg&auto=webp&s=3637a6f72555f47978d262f7ee486d2175e074cc,gallery,reddit_gallery,x3qil1q64lqf1,,a person holding a ring with a price tag on it
ThriftStoreHauls,1nn403w,3,https://i.redd.it/igda06q64lqf1.jpg?width=3024&format=pjpg&auto=webp&s=5d5ed11103ffe51d9387521b15125e3a676b72eb,gallery,reddit_gallery,igda06q64lqf1,,a gold ring with a snake on it
ThriftStoreHauls,1nn403w,4,https://i.redd.it/32iz74q64lqf1.jpg?width=3024&format=pjpg&auto=webp&s=fded149fa273586049d123b57a72619c5980e1dd,gallery,reddit_gallery,32iz74q64lqf1,,a person holding a ring with a diamond on it
ThriftStoreHauls,1nnn8t7,0,https://i.redd.it/w5b41e4q2qqf1.jpeg,post_url,direct_link,,,a collection of various cds and other items laying on a rug
ThriftStoreHauls,1nnc1ab,0,https://i.redd.it/ihc5dg94zmqf1.jpg?width=2252&format=pjpg&auto=webp&s=efacfe66f01952a5130123563c774842b301f637,gallery,reddit_gallery,ihc5dg94zmqf1,,a woman wearing a watch on her wrist
ThriftStoreHauls,1nnc1ab,1,https://i.redd.it/boq99wd4zmqf1.jpg?width=1153&format=pjpg&auto=webp&s=0678d4ef6818d4002d90e6a86dac59b157bd04ee,gallery,reddit_gallery,boq99wd4zmqf1,,a clock is glowing in the dark
ThriftStoreHauls,1nn5ipx,0,https://i.redd.it/z134javtelqf1.jpg?width=4120&format=pjpg&auto=webp&s=c543cf7fb55036ef2ace1a613e229a9b94b8bbbc,gallery,reddit_gallery,z134javtelqf1,,a framed painting of a bird in the grass
ThriftStoreHauls,1nn5ipx,1,https://i.redd.it/4xal6qzzelqf1.jpg?width=3024&format=pjpg&auto=webp&s=f2df311c2d619f57c2cf6acef07189e2821335b3,gallery,reddit_gallery,4xal6qzzelqf1,,a framed painting of a plant and a bird
ThriftStoreHauls,1nn8639,0,https://i.redd.it/em3mps0b1mqf1.jpg?width=3072&format=pjpg&auto=webp&s=bcbff7dccce142cf1a85a0f63bf3b6c0cd1141b5,gallery,reddit_gallery,em3mps0b1mqf1,,a close up of a chinese embroidered piece
ThriftStoreHauls,1nn8639,1,https://i.redd.it/cm9miija1mqf1.jpg?width=3072&format=pjpg&auto=webp&s=36ba337f56b36d50d107a92d0e60c5d6f01c2450,gallery,reddit_gallery,cm9miija1mqf1,,a framed cross stitch pattern with birds and flowers
,1nn8639,0,https://preview.redd.it/be3v0nradpqf1.jpeg?width=2951&format=pjpg&auto=webp&s=494aa18b1f000df625764ae43aa6df57ec74d037,comment_text,embedded_link,,nfkyslf,two framed chinese embroidery paintings
ThriftStoreHauls,1nn1idu,0,https://i.redd.it/s75o6zppmkqf1.jpeg,post_url,direct_link,,,a vintage chandelier with colorful flowers on it
ThriftStoreHauls,1nnb2zp,0,https://i.redd.it/oys7sx6fqmqf1.jpeg,post_url,direct_link,,,a backpack that is sitting on top of a chair
ThriftStoreHauls,1nn88ld,0,https://i.redd.it/z81h0jvv1mqf1.jpg?width=3024&format=pjpg&auto=webp&s=e622b2c22dba7b08097a6bbb545cfae9ae4983d0,gallery,reddit_gallery,z81h0jvv1mqf1,,a cardboard box filled with various items
ThriftStoreHauls,1nn88ld,1,https://i.redd.it/t48pvivv1mqf1.jpg?width=3024&format=pjpg&auto=webp&s=e32a10a48c482463f97c97c152692d984f8bbbea,gallery,reddit_gallery,t48pvivv1mqf1,,a pile of toys in a bag
ThriftStoreHauls,1nn00w6,0,https://i.redd.it/m02obfdrckqf1.jpeg,post_url,direct_link,,,a painting of a woman and a clock
ThriftStoreHauls,1nn3s8p,0,https://i.redd.it/2mtv6pah2lqf1.jpg?width=2011&format=pjpg&auto=webp&s=62c6e4e5f64035f5e33b1961d466fae122b2bad8,gallery,reddit_gallery,2mtv6pah2lqf1,,a glass table with a teddy bear sitting on it
ThriftStoreHauls,1nn3s8p,1,https://i.redd.it/tv1o78bh2lqf1.jpg?width=4140&format=pjpg&auto=webp&s=768ccfcccde7ed4bd71d09406e1a4475a8dc6cb8,gallery,reddit_gallery,tv1o78bh2lqf1,,a glass top table with a gold frame
ThriftStoreHauls,1nn3s8p,2,https://i.redd.it/04op78bh2lqf1.jpg?width=4284&format=pjpg&auto=webp&s=fef0fd9af64093785e1f5568ad724833e4697daf,gallery,reddit_gallery,04op78bh2lqf1,,a glass and wood hanging lamp on a table
ThriftStoreHauls,1nn3s8p,3,https://i.redd.it/eqanh9bh2lqf1.jpg?width=5712&format=pjpg&auto=webp&s=ca0959b466d6c90ae489b340d1dc84220b2009fc,gallery,reddit_gallery,eqanh9bh2lqf1,,an antique dining room table and chairs
ThriftStoreHauls,1nn3s8p,4,https://i.redd.it/vqjo2wah2lqf1.jpg?width=3024&format=pjpg&auto=webp&s=98d7b0ac2b2bd5476584edd89be2b7f1658df90f,gallery,reddit_gallery,vqjo2wah2lqf1,,a model car is sitting on a shelf in a wooden cabinet
ThriftStoreHauls,1nmk2ei,0,https://i.redd.it/8n456fz6igqf1.jpeg,post_url,direct_link,,,a table with a variety of hair cutting tools
ThriftStoreHauls,1nn6r4h,0,https://i.redd.it/piv0ftdhplqf1.jpg?width=3024&format=pjpg&auto=webp&s=f4101899ac801e5bbe4a1e171cd003af27a45f2f,gallery,reddit_gallery,piv0ftdhplqf1,,an image of an internal affairs jacket hanging on a window
ThriftStoreHauls,1nn6r4h,1,https://i.redd.it/cr8ydsdhplqf1.jpg?width=3024&format=pjpg&auto=webp&s=fff1887c7bda65903b3d2adabae7f4e06c801a92,gallery,reddit_gallery,cr8ydsdhplqf1,,a person holding a star wars jacket with a label on it
ThriftStoreHauls,1nn6r4h,2,https://i.redd.it/exheeqdhplqf1.jpg?width=3024&format=pjpg&auto=webp&s=c1f92227495037aea532f39635a020cd4bd381cc,gallery,reddit_gallery,exheeqdhplqf1,,a black jacket with a gold embroidered face on it
ThriftStoreHauls,1nn6r4h,3,https://i.redd.it/cyih8wdhplqf1.jpg?width=3024&format=pjpg&auto=webp&s=7ebae89a1981a52a9d8c16c8fa4ea7fb4ee8595f,gallery,reddit_gallery,cyih8wdhplqf1,,a police badge is on the jacket of a jacket
ThriftStoreHauls,1nn7sbb,0,https://i.redd.it/ze0zd8x1ylqf1.jpeg,post_url,direct_link,,,"a table with a stuffed animal, books, and a toy"
ThriftStoreHauls,1nmz7z7,0,https://i.redd.it/f2q6481a7kqf1.jpeg,post_url,direct_link,,,a woman standing in front of a mirror with her shoes on
ThriftStoreHauls,1nnaa2w,0,https://i.redd.it/kfpr2r4ejmqf1.jpeg,post_url,direct_link,,,martin luther king and obama
ThriftStoreHauls,1nn70w5,0,https://i.redd.it/o9bz08qorlqf1.jpg?width=3072&format=pjpg&auto=webp&s=30004c69c0b4c5f49f8dbc4a6650029027a8e806,gallery,reddit_gallery,o9bz08qorlqf1,,a person holding a tub of smith's glue
ThriftStoreHauls,1nn70w5,1,https://i.redd.it/jadxcluorlqf1.jpg?width=6144&format=pjpg&auto=webp&s=d65da5133c114e8b148c4a9dc08c2cf187568216,gallery,reddit_gallery,jadxcluorlqf1,,olaplex travel styling kit
,1nn70w5,0,https://preview.redd.it/r0bxkx9mtlqf1.jpeg?width=4080&format=pjpg&auto=webp&s=c51b20835c25a96b2089eaeed666194dbb0202b4,comment_text,embedded_link,,nfifnlz,olaplex hair care review
ThriftStoreHauls,1nn6vbf,0,https://i.redd.it/23jlkfwcqlqf1.jpg?width=3024&format=pjpg&auto=webp&s=b53cc8dcf3bad590391217a9175af45416e60688,gallery,reddit_gallery,23jlkfwcqlqf1,,a black and red paisley print jacket with red lining
ThriftStoreHauls,1nn6vbf,1,https://i.redd.it/269l49wcqlqf1.jpg?width=3024&format=pjpg&auto=webp&s=6451fafa03eca603f5bc0ee543de1ff14832e8ad,gallery,reddit_gallery,269l49wcqlqf1,,a jacket hanging on a clothes rack
ThriftStoreHauls,1nn6vbf,2,https://i.redd.it/u5mc4bwcqlqf1.jpg?width=3024&format=pjpg&auto=webp&s=9821ca334414609718dcf3a9d9a00f32d998071b,gallery,reddit_gallery,u5mc4bwcqlqf1,,a man in a black jacket and jeans taking a selfie
ThriftStoreHauls,1nn6vbf,3,https://i.redd.it/ztmpg9wcqlqf1.jpg?width=3024&format=pjpg&auto=webp&s=c659a98ddcba2edfb33de1026dd98a05395772b7,gallery,reddit_gallery,ztmpg9wcqlqf1,,a man taking a selfie in front of a mirror
ThriftStoreHauls,1nn1kve,0,https://i.redd.it/umwjxjdmmkqf1.jpg?width=1536&format=pjpg&auto=webp&s=eae5e3f178b1c8c50ce51bf130c0545638148cb3,gallery,reddit_gallery,umwjxjdmmkqf1,,a suitcase hanging on a wall with a red handle
ThriftStoreHauls,1nn1kve,1,https://i.redd.it/6tgrx6grmkqf1.jpg?width=1536&format=pjpg&auto=webp&s=a573e4cf21780acbb89bdb92e030cb2b5db460c4,gallery,reddit_gallery,6tgrx6grmkqf1,,a person holding a pair of scissors and a pair of scissors
ThriftStoreHauls,1nn1kve,2,https://i.redd.it/fltaohwqmkqf1.jpg?width=1536&format=pjpg&auto=webp&s=99dc5946f76d5a20ee6e343ab2651ad37268328a,gallery,reddit_gallery,fltaohwqmkqf1,,a suitcase with two speakers and a hanger
ThriftStoreHauls,1nn1kve,3,https://i.redd.it/sl1cbb6qmkqf1.jpg?width=1536&format=pjpg&auto=webp&s=1bdf9ab2fa55419d28a1850e287932a9dbfa9ebe,gallery,reddit_gallery,sl1cbb6qmkqf1,,a suitcase with a zipper and a hanger
ThriftStoreHauls,1nn1kve,4,https://i.redd.it/pnpfumnlmkqf1.jpg?width=1536&format=pjpg&auto=webp&s=03d13044a3fc69fec49cff380e50af56ec1f356c,gallery,reddit_gallery,pnpfumnlmkqf1,,a red suitcase with wheels on the floor
ThriftStoreHauls,1nn1kve,5,https://i.redd.it/41alkbzrmkqf1.jpg?width=1536&format=pjpg&auto=webp&s=6e90973268af1127bd289b034625b959e3629884,gallery,reddit_gallery,41alkbzrmkqf1,,a suitcase with a zipper and a zipper compartment
ThriftStoreHauls,1nn1kve,6,https://i.redd.it/061l5m3lmkqf1.jpg?width=1536&format=pjpg&auto=webp&s=ed1c0b4ddab1b0f0958e12fc23365c4d9b80a967,gallery,reddit_gallery,061l5m3lmkqf1,,a red suitcase sitting on the floor next to a door
ThriftStoreHauls,1nm67in,0,https://i.redd.it/kuy3ebmh8dqf1.jpeg,post_url,direct_link,,,back to school sign
ThriftStoreHauls,1nmjihm,0,https://i.redd.it/tu4us2h0dgqf1.jpeg,post_url,direct_link,,,a bed with a quilt on it and a desk in the corner
ThriftStoreHauls,1nn0cxk,0,https://i.redd.it/6i2607xyekqf1.jpeg,post_url,direct_link,,,ugg boots with a tag on the bottom
ThriftStoreHauls,1nmcbam,0,https://i.redd.it/3qwc1oo6ieqf1.jpeg,post_url,direct_link,,,a large painting of a pink flower on a canvas
ThriftStoreHauls,1nmpzlj,0,https://i.redd.it/ey3h87wkbiqf1.jpeg,post_url,direct_link,,,"a wall with a mirror, a clock, and a picture frame"
ThriftStoreHauls,1nmeffd,0,https://i.redd.it/p7yexfke0fqf1.jpg?width=3024&format=pjpg&auto=webp&s=b712d24af0ee0d8054a46ef22ee8e384b69dc73b,gallery,reddit_gallery,p7yexfke0fqf1,,a canada goose jacket with a fur collar
ThriftStoreHauls,1nmeffd,1,https://i.redd.it/glhdmytd0fqf1.jpg?width=3024&format=pjpg&auto=webp&s=6ed701f0a52a22d282faae0c254642816ff48d06,gallery,reddit_gallery,glhdmytd0fqf1,,a person holding a label on a jacket
ThriftStoreHauls,1nmeffd,2,https://i.redd.it/olwynewe0fqf1.jpg?width=3024&format=pjpg&auto=webp&s=236b1d74837d43a4f922e762f4810ba6478b30fe,gallery,reddit_gallery,olwynewe0fqf1,,a person holding a fur coat on top of a bed
ThriftStoreHauls,1nmunwj,0,https://i.redd.it/42rryjkqbjqf1.jpeg,post_url,direct_link,,,a sewing machine on a desk
ThriftStoreHauls,1nn4s2o,0,https://i.redd.it/4zbs3edz9lqf1.jpg?width=4284&format=pjpg&auto=webp&s=34b6eaaf078c446caaa9a3651f71f0aaa4ca0d69,gallery,reddit_gallery,4zbs3edz9lqf1,,a red jacket with budweiser on it
ThriftStoreHauls,1nn4s2o,1,https://i.redd.it/7potymdz9lqf1.jpg?width=4284&format=pjpg&auto=webp&s=1927401c9f61f2d77811b2dd32c72b88e0e6bf11,gallery,reddit_gallery,7potymdz9lqf1,,a red jacket with the name bud on it
ThriftStoreHauls,1nn4s2o,2,https://i.redd.it/d6pudadz9lqf1.jpg?width=4284&format=pjpg&auto=webp&s=a461f03d4eb388368ccdb687a105f921b4154241,gallery,reddit_gallery,d6pudadz9lqf1,,a person holding up a red shirt with the nascar logo on it
ThriftStoreHauls,1nmvy99,0,https://i.redd.it/4wbnxg5skjqf1.jpg?width=1032&format=pjpg&auto=webp&s=20979719f78dbdc04eceb5d7be4008b5e0fd11c0,gallery,reddit_gallery,4wbnxg5skjqf1,,a woman in a denim skirt and boots taking a selfie
ThriftStoreHauls,1nmvy99,1,https://i.redd.it/s6athh5skjqf1.jpg?width=1036&format=pjpg&auto=webp&s=e72b896d43a26ad9202eb791813dafe55c28798f,gallery,reddit_gallery,s6athh5skjqf1,,a woman with a teddy bear face on her face
ThriftStoreHauls,1nmvy99,2,https://i.redd.it/vu9geh5skjqf1.jpg?width=992&format=pjpg&auto=webp&s=af20f4c3197fa29bfffb0932f72625a7cfe4df38,gallery,reddit_gallery,vu9geh5skjqf1,,a woman in black shorts and a white top taking a selfie
ThriftStoreHauls,1nmvy99,3,https://i.redd.it/zpwrrh5skjqf1.jpg?width=1024&format=pjpg&auto=webp&s=91c42c4031aed0ce001c514f90b7e5bcc1e7d6e2,gallery,reddit_gallery,zpwrrh5skjqf1,,a woman in a yellow dress and knee high boots taking a selfie
ThriftStoreHauls,1nmvy99,4,https://i.redd.it/1aqfnh5skjqf1.jpg?width=1061&format=pjpg&auto=webp&s=45049e25d4ba72590d48f0143ebe334469256678,gallery,reddit_gallery,1aqfnh5skjqf1,,a woman wearing a black top and white skirt taking a selfie
ThriftStoreHauls,1nmvy99,5,https://i.redd.it/nt6hsf5skjqf1.jpg?width=1044&format=pjpg&auto=webp&s=77b053e4171aecea10ad7833e903ca9acc75ac68,gallery,reddit_gallery,nt6hsf5skjqf1,,a woman taking a selfie in her living room
ThriftStoreHauls,1nmvy99,6,https://i.redd.it/omzssh5skjqf1.jpg?width=1028&format=pjpg&auto=webp&s=c2cc1e0b3855aee4959d748426ab62d02cdb0de4,gallery,reddit_gallery,omzssh5skjqf1,,a woman wearing overalls taking a selfie
ThriftStoreHauls,1nmfez0,0,https://i.redd.it/5iofpbwe9fqf1.png?width=960&format=png&auto=webp&s=abb0bd2261f2827b1d05492177f3096953e94b75,gallery,reddit_gallery,5iofpbwe9fqf1,,a colorful pennant with a picture of animals on it
ThriftStoreHauls,1nmfez0,1,https://i.redd.it/5bqkdgse9fqf1.jpg?width=3072&format=pjpg&auto=webp&s=ed2ace824dbc9f277f34aec7a103c0abcad61f19,gallery,reddit_gallery,5bqkdgse9fqf1,,a white unicorn figurine with a thermometer on it
ThriftStoreHauls,1nmfez0,2,https://i.redd.it/qsx3ym3f9fqf1.jpg?width=3072&format=pjpg&auto=webp&s=6baf7d63aaf07266f6f7efc51c3bcf0684150b90,gallery,reddit_gallery,qsx3ym3f9fqf1,,a cat is looking at a statue of a rooster
ThriftStoreHauls,1nmfez0,3,https://i.redd.it/ix49ejue9fqf1.png?width=960&format=png&auto=webp&s=234aa4db930cc2860466a65f230d2d738f1837a0,gallery,reddit_gallery,ix49ejue9fqf1,,a box of trifecta games
ThriftStoreHauls,1nmfez0,4,https://i.redd.it/an5hhwxe9fqf1.jpg?width=4080&format=pjpg&auto=webp&s=3a3aff868b5f0a7f884f23efe2c9099e2be69d12,gallery,reddit_gallery,an5hhwxe9fqf1,,a box with a cat ornament and other items
ThriftStoreHauls,1nmfez0,5,https://i.redd.it/onu24fqe9fqf1.jpg?width=4080&format=pjpg&auto=webp&s=6e05fc791700026ba88ef3b25a042af148e7d0d4,gallery,reddit_gallery,onu24fqe9fqf1,,california redwoods pennant
ThriftStoreHauls,1nmfez0,6,https://i.redd.it/oxxehjne9fqf1.jpg?width=3072&format=pjpg&auto=webp&s=bd9cd2ad5428043c48e1b591e76d71a2743190ff,gallery,reddit_gallery,oxxehjne9fqf1,,a mirror with a quote on it
ThriftStoreHauls,1nmfez0,7,https://i.redd.it/s3lqmk1f9fqf1.png?width=960&format=png&auto=webp&s=63fab1edfa43ed6f23c8af392dde8a17d3eb3e31,gallery,reddit_gallery,s3lqmk1f9fqf1,,a small toy wagon with teddy bears sitting on top of it
,1nmfez0,0,https://preview.redd.it/msstkbdn9fqf1.png?width=960&format=png&auto=webp&s=1b5ccc3e83d258a38019b58288d3f37ab6638557,comment_text,embedded_link,,nfcina4,a cuckoo clock in a box on a table
,1nmfez0,0,https://preview.redd.it/nj8eix8aafqf1.png?width=960&format=png&auto=webp&s=a84c62ebd9818de8b141b1a3ff1439459d955072,comment_text,embedded_link,,nfcj7je,a table with winnie the pooh figurines on it
ThriftStoreHauls,1nneqws,0,https://i.redd.it/7tj8pejlqnqf1.jpeg,post_url,direct_link,,,a shirt that says sit on my face and pedal my ears
,1nneqws,0,https://preview.redd.it/grkbz1pgnpqf1.jpeg?width=330&format=pjpg&auto=webp&s=7562de3e6bde26685050bbfe863ff2dc9d130b1b,comment_text,embedded_link,,nfl79sw,a person is measuring the head with a tape measure
ThriftStoreHauls,1nmq8jd,0,https://i.redd.it/hyzuf95tdiqf1.jpeg,post_url,direct_link,,,a white and gold bell with a picture of two people on it
ThriftStoreHauls,1nn580n,0,https://i.redd.it/fdc85sqddlqf1.jpg?width=1532&format=pjpg&auto=webp&s=f3cf269af1face2975cc7556333ba0b55439e177,gallery,reddit_gallery,fdc85sqddlqf1,,a woman with tattoos and a red top is taking a selfie
ThriftStoreHauls,1nn580n,1,https://i.redd.it/nojay4rddlqf1.jpg?width=3867&format=pjpg&auto=webp&s=a6c35b0fa7affdb43e748b945fd716c488660057,gallery,reddit_gallery,nojay4rddlqf1,,a person standing on a rug wearing black and white checkered pants
ThriftStoreHauls,1nn580n,2,https://i.redd.it/8uxc2tqddlqf1.jpg?width=1505&format=pjpg&auto=webp&s=5819e049896d7b491b3089b3abbb2551e70796c0,gallery,reddit_gallery,8uxc2tqddlqf1,,a woman with dreadlocks taking a selfie in front of a mirror
ThriftStoreHauls,1nn580n,3,https://i.redd.it/m8v92uqddlqf1.jpg?width=1474&format=pjpg&auto=webp&s=4018d0f41c83aec601f896bc011fd0fd79414620,gallery,reddit_gallery,m8v92uqddlqf1,,a woman with tattoos taking a selfie in front of a mirror
ThriftStoreHauls,1nn02fv,0,https://i.redd.it/yncul2v1dkqf1.jpeg,post_url,direct_link,,,a wooden table with several items on it
ThriftStoreHauls,1nmsobp,0,https://i.redd.it/5g6pt90kxiqf1.jpg?width=2268&format=pjpg&auto=webp&s=9da3899684d07f195dfd846fb44dd432c9bcac29,gallery,reddit_gallery,5g6pt90kxiqf1,,a box of black stainless steel coffee makers sits in the back seat of a car
ThriftStoreHauls,1nmsobp,1,https://i.redd.it/1ufsp50kxiqf1.jpg?width=2022&format=pjpg&auto=webp&s=bbe0f77d403663d2bd79285c0dac0941fb801762,gallery,reddit_gallery,1ufsp50kxiqf1,,a coffee maker with a digital display on top
ThriftStoreHauls,1nmsobp,2,https://i.redd.it/fbazb50kxiqf1.jpg?width=1179&format=pjpg&auto=webp&s=0f414354478dc9334ba143343eeb915961b066c0,gallery,reddit_gallery,fbazb50kxiqf1,,cuisinart coffee maker - screenshot
ThriftStoreHauls,1nmtkb3,0,https://i.redd.it/gz7z31vz3jqf1.jpg?width=2048&format=pjpg&auto=webp&s=619967e8bf7fc4cd5e842a2123aae859f8f758df,gallery,reddit_gallery,gz7z31vz3jqf1,,a cat standing on top of a dresser
ThriftStoreHauls,1nmtkb3,1,https://i.redd.it/pj3pq4yz3jqf1.jpg?width=1766&format=pjpg&auto=webp&s=259bf30fe02edf32673cc15b9dd475c4de9bbb71,gallery,reddit_gallery,pj3pq4yz3jqf1,,a woman standing next to a china cabinet
ThriftStoreHauls,1nmxpnv,0,https://i.redd.it/w46i1uwtwjqf1.jpeg,post_url,direct_link,,,a small room with a small desk and a gumball machine
ThriftStoreHauls,1nmp4vo,0,https://i.redd.it/34v0l5ix2iqf1.jpg?width=4284&format=pjpg&auto=webp&s=c826da05b34892988e86f43607d7d6c9c7be740f,gallery,reddit_gallery,34v0l5ix2iqf1,,a close up of the label on a jacket
ThriftStoreHauls,1nmp4vo,1,https://i.redd.it/54qzzoix2iqf1.jpg?width=4284&format=pjpg&auto=webp&s=958a4c09228587e2075a2abf13a2986a19a5fc47,gallery,reddit_gallery,54qzzoix2iqf1,,a black jacket laying on the floor next to a pair of shoes
ThriftStoreHauls,1nmp4vo,2,https://i.redd.it/ykmiz1ix2iqf1.jpg?width=4284&format=pjpg&auto=webp&s=c1fbaee3cebe8b303be0496eddac30bb5f6873cd,gallery,reddit_gallery,ykmiz1ix2iqf1,,a person holding a label on a jacket
ThriftStoreHauls,1nmp4vo,3,https://i.redd.it/oxobq2ix2iqf1.jpg?width=4284&format=pjpg&auto=webp&s=50cc32729d363c5cc5d1510535e9dda2f48e9f87,gallery,reddit_gallery,oxobq2ix2iqf1,,a person holding a jacket with a label on it
ThriftStoreHauls,1nmxgen,0,https://i.redd.it/8iy2nlm8vjqf1.jpeg,post_url,direct_link,,,a shelf full of colorful glass vases
ThriftStoreHauls,1nmbuds,0,https://i.redd.it/ea34p6zgeeqf1.jpg?width=5712&format=pjpg&auto=webp&s=c9d49ad63a6fbbf926b98fece9eebbf6b24fc15a,gallery,reddit_gallery,ea34p6zgeeqf1,,a table with a bunch of cans and a jar of butter
ThriftStoreHauls,1nmbuds,1,https://i.redd.it/k5cpi1zgeeqf1.jpg?width=5707&format=pjpg&auto=webp&s=98f5d1423eb2aca3c5374f34a824dc042d187eeb,gallery,reddit_gallery,k5cpi1zgeeqf1,,"a table with various items on it including a paint roller, paint, and a bowl"
ThriftStoreHauls,1nmbuds,2,https://i.redd.it/q7mfc4zgeeqf1.jpg?width=5712&format=pjpg&auto=webp&s=03cae0cf3f9712abeae3da77655067149162ef05,gallery,reddit_gallery,q7mfc4zgeeqf1,,a book on a table with a book on top of it
ThriftStoreHauls,1nmbuds,3,https://i.redd.it/3grsyjygeeqf1.jpg?width=4032&format=pjpg&auto=webp&s=1ca0ac2a4fc2efb0829267900e56af60f70fc79d,gallery,reddit_gallery,3grsyjygeeqf1,,a close up of a metal machine with a label on it
ThriftStoreHauls,1nmbuds,4,https://i.redd.it/cdhiuoygeeqf1.jpg?width=4032&format=pjpg&auto=webp&s=b54c5433c00b4611b5710e524f60383898f0d604,gallery,reddit_gallery,cdhiuoygeeqf1,,a blue metal box with a sign on it that says vega
ThriftStoreHauls,1nmbuds,5,https://i.redd.it/64w0k0zgeeqf1.jpg?width=5712&format=pjpg&auto=webp&s=7ab89bc38e9ee4c50505336ee66929cfddffe2be,gallery,reddit_gallery,64w0k0zgeeqf1,,a blue machine with a cord on top of it
ThriftStoreHauls,1nmpzj2,0,https://i.redd.it/b3wbg6xjbiqf1.jpeg,post_url,direct_link,,,a lamp with a blue shade and white base
ThriftStoreHauls,1nm9vpv,0,https://i.redd.it/qwxyxau8zdqf1.jpg?width=3024&format=pjpg&auto=webp&s=33df65b3d45aca7b14e1bff4aea7e75f696b78ec,gallery,reddit_gallery,qwxyxau8zdqf1,,a bed with a sheet on it sitting in a room
ThriftStoreHauls,1nm9vpv,1,https://i.redd.it/ofi1x8u8zdqf1.jpg?width=3024&format=pjpg&auto=webp&s=4e9f041112eefdea97f3e25105de99796334badd,gallery,reddit_gallery,ofi1x8u8zdqf1,,a label on a wooden table with the name of a furniture company
ThriftStoreHauls,1nm9vpv,2,https://i.redd.it/8v1dert8zdqf1.jpg?width=1170&format=pjpg&auto=webp&s=37b0ae1c4178a3d0203dc68a5720c69e739b2f8f,gallery,reddit_gallery,8v1dert8zdqf1,,vintage bed frame for sale on craigslist
ThriftStoreHauls,1nm9vpv,3,https://i.redd.it/7mb2nau8zdqf1.jpg?width=3024&format=pjpg&auto=webp&s=e242a8f75fe3360b36014d07c858e2f6169137e7,gallery,reddit_gallery,7mb2nau8zdqf1,,a bed with a white blanket and a wooden frame
ThriftStoreHauls,1nmxgr5,0,https://i.redd.it/2ynnaplavjqf1.jpg?width=4284&format=pjpg&auto=webp&s=96a01e8bcaca9f06d11178d88c350b09597de372,gallery,reddit_gallery,2ynnaplavjqf1,,a white sweater with pearls on it
ThriftStoreHauls,1nmxgr5,1,https://i.redd.it/1bovkllavjqf1.jpg?width=4284&format=pjpg&auto=webp&s=642232405e239d5f795dbac3f02697d44d8d7cac,gallery,reddit_gallery,1bovkllavjqf1,,a woman's white top hanging on a hanger
ThriftStoreHauls,1nmxgr5,2,https://i.redd.it/jq6a1clavjqf1.jpg?width=3024&format=pjpg&auto=webp&s=df1eaa7e1b3d8d0843db674d8840c0c0d8256d8b,gallery,reddit_gallery,jq6a1clavjqf1,,a black and white polka dot blouse
ThriftStoreHauls,1nmxgr5,3,https://i.redd.it/l3oweplavjqf1.jpg?width=4284&format=pjpg&auto=webp&s=bc4d43d8aeea14e2304242f916048f6b75fcf838,gallery,reddit_gallery,l3oweplavjqf1,,a green and white plaid jacket hanging on a rack
ThriftStoreHauls,1nmxgr5,4,https://i.redd.it/1gcbdclavjqf1.jpg?width=3024&format=pjpg&auto=webp&s=885aec0ecb87440124af11c89ddc48be40a887c3,gallery,reddit_gallery,1gcbdclavjqf1,,a woman holding up a striped top
,1nmxgr5,0,https://preview.redd.it/gvz57x0ewjqf1.jpeg?width=1179&format=pjpg&auto=webp&s=e2e3c3d61b5549c84271f706d479bcf10b60633d,comment_text,embedded_link,,nfg77vg,a woman wearing a plaid shirt and jeans
ThriftStoreHauls,1nmll7g,0,https://i.redd.it/xihz6rypzgqf1.jpg?width=4284&format=pjpg&auto=webp&s=5412119bfefa28a954cf2f97e130df3d7fdd8098,gallery,reddit_gallery,xihz6rypzgqf1,,a fairy figurine with wings and a flower
ThriftStoreHauls,1nmll7g,1,https://i.redd.it/5fde0rypzgqf1.jpg?width=4284&format=pjpg&auto=webp&s=994a9e9970fc6e1c11a9d4b4dfa20ec5ea582ff9,gallery,reddit_gallery,5fde0rypzgqf1,,a plaid shirt with brown and orange leaves on it
ThriftStoreHauls,1nmck47,0,https://i.redd.it/lth7pryakeqf1.jpg?width=3040&format=pjpg&auto=webp&s=a1cf82ea283596463b2abe0c09119682de2f5048,gallery,reddit_gallery,lth7pryakeqf1,,a woman taking a selfie in a mirror
ThriftStoreHauls,1nmck47,1,https://i.redd.it/6luj2kyakeqf1.jpg?width=2347&format=pjpg&auto=webp&s=455cd5aa4f4d7e4675066416e312029dad1e8766,gallery,reddit_gallery,6luj2kyakeqf1,,a woman taking a selfie in her bedroom
ThriftStoreHauls,1nmg6lc,0,https://i.redd.it/qgvywyqbgfqf1.jpeg,post_url,direct_link,,,five chairs with a bag on the back of them
ThriftStoreHauls,1nlzgzg,0,https://i.redd.it/62dtwpxtwbqf1.jpeg,post_url,direct_link,,,a shirt that says your shirt says cocaine but your face says fishsticks and fentany
ThriftStoreHauls,1nmi2xe,0,https://i.redd.it/3jmjdrxfyfqf1.jpg?width=3024&format=pjpg&auto=webp&s=0f8fd64bf050d769cbe3feaf31bfa064cd559762,gallery,reddit_gallery,3jmjdrxfyfqf1,,a person holding a framed picture of butterflies
ThriftStoreHauls,1nmi2xe,1,https://i.redd.it/lv84jsxfyfqf1.jpg?width=4032&format=pjpg&auto=webp&s=9f4127dbe20ec0a47b9ee5c5c3dde0fba390e972,gallery,reddit_gallery,lv84jsxfyfqf1,,a butterfly is on a flower
ThriftStoreHauls,1nmi2xe,2,https://i.redd.it/ud0qdtxfyfqf1.jpg?width=4032&format=pjpg&auto=webp&s=a9847742463ec50a4817b27f765073e8bbd73f46,gallery,reddit_gallery,ud0qdtxfyfqf1,,a butterfly and a butterfly are on a piece of fabric
ThriftStoreHauls,1nmi2xe,3,https://i.redd.it/60ccctxfyfqf1.jpg?width=4032&format=pjpg&auto=webp&s=2cb88cb4d0477c31bb5bbd61ea7ff42c5f1c1e68,gallery,reddit_gallery,60ccctxfyfqf1,,a butterfly on a piece of paper with brown and yellow markings
ThriftStoreHauls,1nmi2xe,4,https://i.redd.it/dkc3csxfyfqf1.jpg?width=4032&format=pjpg&auto=webp&s=4c8bd309dc2d3e4fa331369a9ff108c778d1dccf,gallery,reddit_gallery,dkc3csxfyfqf1,,a butterfly is sitting in a frame
ThriftStoreHauls,1nlxxho,0,https://i.redd.it/gj1adjz8lbqf1.jpeg,post_url,direct_link,,,a collection of vinyl records on a bed
,1nlxxho,0,https://preview.redd.it/mudxg0qzobqf1.jpeg?width=1179&format=pjpg&auto=webp&s=d4098da42fa32bc1da5fd02aaf542210870f99d9,comment_text,embedded_link,,nf8thrx,"two pictures of a child with the caption, ""fuck you happy for you give it to me"""
ThriftStoreHauls,1nms4sh,0,https://i.redd.it/x3e7gz1itiqf1.jpeg,post_url,direct_link,,,a box of six glasses sitting on a stove
ThriftStoreHauls,1nlnsnf,0,https://i.redd.it/hc88dbqlp8qf1.jpeg,post_url,direct_link,,,a stuffed bear wearing a hat with a fireman's hat on it
,1nlnsnf,0,https://preview.redd.it/ovkrou97vdqf1.jpeg?width=960&format=pjpg&auto=webp&s=85d32889efdb700e1293e4c59efb23b3f96010f7,comment_text,embedded_link,,nfb6wz1,a group of hats with faces on them are sitting on a ledge
ThriftStoreHauls,1nmi95i,0,https://i.redd.it/kabomju20gqf1.jpeg,post_url,direct_link,,,a person holding two cd's in front of a book
ThriftStoreHauls,1nm6zco,0,https://i.redd.it/13tmovpxddqf1.jpeg,post_url,direct_link,,,two blue casserole dishes with floral designs on them
ThriftStoreHauls,1nm6840,0,https://i.redd.it/ck8036vl8dqf1.jpeg,post_url,direct_link,,,a person holding a gold ring with a cluster of pearls
ThriftStoreHauls,1nm89a5,0,https://i.redd.it/cshtqvb5ndqf1.jpg?width=3024&format=pjpg&auto=webp&s=5d30ec89a20520753bb02aa234286385e06dc3c5,gallery,reddit_gallery,cshtqvb5ndqf1,,a cat laying on a pink overall
ThriftStoreHauls,1nm89a5,1,https://i.redd.it/szwlrvb5ndqf1.jpg?width=3024&format=pjpg&auto=webp&s=3b3572e3b517f3bdf3e5875e6ca47db5b0a59be9,gallery,reddit_gallery,szwlrvb5ndqf1,,a red and white striped overall with a tag that reads oshkosh
ThriftStoreHauls,1nmfd8m,0,https://i.redd.it/1p1s2etp8fqf1.jpg?width=2555&format=pjpg&auto=webp&s=a8801d435604f7c0ba019f5aa3a5155c19c65102,gallery,reddit_gallery,1p1s2etp8fqf1,,a gold ring with a pink stone
ThriftStoreHauls,1nmfd8m,1,https://i.redd.it/css6xbtp8fqf1.jpg?width=2602&format=pjpg&auto=webp&s=ab86b8b124584ed06b1ba993fb772631c40d59e9,gallery,reddit_gallery,css6xbtp8fqf1,,a gold cross pendant with a key on it
ThriftStoreHauls,1nmfd8m,2,https://i.redd.it/i2d1mctp8fqf1.jpg?width=2481&format=pjpg&auto=webp&s=8fb421b4c7e65efd8fa8b7813ebbbea0ab9479b0,gallery,reddit_gallery,i2d1mctp8fqf1,,two heart shaped ruby and diamond rings
ThriftStoreHauls,1nmfd8m,3,https://i.redd.it/xrwvpctp8fqf1.jpg?width=2397&format=pjpg&auto=webp&s=18b13f170ce6aec8d9f69f4de48d50bb52bcca6e,gallery,reddit_gallery,xrwvpctp8fqf1,,a gold cross necklace with a heart on it
ThriftStoreHauls,1nma6zx,0,https://i.redd.it/ayq7t5km1eqf1.jpeg,post_url,direct_link,,,a stuffed animal is sitting in the back seat of a car
ThriftStoreHauls,1nmkf06,0,https://i.redd.it/j9nrhv5qmgqf1.jpeg,post_url,direct_link,,,a table with coffee mugs and other items
ThriftStoreHauls,1nm7sip,0,https://i.redd.it/tdlstbdpjdqf1.jpeg,post_url,direct_link,,,a pair of colorful high heels with a cut out design
ThriftStoreHauls,1nlbw6m,0,https://i.redd.it/mn8adj7136qf1.jpeg,post_url,direct_link,,,two small ceramic horns with horns and horns
,1nlbw6m,0,https://preview.redd.it/1xcbf59gr6qf1.png?width=1080&format=png&auto=webp&s=8676682cd969d5f3ac29e3abb5cf40b1a8039d25,comment_text,embedded_link,,nf50u0z,two ceramic sculptures of a demon and a rabbit
ThriftStoreHauls,1nmzg54,0,https://i.redd.it/rpmwulxt8kqf1.jpeg,post_url,direct_link,,,a person holding a leopard print purse on a grassy field
ThriftStoreHauls,1nm1enh,0,https://i.redd.it/pbcfi8xmacqf1.png,post_url,direct_link,,,a metal pot with a wooden handle sitting on a table
ThriftStoreHauls,1nmbayi,0,https://i.redd.it/rsmg53y5aeqf1.jpeg,post_url,direct_link,,,a kitchenaid mixer and a nutcracker on a counter
ThriftStoreHauls,1nlo0ds,0,https://i.redd.it/2svisw6or8qf1.jpg?width=4284&format=pjpg&auto=webp&s=50f758912efb59e76a38e0e751aa4b46abb1d266,gallery,reddit_gallery,2svisw6or8qf1,,a sweater with a cat on it hanging on a rack
ThriftStoreHauls,1nlo0ds,1,https://i.redd.it/juuoow6or8qf1.jpg?width=4284&format=pjpg&auto=webp&s=55cb74bd4841f747ff8b68bd3934fbf9d695572f,gallery,reddit_gallery,juuoow6or8qf1,,a sweater with cats on it and a cat on it
ThriftStoreHauls,1nm8xlq,0,https://i.redd.it/0ekwe7f3sdqf1.jpeg,post_url,direct_link,,,a ceramic vase with a frog on it
ThriftStoreHauls,1nlp6wa,0,https://i.redd.it/mtjdg24i39qf1.jpeg,post_url,direct_link,,,a painting of a blue bird on a wooden box
ThriftStoreHauls,1nm7h9y,0,https://i.redd.it/w36grpzihdqf1.jpeg,post_url,direct_link,,,a person holding up a cross stitch picture frame
ThriftStoreHauls,1nmbgdu,0,https://i.redd.it/qxphde6dbeqf1.jpeg,post_url,direct_link,,,a vase with sunflowers sitting on a table
ThriftStoreHauls,1nm52j5,0,https://i.redd.it/8bvxjvre0dqf1.jpg?width=1987&format=pjpg&auto=webp&s=b4a16b9fe5b6ffb6fa0104ffc006b71c8bf59877,gallery,reddit_gallery,8bvxjvre0dqf1,,a black dress hanging on a wooden door
ThriftStoreHauls,1nm52j5,1,https://i.redd.it/6yybdbke0dqf1.jpg?width=2213&format=pjpg&auto=webp&s=df8935ada00e898ce01be1d54972c3643b72b896,gallery,reddit_gallery,6yybdbke0dqf1,,three black dresses laying on a bed
ThriftStoreHauls,1nm52j5,2,https://i.redd.it/ctxozzce0dqf1.jpg?width=1941&format=pjpg&auto=webp&s=3a29f36bf2f188659061ab3eb63917d7d344dfe3,gallery,reddit_gallery,ctxozzce0dqf1,,three black dresses hanging on a rack
ThriftStoreHauls,1nm52j5,3,https://i.redd.it/ijx1dqye0dqf1.jpg?width=1712&format=pjpg&auto=webp&s=83b3409da470c90462234f500bb7f92eaea086f7,gallery,reddit_gallery,ijx1dqye0dqf1,,a black dress with gold sequins on it
ThriftStoreHauls,1nm52j5,4,https://i.redd.it/hsotmfve0dqf1.jpg?width=1870&format=pjpg&auto=webp&s=2fb7197c289ad001a5075d804f81598066ba2e1a,gallery,reddit_gallery,hsotmfve0dqf1,,a black dress hanging on a hanger
ThriftStoreHauls,1nmfm8d,0,https://i.redd.it/n30aoyv7bfqf1.jpg?width=3000&format=pjpg&auto=webp&s=4bce93c50585fc7ba1affaa57ab7df15a7e6f36c,gallery,reddit_gallery,n30aoyv7bfqf1,,a display case with a halloween themed box
ThriftStoreHauls,1nmfm8d,1,https://i.redd.it/auyhodo7bfqf1.jpg?width=4000&format=pjpg&auto=webp&s=5013238715286eb7b6564bbdd68efa5ca2e81771,gallery,reddit_gallery,auyhodo7bfqf1,,a pair of headphones sitting on top of a car seat
ThriftStoreHauls,1nmhzh0,0,https://i.redd.it/4e5gauifxfqf1.jpeg,post_url,direct_link,,,"a table with various items including a camera, a book and a watch"
ThriftStoreHauls,1nlfo8z,0,https://i.redd.it/amh0h87ht6qf1.jpg?width=4032&format=pjpg&auto=webp&s=b9275b358b8b14094961913839fdc5e596b04a6b,gallery,reddit_gallery,amh0h87ht6qf1,,a rainbow colored wooden toy with a price tag on it
ThriftStoreHauls,1nlfo8z,1,https://i.redd.it/ekkhb4dht6qf1.jpg?width=2268&format=pjpg&auto=webp&s=9030e7e07c2854a41035d1e046f7c3f839420820,gallery,reddit_gallery,ekkhb4dht6qf1,,a cat laying in a wicker basket on the floor
,1nlfo8z,0,https://i.redd.it/lcnu0k0y47qf1.gif,comment_text,embedded_link,,nf5eopx,a cat is hanging upside down in a basket
ThriftStoreHauls,1nlldac,0,https://i.redd.it/kof29v1e38qf1.jpeg,post_url,direct_link,,,a shirt with palm trees and crabs on it
,1nlldac,0,https://preview.redd.it/giqa008dr8qf1.jpeg?width=3000&format=pjpg&auto=webp&s=fbe8e261fce41a24b935f95548f4a7f7343ff790,comment_text,embedded_link,,nf6umkz,"a person holding up a hat with the label ""the crab"""
ThriftStoreHauls,1nm1g62,0,https://i.redd.it/76p9v2lwacqf1.jpg?width=3024&format=pjpg&auto=webp&s=4808ec7116624785a9367ab8df1dc23f78ca518a,gallery,reddit_gallery,76p9v2lwacqf1,,a person holding a dvd with the cover of barbie blonde
ThriftStoreHauls,1nm1g62,1,https://i.redd.it/16q3a3lwacqf1.jpg?width=3024&format=pjpg&auto=webp&s=74e3ba3920e60e31c799f3533675d5a26f71d527,gallery,reddit_gallery,16q3a3lwacqf1,,a person holding a pink case with a cd inside
ThriftStoreHauls,1nm6zf1,0,https://i.redd.it/ryd1uykxddqf1.jpg?width=3024&format=pjpg&auto=webp&s=4ec4b8fef7b3658663bfdb002a08f06cbd96746b,gallery,reddit_gallery,ryd1uykxddqf1,,a white pan with a lid sitting on top of a shopping cart
ThriftStoreHauls,1nm6zf1,1,https://i.redd.it/4yu2zxkxddqf1.jpg?width=3024&format=pjpg&auto=webp&s=0ac435ad5bc5b5db2da37a09d9a0e37a7230bca7,gallery,reddit_gallery,4yu2zxkxddqf1,,"a close up of a metal plate with the words ""le grecet sur la sécurité"""
ThriftStoreHauls,1nm6zf1,2,https://i.redd.it/f0dmwzkxddqf1.jpg?width=3024&format=pjpg&auto=webp&s=737803478a995c44ce5c6aa6172cf36c6ac9f2f8,gallery,reddit_gallery,f0dmwzkxddqf1,,a large white pan on top of a stove
ThriftStoreHauls,1nm6vsu,0,https://i.redd.it/kql7z6r8ddqf1.jpeg,post_url,direct_link,,,a box of a jigsaw puzzle on the grass
ThriftStoreHauls,1nmb1cf,0,https://i.redd.it/kxq4t5138eqf1.jpg?width=4080&format=pjpg&auto=webp&s=5281054c704b09e65c48e22c3780ec1ef6c84278,gallery,reddit_gallery,kxq4t5138eqf1,,a gold pocket watch on a black cloth
ThriftStoreHauls,1nmb1cf,1,https://i.redd.it/vaz8b8c38eqf1.jpg?width=4080&format=pjpg&auto=webp&s=91d83ee706468236053bea19fbcbbfa58e144c8c,gallery,reddit_gallery,vaz8b8c38eqf1,,a gold pocket watch on a black cloth
ThriftStoreHauls,1nmb1cf,2,https://i.redd.it/s3l4goq28eqf1.jpg?width=1780&format=pjpg&auto=webp&s=f9ef0baa5cb9ade5f3028da6f46fa7fe9786a87b,gallery,reddit_gallery,s3l4goq28eqf1,,a pocket watch on a table
ThriftStoreHauls,1nm72qk,0,https://i.redd.it/ix556dlledqf1.jpg?width=4284&format=pjpg&auto=webp&s=cf14b53900807b64bbe1b2d663517fddc9ffc94f,gallery,reddit_gallery,ix556dlledqf1,,a telescope on a stand with a television on top
ThriftStoreHauls,1nm72qk,1,https://i.redd.it/vwr8kdlledqf1.jpg?width=4284&format=pjpg&auto=webp&s=a025d737d9efdc3c0f73bba4cc84d3bd9ddea9ac,gallery,reddit_gallery,vwr8kdlledqf1,,a television with a microphone on top of it
ThriftStoreHauls,1nlstwm,0,https://i.redd.it/14b8lw5o6aqf1.jpg?width=3024&format=pjpg&auto=webp&s=403ef34af6cc61632b3dd1ea458da902ae77d3db,gallery,reddit_gallery,14b8lw5o6aqf1,,a pink flower tea set on a bed
ThriftStoreHauls,1nlstwm,1,https://i.redd.it/ndn3ow5o6aqf1.jpg?width=3024&format=pjpg&auto=webp&s=9ca3034daef701b1ea9e6b554db93f53ece41614,gallery,reddit_gallery,ndn3ow5o6aqf1,,a pink tea cup and spoon on a bed
ThriftStoreHauls,1nlstwm,2,https://i.redd.it/fochaw5o6aqf1.jpg?width=3024&format=pjpg&auto=webp&s=79f5e9893313fd7056458fe8802350df88d91c38,gallery,reddit_gallery,fochaw5o6aqf1,,a box with a pink rose in it
ThriftStoreHauls,1nm2o3j,0,https://i.redd.it/fhb8whvgjcqf1.jpg?width=4000&format=pjpg&auto=webp&s=4c1b8648db50404da9b4242ae3e2ed03929d97f4,gallery,reddit_gallery,fhb8whvgjcqf1,,a person holding a watch with a mechanical movement inside
ThriftStoreHauls,1nm2o3j,1,https://i.redd.it/qyxxdtngjcqf1.jpg?width=4000&format=pjpg&auto=webp&s=c86c943e633b62a680aebf991cd9b5a4c977c51c,gallery,reddit_gallery,qyxxdtngjcqf1,,a person holding a mirror up to show the reflection of the inside of a mirror
ThriftStoreHauls,1nm2o3j,2,https://i.redd.it/l92qynfgjcqf1.jpg?width=2252&format=pjpg&auto=webp&s=4c17a705a9fb425a983e7423d1112c3a467ba5ec,gallery,reddit_gallery,l92qynfgjcqf1,,a pocket watch on a person's leg
ThriftStoreHauls,1nm2o3j,3,https://i.redd.it/h1gt3o9gjcqf1.jpg?width=2252&format=pjpg&auto=webp&s=51eec859a5649a451eca4ecba19bbb99ab6a17c1,gallery,reddit_gallery,h1gt3o9gjcqf1,,a person holding a small pocket watch in their hand
ThriftStoreHauls,1nm2o3j,4,https://i.redd.it/3c7hck2hjcqf1.jpg?width=4000&format=pjpg&auto=webp&s=4e3b66e9980ab8c2fe983d6c483136ec91c531be,gallery,reddit_gallery,3c7hck2hjcqf1,,a close up of a silver object with a hole in it
,1nm2o3j,0,https://preview.redd.it/5vk69s0f9eqf1.jpeg?width=1635&format=pjpg&auto=webp&s=9e60adbf004ae71e8da9c4e2f7920d01a72c3b77,comment_text,embedded_link,,nfbl6dz,a clock with a baby groot on it
ThriftStoreHauls,1nlrytk,0,https://i.redd.it/9vgvb4jsw9qf1.jpg?width=3024&format=pjpg&auto=webp&s=a895276bf0dfec0e638aa2ed7f2303cac3b66beb,gallery,reddit_gallery,9vgvb4jsw9qf1,,a person wearing a rainbow ring on their hand
ThriftStoreHauls,1nlrytk,1,https://i.redd.it/edtfn4jsw9qf1.jpg?width=3024&format=pjpg&auto=webp&s=5304009ef134e4c9975a9a7e68728a98de445175,gallery,reddit_gallery,edtfn4jsw9qf1,,a person holding a nail with a rainbow design on it
ThriftStoreHauls,1nm4bje,0,https://i.redd.it/7kv3pbs3vcqf1.jpeg,post_url,direct_link,,,pop tarts box with a pink and white box
ThriftStoreHauls,1nlapjr,0,https://i.redd.it/fekmzszyu5qf1.jpeg,post_url,direct_link,,,human organ donation box
ThriftStoreHauls,1nluh78,0,https://i.redd.it/c7i3ldz5paqf1.jpg?width=4284&format=pjpg&auto=webp&s=081cea7bccee5bc1d71f60b7f94b1c3cde986dc2,gallery,reddit_gallery,c7i3ldz5paqf1,,a shirt with a bluetooth logo on it
ThriftStoreHauls,1nluh78,1,https://i.redd.it/hyppgdz5paqf1.jpg?width=4284&format=pjpg&auto=webp&s=57d5555f768d8332676c189d15051046850189b0,gallery,reddit_gallery,hyppgdz5paqf1,,a shirt that says ghetto facts on it
ThriftStoreHauls,1nm7huv,0,https://i.redd.it/9zy0bgzlhdqf1.jpg?width=3468&format=pjpg&auto=webp&s=77ecc1d3cd2eaca050e61de39baa756f248b52c3,gallery,reddit_gallery,9zy0bgzlhdqf1,,a pair of scissors sitting on a table
ThriftStoreHauls,1nm7huv,1,https://i.redd.it/gzc6m2mlhdqf1.jpg?width=2449&format=pjpg&auto=webp&s=7bd31e581a43df17fccb94e7ab299f426214c143,gallery,reddit_gallery,gzc6m2mlhdqf1,,a person holding a silver ring with a name on it
ThriftStoreHauls,1nm7huv,2,https://i.redd.it/lwflr8plhdqf1.jpg?width=2865&format=pjpg&auto=webp&s=d58ca6a6f1372b10a31c723f60613fef5d29274d,gallery,reddit_gallery,lwflr8plhdqf1,,a silver spoon with a handle on a table
ThriftStoreHauls,1nm7huv,3,https://i.redd.it/dca6p1hlhdqf1.jpg?width=3468&format=pjpg&auto=webp&s=88b6b7da23a96ba0105c685f65487288a9cbe001,gallery,reddit_gallery,dca6p1hlhdqf1,,two large knives sitting on a table
ThriftStoreHauls,1nm4n0w,0,https://i.redd.it/7t2f18ecxcqf1.jpeg,post_url,direct_link,,,a sweater with a bear on it hanging on a clothes rack
ThriftStoreHauls,1nm2hd3,0,https://i.redd.it/6ox3hu26icqf1.jpeg,post_url,direct_link,,,knife guy t-shirt
ThriftStoreHauls,1nlyvrb,0,https://i.redd.it/elgxdxfnsbqf1.jpg?width=3044&format=pjpg&auto=webp&s=4e3ee24c8913a3813c219a5fa0649dac1bcf0d3c,gallery,reddit_gallery,elgxdxfnsbqf1,,"a blue jacket, green dress and a purse"
ThriftStoreHauls,1nlyvrb,1,https://i.redd.it/wnjuw1gnsbqf1.jpg?width=3024&format=pjpg&auto=webp&s=bb94ecd95d1adbbea3babb5d74ccd57cd6aafdeb,gallery,reddit_gallery,wnjuw1gnsbqf1,,a green velvet dress with a bow on it
ThriftStoreHauls,1nlhysn,0,https://i.redd.it/wq1db9j2b7qf1.jpg?width=4284&format=pjpg&auto=webp&s=3bce7af1a63633c73b1aaa6a2c75efaf6ecca1f2,gallery,reddit_gallery,wq1db9j2b7qf1,,a decorative metal tray with a tag on it
ThriftStoreHauls,1nlhysn,1,https://i.redd.it/1bwwf6j2b7qf1.jpg?width=4284&format=pjpg&auto=webp&s=7a49161af32f952d706c91f20e537505bee926c1,gallery,reddit_gallery,1bwwf6j2b7qf1,,a cat sitting on a bed next to a metal object
ThriftStoreHauls,1nlhysn,2,https://i.redd.it/7fh4r9j2b7qf1.jpg?width=4284&format=pjpg&auto=webp&s=b8fe0d39461a9ae798045ea0f3cb953a637f26d1,gallery,reddit_gallery,7fh4r9j2b7qf1,,a metal bed frame with a cat sitting on it
ThriftStoreHauls,1nm79dq,0,https://i.redd.it/cigr0hoxfdqf1.jpeg,post_url,direct_link,,,a ceramic hamburger shaped money box sitting on a counter
ThriftStoreHauls,1nm80ki,0,https://preview.redd.it/xxyyt777ldqf1.png?width=2048&format=png&auto=webp&s=307a588300167952dabcb18a51ef0ae3b448a724,post_text,embedded_link,,,a yellow sony sports walkman
ThriftStoreHauls,1nlgah5,0,https://i.redd.it/m00pv414y6qf1.jpeg,post_url,direct_link,,,a red tool chest with drawers on wheels
ThriftStoreHauls,1nlxgvi,0,https://i.redd.it/z4wr0j8ghbqf1.jpg?width=5712&format=pjpg&auto=webp&s=c44608c97be8473f86f0eff8b71dd8ead74d6bed,gallery,reddit_gallery,z4wr0j8ghbqf1,,a yellow ceramic animal shaped holder on a black tray
ThriftStoreHauls,1nlxgvi,1,https://i.redd.it/zr034d8ghbqf1.jpg?width=5712&format=pjpg&auto=webp&s=e6c7f31abf95659e69f0fac9f8753b6f69d4183c,gallery,reddit_gallery,zr034d8ghbqf1,,a white ceramic bunny on a table with two eggs
ThriftStoreHauls,1nlxgvi,2,https://i.redd.it/x37pg18ghbqf1.jpg?width=5712&format=pjpg&auto=webp&s=37761a2fb18608c3614d68965cd5c09d84a89c2a,gallery,reddit_gallery,x37pg18ghbqf1,,a ceramic dog shaped holder on a stove top
ThriftStoreHauls,1nlxgvi,3,https://i.redd.it/mnjr028ghbqf1.jpg?width=5712&format=pjpg&auto=webp&s=aa1cb8655de14eb87661c86d3462b52ee7ba6c0f,gallery,reddit_gallery,mnjr028ghbqf1,,a yellow glass bowl with a white bunny on top
ThriftStoreHauls,1nlxgvi,4,https://i.redd.it/vmbbaf8ghbqf1.jpg?width=5712&format=pjpg&auto=webp&s=bb212f7a9883535fd9eaee119bf45a7b720e2cdd,gallery,reddit_gallery,vmbbaf8ghbqf1,,two colorful eggs sit on a plate in front of an oven
ThriftStoreHauls,1nlxgvi,5,https://i.redd.it/h53q178ghbqf1.jpg?width=5712&format=pjpg&auto=webp&s=89207ffec1df27e5f839caa1974f7aaaa5408920,gallery,reddit_gallery,h53q178ghbqf1,,a small dog and a small glass bowl
ThriftStoreHauls,1nlxgvi,6,https://i.redd.it/wx02md8ghbqf1.jpg?width=5712&format=pjpg&auto=webp&s=fd5fd3228b61a901f61826298e111157fb662d78,gallery,reddit_gallery,wx02md8ghbqf1,,a stove top with a dog and a cake on it
ThriftStoreHauls,1nlem26,0,https://i.redd.it/k82e7ykvl6qf1.jpg?width=3024&format=pjpg&auto=webp&s=04f493d2448677b07691f8ab1880d9c659176f4c,gallery,reddit_gallery,k82e7ykvl6qf1,,black decker bench saw
ThriftStoreHauls,1nlem26,1,https://i.redd.it/gqqhfzkvl6qf1.jpg?width=3024&format=pjpg&auto=webp&s=fe634b2c200333a4a2356e2a1b9a391e04390d57,gallery,reddit_gallery,gqqhfzkvl6qf1,,a black and orange tool box sitting on the ground
ThriftStoreHauls,1nlem26,2,https://i.redd.it/jpp1q0lvl6qf1.jpg?width=3024&format=pjpg&auto=webp&s=ad2017e794516cf9dfd5f06860690e85a8db9686,gallery,reddit_gallery,jpp1q0lvl6qf1,,a black decker workbench with tools on it
ThriftStoreHauls,1nlwwnq,0,https://i.redd.it/199vwc4rcbqf1.jpg?width=3024&format=pjpg&auto=webp&s=44fec59c411d0575c00ff1f9c7a4aa5100a8fd7e,gallery,reddit_gallery,199vwc4rcbqf1,,a sweater with a cat on it is on a bed
ThriftStoreHauls,1nlwwnq,1,https://i.redd.it/s4jr8tsqcbqf1.jpg?width=4032&format=pjpg&auto=webp&s=04d3703bd89679e72b8e123c4b0e95dd9c1aeda1,gallery,reddit_gallery,s4jr8tsqcbqf1,,two pink backpacks with hearts on them
ThriftStoreHauls,1nlwwnq,2,https://i.redd.it/4ehu5qmqcbqf1.jpg?width=3024&format=pjpg&auto=webp&s=3699f0ecfd30e44fcfdc96d37546be63b93add0f,gallery,reddit_gallery,4ehu5qmqcbqf1,,a blue sweater with the logo of avatar on it
ThriftStoreHauls,1nm2ke2,0,https://i.redd.it/ypzsyc4ricqf1.jpeg,post_url,direct_link,,,a sign that says size matters not on a shelf
ThriftStoreHauls,1nlfg3c,0,https://i.redd.it/opo3ei0ur6qf1.jpg?width=3024&format=pjpg&auto=webp&s=dfc6d540e7bb2bdb6063c8fbd3884fc5f80eacf6,gallery,reddit_gallery,opo3ei0ur6qf1,,a gray jacket with colorful buttons on the front
ThriftStoreHauls,1nlfg3c,1,https://i.redd.it/t7ylxk0ur6qf1.jpg?width=1339&format=pjpg&auto=webp&s=9a20f3de76f1ff7c0df5c3e4569247db8c4f9074,gallery,reddit_gallery,t7ylxk0ur6qf1,,a man taking a selfie in a store
ThriftStoreHauls,1nlljtm,0,https://i.redd.it/46b0o16058qf1.jpg?width=3000&format=pjpg&auto=webp&s=348f417890b5e96f7a4c1d4792da3c2e2f5a1550,gallery,reddit_gallery,46b0o16058qf1,,a green and white scarf with roses on it
ThriftStoreHauls,1nlljtm,1,https://i.redd.it/oa07u3zz48qf1.jpg?width=3000&format=pjpg&auto=webp&s=0f1c25e269b1fc1f5a27fbac6bd98bbd105715bf,gallery,reddit_gallery,oa07u3zz48qf1,,a table with a table cloth with a rose on it
ThriftStoreHauls,1nmbl8v,0,https://i.redd.it/ulojkk5hceqf1.jpeg,post_url,direct_link,,,a denim skirt hanging on a rack in a store
ThriftStoreHauls,1nm2mut,0,https://i.redd.it/ghh940w7jcqf1.jpg?width=2252&format=pjpg&auto=webp&s=011e6cd9e3d7fe6b69c675cc5b0856302553434c,gallery,reddit_gallery,ghh940w7jcqf1,,a hat with a patch on it that says 'head on me'
ThriftStoreHauls,1nm2mut,1,https://i.redd.it/3vbtstp7jcqf1.jpg?width=2252&format=pjpg&auto=webp&s=63a275b02ae40c19773e9035a2309f99809bf3cb,gallery,reddit_gallery,3vbtstp7jcqf1,,a hoodie with a dragon on it hanging on a rack
ThriftStoreHauls,1nm2mut,2,https://i.redd.it/0xamor18jcqf1.jpg?width=2252&format=pjpg&auto=webp&s=7b2dc23c887895d7d26eea4f505ff0bf3ff18fb4,gallery,reddit_gallery,0xamor18jcqf1,,"salt lake city, utah, usa, usa, usa, usa, usa, usa, usa, us"
ThriftStoreHauls,1nm11v3,0,https://i.redd.it/v0i4mja48cqf1.jpeg,post_url,direct_link,,,a red backpack laying on the floor on a tile floor
ThriftStoreHauls,1nlmhnr,0,https://i.redd.it/ed1smsfed8qf1.jpg?width=3000&format=pjpg&auto=webp&s=25f57bb8b8dd4d968658243fef2ac70fd32b2ff3,gallery,reddit_gallery,ed1smsfed8qf1,,a silver espresso machine sitting on top of a wooden table
ThriftStoreHauls,1nlmhnr,1,https://i.redd.it/7nc1ehced8qf1.jpg?width=3000&format=pjpg&auto=webp&s=2365875893366cb55afd09b4811a4f11032ab123,gallery,reddit_gallery,7nc1ehced8qf1,,a printer sitting on a table with a bag of papers
ThriftStoreHauls,1nlbcv6,0,https://i.redd.it/s9vtaa1dz5qf1.jpeg,post_url,direct_link,,,a wooden paddle with a sign that says never say never
ThriftStoreHauls,1nll9vi,0,https://i.redd.it/vmbzrbjj28qf1.jpg?width=914&format=pjpg&auto=webp&s=11fecb8318eeb7cfb563673ae70927c9697afd6c,gallery,reddit_gallery,vmbzrbjj28qf1,,a cat sitting on a couch next to a lamp
ThriftStoreHauls,1nll9vi,1,https://i.redd.it/2l3729jj28qf1.jpg?width=914&format=pjpg&auto=webp&s=12b020eafa1fa2945229ea76086201649849c1bc,gallery,reddit_gallery,2l3729jj28qf1,,a lamp is sitting on a table next to a couch
ThriftStoreHauls,1nljfce,0,https://i.redd.it/5yialmmjm7qf1.jpg?width=3024&format=pjpg&auto=webp&s=2ae367c49666b34345ace3483afef33feae72541,gallery,reddit_gallery,5yialmmjm7qf1,,a green glass bowl with a green light
ThriftStoreHauls,1nljfce,1,https://i.redd.it/0bxpfmmjm7qf1.jpg?width=3024&format=pjpg&auto=webp&s=b24d8df38118c8c284d6389ba35af6bec1c50454,gallery,reddit_gallery,0bxpfmmjm7qf1,,a green glass bowl sitting on a table
ThriftStoreHauls,1nlqfdv,0,https://i.redd.it/lxu2lkqyf9qf1.jpeg,post_url,direct_link,,,dr martens black leather oxford shoes
ThriftStoreHauls,1nm4qfl,0,https://i.redd.it/irqr2he0ycqf1.jpg?width=1836&format=pjpg&auto=webp&s=854dbd90644a721f0c359e9aca9a48f918fcc01d,gallery,reddit_gallery,irqr2he0ycqf1,,a person holding a stuffed bear
ThriftStoreHauls,1nm4qfl,1,https://i.redd.it/m5co9kw0ycqf1.jpg?width=1836&format=pjpg&auto=webp&s=c885e4c40504e25fb6111107330b916685a0176a,gallery,reddit_gallery,m5co9kw0ycqf1,,a person holding a stuffed bear
ThriftStoreHauls,1nm4qfl,2,https://i.redd.it/cvam6rp0ycqf1.jpg?width=1836&format=pjpg&auto=webp&s=ff4f011e0a457d0672e18a636086eaee43aa398a,gallery,reddit_gallery,cvam6rp0ycqf1,,a stuffed bear on a shelf
ThriftStoreHauls,1nm4qfl,3,https://i.redd.it/apfplyi0ycqf1.jpg?width=1836&format=pjpg&auto=webp&s=e2f265f2c226b4bf27403c5cd5250121d80c9440,gallery,reddit_gallery,apfplyi0ycqf1,,a stuffed bear with a tag on it
ThriftStoreHauls,1nlqevw,0,https://i.redd.it/nhpr4edtf9qf1.jpg?width=1500&format=pjpg&auto=webp&s=a8a5230d4fd7322313d8e024c8513bfe4c840dbd,gallery,reddit_gallery,nhpr4edtf9qf1,,a framed painting of a ship on a rug
ThriftStoreHauls,1nlqevw,1,https://i.redd.it/ab1h36ktf9qf1.jpg?width=1600&format=pjpg&auto=webp&s=264eff7dae06edcc07149ba219d00a22187806ff,gallery,reddit_gallery,ab1h36ktf9qf1,,a painting of a ship in a frame with gold trim
ThriftStoreHauls,1nln84i,0,https://i.redd.it/lov04hw5k8qf1.jpg?width=3072&format=pjpg&auto=webp&s=6484a36da5dffba471a0ed6fdd3e1e4c0d955ea2,gallery,reddit_gallery,lov04hw5k8qf1,,a woman's dress is hanging on a rack in a store
ThriftStoreHauls,1nln84i,1,https://i.redd.it/ciu6x7n5k8qf1.jpg?width=3072&format=pjpg&auto=webp&s=0db7de74d28847b2196b528859c6ca3f8ab8f0d7,gallery,reddit_gallery,ciu6x7n5k8qf1,,a woman's dress is hanging on a rack in a clothing store
ThriftStoreHauls,1nls93u,0,https://i.redd.it/vkmrjf220aqf1.jpg?width=3000&format=pjpg&auto=webp&s=c873f57954a7045f052ffdd7864a18ea3ab1c219,gallery,reddit_gallery,vkmrjf220aqf1,,gucci sandals with green and black straps
ThriftStoreHauls,1nls93u,1,https://i.redd.it/60xz69710aqf1.jpg?width=4000&format=pjpg&auto=webp&s=27e436df6a4025f5fd3b2e24a3bfb91ba1871a0f,gallery,reddit_gallery,60xz69710aqf1,,gucci sandals on display in a store
ThriftStoreHauls,1nlidej,0,https://i.redd.it/qcqtofw8e7qf1.jpeg,post_url,direct_link,,,a pair of bracelets with colorful stones on them
ThriftStoreHauls,1nkpf7r,0,https://i.redd.it/ubx6zw63q0qf1.jpeg,post_url,direct_link,,,a shirt that says i eating love soup
ThriftStoreHauls,1nlg0d3,0,https://i.redd.it/d3eko3yzv6qf1.jpg?width=4032&format=pjpg&auto=webp&s=694cfb4f05490e9f2ca937d3d08868b1ce438a7c,gallery,reddit_gallery,d3eko3yzv6qf1,,a vintage sewing machine on a wooden table
ThriftStoreHauls,1nlg0d3,1,https://i.redd.it/tx31h2yzv6qf1.jpg?width=4032&format=pjpg&auto=webp&s=f6764fc1e7f7beb48fa7a2846dde08f1cfcae52f,gallery,reddit_gallery,tx31h2yzv6qf1,,a vintage sewing machine on a wooden table
ThriftStoreHauls,1nlg0d3,2,https://i.redd.it/tslwp2yzv6qf1.jpg?width=4032&format=pjpg&auto=webp&s=1e72e3a850d0696b0eb87e3cfa58cb30d515b0e1,gallery,reddit_gallery,tslwp2yzv6qf1,,a vintage sewing machine with the label beth's smooth power
ThriftStoreHauls,1nlg0d3,3,https://i.redd.it/67lad3yzv6qf1.jpg?width=4032&format=pjpg&auto=webp&s=35f4484b2e10d480706a846e64c9fd48fe6e61a6,gallery,reddit_gallery,67lad3yzv6qf1,,a close up of an old sewing machine with gold and black designs
ThriftStoreHauls,1nlq391,0,https://i.redd.it/kfwuz87fc9qf1.jpg?width=2252&format=pjpg&auto=webp&s=d5287646936488cf04f28aba85ff4bf141ffcf52,gallery,reddit_gallery,kfwuz87fc9qf1,,the new nintendo 3ds xl is a great handheld gaming system
ThriftStoreHauls,1nlq391,1,https://i.redd.it/j0eacq3fc9qf1.jpg?width=3000&format=pjpg&auto=webp&s=5c4b787d9bc03d3c9edf3ffe6ea74b53373a92c6,gallery,reddit_gallery,j0eacq3fc9qf1,,sonic the hedgehog 2d game on nintendo 3ds
ThriftStoreHauls,1nlq391,2,https://i.redd.it/zwdtu20fc9qf1.jpg?width=3000&format=pjpg&auto=webp&s=187001662ff882c69e0a62a4e9a6c524d550312f,gallery,reddit_gallery,zwdtu20fc9qf1,,a screen showing the location of a nature basildon
ThriftStoreHauls,1nkydhk,0,https://i.redd.it/q29me0bd53qf1.jpeg,post_url,direct_link,,,a pillow with a life preserver on it
ThriftStoreHauls,1nldhlg,0,https://i.redd.it/02qrenrwd6qf1.jpg?width=5712&format=pjpg&auto=webp&s=cdec67f3bfbf9c74e9e7fbe38f9b42d5bc0783d0,gallery,reddit_gallery,02qrenrwd6qf1,,a blue shirt with musical instruments on it
ThriftStoreHauls,1nldhlg,1,https://i.redd.it/qhjjkprwd6qf1.jpg?width=5712&format=pjpg&auto=webp&s=d03ed1fc33612603c0ff61d116baa3b0e77c484c,gallery,reddit_gallery,qhjjkprwd6qf1,,a blue western shirt with embroidered patches
ThriftStoreHauls,1nldhlg,2,https://i.redd.it/eidi5krwd6qf1.jpg?width=5712&format=pjpg&auto=webp&s=197935a46478a054fbb79612404f729e58f7a457,gallery,reddit_gallery,eidi5krwd6qf1,,a close up of a blue shirt with a label
ThriftStoreHauls,1nldhlg,3,https://i.redd.it/l04taprwd6qf1.jpg?width=5712&format=pjpg&auto=webp&s=a82a2e5c7a6d032c080d3d4389e00219cf39efd8,gallery,reddit_gallery,l04taprwd6qf1,,a denim shirt with colorful embroidery on it
ThriftStoreHauls,1nlmoet,0,https://i.redd.it/wex4hl43f8qf1.jpeg,post_url,direct_link,,,a person holding a blue tie with dolphins on it
ThriftStoreHauls,1nlimjz,0,https://i.redd.it/ftopy837g7qf1.jpeg,post_url,direct_link,,,a person holding up a pair of black clogs
ThriftStoreHauls,1nkrg5b,0,https://i.redd.it/4q8728xw61qf1.jpg?width=4284&format=pjpg&auto=webp&s=bd27c518a7bbfb7ca0ce2efce7212470cf89acc6,gallery,reddit_gallery,4q8728xw61qf1,,three jackets are laid out on a wooden floor
ThriftStoreHauls,1nkrg5b,1,https://i.redd.it/pwwxddxw61qf1.jpg?width=3024&format=pjpg&auto=webp&s=18ea1886d559765bd33484264caab273be9a9631,gallery,reddit_gallery,pwwxddxw61qf1,,a burberry label on a jacket
ThriftStoreHauls,1nkrg5b,2,https://i.redd.it/3w7fj8xw61qf1.jpg?width=4284&format=pjpg&auto=webp&s=52251253953b92c771280fbc8da25fb75d4b78ef,gallery,reddit_gallery,3w7fj8xw61qf1,,a beige trench coat with a plaid shirt and a belt
ThriftStoreHauls,1nkrg5b,3,https://i.redd.it/a4v7bmxw61qf1.jpg?width=4284&format=pjpg&auto=webp&s=fb9cc129b1c565a618655396399397c8ce43dbf8,gallery,reddit_gallery,a4v7bmxw61qf1,,a trench coat and two other coats on a wooden floor
ThriftStoreHauls,1nkrg5b,4,https://i.redd.it/zvx9tgxw61qf1.jpg?width=4284&format=pjpg&auto=webp&s=a60e6a8871057d86579df17dfc06b646b1e30d03,gallery,reddit_gallery,zvx9tgxw61qf1,,a tan trench coat on the floor
ThriftStoreHauls,1nkrg5b,5,https://i.redd.it/dojvx9xw61qf1.jpg?width=5712&format=pjpg&auto=webp&s=76fc37c5c02099a9d3176efc7ca66fba72ad0a71,gallery,reddit_gallery,dojvx9xw61qf1,,two coats and a jacket sitting on the floor
ThriftStoreHauls,1nkrg5b,6,https://i.redd.it/qt22pdxw61qf1.jpg?width=5712&format=pjpg&auto=webp&s=a805d89f13631932f8be536977c26c0b575e8133,gallery,reddit_gallery,qt22pdxw61qf1,,two jackets are shown on the floor
ThriftStoreHauls,1nkrg5b,7,https://i.redd.it/dcvkkhxw61qf1.jpg?width=5513&format=pjpg&auto=webp&s=4d7e57116017e09fe9e5e806719eadea90c349b3,gallery,reddit_gallery,dcvkkhxw61qf1,,three jackets are laid out on a wooden floor
ThriftStoreHauls,1nkrg5b,8,https://i.redd.it/wskcs8xw61qf1.jpg?width=5712&format=pjpg&auto=webp&s=1980565f758c81077c268609e8718801a29ca3c6,gallery,reddit_gallery,wskcs8xw61qf1,,a group of jackets and jackets on the floor
ThriftStoreHauls,1nll0nv,0,https://i.redd.it/shn53fh908qf1.jpeg,post_url,direct_link,,,a blue mug with a thought bubble on it
ThriftStoreHauls,1nl7ml2,0,https://i.redd.it/0p1vb56aa5qf1.jpg?width=4284&format=pjpg&auto=webp&s=5bfcee25eb29f761adb33ec3f454a585803c1f36,gallery,reddit_gallery,0p1vb56aa5qf1,,a black and white dress hanging on a rack
ThriftStoreHauls,1nl7ml2,1,https://i.redd.it/mena946aa5qf1.jpg?width=4284&format=pjpg&auto=webp&s=f416f9ccc92b75c7d1e2c9260adca960f5bc551d,gallery,reddit_gallery,mena946aa5qf1,,two green frog slippers are in plastic bags
ThriftStoreHauls,1nl7ml2,2,https://i.redd.it/ntho196aa5qf1.jpg?width=4284&format=pjpg&auto=webp&s=281ccbcceabe0f32b9e360699eba2a22e417afc9,gallery,reddit_gallery,ntho196aa5qf1,,snowzilla sweatshirt
ThriftStoreHauls,1nl7ml2,3,https://i.redd.it/gtoylf6aa5qf1.jpg?width=4284&format=pjpg&auto=webp&s=1b5ace510047a4a0be3a9cfc90c1b4938d255baa,gallery,reddit_gallery,gtoylf6aa5qf1,,"a shirt that says keep it milky, sassy darlin '"
ThriftStoreHauls,1nl7ml2,4,https://i.redd.it/6ffas46aa5qf1.jpg?width=4284&format=pjpg&auto=webp&s=ae7c565e8d21cf5104d4e656bd257d0790bb2f0c,gallery,reddit_gallery,6ffas46aa5qf1,,a white and blue striped shirt with a label that says pants store
ThriftStoreHauls,1nl7ml2,5,https://i.redd.it/dn06kf6aa5qf1.jpg?width=4284&format=pjpg&auto=webp&s=addd1bd17e39cb8ad14f4b0f752861864e52fadb,gallery,reddit_gallery,dn06kf6aa5qf1,,a shopping cart with a red flower on it
ThriftStoreHauls,1nl7ml2,6,https://i.redd.it/xg732e6aa5qf1.jpg?width=4284&format=pjpg&auto=webp&s=ce242bd3b05646a3f48e01418b966fff9437f48c,gallery,reddit_gallery,xg732e6aa5qf1,,a purple shirt with the words gobble me swallow me on it
ThriftStoreHauls,1nl8jdo,0,https://i.redd.it/zff6zzkdg5qf1.jpg?width=3000&format=pjpg&auto=webp&s=278bf18f0548c4efa7b88b7517b3aac0a3823331,gallery,reddit_gallery,zff6zzkdg5qf1,,a bed with a bunch of skulls and deer antlers on it
ThriftStoreHauls,1nl8jdo,1,https://i.redd.it/r96ppycdg5qf1.jpg?width=3000&format=pjpg&auto=webp&s=07961f34c5a76e3e85ff060e1f7422b2f52f59a4,gallery,reddit_gallery,r96ppycdg5qf1,,a collection of animal skulls and antlers
ThriftStoreHauls,1nl8jdo,2,https://i.redd.it/wrsqqsidg5qf1.jpg?width=3000&format=pjpg&auto=webp&s=5a86e3701ff26fa0e16064fe434d13ec146411d1,gallery,reddit_gallery,wrsqqsidg5qf1,,a person holding a skull with a large fang
ThriftStoreHauls,1nl8jdo,3,https://i.redd.it/2frb3wfdg5qf1.jpg?width=3000&format=pjpg&auto=webp&s=dae5ca2977f15c7a3bd27b1c2a2fe7f2b3d6ecbc,gallery,reddit_gallery,2frb3wfdg5qf1,,a skull on a wooden stand with a skull on it
ThriftStoreHauls,1nl6xel,0,https://i.redd.it/ifml7ean55qf1.jpg?width=1290&format=pjpg&auto=webp&s=d73af98f493d335fcb2eb763b12a8127d708904d,gallery,reddit_gallery,ifml7ean55qf1,,"a photo of two men in a gallery with a caption that reads ""the art of the selfie"""
ThriftStoreHauls,1nl6xel,1,https://i.redd.it/hbqzpran55qf1.jpg?width=4284&format=pjpg&auto=webp&s=d48b813bdeb3809a56195dc08e47a03df536b9f0,gallery,reddit_gallery,hbqzpran55qf1,,a plant with a plant on top of it and a window
ThriftStoreHauls,1nlimo1,0,https://i.redd.it/qwg093f8g7qf1.jpeg,post_url,direct_link,,,a doll in a glass case with a price tag
ThriftStoreHauls,1nkizys,0,https://i.redd.it/zsw1inmqdzpf1.jpeg,post_url,direct_link,,,a hand holding a ceramic monster with horns
,1nkizys,0,https://preview.redd.it/d6677tmbkzpf1.jpeg?width=1080&format=pjpg&auto=webp&s=61b576bb648a7ed1b454a2cdaaf4576dca8bd370,comment_text,embedded_link,,neyerbp,"a ceramic figurine with a text message that reads ""this item is sold"""
,1nkizys,0,https://preview.redd.it/grfkra09xzpf1.jpeg?width=511&format=pjpg&auto=webp&s=d9d2e9b6e3468d316b63af031827a6caf0dafe49,comment_text,embedded_link,,neyt11g,a wooden tiki statue is on display in a store
ThriftStoreHauls,1nl8y4d,0,https://i.redd.it/8uvo94tpi5qf1.jpeg,post_url,direct_link,,,a black backpack sitting on a table
ThriftStoreHauls,1nlqu3a,0,https://i.redd.it/spfd4h2ek9qf1.jpg?width=4284&format=pjpg&auto=webp&s=e00fd1d1a858ca41c70027dbf8b79839c29ce34d,gallery,reddit_gallery,spfd4h2ek9qf1,,a box of cds with the words real life on them
ThriftStoreHauls,1nlqu3a,1,https://i.redd.it/280zlj2ek9qf1.jpg?width=4284&format=pjpg&auto=webp&s=cdcb031833e7511115d0673ff4f28f83c7e20033,gallery,reddit_gallery,280zlj2ek9qf1,,a box of cds with different designs on them
ThriftStoreHauls,1nlqu3a,2,https://i.redd.it/m9ioxg2ek9qf1.jpg?width=4284&format=pjpg&auto=webp&s=fa01f91bfc18f97c2535f620d328b79ae48c6552,gallery,reddit_gallery,m9ioxg2ek9qf1,,a box containing four cd's with rainbow colors
ThriftStoreHauls,1nlqu3a,3,https://i.redd.it/aekjjl2ek9qf1.jpg?width=4284&format=pjpg&auto=webp&s=7fc23f35f949d970417977e816cb663a90c1e738,gallery,reddit_gallery,aekjjl2ek9qf1,,a person holding four cds in a plastic case
ThriftStoreHauls,1nll5d3,0,https://i.redd.it/ypu5pi1f18qf1.jpeg,post_url,direct_link,,,canon fs500 hd camcorder
ThriftStoreHauls,1nlfhy8,0,https://i.redd.it/r1e0ppe7s6qf1.jpeg,post_url,direct_link,,,a statue of a man in a chinese costume
ThriftStoreHauls,1nljkpj,0,https://i.redd.it/1tsqo1c2n7qf1.jpg?width=2048&format=pjpg&auto=webp&s=68291a0723a62cb7b60a611bebf046acbffff580,gallery,reddit_gallery,1tsqo1c2n7qf1,,a red and black watch sitting on a table
ThriftStoreHauls,1nljkpj,1,https://i.redd.it/73uw7xd3n7qf1.jpg?width=2048&format=pjpg&auto=webp&s=81313abe8cb0161091d32c888970e84b74ffb162,gallery,reddit_gallery,73uw7xd3n7qf1,,a red and black box sitting on a desk
ThriftStoreHauls,1nljkpj,2,https://i.redd.it/shvqqbu2n7qf1.jpg?width=2048&format=pjpg&auto=webp&s=cdf3b9422b5aa27df90a2401c9663c529ddcb13a,gallery,reddit_gallery,shvqqbu2n7qf1,,a red square with a black frame sitting on a table
ThriftStoreHauls,1nljkpj,3,https://i.redd.it/acqoz4x3n7qf1.jpg?width=2048&format=pjpg&auto=webp&s=a7c21fe4ddaa3d7e8e4cbbc257a24398e68800b7,gallery,reddit_gallery,acqoz4x3n7qf1,,a red and black keychain on a table
ThriftStoreHauls,1nl9rx3,0,https://i.redd.it/sdtrmngqo5qf1.jpeg,post_url,direct_link,,,a shirt with a dinosaur and shark on it
ThriftStoreHauls,1nld1ll,0,https://i.redd.it/751sm5awa6qf1.jpeg,post_url,direct_link,,,a plate with a flower design on it sitting on a table
ThriftStoreHauls,1nl6jqr,0,https://i.redd.it/zn1yz40235qf1.jpg?width=3468&format=pjpg&auto=webp&s=d7f7eac3101541c515f17d4f8f0177500a7e7b96,gallery,reddit_gallery,zn1yz40235qf1,,a person holding a large silver leaf shaped dish
ThriftStoreHauls,1nl6jqr,1,https://i.redd.it/scvuvnn335qf1.jpg?width=3468&format=pjpg&auto=webp&s=2b5dba0dd473aa395bd7d77bd12c52a4330a3084,gallery,reddit_gallery,scvuvnn335qf1,,a close up of a silver metal object
ThriftStoreHauls,1nljphl,0,https://i.redd.it/xw9mzatuo7qf1.jpg?width=3072&format=pjpg&auto=webp&s=7b255e91775befc6a96e480ba887fba4c3affcdd,gallery,reddit_gallery,xw9mzatuo7qf1,,a gold coin necklace with a chain on a wooden table
ThriftStoreHauls,1nljphl,1,https://i.redd.it/k6wv7c4vo7qf1.jpg?width=3072&format=pjpg&auto=webp&s=7932f57e48ea6d8abad303f9a9ad84878089a108,gallery,reddit_gallery,k6wv7c4vo7qf1,,a necklace with a small compass on it
ThriftStoreHauls,1nljphl,2,https://i.redd.it/0ng0a70vo7qf1.jpg?width=4080&format=pjpg&auto=webp&s=09d2aed8b0041355bc8b871e5c49efabf10a1ef1,gallery,reddit_gallery,0ng0a70vo7qf1,,a close up of a gold and diamond pendant
ThriftStoreHauls,1nljphl,3,https://i.redd.it/rp151gfuo7qf1.jpg?width=4080&format=pjpg&auto=webp&s=669e97048df71dee301053744ddb2ae541181740,gallery,reddit_gallery,rp151gfuo7qf1,,a person holding a gold ring with a diamond
ThriftStoreHauls,1nk7egd,0,https://i.redd.it/vnjaqq7i6xpf1.jpeg,post_url,direct_link,,,a yellow mug with a smiley face on it
,1nk7egd,0,https://preview.redd.it/awst5hnoqxpf1.jpeg?width=960&format=pjpg&auto=webp&s=8196706ee3b44d89cfbcaa12155c7a033a574650,comment_text,embedded_link,,new99kn,a coffee mug with a cookie in it
ThriftStoreHauls,1nlcqgs,0,https://i.redd.it/t16mn8cr86qf1.jpeg,post_url,direct_link,,,a chandelier on a table
ThriftStoreHauls,1nkncf8,0,https://i.redd.it/kmv1geu090qf1.jpg?width=4284&format=pjpg&auto=webp&s=0a4ee43f63c381c329b7c835ba15e5031abd2db0,gallery,reddit_gallery,kmv1geu090qf1,,a figurine of a man with a dog on a shelf
ThriftStoreHauls,1nkncf8,1,https://i.redd.it/v7wio9u090qf1.jpg?width=3150&format=pjpg&auto=webp&s=4350a69ab6035d4c0e9190a4695745fccea1ff9e,gallery,reddit_gallery,v7wio9u090qf1,,a figurine of a man holding a hat and a dog
ThriftStoreHauls,1nkncf8,2,https://i.redd.it/ahbpv8u090qf1.jpg?width=3184&format=pjpg&auto=webp&s=04873d7e636dbda4b1824861571be59ab6a7d0b9,gallery,reddit_gallery,ahbpv8u090qf1,,a figurine of a man
ThriftStoreHauls,1nlc7bb,0,https://i.redd.it/n1seg2o556qf1.jpeg,post_url,direct_link,,,a woman in a dress standing in front of a door
ThriftStoreHauls,1nlh640,0,https://i.redd.it/9v8he10q47qf1.jpg?width=4032&format=pjpg&auto=webp&s=dd7a1e9f47396210b3c5ab162169729736073eb3,gallery,reddit_gallery,9v8he10q47qf1,,a black and silver electric hand held device in a box
ThriftStoreHauls,1nlh640,1,https://i.redd.it/ouqb67js47qf1.jpg?width=4032&format=pjpg&auto=webp&s=a5b7b4e0ad6e847e23dfa4834eb968a26ac2f335,gallery,reddit_gallery,ouqb67js47qf1,,anova sous vide cooker
ThriftStoreHauls,1nlh640,2,https://i.redd.it/ef2ce54u47qf1.jpg?width=4032&format=pjpg&auto=webp&s=ff3b5c18cd9efed7c2ef9652500120a05298e316,gallery,reddit_gallery,ef2ce54u47qf1,,anova precision cooker in a box
ThriftStoreHauls,1nlh640,3,https://i.redd.it/aztjdoft47qf1.png?width=1080&format=png&auto=webp&s=386e683011c5d580e2995abbf47150bbe478c80c,gallery,reddit_gallery,aztjdoft47qf1,,a piece of meat on a cutting board
ThriftStoreHauls,1nlh640,4,https://i.redd.it/curm5vnt47qf1.png?width=1080&format=png&auto=webp&s=6bc17c93c007bc9116211d8f0fdeb4f3f6b280f8,gallery,reddit_gallery,curm5vnt47qf1,,a digital thermometer is in a container of meat
ThriftStoreHauls,1nl6wgg,0,https://i.redd.it/8h80e2l855qf1.jpeg,post_url,direct_link,,,a table with a bunch of ornaments and a cat
ThriftStoreHauls,1nl4zm7,0,https://i.redd.it/kabc0xchs4qf1.jpg?width=3024&format=pjpg&auto=webp&s=16bb9e5e76e778bb549d10271a1b5cce656e423b,gallery,reddit_gallery,kabc0xchs4qf1,,two salt and pepper shakers with a black man and a woman
ThriftStoreHauls,1nl4zm7,1,https://i.redd.it/ce231xchs4qf1.jpg?width=3024&format=pjpg&auto=webp&s=0cacc02384099666fcf18c509e64ae1746bc237a,gallery,reddit_gallery,ce231xchs4qf1,,a person holding a chinese porcelain bowl with writing on it
ThriftStoreHauls,1nl4zm7,2,https://i.redd.it/3mnh8ychs4qf1.jpg?width=3024&format=pjpg&auto=webp&s=387080c5fcae08a3c70ca7e6053f4e0b76c17172,gallery,reddit_gallery,3mnh8ychs4qf1,,a hand holding a ceramic vase with a hole in it
ThriftStoreHauls,1nl4zm7,3,https://i.redd.it/42p2ywchs4qf1.jpg?width=3024&format=pjpg&auto=webp&s=33fa2867e2479870477b36b1c577ad8d28c7a0da,gallery,reddit_gallery,42p2ywchs4qf1,,a blue and white ceramic rooster sitting on a piece of cloth
ThriftStoreHauls,1nlb567,0,https://i.redd.it/1levxy0wx5qf1.jpg?width=3024&format=pjpg&auto=webp&s=ee7ac3c0387b7124073ebf4b9cc6a3df6a4064ce,gallery,reddit_gallery,1levxy0wx5qf1,,a pair of black shoes with leopard print on them
ThriftStoreHauls,1nlb567,1,https://i.redd.it/srit3w0wx5qf1.jpg?width=3024&format=pjpg&auto=webp&s=5bb4f96c8ef35530242bea89c2d98bfb6a392e83,gallery,reddit_gallery,srit3w0wx5qf1,,a pair of black shoes with a leopard print on them
ThriftStoreHauls,1nle5to,0,https://i.redd.it/nbd0u8mmi6qf1.jpeg,post_url,direct_link,,,a metal roll with a metal cutter and a metal cutter
ThriftStoreHauls,1nkrlp0,0,https://i.redd.it/l6gs6hjd81qf1.jpg?width=4000&format=pjpg&auto=webp&s=5f2b49b7b496facbe6f37cd2e70149065a753ee4,gallery,reddit_gallery,l6gs6hjd81qf1,,a painting of a farm scene on a wooden table
ThriftStoreHauls,1nkrlp0,1,https://i.redd.it/rtxh6l3e81qf1.jpg?width=3000&format=pjpg&auto=webp&s=fa7c2927fcb40768670af27d81389cc691682f8c,gallery,reddit_gallery,rtxh6l3e81qf1,,a person holding a piece of cardboard in front of a table
ThriftStoreHauls,1nkrlp0,2,https://i.redd.it/n638mele81qf1.jpg?width=3000&format=pjpg&auto=webp&s=ba0f9a80c85e86a4c803dae10a5c5de116ab6a3a,gallery,reddit_gallery,n638mele81qf1,,a person holding a painting of a river
ThriftStoreHauls,1nkrlp0,3,https://i.redd.it/z2z6qm5f81qf1.jpg?width=3000&format=pjpg&auto=webp&s=7c3b10d203a06b65fefeebbbae29ce9daba1160d,gallery,reddit_gallery,z2z6qm5f81qf1,,a book with a painting of a woman on it
ThriftStoreHauls,1nldyvo,0,https://i.redd.it/ugz5uv6ch6qf1.jpg?width=1271&format=pjpg&auto=webp&s=c4d7375aeb23f76e21319d58695747674bc22a5e,gallery,reddit_gallery,ugz5uv6ch6qf1,,a man taking a picture of himself in a mirror
ThriftStoreHauls,1nldyvo,1,https://i.redd.it/agzlvw6ch6qf1.jpg?width=2167&format=pjpg&auto=webp&s=b51ec5078e1cf8898d5d26a1b35b2913f0d467ea,gallery,reddit_gallery,agzlvw6ch6qf1,,a person taking a selfie in front of a mirror
ThriftStoreHauls,1nldyvo,2,https://i.redd.it/eevfiw6ch6qf1.jpg?width=1607&format=pjpg&auto=webp&s=aecb96442f2e654666663bfecd3876d850455397,gallery,reddit_gallery,eevfiw6ch6qf1,,a person taking a selfie in a bathroom
ThriftStoreHauls,1nldyvo,3,https://i.redd.it/0y5xow6ch6qf1.jpg?width=1718&format=pjpg&auto=webp&s=e1b1b2314edc8ec566cada25014054e0ee2d79f7,gallery,reddit_gallery,0y5xow6ch6qf1,,a person taking a selfie in front of a mirror
ThriftStoreHauls,1nlgdq9,0,https://i.redd.it/5v9zqxfty6qf1.jpeg,post_url,direct_link,,,a woman's legs in high heels on a bed
ThriftStoreHauls,1nlarg6,0,https://i.redd.it/qaa52l76v5qf1.jpg?width=3024&format=pjpg&auto=webp&s=4783f4bbfb474bb874fe7e954ba30ffab12ab12d,gallery,reddit_gallery,qaa52l76v5qf1,,a person holding a pair of sunglasses on a table
ThriftStoreHauls,1nlarg6,1,https://i.redd.it/1t71qk76v5qf1.jpg?width=3024&format=pjpg&auto=webp&s=95a92c54c0f5c064f88f31d4323cf8c8dacb2004,gallery,reddit_gallery,1t71qk76v5qf1,,a close up of a pair of sunglasses on a table
ThriftStoreHauls,1nlarg6,2,https://i.redd.it/sq80c5a6v5qf1.jpg?width=3024&format=pjpg&auto=webp&s=5c179a07b4842df33a0aa78f71d31b3b9e678efa,gallery,reddit_gallery,sq80c5a6v5qf1,,a pair of sunglasses that are on a table
ThriftStoreHauls,1nlarg6,3,https://i.redd.it/son6kq76v5qf1.jpg?width=3024&format=pjpg&auto=webp&s=21c60611dd9c352fe8f5d1343bf8c9c7c1b988d2,gallery,reddit_gallery,son6kq76v5qf1,,"a person holding a pair of sunglasses with the word ""bruce"" on it"
ThriftStoreHauls,1nlarg6,4,https://i.redd.it/qycbzk76v5qf1.jpg?width=3024&format=pjpg&auto=webp&s=22976fd4944ee59da51b9b503abd851c99e40fa5,gallery,reddit_gallery,qycbzk76v5qf1,,a pair of sunglasses with brown lenses on top of them
ThriftStoreHauls,1nkmvqk,0,https://i.redd.it/wu8h7p4g50qf1.jpg?width=3000&format=pjpg&auto=webp&s=916cddc0f85364699f994ba887c224a56c309a98,gallery,reddit_gallery,wu8h7p4g50qf1,,a bunch of plastic toys on a table
ThriftStoreHauls,1nkmvqk,1,https://i.redd.it/55iwgqzf50qf1.png?width=1440&format=png&auto=webp&s=01f9c79dc347094495534e139187f5bccd0ce466,gallery,reddit_gallery,55iwgqzf50qf1,,a bag of three different pin badges on a wooden table
ThriftStoreHauls,1nkm9qc,0,https://i.redd.it/hqchafmq00qf1.jpg?width=4080&format=pjpg&auto=webp&s=50ae679aa8771a2856652d3306b9c5e784fde0c9,gallery,reddit_gallery,hqchafmq00qf1,,a large green tent on the grass
ThriftStoreHauls,1nkm9qc,1,https://i.redd.it/m15iy1rq00qf1.jpg?width=3072&format=pjpg&auto=webp&s=b5fa4ae11dea330f62e3517198d278decf2333b9,gallery,reddit_gallery,m15iy1rq00qf1,,a green military cot laying on the grass
ThriftStoreHauls,1nkm9qc,2,https://i.redd.it/2g983udq00qf1.jpg?width=3072&format=pjpg&auto=webp&s=92c9e4533c90b46d883d8dbeacac30631974b511,gallery,reddit_gallery,2g983udq00qf1,,a large green camping mat on the grass
ThriftStoreHauls,1nld5gh,0,https://i.redd.it/0rdqgrvlb6qf1.jpeg,post_url,direct_link,,,a desktop computer sitting on top of a counter
ThriftStoreHauls,1nl6hgo,0,https://i.redd.it/e3a9qzxo25qf1.jpeg,post_url,direct_link,,,phenomenal woman t-shirt
ThriftStoreHauls,1nkvmyg,0,https://i.redd.it/13jfpvp9a2qf1.png?width=1080&format=png&auto=webp&s=cdf514035b0cb68286317edbf2427cfca03deb0b,gallery,reddit_gallery,13jfpvp9a2qf1,,a person holding a piece of wood with a tattoo on it
ThriftStoreHauls,1nkvmyg,1,https://i.redd.it/o148kpm9a2qf1.png?width=1080&format=png&auto=webp&s=66b88bb18416c16fe95f11e2c994af1717e103b7,gallery,reddit_gallery,o148kpm9a2qf1,,a shelf with a bunch of different animals on it
ThriftStoreHauls,1nkvmyg,2,https://i.redd.it/ucelath9a2qf1.png?width=1080&format=png&auto=webp&s=c8d38ea77b0ea9c1ab4f00dfd71c691bcc590be6,gallery,reddit_gallery,ucelath9a2qf1,,a woman holding a wooden rabbit statue
,1nkvmyg,0,https://preview.redd.it/59mmsezmi2qf1.png?width=1080&format=png&auto=webp&s=e683f11ccf1b06037851167f2d370b5c28bc78e2,comment_text,embedded_link,,nf120bb,a dog wearing a military uniform and a tank
ThriftStoreHauls,1nkodzh,0,https://i.redd.it/n8l5i6bih0qf1.jpeg,post_url,direct_link,,,a dog sitting on a lawn chair next to a dog
ThriftStoreHauls,1nkx60x,0,https://i.redd.it/ssgbbdy7r2qf1.jpeg,post_url,direct_link,,,three bears in a tub framed on a wall
ThriftStoreHauls,1nle2zd,0,https://i.redd.it/fc1ermc5i6qf1.jpg?width=4080&format=pjpg&auto=webp&s=6e91183cbd1001d413cdfc95d64209ac4328c8c4,gallery,reddit_gallery,fc1ermc5i6qf1,,the cd is sitting next to a keyboard and mouse
ThriftStoreHauls,1nle2zd,1,https://i.redd.it/40hsyp85i6qf1.jpg?width=4080&format=pjpg&auto=webp&s=acc7f7275c8c190f5a3861adfba163a2d7f2ec32,gallery,reddit_gallery,40hsyp85i6qf1,,two cd's sitting on a desk next to a keyboard
ThriftStoreHauls,1nle2zd,2,https://i.redd.it/hltxqf15i6qf1.jpg?width=4080&format=pjpg&auto=webp&s=3d54743acffddd477fea89a8b7c0c05e1c9a37bd,gallery,reddit_gallery,hltxqf15i6qf1,,shinedown - the end of the world cd
ThriftStoreHauls,1nle2zd,3,https://i.redd.it/6w6qjch5i6qf1.jpg?width=4080&format=pjpg&auto=webp&s=2804a47e28c527fabf4cab144a76f66ec5b269ad,gallery,reddit_gallery,6w6qjch5i6qf1,,two cd's with pictures of people on them
ThriftStoreHauls,1nkr9mk,0,https://i.redd.it/3h5mqdxk51qf1.jpg?width=3060&format=pjpg&auto=webp&s=03fc7fddc6a8acf557a82b333209c544f557228d,gallery,reddit_gallery,3h5mqdxk51qf1,,a person holding a gold bracelet in a box
ThriftStoreHauls,1nkr9mk,1,https://i.redd.it/8v26nyak51qf1.jpg?width=3060&format=pjpg&auto=webp&s=921e4eebff4d79c07204cf201857f8ae4b67983a,gallery,reddit_gallery,8v26nyak51qf1,,a person holding a card that says golden grass
ThriftStoreHauls,1nkpx99,0,https://i.redd.it/6w5z9tn0u0qf1.jpg?width=709&format=pjpg&auto=webp&s=bf8a2fd3a3f214e09154e254514fcb22cc762a2c,gallery,reddit_gallery,6w5z9tn0u0qf1,,a small table with a drawer on top
ThriftStoreHauls,1nkpx99,1,https://i.redd.it/w2ycn3o0u0qf1.jpg?width=914&format=pjpg&auto=webp&s=5e999faa83471d13a6ae28621c4bcc08865d79e2,gallery,reddit_gallery,w2ycn3o0u0qf1,,a mirror with a gold and silver beaded design
ThriftStoreHauls,1nkpx99,2,https://i.redd.it/2rvvh2o0u0qf1.jpg?width=914&format=pjpg&auto=webp&s=5790e440369ef45bfd7fde5572b239cc7ae4ea7d,gallery,reddit_gallery,2rvvh2o0u0qf1,,a lamp and a jar on a table next to a television
ThriftStoreHauls,1nkpx99,3,https://i.redd.it/cjaqr1o0u0qf1.jpg?width=914&format=pjpg&auto=webp&s=33270a83423115778cb15370f4bb754887c8bea1,gallery,reddit_gallery,cjaqr1o0u0qf1,,a tray with bamboo designs on it
ThriftStoreHauls,1nkpx99,4,https://i.redd.it/om3t22o0u0qf1.jpg?width=914&format=pjpg&auto=webp&s=9994b67ffc87ba501e5ad2b52dd49b79aba65e03,gallery,reddit_gallery,om3t22o0u0qf1,,a bunch of wooden utensils sitting on top of a table
ThriftStoreHauls,1nkpx99,5,https://i.redd.it/3f9vr2o0u0qf1.jpg?width=914&format=pjpg&auto=webp&s=e956aadfd3b1c1761be2a13de4cf034ad2b7f312,gallery,reddit_gallery,3f9vr2o0u0qf1,,a tray with glasses and a mirror on a table
ThriftStoreHauls,1nkpx99,6,https://i.redd.it/8mgiu1o0u0qf1.jpg?width=914&format=pjpg&auto=webp&s=c58dba610d5c16a6912f5cfed05d9a565afb1255,gallery,reddit_gallery,8mgiu1o0u0qf1,,a cat laying on a table next to a book and a plate
ThriftStoreHauls,1nkevfn,0,https://i.redd.it/g63fvyw0mypf1.jpeg,post_url,direct_link,,,a pile of yarn and a pair of scissors
ThriftStoreHauls,1nkh31q,0,https://i.redd.it/my8hmz7r0zpf1.jpeg,post_url,direct_link,,,a table with a bunch of blue and white vases
ThriftStoreHauls,1nkttk1,0,https://i.redd.it/sdlw9i12s1qf1.jpeg,post_url,direct_link,,,three glasses sitting on a counter
ThriftStoreHauls,1nkvl1s,0,https://i.redd.it/b7l22mcp92qf1.jpeg,post_url,direct_link,,,a woman in a green dress taking a selfie
ThriftStoreHauls,1nkxn5f,0,https://i.redd.it/hzbnp1u2w2qf1.jpeg,post_url,direct_link,,,vintage school desk chair
ThriftStoreHauls,1nkbun5,0,https://i.redd.it/h97iony02ypf1.jpg?width=1170&format=pjpg&auto=webp&s=9643bedc6f87e4fd296f4b6696778eae66d94bfd,gallery,reddit_gallery,h97iony02ypf1,,a close up of a pink dress with a hole in the bottom
ThriftStoreHauls,1nkbun5,1,https://i.redd.it/rv3njoy02ypf1.jpg?width=1170&format=pjpg&auto=webp&s=3cb3fe170e54afa6658df09f441b3924089d7574,gallery,reddit_gallery,rv3njoy02ypf1,,love shack fancy pink
ThriftStoreHauls,1nkbun5,2,https://i.redd.it/yryw4oy02ypf1.jpg?width=1170&format=pjpg&auto=webp&s=df50fd9cc9fbeee3df6c1640b43d5cef8d3fa82c,gallery,reddit_gallery,yryw4oy02ypf1,,love shack sale
ThriftStoreHauls,1nkbun5,3,https://i.redd.it/tzjt3py02ypf1.jpg?width=1170&format=pjpg&auto=webp&s=d557c1a18bb21db8c925c60c634265fda5689776,gallery,reddit_gallery,tzjt3py02ypf1,,a pink skirt with ruffles hanging on a hanger
,1nkbun5,0,https://preview.redd.it/zdm8414xm0qf1.jpeg?width=3024&format=pjpg&auto=webp&s=c39c7172e2bf5b44f5c049dc474dffda8e66c447,comment_text,embedded_link,,nezhwb6,a woman's dress with a tag on it
ThriftStoreHauls,1nkezoz,0,https://i.redd.it/bxn96i4rmypf1.jpg?width=4536&format=pjpg&auto=webp&s=5731f10bc5ad487505bd84ab74d46d9e53645536,gallery,reddit_gallery,bxn96i4rmypf1,,a black hoodie with the words pirate ship on it
ThriftStoreHauls,1nkezoz,1,https://i.redd.it/dq15uu3rmypf1.jpg?width=3024&format=pjpg&auto=webp&s=3d1d4ca7ebfa16d939a2a5401a9430e9c959664b,gallery,reddit_gallery,dq15uu3rmypf1,,image of the pirate bay sweatshirt
ThriftStoreHauls,1nkezoz,2,https://i.redd.it/dut4qi4rmypf1.jpg?width=4536&format=pjpg&auto=webp&s=89d2f728ae2d06f43d0bf23fba127c3dc7f23f63,gallery,reddit_gallery,dut4qi4rmypf1,,"a black hoodie with the words ""the dead"" on it"
ThriftStoreHauls,1nkezoz,3,https://i.redd.it/b0x0ju3rmypf1.jpg?width=3024&format=pjpg&auto=webp&s=c9f27c26a1c00a26637bbb5af5ceb16087a27307,gallery,reddit_gallery,b0x0ju3rmypf1,,a person holding a label on a sweatshirt
,1nkezoz,0,https://preview.redd.it/cyeps79e80qf1.png?width=1920&format=png&auto=webp&s=303a19f122864b726d039df6cd1fa16c1055bea5,comment_text,embedded_link,,nez44qr,you wouldn't download a hoochie
ThriftStoreHauls,1nkockx,0,https://i.redd.it/la2dxmz6h0qf1.jpeg,post_url,direct_link,,,a peacock head is on display in a store
ThriftStoreHauls,1nkq667,0,https://i.redd.it/2yvnhgldw0qf1.jpg?width=4032&format=pjpg&auto=webp&s=1427d56de90d59bc6ee3405b1fd80f48d21b4447,gallery,reddit_gallery,2yvnhgldw0qf1,,a pair of black leather boots on top of a washing machine
ThriftStoreHauls,1nkq667,1,https://i.redd.it/6v625hldw0qf1.jpg?width=4032&format=pjpg&auto=webp&s=8b515f02e645a2df92dbfe69020c4b86c4d13594,gallery,reddit_gallery,6v625hldw0qf1,,a pair of black leather shoes with the name of a shoe store on them
ThriftStoreHauls,1nkq667,2,https://i.redd.it/m5hh5sldw0qf1.jpg?width=4032&format=pjpg&auto=webp&s=d6af02bc94f176810b0044f8e8f8cd218f14cf9d,gallery,reddit_gallery,m5hh5sldw0qf1,,a pair of black and brown boots on a table
ThriftStoreHauls,1nkimkd,0,https://i.redd.it/7y5cm1r8bzpf1.jpeg,post_url,direct_link,,,a black cat statue on a table
ThriftStoreHauls,1njyqpg,0,https://i.redd.it/caemnb48oupf1.jpg?width=1937&format=pjpg&auto=webp&s=61b6fa52deed0f00c90a5f8bf4e3b6f849234637,gallery,reddit_gallery,caemnb48oupf1,,a person holding a green mug with a drawing of elephants on it
ThriftStoreHauls,1njyqpg,1,https://i.redd.it/iv2c4848oupf1.jpg?width=2106&format=pjpg&auto=webp&s=e2799fb83d0f90475d03abf1e3ef492c7c9f87d0,gallery,reddit_gallery,iv2c4848oupf1,,a coffee mug with a drawing of a cat on it
ThriftStoreHauls,1njyqpg,2,https://i.redd.it/1qpfeb48oupf1.jpg?width=2325&format=pjpg&auto=webp&s=4dc669f346ad3fa8d4765b2efffc4ca2d00feea7,gallery,reddit_gallery,1qpfeb48oupf1,,a blue coffee mug with a dog on it
ThriftStoreHauls,1njyqpg,3,https://i.redd.it/jig3le48oupf1.jpg?width=2131&format=pjpg&auto=webp&s=0bb18f627dd17a424616bdcb71ff02976d5377ae,gallery,reddit_gallery,jig3le48oupf1,,a mug with elephants on it
ThriftStoreHauls,1njyqpg,4,https://i.redd.it/xbbtsa48oupf1.jpg?width=2340&format=pjpg&auto=webp&s=81cc8752222d65fa16c8a14756c8e75a3af314d6,gallery,reddit_gallery,xbbtsa48oupf1,,a green mug with elephants on it
,1njyqpg,0,https://preview.redd.it/4y01axketxpf1.png?width=1080&format=png&auto=webp&s=a7cfbf2c2966563e36828c7be402f4a61ec485b6,comment_text,embedded_link,,newcbmh,a hand holding a coffee mug with a drawing of rabbits on it
,1njyqpg,0,https://preview.redd.it/hskqewh088qf1.jpeg?width=3000&format=pjpg&auto=webp&s=597a1d5256f1fb4966ead97c613834cb7354a29a,comment_text,embedded_link,,nf6evqe,a person holding a coffee mug with a drawing of a cat on it
,1njyqpg,0,https://preview.redd.it/fwng2hfgeypf1.jpeg?width=2340&format=pjpg&auto=webp&s=f42549f027f20c33a110d9f5328dd2989abcdc9f,comment_text,embedded_link,,nex17te,three coffee mugs with animals on them are on a counter
,1njyqpg,0,https://preview.redd.it/7xrpuz3o50qf1.jpeg?width=1200&format=pjpg&auto=webp&s=30b64d7e6bd13118933dcadd84b36bd3ce2b42e3,comment_text,embedded_link,,nez1eor,a coffee mug with a drawing of a bear hugging a dog
ThriftStoreHauls,1nkazcg,0,https://i.redd.it/lnx8w9r7wxpf1.jpg?width=3024&format=pjpg&auto=webp&s=b0918cba9bf9623a25ab25a088c6f7811eb837ae,gallery,reddit_gallery,lnx8w9r7wxpf1,,prada leather bag
ThriftStoreHauls,1nkazcg,1,https://i.redd.it/tvhsoar7wxpf1.jpg?width=3024&format=pjpg&auto=webp&s=b8d2dfd47b7abe7bf32a95a0ff0d10691a5f6f65,gallery,reddit_gallery,tvhsoar7wxpf1,,a person holding a black leather bag in the car
ThriftStoreHauls,1nkwkdq,0,https://i.redd.it/vcfa0gsbk2qf1.jpg?width=3060&format=pjpg&auto=webp&s=aecf41f80c7be8c87f75eae4a5a1ee4cfa9f77a4,gallery,reddit_gallery,vcfa0gsbk2qf1,,two straw hats on a bed
ThriftStoreHauls,1nkwkdq,1,https://i.redd.it/kq2mt9jek2qf1.jpg?width=3060&format=pjpg&auto=webp&s=c5173efe1d149e19c502583dbf313d282532f575,gallery,reddit_gallery,kq2mt9jek2qf1,,a person holding a small square object on a floor
ThriftStoreHauls,1nkwkdq,2,https://i.redd.it/kveba0yfk2qf1.jpg?width=3060&format=pjpg&auto=webp&s=68249525d54e277b03fa96f6be9133d5c5aa46ff,gallery,reddit_gallery,kveba0yfk2qf1,,a plastic table cover with a green and white striped bag
ThriftStoreHauls,1nkwkdq,3,https://i.redd.it/cf6xco4dk2qf1.jpg?width=3060&format=pjpg&auto=webp&s=bba8417998dd788cb28c01b845d4985ec5cbdeb1,gallery,reddit_gallery,cf6xco4dk2qf1,,a person holding a keychain with a car shaped keychain
ThriftStoreHauls,1nkwkdq,4,https://i.redd.it/wgt14t4ck2qf1.jpg?width=3060&format=pjpg&auto=webp&s=5e93822ae82e7776d631e1d23c78279be77c7f34,gallery,reddit_gallery,wgt14t4ck2qf1,,a person holding a white plastic clock in their hand
ThriftStoreHauls,1nkwkdq,5,https://i.redd.it/iuhinbjdk2qf1.jpg?width=3060&format=pjpg&auto=webp&s=3bee9d02ca1758172259a2e5a396db59b42e7313,gallery,reddit_gallery,iuhinbjdk2qf1,,a person holding a green plastic bag with a label on it
ThriftStoreHauls,1nkwkdq,6,https://i.redd.it/9g1g2ijak2qf1.jpg?width=3060&format=pjpg&auto=webp&s=51e03fcefee4f3b59a1a3d4778cd317e8b97bb5e,gallery,reddit_gallery,9g1g2ijak2qf1,,"a bag with items including a hat, a purse, a book and a passport"
ThriftStoreHauls,1nkwkdq,7,https://i.redd.it/qxnx60jfk2qf1.jpg?width=3060&format=pjpg&auto=webp&s=1e42c79c2043c4445a1e8b4e0169c5e8f3827b37,gallery,reddit_gallery,qxnx60jfk2qf1,,a person holding a green book with a green card
ThriftStoreHauls,1nkwkdq,8,https://i.redd.it/3scf9p1ek2qf1.jpg?width=3060&format=pjpg&auto=webp&s=da65868dcfb471c9a128a0d4b139f01a164e4f85,gallery,reddit_gallery,3scf9p1ek2qf1,,a person holding a purple square photo frame
ThriftStoreHauls,1nkwkdq,9,https://i.redd.it/to36vh2fk2qf1.jpg?width=3060&format=pjpg&auto=webp&s=f5d9f1f15ff49d73b9345c0e6595775829f05008,gallery,reddit_gallery,to36vh2fk2qf1,,a person holding up two small boxes with the words all and day what you want
ThriftStoreHauls,1nkwkdq,10,https://i.redd.it/kv7lekpck2qf1.jpg?width=3060&format=pjpg&auto=webp&s=75c0b4b1db6b7a87abc61170e8e849cc83714557,gallery,reddit_gallery,kv7lekpck2qf1,,a person holding four floppy disks
ThriftStoreHauls,1nkwkdq,11,https://i.redd.it/2d9f1qebk2qf1.jpg?width=2809&format=pjpg&auto=webp&s=d2eba52dffe7515fe89c45bbea1822cb8a29fcd0,gallery,reddit_gallery,2d9f1qebk2qf1,,a yellow quilted pouch sitting on a striped bed
ThriftStoreHauls,1nkwkdq,12,https://i.redd.it/863zpv1bk2qf1.jpg?width=3060&format=pjpg&auto=webp&s=fffe31b14b5b446c6d42b4f3b1646c10f2b75568,gallery,reddit_gallery,863zpv1bk2qf1,,a person holding up a colorful paper wallet
ThriftStoreHauls,1nkwkdq,13,https://i.redd.it/qvd4e08hk2qf1.jpg?width=3060&format=pjpg&auto=webp&s=27c116871c28b6273acca25c12fb301e921eeadd,gallery,reddit_gallery,qvd4e08hk2qf1,,a keychain with a small key on it
ThriftStoreHauls,1nki93n,0,https://i.redd.it/xmiyeaep8zpf1.jpeg,post_url,direct_link,,,two wooden chests with gold hardware on them
ThriftStoreHauls,1nksugo,0,https://i.redd.it/os29dl16j1qf1.jpg?width=4284&format=pjpg&auto=webp&s=a5da00fa06de63e34aa34574dac4240051a596e1,gallery,reddit_gallery,os29dl16j1qf1,,a person holding a toy spider - man in front of a shelf
ThriftStoreHauls,1nksugo,1,https://i.redd.it/np6cep16j1qf1.jpg?width=4284&format=pjpg&auto=webp&s=d684ec454120d2b1480eb6c54cf35e8f3e736f91,gallery,reddit_gallery,np6cep16j1qf1,,venom figure standing in front of a pile of dvds
ThriftStoreHauls,1nksugo,2,https://i.redd.it/uxhcck16j1qf1.jpg?width=4284&format=pjpg&auto=webp&s=69701a721ccb4437058fdc33cdcdfda88f6f175b,gallery,reddit_gallery,uxhcck16j1qf1,,a person holding a venom figure in front of a room
ThriftStoreHauls,1nkk6lv,0,https://i.redd.it/bb0wapsvlzpf1.jpg?width=3472&format=pjpg&auto=webp&s=7f795de8daaf71d05c2705fc353cb91c731163b6,gallery,reddit_gallery,bb0wapsvlzpf1,,a sweater that is laying on a bed
ThriftStoreHauls,1nkk6lv,1,https://i.redd.it/lsn4pnmvlzpf1.jpg?width=3472&format=pjpg&auto=webp&s=cdbbadfb4ccfddffb826f8375e28deb29e761360,gallery,reddit_gallery,lsn4pnmvlzpf1,,a pile of shirts on a bed
ThriftStoreHauls,1nkk6lv,2,https://i.redd.it/05vlqiovlzpf1.jpg?width=4624&format=pjpg&auto=webp&s=1fa07e93254c5d934048bc5cd8bc74f39c702054,gallery,reddit_gallery,05vlqiovlzpf1,,two shirts with horse designs on them
ThriftStoreHauls,1nkk6lv,3,https://i.redd.it/gui0sekvlzpf1.jpg?width=4624&format=pjpg&auto=webp&s=6ce605ffbfd7fd5c2687007603e468fbd23c092d,gallery,reddit_gallery,gui0sekvlzpf1,,a sweater with flowers and a pillow on a bed
ThriftStoreHauls,1nkk6lv,4,https://i.redd.it/mdk65muvlzpf1.jpg?width=4624&format=pjpg&auto=webp&s=2767d17cb5d2bfbe607ec375ab6673612b182bcd,gallery,reddit_gallery,mdk65muvlzpf1,,a person holding a label on a sweater
ThriftStoreHauls,1nkk6lv,5,https://i.redd.it/0yq7rkqvlzpf1.jpg?width=3472&format=pjpg&auto=webp&s=900abd5970632f8b2109e8670f271bfaaaf5c55c,gallery,reddit_gallery,0yq7rkqvlzpf1,,a purple tie dye shirt with a woman holding a pumpkin
ThriftStoreHauls,1nkk6lv,6,https://i.redd.it/7v74iohvlzpf1.jpg?width=4624&format=pjpg&auto=webp&s=5e220822c0415956d9ca20b07714b1ff5df220af,gallery,reddit_gallery,7v74iohvlzpf1,,three sweaters and a pair of pants on a bed
ThriftStoreHauls,1nkqc7p,0,https://i.redd.it/z8nr0u8vx0qf1.jpg?width=2252&format=pjpg&auto=webp&s=a6dcee46fba24db99501210f64e2130711d2db39,gallery,reddit_gallery,z8nr0u8vx0qf1,,poverty sucks - lp
ThriftStoreHauls,1nkqc7p,1,https://i.redd.it/f3efyc3vx0qf1.jpg?width=2252&format=pjpg&auto=webp&s=17ea9efabb6c34b43b2f764cfb3cdabfc16b6167,gallery,reddit_gallery,f3efyc3vx0qf1,,a person holding a piece of paper with a price tag on it
,1nkqc7p,0,https://preview.redd.it/111sp1w7z0qf1.jpeg?width=967&format=pjpg&auto=webp&s=fc69077fa41035e775cbfc8ac0661b8dd8650c5c,comment_text,embedded_link,,neztufk,"poverty sucks - a vintage car, a vintage magazine, and a vintage woman"
ThriftStoreHauls,1nksuue,0,https://i.redd.it/b7wonuccj1qf1.jpg?width=4000&format=pjpg&auto=webp&s=4646392def65fd94010e4a62f419e2dcfae6ff70,gallery,reddit_gallery,b7wonuccj1qf1,,a piece of wood with writing on it
ThriftStoreHauls,1nksuue,1,https://i.redd.it/bdrylqubj1qf1.jpg?width=4000&format=pjpg&auto=webp&s=09278559b4043389c7542cc6431f26d1eb4f56ce,gallery,reddit_gallery,bdrylqubj1qf1,,a wooden drawer with a small piece of paper inside
ThriftStoreHauls,1nksuue,2,https://i.redd.it/wbubcbybj1qf1.jpg?width=4000&format=pjpg&auto=webp&s=2f7f1a906a3511df6526f4899882f4cf5f986819,gallery,reddit_gallery,wbubcbybj1qf1,,a small wooden nightstand with two drawers
ThriftStoreHauls,1nksuue,3,https://i.redd.it/ko377b6cj1qf1.jpg?width=3000&format=pjpg&auto=webp&s=ae7951e93f7a6ca182a2bbff1810bd834f2db143,gallery,reddit_gallery,ko377b6cj1qf1,,a table with a broken top and a cat on it
ThriftStoreHauls,1nksuue,4,https://i.redd.it/u4lxa01cj1qf1.jpg?width=4000&format=pjpg&auto=webp&s=93abd917ad5a20f966bd20583bd2e5a09e9fe194,gallery,reddit_gallery,u4lxa01cj1qf1,,a small wooden table with drawers on it
ThriftStoreHauls,1nko9kv,0,https://i.redd.it/du9i78vig0qf1.jpg?width=2252&format=pjpg&auto=webp&s=a9f81b14362d91adcc7f87be566ebdf3295880d6,gallery,reddit_gallery,du9i78vig0qf1,,a signed photo of a man riding a bike on the street
ThriftStoreHauls,1nko9kv,1,https://i.redd.it/biyvsysig0qf1.png?width=1080&format=png&auto=webp&s=4de5a7a4fe190c1990b6cd44e79a5d66ed2f66f9,gallery,reddit_gallery,biyvsysig0qf1,,a book titled total recall is on display
ThriftStoreHauls,1nklbrp,0,https://i.redd.it/0tpryvlvtzpf1.jpeg,post_url,direct_link,,,a wicker chest with a lid on it
ThriftStoreHauls,1nkra6g,0,https://i.redd.it/1fm8sxvp51qf1.jpg?width=3024&format=pjpg&auto=webp&s=a06544821a9e7fe5ed3df46a05cbeab630d28522,gallery,reddit_gallery,1fm8sxvp51qf1,,a man in camouflage jacket taking a selfie
ThriftStoreHauls,1nkra6g,1,https://i.redd.it/gn93d0wp51qf1.jpg?width=3024&format=pjpg&auto=webp&s=a3c5c915c9d3b068d22fcb9a9e1f4b15debcd940,gallery,reddit_gallery,gn93d0wp51qf1,,a camo jacket with an orange lining
ThriftStoreHauls,1nkra6g,2,https://i.redd.it/i7v06xvp51qf1.jpg?width=3024&format=pjpg&auto=webp&s=daa14bdc469fd6d7337aa6cde1ad4083cca23d30,gallery,reddit_gallery,i7v06xvp51qf1,,an orange jacket with a hood on a wooden floor
ThriftStoreHauls,1nkbd7f,0,https://i.redd.it/c3jd1e0syxpf1.jpeg,post_url,direct_link,,,a fish model with its organs on display
ThriftStoreHauls,1nkrxub,0,https://i.redd.it/0s6ukqkab1qf1.jpg?width=3212&format=pjpg&auto=webp&s=2322b08c9b9fa4c164b52241396d94dfc33d13de,gallery,reddit_gallery,0s6ukqkab1qf1,,a green shelf with a pine cone on it
ThriftStoreHauls,1nkrxub,1,https://i.redd.it/j43lkpbab1qf1.jpg?width=3192&format=pjpg&auto=webp&s=69b82fc1ad0575b28a68c9e4df2bafc5d36e449a,gallery,reddit_gallery,j43lkpbab1qf1,,a shelf with a decorative design on it
ThriftStoreHauls,1nkoh0z,0,https://i.redd.it/wae4the7i0qf1.png?width=1080&format=png&auto=webp&s=17edfc20f587de645d345a05941fa9c698bcc52a,gallery,reddit_gallery,wae4the7i0qf1,,a collection of board games on the floor
ThriftStoreHauls,1nkoh0z,1,https://i.redd.it/hd17l0i7i0qf1.jpg?width=3456&format=pjpg&auto=webp&s=ef66b8a481f1a79ebe6a7b4daa28d0dd8ca1c1eb,gallery,reddit_gallery,hd17l0i7i0qf1,,a book and a box of fishing lures
ThriftStoreHauls,1njttxt,0,https://i.redd.it/0vo4wgwwgtpf1.jpg?width=4032&format=pjpg&auto=webp&s=e5d8fdfeee4bd6297f013184d0548962918a39a5,gallery,reddit_gallery,0vo4wgwwgtpf1,,"a living room with a couch, a table, a lamp, and a window"
ThriftStoreHauls,1njttxt,1,https://i.redd.it/uwmhvgwwgtpf1.jpg?width=4032&format=pjpg&auto=webp&s=9dd5e15a01615d548d520ec8b3f2e74bd6d17993,gallery,reddit_gallery,uwmhvgwwgtpf1,,"a living room with a couch, a table, a lamp and a plant"
ThriftStoreHauls,1njsmcz,0,https://i.redd.it/g5oi67jz6tpf1.jpeg,post_url,direct_link,,,a red pig is holding a hook on a hook
,1njsmcz,0,https://preview.redd.it/88xnopk9xtpf1.jpeg?width=2988&format=pjpg&auto=webp&s=c214fdb3261b83fa0ad95d6f6d815dae73ae81fa,comment_text,embedded_link,,netc5zv,a metal coat hook with two faces on it
ThriftStoreHauls,1nk9r0z,0,https://i.redd.it/4kx1we6tnxpf1.jpg?width=3024&format=pjpg&auto=webp&s=4bba3d2d76a76a3ea784028fbb4aaaa09fd4d28c,gallery,reddit_gallery,4kx1we6tnxpf1,,a coffee machine sitting on a shelf in a store
ThriftStoreHauls,1nk9r0z,1,https://i.redd.it/nq8g286tnxpf1.jpg?width=1170&format=pjpg&auto=webp&s=8054af3f68c9a7e6efd1d81573df4bdcd51ac526,gallery,reddit_gallery,nq8g286tnxpf1,,a coffee shop with a google search page on it
,1nk9r0z,0,https://preview.redd.it/w2ga50qv3ypf1.jpeg?width=400&format=pjpg&auto=webp&s=33b18745c0cb7d45e921dc9ce432f1368c8bfd96,comment_text,embedded_link,,newos67,a group of people wearing monkey hats and saying please turn me on on my mister coffee with an automatic grip
,1nk9r0z,0,https://preview.redd.it/bu6iz1jyfypf1.jpeg?width=4284&format=pjpg&auto=webp&s=9f78b522217bddb1858e29bf87de65b182818e07,comment_text,embedded_link,,nex3bd1,an espresso machine sitting on a counter
ThriftStoreHauls,1nkhm22,0,https://i.redd.it/3koj5eic4zpf1.jpeg,post_url,direct_link,,,a person holding a fish shaped teapot
ThriftStoreHauls,1nkk8rh,0,https://i.redd.it/rxccpnu9mzpf1.jpg?width=3024&format=pjpg&auto=webp&s=460a4c1e1ecfd63bddbbf952fe9bf64232e438e4,gallery,reddit_gallery,rxccpnu9mzpf1,,a wicker basket with handles on a table
ThriftStoreHauls,1nkk8rh,1,https://i.redd.it/j8yzgmu9mzpf1.jpg?width=3024&format=pjpg&auto=webp&s=62d8e2560fc7896e596634dc0d824e5dca6210e0,gallery,reddit_gallery,j8yzgmu9mzpf1,,a basket with red and white checkered fabric inside
ThriftStoreHauls,1nkbi78,0,https://i.redd.it/hqrwqvzozxpf1.jpg?width=3000&format=pjpg&auto=webp&s=a37996dd95358f48d84a7666eb712607175f80fe,gallery,reddit_gallery,hqrwqvzozxpf1,,coach wallet with brown and black stripes
ThriftStoreHauls,1nkbi78,1,https://i.redd.it/6o2ykmspzxpf1.jpg?width=2794&format=pjpg&auto=webp&s=640a896e73fbe64ff015a834d87c2e821a276c48,gallery,reddit_gallery,6o2ykmspzxpf1,,coach wallet with brown and black stripes
ThriftStoreHauls,1nkbi78,2,https://i.redd.it/vztc7xipzxpf1.jpg?width=4000&format=pjpg&auto=webp&s=4229ee79204e2336e82b1510e3c77c533775b010,gallery,reddit_gallery,vztc7xipzxpf1,,a person holding a wallet with a zipper open
ThriftStoreHauls,1nkbi78,3,https://i.redd.it/b2uwqt9pzxpf1.jpg?width=3593&format=pjpg&auto=webp&s=c395194f66af78cf5c4d88164bcf382db7574bbc,gallery,reddit_gallery,b2uwqt9pzxpf1,,a person holding up a wallet with a tag on it
ThriftStoreHauls,1nkbi78,4,https://i.redd.it/mhopw50qzxpf1.jpg?width=3230&format=pjpg&auto=webp&s=c5a9951c99b95fe352e50ebeff5f88da826910a0,gallery,reddit_gallery,mhopw50qzxpf1,,a person holding an empty wallet with their hand
ThriftStoreHauls,1nkosmk,0,https://i.redd.it/l90p2hdvk0qf1.jpeg,post_url,direct_link,,,a pair of white sneakers with blue and white checkered on them
ThriftStoreHauls,1nklawl,0,https://i.redd.it/ggvgkxqptzpf1.jpeg,post_url,direct_link,,,a shirt with the words harry potter on it
ThriftStoreHauls,1nki7n7,0,https://i.redd.it/k8d6r65f8zpf1.jpg?width=3024&format=pjpg&auto=webp&s=93deab4714d14ccab5ea4cd449586caa1ff0a877,gallery,reddit_gallery,k8d6r65f8zpf1,,a basket with blue plastic wrapped around it
ThriftStoreHauls,1nki7n7,1,https://i.redd.it/y6jd905f8zpf1.jpg?width=2390&format=pjpg&auto=webp&s=df830e56255d93e30b07308d94447defe8ee72c0,gallery,reddit_gallery,y6jd905f8zpf1,,a person holding a basket with books in it
ThriftStoreHauls,1nklqwj,0,https://i.redd.it/zwjdyweuwzpf1.jpg?width=3024&format=pjpg&auto=webp&s=88975892d4697cf3c395d0991e7f65ee55d7d60f,gallery,reddit_gallery,zwjdyweuwzpf1,,a clown statue sitting on a table
ThriftStoreHauls,1nklqwj,1,https://i.redd.it/fl771weuwzpf1.jpg?width=3024&format=pjpg&auto=webp&s=c5fb7eac0b6c355dd5a934ba118c505fea93a42c,gallery,reddit_gallery,fl771weuwzpf1,,a collection of clowns and other figurines on a shelf
ThriftStoreHauls,1nklqwj,2,https://i.redd.it/s0szeweuwzpf1.jpg?width=3024&format=pjpg&auto=webp&s=47adccd5845d09d775e2cc302f8f05f703230f39,gallery,reddit_gallery,s0szeweuwzpf1,,a ceramic clown head on a shelf
ThriftStoreHauls,1nkfa9f,0,https://i.redd.it/ypdm2vapoypf1.jpg?width=3024&format=pjpg&auto=webp&s=0fd5038f35675db6f605f3ed7ca0665a516cf506,gallery,reddit_gallery,ypdm2vapoypf1,,a close up of a large metal object with a circle on it
ThriftStoreHauls,1nkfa9f,1,https://i.redd.it/tms7oh0poypf1.jpg?width=3024&format=pjpg&auto=webp&s=cb4d85c1a2bacfa4b8b834a3f2542ac51c86bd8e,gallery,reddit_gallery,tms7oh0poypf1,,a cast iron skillet sitting on a couch
ThriftStoreHauls,1nkfa9f,2,https://i.redd.it/7suxlajpoypf1.jpg?width=3024&format=pjpg&auto=webp&s=05156d0ddb25c2e9e1dd79d4dd35490b10829b75,gallery,reddit_gallery,7suxlajpoypf1,,a black pan on a seat of a car
ThriftStoreHauls,1nkfjuh,0,https://i.redd.it/cy4wun8gqypf1.jpg?width=3024&format=pjpg&auto=webp&s=838cea8de7ceba03caf7652fbd02be21bd47965f,gallery,reddit_gallery,cy4wun8gqypf1,,"a variety of kitchen appliances including a coffee maker, a microwave and a toaster"
ThriftStoreHauls,1nkfjuh,1,https://i.redd.it/3v99pn8gqypf1.jpg?width=3024&format=pjpg&auto=webp&s=b4f3369f5df9f7eeb31847ef32faf942ddedb289,gallery,reddit_gallery,3v99pn8gqypf1,,a table with a plate with flowers on it
,1nkfjuh,0,https://preview.redd.it/yb9oh7f524qf1.jpeg?width=3024&format=pjpg&auto=webp&s=2713e0fa20d64672deae69c950bd712399461251,comment_text,embedded_link,,nf20tkx,a plate sitting on a table with a note on it
,1nkfjuh,0,https://preview.redd.it/numir1s924qf1.jpeg?width=3024&format=pjpg&auto=webp&s=3b6b4409ee3755bf5552089ab66ca7602f775eb0,comment_text,embedded_link,,nf20why,"a white plate with the word ""vintage"" written on it"
ThriftStoreHauls,1nkjz4e,0,https://i.redd.it/xrwdlbqgkzpf1.jpg?width=1575&format=pjpg&auto=webp&s=3c8750e5762d99e3eaa48a32558bcee036de09e6,gallery,reddit_gallery,xrwdlbqgkzpf1,,a book open to a page with a yellow line
ThriftStoreHauls,1nkjz4e,1,https://i.redd.it/rt33kzsgkzpf1.jpg?width=2524&format=pjpg&auto=webp&s=980f694aaa9105e727f2c36519036e402fa611a9,gallery,reddit_gallery,rt33kzsgkzpf1,,lonesome dove by jerry mcmurry
ThriftStoreHauls,1nkjz4e,2,https://i.redd.it/xt8znrugkzpf1.jpg?width=2830&format=pjpg&auto=webp&s=995844d9d0e05f1c984ee9a9e589d5a179eda023,gallery,reddit_gallery,xt8znrugkzpf1,,a book with a list of books on it
ThriftStoreHauls,1njuh58,0,https://i.redd.it/kfc07v5cmtpf1.jpg?width=4032&format=pjpg&auto=webp&s=ea8a6e7b64f96a8db9df0a035ad45ecdbd939acf,gallery,reddit_gallery,kfc07v5cmtpf1,,a blanket on a bed
ThriftStoreHauls,1njuh58,1,https://i.redd.it/ffculz5cmtpf1.jpg?width=3024&format=pjpg&auto=webp&s=4dda25e1ff2d2235c7889746c5a9c7a55879c1bf,gallery,reddit_gallery,ffculz5cmtpf1,,a bed with a blanket with a design on it
ThriftStoreHauls,1njuh58,2,https://i.redd.it/ok51qv5cmtpf1.jpg?width=3024&format=pjpg&auto=webp&s=bdaa062c055adde8da378c0da0a171fa87ea7ebf,gallery,reddit_gallery,ok51qv5cmtpf1,,a blanket with a train on it sitting on top of a bed
ThriftStoreHauls,1njuh58,3,https://i.redd.it/3f2d4u5cmtpf1.jpg?width=3024&format=pjpg&auto=webp&s=c1f7d9caa9d0b1b606f6a4e9ae4751ca3a778dee,gallery,reddit_gallery,3f2d4u5cmtpf1,,a brown and white patch with a logo on it
ThriftStoreHauls,1njf47f,0,https://i.redd.it/gmupxohcmqpf1.jpeg,post_url,direct_link,,,a blue and gold purse with a chain strap
ThriftStoreHauls,1njpp62,0,https://i.redd.it/7ag6s037lspf1.jpeg,post_url,direct_link,,,a pair of leggings with a picture of the movie
ThriftStoreHauls,1njxmyu,0,https://i.redd.it/mj2lg6ildupf1.jpg?width=2999&format=pjpg&auto=webp&s=7faaf11ab19d5714da027ac08b206d577e56a8e0,gallery,reddit_gallery,mj2lg6ildupf1,,a person holding a business letter in their hand
ThriftStoreHauls,1njxmyu,1,https://i.redd.it/jsxgn6ildupf1.jpg?width=3024&format=pjpg&auto=webp&s=67661439f72903b24777ec1bb64d1b4b069f07e7,gallery,reddit_gallery,jsxgn6ildupf1,,louis vuitton handbag
ThriftStoreHauls,1njxmyu,2,https://i.redd.it/e1byf6ildupf1.jpg?width=3024&format=pjpg&auto=webp&s=0a37defcb391f31b10578c0652c7075eba16a251,gallery,reddit_gallery,e1byf6ildupf1,,a white purse with red trim and gold hardware
ThriftStoreHauls,1njxmyu,3,https://i.redd.it/ftdf48ildupf1.jpg?width=3024&format=pjpg&auto=webp&s=7d8422289bf2b4c996202636648fad429f28d77a,gallery,reddit_gallery,ftdf48ildupf1,,a white purse hanging from a hook in a kitchen
ThriftStoreHauls,1njq80g,0,https://i.redd.it/nl0mkyzyospf1.jpg?width=3024&format=pjpg&auto=webp&s=f58e46705162849a8e0c610e1df8c94418f88b24,gallery,reddit_gallery,nl0mkyzyospf1,,levi's vintage jeans
ThriftStoreHauls,1njq80g,1,https://i.redd.it/ldttz10zospf1.jpg?width=3024&format=pjpg&auto=webp&s=6f5935a8aa9e7db1194d9b73a3bd1e57ff70fd37,gallery,reddit_gallery,ldttz10zospf1,,a denim jacket with colorful embroidery on it
ThriftStoreHauls,1njq80g,2,https://i.redd.it/rcg1o30zospf1.jpg?width=3024&format=pjpg&auto=webp&s=3a04855e9900aa4c5b8dd9daad12c3c39827901b,gallery,reddit_gallery,rcg1o30zospf1,,a denim jacket with a beaded patch on the back
ThriftStoreHauls,1njq80g,3,https://i.redd.it/xhcta20zospf1.jpg?width=4284&format=pjpg&auto=webp&s=d7b94937a417ee33839257d36775a4a5f8b83519,gallery,reddit_gallery,xhcta20zospf1,,vintage levi's trucker jacket
ThriftStoreHauls,1nk1ojr,0,https://i.redd.it/ct1j99a7jvpf1.jpg?width=2296&format=pjpg&auto=webp&s=f5181b5e5511774546eafddedace83f8dd08f49c,gallery,reddit_gallery,ct1j99a7jvpf1,,gold earrings with a green ribbon and a card
ThriftStoreHauls,1nk1ojr,1,https://i.redd.it/dq5k4i69jvpf1.jpg?width=2296&format=pjpg&auto=webp&s=a78e97cce3a476bc1d915022244d7644507a6388,gallery,reddit_gallery,dq5k4i69jvpf1,,a digital scale with a gold and silver design
ThriftStoreHauls,1nkjc5m,0,https://i.redd.it/ht7fpcnzfzpf1.jpeg,post_url,direct_link,,,a body shop sign is displayed in a store
ThriftStoreHauls,1njyx9s,0,https://i.redd.it/g8hcnpzypupf1.jpeg,post_url,direct_link,,,"a book, a phone, and a tablet are on a table"
ThriftStoreHauls,1njj0if,0,https://i.redd.it/2s841511crpf1.jpg?width=916&format=pjpg&auto=webp&s=963b9c7e46705444448594293aa794090cde2748,gallery,reddit_gallery,2s841511crpf1,,a woman in a floral dress is standing in front of a mirror
ThriftStoreHauls,1njj0if,1,https://i.redd.it/wc7vth91crpf1.jpg?width=702&format=pjpg&auto=webp&s=d652fa5ca9f6ed11c39578b857521aec7561b76b,gallery,reddit_gallery,wc7vth91crpf1,,a woman in a floral dress is standing in front of a mirror
ThriftStoreHauls,1njj0if,2,https://i.redd.it/96w8y081crpf1.jpg?width=916&format=pjpg&auto=webp&s=bad0ca8410d39738aa259dbec3f6b898a6b56224,gallery,reddit_gallery,96w8y081crpf1,,a woman wearing a dress with flowers on it
ThriftStoreHauls,1njj0if,3,https://i.redd.it/vfvze141crpf1.jpg?width=916&format=pjpg&auto=webp&s=6c8380b8485f1efedf6650068cc02351e0032078,gallery,reddit_gallery,vfvze141crpf1,,a woman in a floral dress standing in front of a door
ThriftStoreHauls,1njj0if,4,https://i.redd.it/st1lb1b1crpf1.jpg?width=1080&format=pjpg&auto=webp&s=8e635231f24c7cee41914d5b514526d535f7604a,gallery,reddit_gallery,st1lb1b1crpf1,,a woman in a floral dress and white shoes
ThriftStoreHauls,1nk7kf4,0,https://i.redd.it/sf368us08xpf1.jpeg,post_url,direct_link,,,a teddy bear wearing a military uniform
ThriftStoreHauls,1njo14y,0,https://i.redd.it/emobpgzg9spf1.jpeg,post_url,direct_link,,,a shirt that says hitler gave great speeches
ThriftStoreHauls,1nkccw3,0,https://i.redd.it/k490vd1c5ypf1.jpg?width=4284&format=pjpg&auto=webp&s=2890927e778a1c37000e0a07580d3cb6f78a06df,gallery,reddit_gallery,k490vd1c5ypf1,,a toaster oven on a wooden table
ThriftStoreHauls,1nkccw3,1,https://i.redd.it/e0smvd1c5ypf1.jpg?width=4284&format=pjpg&auto=webp&s=524120a38056e9599c8ce964bf38dda2fae534f4,gallery,reddit_gallery,e0smvd1c5ypf1,,a small oven sitting on top of a dresser
ThriftStoreHauls,1nkuibo,0,https://i.redd.it/5fn8s8yqy1qf1.jpeg,post_url,direct_link,,,a t - shirt that says i make adorable babies
ThriftStoreHauls,1njtvz6,0,https://i.redd.it/zdm09g9ehtpf1.jpeg,post_url,direct_link,,,three plastic containers with peanuts and snowmen on them
ThriftStoreHauls,1njxmqx,0,https://i.redd.it/fapuvknkdupf1.jpg?width=3024&format=pjpg&auto=webp&s=ec6220a155929eb283d71fb1d38e71cc56ca33ee,gallery,reddit_gallery,fapuvknkdupf1,,a white sweatshirt with the words turtles on it
ThriftStoreHauls,1njxmqx,1,https://i.redd.it/zd3fpgnkdupf1.jpg?width=3024&format=pjpg&auto=webp&s=f895b5b8a480e60579f06b26d654958d34e9163d,gallery,reddit_gallery,zd3fpgnkdupf1,,a white sweatshirt with a cartoon bear on it
ThriftStoreHauls,1njxmqx,2,https://i.redd.it/55cyqbnkdupf1.jpg?width=3024&format=pjpg&auto=webp&s=05f06f29cfc3ca429f5439bd80ef8f0cc1584758,gallery,reddit_gallery,55cyqbnkdupf1,,"a white t - shirt with the words ""tucson hockey organization"" on it"
ThriftStoreHauls,1njlyy1,0,https://i.redd.it/p5y93oobvrpf1.jpeg,post_url,direct_link,,,a couch with a floral pattern on it
ThriftStoreHauls,1nk5jyz,0,https://i.redd.it/nahmw2utqwpf1.jpg?width=3060&format=pjpg&auto=webp&s=52cffb349790c57e9323ba1ea668f5eb232b87ec,gallery,reddit_gallery,nahmw2utqwpf1,,a yellow lemon on a red hat
ThriftStoreHauls,1nk5jyz,1,https://i.redd.it/bteoonmuqwpf1.jpg?width=3060&format=pjpg&auto=webp&s=cf80f56b8e1af5915fd83841757cd3e4e350ea42,gallery,reddit_gallery,bteoonmuqwpf1,,a box with a gold bracelet and a card
ThriftStoreHauls,1nk5jyz,2,https://i.redd.it/hffbe0bqqwpf1.jpg?width=3060&format=pjpg&auto=webp&s=c18c31c0572cddc99aaa57087ea21d004e98d26b,gallery,reddit_gallery,hffbe0bqqwpf1,,a person holding a blue wrapper with the number 6 on it
ThriftStoreHauls,1nk5jyz,3,https://i.redd.it/awd30o7rqwpf1.jpg?width=3060&format=pjpg&auto=webp&s=7ae7747900ebc076e48f885c6428e3f5a13a0df9,gallery,reddit_gallery,awd30o7rqwpf1,,a blue shopping bag with the word cop on it
ThriftStoreHauls,1nk5jyz,4,https://i.redd.it/2lsqjy0tqwpf1.jpg?width=3060&format=pjpg&auto=webp&s=550359b1f0372045681f5b6111d3a7d2992aa003,gallery,reddit_gallery,2lsqjy0tqwpf1,,a person holding a black bowl in front of a white wall
ThriftStoreHauls,1nk5jyz,5,https://i.redd.it/mwut6lgpqwpf1.jpg?width=3060&format=pjpg&auto=webp&s=4335e69eb3763458b9a61da8dec42e3531dad24c,gallery,reddit_gallery,mwut6lgpqwpf1,,"a red hat, a yellow bowl and a yellow cup"
ThriftStoreHauls,1nk5jyz,6,https://i.redd.it/jaonxv1sqwpf1.jpg?width=3060&format=pjpg&auto=webp&s=3b474068afdced6fcb9e6e24a45bbbed31f21b20,gallery,reddit_gallery,jaonxv1sqwpf1,,a black mesh bag hanging on a wall
ThriftStoreHauls,1njbyvt,0,https://i.redd.it/efkfgj3kzppf1.jpeg,post_url,direct_link,,,a ceramic head with pink hair on a shelf
,1njbyvt,0,https://i.redd.it/beawcv4dmqpf1.gif,comment_text,embedded_link,,nepp2b3,the big bang theory - your name isn't franken
,1njbyvt,0,https://preview.redd.it/nmlomjke2qpf1.jpeg?width=882&format=pjpg&auto=webp&s=891a173ae79e934fa3698ae6f4666c98f72cf892,comment_text,embedded_link,,nep3spe,vivaldi brains - blue raspberry flavor
ThriftStoreHauls,1njr86e,0,https://i.redd.it/zx6i63dbwspf1.jpg?width=3024&format=pjpg&auto=webp&s=a1d9faa8fe426b46485e726b5fd9679e3994905e,gallery,reddit_gallery,zx6i63dbwspf1,,a close up of a jacket with a colorful stripe
ThriftStoreHauls,1njr86e,1,https://i.redd.it/z9ndl2dbwspf1.jpg?width=3024&format=pjpg&auto=webp&s=dddd5e1056c2a2a68d561e78c316430ba45ea2d2,gallery,reddit_gallery,z9ndl2dbwspf1,,paul smith floral print jacket
ThriftStoreHauls,1njr86e,2,https://i.redd.it/y1hzh1dbwspf1.jpg?width=3024&format=pjpg&auto=webp&s=f680457a12e526074f750bb3f989e6d1fa17b82a,gallery,reddit_gallery,y1hzh1dbwspf1,,a bomber jacket with a floral print on it
ThriftStoreHauls,1njr86e,3,https://i.redd.it/p7orf2dbwspf1.jpg?width=3024&format=pjpg&auto=webp&s=84f97427e0d3813404812276b703675866bc249c,gallery,reddit_gallery,p7orf2dbwspf1,,a zipper on a purple floral print dress
ThriftStoreHauls,1njnedi,0,https://i.redd.it/gi3fc9835spf1.jpeg,post_url,direct_link,,,a woman in a yellow dress standing in front of a door
ThriftStoreHauls,1njdila,0,https://i.redd.it/ju4bc4k4bqpf1.jpg?width=3492&format=pjpg&auto=webp&s=1a2f2d5dd2926d541d2323c7df1d2e391c47e20e,gallery,reddit_gallery,ju4bc4k4bqpf1,,a white and black lunch box sitting on a table
ThriftStoreHauls,1njdila,1,https://i.redd.it/obs255k4bqpf1.jpg?width=4032&format=pjpg&auto=webp&s=cdfa2b46724a6a1fff26a633110502f008bdd5c3,gallery,reddit_gallery,obs255k4bqpf1,,a white square baking dish sitting on a table
,1njdila,0,https://preview.redd.it/6xhlwlogckqf1.jpeg?width=3024&format=pjpg&auto=webp&s=fcc77cc51465cc0fde035a8a8e9ba1b25294b809,comment_text,embedded_link,,nfgro3q,a casserole dish with a spatula in it
ThriftStoreHauls,1njy7dh,0,https://i.redd.it/py23ubeyiupf1.jpg?width=3024&format=pjpg&auto=webp&s=51b00ed917239e854c41cad045a696bbd4e1420e,gallery,reddit_gallery,py23ubeyiupf1,,a person holding a cell phone with a green sticker on it
ThriftStoreHauls,1njy7dh,1,https://i.redd.it/t5m6ffeyiupf1.jpg?width=3024&format=pjpg&auto=webp&s=b9dbdea4b4b76148734d3d536d2b3c9d9501eeac,gallery,reddit_gallery,t5m6ffeyiupf1,,a cell phone on a table
ThriftStoreHauls,1njy7dh,2,https://i.redd.it/rjtaq9eyiupf1.jpg?width=3024&format=pjpg&auto=webp&s=160652cab2b641906e3f170d2259408c3d27cffd,gallery,reddit_gallery,rjtaq9eyiupf1,,a cell phone with a battery and a memory card
ThriftStoreHauls,1njy7dh,3,https://i.redd.it/s73u6aeyiupf1.jpg?width=3024&format=pjpg&auto=webp&s=b05b762febbeb27243a69d42429c357a395a4479,gallery,reddit_gallery,s73u6aeyiupf1,,a cell phone with a sticker on it
ThriftStoreHauls,1nji5dp,0,https://i.redd.it/1kpezjzb6rpf1.jpg?width=1800&format=pjpg&auto=webp&s=7e8f552a52a24200f4a924e720df6511ea65537f,gallery,reddit_gallery,1kpezjzb6rpf1,,a person holding a blue and white porcelain pitcher
ThriftStoreHauls,1nji5dp,1,https://i.redd.it/k4agwjzb6rpf1.jpg?width=1800&format=pjpg&auto=webp&s=d33dedea4086bc05b31c6e781eb570fe1a1945a9,gallery,reddit_gallery,k4agwjzb6rpf1,,a person holding a blue and white teapot
ThriftStoreHauls,1nji5dp,2,https://i.redd.it/lv9nz90c6rpf1.jpg?width=1800&format=pjpg&auto=webp&s=73aff2a7b7bd2ecc7360adf02e95d8725305c24d,gallery,reddit_gallery,lv9nz90c6rpf1,,a person holding a blue and white teapot
ThriftStoreHauls,1njq8wi,0,https://i.redd.it/81850r66pspf1.jpg?width=2747&format=pjpg&auto=webp&s=e33708930b3acbeb008632cdbf2be7813ccfb41c,gallery,reddit_gallery,81850r66pspf1,,aliens dvd box set
ThriftStoreHauls,1njq8wi,1,https://i.redd.it/v6fgm9p5pspf1.jpg?width=2766&format=pjpg&auto=webp&s=053080645fa2e2651f28dbdaa1f1cc167b770f88,gallery,reddit_gallery,v6fgm9p5pspf1,,alien - the game - the game box
ThriftStoreHauls,1njnguw,0,https://i.redd.it/hswwbn5k5spf1.jpeg,post_url,direct_link,,,a wooden dresser with a mirror on top of it
ThriftStoreHauls,1njto9m,0,https://i.redd.it/3vj3wq0mftpf1.jpg?width=4000&format=pjpg&auto=webp&s=c33cc2d596d9bf7d072c64ed0e6a8ad45173e27c,gallery,reddit_gallery,3vj3wq0mftpf1,,a person holding a label that says downy down jacket
ThriftStoreHauls,1njto9m,1,https://i.redd.it/buacmhslftpf1.jpg?width=3000&format=pjpg&auto=webp&s=e0f7012cacf68ec8987031e6b28a32d5e4e4936a,gallery,reddit_gallery,buacmhslftpf1,,a trench coat laying on a bed
ThriftStoreHauls,1njto9m,2,https://i.redd.it/yl70k9xlftpf1.jpg?width=3000&format=pjpg&auto=webp&s=3b104b4d7e30787b75ce0e09c56975f2d098bf0c,gallery,reddit_gallery,yl70k9xlftpf1,,a mannequin wearing a jacket and pants sitting on a wooden floor
ThriftStoreHauls,1njud5e,0,https://i.redd.it/yyihvdheltpf1.jpg?width=1242&format=pjpg&auto=webp&s=90ea27f304a932617ec51711d6613ac31a5a0111,gallery,reddit_gallery,yyihvdheltpf1,,a painting on a table in a store
ThriftStoreHauls,1njud5e,1,https://i.redd.it/9mxa3oheltpf1.jpg?width=3024&format=pjpg&auto=webp&s=5042f58943c3f9ab963e912c813739b58e9af76d,gallery,reddit_gallery,9mxa3oheltpf1,,a man holding up some framed pictures on a shelf
ThriftStoreHauls,1njud5e,2,https://i.redd.it/l6bxvdheltpf1.jpg?width=1242&format=pjpg&auto=webp&s=3176fc576e202c6cfeac36c723dd8e80e95affda,gallery,reddit_gallery,l6bxvdheltpf1,,a small table with a shelf on top of it
,1njud5e,0,https://preview.redd.it/biei4yoa6dqf1.png?width=340&format=png&auto=webp&s=494a67df21aa73a7553c06525fd7d83db5c245d2,comment_text,embedded_link,,nfags5z,mid century modern side table
ThriftStoreHauls,1nixlvt,0,https://i.redd.it/52i6r5j95mpf1.jpeg,post_url,direct_link,,,a framed painting of two children and a chicken
ThriftStoreHauls,1njwesd,0,https://i.redd.it/ahm8fsun2upf1.jpg?width=2007&format=pjpg&auto=webp&s=5116241cf9c691b2ae00ee4a5be65197d2b60519,gallery,reddit_gallery,ahm8fsun2upf1,,a girl wearing a shirt with a gundam design on it
ThriftStoreHauls,1njwesd,1,https://i.redd.it/mnvydrun2upf1.jpg?width=3024&format=pjpg&auto=webp&s=509442e372aa15a7f89fc1254f8500e7137a13c0,gallery,reddit_gallery,mnvydrun2upf1,,"a pair of shoes with the word ""fly"" on them"
ThriftStoreHauls,1njwesd,2,https://i.redd.it/za8strun2upf1.jpg?width=3024&format=pjpg&auto=webp&s=c4b45bc7b602d0792e5f52b22455e72ba5ec6258,gallery,reddit_gallery,za8strun2upf1,,a pair of black and white sneakers on the floor
ThriftStoreHauls,1njwesd,3,https://i.redd.it/a72p8sun2upf1.jpg?width=3024&format=pjpg&auto=webp&s=b1b00efe062c96218d1062295eb7e0e15f407f7b,gallery,reddit_gallery,a72p8sun2upf1,,a shirt with a cartoon character on it
ThriftStoreHauls,1njm6p6,0,https://i.redd.it/56fdaupqwrpf1.jpg?width=4000&format=pjpg&auto=webp&s=ce3e4a7c43470e471713787c780cc6ff6b148f5b,gallery,reddit_gallery,56fdaupqwrpf1,,a black leather purse with a tag on it
ThriftStoreHauls,1njm6p6,1,https://i.redd.it/bqaa9esqwrpf1.jpg?width=4000&format=pjpg&auto=webp&s=0cc59d4540128f6a7882db3a890dd963eedaa0f5,gallery,reddit_gallery,bqaa9esqwrpf1,,a black leather purse with a dog on it
ThriftStoreHauls,1nje7ah,0,https://i.redd.it/70b3hwp1gqpf1.jpg?width=3024&format=pjpg&auto=webp&s=4f05161c9b948002046383e19e88fea7556436aa,gallery,reddit_gallery,70b3hwp1gqpf1,,a pink wool beret sitting on top of a stuffed animal
ThriftStoreHauls,1nje7ah,1,https://i.redd.it/6bfmlvp1gqpf1.jpg?width=3024&format=pjpg&auto=webp&s=d93c279f424d2ac5c1dd546976d9596db2bd30b3,gallery,reddit_gallery,6bfmlvp1gqpf1,,a stuffed animal with a pink hat
ThriftStoreHauls,1njswb1,0,https://i.redd.it/5rcz71at8tpf1.jpg?width=3000&format=pjpg&auto=webp&s=38585bae55f05986cdb1766fab7ea0a53820882d,gallery,reddit_gallery,5rcz71at8tpf1,,a table with a bunch of books and a board game
ThriftStoreHauls,1njswb1,1,https://i.redd.it/apr077at8tpf1.jpg?width=3000&format=pjpg&auto=webp&s=cca585adef62a95938bf559152929623f1601131,gallery,reddit_gallery,apr077at8tpf1,,ponyo the story of a girl dvd
ThriftStoreHauls,1njswb1,2,https://i.redd.it/f3sf83at8tpf1.jpg?width=3000&format=pjpg&auto=webp&s=6741ad2356057b4a575b709a9c600c0ffedb49a0,gallery,reddit_gallery,f3sf83at8tpf1,,a book on a table
ThriftStoreHauls,1njswb1,3,https://i.redd.it/07nbo2at8tpf1.jpg?width=3000&format=pjpg&auto=webp&s=7041c38a5d80ec92d67bd5b021ca124060212ae8,gallery,reddit_gallery,07nbo2at8tpf1,,a book titled blackjack on a table
ThriftStoreHauls,1njswb1,4,https://i.redd.it/pfkwr1at8tpf1.jpg?width=3000&format=pjpg&auto=webp&s=430c986c23cf86ce9055c460658626b91f87429a,gallery,reddit_gallery,pfkwr1at8tpf1,,a box of blood bowl companion
ThriftStoreHauls,1njswb1,5,https://i.redd.it/s7paf7at8tpf1.jpg?width=3000&format=pjpg&auto=webp&s=6c5081bbd870c65ff2bb3abf754f24c1f1394ca1,gallery,reddit_gallery,s7paf7at8tpf1,,archie comic book on a table
ThriftStoreHauls,1nj7q7h,0,https://i.redd.it/2h1eaf2ktopf1.jpeg,post_url,direct_link,,,a framed painting of a dog and a cat
,1nj7q7h,0,https://preview.redd.it/wpepkj4tdqpf1.jpeg?width=867&format=pjpg&auto=webp&s=090bb226b777345221d7002754a556215e5ea1da,comment_text,embedded_link,,neozd76,found in the wall of a house in the middle of the woods
ThriftStoreHauls,1njqbzb,0,https://i.redd.it/sf7izuftpspf1.jpg?width=4284&format=pjpg&auto=webp&s=5f2e076d0d452b47fc6c222fc9b223acc98bb57c,gallery,reddit_gallery,sf7izuftpspf1,,a hand holding a large brown jug in a car
ThriftStoreHauls,1njqbzb,1,https://i.redd.it/pf5qdqftpspf1.jpg?width=4284&format=pjpg&auto=webp&s=ee672323ec4ccb3a3165c0b065ba3e19c9d40f3a,gallery,reddit_gallery,pf5qdqftpspf1,,a person holding a red and yellow box
ThriftStoreHauls,1njqbzb,2,https://i.redd.it/xe2nliftpspf1.jpg?width=4284&format=pjpg&auto=webp&s=9d5eaeda2b78f639483d2b4085a6c570f39f5c62,gallery,reddit_gallery,xe2nliftpspf1,,a pair of vases sitting on a piece of luggage
ThriftStoreHauls,1njqbzb,3,https://i.redd.it/sber6uftpspf1.jpg?width=4284&format=pjpg&auto=webp&s=8251d03b915601105d3db70b8afd051e70c1c367,gallery,reddit_gallery,sber6uftpspf1,,a metal object that is sitting on top of a car
ThriftStoreHauls,1njqbzb,4,https://i.redd.it/3soiqcgtpspf1.jpg?width=4284&format=pjpg&auto=webp&s=d2ea040efb4345cf4fe4f2d6d572bf71e6f9ab2f,gallery,reddit_gallery,3soiqcgtpspf1,,a man holding a large wooden object in his hand
ThriftStoreHauls,1njqbzb,5,https://i.redd.it/40bg5zftpspf1.jpg?width=4284&format=pjpg&auto=webp&s=7921cc0da4808aca3d37772bbef149a8afad6a6a,gallery,reddit_gallery,40bg5zftpspf1,,a sweater with a striped design on it
ThriftStoreHauls,1nju410,0,https://i.redd.it/cxihxjl8jtpf1.jpg?width=3024&format=pjpg&auto=webp&s=49b61498ec210c579961e40150f1de62e5ca2c7e,gallery,reddit_gallery,cxihxjl8jtpf1,,a clothing store with many shirts on display
ThriftStoreHauls,1nju410,1,https://i.redd.it/yev8fll8jtpf1.jpg?width=3024&format=pjpg&auto=webp&s=d9577ffcde81e9466e50d47bffd25ee705a85172,gallery,reddit_gallery,yev8fll8jtpf1,,a pink tank top hanging on a shopping cart
ThriftStoreHauls,1nju410,2,https://i.redd.it/mieo9ml8jtpf1.jpg?width=3024&format=pjpg&auto=webp&s=5bd490d1c36a71fe594ab5affae8d5f766044212,gallery,reddit_gallery,mieo9ml8jtpf1,,a store with clothes on racks and a teddy bear shirt
ThriftStoreHauls,1njxe6q,0,https://i.redd.it/n3u8emncbupf1.jpg?width=2252&format=pjpg&auto=webp&s=fba141cf461b9174b2119b5397310de118f25db9,gallery,reddit_gallery,n3u8emncbupf1,,a pair of sweat pants with a bunch of horror characters on them
ThriftStoreHauls,1njxe6q,1,https://i.redd.it/o3ogxpxcbupf1.jpg?width=2252&format=pjpg&auto=webp&s=e21f76f7e0cd91a6d8809d21d15ab1e210f11f7d,gallery,reddit_gallery,o3ogxpxcbupf1,,a stuffed animal with a sign that says i'm not happy
ThriftStoreHauls,1njxe6q,2,https://i.redd.it/e9cdvkrcbupf1.jpg?width=2252&format=pjpg&auto=webp&s=ee69566de5956db01499d837c25ccfaa34ea7552,gallery,reddit_gallery,e9cdvkrcbupf1,,a person holding a toy egyptian mummy
ThriftStoreHauls,1njxe6q,3,https://i.redd.it/jx1jpuvcbupf1.jpg?width=2252&format=pjpg&auto=webp&s=f40bdacbfbdf72266feee338d71a6da8ae64d7fa,gallery,reddit_gallery,jx1jpuvcbupf1,,two egyptian ceramic vases with painted designs
ThriftStoreHauls,1njxe6q,4,https://i.redd.it/7sn6qkzcbupf1.jpg?width=2252&format=pjpg&auto=webp&s=ca633c22635efb41521ddb3ddc030213a1ff6b25,gallery,reddit_gallery,7sn6qkzcbupf1,,a close up of a skateboard with a label on it
ThriftStoreHauls,1njxe6q,5,https://i.redd.it/7xwl5picbupf1.jpg?width=2252&format=pjpg&auto=webp&s=66af54a2075bacbe953bb7c700e8d488d22e7abb,gallery,reddit_gallery,7xwl5picbupf1,,a bunch of stuffed animals and a pair of pants
ThriftStoreHauls,1njju35,0,https://i.redd.it/9bi0d5fehrpf1.jpeg,post_url,direct_link,,,i like it when she bends over but i love it when she tugs on my worms t-shirt
ThriftStoreHauls,1njmp7n,0,https://i.redd.it/nf5xka590spf1.jpeg,post_url,direct_link,,,a sony radio with a clock on the dashboard
ThriftStoreHauls,1ninst2,0,https://i.redd.it/yazm399x9kpf1.jpeg,post_url,direct_link,,,framed picture of people sewing
,1ninst2,0,https://preview.redd.it/j3ygalm6gkpf1.jpeg?width=1500&format=pjpg&auto=webp&s=a73e7b6dbfe23e595cf97b5c4ed028e461376e0a,comment_text,embedded_link,,nekbuh0,a painting of fruit and vegetables on a table
,1ninst2,0,https://preview.redd.it/sq29dc0vgkpf1.jpeg?width=640&format=pjpg&auto=webp&s=e36405293150d9bdaa4d202b340da40bdc7c2fd8,comment_text,embedded_link,,nekcsgm,a painting of a cat sitting on a table with food
,1ninst2,0,https://preview.redd.it/zuum3bogzkpf1.jpeg?width=1170&format=pjpg&auto=webp&s=3ce664f045a1f75c69a455f5c5510ce4d07b85a7,comment_text,embedded_link,,nekxo51,"a cat is depicted in a painting with the caption, ""medieval artists never saw a cat"""
,1ninst2,0,https://preview.redd.it/udusqxzqikpf1.jpeg?width=2490&format=pjpg&auto=webp&s=dd287f20a733663a6d2f1b0d2ad5097992f453f4,comment_text,embedded_link,,nekeybf,a bronze horse sculpture in a park
ThriftStoreHauls,1njigay,0,https://i.redd.it/gpruxc4d8rpf1.jpeg,post_url,direct_link,,,a framed painting of a white cat with roses
ThriftStoreHauls,1njoc9v,0,https://i.redd.it/8ah2lf1kbspf1.jpeg,post_url,direct_link,,,a table with a bunch of figurines on it
ThriftStoreHauls,1njn4u4,0,https://i.redd.it/3zceymg93spf1.jpeg,post_url,direct_link,,,four pictures of a turntable with a record player
,1njn4u4,0,https://preview.redd.it/y1so41w5fspf1.jpeg?width=1080&format=pjpg&auto=webp&s=94acd3b7a5c8a076b7205a0850d6ce71de026602,comment_text,embedded_link,,nertb2n,two pictures of a little boy with the words congratulations nice for you
ThriftStoreHauls,1njpj20,0,https://i.redd.it/hlb2q4vyjspf1.jpeg,post_url,direct_link,,,a woman in a pink dress standing in front of a plant
,1njpj20,0,https://m.media-amazon.com/images/I/81lpIw6ybhL.jpg,comment_text,embedded_link,,nesf25r,bridesmaids extended edition dvd
ThriftStoreHauls,1nj3zhq,0,https://i.redd.it/phom3hl9onpf1.jpg?width=3024&format=pjpg&auto=webp&s=9c9acdf08b174abca9ca8fa583fa385be9d0feee,gallery,reddit_gallery,phom3hl9onpf1,,a living room with a large tv and a couch
ThriftStoreHauls,1nj3zhq,1,https://i.redd.it/76if41j9onpf1.jpg?width=3024&format=pjpg&auto=webp&s=164dc16df86a72f03fe31aec5270fb8a81b5c987,gallery,reddit_gallery,76if41j9onpf1,,"a living room with a couch, coffee table and television"
ThriftStoreHauls,1nj3zhq,2,https://i.redd.it/4mv3m3j9onpf1.jpg?width=4032&format=pjpg&auto=webp&s=b8d4ae3c83884bbd719835fecdb1a15af13b9eee,gallery,reddit_gallery,4mv3m3j9onpf1,,"a living room with a couch, television and a sliding glass door"
ThriftStoreHauls,1nj3zhq,3,https://i.redd.it/7qhbg7j9onpf1.jpg?width=3024&format=pjpg&auto=webp&s=f997977c918a2fd54246f3239fc9c8508a7e138e,gallery,reddit_gallery,7qhbg7j9onpf1,,a living room with a large television and a couch
ThriftStoreHauls,1nj3zhq,4,https://i.redd.it/il20n4j9onpf1.jpg?width=3024&format=pjpg&auto=webp&s=3f1c8b1087ceaa7ff4b8a66cc29ba8d7e5543915,gallery,reddit_gallery,il20n4j9onpf1,,"a living room with a couch, a coffee table, and a television"
ThriftStoreHauls,1nizf6o,0,https://i.redd.it/afwdf1sxjmpf1.jpeg,post_url,direct_link,,,a chair and a table with toys and other items
ThriftStoreHauls,1njom8o,0,https://i.redd.it/jm4fdv1kdspf1.jpeg,post_url,direct_link,,,a couch with a floral pattern on it
ThriftStoreHauls,1nj1jj2,0,https://i.redd.it/yv47kbly1npf1.jpeg,post_url,direct_link,,,a woman holding a framed picture of a woman in a bikini
ThriftStoreHauls,1nizds8,0,https://i.redd.it/bnpmz3sojmpf1.jpg?width=3024&format=pjpg&auto=webp&s=f65f35b37bc3c9daf7857d4efeaf1395669541f7,gallery,reddit_gallery,bnpmz3sojmpf1,,a table with a variety of items on it
ThriftStoreHauls,1nizds8,1,https://i.redd.it/e98y70sojmpf1.jpg?width=3024&format=pjpg&auto=webp&s=b2ef99ddfd5f732c031e32c0c032f171d2408a19,gallery,reddit_gallery,e98y70sojmpf1,,a person holding a glass with a name on it
ThriftStoreHauls,1nizds8,2,https://i.redd.it/sq1gd3sojmpf1.jpg?width=3024&format=pjpg&auto=webp&s=a623d6af90082a82f03f1754089c81e2442516a6,gallery,reddit_gallery,sq1gd3sojmpf1,,a person holding a watch and a wallet with a butterfly on it
ThriftStoreHauls,1nizds8,3,https://i.redd.it/kakk01sojmpf1.jpg?width=3024&format=pjpg&auto=webp&s=eba07abec5d7fcad7bbb9381e1790f17120a1d1b,gallery,reddit_gallery,kakk01sojmpf1,,a table with a bunch of items on it
ThriftStoreHauls,1nizds8,4,https://i.redd.it/vwz692sojmpf1.jpg?width=4032&format=pjpg&auto=webp&s=d61e06ea7e51bc2b20cf40720f687903176d4752,gallery,reddit_gallery,vwz692sojmpf1,,"a collection of items on the floor including a cup, a bottle, a hat, a shoe, a book, a purse, a purse, a"
ThriftStoreHauls,1nizds8,5,https://i.redd.it/lnnqxyrojmpf1.jpg?width=3024&format=pjpg&auto=webp&s=c91894a442a1aaffead2e9ce2f56b829e4559264,gallery,reddit_gallery,lnnqxyrojmpf1,,a wooden floor
ThriftStoreHauls,1nji7cu,0,https://i.redd.it/loxzdlcp6rpf1.jpeg,post_url,direct_link,,,a wooden doll with a wooden stick in its hand
ThriftStoreHauls,1nivr5r,0,https://i.redd.it/785zvmz5rlpf1.png?width=1080&format=png&auto=webp&s=08156ce2bd22fcab289efbbebfec96b31a963900,gallery,reddit_gallery,785zvmz5rlpf1,,good eats dvd set
ThriftStoreHauls,1nivr5r,1,https://i.redd.it/8uxtih66rlpf1.jpg?width=1652&format=pjpg&auto=webp&s=1653d86938c0beb31f5a90269e3e4cde462fbee0,gallery,reddit_gallery,8uxtih66rlpf1,,the lord of the rings the fellowship of the ring
ThriftStoreHauls,1njlsp4,0,https://i.redd.it/aj36mmy6urpf1.jpg?width=3000&format=pjpg&auto=webp&s=aeb1458b04b247ee2de3874f3342d29802f02608,gallery,reddit_gallery,aj36mmy6urpf1,,a t - shirt with a picture of greg's crunchy snacks
ThriftStoreHauls,1njlsp4,1,https://i.redd.it/rsdj4kt6urpf1.jpg?width=3000&format=pjpg&auto=webp&s=0f4e8133446e207dc2744e36d5ffc5c300361c42,gallery,reddit_gallery,rsdj4kt6urpf1,,a shirt that says i have a real bad boy but it's a real good man
ThriftStoreHauls,1njzop8,0,https://i.redd.it/gm27jdnuxupf1.jpg?width=1242&format=pjpg&auto=webp&s=01665814ac12ab0eff08261a8647a730b2f4d974,gallery,reddit_gallery,gm27jdnuxupf1,,a person holding a cell phone in their hand
ThriftStoreHauls,1njzop8,1,https://i.redd.it/9ineqdnuxupf1.jpg?width=1242&format=pjpg&auto=webp&s=9680f276aa2811c2dc9d9ee14d61d463ee45dbc0,gallery,reddit_gallery,9ineqdnuxupf1,,a woman taking a selfie in a mirror
ThriftStoreHauls,1njg1s2,0,https://i.redd.it/1wxsxu5isqpf1.jpg?width=3024&format=pjpg&auto=webp&s=4c3e0329840cc5d4a5120c4f08210dd9193ba0e9,gallery,reddit_gallery,1wxsxu5isqpf1,,a set of silverware on a marble counter
ThriftStoreHauls,1njg1s2,1,https://i.redd.it/wlyzqu5isqpf1.jpg?width=3024&format=pjpg&auto=webp&s=bde89349cc4e4c5aa9913613f5f97140d8617516,gallery,reddit_gallery,wlyzqu5isqpf1,,a set of silverware on a marble counter
ThriftStoreHauls,1njg1s2,2,https://i.redd.it/tffknw5isqpf1.jpg?width=3024&format=pjpg&auto=webp&s=319bfb27ba18bc50da83471787eb4048278ef7e2,gallery,reddit_gallery,tffknw5isqpf1,,a set of six silver forks on a marble counter
ThriftStoreHauls,1ninebt,0,https://i.redd.it/9w5w4tja7kpf1.jpg?width=3024&format=pjpg&auto=webp&s=9464fc0ab69484db94f52a313d271639df8c0397,gallery,reddit_gallery,9w5w4tja7kpf1,,carhartt duck vest
ThriftStoreHauls,1ninebt,1,https://i.redd.it/fo81jpja7kpf1.jpg?width=3024&format=pjpg&auto=webp&s=1cd4631f159e225628eb8c411325c1ba60f50b8c,gallery,reddit_gallery,fo81jpja7kpf1,,a person holding up a brown vest
ThriftStoreHauls,1ninebt,2,https://i.redd.it/43tv8nja7kpf1.jpg?width=3024&format=pjpg&auto=webp&s=8b702b54f688f0bcaa9d327498c1851f37dc654f,gallery,reddit_gallery,43tv8nja7kpf1,,a person holding a label on a jacket
ThriftStoreHauls,1ninebt,3,https://i.redd.it/fo0xspja7kpf1.jpg?width=3024&format=pjpg&auto=webp&s=8bd7caf04f5a79b0d339d53398b47b96e4080c22,gallery,reddit_gallery,fo0xspja7kpf1,,a person holding a label on a jacket
ThriftStoreHauls,1njazdd,0,https://i.redd.it/i17ranc9rppf1.jpeg,post_url,direct_link,,,a fox wearing a military uniform on a book page
ThriftStoreHauls,1nkenoc,0,https://i.redd.it/jtxk22ckkypf1.jpeg,post_url,direct_link,,,a large confederate flag is displayed in a store
ThriftStoreHauls,1niwco6,0,https://i.redd.it/v1rnxhgnvlpf1.jpg?width=1848&format=pjpg&auto=webp&s=a925ef10d67c51d64c4c34f46272b2242970f873,gallery,reddit_gallery,v1rnxhgnvlpf1,,a close up of a label on a shirt
ThriftStoreHauls,1niwco6,1,https://i.redd.it/82qrh4envlpf1.jpg?width=1848&format=pjpg&auto=webp&s=17290c1b62170d475751badb2a3873687571503d,gallery,reddit_gallery,82qrh4envlpf1,,a brown jacket with the label schott on it
ThriftStoreHauls,1niwco6,2,https://i.redd.it/u95qjrbnvlpf1.jpg?width=1634&format=pjpg&auto=webp&s=6ff898caa1931139051166bbe9537dd2f5538587,gallery,reddit_gallery,u95qjrbnvlpf1,,a man in a brown jacket standing in front of a wall of pictures
ThriftStoreHauls,1niwco6,3,https://i.redd.it/ktwo6w8nvlpf1.jpg?width=1834&format=pjpg&auto=webp&s=20ff6511d4239e7b0fbf146e33bac3a740a0ed2d,gallery,reddit_gallery,ktwo6w8nvlpf1,,a man in jeans and a brown jacket standing in front of a wall of pictures
ThriftStoreHauls,1niwco6,4,https://i.redd.it/nkx86j5nvlpf1.jpg?width=1596&format=pjpg&auto=webp&s=1ea90a72c572ae7644161e128761e84ba853416c,gallery,reddit_gallery,nkx86j5nvlpf1,,a man in a brown jacket and sunglasses standing in front of a bed
ThriftStoreHauls,1njd3y0,0,https://i.redd.it/21ztlb538qpf1.jpg?width=3024&format=pjpg&auto=webp&s=63943a9eea81b3b6db4151ae100af7b6f688bb4f,gallery,reddit_gallery,21ztlb538qpf1,,a person holding a label on a sweater
ThriftStoreHauls,1njd3y0,1,https://i.redd.it/folumc148qpf1.jpg?width=3024&format=pjpg&auto=webp&s=dbccb15cb3253890c062c73a6ccdbbc346e75c6a,gallery,reddit_gallery,folumc148qpf1,,a person holding up a sweater in a store
ThriftStoreHauls,1niuhhr,0,https://i.redd.it/lz8dtlg5ilpf1.jpeg,post_url,direct_link,,,"a living room with a couch, a chair, a book shelf, and a rug"
ThriftStoreHauls,1nitfol,0,https://i.redd.it/c36l3ufvalpf1.jpg?width=4032&format=pjpg&auto=webp&s=a9856be061198e8e33e4b9410aacce570e93b96e,gallery,reddit_gallery,c36l3ufvalpf1,,a wooden tray with six cups and a teapot
ThriftStoreHauls,1nitfol,1,https://i.redd.it/aijcarfvalpf1.jpg?width=4032&format=pjpg&auto=webp&s=99dae6e8e64c6ec3800f9c28cec91b0048fc4b5a,gallery,reddit_gallery,aijcarfvalpf1,,a wooden tray with four cups and saucers
ThriftStoreHauls,1nitfol,2,https://i.redd.it/xl508kfvalpf1.jpg?width=4032&format=pjpg&auto=webp&s=e4abe4fa219977a2bf4ca736a5a6ec8537045ffe,gallery,reddit_gallery,xl508kfvalpf1,,"a teapot, a mug, and a bowl on a table"
ThriftStoreHauls,1nitfol,3,https://i.redd.it/och4vmfvalpf1.jpg?width=2488&format=pjpg&auto=webp&s=92142de85bfed0742f59eb84f0b8df86f86455a6,gallery,reddit_gallery,och4vmfvalpf1,,a rack with several dishes on it
ThriftStoreHauls,1nitfol,4,https://i.redd.it/nu3lntfvalpf1.jpg?width=4032&format=pjpg&auto=webp&s=12ac87438d212212d1dba22d14486b0cd09ba46c,gallery,reddit_gallery,nu3lntfvalpf1,,a wire rack holding several pots and cups
ThriftStoreHauls,1nibqcb,0,https://i.redd.it/ru1n4nt6lhpf1.jpg?width=3024&format=pjpg&auto=webp&s=16871ca3fe3ca541ab0119ab3a736c42855b1f06,gallery,reddit_gallery,ru1n4nt6lhpf1,,a close up of a piece of fabric on a table
ThriftStoreHauls,1nibqcb,1,https://i.redd.it/xkta5ot6lhpf1.jpg?width=3024&format=pjpg&auto=webp&s=1b44de84328848a9a7328a7975f08eae00ab98d8,gallery,reddit_gallery,xkta5ot6lhpf1,,a pile of fabric on a table next to a laptop
ThriftStoreHauls,1nibqcb,2,https://i.redd.it/hn9hlpt6lhpf1.jpg?width=4032&format=pjpg&auto=webp&s=b0936d5fe0e655eac952f4b66e0ba168aed24233,gallery,reddit_gallery,hn9hlpt6lhpf1,,a box filled with rolls of fabric and other items
ThriftStoreHauls,1nisxw9,0,https://i.redd.it/d9mps1yh7lpf1.jpeg,post_url,direct_link,,,a hand holding a figurine of a man in a white robe
ThriftStoreHauls,1nj43jw,0,https://i.redd.it/ag0s1t3fpnpf1.jpg?width=3024&format=pjpg&auto=webp&s=d3d38adf7eb964131efff68b92ec6ec2279c23be,gallery,reddit_gallery,ag0s1t3fpnpf1,,three books sitting on a table with a chair
ThriftStoreHauls,1nj43jw,1,https://i.redd.it/7oq7ys3fpnpf1.jpg?width=3024&format=pjpg&auto=webp&s=40f956e3e95fc2f0ead2f3736a10338f5fbf5ffa,gallery,reddit_gallery,7oq7ys3fpnpf1,,a woman taking a selfie in a mirror wearing overalls
ThriftStoreHauls,1nj43jw,2,https://i.redd.it/c5aw2r3fpnpf1.jpg?width=3024&format=pjpg&auto=webp&s=7fc3ba91d3786884ea0165968d16caf32ee88494,gallery,reddit_gallery,c5aw2r3fpnpf1,,a ceramic ettie with blue eyes sitting on a table
ThriftStoreHauls,1niy0yz,0,https://i.redd.it/3wnmt67l8mpf1.jpeg,post_url,direct_link,,,a ceramic figurine of a black woman with a red hat
,1niy0yz,0,https://preview.redd.it/t8g25j23enpf1.jpeg?width=4284&format=pjpg&auto=webp&s=68bf4409c8c387e5f1b66963b0f6c3c4343af729,comment_text,embedded_link,,nenbwc4,three different types of figurines on a red plate
ThriftStoreHauls,1njsngg,0,https://i.redd.it/11bt7ex77tpf1.jpg?width=3024&format=pjpg&auto=webp&s=71fba64960831cb09acfc69954af5d3980897bee,gallery,reddit_gallery,11bt7ex77tpf1,,a red shirt and pants hanging on a wall
ThriftStoreHauls,1njsngg,1,https://i.redd.it/0tdvljx77tpf1.jpg?width=3024&format=pjpg&auto=webp&s=e63cf747249a0548f5ddd5a9f5fe6cba0b57ef47,gallery,reddit_gallery,0tdvljx77tpf1,,a purple shirt and pants hanging on a wall
ThriftStoreHauls,1njsngg,2,https://i.redd.it/r1ky3ex77tpf1.jpg?width=3024&format=pjpg&auto=webp&s=ba3e4acfa178b48c52758017cb1a3392f66cb753,gallery,reddit_gallery,r1ky3ex77tpf1,,a blue pajama set hanging on a wall
ThriftStoreHauls,1njsngg,3,https://i.redd.it/aisqrex77tpf1.jpg?width=3024&format=pjpg&auto=webp&s=71d15530d258e3b2e22cfbc556ebd9c176a788d0,gallery,reddit_gallery,aisqrex77tpf1,,a red top hanging on a wall
ThriftStoreHauls,1njsngg,4,https://i.redd.it/uhtb4ex77tpf1.jpg?width=3024&format=pjpg&auto=webp&s=6b69f295c6451c4916aa28e4550d43f0906bfa4b,gallery,reddit_gallery,uhtb4ex77tpf1,,a label on a dress hanging on a clothes rack
ThriftStoreHauls,1njsngg,5,https://i.redd.it/htfilex77tpf1.jpg?width=3024&format=pjpg&auto=webp&s=15d36191077bcf54bd17a705e8ae97eb9bb98a81,gallery,reddit_gallery,htfilex77tpf1,,a shadowline label on a red shirt hanging on a hanger
ThriftStoreHauls,1njsngg,6,https://i.redd.it/d7tdeex77tpf1.jpg?width=3024&format=pjpg&auto=webp&s=c62b53d6b47240af1c0c86c334f80bb56f4e6091,gallery,reddit_gallery,d7tdeex77tpf1,,a blue dress hanging on a wall next to a lamp
ThriftStoreHauls,1njsngg,7,https://i.redd.it/1c7r6ox77tpf1.jpg?width=3024&format=pjpg&auto=webp&s=4f7b066e934aa16ac73812a9518c98afacf21496,gallery,reddit_gallery,1c7r6ox77tpf1,,a close up of a shirt with the label vanity fair
ThriftStoreHauls,1njsngg,8,https://i.redd.it/w4z187y77tpf1.jpg?width=3024&format=pjpg&auto=webp&s=a261233bb200889312b84918159d666c732c54b5,gallery,reddit_gallery,w4z187y77tpf1,,miss elaine embroidered dress
ThriftStoreHauls,1njsngg,9,https://i.redd.it/nws2irx77tpf1.jpg?width=3024&format=pjpg&auto=webp&s=f7fa90906992065806e83113291cbcd396a96650,gallery,reddit_gallery,nws2irx77tpf1,,a purple shirt with a label on it
ThriftStoreHauls,1njsngg,10,https://i.redd.it/4w9ib2y77tpf1.jpg?width=3024&format=pjpg&auto=webp&s=ec1c1ddea27a19101f47fb588af07a1b61787d99,gallery,reddit_gallery,4w9ib2y77tpf1,,a blue pajama set hanging on a wall
ThriftStoreHauls,1njsngg,11,https://i.redd.it/v6nf9ex77tpf1.jpg?width=3024&format=pjpg&auto=webp&s=cc93a1835f2ad49007e49c3ae286d89baa3fe53a,gallery,reddit_gallery,v6nf9ex77tpf1,,a red dress hanging on a hanger with the label shadowline
ThriftStoreHauls,1njsngg,12,https://i.redd.it/3joxb4y77tpf1.jpg?width=3024&format=pjpg&auto=webp&s=098d8df6f3b912cb4fc3f6bce08ce68a6176f8cd,gallery,reddit_gallery,3joxb4y77tpf1,,a black shirt and pants hanging on a wall
ThriftStoreHauls,1nihptq,0,https://i.redd.it/wiu8vtkl4jpf1.jpg?width=3024&format=pjpg&auto=webp&s=1734fa2403a5a57a652d9e5151806dadd84a6553,gallery,reddit_gallery,wiu8vtkl4jpf1,,a pair of forks and a knife in a plastic bag
ThriftStoreHauls,1nihptq,1,https://i.redd.it/n65xknkl4jpf1.jpg?width=3024&format=pjpg&auto=webp&s=a2d12e6c86b1381e8a55134459ff28e265bc5367,gallery,reddit_gallery,n65xknkl4jpf1,,a digital scale with four forks on it
ThriftStoreHauls,1nihptq,2,https://i.redd.it/1249hnkl4jpf1.jpg?width=4284&format=pjpg&auto=webp&s=70bf687529876d87ce1258e8b7c771dc8ae44117,gallery,reddit_gallery,1249hnkl4jpf1,,four forks with silver handles on a wooden table
ThriftStoreHauls,1nihptq,3,https://i.redd.it/h838wnkl4jpf1.jpg?width=3024&format=pjpg&auto=webp&s=6302bdb737dcc2cd03790d3caa81a33355d1315f,gallery,reddit_gallery,h838wnkl4jpf1,,a fork and knife sitting on a scale
ThriftStoreHauls,1nj0ddu,0,https://i.redd.it/kz5w8euxrmpf1.jpeg,post_url,direct_link,,,four clear glass mugs sitting on top of a table
ThriftStoreHauls,1nj4iex,0,https://i.redd.it/ii2to77ptnpf1.jpeg,post_url,direct_link,,,a person holding a bottle of whisky in front of a restaurant
ThriftStoreHauls,1nipnu2,0,https://i.redd.it/uvqya58ulkpf1.jpg?width=4032&format=pjpg&auto=webp&s=4ed7ce048def58113a7c6b1f7c42ab380a996aca,gallery,reddit_gallery,uvqya58ulkpf1,,"a kitchen counter with a bowl, cups, and a jar"
ThriftStoreHauls,1nipnu2,1,https://i.redd.it/mjhjs7ntlkpf1.jpg?width=3024&format=pjpg&auto=webp&s=986ea8f41b74002052ad55694b53390883ddec3b,gallery,reddit_gallery,mjhjs7ntlkpf1,,a bowl with mushrooms on it sitting on a counter
ThriftStoreHauls,1nipnu2,2,https://i.redd.it/4nfabbtulkpf1.jpg?width=3024&format=pjpg&auto=webp&s=f46037339f103486588e937425899ccc3a62b348,gallery,reddit_gallery,4nfabbtulkpf1,,a casserole dish with cheese and bacon sitting on top of an oven
ThriftStoreHauls,1nj36gl,0,https://i.redd.it/duw9bejjgnpf1.jpeg,post_url,direct_link,,,a sweater with a picture of a farm on it
ThriftStoreHauls,1nihh8y,0,https://i.redd.it/rbna7m8g3jpf1.jpeg,post_url,direct_link,,,a man holding up a large blanket with a picture of a basketball player on it
,1nihh8y,0,https://preview.redd.it/lkdoavdkqjpf1.jpeg?width=700&format=pjpg&auto=webp&s=47028bcee961bbc127dae42670a0d9a4fad9ff0b,comment_text,embedded_link,,nejhyed,a man in a puffy jacket talking to another man
,1nihh8y,0,https://i.imgur.com/sUoU7Oo.jpeg,comment_text,embedded_link,,nejpai9,the blue light of the night is shown in the dark
ThriftStoreHauls,1nj3azf,0,https://i.redd.it/x3etgluqhnpf1.jpeg,post_url,direct_link,,,a hand holding a paper cut out of a group of people
ThriftStoreHauls,1nimriz,0,https://i.redd.it/vf3apck43kpf1.jpg?width=4284&format=pjpg&auto=webp&s=4fa4cd000a891301e8806f92b03abc6998495d3e,gallery,reddit_gallery,vf3apck43kpf1,,a glass head on a wooden table
ThriftStoreHauls,1nimriz,1,https://i.redd.it/5y7a96k43kpf1.jpg?width=3752&format=pjpg&auto=webp&s=c5282857e65d3acba0265cad85cbd058794047a6,gallery,reddit_gallery,5y7a96k43kpf1,,a white shelf with a tv on it
ThriftStoreHauls,1nhzb5c,0,https://i.redd.it/a6s590tlgepf1.jpeg,post_url,direct_link,,,a pink ceramic tree on a shelf
,1nhzb5c,0,https://preview.redd.it/b702nko93fpf1.jpeg?width=2992&format=pjpg&auto=webp&s=88afa11be8b1fb204abd579eb3b0ee53d211a1ce,comment_text,embedded_link,,nefs2nq,a model of a human body with a flower on top
ThriftStoreHauls,1nj0p2i,0,https://i.redd.it/dhzzth9numpf1.jpeg,post_url,direct_link,,,two pictures of a person wearing white sneakers
ThriftStoreHauls,1nirqg0,0,https://i.redd.it/1p0wktfgzkpf1.jpeg,post_url,direct_link,,,a ceramic figurine of a samurai holding a measuring cup
ThriftStoreHauls,1nj26qo,0,https://i.redd.it/aet1f4al7npf1.jpeg,post_url,direct_link,,,a round tin with a picture of children dancing
ThriftStoreHauls,1niqm73,0,https://i.redd.it/6plftdvyrkpf1.jpeg,post_url,direct_link,,,a large black pole
ThriftStoreHauls,1niqike,0,https://i.redd.it/c6xm9qyerkpf1.jpeg,post_url,direct_link,,,a red mushroom lamp sitting on top of books
ThriftStoreHauls,1niax6n,0,https://i.redd.it/hsc2zpiibhpf1.jpg?width=3024&format=pjpg&auto=webp&s=bcb9d84ee8e96a4e291e171d66af65e66a78f475,gallery,reddit_gallery,hsc2zpiibhpf1,,a wooden jewelry box with two doors and a mirror
ThriftStoreHauls,1niax6n,1,https://i.redd.it/7kk6vniibhpf1.jpg?width=3024&format=pjpg&auto=webp&s=d33499e608995b857fd5a6b3efbba3ddf7659d47,gallery,reddit_gallery,7kk6vniibhpf1,,a person holding a gold ring with a diamond
ThriftStoreHauls,1niax6n,2,https://i.redd.it/7ltnesiibhpf1.jpg?width=3024&format=pjpg&auto=webp&s=0f09f454a7debfee0cc40c05f6978d20eb691177,gallery,reddit_gallery,7ltnesiibhpf1,,a person holding a gold ring on a table
ThriftStoreHauls,1niax6n,3,https://i.redd.it/v6gdnoiibhpf1.jpg?width=4032&format=pjpg&auto=webp&s=3b10f835813dcb796707a219b4eebf58f942044c,gallery,reddit_gallery,v6gdnoiibhpf1,,a wooden clock with a heart on it
ThriftStoreHauls,1niax6n,4,https://i.redd.it/95jbzkiibhpf1.jpg?width=2087&format=pjpg&auto=webp&s=1ebf356a48ee1a3fa23f381e5cdc0f7db36dc853,gallery,reddit_gallery,95jbzkiibhpf1,,a person holding three different rings on their hand
ThriftStoreHauls,1nhtlqd,0,https://i.redd.it/d7ulcqafedpf1.jpg?width=3000&format=pjpg&auto=webp&s=1e9ff7f051a9dfe6a076a3765265b893ec60baad,gallery,reddit_gallery,d7ulcqafedpf1,,a person holding a piece of fabric with a tag on it
ThriftStoreHauls,1nhtlqd,1,https://i.redd.it/6s144c7fedpf1.jpg?width=3000&format=pjpg&auto=webp&s=7fbc758f2318761d0c5d70b6866d794e486f0ce5,gallery,reddit_gallery,6s144c7fedpf1,,a blue rug with a dragonfly design on it
ThriftStoreHauls,1nidfc1,0,https://i.redd.it/609lmdec4ipf1.jpeg,post_url,direct_link,,,"a stack of cassettes with the words bon jovi, cinderella, and so on"
ThriftStoreHauls,1niwkn0,0,https://i.redd.it/vi6888gaxlpf1.jpeg,post_url,direct_link,,,a giraffe is on display in a store
ThriftStoreHauls,1ni6lpt,0,https://i.redd.it/og6pw8433gpf1.jpeg,post_url,direct_link,,,a picture frame with an old picture of two people
ThriftStoreHauls,1niz0ep,0,https://i.redd.it/qrjj70qngmpf1.jpg?width=4284&format=pjpg&auto=webp&s=86a40161d5ee7634a394a131960a381cd815d4e2,gallery,reddit_gallery,qrjj70qngmpf1,,a table with a wooden top and a lamp on it
ThriftStoreHauls,1niz0ep,1,https://i.redd.it/93jr4ypngmpf1.jpg?width=4284&format=pjpg&auto=webp&s=838969a72a0ef5c0fe28fea8cda8ad0746f08b45,gallery,reddit_gallery,93jr4ypngmpf1,,a person holding a large umbrella over a table
ThriftStoreHauls,1niz0ep,2,https://i.redd.it/b6j7lkpngmpf1.jpg?width=3024&format=pjpg&auto=webp&s=253ecd6949a5d289c19d0fdaa574be2e9866aab6,gallery,reddit_gallery,b6j7lkpngmpf1,,a wooden bowl sitting on top of a wicker table
ThriftStoreHauls,1niz0ep,3,https://i.redd.it/w49ku3qngmpf1.jpg?width=4284&format=pjpg&auto=webp&s=fd6413b0ed4598da9e10d06301d3004a1d08a4e3,gallery,reddit_gallery,w49ku3qngmpf1,,a vase on a table next to a lamp
ThriftStoreHauls,1niz0ep,4,https://i.redd.it/eqiuuhqngmpf1.jpg?width=4284&format=pjpg&auto=webp&s=85f7e1d87a7e29ca5a3eff796c08bae4ac61348d,gallery,reddit_gallery,eqiuuhqngmpf1,,a wooden table with a lamp on top of it
ThriftStoreHauls,1niz0ep,5,https://i.redd.it/sssg78qngmpf1.jpg?width=4284&format=pjpg&auto=webp&s=f8f10b86caa33d329deefe91bf8116998cb99e62,gallery,reddit_gallery,sssg78qngmpf1,,a tall vase with a wooden base on a wooden floor
ThriftStoreHauls,1niwzxt,0,https://i.redd.it/hjjybtac0mpf1.jpeg,post_url,direct_link,,,a person wearing a costume standing next to a telephone booth
ThriftStoreHauls,1nhxrr2,0,https://i.redd.it/cltqkmxo5epf1.jpg?width=3024&format=pjpg&auto=webp&s=f373665b8e54686847fc160d6d4d6263a65b5802,gallery,reddit_gallery,cltqkmxo5epf1,,a piece of cardboard with writing on it
ThriftStoreHauls,1nhxrr2,1,https://i.redd.it/ja4c1mxo5epf1.jpg?width=3024&format=pjpg&auto=webp&s=9cebde26f9680348156369ee003b9a1075f413c5,gallery,reddit_gallery,ja4c1mxo5epf1,,a painting of a young man with his hand on his chin
,1nhxrr2,0,https://preview.redd.it/1bezzyl23gpf1.png?width=763&format=png&auto=webp&s=0049775c91dd324867e38592e7a351908892c174,comment_text,embedded_link,,negpgei,two pictures of a man with a painting of his face
ThriftStoreHauls,1nhz23z,0,https://i.redd.it/hfzabjuueepf1.jpg?width=4032&format=pjpg&auto=webp&s=c16f2e250c1b357b777f28706a62ebb2e0c43b42,gallery,reddit_gallery,hfzabjuueepf1,,a calendar with the title nature's dongs
ThriftStoreHauls,1nhz23z,1,https://i.redd.it/akp92juueepf1.jpg?width=4032&format=pjpg&auto=webp&s=936ab3e3ac19d31923d12a09c3e5b67cb0853427,gallery,reddit_gallery,akp92juueepf1,,a calendar with pictures of animals and plants
ThriftStoreHauls,1nirfd7,0,https://i.redd.it/3jai4oefxkpf1.jpeg,post_url,direct_link,,,a miniature table with dogs playing poker
,1nirfd7,0,https://preview.redd.it/78f70uy3alpf1.jpeg?width=445&format=pjpg&auto=webp&s=38d8582aa7ad858484491a500c9a16cb5bec1291,comment_text,embedded_link,,nelb0q3,the simpsons is shown in a room with dogs and cats
ThriftStoreHauls,1nitbff,0,https://i.redd.it/189axseb9lpf1.jpg?width=3024&format=pjpg&auto=webp&s=8dbc10de09ad123a6c655f461b0936f330eb389e,gallery,reddit_gallery,189axseb9lpf1,,a yellow t - shirt with cartoon characters on it
ThriftStoreHauls,1nitbff,1,https://i.redd.it/mpkms0eb9lpf1.jpg?width=3024&format=pjpg&auto=webp&s=13607c4e34d4d9f4612641755011efb1944090e5,gallery,reddit_gallery,mpkms0eb9lpf1,,a t - shirt with a bear on it
ThriftStoreHauls,1nitbff,2,https://i.redd.it/niq1d7eb9lpf1.png?width=1170&format=png&auto=webp&s=4750a9bfb054704e077f6291f89455afe0820260,gallery,reddit_gallery,niq1d7eb9lpf1,,a shirt that says i have rabies on it
ThriftStoreHauls,1nitbff,3,https://i.redd.it/u48640eb9lpf1.jpg?width=3024&format=pjpg&auto=webp&s=ec7dfbf30f80bcb50ff564aa044c1df2083db569,gallery,reddit_gallery,u48640eb9lpf1,,ghostbusters t-shirt
ThriftStoreHauls,1nitbff,4,https://i.redd.it/wirsm0eb9lpf1.jpg?width=4032&format=pjpg&auto=webp&s=8b41a00ea0f6a463979000b3b9d3ebd55dcbf1c2,gallery,reddit_gallery,wirsm0eb9lpf1,,a shirt that says 100 % that witch on it
ThriftStoreHauls,1nitbff,5,https://i.redd.it/3ziyp0eb9lpf1.jpg?width=4032&format=pjpg&auto=webp&s=57b43e0d9ee0fc050d5b2da78ab834f8d5a21067,gallery,reddit_gallery,3ziyp0eb9lpf1,,a cat sitting on a table next to a pumpkin
ThriftStoreHauls,1nitbff,6,https://i.redd.it/dahxp0eb9lpf1.jpg?width=3024&format=pjpg&auto=webp&s=e90c9a2adf29d1f9dbf3e4e911c3e1571fcae967,gallery,reddit_gallery,dahxp0eb9lpf1,,a tie dye shirt with a dog on it
ThriftStoreHauls,1nihrjz,0,https://i.redd.it/wi72mgci5jpf1.jpg?width=720&format=pjpg&auto=webp&s=9bec966ace9e24fee5016273d64449993803ef6a,gallery,reddit_gallery,wi72mgci5jpf1,,a white cabinet with glass doors and drawers
ThriftStoreHauls,1nihrjz,1,https://i.redd.it/2tyjj9ij5jpf1.jpg?width=720&format=pjpg&auto=webp&s=76d744d7a3ea6bec0059237149c07cd728d0870e,gallery,reddit_gallery,2tyjj9ij5jpf1,,a lamp with a shade on the floor in a room
ThriftStoreHauls,1nihrjz,2,https://i.redd.it/1e9137zi5jpf1.jpg?width=720&format=pjpg&auto=webp&s=4a39c1abfabf0b2606efa5a156a94445c99a09ef,gallery,reddit_gallery,1e9137zi5jpf1,,a rice cooker sitting on a counter with a tissue
ThriftStoreHauls,1nin4mm,0,https://i.redd.it/wku752go4kpf1.jpg?width=4032&format=pjpg&auto=webp&s=d452dcb9f916b2064fa107d629df53ee28159929,gallery,reddit_gallery,wku752go4kpf1,,a wall with three framed pictures on it
ThriftStoreHauls,1nin4mm,1,https://i.redd.it/c7oqk2go4kpf1.jpg?width=4032&format=pjpg&auto=webp&s=64914d3e7078f51c38be958e1d33f0e4db815a21,gallery,reddit_gallery,c7oqk2go4kpf1,,a framed photo of a band playing in front of a wall
ThriftStoreHauls,1nin4mm,2,https://i.redd.it/jjxx12go4kpf1.jpg?width=4032&format=pjpg&auto=webp&s=18205d3d09b447233b32e39ab4cb0c2db079ab64,gallery,reddit_gallery,jjxx12go4kpf1,,a photo of the band in front of a wall
ThriftStoreHauls,1nin4mm,3,https://i.redd.it/muir92go4kpf1.jpg?width=4032&format=pjpg&auto=webp&s=9457310372181b4c45b3bf40c56f88e06ff65b06,gallery,reddit_gallery,muir92go4kpf1,,a framed photo of a group of men singing
ThriftStoreHauls,1nhzlop,0,https://i.redd.it/csbran7oiepf1.jpeg,post_url,direct_link,,,a light bulb on a snail shaped lamp
ThriftStoreHauls,1niwfuu,0,https://i.redd.it/zsaljgebwlpf1.jpeg,post_url,direct_link,,,a framed picture of a llama on a wall
ThriftStoreHauls,1ni34a3,0,https://i.redd.it/aq14vhbr9fpf1.jpg?width=2996&format=pjpg&auto=webp&s=c56e32136b80e5448065cba691ddadac96910cb9,gallery,reddit_gallery,aq14vhbr9fpf1,,a brown carhartt jacket laying on a bed
ThriftStoreHauls,1ni34a3,1,https://i.redd.it/1cr6scbr9fpf1.jpg?width=3024&format=pjpg&auto=webp&s=1b1a27278d89d68fa33e4b1a3e3d8d11bf1eacd3,gallery,reddit_gallery,1cr6scbr9fpf1,,a carhartt jacket sitting on a bed
ThriftStoreHauls,1nj41jd,0,https://i.redd.it/ms0sgdxtonpf1.jpg?width=3060&format=pjpg&auto=webp&s=d68f01e86fa7453e535f03b2ff3594391935dcb0,gallery,reddit_gallery,ms0sgdxtonpf1,,a person holding a record on a bed
ThriftStoreHauls,1nj41jd,1,https://i.redd.it/zin72t9uonpf1.jpg?width=1158&format=pjpg&auto=webp&s=3dbc7b9552c43257201f94a2addaa3302d1916e1,gallery,reddit_gallery,zin72t9uonpf1,,a record with a yellow label on it
ThriftStoreHauls,1nj41jd,2,https://i.redd.it/bie9gmjuonpf1.jpg?width=3060&format=pjpg&auto=webp&s=ae103963c307214dbe8f130d38c258450de00617,gallery,reddit_gallery,bie9gmjuonpf1,,a yellow disc with a picture of a person on it
ThriftStoreHauls,1ni0ssm,0,https://i.redd.it/wyblw04frepf1.jpg?width=3024&format=pjpg&auto=webp&s=2a35c2a2b5d14597e774af7ac7d046b36336ef0c,gallery,reddit_gallery,wyblw04frepf1,,a lion statue sitting on the floor next to a carpet
ThriftStoreHauls,1ni0ssm,1,https://i.redd.it/uasxjz3frepf1.jpg?width=3024&format=pjpg&auto=webp&s=e032217c1f6433aa6ee62ed5de8ffe29027cf07a,gallery,reddit_gallery,uasxjz3frepf1,,a ceramic lion statue sitting on the floor
ThriftStoreHauls,1ni0ssm,2,https://i.redd.it/w28l514frepf1.jpg?width=3024&format=pjpg&auto=webp&s=6e61aa05b6d7af630af8797782ba07851d2de49e,gallery,reddit_gallery,w28l514frepf1,,a lion statue sitting on a red basket
,1ni0ssm,0,https://preview.redd.it/2y8cj66xefpf1.jpeg?width=2252&format=pjpg&auto=webp&s=11b4fc2c9e7e73df7eefab435e20f11d7621d345,comment_text,embedded_link,,neg36i5,"a shelf with a lion statue, a violin, and a cello"
,1ni0ssm,0,https://preview.redd.it/61ny42urfgpf1.jpeg?width=3024&format=pjpg&auto=webp&s=5555cb8ad75859b0f7359a32d4f2be408768ffdf,comment_text,embedded_link,,negzazt,a brown leather chair
ThriftStoreHauls,1nifp94,0,https://i.redd.it/cvpc302zpipf1.jpeg,post_url,direct_link,,,a vintage red and white purse with a picture of a woman on it
ThriftStoreHauls,1nik2n9,0,https://i.redd.it/bly98cn6ljpf1.jpg?width=3024&format=pjpg&auto=webp&s=957ed05baa520f2d338fb5bb3b6309876dd8e669,gallery,reddit_gallery,bly98cn6ljpf1,,four wooden chairs sitting on the sidewalk
ThriftStoreHauls,1nik2n9,1,https://i.redd.it/qhn5wan6ljpf1.jpg?width=3024&format=pjpg&auto=webp&s=274fd347902633c1bd5ba3758f31729f4dc52ccc,gallery,reddit_gallery,qhn5wan6ljpf1,,a cat sitting on a table next to a foil wrapped package
ThriftStoreHauls,1nhzals,0,https://i.redd.it/jh14my0igepf1.jpg?width=3024&format=pjpg&auto=webp&s=8d575d1c2f0ac5a5ac8bbc819d405dfe40882cda,gallery,reddit_gallery,jh14my0igepf1,,a brown casserole dish on a floral patterned bed
ThriftStoreHauls,1nhzals,1,https://i.redd.it/5k4srv0igepf1.jpg?width=3024&format=pjpg&auto=webp&s=e9f1129237b20a0e10bb715b35d8d77f9400d474,gallery,reddit_gallery,5k4srv0igepf1,,a white plate with a black letter d on it
ThriftStoreHauls,1nhzals,2,https://i.redd.it/tl0p3w0igepf1.jpg?width=3024&format=pjpg&auto=webp&s=a81c504121b37047e271c9e104eda37e54fbfb29,gallery,reddit_gallery,tl0p3w0igepf1,,a black casserole dish on a floral patterned bed
ThriftStoreHauls,1nhzals,3,https://i.redd.it/6qxb8x0igepf1.jpg?width=3024&format=pjpg&auto=webp&s=540f86f4a6e18fd00bef2ab1ec6e066c951a6802,gallery,reddit_gallery,6qxb8x0igepf1,,a drawer filled with utensils
,1nhzals,0,https://preview.redd.it/l03ro3oeqepf1.jpeg?width=1125&format=pjpg&auto=webp&s=610bb6f7ad179c53feaa3d11d3be727ba02d9f3b,comment_text,embedded_link,,neffsd7,a large white enamel pot sitting on a floral patterned table
ThriftStoreHauls,1nitt1c,0,https://i.redd.it/rihf7rofdlpf1.jpeg,post_url,direct_link,,,a blue plastic table
ThriftStoreHauls,1ni2v5u,0,https://i.redd.it/c2wny0jp7fpf1.jpg?width=3000&format=pjpg&auto=webp&s=37cf571efe26f677997921d9221bc1607dfa3232,gallery,reddit_gallery,c2wny0jp7fpf1,,a person holding up a small star shaped lantern
ThriftStoreHauls,1ni2v5u,1,https://i.redd.it/rmakav4p7fpf1.jpg?width=3000&format=pjpg&auto=webp&s=76b9389e5abd48f8a161eefaaf4d1ae84ed56641,gallery,reddit_gallery,rmakav4p7fpf1,,a person holding up a star shaped hanging lamp
ThriftStoreHauls,1ni2v5u,2,https://i.redd.it/6rga6uqo7fpf1.jpg?width=3000&format=pjpg&auto=webp&s=d9a1518b0c1d9304aaa865435c899a06d9e7db54,gallery,reddit_gallery,6rga6uqo7fpf1,,a person holding a star shaped hanging light
ThriftStoreHauls,1nidp0r,0,https://i.redd.it/9d2unph77ipf1.jpeg,post_url,direct_link,,,a rocking chair with a floral patterned seat
ThriftStoreHauls,1nifgmj,0,https://i.redd.it/q7jsdse0oipf1.jpg?width=1080&format=pjpg&auto=webp&s=5eb02ac4a3d25012a4a4086935db03ead2ef26a8,gallery,reddit_gallery,q7jsdse0oipf1,,a vase on a stove top with a yellow liquid inside
ThriftStoreHauls,1nifgmj,1,https://i.redd.it/pa4wdre0oipf1.jpg?width=960&format=pjpg&auto=webp&s=628e5bdfccdd0651f1eecd72ea2f6fb76bb73be9,gallery,reddit_gallery,pa4wdre0oipf1,,a silver glass with flowers on top of a stove
ThriftStoreHauls,1nifgmj,2,https://i.redd.it/5byewte0oipf1.jpg?width=960&format=pjpg&auto=webp&s=12910a1abeb6032326d07993c57e755d7336d9a5,gallery,reddit_gallery,5byewte0oipf1,,a person holding a glass with a dragon on it
ThriftStoreHauls,1nifgmj,3,https://i.redd.it/n3x5daf0oipf1.jpg?width=4284&format=pjpg&auto=webp&s=08d6af5c99a542933f5cf57f88449c84b52ab862,gallery,reddit_gallery,n3x5daf0oipf1,,a person holding a plant in a vase on a window sill
ThriftStoreHauls,1nhrun9,0,https://i.redd.it/j2kv3v913dpf1.jpeg,post_url,direct_link,,,piss me off hoodie
ThriftStoreHauls,1ni30a4,0,https://i.redd.it/cade4tbv8fpf1.jpeg,post_url,direct_link,,,a pair of hiking boots on a bed
,1ni30a4,0,https://preview.redd.it/c5hev7yvbfpf1.jpeg?width=1284&format=pjpg&auto=webp&s=af0e65db3462fd54f39805839889e1cad8047a50,comment_text,embedded_link,,neg0935,a baby boy with a smile and a caption that says congratulations
ThriftStoreHauls,1nhzzcs,0,https://i.redd.it/9tvtvjodlepf1.jpeg,post_url,direct_link,,,"a kitchen counter with a grill, a stove, a table, and a chair"
,1nhzzcs,0,https://preview.redd.it/usjkf3ykkfpf1.jpeg?width=3024&format=pjpg&auto=webp&s=2a167e4c4ebeaba50145cf852095c82a90180192,comment_text,embedded_link,,neg8nlw,a glass display case with a variety of figurines
ThriftStoreHauls,1ni4qjt,0,https://i.redd.it/27j60mz0nfpf1.jpg?width=4284&format=pjpg&auto=webp&s=1ef7adba03fd94d29640d7429e42aeb7e3d06fc6,gallery,reddit_gallery,27j60mz0nfpf1,,a microscope in a box on a table
ThriftStoreHauls,1ni4qjt,1,https://i.redd.it/0c33joz0nfpf1.jpg?width=5712&format=pjpg&auto=webp&s=fc82321f03d512e5f82b419ba4c38de6e8183bf1,gallery,reddit_gallery,0c33joz0nfpf1,,a close up of a cell under a microscope
ThriftStoreHauls,1ni4qjt,2,https://i.redd.it/jqlrgkz0nfpf1.jpg?width=4284&format=pjpg&auto=webp&s=b41a878664c320172da2db3ee7986977fcdd3e69,gallery,reddit_gallery,jqlrgkz0nfpf1,,a circular view of a pink and white tissue
,1niz5ir,0,https://preview.redd.it/p0tn1t22ompf1.jpeg?width=1836&format=pjpg&auto=webp&s=fc9ccb7b2a55dfa2fde03a8d8aec72db72dd21e3,comment_text,embedded_link,,nemp00g,a plate with flowers on it sitting on a table
ThriftStoreHauls,1ni7phl,0,https://i.redd.it/6mbj2m0bdgpf1.jpg?width=4284&format=pjpg&auto=webp&s=a0f1139b0ff065799a05e61c107635cd8ec2be66,gallery,reddit_gallery,6mbj2m0bdgpf1,,a stuffed dinosaur in a shopping cart
ThriftStoreHauls,1ni7phl,1,https://i.redd.it/0k2zfp0bdgpf1.jpg?width=4284&format=pjpg&auto=webp&s=19dc2ac673ca6fd52965b787d7dce753f231b430,gallery,reddit_gallery,0k2zfp0bdgpf1,,a stuffed animal is sitting in the back seat of a car
ThriftStoreHauls,1ni7phl,2,https://i.redd.it/c57sgy0bdgpf1.jpg?width=4284&format=pjpg&auto=webp&s=56ed42cda029fa59fa8f6da1d48ae9b58c4d5700,gallery,reddit_gallery,c57sgy0bdgpf1,,a person holding a large stuffed dinosaur
ThriftStoreHauls,1nin3og,0,https://i.redd.it/pvmsynsd5kpf1.jpg?width=3024&format=pjpg&auto=webp&s=3d4eb09e6e078afda5e65a868ed458623cee24e9,gallery,reddit_gallery,pvmsynsd5kpf1,,two brass lamps sitting on a chair
ThriftStoreHauls,1nin3og,1,https://i.redd.it/jnngnlsd5kpf1.jpg?width=3024&format=pjpg&auto=webp&s=f779485849f2e579124897e465dd1011ef23fb8c,gallery,reddit_gallery,jnngnlsd5kpf1,,a pair of brass lamps on a table
ThriftStoreHauls,1nin3og,2,https://i.redd.it/r08wlmsd5kpf1.jpg?width=3024&format=pjpg&auto=webp&s=e44d41ec9baadbda38456dcce72f4b13d9245388,gallery,reddit_gallery,r08wlmsd5kpf1,,two brass lamps sitting on top of a table
ThriftStoreHauls,1ni67nf,0,https://i.redd.it/vxm2fwunzfpf1.jpg?width=5712&format=pjpg&auto=webp&s=f400d6971b2c8b3005966ee6d3133a6996205d79,gallery,reddit_gallery,vxm2fwunzfpf1,,a car seat with a bowl and a lamp on it
ThriftStoreHauls,1ni67nf,1,https://i.redd.it/f615ywunzfpf1.jpg?width=4284&format=pjpg&auto=webp&s=46f6f8a066f7c73558969fbfcbcd0b6176a793de,gallery,reddit_gallery,f615ywunzfpf1,,a lamp sitting on a table outside
ThriftStoreHauls,1ni67nf,2,https://i.redd.it/pu5a5jtnzfpf1.jpg?width=1440&format=pjpg&auto=webp&s=46d0672c24c4d0aab9e4e0f846cb4a84e39754bd,gallery,reddit_gallery,pu5a5jtnzfpf1,,a blue and gold pottery bowl sitting on a wooden stand
ThriftStoreHauls,1ni67nf,3,https://i.redd.it/mo8sg5vnzfpf1.jpg?width=4284&format=pjpg&auto=webp&s=104e00299f74064bd886cdecb2b5f4b73bd55d31,gallery,reddit_gallery,mo8sg5vnzfpf1,,a green glass vase sitting on a wooden table
ThriftStoreHauls,1nhzxjj,0,https://i.redd.it/n1sv7dzzkepf1.jpeg,post_url,direct_link,,,pokemon gold and silver adventure guide
ThriftStoreHauls,1ni6esa,0,https://i.redd.it/lljckaua1gpf1.jpeg,post_url,direct_link,,,a glass jar with a teapot on top of it
ThriftStoreHauls,1nhyih9,0,https://i.redd.it/fw6e8puqaepf1.jpg?width=4284&format=pjpg&auto=webp&s=190f0e01743dfb3e85a8279770a45c081158b504,gallery,reddit_gallery,fw6e8puqaepf1,,a sign that says stfd on it
ThriftStoreHauls,1nhyih9,1,https://i.redd.it/ufu7ifuqaepf1.jpg?width=4284&format=pjpg&auto=webp&s=a037120e47c03c48a666716efa8a8c86106eb48d,gallery,reddit_gallery,ufu7ifuqaepf1,,a sign that says slow down karen
ThriftStoreHauls,1ni3myn,0,https://i.redd.it/qfwosahxdfpf1.jpg?width=2727&format=pjpg&auto=webp&s=bfbcea4ca3fa073e0f5625e36c6a4fc5dca08559,gallery,reddit_gallery,qfwosahxdfpf1,,a white and black lamp with a flower design
ThriftStoreHauls,1ni3myn,1,https://i.redd.it/q4stk9hxdfpf1.jpg?width=2721&format=pjpg&auto=webp&s=113271d41188d65893b01a88924ca4276c1ed1f2,gallery,reddit_gallery,q4stk9hxdfpf1,,a white glass vase with a black base
ThriftStoreHauls,1nh6kzs,0,https://i.redd.it/3izt0dalv7pf1.jpg?width=3024&format=pjpg&auto=webp&s=ce57260fb3b7e1a09b74cbda1f6550f8b693e306,gallery,reddit_gallery,3izt0dalv7pf1,,a lamp shade made out of leather
ThriftStoreHauls,1nh6kzs,1,https://i.redd.it/sd1hgdalv7pf1.jpg?width=3024&format=pjpg&auto=webp&s=fe6ed7badad937b8b47f499682ad755a7a523774,gallery,reddit_gallery,sd1hgdalv7pf1,,a lamp with a flower pattern on it
,1nh6kzs,0,https://preview.redd.it/rc1municcfpf1.jpeg?width=1333&format=pjpg&auto=webp&s=4e8b5fbbc957f0024909a5c7ff4b5655c58b3d58,comment_text,embedded_link,,neg0ruz,a lamp shade with a flower design on it
ThriftStoreHauls,1ngzu35,0,https://i.redd.it/v5pydb94i6pf1.jpg?width=3024&format=pjpg&auto=webp&s=3ea7bd54cc8ef9cd745215d7835451f6b33c410b,gallery,reddit_gallery,v5pydb94i6pf1,,a red pan with a lid sitting on top of a car
ThriftStoreHauls,1ngzu35,1,https://i.redd.it/12w3po94i6pf1.jpg?width=3024&format=pjpg&auto=webp&s=78868febabd03c8d0bd6b366569ea568704e8a07,gallery,reddit_gallery,12w3po94i6pf1,,a variety of colorful pans and utensils on a table
ThriftStoreHauls,1ngzu35,2,https://i.redd.it/8ovgnd94i6pf1.jpg?width=3024&format=pjpg&auto=webp&s=d599bca3a9afb643dc99faf5f666b2894726e3ff,gallery,reddit_gallery,8ovgnd94i6pf1,,a yellow pan with a lid sitting on top of a car
ThriftStoreHauls,1ngzu35,3,https://i.redd.it/um6z3f94i6pf1.jpg?width=3024&format=pjpg&auto=webp&s=71923ee9b2131585d0cc6b954a811e60b1a38c60,gallery,reddit_gallery,um6z3f94i6pf1,,a car trunk filled with pots and pans
,1ngzu35,0,https://preview.redd.it/5iiuskdlo7pf1.jpeg?width=1057&format=pjpg&auto=webp&s=c0574b287d137ffccbe5edfd9fe6c4b457504958,comment_text,embedded_link,,ne95iec,"jesus, i see what you're doing, i get what you're doing, i get what you're doing, i get what you're"
ThriftStoreHauls,1nhtlmm,0,https://i.redd.it/thkysdpcedpf1.jpg?width=2866&format=pjpg&auto=webp&s=0ba1e32e33deaead60054e4899bc182d005e92b1,gallery,reddit_gallery,thkysdpcedpf1,,a pair of black shoes with embroidered roses on them
ThriftStoreHauls,1nhtlmm,1,https://i.redd.it/co57sdpcedpf1.jpg?width=2392&format=pjpg&auto=webp&s=159ef56ad3ed0110b2b84ad07294dc5a475ee3bc,gallery,reddit_gallery,co57sdpcedpf1,,a pair of black leather sandals with holes
ThriftStoreHauls,1nhtlmm,2,https://i.redd.it/14jp5lpcedpf1.jpg?width=855&format=pjpg&auto=webp&s=9c3f1e35edd0fb2d0f4a1dc8165d19486c27f90d,gallery,reddit_gallery,14jp5lpcedpf1,,a black vase with flowers on it
ThriftStoreHauls,1nhtlmm,3,https://i.redd.it/3v9eucpcedpf1.jpg?width=2705&format=pjpg&auto=webp&s=1bd1e79e8949f00d1aa4fd9ffe496820368b679b,gallery,reddit_gallery,3v9eucpcedpf1,,a man's striped shirt sitting on top of a shopping cart
ThriftStoreHauls,1nhtlmm,4,https://i.redd.it/zsdu1gpcedpf1.jpg?width=2621&format=pjpg&auto=webp&s=4e8f53d14325017af19c49a7150838125104533b,gallery,reddit_gallery,zsdu1gpcedpf1,,a sweater with a totoro on it
ThriftStoreHauls,1nhtlmm,5,https://i.redd.it/ftmivcpcedpf1.jpg?width=2279&format=pjpg&auto=webp&s=4434f28b1d235c8737475abc3698a5cc82c791b4,gallery,reddit_gallery,ftmivcpcedpf1,,a black and silver sequin top with a chevron pattern
ThriftStoreHauls,1nhtlmm,6,https://i.redd.it/mk72rlpcedpf1.jpg?width=1809&format=pjpg&auto=webp&s=deec8b8e9ebb71f5ac9a63770466ed17c9acdf34,gallery,reddit_gallery,mk72rlpcedpf1,,a blue turtle figurine sitting on a bathroom sink
ThriftStoreHauls,1nhtlmm,7,https://i.redd.it/whae9lpcedpf1.jpg?width=1864&format=pjpg&auto=webp&s=ee40aef35d56c6843004f6245dd681b9d0e48b9d,gallery,reddit_gallery,whae9lpcedpf1,,a large round stone with a brown and white color
ThriftStoreHauls,1nhtlmm,8,https://i.redd.it/o7c7nepcedpf1.jpg?width=2512&format=pjpg&auto=webp&s=e1d855fbecd1190621bba1c5567709e3a533e216,gallery,reddit_gallery,o7c7nepcedpf1,,a cup and saucer with a boy on it
ThriftStoreHauls,1nhtlmm,9,https://i.redd.it/y5kljepcedpf1.jpg?width=1988&format=pjpg&auto=webp&s=d769cf7414a6d6b0edbf6e79dd22449df0f45dd5,gallery,reddit_gallery,y5kljepcedpf1,,a colorful bowl with a flower design on it
ThriftStoreHauls,1nhtlmm,10,https://i.redd.it/bzg7fkpcedpf1.jpg?width=3024&format=pjpg&auto=webp&s=90f30af33a94905311300d49f847c12d53afad47,gallery,reddit_gallery,bzg7fkpcedpf1,,a white tutu is sitting on top of a blue and white striped blanket
ThriftStoreHauls,1nhtlmm,11,https://i.redd.it/f7aywdpcedpf1.jpg?width=3021&format=pjpg&auto=webp&s=3cab4680da58ac951c41e58363670ad97edae33e,gallery,reddit_gallery,f7aywdpcedpf1,,a jacket is sitting on top of a blue shopping cart
ThriftStoreHauls,1nhtlmm,12,https://i.redd.it/5g1upcpcedpf1.jpg?width=2730&format=pjpg&auto=webp&s=8f4715a69ec0b6077d8a30a6389c157409ce4465,gallery,reddit_gallery,5g1upcpcedpf1,,a colorful jacket with a pattern on it
ThriftStoreHauls,1nhtlmm,13,https://i.redd.it/l88u7epcedpf1.jpg?width=2054&format=pjpg&auto=webp&s=f63a6921bb47108a474b0eb3b8408c893b72a0b0,gallery,reddit_gallery,l88u7epcedpf1,,a glass ornament hanging from a string
ThriftStoreHauls,1nhtlmm,14,https://i.redd.it/i0szkdpcedpf1.jpg?width=2515&format=pjpg&auto=webp&s=b534f1800e6175421cf9009c0e881dc95e578f6f,gallery,reddit_gallery,i0szkdpcedpf1,,a purple sequinized skirt laying on a bed
ThriftStoreHauls,1nhtlmm,15,https://i.redd.it/w9v7ydpcedpf1.jpg?width=1912&format=pjpg&auto=webp&s=0d8198a6f0eb5309a321fd7d88b7443c207d834e,gallery,reddit_gallery,w9v7ydpcedpf1,,a blue turtle figurine with a colorful design
ThriftStoreHauls,1nhtlmm,16,https://i.redd.it/ft8xfopcedpf1.jpg?width=2491&format=pjpg&auto=webp&s=c5dc1ee2f7dbffa8a91a8a2b32c8f903161b4f92,gallery,reddit_gallery,ft8xfopcedpf1,,you're not really drinking alone if your dog is home
ThriftStoreHauls,1nhtlmm,17,https://i.redd.it/2ufmgdpcedpf1.jpg?width=2727&format=pjpg&auto=webp&s=4c101bc3ef645db32269fe77bb0074b780b202d1,gallery,reddit_gallery,2ufmgdpcedpf1,,a white bra with a blue and white striped cloth
ThriftStoreHauls,1nhtlmm,18,https://i.redd.it/k7zwkkpcedpf1.jpg?width=2542&format=pjpg&auto=webp&s=a2ef369b089f5fd71b61ebb46980d9d91e9974d6,gallery,reddit_gallery,k7zwkkpcedpf1,,a colorful vase with a black and white stripe
ThriftStoreHauls,1nhtlmm,19,https://i.redd.it/6vyfcqpcedpf1.jpg?width=3022&format=pjpg&auto=webp&s=8c80a0e533d0b2729adb00daaedb426f885430fa,gallery,reddit_gallery,6vyfcqpcedpf1,,a plate with a price tag on it sitting on a shelf
ThriftStoreHauls,1ni8f1w,0,https://i.redd.it/7z5llqhekgpf1.jpeg,post_url,direct_link,,,a figurine of a man standing next to a can of beer
ThriftStoreHauls,1ni18ah,0,https://i.redd.it/dtpzyq8quepf1.png?width=864&format=png&auto=webp&s=da01bfd17973350a9d37a20a95949f74b0d00d17,gallery,reddit_gallery,dtpzyq8quepf1,,a metal stand with two handles and a handle
ThriftStoreHauls,1ni18ah,1,https://i.redd.it/27ozlkiquepf1.png?width=864&format=png&auto=webp&s=2850346eece706e71282540aa571bd69814b72e8,gallery,reddit_gallery,27ozlkiquepf1,,a metal coat hanger with two hooks on it
ThriftStoreHauls,1ni18ah,2,https://i.redd.it/zno399equepf1.png?width=864&format=png&auto=webp&s=c1f8a2efaa2b835f6b95b76a0c3cb41577405957,gallery,reddit_gallery,zno399equepf1,,a gold cane holder with two handles
,1ni18ah,0,https://preview.redd.it/4jm8yg71hfpf1.png?width=1008&format=png&auto=webp&s=5c8bddb8d1ddd49935e16d21df9ae8ab255fa36f,comment_text,embedded_link,,neg56s8,a bunch of different types of metal stands
ThriftStoreHauls,1nhy4cf,0,https://i.redd.it/fgobmsl18epf1.jpg?width=3024&format=pjpg&auto=webp&s=ddb6d933c8f4895608677008dc74f34c69959ccd,gallery,reddit_gallery,fgobmsl18epf1,,a red and white ceramic dish with a wave shape
ThriftStoreHauls,1nhy4cf,1,https://i.redd.it/r8ko5tl18epf1.jpg?width=3024&format=pjpg&auto=webp&s=34a150af785409e4ab01067e1ac6c553e926cb0d,gallery,reddit_gallery,r8ko5tl18epf1,,a large red ceramic plate with a leaf design
ThriftStoreHauls,1nhip9w,0,https://i.redd.it/t4hskv898bpf1.jpg?width=1272&format=pjpg&auto=webp&s=712a4cb38b56e612be9f80f925303646a1916e0c,gallery,reddit_gallery,t4hskv898bpf1,,"salvador dali, 'the shell and the turtle', oil on canvas, 1950"
ThriftStoreHauls,1nhip9w,1,https://i.redd.it/hebt88998bpf1.jpg?width=4284&format=pjpg&auto=webp&s=87fc38d7e893b5101e9983c89c0eae4e06ac8593,gallery,reddit_gallery,hebt88998bpf1,,a framed painting of birds in a gold frame
ThriftStoreHauls,1nhip9w,2,https://i.redd.it/qqr2y9998bpf1.jpg?width=4284&format=pjpg&auto=webp&s=f064ec4c1a5a5aaec1fb95dc4f7e0404807fab11,gallery,reddit_gallery,qqr2y9998bpf1,,a painting of birds with feathers on the wall
,1nhip9w,0,https://preview.redd.it/hm3brdcjoepf1.jpeg?width=1273&format=pjpg&auto=webp&s=c8ed20f87cb2027f0ecc20bfd649457755ccd00b,comment_text,embedded_link,,nefe4oj,"salvador dali, 'the horse and the sun', signed and dated,"
ThriftStoreHauls,1ni5i84,0,https://i.redd.it/sxn0g4igtfpf1.jpeg,post_url,direct_link,,,a pair of green boots sitting on the seat of a car
ThriftStoreHauls,1nhbthl,0,https://i.redd.it/6yq5nqa059pf1.jpeg,post_url,direct_link,,,a cat in a stroller
,1nhbthl,0,https://preview.redd.it/oso33j61b9pf1.jpeg?width=2252&format=pjpg&auto=webp&s=744f3f13b981f0063a35f82135d7f238ba50c54f,comment_text,embedded_link,,nealhk9,a dog in a blue stroller with a window
ThriftStoreHauls,1nhznav,0,https://i.redd.it/yd0ludpziepf1.jpeg,post_url,direct_link,,,the sims 2 and zoo tycoon
ThriftStoreHauls,1ni882t,0,https://i.redd.it/t0pixxleigpf1.jpeg,post_url,direct_link,,,a stuffed animal with a colorful wig and sequined skirt
ThriftStoreHauls,1nh22qn,0,https://i.redd.it/9953bwonx6pf1.jpg?width=4080&format=pjpg&auto=webp&s=fe80d2498ccced6487d91602c7f5b8cd7de50ca8,gallery,reddit_gallery,9953bwonx6pf1,,a white and red box with a red and blue logo on it
ThriftStoreHauls,1nh22qn,1,https://i.redd.it/42dnjs3ox6pf1.jpg?width=3060&format=pjpg&auto=webp&s=d2ccdabc60f230c02e0fd9adaedfd971fdc0f238,gallery,reddit_gallery,42dnjs3ox6pf1,,a person holding a smart watch in their hand
ThriftStoreHauls,1nh22qn,2,https://i.redd.it/sdy38y9ox6pf1.jpg?width=3060&format=pjpg&auto=webp&s=f68dff3c0b6b443e809e7960ef4ffb14d3677984,gallery,reddit_gallery,sdy38y9ox6pf1,,garmin fenix 5s review
ThriftStoreHauls,1nh22qn,3,https://i.redd.it/keod50wnx6pf1.jpg?width=3060&format=pjpg&auto=webp&s=fab683c5145942c74ebd8be00a4c4ffc05d9f1ac,gallery,reddit_gallery,keod50wnx6pf1,,a watch and a watch case in a case
ThriftStoreHauls,1ni6n9y,0,https://i.redd.it/lg05j9tf3gpf1.jpg?width=3024&format=pjpg&auto=webp&s=a9c290b915561017ad08e795775ee7ef25557c0d,gallery,reddit_gallery,lg05j9tf3gpf1,,a framed picture of a lake with a duck in it
ThriftStoreHauls,1ni6n9y,1,https://i.redd.it/vg19f9tf3gpf1.jpg?width=3024&format=pjpg&auto=webp&s=c185821bf22d64cacd96356f1bdb68873e9cdc57,gallery,reddit_gallery,vg19f9tf3gpf1,,a framed painting of horses in a car
ThriftStoreHauls,1ni6n9y,2,https://i.redd.it/7t9mz9tf3gpf1.jpg?width=3024&format=pjpg&auto=webp&s=bb2051672db8b2238a51735291d1e9036b99b481,gallery,reddit_gallery,7t9mz9tf3gpf1,,a man holding a book with a picture of a man on it
ThriftStoreHauls,1nhv50w,0,https://i.redd.it/fqzhfc0codpf1.jpg?width=3024&format=pjpg&auto=webp&s=e3ce0597b77da2f0ee0014639c5a6fee93403104,gallery,reddit_gallery,fqzhfc0codpf1,,a person holding a metal pan with a wooden handle
ThriftStoreHauls,1nhv50w,1,https://i.redd.it/d8iptc0codpf1.jpg?width=3024&format=pjpg&auto=webp&s=4ee9e59a18230e3f4bd125d8013d41cf4d260b61,gallery,reddit_gallery,d8iptc0codpf1,,a metal pan with a handle on top
ThriftStoreHauls,1nhv50w,2,https://i.redd.it/j4uu510codpf1.jpg?width=3024&format=pjpg&auto=webp&s=0575791b3c49741072706dd4c8e5f9938ea83561,gallery,reddit_gallery,j4uu510codpf1,,a person holding a pan with a metal handle
ThriftStoreHauls,1nhudw5,0,https://i.redd.it/c3va3l5kjdpf1.jpg?width=3000&format=pjpg&auto=webp&s=35a0d507a1fb84fce4f873050c91f700f94adbb6,gallery,reddit_gallery,c3va3l5kjdpf1,,a woman in an orange dress taking a selfie in front of a mirror
ThriftStoreHauls,1nhudw5,1,https://i.redd.it/781jex2kjdpf1.jpg?width=3000&format=pjpg&auto=webp&s=189bf513a1211dfa8a422c497df3859a1661d850,gallery,reddit_gallery,781jex2kjdpf1,,a woman in an orange dress taking a selfie in front of a mirror
ThriftStoreHauls,1ni559t,0,https://i.redd.it/xnnqlircqfpf1.jpeg,post_url,direct_link,,,a cross stitch of the last supper is hanging on the wall
ThriftStoreHauls,1nht875,0,https://i.redd.it/4caj7idzbdpf1.jpg?width=3024&format=pjpg&auto=webp&s=66cefe548c30b846401c3c1db52a0771cfb5b8ec,gallery,reddit_gallery,4caj7idzbdpf1,,a person holding a pan with a handle on it
ThriftStoreHauls,1nht875,1,https://i.redd.it/1ai3fbdzbdpf1.jpg?width=1576&format=pjpg&auto=webp&s=17b308fb598be07dcf44687c0f85c864a11b123a,gallery,reddit_gallery,1ai3fbdzbdpf1,,a person holding a knife and a frying pan with a receipt
,1nii2tj,0,https://preview.redd.it/ldx8p5w1ljpf1.png?width=3000&format=png&auto=webp&s=dc131f7c6bbfbc8c0ef8bfa0df2aaf78872eaac4,comment_text,embedded_link,,nejbhzk,two pictures of a man in a hat and a man in a black shirt
ThriftStoreHauls,1nhvx2o,0,https://i.redd.it/aso9fhcyrdpf1.jpeg,post_url,direct_link,,,a white counter with a toy star wars vehicle
ThriftStoreHauls,1nhydqx,0,https://i.redd.it/70mnqoht9epf1.jpg?width=3000&format=pjpg&auto=webp&s=9f2c37aa3a9d9ba5f837ee1c9509819846a44532,gallery,reddit_gallery,70mnqoht9epf1,,a person holding a coffee mug with words on it
ThriftStoreHauls,1nhydqx,1,https://i.redd.it/azwfjept9epf1.jpg?width=3000&format=pjpg&auto=webp&s=b634c0cff16589683d5b13b3fbd2e7a2b28050d1,gallery,reddit_gallery,azwfjept9epf1,,a person holding a cup with words on it
ThriftStoreHauls,1nhydqx,2,https://i.redd.it/ko790z3u9epf1.jpg?width=3000&format=pjpg&auto=webp&s=f4d933c7b078264f71ee73f29a418f455b10087f,gallery,reddit_gallery,ko790z3u9epf1,,a person holding a coffee mug with words on it
ThriftStoreHauls,1nhydqx,3,https://i.redd.it/14kp5eyt9epf1.jpg?width=3000&format=pjpg&auto=webp&s=7e57adccbed69affd1808408fe8e777a203c0db8,gallery,reddit_gallery,14kp5eyt9epf1,,a person holding a coffee mug with words on it
ThriftStoreHauls,1nhydqx,4,https://i.redd.it/3uhbr2ut9epf1.jpg?width=3000&format=pjpg&auto=webp&s=65abb9195546f00940e8b3ea89193e7fe761900b,gallery,reddit_gallery,3uhbr2ut9epf1,,a person holding a coffee mug with a quote on it
ThriftStoreHauls,1ni0d8c,0,https://i.redd.it/77nmg9f5oepf1.jpeg,post_url,direct_link,,,a painting of a mountain road
ThriftStoreHauls,1nhqxno,0,https://i.redd.it/kslhhrn2xcpf1.jpeg,post_url,direct_link,,,a person holding up a book with the words in word on it
ThriftStoreHauls,1ni3jsn,0,https://i.redd.it/7acdkf77dfpf1.jpg?width=2362&format=pjpg&auto=webp&s=afe1adca7ccca2d9983a6c96f690792b3f2cf0ea,gallery,reddit_gallery,7acdkf77dfpf1,,a close up of three baseball tickets on a table
ThriftStoreHauls,1ni3jsn,1,https://i.redd.it/82ke7sn6dfpf1.jpg?width=2168&format=pjpg&auto=webp&s=70ca2c4eede36b4197cc91de86a59629b6de475d,gallery,reddit_gallery,82ke7sn6dfpf1,,a variety of tickets and lanyards are laid out on a table
ThriftStoreHauls,1ni3jsn,2,https://i.redd.it/rw9oedj7dfpf1.jpg?width=3072&format=pjpg&auto=webp&s=11a6dd15f3b1c38a7d2fbcabaef592430a1042ab,gallery,reddit_gallery,rw9oedj7dfpf1,,a ticket and lanyard for a baseball game
ThriftStoreHauls,1ni3jsn,3,https://i.redd.it/lu0nyew6dfpf1.jpg?width=3072&format=pjpg&auto=webp&s=6beca9983f8e29e9c8ff25ebdc933a8572c2a52b,gallery,reddit_gallery,lu0nyew6dfpf1,,a table with several tickets and lanyards
ThriftStoreHauls,1ni3jsn,4,https://i.redd.it/hnwjffa7dfpf1.jpg?width=3072&format=pjpg&auto=webp&s=bd8489ce3c767796c65601b27348c9048cfa2bde,gallery,reddit_gallery,hnwjffa7dfpf1,,a baseball card with a lanyard attached to it
ThriftStoreHauls,1ni3jsn,5,https://i.redd.it/w5vwfor6dfpf1.jpg?width=2682&format=pjpg&auto=webp&s=78dacda4faebf01884ceaac309e798e4c5d7b30b,gallery,reddit_gallery,w5vwfor6dfpf1,,a collection of baseball tickets and other items
ThriftStoreHauls,1ni3jsn,6,https://i.redd.it/krp9m6s7dfpf1.jpg?width=3072&format=pjpg&auto=webp&s=c137589d6b5b0b3b1946aefc096b98ffddcaa868,gallery,reddit_gallery,krp9m6s7dfpf1,,a red ribbon on a ticket
ThriftStoreHauls,1ni3jsn,7,https://i.redd.it/g8gytu17dfpf1.jpg?width=4080&format=pjpg&auto=webp&s=7b6fce71dc14d0d5eb59f921233861576d44f6ed,gallery,reddit_gallery,g8gytu17dfpf1,,a collection of baseball tickets and other items
ThriftStoreHauls,1ni3jsn,8,https://i.redd.it/7vychn08dfpf1.jpg?width=3072&format=pjpg&auto=webp&s=a24f3dc3bb480cb4deda46e2eddc0641fc67f20a,gallery,reddit_gallery,7vychn08dfpf1,,a close up of a set of baseball tickets
ThriftStoreHauls,1nhz911,0,https://i.redd.it/kavl1en7gepf1.jpg?width=3060&format=pjpg&auto=webp&s=24c6b7b617d0a0793dfb4eea971bad6aebaf63bf,gallery,reddit_gallery,kavl1en7gepf1,,a person holding a card in the car
ThriftStoreHauls,1nhz911,1,https://i.redd.it/ldr58bk7gepf1.jpg?width=3060&format=pjpg&auto=webp&s=6c617540d19317b020b7d57dd9d878e6892b9856,gallery,reddit_gallery,ldr58bk7gepf1,,a person holding a cd with the words rockabye baby
ThriftStoreHauls,1nhz911,2,https://i.redd.it/evbehci7gepf1.jpg?width=3060&format=pjpg&auto=webp&s=75417c1378ac5070fedd5ea16b8c8699522e922c,gallery,reddit_gallery,evbehci7gepf1,,rockabye baby - ubuvida - ubuvida
ThriftStoreHauls,1nh894c,0,https://i.redd.it/ncbur9jm98pf1.jpeg,post_url,direct_link,,,front line assembly - caustic grip
ThriftStoreHauls,1nhzh56,0,https://i.redd.it/dfmyb2kihepf1.jpeg,post_url,direct_link,,,a recliner chair and footstool in a room
ThriftStoreHauls,1nhv8yg,0,https://i.redd.it/61vyctvzodpf1.jpeg,post_url,direct_link,,,a man in a tuxedo standing in a store
